[
    {
        "id": 0,
        "keypoints3d": [
          [ 1.036, -1.320,  1.576,  0.882], 
          [ 1.130, -1.399,  1.388,  0.863], 
          [ 1.246, -1.288,  1.391,  0.819], 
          [ 1.140, -1.155,  1.185,  0.845], 
          [ 0.970, -1.351,  1.203,  0.820], 
          [ 0.990, -1.505,  1.381,  0.823], 
          [ 0.897, -1.429,  1.148,  0.854], 
          [ 1.067, -1.235,  1.178,  0.763], 
          [ 1.088, -1.352,  0.865,  0.724], 
          [ 1.148, -1.270,  0.869,  0.712], 
          [ 1.180, -1.301,  0.477,  0.771], 
          [ 1.238, -1.348,  0.091,  0.779], 
          [ 1.020, -1.425,  0.862,  0.709], 
          [ 1.039, -1.434,  0.474,  0.663], 
          [ 1.074, -1.466,  0.104,  0.840], 
          [ 1.077, -1.299,  1.613,  0.818], 
          [ 1.015, -1.360,  1.603,  0.878], 
          [ 1.172, -1.330,  1.607,  0.833], 
          [ 1.047, -1.452,  1.582,  0.856], 
          [ 0.974, -1.355,  0.059,  0.714], 
          [ 0.957, -1.429,  0.062,  0.715], 
          [ 1.103, -1.486,  0.050,  0.701], 
          [ 1.108, -1.242,  0.057,  0.818], 
          [ 1.176, -1.218,  0.052,  0.802], 
          [ 1.251, -1.382,  0.050,  0.660]
        ]
    },
    {
        "id": 2,
        "keypoints3d": [
          [-0.191,  1.016,  1.499,  0.818], 
          [-0.207,  1.178,  1.301,  0.869], 
          [-0.363,  1.138,  1.316,  0.873], 
          [-0.468,  1.166,  1.081,  0.833], 
          [-0.504,  1.089,  0.871,  0.873], 
          [-0.068,  1.214,  1.288,  0.842], 
          [-0.010,  1.254,  1.047,  0.822], 
          [ 0.017,  1.193,  0.838,  0.858], 
          [-0.237,  1.159,  0.786,  0.761], 
          [-0.339,  1.131,  0.791,  0.748], 
          [-0.385,  1.122,  0.439,  0.844], 
          [-0.473,  1.154,  0.091,  0.842], 
          [-0.139,  1.188,  0.780,  0.757], 
          [-0.166,  1.198,  0.436,  0.782], 
          [-0.166,  1.218,  0.088,  0.839], 
          [-0.233,  1.041,  1.542,  0.811], 
          [-0.157,  1.053,  1.539,  0.902], 
          [-0.271,  1.133,  1.521,  0.856], 
          [-0.107,  1.141,  1.509,  0.861], 
          [-0.066,  1.129,  0.037,  0.661], 
          [-0.060,  1.161,  0.043,  0.691], 
          [-0.194,  1.231,  0.039,  0.736], 
          [-0.472,  1.000,  0.047,  0.757], 
          [-0.515,  1.030,  0.049,  0.740], 
          [-0.473,  1.193,  0.046,  0.801]
        ]
    },
    {
        "id": 4,
        "keypoints3d": [
          [-1.001, -1.194,  1.550,  0.895], 
          [-1.070, -1.301,  1.357,  0.884], 
          [-0.935, -1.382,  1.348,  0.852], 
          [-0.944, -1.458,  1.088,  0.768], 
          [-0.994, -1.449,  0.903,  0.753], 
          [-1.221, -1.213,  1.364,  0.868], 
          [-1.272, -1.260,  1.105,  0.760], 
          [-1.230, -1.346,  0.913,  0.757], 
          [-1.061, -1.282,  0.846,  0.767], 
          [-0.975, -1.328,  0.840,  0.744], 
          [-0.972, -1.353,  0.441,  0.797], 
          [-0.987, -1.398,  0.088,  0.852], 
          [-1.149, -1.240,  0.847,  0.757], 
          [-1.156, -1.237,  0.459,  0.838], 
          [-1.229, -1.296,  0.082,  0.848], 
          [-0.977, -1.232,  1.571,  0.800], 
          [-1.031, -1.187,  1.582,  0.845], 
          [-0.964, -1.324,  1.538,  0.769], 
          [-1.117, -1.227,  1.568,  0.889], 
          [-1.192, -1.140,  0.035,  0.747], 
          [-1.236, -1.162,  0.039,  0.789], 
          [-1.256, -1.327,  0.038,  0.732], 
          [-0.875, -1.303,  0.056,  0.759], 
          [-0.865, -1.350,  0.058,  0.747], 
          [-1.023, -1.415,  0.051,  0.787]
        ]
    },
    {
        "id": 6,
        "keypoints3d": [
          [-0.304,  0.213,  1.071,  0.860], 
          [-0.184,  0.048,  0.923,  0.839], 
          [-0.037,  0.116,  0.917,  0.797], 
          [ 0.112,  0.019,  0.698,  0.802], 
          [ 0.023,  0.198,  0.640,  0.883], 
          [-0.331,  0.002,  0.944,  0.831], 
          [-0.472, -0.150,  0.759,  0.752], 
          [-0.518,  0.030,  0.639,  0.845], 
          [-0.232,  0.055,  0.491,  0.707], 
          [-0.140,  0.101,  0.502,  0.685], 
          [-0.337,  0.478,  0.565,  0.888], 
          [-0.275,  0.465,  0.165,  0.802], 
          [-0.341,  0.023,  0.490,  0.649], 
          [-0.550,  0.393,  0.505,  0.826], 
          [-0.383,  0.403,  0.156,  0.702], 
          [-0.272,  0.220,  1.101,  0.827], 
          [-0.304,  0.169,  1.117,  0.841], 
          [-0.201,  0.226,  1.092,  0.658], 
          [-0.269,  0.085,  1.120,  0.690], 
          [-0.463,  0.486,  0.079,  0.768], 
          [-0.458,  0.423,  0.070,  0.812], 
          [-0.290,  0.381,  0.081,  0.565], 
          [-0.392,  0.581,  0.141,  0.693], 
          [-0.339,  0.596,  0.142,  0.703], 
          [-0.250,  0.439,  0.111,  0.716]
        ]
    }
]
