[
    {
        "id": 0,
        "keypoints3d": [
          [-1.024, -1.180,  1.553,  0.877], 
          [-1.095, -1.297,  1.358,  0.859], 
          [-0.965, -1.365,  1.356,  0.867], 
          [-0.966, -1.441,  1.080,  0.814], 
          [-1.005, -1.436,  0.902,  0.714], 
          [-1.243, -1.208,  1.360,  0.868], 
          [-1.299, -1.264,  1.105,  0.802], 
          [-1.212, -1.359,  0.889,  0.659], 
          [-1.086, -1.277,  0.834,  0.757], 
          [-0.999, -1.321,  0.831,  0.752], 
          [-0.985, -1.350,  0.444,  0.802], 
          [-0.985, -1.398,  0.090,  0.855], 
          [-1.172, -1.233,  0.839,  0.735], 
          [-1.181, -1.245,  0.458,  0.846], 
          [-1.234, -1.295,  0.088,  0.849], 
          [-1.007, -1.217,  1.578,  0.831], 
          [-1.069, -1.176,  1.584,  0.827], 
          [-1.012, -1.310,  1.547,  0.740], 
          [-1.142, -1.229,  1.567,  0.854], 
          [-1.193, -1.143,  0.037,  0.771], 
          [-1.239, -1.163,  0.043,  0.795], 
          [-1.251, -1.330,  0.036,  0.730], 
          [-0.873, -1.301,  0.062,  0.743], 
          [-0.861, -1.348,  0.061,  0.735], 
          [-1.018, -1.415,  0.054,  0.789]
        ]
    },
    {
        "id": 2,
        "keypoints3d": [
          [-0.239,  1.030,  1.485,  0.839], 
          [-0.201,  1.176,  1.301,  0.879], 
          [-0.349,  1.139,  1.317,  0.871], 
          [-0.452,  1.164,  1.087,  0.819], 
          [-0.487,  1.094,  0.871,  0.836], 
          [-0.054,  1.209,  1.287,  0.839], 
          [ 0.002,  1.252,  1.047,  0.833], 
          [ 0.025,  1.193,  0.841,  0.857], 
          [-0.227,  1.158,  0.790,  0.773], 
          [-0.328,  1.131,  0.798,  0.755], 
          [-0.373,  1.114,  0.446,  0.781], 
          [-0.469,  1.152,  0.092,  0.843], 
          [-0.132,  1.188,  0.787,  0.759], 
          [-0.159,  1.204,  0.436,  0.777], 
          [-0.167,  1.218,  0.087,  0.849], 
          [-0.266,  1.067,  1.522,  0.816], 
          [-0.185,  1.062,  1.532,  0.817], 
          [-0.266,  1.136,  1.519,  0.842], 
          [-0.103,  1.146,  1.506,  0.837], 
          [-0.059,  1.132,  0.045,  0.723], 
          [-0.054,  1.163,  0.046,  0.687], 
          [-0.194,  1.232,  0.038,  0.737], 
          [-0.470,  1.008,  0.042,  0.712], 
          [-0.515,  1.038,  0.045,  0.716], 
          [-0.467,  1.186,  0.048,  0.805]
        ]
    },
    {
        "id": 4,
        "keypoints3d": [
          [ 1.041, -1.318,  1.579,  0.889], 
          [ 1.127, -1.395,  1.390,  0.875], 
          [ 1.235, -1.280,  1.396,  0.844], 
          [ 1.136, -1.156,  1.182,  0.812], 
          [ 0.969, -1.350,  1.201,  0.825], 
          [ 0.986, -1.498,  1.382,  0.838], 
          [ 0.904, -1.434,  1.147,  0.870], 
          [ 1.077, -1.239,  1.177,  0.780], 
          [ 1.085, -1.347,  0.868,  0.758], 
          [ 1.144, -1.264,  0.875,  0.759], 
          [ 1.179, -1.300,  0.480,  0.780], 
          [ 1.238, -1.349,  0.089,  0.864], 
          [ 1.019, -1.427,  0.862,  0.732], 
          [ 1.036, -1.435,  0.474,  0.709], 
          [ 1.073, -1.467,  0.098,  0.840], 
          [ 1.075, -1.295,  1.615,  0.818], 
          [ 1.011, -1.355,  1.608,  0.885], 
          [ 1.172, -1.329,  1.608,  0.819], 
          [ 1.033, -1.449,  1.583,  0.853], 
          [ 0.974, -1.355,  0.059,  0.712], 
          [ 0.957, -1.431,  0.059,  0.714], 
          [ 1.104, -1.487,  0.049,  0.698], 
          [ 1.114, -1.246,  0.049,  0.731], 
          [ 1.181, -1.222,  0.047,  0.731], 
          [ 1.250, -1.387,  0.045,  0.665]
        ]
    },
    {
        "id": 6,
        "keypoints3d": [
          [-0.355,  0.218,  1.058,  0.822], 
          [-0.207,  0.082,  0.929,  0.860], 
          [-0.063,  0.151,  0.918,  0.813], 
          [ 0.110,  0.067,  0.705,  0.821], 
          [-0.025,  0.232,  0.625,  0.836], 
          [-0.336,  0.013,  0.943,  0.848], 
          [-0.457, -0.171,  0.769,  0.862], 
          [-0.529,  0.017,  0.658,  0.758], 
          [-0.224,  0.035,  0.450,  0.682], 
          [-0.118,  0.087,  0.453,  0.672], 
          [-0.387,  0.467,  0.543,  0.845], 
          [-0.298,  0.466,  0.127,  0.718], 
          [-0.331, -0.010,  0.459,  0.680], 
          [-0.592,  0.353,  0.535,  0.761], 
          [-0.453,  0.387,  0.148,  0.662], 
          [-0.339,  0.245,  1.078,  0.828], 
          [-0.351,  0.184,  1.086,  0.835], 
          [-0.247,  0.261,  1.069,  0.678], 
          [-0.300,  0.123,  1.119,  0.721], 
          [-0.556,  0.473,  0.092,  0.792], 
          [-0.566,  0.409,  0.092,  0.852], 
          [-0.372,  0.389,  0.082,  0.685], 
          [-0.422,  0.573,  0.094,  0.735], 
          [-0.377,  0.585,  0.098,  0.738], 
          [-0.270,  0.443,  0.070,  0.583]
        ]
    }
]
