[
    {
        "id": 0,
        "keypoints3d": [
          [-0.236,  1.017,  1.492,  0.887], 
          [-0.280,  1.182,  1.302,  0.883], 
          [-0.418,  1.126,  1.306,  0.875], 
          [-0.521,  1.138,  1.064,  0.822], 
          [-0.553,  1.065,  0.853,  0.789], 
          [-0.141,  1.234,  1.294,  0.852], 
          [-0.077,  1.280,  1.064,  0.821], 
          [-0.010,  1.242,  0.845,  0.837], 
          [-0.287,  1.170,  0.794,  0.766], 
          [-0.379,  1.131,  0.795,  0.758], 
          [-0.412,  1.146,  0.436,  0.797], 
          [-0.468,  1.156,  0.095,  0.800], 
          [-0.187,  1.201,  0.787,  0.754], 
          [-0.195,  1.208,  0.438,  0.820], 
          [-0.170,  1.223,  0.095,  0.798], 
          [-0.266,  1.038,  1.519,  0.847], 
          [-0.193,  1.051,  1.527,  0.751], 
          [-0.348,  1.112,  1.518,  0.891], 
          [-0.185,  1.152,  1.520,  0.846], 
          [-0.059,  1.126,  0.042,  0.735], 
          [-0.054,  1.170,  0.055,  0.707], 
          [-0.193,  1.232,  0.051,  0.711], 
          [-0.464,  1.016,  0.048,  0.696], 
          [-0.497,  1.039,  0.050,  0.695], 
          [-0.474,  1.190,  0.050,  0.728]
        ]
    },
    {
        "id": 2,
        "keypoints3d": [
          [-0.962, -1.178,  1.513,  0.815], 
          [-1.043, -1.304,  1.346,  0.863], 
          [-0.901, -1.406,  1.344,  0.843], 
          [-0.912, -1.483,  1.084,  0.765], 
          [-0.933, -1.487,  0.910,  0.744], 
          [-1.169, -1.218,  1.347,  0.846], 
          [-1.213, -1.261,  1.079,  0.815], 
          [-1.128, -1.392,  0.872,  0.712], 
          [-1.002, -1.317,  0.828,  0.758], 
          [-0.914, -1.372,  0.822,  0.746], 
          [-0.933, -1.380,  0.446,  0.800], 
          [-0.979, -1.397,  0.099,  0.829], 
          [-1.074, -1.255,  0.833,  0.743], 
          [-1.079, -1.220,  0.471,  0.798], 
          [-1.227, -1.296,  0.094,  0.860], 
          [-0.938, -1.211,  1.548,  0.799], 
          [-1.014, -1.186,  1.553,  0.793], 
          [-0.940, -1.306,  1.536,  0.765], 
          [-1.089, -1.232,  1.544,  0.849], 
          [-1.203, -1.149,  0.038,  0.751], 
          [-1.252, -1.162,  0.046,  0.795], 
          [-1.246, -1.335,  0.053,  0.732], 
          [-0.868, -1.300,  0.053,  0.753], 
          [-0.861, -1.356,  0.055,  0.730], 
          [-1.020, -1.419,  0.059,  0.701]
        ]
    },
    {
        "id": 4,
        "keypoints3d": [
          [-0.245,  0.088,  1.091,  0.760], 
          [-0.374,  0.022,  0.910,  0.845], 
          [-0.367, -0.136,  0.910,  0.823], 
          [-0.425, -0.300,  0.699,  0.688], 
          [-0.188, -0.246,  0.658,  0.710], 
          [-0.389,  0.173,  0.920,  0.803], 
          [-0.472,  0.370,  0.736,  0.888], 
          [-0.229,  0.340,  0.676,  0.792], 
          [-0.306,  0.047,  0.456,  0.696], 
          [-0.294, -0.062,  0.459,  0.670], 
          [ 0.178,  0.009,  0.541,  0.852], 
          [ 0.182, -0.131,  0.161,  0.807], 
          [-0.312,  0.157,  0.460,  0.674], 
          [ 0.151,  0.208,  0.528,  0.773], 
          [ 0.222,  0.097,  0.131,  0.714], 
          [-0.246,  0.042,  1.120,  0.782], 
          [-0.290,  0.090,  1.113,  0.779], 
          [-0.297, -0.033,  1.107,  0.776], 
          [-0.376,  0.083,  1.115,  0.814], 
          [ 0.387,  0.036,  0.095,  0.711], 
          [ 0.359,  0.107,  0.078,  0.613], 
          [ 0.204,  0.082,  0.090,  0.609], 
          [ 0.374, -0.114,  0.141,  0.629], 
          [ 0.335, -0.166,  0.128,  0.625], 
          [ 0.162, -0.145,  0.117,  0.643]
        ]
    },
    {
        "id": 6,
        "keypoints3d": [
          [ 1.048, -1.329,  1.588,  0.871], 
          [ 1.129, -1.403,  1.392,  0.884], 
          [ 1.240, -1.287,  1.393,  0.860], 
          [ 1.142, -1.162,  1.190,  0.801], 
          [ 0.963, -1.351,  1.195,  0.801], 
          [ 0.988, -1.503,  1.384,  0.882], 
          [ 0.897, -1.435,  1.148,  0.864], 
          [ 1.069, -1.242,  1.181,  0.806], 
          [ 1.083, -1.349,  0.860,  0.816], 
          [ 1.140, -1.267,  0.868,  0.787], 
          [ 1.183, -1.310,  0.478,  0.855], 
          [ 1.239, -1.352,  0.089,  0.831], 
          [ 1.017, -1.426,  0.862,  0.815], 
          [ 1.040, -1.433,  0.478,  0.837], 
          [ 1.081, -1.479,  0.114,  0.824], 
          [ 1.078, -1.307,  1.620,  0.788], 
          [ 1.012, -1.353,  1.609,  0.873], 
          [ 1.168, -1.337,  1.608,  0.859], 
          [ 1.039, -1.430,  1.586,  0.832], 
          [ 0.984, -1.377,  0.061,  0.711], 
          [ 0.966, -1.437,  0.069,  0.719], 
          [ 1.111, -1.486,  0.065,  0.661], 
          [ 1.128, -1.256,  0.045,  0.723], 
          [ 1.195, -1.232,  0.037,  0.680], 
          [ 1.251, -1.386,  0.044,  0.648]
        ]
    }
]
