[
    {
        "id": 0,
        "keypoints3d": [
          [ 1.031, -1.322,  1.576,  0.881], 
          [ 1.126, -1.396,  1.388,  0.862], 
          [ 1.246, -1.289,  1.391,  0.819], 
          [ 1.140, -1.154,  1.187,  0.840], 
          [ 0.971, -1.352,  1.203,  0.815], 
          [ 0.989, -1.505,  1.381,  0.823], 
          [ 0.898, -1.432,  1.147,  0.854], 
          [ 1.066, -1.235,  1.181,  0.764], 
          [ 1.087, -1.351,  0.864,  0.723], 
          [ 1.147, -1.270,  0.869,  0.712], 
          [ 1.179, -1.300,  0.478,  0.774], 
          [ 1.238, -1.348,  0.091,  0.780], 
          [ 1.019, -1.425,  0.862,  0.706], 
          [ 1.037, -1.435,  0.478,  0.673], 
          [ 1.074, -1.466,  0.104,  0.840], 
          [ 1.077, -1.299,  1.615,  0.811], 
          [ 1.015, -1.360,  1.603,  0.878], 
          [ 1.172, -1.330,  1.607,  0.827], 
          [ 1.042, -1.454,  1.582,  0.857], 
          [ 0.974, -1.356,  0.059,  0.713], 
          [ 0.959, -1.433,  0.061,  0.717], 
          [ 1.105, -1.482,  0.050,  0.700], 
          [ 1.116, -1.250,  0.049,  0.726], 
          [ 1.181, -1.222,  0.047,  0.727], 
          [ 1.251, -1.386,  0.049,  0.664]
        ]
    },
    {
        "id": 2,
        "keypoints3d": [
          [-0.195,  1.014,  1.497,  0.814], 
          [-0.214,  1.175,  1.300,  0.865], 
          [-0.368,  1.135,  1.314,  0.876], 
          [-0.469,  1.168,  1.080,  0.844], 
          [-0.503,  1.089,  0.865,  0.880], 
          [-0.074,  1.217,  1.290,  0.843], 
          [-0.018,  1.254,  1.039,  0.824], 
          [ 0.014,  1.194,  0.834,  0.855], 
          [-0.242,  1.158,  0.783,  0.762], 
          [-0.344,  1.132,  0.791,  0.749], 
          [-0.386,  1.126,  0.438,  0.779], 
          [-0.473,  1.152,  0.090,  0.843], 
          [-0.148,  1.188,  0.780,  0.753], 
          [-0.171,  1.199,  0.435,  0.773], 
          [-0.167,  1.218,  0.091,  0.832], 
          [-0.237,  1.045,  1.534,  0.800], 
          [-0.158,  1.049,  1.537,  0.896], 
          [-0.280,  1.130,  1.518,  0.870], 
          [-0.110,  1.139,  1.511,  0.866], 
          [-0.062,  1.132,  0.040,  0.717], 
          [-0.055,  1.170,  0.047,  0.747], 
          [-0.190,  1.230,  0.042,  0.725], 
          [-0.473,  1.001,  0.046,  0.757], 
          [-0.511,  1.026,  0.048,  0.738], 
          [-0.472,  1.192,  0.043,  0.798]
        ]
    },
    {
        "id": 4,
        "keypoints3d": [
          [-0.983, -1.201,  1.542,  0.843], 
          [-1.062, -1.305,  1.355,  0.884], 
          [-0.920, -1.389,  1.344,  0.832], 
          [-0.935, -1.473,  1.087,  0.758], 
          [-1.009, -1.444,  0.879,  0.736], 
          [-1.207, -1.216,  1.365,  0.865], 
          [-1.255, -1.260,  1.102,  0.761], 
          [-1.184, -1.371,  0.887,  0.691], 
          [-1.053, -1.284,  0.843,  0.745], 
          [-0.962, -1.336,  0.836,  0.729], 
          [-0.961, -1.351,  0.442,  0.799], 
          [-0.979, -1.395,  0.085,  0.859], 
          [-1.139, -1.242,  0.844,  0.738], 
          [-1.148, -1.233,  0.458,  0.832], 
          [-1.232, -1.294,  0.085,  0.853], 
          [-0.964, -1.236,  1.571,  0.838], 
          [-1.023, -1.192,  1.580,  0.877], 
          [-0.958, -1.326,  1.537,  0.753], 
          [-1.113, -1.232,  1.569,  0.881], 
          [-1.194, -1.147,  0.035,  0.756], 
          [-1.236, -1.164,  0.037,  0.802], 
          [-1.253, -1.333,  0.042,  0.746], 
          [-0.874, -1.302,  0.059,  0.756], 
          [-0.859, -1.347,  0.059,  0.749], 
          [-1.016, -1.414,  0.051,  0.787]
        ]
    },
    {
        "id": 6,
        "keypoints3d": [
          [-0.283,  0.200,  1.069,  0.848], 
          [-0.181,  0.044,  0.919,  0.859], 
          [-0.037,  0.088,  0.907,  0.799], 
          [ 0.116, -0.000,  0.690,  0.805], 
          [ 0.030,  0.192,  0.635,  0.849], 
          [-0.334,  0.011,  0.945,  0.816], 
          [-0.485, -0.149,  0.752,  0.802], 
          [-0.509,  0.052,  0.636,  0.770], 
          [-0.228,  0.043,  0.466,  0.708], 
          [-0.124,  0.072,  0.462,  0.685], 
          [-0.307,  0.472,  0.570,  0.896], 
          [-0.241,  0.454,  0.166,  0.812], 
          [-0.336,  0.018,  0.474,  0.640], 
          [-0.529,  0.398,  0.508,  0.812], 
          [-0.349,  0.387,  0.150,  0.718], 
          [-0.263,  0.216,  1.109,  0.840], 
          [-0.286,  0.155,  1.116,  0.869], 
          [-0.165,  0.209,  1.092,  0.765], 
          [-0.265,  0.070,  1.121,  0.722], 
          [-0.427,  0.477,  0.071,  0.696], 
          [-0.448,  0.427,  0.071,  0.730], 
          [-0.283,  0.360,  0.080,  0.564], 
          [-0.354,  0.587,  0.148,  0.717], 
          [-0.294,  0.581,  0.146,  0.723], 
          [-0.230,  0.420,  0.108,  0.705]
        ]
    }
]
