[
    {
        "id": 0,
        "keypoints3d": [
          [-0.996, -1.169,  1.513,  0.804], 
          [-1.068, -1.295,  1.347,  0.877], 
          [-0.938, -1.384,  1.348,  0.828], 
          [-0.948, -1.469,  1.091,  0.757], 
          [-0.970, -1.470,  0.909,  0.715], 
          [-1.207, -1.200,  1.352,  0.862], 
          [-1.246, -1.227,  1.089,  0.787], 
          [-1.174, -1.364,  0.872,  0.751], 
          [-1.037, -1.300,  0.838,  0.747], 
          [-0.953, -1.352,  0.834,  0.723], 
          [-0.963, -1.369,  0.443,  0.797], 
          [-0.982, -1.392,  0.092,  0.855], 
          [-1.118, -1.244,  0.842,  0.737], 
          [-1.148, -1.254,  0.462,  0.822], 
          [-1.253, -1.307,  0.081,  0.847], 
          [-0.972, -1.193,  1.555,  0.796], 
          [-1.035, -1.165,  1.554,  0.820], 
          [-0.962, -1.290,  1.543,  0.706], 
          [-1.114, -1.211,  1.543,  0.858], 
          [-1.206, -1.155,  0.040,  0.743], 
          [-1.256, -1.168,  0.043,  0.764], 
          [-1.285, -1.352,  0.039,  0.719], 
          [-0.872, -1.302,  0.058,  0.758], 
          [-0.865, -1.346,  0.064,  0.730], 
          [-1.021, -1.405,  0.059,  0.789]
        ]
    },
    {
        "id": 2,
        "keypoints3d": [
          [-0.255,  1.024,  1.493,  0.836], 
          [-0.299,  1.181,  1.302,  0.869], 
          [-0.440,  1.130,  1.300,  0.859], 
          [-0.544,  1.144,  1.066,  0.828], 
          [-0.581,  1.071,  0.852,  0.849], 
          [-0.165,  1.236,  1.297,  0.845], 
          [-0.092,  1.282,  1.067,  0.831], 
          [-0.018,  1.229,  0.864,  0.866], 
          [-0.306,  1.166,  0.789,  0.760], 
          [-0.400,  1.130,  0.792,  0.759], 
          [-0.425,  1.147,  0.434,  0.808], 
          [-0.477,  1.153,  0.090,  0.839], 
          [-0.204,  1.202,  0.787,  0.736], 
          [-0.204,  1.207,  0.436,  0.802], 
          [-0.170,  1.228,  0.105,  0.776], 
          [-0.286,  1.040,  1.519,  0.835], 
          [-0.230,  1.064,  1.527,  0.769], 
          [-0.361,  1.101,  1.518,  0.819], 
          [-0.209,  1.158,  1.522,  0.758], 
          [-0.055,  1.126,  0.049,  0.739], 
          [-0.054,  1.167,  0.053,  0.774], 
          [-0.192,  1.235,  0.055,  0.712], 
          [-0.479,  1.006,  0.044,  0.681], 
          [-0.512,  1.029,  0.044,  0.681], 
          [-0.480,  1.189,  0.045,  0.795]
        ]
    },
    {
        "id": 4,
        "keypoints3d": [
          [ 1.049, -1.315,  1.587,  0.877], 
          [ 1.126, -1.396,  1.389,  0.870], 
          [ 1.244, -1.288,  1.393,  0.852], 
          [ 1.139, -1.152,  1.189,  0.820], 
          [ 0.959, -1.341,  1.202,  0.770], 
          [ 0.984, -1.497,  1.386,  0.834], 
          [ 0.902, -1.433,  1.149,  0.861], 
          [ 1.062, -1.232,  1.190,  0.797], 
          [ 1.082, -1.344,  0.863,  0.770], 
          [ 1.143, -1.270,  0.869,  0.758], 
          [ 1.184, -1.309,  0.477,  0.798], 
          [ 1.245, -1.351,  0.090,  0.842], 
          [ 1.015, -1.420,  0.861,  0.757], 
          [ 1.043, -1.434,  0.479,  0.750], 
          [ 1.082, -1.473,  0.112,  0.800], 
          [ 1.077, -1.297,  1.615,  0.816], 
          [ 1.019, -1.361,  1.611,  0.875], 
          [ 1.168, -1.331,  1.604,  0.883], 
          [ 1.041, -1.431,  1.585,  0.830], 
          [ 0.984, -1.376,  0.062,  0.718], 
          [ 0.967, -1.435,  0.070,  0.725], 
          [ 1.113, -1.485,  0.060,  0.701], 
          [ 1.130, -1.256,  0.040,  0.726], 
          [ 1.197, -1.234,  0.036,  0.688], 
          [ 1.257, -1.386,  0.045,  0.648]
        ]
    },
    {
        "id": 6,
        "keypoints3d": [
          [-0.201,  0.056,  1.080,  0.857], 
          [-0.364,  0.050,  0.911,  0.871], 
          [-0.386, -0.123,  0.913,  0.842], 
          [-0.473, -0.256,  0.696,  0.647], 
          [-0.238, -0.239,  0.655,  0.833], 
          [-0.330,  0.209,  0.920,  0.812], 
          [-0.374,  0.413,  0.749,  0.795], 
          [-0.152,  0.293,  0.651,  0.749], 
          [-0.290,  0.068,  0.465,  0.730], 
          [-0.307, -0.045,  0.462,  0.701], 
          [ 0.151, -0.098,  0.530,  0.863], 
          [ 0.054, -0.238,  0.109,  0.737], 
          [-0.257,  0.172,  0.473,  0.709], 
          [ 0.190,  0.097,  0.517,  0.846], 
          [ 0.228,  0.000,  0.108,  0.833], 
          [-0.207,  0.024,  1.113,  0.854], 
          [-0.205,  0.090,  1.127,  0.866], 
          [-0.277, -0.029,  1.098,  0.846], 
          [-0.323,  0.116,  1.107,  0.750], 
          [ 0.390,  0.008,  0.057,  0.775], 
          [ 0.359,  0.048,  0.052,  0.788], 
          [ 0.178, -0.005,  0.051,  0.713], 
          [ 0.223, -0.287,  0.082,  0.793], 
          [ 0.183, -0.326,  0.085,  0.734], 
          [ 0.009, -0.231,  0.067,  0.601]
        ]
    }
]
