[
    {
        "id": 0,
        "keypoints3d": [
          [ 1.027, -1.325,  1.577,  0.872], 
          [ 1.129, -1.400,  1.388,  0.858], 
          [ 1.246, -1.296,  1.391,  0.823], 
          [ 1.139, -1.155,  1.185,  0.807], 
          [ 0.973, -1.351,  1.195,  0.803], 
          [ 0.986, -1.508,  1.378,  0.823], 
          [ 0.896, -1.426,  1.146,  0.857], 
          [ 1.067, -1.228,  1.179,  0.761], 
          [ 1.087, -1.350,  0.871,  0.724], 
          [ 1.150, -1.274,  0.871,  0.718], 
          [ 1.183, -1.303,  0.483,  0.769], 
          [ 1.241, -1.344,  0.092,  0.782], 
          [ 1.018, -1.423,  0.865,  0.708], 
          [ 1.037, -1.428,  0.481,  0.711], 
          [ 1.077, -1.464,  0.111,  0.702], 
          [ 1.076, -1.299,  1.615,  0.819], 
          [ 1.012, -1.360,  1.606,  0.874], 
          [ 1.167, -1.336,  1.608,  0.826], 
          [ 1.042, -1.458,  1.582,  0.853], 
          [ 0.978, -1.358,  0.063,  0.715], 
          [ 0.962, -1.433,  0.066,  0.723], 
          [ 1.103, -1.482,  0.054,  0.711], 
          [ 1.117, -1.241,  0.052,  0.736], 
          [ 1.181, -1.219,  0.050,  0.742], 
          [ 1.250, -1.382,  0.046,  0.632]
        ]
    },
    {
        "id": 2,
        "keypoints3d": [
          [-0.908, -1.221,  1.535,  0.929], 
          [-0.990, -1.336,  1.347,  0.867], 
          [-0.859, -1.403,  1.337,  0.854], 
          [-0.880, -1.512,  1.072,  0.802], 
          [-0.949, -1.506,  0.888,  0.712], 
          [-1.131, -1.252,  1.361,  0.848], 
          [-1.187, -1.320,  1.094,  0.741], 
          [-1.122, -1.375,  0.864,  0.631], 
          [-0.989, -1.335,  0.824,  0.752], 
          [-0.913, -1.390,  0.816,  0.746], 
          [-0.929, -1.386,  0.433,  0.812], 
          [-0.975, -1.398,  0.088,  0.866], 
          [-1.058, -1.268,  0.835,  0.741], 
          [-1.033, -1.184,  0.479,  0.852], 
          [-1.187, -1.276,  0.135,  0.848], 
          [-0.887, -1.254,  1.556,  0.796], 
          [-0.951, -1.221,  1.574,  0.809], 
          [-0.890, -1.355,  1.532,  0.739], 
          [-1.040, -1.275,  1.556,  0.882], 
          [-1.157, -1.135,  0.053,  0.796], 
          [-1.209, -1.163,  0.055,  0.806], 
          [-1.204, -1.333,  0.089,  0.705], 
          [-0.871, -1.297,  0.062,  0.735], 
          [-0.862, -1.339,  0.062,  0.718], 
          [-1.018, -1.412,  0.053,  0.728]
        ]
    },
    {
        "id": 4,
        "keypoints3d": [
          [-0.210,  1.011,  1.485,  0.907], 
          [-0.247,  1.186,  1.300,  0.872], 
          [-0.385,  1.133,  1.307,  0.842], 
          [-0.493,  1.157,  1.067,  0.822], 
          [-0.519,  1.079,  0.857,  0.869], 
          [-0.105,  1.222,  1.287,  0.833], 
          [-0.038,  1.259,  1.043,  0.828], 
          [ 0.006,  1.197,  0.839,  0.876], 
          [-0.259,  1.163,  0.776,  0.771], 
          [-0.362,  1.129,  0.788,  0.759], 
          [-0.399,  1.134,  0.435,  0.798], 
          [-0.473,  1.154,  0.090,  0.845], 
          [-0.164,  1.188,  0.767,  0.763], 
          [-0.179,  1.196,  0.424,  0.793], 
          [-0.167,  1.220,  0.087,  0.823], 
          [-0.253,  1.038,  1.516,  0.898], 
          [-0.175,  1.047,  1.513,  0.887], 
          [-0.318,  1.115,  1.518,  0.886], 
          [-0.129,  1.137,  1.513,  0.835], 
          [-0.052,  1.126,  0.042,  0.733], 
          [-0.052,  1.170,  0.048,  0.769], 
          [-0.192,  1.231,  0.040,  0.715], 
          [-0.467,  1.010,  0.051,  0.707], 
          [-0.504,  1.039,  0.049,  0.698], 
          [-0.477,  1.187,  0.045,  0.789]
        ]
    },
    {
        "id": 6,
        "keypoints3d": [
          [-0.264,  0.141,  1.085,  0.836], 
          [-0.218, -0.038,  0.916,  0.854], 
          [-0.072, -0.068,  0.912,  0.822], 
          [ 0.044, -0.179,  0.702,  0.750], 
          [ 0.075,  0.026,  0.634,  0.860], 
          [-0.368, -0.006,  0.940,  0.831], 
          [-0.588, -0.020,  0.766,  0.760], 
          [-0.490,  0.165,  0.651,  0.800], 
          [-0.243,  0.031,  0.480,  0.720], 
          [-0.139,  0.004,  0.479,  0.695], 
          [-0.065,  0.439,  0.552,  0.870], 
          [ 0.006,  0.295,  0.145,  0.734], 
          [-0.351,  0.064,  0.481,  0.679], 
          [-0.262,  0.506,  0.501,  0.840], 
          [-0.180,  0.373,  0.125,  0.817], 
          [-0.243,  0.145,  1.107,  0.762], 
          [-0.260,  0.104,  1.118,  0.722], 
          [-0.134,  0.101,  1.113,  0.838], 
          [-0.254,  0.003,  1.110,  0.801], 
          [-0.221,  0.526,  0.064,  0.809], 
          [-0.251,  0.489,  0.065,  0.795], 
          [-0.150,  0.313,  0.071,  0.632], 
          [ 0.012,  0.466,  0.109,  0.778], 
          [ 0.059,  0.419,  0.121,  0.789], 
          [ 0.011,  0.258,  0.110,  0.718]
        ]
    }
]
