[
    {
        "id": 0,
        "keypoints3d": [
          [-0.902, -1.216,  1.527,  0.821], 
          [-0.983, -1.339,  1.345,  0.867], 
          [-0.852, -1.411,  1.337,  0.849], 
          [-0.864, -1.509,  1.083,  0.814], 
          [-0.907, -1.519,  0.906,  0.759], 
          [-1.125, -1.251,  1.357,  0.846], 
          [-1.177, -1.312,  1.090,  0.786], 
          [-1.125, -1.404,  0.873,  0.734], 
          [-0.978, -1.337,  0.825,  0.751], 
          [-0.900, -1.394,  0.820,  0.743], 
          [-0.929, -1.394,  0.441,  0.835], 
          [-0.979, -1.396,  0.091,  0.839], 
          [-1.052, -1.275,  0.838,  0.734], 
          [-1.012, -1.214,  0.479,  0.782], 
          [-1.058, -1.287,  0.112,  0.846], 
          [-0.881, -1.247,  1.552,  0.824], 
          [-0.946, -1.218,  1.561,  0.825], 
          [-0.885, -1.345,  1.537,  0.698], 
          [-1.039, -1.266,  1.552,  0.867], 
          [-1.027, -1.170,  0.052,  0.701], 
          [-1.077, -1.172,  0.064,  0.727], 
          [-1.072, -1.333,  0.064,  0.710], 
          [-0.890, -1.292,  0.060,  0.674], 
          [-0.866, -1.348,  0.055,  0.665], 
          [-1.019, -1.417,  0.052,  0.650]
        ]
    },
    {
        "id": 2,
        "keypoints3d": [
          [-0.211,  1.012,  1.487,  0.896], 
          [-0.255,  1.188,  1.301,  0.883], 
          [-0.398,  1.126,  1.306,  0.850], 
          [-0.487,  1.141,  1.065,  0.767], 
          [-0.505,  1.069,  0.857,  0.789], 
          [-0.114,  1.233,  1.291,  0.834], 
          [-0.051,  1.269,  1.056,  0.829], 
          [ 0.003,  1.211,  0.852,  0.860], 
          [-0.256,  1.168,  0.791,  0.772], 
          [-0.354,  1.129,  0.798,  0.759], 
          [-0.388,  1.144,  0.443,  0.814], 
          [-0.470,  1.153,  0.089,  0.783], 
          [-0.163,  1.199,  0.786,  0.759], 
          [-0.180,  1.200,  0.435,  0.829], 
          [-0.169,  1.224,  0.092,  0.815], 
          [-0.253,  1.038,  1.513,  0.793], 
          [-0.175,  1.051,  1.520,  0.774], 
          [-0.311,  1.111,  1.514,  0.887], 
          [-0.145,  1.153,  1.518,  0.828], 
          [-0.053,  1.126,  0.047,  0.685], 
          [-0.053,  1.168,  0.050,  0.709], 
          [-0.191,  1.235,  0.047,  0.657], 
          [-0.463,  1.014,  0.051,  0.731], 
          [-0.497,  1.040,  0.051,  0.730], 
          [-0.479,  1.185,  0.044,  0.791]
        ]
    },
    {
        "id": 4,
        "keypoints3d": [
          [-0.262,  0.100,  1.104,  0.777], 
          [-0.315, -0.054,  0.921,  0.842], 
          [-0.201, -0.162,  0.910,  0.807], 
          [-0.118, -0.299,  0.695,  0.738], 
          [-0.004, -0.116,  0.654,  0.797], 
          [-0.420,  0.067,  0.930,  0.822], 
          [-0.593,  0.157,  0.726,  0.764], 
          [-0.396,  0.253,  0.646,  0.754], 
          [-0.298,  0.012,  0.445,  0.674], 
          [-0.214, -0.067,  0.450,  0.637], 
          [ 0.108,  0.290,  0.556,  0.840], 
          [ 0.070,  0.204,  0.109,  0.681], 
          [-0.366,  0.089,  0.455,  0.658], 
          [-0.049,  0.428,  0.539,  0.751], 
          [-0.030,  0.352,  0.122,  0.683], 
          [-0.236,  0.094,  1.142,  0.775], 
          [-0.293,  0.074,  1.128,  0.804], 
          [-0.217, -0.005,  1.127,  0.746], 
          [-0.354,  0.024,  1.122,  0.717], 
          [ 0.039,  0.499,  0.078,  0.819], 
          [-0.011,  0.502,  0.073,  0.830], 
          [-0.036,  0.300,  0.067,  0.763], 
          [ 0.177,  0.354,  0.101,  0.731], 
          [ 0.175,  0.303,  0.093,  0.729], 
          [ 0.042,  0.171,  0.063,  0.684]
        ]
    },
    {
        "id": 6,
        "keypoints3d": [
          [ 1.044, -1.327,  1.590,  0.874], 
          [ 1.126, -1.400,  1.392,  0.884], 
          [ 1.240, -1.288,  1.395,  0.866], 
          [ 1.139, -1.166,  1.190,  0.782], 
          [ 0.967, -1.353,  1.196,  0.787], 
          [ 0.983, -1.503,  1.381,  0.886], 
          [ 0.897, -1.435,  1.147,  0.872], 
          [ 1.065, -1.242,  1.181,  0.792], 
          [ 1.081, -1.348,  0.865,  0.815], 
          [ 1.141, -1.263,  0.871,  0.789], 
          [ 1.183, -1.310,  0.478,  0.858], 
          [ 1.236, -1.352,  0.092,  0.854], 
          [ 1.016, -1.426,  0.863,  0.812], 
          [ 1.038, -1.436,  0.480,  0.833], 
          [ 1.079, -1.477,  0.113,  0.834], 
          [ 1.078, -1.304,  1.621,  0.942], 
          [ 1.008, -1.352,  1.612,  0.889], 
          [ 1.165, -1.341,  1.608,  0.762], 
          [ 1.031, -1.423,  1.579,  0.839], 
          [ 0.991, -1.375,  0.061,  0.713], 
          [ 0.966, -1.436,  0.071,  0.730], 
          [ 1.113, -1.493,  0.059,  0.674], 
          [ 1.138, -1.259,  0.044,  0.692], 
          [ 1.197, -1.239,  0.044,  0.699], 
          [ 1.245, -1.390,  0.044,  0.672]
        ]
    }
]
