[
    {
        "id": 0,
        "keypoints3d": [
          [-0.949, -1.188,  1.517,  0.881], 
          [-1.023, -1.315,  1.344,  0.858], 
          [-0.889, -1.405,  1.343,  0.848], 
          [-0.899, -1.489,  1.081,  0.782], 
          [-0.911, -1.505,  0.910,  0.777], 
          [-1.158, -1.225,  1.343,  0.845], 
          [-1.201, -1.280,  1.076,  0.780], 
          [-1.126, -1.397,  0.870,  0.746], 
          [-0.995, -1.321,  0.824,  0.760], 
          [-0.912, -1.382,  0.820,  0.750], 
          [-0.937, -1.382,  0.438,  0.752], 
          [-0.973, -1.399,  0.086,  0.838], 
          [-1.064, -1.255,  0.833,  0.731], 
          [-1.071, -1.197,  0.475,  0.820], 
          [-1.209, -1.285,  0.118,  0.849], 
          [-0.917, -1.216,  1.546,  0.823], 
          [-0.992, -1.187,  1.555,  0.798], 
          [-0.918, -1.308,  1.531,  0.789], 
          [-1.072, -1.245,  1.542,  0.857], 
          [-1.183, -1.146,  0.045,  0.767], 
          [-1.232, -1.163,  0.049,  0.815], 
          [-1.228, -1.326,  0.064,  0.738], 
          [-0.875, -1.303,  0.048,  0.752], 
          [-0.865, -1.359,  0.044,  0.739], 
          [-1.011, -1.407,  0.063,  0.723]
        ]
    },
    {
        "id": 2,
        "keypoints3d": [
          [-0.229,  1.014,  1.491,  0.882], 
          [-0.273,  1.185,  1.301,  0.881], 
          [-0.413,  1.124,  1.309,  0.877], 
          [-0.518,  1.138,  1.064,  0.838], 
          [-0.540,  1.054,  0.852,  0.802], 
          [-0.136,  1.234,  1.293,  0.857], 
          [-0.073,  1.283,  1.061,  0.817], 
          [-0.007,  1.244,  0.845,  0.841], 
          [-0.276,  1.169,  0.791,  0.770], 
          [-0.369,  1.129,  0.796,  0.762], 
          [-0.414,  1.145,  0.438,  0.799], 
          [-0.472,  1.158,  0.098,  0.799], 
          [-0.181,  1.201,  0.783,  0.752], 
          [-0.193,  1.206,  0.439,  0.825], 
          [-0.171,  1.221,  0.092,  0.804], 
          [-0.266,  1.037,  1.519,  0.854], 
          [-0.191,  1.050,  1.524,  0.739], 
          [-0.331,  1.111,  1.515,  0.842], 
          [-0.172,  1.153,  1.520,  0.734], 
          [-0.055,  1.123,  0.044,  0.736], 
          [-0.054,  1.167,  0.051,  0.768], 
          [-0.194,  1.231,  0.046,  0.654], 
          [-0.461,  1.020,  0.046,  0.698], 
          [-0.497,  1.043,  0.047,  0.700], 
          [-0.483,  1.188,  0.049,  0.783]
        ]
    },
    {
        "id": 4,
        "keypoints3d": [
          [ 1.041, -1.321,  1.586,  0.870], 
          [ 1.128, -1.400,  1.390,  0.867], 
          [ 1.245, -1.293,  1.392,  0.853], 
          [ 1.139, -1.156,  1.192,  0.783], 
          [ 0.958, -1.340,  1.203,  0.769], 
          [ 0.985, -1.503,  1.384,  0.838], 
          [ 0.899, -1.434,  1.149,  0.860], 
          [ 1.065, -1.240,  1.182,  0.806], 
          [ 1.081, -1.343,  0.861,  0.770], 
          [ 1.146, -1.268,  0.869,  0.762], 
          [ 1.186, -1.307,  0.472,  0.804], 
          [ 1.242, -1.350,  0.081,  0.845], 
          [ 1.010, -1.418,  0.862,  0.755], 
          [ 1.039, -1.433,  0.468,  0.764], 
          [ 1.080, -1.477,  0.110,  0.839], 
          [ 1.077, -1.296,  1.616,  0.793], 
          [ 1.012, -1.353,  1.609,  0.871], 
          [ 1.163, -1.335,  1.603,  0.875], 
          [ 1.039, -1.430,  1.587,  0.832], 
          [ 0.984, -1.371,  0.058,  0.709], 
          [ 0.966, -1.437,  0.069,  0.719], 
          [ 1.115, -1.487,  0.061,  0.678], 
          [ 1.134, -1.252,  0.045,  0.689], 
          [ 1.196, -1.235,  0.039,  0.711], 
          [ 1.250, -1.385,  0.035,  0.658]
        ]
    },
    {
        "id": 6,
        "keypoints3d": [
          [-0.271,  0.085,  1.100,  0.732], 
          [-0.379,  0.006,  0.908,  0.849], 
          [-0.343, -0.136,  0.908,  0.818], 
          [-0.367, -0.305,  0.689,  0.762], 
          [-0.150, -0.234,  0.653,  0.803], 
          [-0.416,  0.175,  0.914,  0.796], 
          [-0.509,  0.350,  0.722,  0.773], 
          [-0.276,  0.345,  0.667,  0.734], 
          [-0.284,  0.051,  0.458,  0.680], 
          [-0.265, -0.060,  0.469,  0.668], 
          [ 0.181,  0.056,  0.544,  0.786], 
          [ 0.202, -0.086,  0.163,  0.730], 
          [-0.297,  0.157,  0.463,  0.655], 
          [ 0.137,  0.252,  0.547,  0.791], 
          [ 0.182,  0.145,  0.142,  0.729], 
          [-0.265,  0.042,  1.137,  0.762], 
          [-0.318,  0.091,  1.129,  0.865], 
          [-0.293, -0.038,  1.111,  0.884], 
          [-0.393,  0.078,  1.107,  0.687], 
          [ 0.342,  0.111,  0.067,  0.782], 
          [ 0.305,  0.175,  0.058,  0.806], 
          [ 0.141,  0.121,  0.086,  0.496], 
          [ 0.376, -0.038,  0.126,  0.722], 
          [ 0.340, -0.099,  0.115,  0.687], 
          [ 0.163, -0.108,  0.104,  0.611]
        ]
    }
]
