[
    {
        "id": 0,
        "keypoints3d": [
          [-1.008, -1.161,  1.514,  0.806], 
          [-1.078, -1.288,  1.348,  0.870], 
          [-0.954, -1.377,  1.349,  0.844], 
          [-0.952, -1.456,  1.101,  0.792], 
          [-0.979, -1.469,  0.924,  0.681], 
          [-1.218, -1.198,  1.350,  0.874], 
          [-1.256, -1.228,  1.088,  0.766], 
          [-1.188, -1.355,  0.882,  0.631], 
          [-1.052, -1.290,  0.836,  0.754], 
          [-0.970, -1.349,  0.835,  0.726], 
          [-0.978, -1.375,  0.439,  0.817], 
          [-0.982, -1.391,  0.090,  0.860], 
          [-1.138, -1.239,  0.836,  0.747], 
          [-1.168, -1.267,  0.452,  0.829], 
          [-1.259, -1.305,  0.082,  0.852], 
          [-0.985, -1.180,  1.556,  0.788], 
          [-1.047, -1.154,  1.556,  0.808], 
          [-0.991, -1.272,  1.546,  0.736], 
          [-1.122, -1.199,  1.539,  0.864], 
          [-1.207, -1.154,  0.043,  0.743], 
          [-1.255, -1.165,  0.046,  0.763], 
          [-1.282, -1.346,  0.034,  0.719], 
          [-0.869, -1.299,  0.055,  0.742], 
          [-0.859, -1.345,  0.061,  0.718], 
          [-1.021, -1.406,  0.058,  0.798]
        ]
    },
    {
        "id": 2,
        "keypoints3d": [
          [-0.256,  1.021,  1.491,  0.861], 
          [-0.318,  1.182,  1.306,  0.867], 
          [-0.448,  1.133,  1.301,  0.863], 
          [-0.551,  1.144,  1.063,  0.812], 
          [-0.594,  1.077,  0.850,  0.862], 
          [-0.171,  1.238,  1.298,  0.845], 
          [-0.109,  1.279,  1.068,  0.824], 
          [-0.032,  1.225,  0.865,  0.868], 
          [-0.313,  1.164,  0.788,  0.769], 
          [-0.409,  1.129,  0.788,  0.763], 
          [-0.431,  1.145,  0.436,  0.810], 
          [-0.479,  1.151,  0.092,  0.775], 
          [-0.211,  1.197,  0.789,  0.736], 
          [-0.205,  1.211,  0.438,  0.806], 
          [-0.171,  1.230,  0.106,  0.798], 
          [-0.295,  1.035,  1.518,  0.867], 
          [-0.238,  1.061,  1.528,  0.792], 
          [-0.371,  1.101,  1.517,  0.826], 
          [-0.223,  1.159,  1.523,  0.867], 
          [-0.056,  1.123,  0.049,  0.740], 
          [-0.055,  1.169,  0.054,  0.771], 
          [-0.193,  1.237,  0.057,  0.734], 
          [-0.476,  1.009,  0.047,  0.681], 
          [-0.510,  1.032,  0.046,  0.681], 
          [-0.482,  1.184,  0.045,  0.790]
        ]
    },
    {
        "id": 4,
        "keypoints3d": [
          [-0.190,  0.040,  1.084,  0.859], 
          [-0.356,  0.056,  0.916,  0.857], 
          [-0.391, -0.104,  0.913,  0.822], 
          [-0.505, -0.249,  0.714,  0.677], 
          [-0.257, -0.265,  0.650,  0.750], 
          [-0.317,  0.215,  0.931,  0.788], 
          [-0.354,  0.422,  0.763,  0.885], 
          [-0.146,  0.292,  0.657,  0.745], 
          [-0.305,  0.056,  0.453,  0.736], 
          [-0.327, -0.049,  0.453,  0.699], 
          [ 0.122, -0.142,  0.511,  0.800], 
          [-0.000, -0.239,  0.087,  0.649], 
          [-0.269,  0.169,  0.458,  0.721], 
          [ 0.187,  0.090,  0.509,  0.861], 
          [ 0.181, -0.010,  0.065,  0.777], 
          [-0.199,  0.011,  1.110,  0.888], 
          [-0.197,  0.073,  1.115,  0.746], 
          [-0.276, -0.045,  1.101,  0.722], 
          [-0.286,  0.096,  1.105,  0.739], 
          [ 0.356,  0.000,  0.009,  0.751], 
          [ 0.319,  0.037,  0.006,  0.769], 
          [ 0.129, -0.028,  0.008,  0.705], 
          [ 0.189, -0.344,  0.088,  0.763], 
          [ 0.139, -0.369,  0.091,  0.719], 
          [-0.045, -0.233,  0.036,  0.577]
        ]
    },
    {
        "id": 6,
        "keypoints3d": [
          [ 1.058, -1.329,  1.587,  0.882], 
          [ 1.127, -1.397,  1.392,  0.890], 
          [ 1.237, -1.282,  1.395,  0.858], 
          [ 1.144, -1.162,  1.189,  0.821], 
          [ 0.965, -1.349,  1.202,  0.762], 
          [ 0.985, -1.499,  1.386,  0.879], 
          [ 0.903, -1.434,  1.150,  0.863], 
          [ 1.064, -1.243,  1.187,  0.797], 
          [ 1.086, -1.346,  0.864,  0.818], 
          [ 1.142, -1.264,  0.873,  0.786], 
          [ 1.186, -1.308,  0.478,  0.854], 
          [ 1.247, -1.348,  0.095,  0.851], 
          [ 1.017, -1.426,  0.863,  0.814], 
          [ 1.042, -1.430,  0.481,  0.823], 
          [ 1.084, -1.472,  0.114,  0.802], 
          [ 1.079, -1.308,  1.618,  0.850], 
          [ 1.025, -1.364,  1.609,  0.872], 
          [ 1.168, -1.330,  1.608,  0.862], 
          [ 1.045, -1.437,  1.584,  0.828], 
          [ 0.983, -1.372,  0.062,  0.718], 
          [ 0.965, -1.432,  0.074,  0.726], 
          [ 1.119, -1.483,  0.066,  0.639], 
          [ 1.129, -1.256,  0.045,  0.726], 
          [ 1.197, -1.235,  0.039,  0.677], 
          [ 1.257, -1.384,  0.050,  0.654]
        ]
    }
]
