[
    {
        "id": 0,
        "keypoints3d": [
          [-0.212,  1.009,  1.490,  0.896], 
          [-0.264,  1.190,  1.302,  0.894], 
          [-0.409,  1.128,  1.309,  0.862], 
          [-0.497,  1.144,  1.063,  0.805], 
          [-0.518,  1.062,  0.855,  0.808], 
          [-0.122,  1.236,  1.290,  0.850], 
          [-0.062,  1.281,  1.059,  0.832], 
          [ 0.001,  1.231,  0.838,  0.853], 
          [-0.258,  1.170,  0.792,  0.771], 
          [-0.352,  1.131,  0.797,  0.766], 
          [-0.398,  1.143,  0.438,  0.798], 
          [-0.464,  1.157,  0.096,  0.798], 
          [-0.168,  1.202,  0.784,  0.758], 
          [-0.186,  1.204,  0.436,  0.831], 
          [-0.171,  1.225,  0.102,  0.820], 
          [-0.253,  1.040,  1.513,  0.821], 
          [-0.178,  1.052,  1.521,  0.764], 
          [-0.322,  1.112,  1.514,  0.888], 
          [-0.154,  1.156,  1.519,  0.809], 
          [-0.059,  1.128,  0.041,  0.743], 
          [-0.056,  1.168,  0.050,  0.775], 
          [-0.194,  1.233,  0.053,  0.671], 
          [-0.460,  1.020,  0.047,  0.708], 
          [-0.491,  1.046,  0.049,  0.714], 
          [-0.472,  1.188,  0.051,  0.733]
        ]
    },
    {
        "id": 2,
        "keypoints3d": [
          [-0.922, -1.207,  1.523,  0.824], 
          [-1.000, -1.327,  1.347,  0.868], 
          [-0.866, -1.405,  1.344,  0.859], 
          [-0.872, -1.504,  1.088,  0.801], 
          [-0.907, -1.517,  0.904,  0.810], 
          [-1.141, -1.244,  1.351,  0.847], 
          [-1.181, -1.308,  1.081,  0.778], 
          [-1.134, -1.384,  0.863,  0.718], 
          [-0.977, -1.333,  0.820,  0.760], 
          [-0.898, -1.394,  0.816,  0.761], 
          [-0.927, -1.394,  0.439,  0.766], 
          [-0.979, -1.398,  0.087,  0.830], 
          [-1.048, -1.264,  0.829,  0.736], 
          [-1.014, -1.216,  0.472,  0.785], 
          [-1.097, -1.286,  0.114,  0.864], 
          [-0.905, -1.234,  1.546,  0.824], 
          [-0.971, -1.201,  1.553,  0.876], 
          [-0.912, -1.332,  1.533,  0.748], 
          [-1.048, -1.262,  1.546,  0.884], 
          [-1.048, -1.159,  0.057,  0.691], 
          [-1.105, -1.162,  0.064,  0.714], 
          [-1.122, -1.324,  0.067,  0.711], 
          [-0.870, -1.301,  0.060,  0.701], 
          [-0.862, -1.347,  0.055,  0.677], 
          [-1.020, -1.415,  0.050,  0.631]
        ]
    },
    {
        "id": 4,
        "keypoints3d": [
          [ 1.038, -1.321,  1.585,  0.878], 
          [ 1.127, -1.401,  1.391,  0.863], 
          [ 1.242, -1.293,  1.396,  0.853], 
          [ 1.143, -1.162,  1.190,  0.801], 
          [ 0.961, -1.338,  1.203,  0.797], 
          [ 0.979, -1.501,  1.385,  0.841], 
          [ 0.898, -1.432,  1.146,  0.865], 
          [ 1.069, -1.242,  1.181,  0.791], 
          [ 1.080, -1.345,  0.862,  0.770], 
          [ 1.145, -1.268,  0.868,  0.764], 
          [ 1.186, -1.307,  0.475,  0.808], 
          [ 1.246, -1.350,  0.091,  0.855], 
          [ 1.010, -1.418,  0.862,  0.754], 
          [ 1.039, -1.436,  0.471,  0.766], 
          [ 1.078, -1.478,  0.106,  0.850], 
          [ 1.076, -1.297,  1.616,  0.820], 
          [ 1.011, -1.360,  1.613,  0.877], 
          [ 1.164, -1.340,  1.603,  0.791], 
          [ 1.039, -1.431,  1.581,  0.838], 
          [ 0.992, -1.371,  0.058,  0.657], 
          [ 0.973, -1.430,  0.072,  0.668], 
          [ 1.111, -1.484,  0.061,  0.686], 
          [ 1.135, -1.251,  0.048,  0.696], 
          [ 1.194, -1.234,  0.048,  0.701], 
          [ 1.250, -1.387,  0.038,  0.672]
        ]
    },
    {
        "id": 6,
        "keypoints3d": [
          [-0.292,  0.093,  1.098,  0.784], 
          [-0.377, -0.024,  0.916,  0.842], 
          [-0.311, -0.174,  0.903,  0.815], 
          [-0.267, -0.322,  0.698,  0.773], 
          [-0.067, -0.179,  0.644,  0.855], 
          [-0.439,  0.121,  0.925,  0.824], 
          [-0.575,  0.257,  0.722,  0.780], 
          [-0.347,  0.300,  0.658,  0.751], 
          [-0.280,  0.040,  0.458,  0.671], 
          [-0.240, -0.068,  0.449,  0.653], 
          [ 0.174,  0.147,  0.539,  0.757], 
          [ 0.168,  0.068,  0.145,  0.768], 
          [-0.313,  0.149,  0.465,  0.678], 
          [ 0.086,  0.331,  0.558,  0.823], 
          [ 0.077,  0.271,  0.141,  0.767], 
          [-0.274,  0.070,  1.140,  0.846], 
          [-0.337,  0.091,  1.128,  0.798], 
          [-0.271, -0.028,  1.118,  0.825], 
          [-0.402,  0.049,  1.116,  0.860], 
          [ 0.202,  0.359,  0.077,  0.757], 
          [ 0.168,  0.384,  0.085,  0.767], 
          [ 0.068,  0.236,  0.095,  0.585], 
          [ 0.307,  0.175,  0.114,  0.782], 
          [ 0.303,  0.103,  0.112,  0.784], 
          [ 0.133,  0.038,  0.086,  0.638]
        ]
    }
]
