[
    {
        "id": 0,
        "keypoints3d": [
          [ 1.027, -1.324,  1.577,  0.871], 
          [ 1.128, -1.401,  1.388,  0.856], 
          [ 1.246, -1.296,  1.391,  0.823], 
          [ 1.139, -1.154,  1.186,  0.815], 
          [ 0.973, -1.351,  1.197,  0.804], 
          [ 0.987, -1.507,  1.378,  0.823], 
          [ 0.896, -1.426,  1.146,  0.858], 
          [ 1.070, -1.229,  1.179,  0.761], 
          [ 1.087, -1.350,  0.870,  0.724], 
          [ 1.150, -1.274,  0.871,  0.719], 
          [ 1.182, -1.303,  0.481,  0.770], 
          [ 1.240, -1.343,  0.094,  0.782], 
          [ 1.015, -1.422,  0.865,  0.708], 
          [ 1.038, -1.428,  0.481,  0.712], 
          [ 1.077, -1.464,  0.111,  0.702], 
          [ 1.074, -1.319,  1.624,  0.836], 
          [ 1.012, -1.360,  1.606,  0.874], 
          [ 1.167, -1.336,  1.608,  0.829], 
          [ 1.042, -1.458,  1.584,  0.851], 
          [ 0.972, -1.356,  0.065,  0.716], 
          [ 0.962, -1.433,  0.066,  0.724], 
          [ 1.103, -1.482,  0.054,  0.711], 
          [ 1.117, -1.241,  0.052,  0.732], 
          [ 1.181, -1.219,  0.050,  0.735], 
          [ 1.250, -1.383,  0.046,  0.632]
        ]
    },
    {
        "id": 2,
        "keypoints3d": [
          [-0.909, -1.215,  1.535,  0.923], 
          [-0.993, -1.331,  1.347,  0.869], 
          [-0.862, -1.402,  1.339,  0.858], 
          [-0.882, -1.510,  1.078,  0.806], 
          [-0.936, -1.508,  0.883,  0.668], 
          [-1.134, -1.249,  1.362,  0.850], 
          [-1.189, -1.310,  1.095,  0.751], 
          [-1.114, -1.380,  0.861,  0.694], 
          [-0.998, -1.329,  0.824,  0.755], 
          [-0.917, -1.388,  0.816,  0.752], 
          [-0.932, -1.387,  0.431,  0.825], 
          [-0.978, -1.397,  0.087,  0.872], 
          [-1.065, -1.266,  0.834,  0.742], 
          [-1.036, -1.183,  0.477,  0.851], 
          [-1.196, -1.281,  0.124,  0.839], 
          [-0.887, -1.246,  1.554,  0.791], 
          [-0.956, -1.220,  1.576,  0.887], 
          [-0.900, -1.345,  1.536,  0.753], 
          [-1.041, -1.271,  1.557,  0.891], 
          [-1.163, -1.134,  0.051,  0.794], 
          [-1.218, -1.159,  0.049,  0.815], 
          [-1.223, -1.332,  0.071,  0.726], 
          [-0.874, -1.298,  0.059,  0.742], 
          [-0.861, -1.345,  0.060,  0.713], 
          [-1.019, -1.413,  0.051,  0.743]
        ]
    },
    {
        "id": 4,
        "keypoints3d": [
          [-0.210,  1.011,  1.483,  0.907], 
          [-0.243,  1.183,  1.300,  0.869], 
          [-0.386,  1.134,  1.308,  0.843], 
          [-0.492,  1.161,  1.069,  0.824], 
          [-0.519,  1.081,  0.858,  0.869], 
          [-0.101,  1.218,  1.287,  0.836], 
          [-0.037,  1.255,  1.041,  0.830], 
          [ 0.005,  1.197,  0.841,  0.876], 
          [-0.257,  1.161,  0.775,  0.769], 
          [-0.361,  1.128,  0.787,  0.758], 
          [-0.399,  1.133,  0.433,  0.797], 
          [-0.475,  1.152,  0.089,  0.846], 
          [-0.164,  1.187,  0.768,  0.763], 
          [-0.179,  1.197,  0.424,  0.794], 
          [-0.167,  1.221,  0.087,  0.825], 
          [-0.253,  1.038,  1.516,  0.899], 
          [-0.175,  1.047,  1.513,  0.887], 
          [-0.318,  1.115,  1.516,  0.889], 
          [-0.127,  1.134,  1.513,  0.829], 
          [-0.055,  1.127,  0.040,  0.730], 
          [-0.053,  1.169,  0.050,  0.767], 
          [-0.191,  1.232,  0.043,  0.714], 
          [-0.466,  1.008,  0.047,  0.708], 
          [-0.506,  1.036,  0.048,  0.698], 
          [-0.477,  1.187,  0.045,  0.789]
        ]
    },
    {
        "id": 6,
        "keypoints3d": [
          [-0.265,  0.141,  1.087,  0.897], 
          [-0.207, -0.037,  0.916,  0.863], 
          [-0.061, -0.056,  0.913,  0.815], 
          [ 0.062, -0.158,  0.697,  0.761], 
          [ 0.078,  0.043,  0.638,  0.875], 
          [-0.355, -0.015,  0.941,  0.834], 
          [-0.583, -0.036,  0.777,  0.869], 
          [-0.475,  0.178,  0.644,  0.707], 
          [-0.244,  0.015,  0.462,  0.736], 
          [-0.145,  0.003,  0.459,  0.694], 
          [-0.089,  0.456,  0.554,  0.798], 
          [-0.019,  0.321,  0.142,  0.695], 
          [-0.358,  0.044,  0.469,  0.671], 
          [-0.285,  0.519,  0.509,  0.847], 
          [-0.192,  0.382,  0.125,  0.781], 
          [-0.239,  0.153,  1.108,  0.689], 
          [-0.261,  0.117,  1.124,  0.849], 
          [-0.124,  0.117,  1.106,  0.834], 
          [-0.253,  0.007,  1.116,  0.818], 
          [-0.246,  0.530,  0.063,  0.737], 
          [-0.282,  0.490,  0.059,  0.746], 
          [-0.189,  0.333,  0.085,  0.609], 
          [-0.021,  0.510,  0.114,  0.766], 
          [ 0.025,  0.460,  0.115,  0.765], 
          [ 0.004,  0.285,  0.109,  0.686]
        ]
    }
]
