[
    {
        "id": 0,
        "keypoints3d": [
          [-0.997, -1.166,  1.514,  0.802], 
          [-1.070, -1.291,  1.348,  0.877], 
          [-0.940, -1.380,  1.349,  0.836], 
          [-0.950, -1.462,  1.092,  0.761], 
          [-0.970, -1.468,  0.906,  0.723], 
          [-1.207, -1.200,  1.352,  0.862], 
          [-1.246, -1.229,  1.088,  0.770], 
          [-1.172, -1.365,  0.875,  0.692], 
          [-1.038, -1.295,  0.838,  0.747], 
          [-0.958, -1.349,  0.834,  0.726], 
          [-0.968, -1.367,  0.441,  0.804], 
          [-0.982, -1.392,  0.092,  0.855], 
          [-1.123, -1.246,  0.840,  0.745], 
          [-1.150, -1.254,  0.460,  0.833], 
          [-1.256, -1.308,  0.081,  0.849], 
          [-0.973, -1.185,  1.555,  0.794], 
          [-1.036, -1.161,  1.554,  0.818], 
          [-0.970, -1.279,  1.544,  0.702], 
          [-1.115, -1.211,  1.541,  0.856], 
          [-1.207, -1.154,  0.043,  0.737], 
          [-1.257, -1.168,  0.045,  0.757], 
          [-1.286, -1.351,  0.036,  0.717], 
          [-0.873, -1.299,  0.058,  0.756], 
          [-0.867, -1.343,  0.064,  0.728], 
          [-1.021, -1.405,  0.059,  0.793]
        ]
    },
    {
        "id": 2,
        "keypoints3d": [
          [-0.255,  1.026,  1.492,  0.835], 
          [-0.301,  1.180,  1.304,  0.870], 
          [-0.441,  1.130,  1.301,  0.859], 
          [-0.546,  1.144,  1.066,  0.820], 
          [-0.582,  1.072,  0.851,  0.853], 
          [-0.165,  1.236,  1.297,  0.848], 
          [-0.096,  1.279,  1.067,  0.834], 
          [-0.020,  1.227,  0.866,  0.865], 
          [-0.308,  1.165,  0.788,  0.766], 
          [-0.401,  1.130,  0.792,  0.760], 
          [-0.427,  1.146,  0.435,  0.811], 
          [-0.480,  1.153,  0.090,  0.840], 
          [-0.207,  1.201,  0.789,  0.738], 
          [-0.204,  1.207,  0.436,  0.801], 
          [-0.171,  1.229,  0.103,  0.775], 
          [-0.287,  1.038,  1.520,  0.867], 
          [-0.230,  1.064,  1.527,  0.773], 
          [-0.361,  1.101,  1.517,  0.817], 
          [-0.209,  1.158,  1.522,  0.759], 
          [-0.054,  1.126,  0.049,  0.735], 
          [-0.053,  1.168,  0.053,  0.772], 
          [-0.192,  1.235,  0.054,  0.714], 
          [-0.479,  1.006,  0.044,  0.683], 
          [-0.512,  1.031,  0.045,  0.685], 
          [-0.482,  1.188,  0.046,  0.796]
        ]
    },
    {
        "id": 4,
        "keypoints3d": [
          [ 1.055, -1.327,  1.590,  0.879], 
          [ 1.127, -1.398,  1.390,  0.887], 
          [ 1.238, -1.282,  1.394,  0.859], 
          [ 1.142, -1.161,  1.191,  0.817], 
          [ 0.967, -1.351,  1.198,  0.790], 
          [ 0.985, -1.499,  1.386,  0.880], 
          [ 0.902, -1.433,  1.149,  0.861], 
          [ 1.062, -1.232,  1.190,  0.796], 
          [ 1.086, -1.346,  0.865,  0.819], 
          [ 1.143, -1.264,  0.870,  0.789], 
          [ 1.185, -1.308,  0.478,  0.853], 
          [ 1.248, -1.349,  0.093,  0.852], 
          [ 1.017, -1.426,  0.863,  0.818], 
          [ 1.044, -1.434,  0.481,  0.822], 
          [ 1.084, -1.472,  0.114,  0.801], 
          [ 1.079, -1.307,  1.619,  0.812], 
          [ 1.022, -1.356,  1.611,  0.874], 
          [ 1.169, -1.334,  1.607,  0.865], 
          [ 1.041, -1.431,  1.585,  0.830], 
          [ 0.984, -1.376,  0.062,  0.718], 
          [ 0.967, -1.435,  0.070,  0.725], 
          [ 1.118, -1.482,  0.064,  0.639], 
          [ 1.130, -1.256,  0.040,  0.726], 
          [ 1.197, -1.234,  0.037,  0.676], 
          [ 1.259, -1.384,  0.049,  0.653]
        ]
    },
    {
        "id": 6,
        "keypoints3d": [
          [-0.200,  0.049,  1.079,  0.863], 
          [-0.360,  0.056,  0.911,  0.865], 
          [-0.376, -0.114,  0.913,  0.837], 
          [-0.476, -0.254,  0.700,  0.656], 
          [-0.241, -0.244,  0.658,  0.838], 
          [-0.327,  0.212,  0.922,  0.807], 
          [-0.365,  0.419,  0.751,  0.789], 
          [-0.151,  0.287,  0.656,  0.718], 
          [-0.288,  0.070,  0.464,  0.732], 
          [-0.306, -0.046,  0.461,  0.701], 
          [ 0.151, -0.117,  0.532,  0.851], 
          [ 0.046, -0.250,  0.104,  0.752], 
          [-0.255,  0.173,  0.474,  0.711], 
          [ 0.185,  0.097,  0.505,  0.876], 
          [ 0.225, -0.003,  0.105,  0.843], 
          [-0.203,  0.014,  1.110,  0.851], 
          [-0.204,  0.080,  1.118,  0.728], 
          [-0.277, -0.031,  1.099,  0.736], 
          [-0.318,  0.119,  1.102,  0.752], 
          [ 0.385,  0.009,  0.049,  0.809], 
          [ 0.352,  0.047,  0.048,  0.824], 
          [ 0.173, -0.021,  0.052,  0.736], 
          [ 0.227, -0.314,  0.097,  0.794], 
          [ 0.179, -0.345,  0.107,  0.759], 
          [ 0.002, -0.234,  0.058,  0.625]
        ]
    }
]
