[
    {
        "id": 0,
        "keypoints3d": [
          [-0.932, -1.205,  1.523,  0.822], 
          [-1.005, -1.327,  1.347,  0.860], 
          [-0.875, -1.406,  1.342,  0.857], 
          [-0.877, -1.505,  1.083,  0.791], 
          [-0.909, -1.511,  0.901,  0.808], 
          [-1.149, -1.240,  1.346,  0.839], 
          [-1.184, -1.311,  1.083,  0.757], 
          [-1.132, -1.391,  0.866,  0.601], 
          [-0.979, -1.336,  0.822,  0.766], 
          [-0.903, -1.392,  0.815,  0.768], 
          [-0.926, -1.395,  0.437,  0.784], 
          [-0.973, -1.398,  0.087,  0.842], 
          [-1.047, -1.266,  0.831,  0.742], 
          [-1.020, -1.204,  0.474,  0.766], 
          [-1.128, -1.289,  0.120,  0.846], 
          [-0.908, -1.227,  1.545,  0.845], 
          [-0.980, -1.200,  1.552,  0.860], 
          [-0.911, -1.328,  1.532,  0.764], 
          [-1.059, -1.267,  1.544,  0.876], 
          [-1.093, -1.160,  0.054,  0.700], 
          [-1.146, -1.177,  0.068,  0.740], 
          [-1.161, -1.338,  0.075,  0.713], 
          [-0.869, -1.304,  0.058,  0.727], 
          [-0.856, -1.356,  0.054,  0.777], 
          [-1.012, -1.408,  0.053,  0.656]
        ]
    },
    {
        "id": 2,
        "keypoints3d": [
          [ 1.035, -1.324,  1.582,  0.855], 
          [ 1.130, -1.405,  1.388,  0.857], 
          [ 1.251, -1.300,  1.394,  0.831], 
          [ 1.146, -1.158,  1.191,  0.811], 
          [ 0.960, -1.335,  1.200,  0.791], 
          [ 0.989, -1.508,  1.380,  0.825], 
          [ 0.896, -1.433,  1.149,  0.852], 
          [ 1.060, -1.233,  1.186,  0.779], 
          [ 1.082, -1.346,  0.861,  0.730], 
          [ 1.151, -1.273,  0.866,  0.710], 
          [ 1.186, -1.307,  0.475,  0.808], 
          [ 1.244, -1.349,  0.088,  0.776], 
          [ 1.013, -1.419,  0.862,  0.724], 
          [ 1.038, -1.435,  0.471,  0.711], 
          [ 1.081, -1.477,  0.109,  0.846], 
          [ 1.076, -1.296,  1.616,  0.805], 
          [ 1.014, -1.369,  1.604,  0.863], 
          [ 1.163, -1.340,  1.603,  0.788], 
          [ 1.056, -1.438,  1.585,  0.835], 
          [ 0.991, -1.367,  0.059,  0.650], 
          [ 0.971, -1.433,  0.071,  0.666], 
          [ 1.114, -1.488,  0.061,  0.683], 
          [ 1.133, -1.253,  0.046,  0.698], 
          [ 1.197, -1.234,  0.040,  0.705], 
          [ 1.252, -1.381,  0.037,  0.670]
        ]
    },
    {
        "id": 4,
        "keypoints3d": [
          [-0.219,  1.013,  1.493,  0.892], 
          [-0.266,  1.187,  1.301,  0.890], 
          [-0.410,  1.123,  1.307,  0.861], 
          [-0.501,  1.137,  1.065,  0.805], 
          [-0.520,  1.063,  0.856,  0.801], 
          [-0.129,  1.235,  1.293,  0.854], 
          [-0.066,  1.273,  1.063,  0.821], 
          [-0.003,  1.218,  0.857,  0.809], 
          [-0.262,  1.166,  0.793,  0.772], 
          [-0.353,  1.127,  0.798,  0.763], 
          [-0.400,  1.140,  0.442,  0.800], 
          [-0.468,  1.155,  0.094,  0.796], 
          [-0.171,  1.202,  0.786,  0.755], 
          [-0.188,  1.203,  0.439,  0.834], 
          [-0.169,  1.221,  0.095,  0.818], 
          [-0.253,  1.039,  1.516,  0.836], 
          [-0.178,  1.053,  1.525,  0.752], 
          [-0.323,  1.111,  1.514,  0.876], 
          [-0.161,  1.160,  1.518,  0.747], 
          [-0.055,  1.124,  0.044,  0.743], 
          [-0.053,  1.169,  0.050,  0.775], 
          [-0.193,  1.233,  0.051,  0.671], 
          [-0.460,  1.018,  0.047,  0.705], 
          [-0.499,  1.048,  0.048,  0.708], 
          [-0.484,  1.187,  0.044,  0.790]
        ]
    },
    {
        "id": 6,
        "keypoints3d": [
          [-0.288,  0.095,  1.100,  0.742], 
          [-0.389, -0.018,  0.914,  0.864], 
          [-0.329, -0.171,  0.905,  0.822], 
          [-0.285, -0.301,  0.689,  0.698], 
          [-0.077, -0.185,  0.641,  0.750], 
          [-0.446,  0.136,  0.922,  0.820], 
          [-0.555,  0.286,  0.714,  0.821], 
          [-0.326,  0.316,  0.653,  0.820], 
          [-0.295,  0.035,  0.428,  0.688], 
          [-0.260, -0.071,  0.429,  0.684], 
          [ 0.181,  0.117,  0.540,  0.766], 
          [ 0.147,  0.060,  0.122,  0.813], 
          [-0.327,  0.149,  0.453,  0.674], 
          [ 0.097,  0.316,  0.553,  0.755], 
          [ 0.079,  0.250,  0.126,  0.717], 
          [-0.280,  0.062,  1.137,  0.867], 
          [-0.338,  0.093,  1.131,  0.781], 
          [-0.285, -0.030,  1.117,  0.789], 
          [-0.409,  0.054,  1.116,  0.827], 
          [ 0.264,  0.302,  0.076,  0.668], 
          [ 0.218,  0.333,  0.078,  0.673], 
          [ 0.038,  0.223,  0.070,  0.568], 
          [ 0.349,  0.112,  0.124,  0.772], 
          [ 0.308,  0.065,  0.094,  0.680], 
          [ 0.121,  0.047,  0.065,  0.728]
        ]
    }
]
