[
    {
        "id": 0,
        "keypoints3d": [
          [ 1.034, -1.318,  1.585,  0.862], 
          [ 1.128, -1.401,  1.388,  0.856], 
          [ 1.250, -1.298,  1.394,  0.821], 
          [ 1.136, -1.157,  1.185,  0.841], 
          [ 0.963, -1.348,  1.196,  0.764], 
          [ 0.985, -1.501,  1.380,  0.824], 
          [ 0.897, -1.432,  1.149,  0.862], 
          [ 1.058, -1.242,  1.185,  0.775], 
          [ 1.088, -1.349,  0.867,  0.733], 
          [ 1.150, -1.276,  0.869,  0.721], 
          [ 1.183, -1.305,  0.482,  0.770], 
          [ 1.244, -1.353,  0.089,  0.802], 
          [ 1.015, -1.422,  0.869,  0.719], 
          [ 1.040, -1.434,  0.482,  0.708], 
          [ 1.080, -1.472,  0.120,  0.712], 
          [ 1.077, -1.297,  1.617,  0.911], 
          [ 1.012, -1.360,  1.607,  0.872], 
          [ 1.165, -1.333,  1.605,  0.792], 
          [ 1.039, -1.449,  1.597,  0.833], 
          [ 0.988, -1.382,  0.064,  0.706], 
          [ 0.967, -1.437,  0.073,  0.724], 
          [ 1.115, -1.488,  0.065,  0.691], 
          [ 1.137, -1.256,  0.045,  0.670], 
          [ 1.198, -1.235,  0.044,  0.678], 
          [ 1.250, -1.385,  0.041,  0.669]
        ]
    },
    {
        "id": 2,
        "keypoints3d": [
          [-0.904, -1.218,  1.533,  0.844], 
          [-0.984, -1.337,  1.345,  0.868], 
          [-0.851, -1.408,  1.334,  0.846], 
          [-0.867, -1.507,  1.075,  0.802], 
          [-0.916, -1.504,  0.901,  0.653], 
          [-1.132, -1.256,  1.360,  0.847], 
          [-1.186, -1.324,  1.093,  0.770], 
          [-1.132, -1.385,  0.874,  0.647], 
          [-0.987, -1.339,  0.830,  0.755], 
          [-0.911, -1.393,  0.818,  0.747], 
          [-0.930, -1.395,  0.440,  0.837], 
          [-0.973, -1.399,  0.092,  0.846], 
          [-1.057, -1.269,  0.839,  0.738], 
          [-1.019, -1.182,  0.484,  0.811], 
          [-1.132, -1.276,  0.129,  0.829], 
          [-0.880, -1.244,  1.558,  0.840], 
          [-0.945, -1.227,  1.570,  0.797], 
          [-0.886, -1.355,  1.536,  0.696], 
          [-1.031, -1.275,  1.551,  0.869], 
          [-1.122, -1.137,  0.066,  0.748], 
          [-1.169, -1.160,  0.072,  0.758], 
          [-1.161, -1.332,  0.086,  0.699], 
          [-0.872, -1.292,  0.065,  0.737], 
          [-0.860, -1.329,  0.064,  0.704], 
          [-1.017, -1.409,  0.054,  0.660]
        ]
    },
    {
        "id": 4,
        "keypoints3d": [
          [-0.212,  1.010,  1.486,  0.804], 
          [-0.251,  1.186,  1.299,  0.879], 
          [-0.391,  1.129,  1.307,  0.845], 
          [-0.490,  1.159,  1.067,  0.832], 
          [-0.513,  1.075,  0.859,  0.854], 
          [-0.106,  1.222,  1.289,  0.832], 
          [-0.039,  1.265,  1.046,  0.839], 
          [ 0.008,  1.199,  0.847,  0.879], 
          [-0.255,  1.164,  0.786,  0.769], 
          [-0.352,  1.128,  0.793,  0.763], 
          [-0.396,  1.135,  0.438,  0.800], 
          [-0.476,  1.154,  0.087,  0.847], 
          [-0.162,  1.191,  0.781,  0.754], 
          [-0.176,  1.195,  0.429,  0.803], 
          [-0.166,  1.225,  0.092,  0.834], 
          [-0.254,  1.039,  1.515,  0.822], 
          [-0.177,  1.052,  1.516,  0.885], 
          [-0.313,  1.113,  1.514,  0.882], 
          [-0.133,  1.138,  1.512,  0.829], 
          [-0.053,  1.123,  0.040,  0.744], 
          [-0.053,  1.167,  0.046,  0.779], 
          [-0.188,  1.232,  0.046,  0.721], 
          [-0.460,  1.013,  0.051,  0.728], 
          [-0.497,  1.037,  0.048,  0.724], 
          [-0.478,  1.186,  0.045,  0.791]
        ]
    },
    {
        "id": 6,
        "keypoints3d": [
          [-0.265,  0.136,  1.086,  0.891], 
          [-0.249, -0.040,  0.932,  0.839], 
          [-0.106, -0.100,  0.920,  0.810], 
          [-0.003, -0.226,  0.700,  0.724], 
          [ 0.055, -0.024,  0.635,  0.848], 
          [-0.389,  0.012,  0.945,  0.825], 
          [-0.608,  0.023,  0.753,  0.786], 
          [-0.478,  0.199,  0.663,  0.781], 
          [-0.243,  0.028,  0.480,  0.725], 
          [-0.145, -0.013,  0.486,  0.674], 
          [-0.014,  0.412,  0.546,  0.883], 
          [ 0.031,  0.258,  0.126,  0.715], 
          [-0.334,  0.071,  0.488,  0.691], 
          [-0.211,  0.496,  0.504,  0.798], 
          [-0.139,  0.379,  0.111,  0.829], 
          [-0.247,  0.137,  1.120,  0.747], 
          [-0.271,  0.099,  1.124,  0.780], 
          [-0.139,  0.074,  1.119,  0.874], 
          [-0.263, -0.003,  1.112,  0.751], 
          [-0.161,  0.534,  0.061,  0.750], 
          [-0.216,  0.497,  0.068,  0.763], 
          [-0.137,  0.321,  0.060,  0.614], 
          [ 0.066,  0.446,  0.122,  0.775], 
          [ 0.099,  0.390,  0.113,  0.771], 
          [ 0.029,  0.222,  0.092,  0.687]
        ]
    }
]
