[
    {
        "id": 0,
        "keypoints3d": [
          [-0.902, -1.217,  1.534,  0.911], 
          [-0.981, -1.341,  1.344,  0.869], 
          [-0.842, -1.411,  1.336,  0.843], 
          [-0.864, -1.508,  1.077,  0.819], 
          [-0.900, -1.512,  0.902,  0.706], 
          [-1.124, -1.252,  1.357,  0.848], 
          [-1.176, -1.323,  1.087,  0.799], 
          [-1.134, -1.384,  0.875,  0.679], 
          [-0.981, -1.341,  0.823,  0.760], 
          [-0.906, -1.397,  0.816,  0.749], 
          [-0.929, -1.394,  0.444,  0.834], 
          [-0.974, -1.400,  0.090,  0.838], 
          [-1.052, -1.274,  0.837,  0.731], 
          [-1.012, -1.184,  0.489,  0.810], 
          [-1.079, -1.286,  0.118,  0.856], 
          [-0.880, -1.242,  1.556,  0.793], 
          [-0.940, -1.222,  1.568,  0.793], 
          [-0.869, -1.340,  1.535,  0.699], 
          [-1.029, -1.270,  1.551,  0.874], 
          [-1.057, -1.159,  0.057,  0.701], 
          [-1.102, -1.169,  0.071,  0.723], 
          [-1.090, -1.326,  0.083,  0.713], 
          [-0.869, -1.295,  0.066,  0.653], 
          [-0.856, -1.333,  0.061,  0.700], 
          [-1.013, -1.415,  0.053,  0.639]
        ]
    },
    {
        "id": 2,
        "keypoints3d": [
          [-0.210,  1.012,  1.485,  0.894], 
          [-0.252,  1.184,  1.301,  0.879], 
          [-0.397,  1.128,  1.308,  0.849], 
          [-0.490,  1.152,  1.066,  0.740], 
          [-0.508,  1.077,  0.857,  0.829], 
          [-0.113,  1.223,  1.290,  0.838], 
          [-0.044,  1.266,  1.050,  0.833], 
          [ 0.005,  1.204,  0.846,  0.878], 
          [-0.255,  1.163,  0.782,  0.767], 
          [-0.356,  1.129,  0.792,  0.760], 
          [-0.389,  1.139,  0.435,  0.825], 
          [-0.471,  1.156,  0.091,  0.782], 
          [-0.162,  1.195,  0.778,  0.752], 
          [-0.182,  1.196,  0.426,  0.826], 
          [-0.166,  1.225,  0.092,  0.837], 
          [-0.253,  1.042,  1.513,  0.908], 
          [-0.176,  1.051,  1.520,  0.771], 
          [-0.310,  1.111,  1.513,  0.879], 
          [-0.138,  1.146,  1.517,  0.839], 
          [-0.058,  1.124,  0.043,  0.744], 
          [-0.054,  1.168,  0.048,  0.779], 
          [-0.191,  1.234,  0.049,  0.714], 
          [-0.463,  1.013,  0.051,  0.730], 
          [-0.496,  1.036,  0.049,  0.730], 
          [-0.484,  1.184,  0.047,  0.786]
        ]
    },
    {
        "id": 4,
        "keypoints3d": [
          [ 1.044, -1.327,  1.592,  0.874], 
          [ 1.125, -1.402,  1.392,  0.882], 
          [ 1.239, -1.289,  1.395,  0.864], 
          [ 1.141, -1.170,  1.191,  0.841], 
          [ 0.969, -1.357,  1.196,  0.778], 
          [ 0.983, -1.503,  1.378,  0.885], 
          [ 0.897, -1.436,  1.147,  0.873], 
          [ 1.065, -1.242,  1.181,  0.787], 
          [ 1.081, -1.348,  0.864,  0.817], 
          [ 1.142, -1.265,  0.869,  0.793], 
          [ 1.184, -1.310,  0.481,  0.863], 
          [ 1.243, -1.350,  0.094,  0.863], 
          [ 1.016, -1.426,  0.865,  0.813], 
          [ 1.039, -1.436,  0.481,  0.824], 
          [ 1.079, -1.478,  0.116,  0.808], 
          [ 1.078, -1.304,  1.621,  0.941], 
          [ 1.008, -1.352,  1.612,  0.885], 
          [ 1.167, -1.345,  1.607,  0.763], 
          [ 1.018, -1.439,  1.595,  0.823], 
          [ 0.987, -1.377,  0.064,  0.712], 
          [ 0.966, -1.435,  0.071,  0.730], 
          [ 1.113, -1.492,  0.064,  0.642], 
          [ 1.141, -1.257,  0.046,  0.691], 
          [ 1.199, -1.239,  0.044,  0.695], 
          [ 1.250, -1.386,  0.044,  0.669]
        ]
    },
    {
        "id": 6,
        "keypoints3d": [
          [-0.262,  0.129,  1.099,  0.812], 
          [-0.284, -0.044,  0.919,  0.830], 
          [-0.163, -0.128,  0.904,  0.794], 
          [-0.072, -0.263,  0.699,  0.776], 
          [ 0.039, -0.079,  0.646,  0.797], 
          [-0.404,  0.048,  0.940,  0.820], 
          [-0.608,  0.104,  0.746,  0.843], 
          [-0.458,  0.237,  0.663,  0.851], 
          [-0.260,  0.053,  0.497,  0.691], 
          [-0.163, -0.008,  0.501,  0.662], 
          [ 0.059,  0.355,  0.549,  0.854], 
          [ 0.062,  0.259,  0.144,  0.833], 
          [-0.339,  0.106,  0.502,  0.673], 
          [-0.122,  0.469,  0.532,  0.863], 
          [-0.101,  0.377,  0.116,  0.838], 
          [-0.238,  0.115,  1.131,  0.697], 
          [-0.283,  0.093,  1.125,  0.826], 
          [-0.176,  0.027,  1.128,  0.898], 
          [-0.257, -0.027,  1.088,  0.854], 
          [-0.065,  0.538,  0.066,  0.779], 
          [-0.124,  0.518,  0.078,  0.791], 
          [-0.085,  0.323,  0.068,  0.698], 
          [ 0.106,  0.400,  0.108,  0.759], 
          [ 0.130,  0.355,  0.098,  0.780], 
          [ 0.050,  0.201,  0.092,  0.690]
        ]
    }
]
