[
    {
        "id": 0,
        "keypoints3d": [
          [ 1.036, -1.320,  1.576,  0.885], 
          [ 1.130, -1.399,  1.388,  0.862], 
          [ 1.245, -1.287,  1.392,  0.814], 
          [ 1.139, -1.156,  1.183,  0.836], 
          [ 0.970, -1.350,  1.203,  0.823], 
          [ 0.992, -1.503,  1.381,  0.823], 
          [ 0.901, -1.429,  1.147,  0.858], 
          [ 1.066, -1.232,  1.180,  0.764], 
          [ 1.087, -1.351,  0.862,  0.726], 
          [ 1.147, -1.271,  0.868,  0.712], 
          [ 1.178, -1.299,  0.477,  0.779], 
          [ 1.238, -1.347,  0.091,  0.775], 
          [ 1.020, -1.426,  0.861,  0.707], 
          [ 1.036, -1.436,  0.474,  0.658], 
          [ 1.074, -1.467,  0.101,  0.841], 
          [ 1.077, -1.299,  1.615,  0.817], 
          [ 1.015, -1.361,  1.606,  0.876], 
          [ 1.172, -1.330,  1.607,  0.831], 
          [ 1.048, -1.451,  1.582,  0.856], 
          [ 0.974, -1.355,  0.059,  0.711], 
          [ 0.957, -1.431,  0.060,  0.715], 
          [ 1.104, -1.486,  0.049,  0.700], 
          [ 1.115, -1.244,  0.052,  0.730], 
          [ 1.182, -1.222,  0.047,  0.730], 
          [ 1.250, -1.386,  0.046,  0.666]
        ]
    },
    {
        "id": 2,
        "keypoints3d": [
          [-0.234,  1.032,  1.484,  0.820], 
          [-0.203,  1.178,  1.301,  0.877], 
          [-0.356,  1.140,  1.317,  0.868], 
          [-0.462,  1.165,  1.082,  0.814], 
          [-0.491,  1.094,  0.867,  0.847], 
          [-0.061,  1.213,  1.288,  0.840], 
          [-0.005,  1.253,  1.043,  0.829], 
          [ 0.026,  1.184,  0.834,  0.852], 
          [-0.232,  1.157,  0.785,  0.764], 
          [-0.333,  1.129,  0.793,  0.749], 
          [-0.386,  1.117,  0.442,  0.838], 
          [-0.471,  1.153,  0.092,  0.839], 
          [-0.132,  1.186,  0.782,  0.755], 
          [-0.169,  1.200,  0.434,  0.766], 
          [-0.168,  1.217,  0.085,  0.837], 
          [-0.257,  1.057,  1.524,  0.797], 
          [-0.206,  1.074,  1.522,  0.857], 
          [-0.271,  1.136,  1.519,  0.842], 
          [-0.105,  1.140,  1.505,  0.849], 
          [-0.061,  1.131,  0.041,  0.726], 
          [-0.055,  1.164,  0.043,  0.689], 
          [-0.192,  1.231,  0.039,  0.721], 
          [-0.474,  1.005,  0.042,  0.710], 
          [-0.513,  1.032,  0.041,  0.708], 
          [-0.468,  1.190,  0.047,  0.808]
        ]
    },
    {
        "id": 4,
        "keypoints3d": [
          [-1.012, -1.186,  1.549,  0.852], 
          [-1.085, -1.301,  1.355,  0.864], 
          [-0.952, -1.370,  1.353,  0.851], 
          [-0.963, -1.449,  1.081,  0.789], 
          [-0.994, -1.451,  0.914,  0.703], 
          [-1.234, -1.207,  1.361,  0.871], 
          [-1.283, -1.262,  1.099,  0.802], 
          [-1.216, -1.352,  0.894,  0.652], 
          [-1.078, -1.275,  0.845,  0.747], 
          [-0.994, -1.320,  0.841,  0.727], 
          [-0.979, -1.356,  0.442,  0.794], 
          [-0.985, -1.398,  0.090,  0.856], 
          [-1.165, -1.230,  0.848,  0.736], 
          [-1.170, -1.240,  0.465,  0.846], 
          [-1.234, -1.291,  0.087,  0.849], 
          [-0.990, -1.220,  1.576,  0.824], 
          [-1.051, -1.175,  1.584,  0.842], 
          [-1.005, -1.321,  1.540,  0.787], 
          [-1.130, -1.222,  1.570,  0.871], 
          [-1.193, -1.140,  0.038,  0.763], 
          [-1.239, -1.162,  0.039,  0.797], 
          [-1.254, -1.328,  0.037,  0.738], 
          [-0.876, -1.298,  0.061,  0.751], 
          [-0.863, -1.342,  0.063,  0.735], 
          [-1.018, -1.415,  0.055,  0.792]
        ]
    },
    {
        "id": 6,
        "keypoints3d": [
          [-0.341,  0.216,  1.067,  0.742], 
          [-0.196,  0.070,  0.929,  0.851], 
          [-0.046,  0.132,  0.916,  0.815], 
          [ 0.114,  0.048,  0.715,  0.843], 
          [ 0.000,  0.220,  0.637,  0.790], 
          [-0.334,  0.005,  0.944,  0.852], 
          [-0.461, -0.173,  0.783,  0.774], 
          [-0.507,  0.011,  0.635,  0.797], 
          [-0.223,  0.034,  0.460,  0.687], 
          [-0.122,  0.090,  0.467,  0.678], 
          [-0.364,  0.477,  0.564,  0.867], 
          [-0.309,  0.465,  0.146,  0.738], 
          [-0.338, -0.013,  0.460,  0.658], 
          [-0.560,  0.372,  0.515,  0.740], 
          [-0.403,  0.403,  0.160,  0.655], 
          [-0.299,  0.232,  1.079,  0.772], 
          [-0.332,  0.184,  1.105,  0.775], 
          [-0.220,  0.241,  1.070,  0.773], 
          [-0.285,  0.099,  1.114,  0.718], 
          [-0.520,  0.481,  0.086,  0.779], 
          [-0.520,  0.437,  0.086,  0.812], 
          [-0.338,  0.379,  0.081,  0.608], 
          [-0.405,  0.588,  0.111,  0.701], 
          [-0.353,  0.596,  0.117,  0.714], 
          [-0.277,  0.445,  0.099,  0.716]
        ]
    }
]
