[
    {
        "id": 0,
        "keypoints3d": [
          [-0.211,  1.012,  1.487,  0.899], 
          [-0.261,  1.188,  1.300,  0.891], 
          [-0.406,  1.127,  1.307,  0.858], 
          [-0.498,  1.147,  1.066,  0.792], 
          [-0.512,  1.063,  0.856,  0.784], 
          [-0.119,  1.232,  1.291,  0.846], 
          [-0.054,  1.275,  1.057,  0.835], 
          [ 0.001,  1.227,  0.839,  0.853], 
          [-0.257,  1.165,  0.789,  0.768], 
          [-0.354,  1.127,  0.796,  0.763], 
          [-0.395,  1.140,  0.443,  0.799], 
          [-0.469,  1.155,  0.095,  0.786], 
          [-0.166,  1.199,  0.782,  0.760], 
          [-0.185,  1.206,  0.438,  0.826], 
          [-0.170,  1.228,  0.104,  0.819], 
          [-0.253,  1.040,  1.513,  0.813], 
          [-0.177,  1.052,  1.519,  0.768], 
          [-0.318,  1.111,  1.515,  0.883], 
          [-0.151,  1.160,  1.520,  0.815], 
          [-0.052,  1.128,  0.048,  0.743], 
          [-0.054,  1.168,  0.050,  0.772], 
          [-0.193,  1.233,  0.055,  0.669], 
          [-0.456,  1.022,  0.047,  0.711], 
          [-0.492,  1.047,  0.048,  0.715], 
          [-0.484,  1.184,  0.045,  0.784]
        ]
    },
    {
        "id": 2,
        "keypoints3d": [
          [-0.915, -1.210,  1.525,  0.835], 
          [-0.991, -1.334,  1.350,  0.873], 
          [-0.861, -1.405,  1.343,  0.854], 
          [-0.867, -1.504,  1.086,  0.795], 
          [-0.905, -1.515,  0.906,  0.813], 
          [-1.134, -1.245,  1.355,  0.844], 
          [-1.176, -1.310,  1.083,  0.785], 
          [-1.134, -1.378,  0.855,  0.694], 
          [-0.975, -1.336,  0.817,  0.759], 
          [-0.899, -1.394,  0.812,  0.759], 
          [-0.925, -1.398,  0.438,  0.782], 
          [-0.979, -1.395,  0.089,  0.841], 
          [-1.048, -1.266,  0.827,  0.727], 
          [-1.007, -1.229,  0.468,  0.778], 
          [-1.068, -1.288,  0.106,  0.852], 
          [-0.895, -1.237,  1.552,  0.844], 
          [-0.965, -1.208,  1.557,  0.853], 
          [-0.907, -1.335,  1.534,  0.744], 
          [-1.043, -1.265,  1.548,  0.882], 
          [-1.024, -1.162,  0.054,  0.725], 
          [-1.081, -1.164,  0.059,  0.748], 
          [-1.078, -1.337,  0.052,  0.718], 
          [-0.868, -1.307,  0.060,  0.716], 
          [-0.860, -1.352,  0.056,  0.704], 
          [-1.015, -1.411,  0.047,  0.618]
        ]
    },
    {
        "id": 4,
        "keypoints3d": [
          [-0.288,  0.095,  1.099,  0.860], 
          [-0.366, -0.029,  0.920,  0.850], 
          [-0.278, -0.166,  0.909,  0.799], 
          [-0.212, -0.313,  0.693,  0.707], 
          [-0.060, -0.171,  0.641,  0.754], 
          [-0.445,  0.106,  0.929,  0.835], 
          [-0.597,  0.234,  0.719,  0.818], 
          [-0.361,  0.286,  0.654,  0.791], 
          [-0.294,  0.042,  0.461,  0.699], 
          [-0.235, -0.053,  0.476,  0.677], 
          [ 0.152,  0.193,  0.539,  0.816], 
          [ 0.150,  0.118,  0.116,  0.726], 
          [-0.348,  0.137,  0.468,  0.683], 
          [ 0.051,  0.353,  0.539,  0.790], 
          [ 0.055,  0.290,  0.123,  0.766], 
          [-0.274,  0.074,  1.140,  0.863], 
          [-0.330,  0.084,  1.129,  0.806], 
          [-0.263, -0.031,  1.117,  0.854], 
          [-0.398,  0.041,  1.117,  0.867], 
          [ 0.172,  0.408,  0.074,  0.799], 
          [ 0.121,  0.415,  0.065,  0.790], 
          [ 0.039,  0.245,  0.069,  0.591], 
          [ 0.287,  0.218,  0.103,  0.795], 
          [ 0.278,  0.156,  0.093,  0.800], 
          [ 0.116,  0.091,  0.083,  0.619]
        ]
    },
    {
        "id": 6,
        "keypoints3d": [
          [ 1.038, -1.321,  1.583,  0.875], 
          [ 1.127, -1.401,  1.390,  0.866], 
          [ 1.242, -1.293,  1.396,  0.853], 
          [ 1.143, -1.162,  1.190,  0.805], 
          [ 0.959, -1.335,  1.201,  0.801], 
          [ 0.979, -1.500,  1.385,  0.843], 
          [ 0.898, -1.432,  1.146,  0.866], 
          [ 1.072, -1.239,  1.181,  0.787], 
          [ 1.079, -1.343,  0.864,  0.769], 
          [ 1.143, -1.270,  0.870,  0.764], 
          [ 1.183, -1.309,  0.475,  0.806], 
          [ 1.243, -1.352,  0.091,  0.858], 
          [ 1.013, -1.419,  0.861,  0.752], 
          [ 1.040, -1.435,  0.475,  0.765], 
          [ 1.079, -1.479,  0.112,  0.850], 
          [ 1.076, -1.297,  1.616,  0.822], 
          [ 1.015, -1.360,  1.609,  0.877], 
          [ 1.164, -1.338,  1.602,  0.891], 
          [ 1.039, -1.431,  1.581,  0.837], 
          [ 0.993, -1.371,  0.058,  0.652], 
          [ 0.971, -1.432,  0.074,  0.662], 
          [ 1.112, -1.486,  0.060,  0.682], 
          [ 1.130, -1.258,  0.048,  0.702], 
          [ 1.193, -1.239,  0.041,  0.708], 
          [ 1.250, -1.389,  0.038,  0.680]
        ]
    }
]
