[
    {
        "id": 0,
        "keypoints3d": [
          [-1.049, -1.163,  1.550,  0.854], 
          [-1.122, -1.288,  1.358,  0.863], 
          [-0.978, -1.356,  1.357,  0.875], 
          [-0.974, -1.434,  1.081,  0.755], 
          [-1.032, -1.439,  0.885,  0.740], 
          [-1.265, -1.213,  1.360,  0.847], 
          [-1.319, -1.257,  1.115,  0.786], 
          [-1.275, -1.336,  0.916,  0.689], 
          [-1.115, -1.267,  0.836,  0.754], 
          [-1.025, -1.315,  0.832,  0.744], 
          [-1.012, -1.334,  0.447,  0.793], 
          [-0.993, -1.394,  0.101,  0.846], 
          [-1.214, -1.229,  0.840,  0.737], 
          [-1.209, -1.252,  0.458,  0.788], 
          [-1.233, -1.301,  0.081,  0.782], 
          [-1.032, -1.187,  1.577,  0.836], 
          [-1.107, -1.181,  1.578,  0.885], 
          [-1.037, -1.292,  1.545,  0.768], 
          [-1.187, -1.213,  1.566,  0.864], 
          [-1.197, -1.141,  0.039,  0.759], 
          [-1.242, -1.165,  0.042,  0.785], 
          [-1.249, -1.335,  0.033,  0.714], 
          [-0.872, -1.299,  0.062,  0.741], 
          [-0.864, -1.333,  0.066,  0.734], 
          [-1.021, -1.423,  0.053,  0.794]
        ]
    },
    {
        "id": 2,
        "keypoints3d": [
          [ 1.040, -1.314,  1.577,  0.884], 
          [ 1.131, -1.396,  1.388,  0.862], 
          [ 1.246, -1.286,  1.393,  0.815], 
          [ 1.139, -1.156,  1.183,  0.831], 
          [ 0.973, -1.349,  1.202,  0.813], 
          [ 0.994, -1.502,  1.382,  0.822], 
          [ 0.905, -1.432,  1.148,  0.855], 
          [ 1.069, -1.236,  1.176,  0.755], 
          [ 1.088, -1.351,  0.865,  0.724], 
          [ 1.151, -1.268,  0.873,  0.711], 
          [ 1.181, -1.300,  0.482,  0.786], 
          [ 1.237, -1.347,  0.091,  0.772], 
          [ 1.021, -1.426,  0.864,  0.709], 
          [ 1.039, -1.434,  0.475,  0.666], 
          [ 1.071, -1.466,  0.100,  0.840], 
          [ 1.077, -1.299,  1.615,  0.815], 
          [ 1.021, -1.354,  1.603,  0.875], 
          [ 1.175, -1.320,  1.607,  0.900], 
          [ 1.049, -1.448,  1.582,  0.857], 
          [ 0.969, -1.352,  0.061,  0.714], 
          [ 0.957, -1.430,  0.060,  0.717], 
          [ 1.105, -1.482,  0.049,  0.703], 
          [ 1.115, -1.247,  0.049,  0.729], 
          [ 1.182, -1.222,  0.047,  0.729], 
          [ 1.250, -1.386,  0.045,  0.671]
        ]
    },
    {
        "id": 4,
        "keypoints3d": [
          [-0.235,  1.050,  1.483,  0.821], 
          [-0.192,  1.178,  1.301,  0.880], 
          [-0.341,  1.143,  1.315,  0.869], 
          [-0.441,  1.160,  1.076,  0.809], 
          [-0.476,  1.096,  0.870,  0.838], 
          [-0.043,  1.215,  1.290,  0.849], 
          [ 0.013,  1.252,  1.043,  0.837], 
          [ 0.052,  1.183,  0.845,  0.841], 
          [-0.216,  1.160,  0.787,  0.786], 
          [-0.320,  1.132,  0.798,  0.762], 
          [-0.365,  1.110,  0.458,  0.813], 
          [-0.468,  1.147,  0.090,  0.837], 
          [-0.117,  1.186,  0.789,  0.766], 
          [-0.144,  1.214,  0.437,  0.813], 
          [-0.167,  1.214,  0.088,  0.859], 
          [-0.266,  1.081,  1.522,  0.798], 
          [-0.146,  1.056,  1.540,  0.895], 
          [-0.274,  1.143,  1.510,  0.819], 
          [-0.094,  1.141,  1.510,  0.784], 
          [-0.058,  1.131,  0.048,  0.721], 
          [-0.048,  1.169,  0.055,  0.744], 
          [-0.195,  1.227,  0.042,  0.749], 
          [-0.471,  1.007,  0.040,  0.713], 
          [-0.509,  1.032,  0.043,  0.713], 
          [-0.465,  1.185,  0.050,  0.810]
        ]
    },
    {
        "id": 6,
        "keypoints3d": [
          [-0.396,  0.233,  1.050,  0.787], 
          [-0.221,  0.111,  0.925,  0.867], 
          [-0.083,  0.202,  0.922,  0.796], 
          [ 0.073,  0.129,  0.739,  0.792], 
          [-0.053,  0.268,  0.633,  0.866], 
          [-0.347,  0.020,  0.939,  0.839], 
          [-0.431, -0.193,  0.787,  0.753], 
          [-0.518, -0.034,  0.653,  0.734], 
          [-0.222,  0.057,  0.468,  0.696], 
          [-0.131,  0.111,  0.461,  0.683], 
          [-0.434,  0.451,  0.514,  0.835], 
          [-0.313,  0.457,  0.099,  0.756], 
          [-0.319,  0.009,  0.477,  0.686], 
          [-0.624,  0.323,  0.554,  0.747], 
          [-0.507,  0.353,  0.146,  0.732], 
          [-0.382,  0.254,  1.080,  0.773], 
          [-0.391,  0.191,  1.078,  0.824], 
          [-0.297,  0.299,  1.077,  0.693], 
          [-0.320,  0.139,  1.102,  0.791], 
          [-0.673,  0.409,  0.132,  0.653], 
          [-0.651,  0.343,  0.128,  0.675], 
          [-0.437,  0.355,  0.082,  0.757], 
          [-0.467,  0.540,  0.066,  0.765], 
          [-0.404,  0.565,  0.073,  0.766], 
          [-0.273,  0.428,  0.053,  0.640]
        ]
    }
]
