[
    {
        "id": 0,
        "keypoints3d": [
          [-0.334,  1.015,  1.494,  0.856], 
          [-0.422,  1.172,  1.298,  0.884], 
          [-0.556,  1.125,  1.291,  0.843], 
          [-0.645,  1.143,  1.043,  0.796], 
          [-0.680,  1.070,  0.824,  0.802], 
          [-0.281,  1.216,  1.307,  0.850], 
          [-0.214,  1.251,  1.073,  0.836], 
          [-0.141,  1.212,  0.862,  0.873], 
          [-0.386,  1.149,  0.784,  0.762], 
          [-0.484,  1.127,  0.786,  0.759], 
          [-0.480,  1.156,  0.429,  0.809], 
          [-0.488,  1.156,  0.080,  0.840], 
          [-0.286,  1.181,  0.784,  0.743], 
          [-0.234,  1.173,  0.449,  0.778], 
          [-0.169,  1.220,  0.096,  0.785], 
          [-0.385,  1.023,  1.519,  0.884], 
          [-0.320,  1.061,  1.516,  0.899], 
          [-0.477,  1.074,  1.518,  0.841], 
          [-0.334,  1.154,  1.506,  0.814], 
          [-0.061,  1.122,  0.052,  0.722], 
          [-0.057,  1.165,  0.058,  0.759], 
          [-0.196,  1.240,  0.046,  0.766], 
          [-0.472,  1.009,  0.044,  0.721], 
          [-0.510,  1.032,  0.044,  0.714], 
          [-0.475,  1.191,  0.039,  0.782]
        ]
    },
    {
        "id": 2,
        "keypoints3d": [
          [-1.115, -1.078,  1.495,  0.853], 
          [-1.193, -1.236,  1.342,  0.865], 
          [-1.071, -1.332,  1.356,  0.848], 
          [-1.062, -1.440,  1.102,  0.792], 
          [-1.163, -1.419,  0.891,  0.721], 
          [-1.317, -1.139,  1.333,  0.849], 
          [-1.376, -1.177,  1.079,  0.736], 
          [-1.342, -1.314,  0.871,  0.675], 
          [-1.155, -1.278,  0.825,  0.765], 
          [-1.072, -1.339,  0.831,  0.746], 
          [-1.039, -1.348,  0.462,  0.787], 
          [-1.008, -1.387,  0.105,  0.753], 
          [-1.237, -1.217,  0.818,  0.743], 
          [-1.260, -1.261,  0.448,  0.792], 
          [-1.272, -1.301,  0.082,  0.804], 
          [-1.101, -1.107,  1.528,  0.826], 
          [-1.163, -1.072,  1.524,  0.906], 
          [-1.102, -1.204,  1.542,  0.808], 
          [-1.249, -1.111,  1.512,  0.855], 
          [-1.204, -1.154,  0.033,  0.709], 
          [-1.257, -1.161,  0.042,  0.726], 
          [-1.277, -1.340,  0.026,  0.698], 
          [-0.895, -1.295,  0.065,  0.694], 
          [-0.882, -1.333,  0.068,  0.669], 
          [-1.021, -1.413,  0.060,  0.719]
        ]
    },
    {
        "id": 4,
        "keypoints3d": [
          [-0.090, -0.167,  1.016,  0.768], 
          [-0.249, -0.029,  0.920,  0.860], 
          [-0.360, -0.136,  0.913,  0.797], 
          [-0.580, -0.141,  0.770,  0.822], 
          [-0.414, -0.226,  0.645,  0.752], 
          [-0.140,  0.086,  0.928,  0.822], 
          [-0.128,  0.321,  0.814,  0.799], 
          [-0.051,  0.204,  0.658,  0.793], 
          [-0.266,  0.056,  0.461,  0.686], 
          [-0.342, -0.019,  0.449,  0.669], 
          [-0.077, -0.363,  0.468,  0.595], 
          [-0.115, -0.363,  0.070,  0.764], 
          [-0.188,  0.135,  0.472,  0.657], 
          [ 0.185, -0.148,  0.516,  0.835], 
          [ 0.200, -0.001,  0.084,  0.758], 
          [-0.137, -0.209,  1.067,  0.733], 
          [-0.077, -0.151,  1.053,  0.782], 
          [-0.229, -0.223,  1.064,  0.851], 
          [-0.109, -0.063,  1.082,  0.844], 
          [ 0.355, -0.119,  0.056,  0.817], 
          [ 0.363, -0.053,  0.051,  0.825], 
          [ 0.169,  0.044,  0.032,  0.664], 
          [ 0.000, -0.494,  0.051,  0.762], 
          [-0.054, -0.497,  0.038,  0.666], 
          [-0.146, -0.333,  0.040,  0.714]
        ]
    },
    {
        "id": 6,
        "keypoints3d": [
          [ 1.066, -1.315,  1.596,  0.908], 
          [ 1.127, -1.379,  1.393,  0.898], 
          [ 1.234, -1.268,  1.396,  0.863], 
          [ 1.144, -1.160,  1.192,  0.780], 
          [ 0.966, -1.338,  1.202,  0.779], 
          [ 0.994, -1.495,  1.387,  0.879], 
          [ 0.911, -1.442,  1.146,  0.868], 
          [ 1.077, -1.243,  1.179,  0.810], 
          [ 1.085, -1.350,  0.862,  0.814], 
          [ 1.141, -1.267,  0.870,  0.786], 
          [ 1.179, -1.312,  0.467,  0.841], 
          [ 1.241, -1.352,  0.090,  0.766], 
          [ 1.018, -1.427,  0.862,  0.805], 
          [ 1.039, -1.435,  0.469,  0.794], 
          [ 1.079, -1.477,  0.107,  0.843], 
          [ 1.082, -1.287,  1.624,  0.940], 
          [ 1.027, -1.360,  1.625,  0.886], 
          [ 1.173, -1.324,  1.613,  0.870], 
          [ 1.042, -1.429,  1.585,  0.867], 
          [ 0.984, -1.368,  0.061,  0.718], 
          [ 0.965, -1.433,  0.069,  0.724], 
          [ 1.116, -1.492,  0.056,  0.697], 
          [ 1.135, -1.257,  0.043,  0.720], 
          [ 1.198, -1.236,  0.044,  0.723], 
          [ 1.255, -1.393,  0.049,  0.681]
        ]
    }
]
