[
    {
        "id": 0,
        "keypoints3d": [
          [ 1.040, -1.314,  1.577,  0.885], 
          [ 1.131, -1.396,  1.388,  0.862], 
          [ 1.246, -1.285,  1.394,  0.814], 
          [ 1.140, -1.157,  1.183,  0.828], 
          [ 0.973, -1.349,  1.202,  0.815], 
          [ 0.994, -1.502,  1.382,  0.824], 
          [ 0.902, -1.431,  1.148,  0.856], 
          [ 1.066, -1.235,  1.177,  0.754], 
          [ 1.088, -1.351,  0.865,  0.723], 
          [ 1.151, -1.269,  0.874,  0.710], 
          [ 1.181, -1.300,  0.482,  0.786], 
          [ 1.237, -1.347,  0.091,  0.772], 
          [ 1.021, -1.426,  0.864,  0.709], 
          [ 1.039, -1.434,  0.475,  0.666], 
          [ 1.071, -1.466,  0.100,  0.841], 
          [ 1.076, -1.295,  1.615,  0.815], 
          [ 1.021, -1.354,  1.603,  0.875], 
          [ 1.176, -1.321,  1.606,  0.903], 
          [ 1.050, -1.449,  1.581,  0.858], 
          [ 0.969, -1.352,  0.061,  0.715], 
          [ 0.957, -1.430,  0.060,  0.717], 
          [ 1.105, -1.482,  0.049,  0.703], 
          [ 1.115, -1.247,  0.049,  0.729], 
          [ 1.182, -1.222,  0.047,  0.730], 
          [ 1.250, -1.386,  0.045,  0.670]
        ]
    },
    {
        "id": 2,
        "keypoints3d": [
          [-0.236,  1.047,  1.483,  0.819], 
          [-0.194,  1.178,  1.302,  0.882], 
          [-0.343,  1.142,  1.319,  0.871], 
          [-0.441,  1.160,  1.073,  0.803], 
          [-0.477,  1.095,  0.870,  0.838], 
          [-0.044,  1.214,  1.289,  0.844], 
          [ 0.005,  1.253,  1.047,  0.837], 
          [ 0.049,  1.186,  0.845,  0.838], 
          [-0.218,  1.161,  0.788,  0.783], 
          [-0.321,  1.130,  0.798,  0.760], 
          [-0.367,  1.112,  0.460,  0.816], 
          [-0.469,  1.148,  0.091,  0.837], 
          [-0.119,  1.187,  0.790,  0.768], 
          [-0.144,  1.214,  0.439,  0.816], 
          [-0.169,  1.215,  0.090,  0.859], 
          [-0.267,  1.078,  1.522,  0.804], 
          [-0.146,  1.055,  1.541,  0.900], 
          [-0.274,  1.143,  1.510,  0.819], 
          [-0.098,  1.142,  1.507,  0.793], 
          [-0.059,  1.128,  0.048,  0.724], 
          [-0.050,  1.165,  0.051,  0.748], 
          [-0.196,  1.230,  0.040,  0.749], 
          [-0.471,  1.007,  0.040,  0.713], 
          [-0.509,  1.033,  0.045,  0.717], 
          [-0.467,  1.187,  0.049,  0.813]
        ]
    },
    {
        "id": 4,
        "keypoints3d": [
          [-1.046, -1.169,  1.548,  0.855], 
          [-1.117, -1.291,  1.358,  0.861], 
          [-0.978, -1.358,  1.357,  0.876], 
          [-0.973, -1.433,  1.078,  0.748], 
          [-1.041, -1.431,  0.880,  0.738], 
          [-1.262, -1.216,  1.361,  0.849], 
          [-1.316, -1.256,  1.111,  0.807], 
          [-1.281, -1.312,  0.910,  0.657], 
          [-1.108, -1.276,  0.840,  0.748], 
          [-1.020, -1.323,  0.835,  0.742], 
          [-1.004, -1.343,  0.452,  0.759], 
          [-0.990, -1.396,  0.097,  0.848], 
          [-1.204, -1.239,  0.839,  0.729], 
          [-1.202, -1.258,  0.462,  0.757], 
          [-1.234, -1.300,  0.084,  0.855], 
          [-1.026, -1.203,  1.574,  0.828], 
          [-1.101, -1.182,  1.580,  0.843], 
          [-1.036, -1.303,  1.546,  0.754], 
          [-1.181, -1.220,  1.564,  0.863], 
          [-1.196, -1.143,  0.040,  0.777], 
          [-1.242, -1.164,  0.043,  0.801], 
          [-1.249, -1.332,  0.034,  0.725], 
          [-0.872, -1.300,  0.064,  0.747], 
          [-0.863, -1.336,  0.066,  0.738], 
          [-1.021, -1.417,  0.054,  0.801]
        ]
    },
    {
        "id": 6,
        "keypoints3d": [
          [-0.392,  0.231,  1.049,  0.850], 
          [-0.219,  0.101,  0.929,  0.877], 
          [-0.076,  0.187,  0.925,  0.804], 
          [ 0.088,  0.118,  0.730,  0.772], 
          [-0.042,  0.262,  0.632,  0.844], 
          [-0.347,  0.017,  0.941,  0.838], 
          [-0.430, -0.193,  0.785,  0.751], 
          [-0.518, -0.032,  0.651,  0.743], 
          [-0.217,  0.062,  0.462,  0.693], 
          [-0.122,  0.115,  0.454,  0.678], 
          [-0.414,  0.448,  0.507,  0.843], 
          [-0.310,  0.459,  0.097,  0.750], 
          [-0.316,  0.014,  0.473,  0.681], 
          [-0.620,  0.328,  0.552,  0.778], 
          [-0.510,  0.351,  0.150,  0.652], 
          [-0.362,  0.241,  1.072,  0.852], 
          [-0.391,  0.191,  1.078,  0.824], 
          [-0.262,  0.269,  1.074,  0.688], 
          [-0.319,  0.136,  1.101,  0.769], 
          [-0.673,  0.409,  0.132,  0.653], 
          [-0.651,  0.343,  0.128,  0.675], 
          [-0.437,  0.355,  0.082,  0.757], 
          [-0.457,  0.535,  0.061,  0.760], 
          [-0.395,  0.560,  0.063,  0.754], 
          [-0.271,  0.431,  0.048,  0.633]
        ]
    }
]
