[
    {
        "id": 0,
        "keypoints3d": [
          [-0.212,  1.009,  1.490,  0.900], 
          [-0.263,  1.190,  1.302,  0.890], 
          [-0.409,  1.128,  1.309,  0.859], 
          [-0.499,  1.144,  1.063,  0.802], 
          [-0.513,  1.060,  0.856,  0.802], 
          [-0.122,  1.235,  1.291,  0.847], 
          [-0.058,  1.278,  1.057,  0.835], 
          [ 0.002,  1.230,  0.840,  0.857], 
          [-0.256,  1.167,  0.793,  0.765], 
          [-0.351,  1.130,  0.798,  0.762], 
          [-0.396,  1.142,  0.440,  0.800], 
          [-0.468,  1.156,  0.097,  0.786], 
          [-0.166,  1.200,  0.784,  0.756], 
          [-0.185,  1.204,  0.439,  0.827], 
          [-0.170,  1.227,  0.105,  0.818], 
          [-0.253,  1.040,  1.513,  0.821], 
          [-0.177,  1.052,  1.521,  0.776], 
          [-0.319,  1.112,  1.514,  0.891], 
          [-0.154,  1.156,  1.519,  0.813], 
          [-0.058,  1.126,  0.044,  0.741], 
          [-0.056,  1.168,  0.050,  0.772], 
          [-0.193,  1.234,  0.055,  0.669], 
          [-0.458,  1.021,  0.047,  0.711], 
          [-0.491,  1.047,  0.049,  0.718], 
          [-0.481,  1.185,  0.048,  0.783]
        ]
    },
    {
        "id": 2,
        "keypoints3d": [
          [-0.917, -1.209,  1.523,  0.837], 
          [-0.995, -1.329,  1.349,  0.871], 
          [-0.865, -1.404,  1.343,  0.854], 
          [-0.871, -1.505,  1.090,  0.788], 
          [-0.906, -1.516,  0.904,  0.803], 
          [-1.135, -1.246,  1.354,  0.840], 
          [-1.179, -1.310,  1.084,  0.778], 
          [-1.139, -1.376,  0.858,  0.693], 
          [-0.976, -1.334,  0.820,  0.755], 
          [-0.898, -1.396,  0.815,  0.759], 
          [-0.926, -1.398,  0.440,  0.778], 
          [-0.974, -1.396,  0.088,  0.834], 
          [-1.047, -1.264,  0.832,  0.728], 
          [-1.016, -1.216,  0.477,  0.778], 
          [-1.091, -1.283,  0.116,  0.865], 
          [-0.899, -1.236,  1.547,  0.832], 
          [-0.966, -1.204,  1.555,  0.863], 
          [-0.909, -1.333,  1.533,  0.729], 
          [-1.046, -1.264,  1.549,  0.881], 
          [-1.030, -1.155,  0.063,  0.704], 
          [-1.091, -1.158,  0.064,  0.742], 
          [-1.111, -1.319,  0.065,  0.734], 
          [-0.871, -1.299,  0.057,  0.671], 
          [-0.859, -1.344,  0.055,  0.648], 
          [-1.019, -1.412,  0.047,  0.606]
        ]
    },
    {
        "id": 4,
        "keypoints3d": [
          [-0.292,  0.092,  1.098,  0.839], 
          [-0.371, -0.026,  0.920,  0.845], 
          [-0.291, -0.172,  0.906,  0.801], 
          [-0.228, -0.307,  0.692,  0.765], 
          [-0.061, -0.175,  0.644,  0.859], 
          [-0.445,  0.115,  0.926,  0.828], 
          [-0.585,  0.246,  0.723,  0.788], 
          [-0.362,  0.293,  0.659,  0.756], 
          [-0.287,  0.041,  0.463,  0.690], 
          [-0.231, -0.057,  0.466,  0.670], 
          [ 0.157,  0.169,  0.534,  0.715], 
          [ 0.154,  0.088,  0.131,  0.757], 
          [-0.338,  0.139,  0.463,  0.681], 
          [ 0.061,  0.342,  0.543,  0.800], 
          [ 0.058,  0.273,  0.127,  0.764], 
          [-0.274,  0.070,  1.140,  0.845], 
          [-0.332,  0.087,  1.127,  0.846], 
          [-0.267, -0.028,  1.118,  0.842], 
          [-0.400,  0.042,  1.117,  0.861], 
          [ 0.181,  0.381,  0.063,  0.773], 
          [ 0.134,  0.397,  0.062,  0.788], 
          [ 0.045,  0.234,  0.073,  0.608], 
          [ 0.287,  0.191,  0.102,  0.816], 
          [ 0.277,  0.131,  0.090,  0.807], 
          [ 0.116,  0.058,  0.087,  0.656]
        ]
    },
    {
        "id": 6,
        "keypoints3d": [
          [ 1.038, -1.321,  1.583,  0.876], 
          [ 1.127, -1.401,  1.390,  0.865], 
          [ 1.242, -1.293,  1.396,  0.854], 
          [ 1.145, -1.160,  1.190,  0.801], 
          [ 0.961, -1.338,  1.201,  0.799], 
          [ 0.979, -1.501,  1.385,  0.842], 
          [ 0.898, -1.432,  1.147,  0.866], 
          [ 1.069, -1.242,  1.181,  0.790], 
          [ 1.080, -1.345,  0.861,  0.771], 
          [ 1.145, -1.269,  0.868,  0.765], 
          [ 1.185, -1.307,  0.472,  0.806], 
          [ 1.245, -1.350,  0.088,  0.855], 
          [ 1.013, -1.419,  0.861,  0.754], 
          [ 1.039, -1.436,  0.471,  0.766], 
          [ 1.078, -1.479,  0.109,  0.848], 
          [ 1.076, -1.297,  1.616,  0.822], 
          [ 1.011, -1.361,  1.609,  0.878], 
          [ 1.164, -1.338,  1.602,  0.888], 
          [ 1.039, -1.431,  1.581,  0.840], 
          [ 0.990, -1.368,  0.059,  0.646], 
          [ 0.971, -1.432,  0.074,  0.656], 
          [ 1.110, -1.484,  0.061,  0.681], 
          [ 1.132, -1.253,  0.047,  0.689], 
          [ 1.191, -1.235,  0.043,  0.695], 
          [ 1.248, -1.387,  0.033,  0.676]
        ]
    }
]
