[
    {
        "id": 0,
        "keypoints3d": [
          [-0.210,  1.012,  1.485,  0.898], 
          [-0.252,  1.184,  1.301,  0.878], 
          [-0.397,  1.128,  1.307,  0.849], 
          [-0.495,  1.159,  1.068,  0.812], 
          [-0.508,  1.078,  0.859,  0.825], 
          [-0.112,  1.226,  1.289,  0.833], 
          [-0.043,  1.266,  1.050,  0.834], 
          [ 0.005,  1.201,  0.847,  0.877], 
          [-0.259,  1.162,  0.783,  0.763], 
          [-0.356,  1.127,  0.792,  0.758], 
          [-0.389,  1.138,  0.435,  0.824], 
          [-0.473,  1.154,  0.090,  0.782], 
          [-0.162,  1.193,  0.779,  0.753], 
          [-0.183,  1.196,  0.424,  0.824], 
          [-0.167,  1.224,  0.091,  0.833], 
          [-0.253,  1.042,  1.513,  0.908], 
          [-0.176,  1.051,  1.517,  0.773], 
          [-0.316,  1.111,  1.513,  0.878], 
          [-0.137,  1.149,  1.518,  0.834], 
          [-0.057,  1.122,  0.043,  0.743], 
          [-0.054,  1.168,  0.048,  0.780], 
          [-0.189,  1.232,  0.048,  0.717], 
          [-0.463,  1.013,  0.051,  0.733], 
          [-0.496,  1.038,  0.049,  0.734], 
          [-0.482,  1.184,  0.045,  0.786]
        ]
    },
    {
        "id": 2,
        "keypoints3d": [
          [-0.902, -1.217,  1.534,  0.911], 
          [-0.981, -1.341,  1.344,  0.870], 
          [-0.842, -1.408,  1.335,  0.845], 
          [-0.864, -1.507,  1.075,  0.822], 
          [-0.911, -1.506,  0.887,  0.687], 
          [-1.126, -1.254,  1.357,  0.849], 
          [-1.177, -1.324,  1.087,  0.801], 
          [-1.132, -1.370,  0.864,  0.671], 
          [-0.981, -1.337,  0.823,  0.759], 
          [-0.905, -1.394,  0.816,  0.752], 
          [-0.930, -1.391,  0.442,  0.831], 
          [-0.977, -1.399,  0.090,  0.834], 
          [-1.053, -1.277,  0.835,  0.734], 
          [-1.016, -1.181,  0.491,  0.811], 
          [-1.091, -1.285,  0.122,  0.849], 
          [-0.879, -1.246,  1.556,  0.795], 
          [-0.940, -1.222,  1.568,  0.792], 
          [-0.866, -1.345,  1.537,  0.708], 
          [-1.029, -1.270,  1.551,  0.865], 
          [-1.070, -1.149,  0.065,  0.695], 
          [-1.119, -1.165,  0.072,  0.727], 
          [-1.103, -1.323,  0.083,  0.710], 
          [-0.871, -1.294,  0.064,  0.664], 
          [-0.859, -1.331,  0.060,  0.637], 
          [-1.015, -1.412,  0.055,  0.644]
        ]
    },
    {
        "id": 4,
        "keypoints3d": [
          [-0.264,  0.133,  1.098,  0.748], 
          [-0.272, -0.040,  0.927,  0.836], 
          [-0.145, -0.122,  0.913,  0.804], 
          [-0.060, -0.266,  0.702,  0.784], 
          [ 0.031, -0.057,  0.636,  0.752], 
          [-0.402,  0.048,  0.940,  0.823], 
          [-0.606,  0.082,  0.746,  0.809], 
          [-0.460,  0.221,  0.658,  0.839], 
          [-0.242,  0.037,  0.490,  0.674], 
          [-0.146, -0.020,  0.495,  0.653], 
          [ 0.049,  0.379,  0.557,  0.856], 
          [ 0.062,  0.259,  0.144,  0.838], 
          [-0.332,  0.094,  0.489,  0.664], 
          [-0.131,  0.478,  0.525,  0.825], 
          [-0.111,  0.384,  0.119,  0.825], 
          [-0.237,  0.118,  1.128,  0.688], 
          [-0.282,  0.092,  1.125,  0.768], 
          [-0.176,  0.031,  1.128,  0.892], 
          [-0.305,  0.011,  1.107,  0.872], 
          [-0.088,  0.552,  0.074,  0.759], 
          [-0.137,  0.517,  0.064,  0.763], 
          [-0.094,  0.340,  0.080,  0.704], 
          [ 0.104,  0.411,  0.111,  0.755], 
          [ 0.129,  0.365,  0.101,  0.781], 
          [ 0.050,  0.201,  0.092,  0.684]
        ]
    },
    {
        "id": 6,
        "keypoints3d": [
          [ 1.044, -1.327,  1.592,  0.874], 
          [ 1.125, -1.401,  1.392,  0.882], 
          [ 1.239, -1.289,  1.395,  0.865], 
          [ 1.138, -1.170,  1.191,  0.842], 
          [ 0.969, -1.357,  1.196,  0.780], 
          [ 0.983, -1.503,  1.378,  0.885], 
          [ 0.897, -1.436,  1.147,  0.874], 
          [ 1.065, -1.242,  1.181,  0.788], 
          [ 1.081, -1.348,  0.862,  0.817], 
          [ 1.142, -1.264,  0.871,  0.793], 
          [ 1.184, -1.310,  0.481,  0.863], 
          [ 1.246, -1.350,  0.094,  0.861], 
          [ 1.016, -1.426,  0.865,  0.814], 
          [ 1.039, -1.436,  0.479,  0.823], 
          [ 1.082, -1.480,  0.117,  0.808], 
          [ 1.078, -1.304,  1.621,  0.942], 
          [ 1.008, -1.352,  1.612,  0.886], 
          [ 1.167, -1.345,  1.607,  0.763], 
          [ 1.018, -1.439,  1.595,  0.823], 
          [ 0.991, -1.376,  0.060,  0.714], 
          [ 0.967, -1.435,  0.074,  0.732], 
          [ 1.113, -1.493,  0.064,  0.641], 
          [ 1.142, -1.257,  0.046,  0.685], 
          [ 1.200, -1.239,  0.045,  0.688], 
          [ 1.253, -1.391,  0.044,  0.669]
        ]
    }
]
