[
    {
        "id": 0,
        "keypoints3d": [
          [ 1.031, -1.322,  1.576,  0.880], 
          [ 1.127, -1.400,  1.388,  0.861], 
          [ 1.247, -1.290,  1.391,  0.820], 
          [ 1.140, -1.153,  1.185,  0.846], 
          [ 0.971, -1.351,  1.203,  0.818], 
          [ 0.989, -1.508,  1.381,  0.821], 
          [ 0.897, -1.430,  1.146,  0.854], 
          [ 1.064, -1.230,  1.181,  0.764], 
          [ 1.087, -1.352,  0.864,  0.725], 
          [ 1.148, -1.271,  0.869,  0.715], 
          [ 1.176, -1.304,  0.478,  0.763], 
          [ 1.238, -1.348,  0.091,  0.782], 
          [ 1.017, -1.427,  0.861,  0.708], 
          [ 1.035, -1.436,  0.475,  0.671], 
          [ 1.074, -1.466,  0.104,  0.842], 
          [ 1.075, -1.314,  1.624,  0.838], 
          [ 1.011, -1.359,  1.602,  0.874], 
          [ 1.172, -1.331,  1.607,  0.822], 
          [ 1.045, -1.458,  1.583,  0.859], 
          [ 0.973, -1.360,  0.058,  0.711], 
          [ 0.959, -1.433,  0.061,  0.718], 
          [ 1.104, -1.486,  0.050,  0.701], 
          [ 1.117, -1.244,  0.049,  0.726], 
          [ 1.182, -1.222,  0.047,  0.727], 
          [ 1.251, -1.386,  0.049,  0.665]
        ]
    },
    {
        "id": 2,
        "keypoints3d": [
          [-0.195,  1.012,  1.495,  0.908], 
          [-0.220,  1.177,  1.300,  0.866], 
          [-0.369,  1.134,  1.311,  0.866], 
          [-0.477,  1.160,  1.077,  0.833], 
          [-0.503,  1.089,  0.865,  0.869], 
          [-0.076,  1.216,  1.285,  0.846], 
          [-0.022,  1.254,  1.040,  0.833], 
          [ 0.010,  1.194,  0.828,  0.855], 
          [-0.244,  1.158,  0.778,  0.763], 
          [-0.347,  1.130,  0.791,  0.743], 
          [-0.389,  1.126,  0.438,  0.778], 
          [-0.474,  1.154,  0.089,  0.845], 
          [-0.152,  1.185,  0.772,  0.761], 
          [-0.176,  1.202,  0.434,  0.815], 
          [-0.166,  1.220,  0.089,  0.826], 
          [-0.239,  1.041,  1.534,  0.860], 
          [-0.158,  1.049,  1.532,  0.887], 
          [-0.284,  1.122,  1.520,  0.869], 
          [-0.110,  1.138,  1.514,  0.866], 
          [-0.062,  1.134,  0.038,  0.731], 
          [-0.056,  1.168,  0.047,  0.757], 
          [-0.191,  1.229,  0.040,  0.716], 
          [-0.473,  1.002,  0.049,  0.753], 
          [-0.515,  1.030,  0.052,  0.733], 
          [-0.471,  1.193,  0.045,  0.803]
        ]
    },
    {
        "id": 4,
        "keypoints3d": [
          [-0.971, -1.204,  1.537,  0.838], 
          [-1.051, -1.307,  1.354,  0.881], 
          [-0.911, -1.396,  1.342,  0.836], 
          [-0.927, -1.482,  1.074,  0.761], 
          [-0.975, -1.459,  0.896,  0.791], 
          [-1.192, -1.223,  1.365,  0.858], 
          [-1.244, -1.262,  1.093,  0.781], 
          [-1.167, -1.364,  0.867,  0.713], 
          [-1.037, -1.292,  0.831,  0.729], 
          [-0.947, -1.343,  0.821,  0.726], 
          [-0.948, -1.361,  0.433,  0.815], 
          [-0.979, -1.396,  0.085,  0.861], 
          [-1.129, -1.244,  0.839,  0.724], 
          [-1.136, -1.236,  0.454,  0.825], 
          [-1.232, -1.297,  0.083,  0.856], 
          [-0.954, -1.239,  1.558,  0.796], 
          [-1.010, -1.197,  1.579,  0.859], 
          [-0.953, -1.333,  1.533,  0.799], 
          [-1.101, -1.242,  1.566,  0.877], 
          [-1.191, -1.144,  0.034,  0.760], 
          [-1.234, -1.163,  0.039,  0.806], 
          [-1.259, -1.331,  0.041,  0.749], 
          [-0.873, -1.301,  0.056,  0.758], 
          [-0.858, -1.347,  0.056,  0.746], 
          [-1.016, -1.413,  0.050,  0.773]
        ]
    },
    {
        "id": 6,
        "keypoints3d": [
          [-0.279,  0.202,  1.076,  0.852], 
          [-0.179,  0.032,  0.915,  0.861], 
          [-0.024,  0.078,  0.912,  0.816], 
          [ 0.121, -0.032,  0.685,  0.776], 
          [ 0.054,  0.178,  0.629,  0.858], 
          [-0.323, -0.006,  0.936,  0.807], 
          [-0.510, -0.142,  0.764,  0.801], 
          [-0.510,  0.058,  0.645,  0.719], 
          [-0.227,  0.039,  0.457,  0.721], 
          [-0.126,  0.076,  0.458,  0.699], 
          [-0.266,  0.474,  0.554,  0.846], 
          [-0.214,  0.437,  0.147,  0.701], 
          [-0.343,  0.022,  0.455,  0.669], 
          [-0.512,  0.423,  0.511,  0.818], 
          [-0.318,  0.381,  0.143,  0.752], 
          [-0.263,  0.220,  1.120,  0.859], 
          [-0.279,  0.157,  1.121,  0.884], 
          [-0.154,  0.199,  1.092,  0.818], 
          [-0.253,  0.064,  1.120,  0.766], 
          [-0.395,  0.485,  0.064,  0.719], 
          [-0.410,  0.439,  0.062,  0.761], 
          [-0.261,  0.356,  0.077,  0.609], 
          [-0.314,  0.611,  0.156,  0.729], 
          [-0.256,  0.604,  0.145,  0.748], 
          [-0.197,  0.397,  0.093,  0.560]
        ]
    }
]
