[
    {
        "id": 0,
        "keypoints3d": [
          [ 1.031, -1.322,  1.577,  0.873], 
          [ 1.129, -1.400,  1.388,  0.859], 
          [ 1.244, -1.290,  1.392,  0.820], 
          [ 1.140, -1.155,  1.185,  0.831], 
          [ 0.972, -1.355,  1.195,  0.805], 
          [ 0.988, -1.507,  1.381,  0.822], 
          [ 0.897, -1.426,  1.146,  0.855], 
          [ 1.065, -1.227,  1.179,  0.762], 
          [ 1.085, -1.351,  0.863,  0.721], 
          [ 1.147, -1.272,  0.870,  0.712], 
          [ 1.177, -1.304,  0.481,  0.721], 
          [ 1.237, -1.347,  0.092,  0.785], 
          [ 1.016, -1.427,  0.862,  0.705], 
          [ 1.037, -1.435,  0.478,  0.696], 
          [ 1.075, -1.467,  0.107,  0.842], 
          [ 1.075, -1.314,  1.624,  0.842], 
          [ 1.012, -1.361,  1.601,  0.872], 
          [ 1.169, -1.332,  1.606,  0.817], 
          [ 1.042, -1.457,  1.583,  0.857], 
          [ 0.975, -1.365,  0.061,  0.714], 
          [ 0.960, -1.430,  0.067,  0.722], 
          [ 1.102, -1.483,  0.052,  0.710], 
          [ 1.117, -1.241,  0.052,  0.732], 
          [ 1.181, -1.221,  0.048,  0.737], 
          [ 1.250, -1.384,  0.047,  0.674]
        ]
    },
    {
        "id": 2,
        "keypoints3d": [
          [-0.942, -1.215,  1.536,  0.901], 
          [-1.026, -1.314,  1.350,  0.867], 
          [-0.885, -1.402,  1.338,  0.856], 
          [-0.910, -1.497,  1.069,  0.812], 
          [-0.958, -1.482,  0.890,  0.647], 
          [-1.169, -1.231,  1.360,  0.852], 
          [-1.228, -1.286,  1.095,  0.769], 
          [-1.164, -1.383,  0.879,  0.702], 
          [-1.023, -1.305,  0.828,  0.748], 
          [-0.933, -1.358,  0.816,  0.738], 
          [-0.938, -1.374,  0.436,  0.803], 
          [-0.978, -1.397,  0.086,  0.854], 
          [-1.105, -1.252,  0.834,  0.737], 
          [-1.096, -1.232,  0.459,  0.834], 
          [-1.227, -1.289,  0.090,  0.864], 
          [-0.918, -1.242,  1.556,  0.814], 
          [-0.987, -1.218,  1.576,  0.809], 
          [-0.923, -1.331,  1.533,  0.766], 
          [-1.066, -1.268,  1.559,  0.882], 
          [-1.187, -1.145,  0.037,  0.752], 
          [-1.228, -1.164,  0.039,  0.802], 
          [-1.255, -1.327,  0.047,  0.767], 
          [-0.873, -1.304,  0.054,  0.760], 
          [-0.860, -1.355,  0.052,  0.742], 
          [-1.020, -1.414,  0.054,  0.758]
        ]
    },
    {
        "id": 4,
        "keypoints3d": [
          [-0.197,  1.012,  1.487,  0.909], 
          [-0.231,  1.179,  1.298,  0.864], 
          [-0.374,  1.137,  1.311,  0.854], 
          [-0.481,  1.168,  1.073,  0.836], 
          [-0.508,  1.084,  0.860,  0.871], 
          [-0.090,  1.217,  1.288,  0.842], 
          [-0.031,  1.254,  1.042,  0.830], 
          [ 0.002,  1.197,  0.832,  0.869], 
          [-0.248,  1.155,  0.776,  0.769], 
          [-0.352,  1.125,  0.787,  0.753], 
          [-0.393,  1.130,  0.436,  0.782], 
          [-0.475,  1.156,  0.090,  0.846], 
          [-0.154,  1.183,  0.770,  0.762], 
          [-0.181,  1.199,  0.429,  0.751], 
          [-0.167,  1.219,  0.087,  0.827], 
          [-0.244,  1.040,  1.522,  0.786], 
          [-0.166,  1.047,  1.522,  0.880], 
          [-0.298,  1.113,  1.522,  0.872], 
          [-0.114,  1.142,  1.515,  0.849], 
          [-0.058,  1.129,  0.039,  0.722], 
          [-0.052,  1.169,  0.047,  0.754], 
          [-0.192,  1.232,  0.039,  0.720], 
          [-0.465,  1.007,  0.050,  0.727], 
          [-0.507,  1.032,  0.044,  0.704], 
          [-0.475,  1.189,  0.046,  0.797]
        ]
    },
    {
        "id": 6,
        "keypoints3d": [
          [-0.263,  0.187,  1.073,  0.843], 
          [-0.180,  0.022,  0.918,  0.855], 
          [-0.028,  0.037,  0.914,  0.795], 
          [ 0.107, -0.082,  0.682,  0.758], 
          [ 0.058,  0.137,  0.627,  0.859], 
          [-0.330,  0.001,  0.939,  0.822], 
          [-0.527, -0.113,  0.775,  0.866], 
          [-0.513,  0.080,  0.653,  0.863], 
          [-0.226,  0.025,  0.463,  0.713], 
          [-0.121,  0.041,  0.476,  0.697], 
          [-0.191,  0.481,  0.551,  0.834], 
          [-0.111,  0.467,  0.150,  0.782], 
          [-0.344,  0.026,  0.474,  0.659], 
          [-0.448,  0.479,  0.504,  0.791], 
          [-0.265,  0.396,  0.128,  0.807], 
          [-0.228,  0.185,  1.102,  0.858], 
          [-0.275,  0.149,  1.114,  0.876], 
          [-0.140,  0.181,  1.088,  0.879], 
          [-0.230,  0.049,  1.116,  0.822], 
          [-0.360,  0.503,  0.060,  0.821], 
          [-0.384,  0.443,  0.063,  0.809], 
          [-0.238,  0.356,  0.079,  0.579], 
          [-0.184,  0.646,  0.166,  0.757], 
          [-0.142,  0.618,  0.151,  0.726], 
          [-0.108,  0.427,  0.093,  0.644]
        ]
    }
]
