[
    {
        "id": 0,
        "keypoints3d": [
          [-1.059, -1.118,  1.510,  0.833], 
          [-1.135, -1.264,  1.353,  0.866], 
          [-1.003, -1.360,  1.359,  0.846], 
          [-1.001, -1.445,  1.101,  0.775], 
          [-1.078, -1.437,  0.893,  0.592], 
          [-1.264, -1.167,  1.345,  0.841], 
          [-1.317, -1.212,  1.092,  0.728], 
          [-1.267, -1.318,  0.887,  0.635], 
          [-1.106, -1.288,  0.834,  0.760], 
          [-1.023, -1.336,  0.834,  0.758], 
          [-1.015, -1.357,  0.459,  0.796], 
          [-1.005, -1.387,  0.097,  0.775], 
          [-1.192, -1.239,  0.828,  0.730], 
          [-1.216, -1.271,  0.456,  0.828], 
          [-1.265, -1.301,  0.082,  0.815], 
          [-1.042, -1.144,  1.547,  0.824], 
          [-1.108, -1.126,  1.539,  0.883], 
          [-1.036, -1.247,  1.556,  0.802], 
          [-1.192, -1.161,  1.529,  0.897], 
          [-1.203, -1.152,  0.038,  0.724], 
          [-1.256, -1.161,  0.044,  0.739], 
          [-1.283, -1.340,  0.028,  0.644], 
          [-0.879, -1.297,  0.059,  0.729], 
          [-0.866, -1.342,  0.061,  0.716], 
          [-1.021, -1.411,  0.056,  0.768]
        ]
    },
    {
        "id": 2,
        "keypoints3d": [
          [-0.292,  1.020,  1.495,  0.876], 
          [-0.369,  1.178,  1.305,  0.889], 
          [-0.507,  1.128,  1.297,  0.852], 
          [-0.601,  1.144,  1.055,  0.841], 
          [-0.632,  1.074,  0.839,  0.869], 
          [-0.227,  1.224,  1.302,  0.843], 
          [-0.147,  1.275,  1.065,  0.838], 
          [-0.083,  1.215,  0.861,  0.848], 
          [-0.350,  1.165,  0.788,  0.769], 
          [-0.451,  1.128,  0.785,  0.758], 
          [-0.456,  1.149,  0.434,  0.831], 
          [-0.485,  1.154,  0.091,  0.835], 
          [-0.259,  1.198,  0.792,  0.746], 
          [-0.244,  1.213,  0.440,  0.740], 
          [-0.165,  1.222,  0.103,  0.862], 
          [-0.332,  1.019,  1.519,  0.882], 
          [-0.266,  1.066,  1.519,  0.792], 
          [-0.419,  1.097,  1.510,  0.788], 
          [-0.272,  1.167,  1.516,  0.856], 
          [-0.061,  1.120,  0.043,  0.752], 
          [-0.060,  1.167,  0.050,  0.782], 
          [-0.192,  1.238,  0.053,  0.770], 
          [-0.478,  1.008,  0.048,  0.684], 
          [-0.520,  1.037,  0.051,  0.735], 
          [-0.477,  1.185,  0.041,  0.783]
        ]
    },
    {
        "id": 4,
        "keypoints3d": [
          [ 1.052, -1.318,  1.586,  0.873], 
          [ 1.131, -1.395,  1.390,  0.876], 
          [ 1.248, -1.285,  1.393,  0.827], 
          [ 1.143, -1.166,  1.191,  0.727], 
          [ 0.961, -1.329,  1.207,  0.726], 
          [ 0.997, -1.505,  1.386,  0.854], 
          [ 0.908, -1.437,  1.149,  0.852], 
          [ 1.061, -1.245,  1.183,  0.790], 
          [ 1.085, -1.351,  0.862,  0.760], 
          [ 1.146, -1.270,  0.866,  0.721], 
          [ 1.183, -1.311,  0.472,  0.846], 
          [ 1.237, -1.353,  0.085,  0.734], 
          [ 1.016, -1.425,  0.864,  0.761], 
          [ 1.038, -1.437,  0.476,  0.732], 
          [ 1.081, -1.480,  0.107,  0.845], 
          [ 1.079, -1.308,  1.615,  0.820], 
          [ 1.025, -1.359,  1.610,  0.869], 
          [ 1.174, -1.325,  1.608,  0.870], 
          [ 1.059, -1.436,  1.584,  0.865], 
          [ 0.985, -1.371,  0.062,  0.714], 
          [ 0.966, -1.437,  0.065,  0.722], 
          [ 1.115, -1.492,  0.051,  0.699], 
          [ 1.130, -1.255,  0.041,  0.725], 
          [ 1.196, -1.233,  0.037,  0.731], 
          [ 1.254, -1.391,  0.042,  0.625]
        ]
    },
    {
        "id": 6,
        "keypoints3d": [
          [-0.148, -0.066,  1.044,  0.853], 
          [-0.293,  0.039,  0.926,  0.837], 
          [-0.381, -0.103,  0.918,  0.822], 
          [-0.558, -0.197,  0.734,  0.810], 
          [-0.330, -0.255,  0.632,  0.715], 
          [-0.212,  0.175,  0.940,  0.838], 
          [-0.206,  0.401,  0.785,  0.799], 
          [-0.100,  0.273,  0.663,  0.717], 
          [-0.276,  0.059,  0.448,  0.687], 
          [-0.331, -0.037,  0.448,  0.660], 
          [ 0.019, -0.321,  0.501,  0.607], 
          [-0.091, -0.334,  0.087,  0.703], 
          [-0.213,  0.164,  0.459,  0.679], 
          [ 0.191, -0.041,  0.520,  0.773], 
          [ 0.195, -0.015,  0.089,  0.718], 
          [-0.165, -0.091,  1.081,  0.843], 
          [-0.152, -0.025,  1.091,  0.897], 
          [-0.253, -0.115,  1.089,  0.801], 
          [-0.200,  0.050,  1.105,  0.811], 
          [ 0.365, -0.045,  0.054,  0.740], 
          [ 0.347,  0.007,  0.057,  0.771], 
          [ 0.139, -0.009,  0.022,  0.651], 
          [ 0.008, -0.495,  0.048,  0.778], 
          [-0.046, -0.494,  0.053,  0.800], 
          [-0.117, -0.318,  0.044,  0.662]
        ]
    }
]
