[
    {
        "id": 0,
        "keypoints3d": [
          [ 1.028, -1.321,  1.577,  0.870], 
          [ 1.129, -1.400,  1.387,  0.857], 
          [ 1.247, -1.295,  1.391,  0.822], 
          [ 1.136, -1.158,  1.186,  0.879], 
          [ 0.972, -1.354,  1.197,  0.806], 
          [ 0.987, -1.507,  1.379,  0.824], 
          [ 0.896, -1.426,  1.146,  0.858], 
          [ 1.069, -1.228,  1.179,  0.760], 
          [ 1.086, -1.351,  0.865,  0.722], 
          [ 1.147, -1.273,  0.870,  0.714], 
          [ 1.180, -1.300,  0.477,  0.758], 
          [ 1.237, -1.344,  0.092,  0.755], 
          [ 1.013, -1.425,  0.863,  0.705], 
          [ 1.037, -1.431,  0.480,  0.703], 
          [ 1.077, -1.465,  0.110,  0.757], 
          [ 1.074, -1.314,  1.624,  0.837], 
          [ 1.012, -1.361,  1.606,  0.874], 
          [ 1.168, -1.334,  1.606,  0.811], 
          [ 1.042, -1.458,  1.582,  0.852], 
          [ 0.972, -1.358,  0.063,  0.717], 
          [ 0.962, -1.436,  0.064,  0.724], 
          [ 1.102, -1.482,  0.054,  0.712], 
          [ 1.117, -1.243,  0.049,  0.732], 
          [ 1.180, -1.222,  0.050,  0.735], 
          [ 1.250, -1.388,  0.050,  0.675]
        ]
    },
    {
        "id": 2,
        "keypoints3d": [
          [-0.917, -1.218,  1.535,  0.830], 
          [-0.997, -1.327,  1.347,  0.869], 
          [-0.868, -1.400,  1.338,  0.863], 
          [-0.891, -1.509,  1.076,  0.799], 
          [-0.949, -1.503,  0.886,  0.690], 
          [-1.141, -1.243,  1.360,  0.845], 
          [-1.203, -1.309,  1.098,  0.744], 
          [-1.127, -1.373,  0.880,  0.635], 
          [-0.997, -1.325,  0.823,  0.747], 
          [-0.913, -1.377,  0.814,  0.744], 
          [-0.931, -1.378,  0.433,  0.807], 
          [-0.975, -1.400,  0.085,  0.857], 
          [-1.074, -1.268,  0.833,  0.733], 
          [-1.065, -1.212,  0.467,  0.842], 
          [-1.215, -1.291,  0.104,  0.852], 
          [-0.896, -1.245,  1.556,  0.797], 
          [-0.967, -1.222,  1.574,  0.807], 
          [-0.906, -1.345,  1.535,  0.755], 
          [-1.043, -1.273,  1.555,  0.889], 
          [-1.171, -1.137,  0.040,  0.776], 
          [-1.225, -1.158,  0.044,  0.812], 
          [-1.235, -1.325,  0.053,  0.732], 
          [-0.871, -1.304,  0.057,  0.757], 
          [-0.864, -1.353,  0.053,  0.742], 
          [-1.020, -1.414,  0.055,  0.739]
        ]
    },
    {
        "id": 4,
        "keypoints3d": [
          [-0.205,  1.011,  1.489,  0.906], 
          [-0.242,  1.182,  1.299,  0.870], 
          [-0.385,  1.138,  1.307,  0.845], 
          [-0.485,  1.161,  1.071,  0.822], 
          [-0.517,  1.081,  0.858,  0.869], 
          [-0.101,  1.219,  1.288,  0.838], 
          [-0.036,  1.252,  1.042,  0.834], 
          [ 0.004,  1.199,  0.837,  0.873], 
          [-0.256,  1.161,  0.776,  0.764], 
          [-0.362,  1.128,  0.788,  0.750], 
          [-0.399,  1.136,  0.432,  0.789], 
          [-0.475,  1.151,  0.090,  0.844], 
          [-0.162,  1.187,  0.770,  0.760], 
          [-0.181,  1.200,  0.426,  0.775], 
          [-0.169,  1.220,  0.086,  0.828], 
          [-0.252,  1.045,  1.515,  0.903], 
          [-0.172,  1.050,  1.518,  0.885], 
          [-0.313,  1.114,  1.516,  0.874], 
          [-0.122,  1.132,  1.516,  0.835], 
          [-0.056,  1.128,  0.042,  0.725], 
          [-0.052,  1.169,  0.048,  0.762], 
          [-0.190,  1.229,  0.041,  0.723], 
          [-0.467,  1.007,  0.047,  0.720], 
          [-0.511,  1.035,  0.047,  0.704], 
          [-0.477,  1.187,  0.045,  0.792]
        ]
    },
    {
        "id": 6,
        "keypoints3d": [
          [-0.251,  0.159,  1.080,  0.854], 
          [-0.195, -0.022,  0.916,  0.847], 
          [-0.035, -0.024,  0.913,  0.823], 
          [ 0.081, -0.140,  0.691,  0.782], 
          [ 0.062,  0.079,  0.628,  0.840], 
          [-0.347, -0.007,  0.940,  0.832], 
          [-0.563, -0.072,  0.784,  0.876], 
          [-0.439,  0.164,  0.638,  0.723], 
          [-0.240,  0.020,  0.459,  0.746], 
          [-0.138,  0.015,  0.458,  0.698], 
          [-0.123,  0.464,  0.559,  0.843], 
          [-0.028,  0.386,  0.157,  0.744], 
          [-0.351,  0.035,  0.470,  0.673], 
          [-0.347,  0.508,  0.500,  0.842], 
          [-0.240,  0.387,  0.132,  0.781], 
          [-0.226,  0.174,  1.106,  0.674], 
          [-0.262,  0.128,  1.118,  0.863], 
          [-0.138,  0.144,  1.098,  0.835], 
          [-0.242,  0.023,  1.119,  0.810], 
          [-0.288,  0.524,  0.059,  0.741], 
          [-0.319,  0.471,  0.056,  0.738], 
          [-0.220,  0.334,  0.089,  0.661], 
          [-0.054,  0.560,  0.139,  0.730], 
          [-0.013,  0.514,  0.121,  0.714], 
          [-0.012,  0.334,  0.118,  0.748]
        ]
    }
]
