[
    {
        "id": 0,
        "keypoints3d": [
          [-0.916, -1.214,  1.524,  0.910], 
          [-0.988, -1.336,  1.349,  0.870], 
          [-0.859, -1.406,  1.340,  0.851], 
          [-0.857, -1.499,  1.083,  0.796], 
          [-0.909, -1.507,  0.901,  0.743], 
          [-1.131, -1.247,  1.353,  0.846], 
          [-1.180, -1.308,  1.088,  0.784], 
          [-1.133, -1.391,  0.863,  0.726], 
          [-0.979, -1.333,  0.819,  0.738], 
          [-0.901, -1.388,  0.811,  0.739], 
          [-0.934, -1.393,  0.440,  0.821], 
          [-0.977, -1.394,  0.088,  0.845], 
          [-1.053, -1.270,  0.828,  0.713], 
          [-1.008, -1.237,  0.468,  0.773], 
          [-1.056, -1.288,  0.112,  0.839], 
          [-0.896, -1.241,  1.552,  0.816], 
          [-0.958, -1.212,  1.557,  0.853], 
          [-0.902, -1.342,  1.535,  0.725], 
          [-1.043, -1.270,  1.546,  0.884], 
          [-1.026, -1.170,  0.052,  0.710], 
          [-1.073, -1.171,  0.064,  0.738], 
          [-1.065, -1.338,  0.053,  0.695], 
          [-0.878, -1.293,  0.061,  0.684], 
          [-0.863, -1.345,  0.059,  0.675], 
          [-1.015, -1.416,  0.050,  0.636]
        ]
    },
    {
        "id": 2,
        "keypoints3d": [
          [-0.211,  1.012,  1.487,  0.899], 
          [-0.258,  1.188,  1.300,  0.889], 
          [-0.402,  1.126,  1.307,  0.861], 
          [-0.493,  1.143,  1.063,  0.792], 
          [-0.510,  1.062,  0.859,  0.805], 
          [-0.122,  1.234,  1.292,  0.842], 
          [-0.054,  1.278,  1.054,  0.839], 
          [-0.005,  1.217,  0.839,  0.851], 
          [-0.256,  1.166,  0.790,  0.770], 
          [-0.352,  1.125,  0.796,  0.762], 
          [-0.391,  1.139,  0.442,  0.803], 
          [-0.470,  1.155,  0.096,  0.774], 
          [-0.165,  1.200,  0.782,  0.760], 
          [-0.185,  1.202,  0.435,  0.828], 
          [-0.172,  1.226,  0.099,  0.814], 
          [-0.253,  1.037,  1.513,  0.810], 
          [-0.178,  1.052,  1.518,  0.867], 
          [-0.315,  1.112,  1.514,  0.879], 
          [-0.149,  1.159,  1.523,  0.823], 
          [-0.057,  1.127,  0.046,  0.738], 
          [-0.055,  1.169,  0.051,  0.773], 
          [-0.194,  1.232,  0.050,  0.665], 
          [-0.464,  1.014,  0.054,  0.736], 
          [-0.494,  1.044,  0.054,  0.730], 
          [-0.479,  1.185,  0.045,  0.789]
        ]
    },
    {
        "id": 4,
        "keypoints3d": [
          [ 1.038, -1.321,  1.583,  0.876], 
          [ 1.127, -1.401,  1.391,  0.867], 
          [ 1.242, -1.293,  1.396,  0.853], 
          [ 1.140, -1.163,  1.190,  0.805], 
          [ 0.960, -1.334,  1.199,  0.801], 
          [ 0.980, -1.501,  1.385,  0.841], 
          [ 0.899, -1.434,  1.148,  0.870], 
          [ 1.065, -1.242,  1.181,  0.786], 
          [ 1.080, -1.343,  0.864,  0.773], 
          [ 1.144, -1.267,  0.871,  0.765], 
          [ 1.184, -1.306,  0.473,  0.806], 
          [ 1.244, -1.349,  0.092,  0.860], 
          [ 1.013, -1.419,  0.862,  0.755], 
          [ 1.038, -1.433,  0.471,  0.767], 
          [ 1.076, -1.481,  0.112,  0.842], 
          [ 1.076, -1.297,  1.616,  0.821], 
          [ 1.010, -1.361,  1.612,  0.876], 
          [ 1.163, -1.340,  1.601,  0.893], 
          [ 1.039, -1.431,  1.581,  0.843], 
          [ 0.988, -1.376,  0.060,  0.712], 
          [ 0.966, -1.435,  0.071,  0.726], 
          [ 1.114, -1.489,  0.057,  0.678], 
          [ 1.140, -1.258,  0.046,  0.701], 
          [ 1.196, -1.242,  0.045,  0.706], 
          [ 1.252, -1.387,  0.044,  0.672]
        ]
    },
    {
        "id": 6,
        "keypoints3d": [
          [-0.283,  0.094,  1.107,  0.836], 
          [-0.351, -0.043,  0.917,  0.823], 
          [-0.262, -0.163,  0.906,  0.798], 
          [-0.208, -0.308,  0.698,  0.800], 
          [-0.040, -0.162,  0.647,  0.797], 
          [-0.441,  0.089,  0.924,  0.828], 
          [-0.601,  0.200,  0.719,  0.777], 
          [-0.382,  0.277,  0.649,  0.775], 
          [-0.281,  0.044,  0.474,  0.693], 
          [-0.223, -0.047,  0.474,  0.675], 
          [ 0.145,  0.224,  0.540,  0.808], 
          [ 0.118,  0.138,  0.110,  0.840], 
          [-0.329,  0.124,  0.486,  0.685], 
          [ 0.022,  0.390,  0.541,  0.781], 
          [ 0.037,  0.324,  0.132,  0.845], 
          [-0.259,  0.081,  1.141,  0.833], 
          [-0.325,  0.084,  1.133,  0.763], 
          [-0.254, -0.025,  1.123,  0.895], 
          [-0.390,  0.034,  1.120,  0.903], 
          [ 0.132,  0.455,  0.072,  0.790], 
          [ 0.069,  0.462,  0.074,  0.779], 
          [ 0.022,  0.284,  0.072,  0.658], 
          [ 0.251,  0.259,  0.097,  0.784], 
          [ 0.259,  0.203,  0.095,  0.796], 
          [ 0.097,  0.113,  0.068,  0.703]
        ]
    }
]
