[
    {
        "id": 0,
        "keypoints3d": [
          [-0.916, -1.214,  1.524,  0.908], 
          [-0.988, -1.336,  1.349,  0.869], 
          [-0.859, -1.406,  1.341,  0.851], 
          [-0.857, -1.499,  1.083,  0.796], 
          [-0.909, -1.507,  0.901,  0.743], 
          [-1.131, -1.247,  1.353,  0.846], 
          [-1.180, -1.308,  1.088,  0.782], 
          [-1.131, -1.391,  0.863,  0.725], 
          [-0.979, -1.333,  0.819,  0.739], 
          [-0.901, -1.388,  0.811,  0.739], 
          [-0.934, -1.393,  0.440,  0.823], 
          [-0.978, -1.394,  0.088,  0.841], 
          [-1.053, -1.270,  0.828,  0.713], 
          [-1.003, -1.236,  0.468,  0.775], 
          [-1.054, -1.287,  0.110,  0.837], 
          [-0.896, -1.241,  1.552,  0.818], 
          [-0.960, -1.214,  1.557,  0.852], 
          [-0.902, -1.342,  1.535,  0.725], 
          [-1.043, -1.270,  1.546,  0.884], 
          [-1.021, -1.169,  0.052,  0.710], 
          [-1.073, -1.171,  0.064,  0.736], 
          [-1.065, -1.338,  0.053,  0.698], 
          [-0.879, -1.293,  0.061,  0.677], 
          [-0.864, -1.345,  0.058,  0.665], 
          [-1.016, -1.417,  0.050,  0.630]
        ]
    },
    {
        "id": 2,
        "keypoints3d": [
          [-0.211,  1.012,  1.487,  0.899], 
          [-0.258,  1.188,  1.300,  0.889], 
          [-0.402,  1.126,  1.307,  0.861], 
          [-0.493,  1.143,  1.063,  0.790], 
          [-0.510,  1.063,  0.857,  0.804], 
          [-0.122,  1.234,  1.292,  0.842], 
          [-0.055,  1.276,  1.054,  0.840], 
          [-0.002,  1.220,  0.841,  0.849], 
          [-0.256,  1.166,  0.790,  0.770], 
          [-0.352,  1.125,  0.796,  0.762], 
          [-0.393,  1.138,  0.442,  0.802], 
          [-0.470,  1.155,  0.096,  0.774], 
          [-0.165,  1.200,  0.782,  0.760], 
          [-0.185,  1.202,  0.435,  0.828], 
          [-0.172,  1.226,  0.099,  0.814], 
          [-0.253,  1.037,  1.513,  0.810], 
          [-0.178,  1.052,  1.518,  0.867], 
          [-0.315,  1.112,  1.514,  0.878], 
          [-0.149,  1.159,  1.523,  0.823], 
          [-0.057,  1.127,  0.045,  0.739], 
          [-0.056,  1.168,  0.051,  0.772], 
          [-0.194,  1.232,  0.050,  0.665], 
          [-0.462,  1.016,  0.054,  0.737], 
          [-0.494,  1.044,  0.054,  0.731], 
          [-0.479,  1.185,  0.045,  0.789]
        ]
    },
    {
        "id": 4,
        "keypoints3d": [
          [ 1.038, -1.321,  1.583,  0.876], 
          [ 1.127, -1.401,  1.391,  0.867], 
          [ 1.242, -1.293,  1.396,  0.853], 
          [ 1.140, -1.163,  1.190,  0.804], 
          [ 0.960, -1.334,  1.199,  0.800], 
          [ 0.980, -1.501,  1.385,  0.841], 
          [ 0.899, -1.434,  1.148,  0.871], 
          [ 1.068, -1.239,  1.181,  0.786], 
          [ 1.080, -1.343,  0.864,  0.772], 
          [ 1.142, -1.269,  0.871,  0.764], 
          [ 1.183, -1.309,  0.475,  0.806], 
          [ 1.242, -1.351,  0.092,  0.859], 
          [ 1.013, -1.419,  0.862,  0.755], 
          [ 1.039, -1.434,  0.476,  0.768], 
          [ 1.079, -1.479,  0.112,  0.849], 
          [ 1.076, -1.297,  1.616,  0.821], 
          [ 1.010, -1.361,  1.612,  0.876], 
          [ 1.163, -1.340,  1.601,  0.892], 
          [ 1.039, -1.431,  1.581,  0.842], 
          [ 0.992, -1.372,  0.061,  0.652], 
          [ 0.970, -1.432,  0.070,  0.663], 
          [ 1.116, -1.487,  0.059,  0.683], 
          [ 1.137, -1.261,  0.046,  0.700], 
          [ 1.196, -1.242,  0.045,  0.704], 
          [ 1.251, -1.390,  0.044,  0.677]
        ]
    },
    {
        "id": 6,
        "keypoints3d": [
          [-0.284,  0.094,  1.107,  0.845], 
          [-0.351, -0.042,  0.917,  0.826], 
          [-0.260, -0.162,  0.906,  0.796], 
          [-0.205, -0.300,  0.694,  0.702], 
          [-0.041, -0.160,  0.645,  0.771], 
          [-0.440,  0.089,  0.926,  0.828], 
          [-0.594,  0.204,  0.720,  0.769], 
          [-0.373,  0.280,  0.653,  0.767], 
          [-0.285,  0.044,  0.469,  0.672], 
          [-0.223, -0.047,  0.474,  0.658], 
          [ 0.144,  0.223,  0.541,  0.796], 
          [ 0.130,  0.137,  0.124,  0.796], 
          [-0.334,  0.128,  0.477,  0.678], 
          [ 0.023,  0.389,  0.543,  0.777], 
          [ 0.039,  0.323,  0.134,  0.851], 
          [-0.259,  0.081,  1.141,  0.833], 
          [-0.328,  0.081,  1.133,  0.771], 
          [-0.254, -0.025,  1.123,  0.895], 
          [-0.394,  0.032,  1.120,  0.911], 
          [ 0.138,  0.453,  0.081,  0.779], 
          [ 0.072,  0.461,  0.078,  0.774], 
          [ 0.023,  0.280,  0.079,  0.658], 
          [ 0.251,  0.259,  0.097,  0.784], 
          [ 0.259,  0.203,  0.095,  0.796], 
          [ 0.111,  0.105,  0.088,  0.656]
        ]
    }
]
