[
    {
        "id": 0,
        "keypoints3d": [
          [-1.072, -1.103,  1.506,  0.868], 
          [-1.159, -1.253,  1.352,  0.855], 
          [-1.037, -1.352,  1.357,  0.836], 
          [-1.026, -1.450,  1.097,  0.732], 
          [-1.121, -1.426,  0.872,  0.689], 
          [-1.287, -1.155,  1.336,  0.848], 
          [-1.340, -1.191,  1.078,  0.757], 
          [-1.314, -1.299,  0.893,  0.592], 
          [-1.136, -1.279,  0.828,  0.754], 
          [-1.046, -1.332,  0.829,  0.754], 
          [-1.030, -1.359,  0.456,  0.796], 
          [-1.005, -1.382,  0.097,  0.795], 
          [-1.218, -1.225,  0.823,  0.731], 
          [-1.235, -1.268,  0.448,  0.811], 
          [-1.270, -1.299,  0.081,  0.809], 
          [-1.059, -1.123,  1.540,  0.834], 
          [-1.133, -1.103,  1.530,  0.901], 
          [-1.074, -1.227,  1.551,  0.773], 
          [-1.208, -1.143,  1.525,  0.889], 
          [-1.208, -1.150,  0.036,  0.706], 
          [-1.263, -1.163,  0.043,  0.724], 
          [-1.277, -1.343,  0.028,  0.706], 
          [-0.882, -1.295,  0.062,  0.733], 
          [-0.873, -1.332,  0.067,  0.724], 
          [-1.023, -1.411,  0.055,  0.780]
        ]
    },
    {
        "id": 2,
        "keypoints3d": [
          [-0.314,  1.015,  1.497,  0.863], 
          [-0.386,  1.177,  1.302,  0.874], 
          [-0.525,  1.126,  1.291,  0.851], 
          [-0.616,  1.138,  1.046,  0.795], 
          [-0.661,  1.072,  0.830,  0.792], 
          [-0.253,  1.219,  1.304,  0.845], 
          [-0.172,  1.261,  1.064,  0.820], 
          [-0.111,  1.211,  0.865,  0.855], 
          [-0.371,  1.157,  0.784,  0.764], 
          [-0.470,  1.124,  0.785,  0.762], 
          [-0.461,  1.146,  0.431,  0.835], 
          [-0.487,  1.154,  0.085,  0.838], 
          [-0.273,  1.189,  0.783,  0.742], 
          [-0.245,  1.207,  0.445,  0.802], 
          [-0.173,  1.218,  0.094,  0.812], 
          [-0.356,  1.023,  1.516,  0.885], 
          [-0.295,  1.075,  1.517,  0.788], 
          [-0.445,  1.080,  1.514,  0.904], 
          [-0.293,  1.164,  1.515,  0.801], 
          [-0.061,  1.120,  0.048,  0.749], 
          [-0.057,  1.164,  0.053,  0.783], 
          [-0.189,  1.235,  0.054,  0.769], 
          [-0.474,  1.007,  0.046,  0.719], 
          [-0.511,  1.031,  0.043,  0.709], 
          [-0.480,  1.189,  0.042,  0.781]
        ]
    },
    {
        "id": 4,
        "keypoints3d": [
          [-0.113, -0.117,  1.028,  0.787], 
          [-0.279,  0.015,  0.921,  0.876], 
          [-0.379, -0.113,  0.914,  0.820], 
          [-0.580, -0.155,  0.755,  0.782], 
          [-0.381, -0.226,  0.645,  0.775], 
          [-0.184,  0.146,  0.931,  0.818], 
          [-0.168,  0.367,  0.791,  0.838], 
          [-0.068,  0.235,  0.664,  0.824], 
          [-0.279,  0.062,  0.450,  0.699], 
          [-0.348, -0.028,  0.448,  0.665], 
          [-0.022, -0.341,  0.465,  0.622], 
          [-0.112, -0.364,  0.077,  0.720], 
          [-0.208,  0.156,  0.455,  0.671], 
          [ 0.191, -0.096,  0.516,  0.841], 
          [ 0.216, -0.025,  0.103,  0.765], 
          [-0.143, -0.157,  1.070,  0.584], 
          [-0.122, -0.095,  1.065,  0.853], 
          [-0.214, -0.154,  1.079,  0.801], 
          [-0.156, -0.007,  1.091,  0.833], 
          [ 0.365, -0.101,  0.058,  0.835], 
          [ 0.364, -0.039,  0.056,  0.836], 
          [ 0.171, -0.001,  0.040,  0.650], 
          [ 0.006, -0.498,  0.041,  0.789], 
          [-0.041, -0.508,  0.050,  0.794], 
          [-0.147, -0.344,  0.048,  0.693]
        ]
    },
    {
        "id": 6,
        "keypoints3d": [
          [ 1.059, -1.319,  1.590,  0.902], 
          [ 1.128, -1.386,  1.392,  0.893], 
          [ 1.230, -1.269,  1.395,  0.859], 
          [ 1.143, -1.166,  1.188,  0.736], 
          [ 0.952, -1.319,  1.210,  0.746], 
          [ 0.990, -1.496,  1.385,  0.877], 
          [ 0.908, -1.443,  1.148,  0.869], 
          [ 1.075, -1.253,  1.177,  0.808], 
          [ 1.084, -1.349,  0.863,  0.814], 
          [ 1.141, -1.267,  0.871,  0.785], 
          [ 1.180, -1.311,  0.465,  0.846], 
          [ 1.240, -1.353,  0.084,  0.784], 
          [ 1.014, -1.426,  0.864,  0.803], 
          [ 1.034, -1.439,  0.470,  0.782], 
          [ 1.081, -1.480,  0.107,  0.842], 
          [ 1.083, -1.306,  1.620,  0.815], 
          [ 1.030, -1.352,  1.611,  0.878], 
          [ 1.175, -1.315,  1.609,  0.878], 
          [ 1.039, -1.428,  1.583,  0.864], 
          [ 0.985, -1.372,  0.062,  0.713], 
          [ 0.967, -1.437,  0.068,  0.725], 
          [ 1.116, -1.492,  0.055,  0.699], 
          [ 1.130, -1.260,  0.040,  0.725], 
          [ 1.199, -1.236,  0.039,  0.728], 
          [ 1.255, -1.388,  0.041,  0.683]
        ]
    }
]
