[
    {
        "id": 0,
        "keypoints3d": [
          [-0.973, -1.174,  1.514,  0.818], 
          [-1.052, -1.305,  1.350,  0.871], 
          [-0.916, -1.404,  1.344,  0.834], 
          [-0.914, -1.471,  1.083,  0.747], 
          [-0.937, -1.495,  0.926,  0.831], 
          [-1.179, -1.209,  1.348,  0.848], 
          [-1.225, -1.247,  1.084,  0.786], 
          [-1.148, -1.381,  0.879,  0.701], 
          [-1.012, -1.312,  0.824,  0.757], 
          [-0.926, -1.369,  0.820,  0.738], 
          [-0.947, -1.384,  0.444,  0.789], 
          [-0.983, -1.401,  0.095,  0.834], 
          [-1.093, -1.256,  0.827,  0.736], 
          [-1.109, -1.242,  0.465,  0.794], 
          [-1.243, -1.305,  0.088,  0.845], 
          [-0.955, -1.205,  1.548,  0.793], 
          [-1.017, -1.182,  1.553,  0.822], 
          [-0.945, -1.307,  1.537,  0.787], 
          [-1.099, -1.223,  1.547,  0.855], 
          [-1.203, -1.151,  0.035,  0.781], 
          [-1.253, -1.166,  0.042,  0.802], 
          [-1.279, -1.351,  0.049,  0.711], 
          [-0.873, -1.299,  0.056,  0.760], 
          [-0.860, -1.342,  0.060,  0.733], 
          [-1.023, -1.418,  0.057,  0.703]
        ]
    },
    {
        "id": 2,
        "keypoints3d": [
          [-0.238,  1.016,  1.491,  0.815], 
          [-0.288,  1.183,  1.302,  0.885], 
          [-0.427,  1.127,  1.303,  0.865], 
          [-0.530,  1.142,  1.059,  0.845], 
          [-0.565,  1.063,  0.849,  0.832], 
          [-0.150,  1.235,  1.293,  0.844], 
          [-0.082,  1.281,  1.063,  0.836], 
          [-0.011,  1.237,  0.850,  0.841], 
          [-0.295,  1.168,  0.790,  0.765], 
          [-0.386,  1.129,  0.793,  0.759], 
          [-0.416,  1.143,  0.440,  0.796], 
          [-0.471,  1.155,  0.096,  0.797], 
          [-0.195,  1.199,  0.786,  0.745], 
          [-0.200,  1.208,  0.437,  0.814], 
          [-0.171,  1.224,  0.093,  0.792], 
          [-0.273,  1.035,  1.520,  0.775], 
          [-0.208,  1.058,  1.526,  0.775], 
          [-0.346,  1.105,  1.514,  0.867], 
          [-0.191,  1.152,  1.523,  0.753], 
          [-0.059,  1.127,  0.048,  0.737], 
          [-0.054,  1.168,  0.052,  0.772], 
          [-0.190,  1.233,  0.051,  0.702], 
          [-0.470,  1.016,  0.046,  0.680], 
          [-0.502,  1.034,  0.044,  0.681], 
          [-0.477,  1.188,  0.048,  0.729]
        ]
    },
    {
        "id": 4,
        "keypoints3d": [
          [ 1.049, -1.327,  1.584,  0.859], 
          [ 1.131, -1.403,  1.390,  0.869], 
          [ 1.249, -1.293,  1.393,  0.824], 
          [ 1.142, -1.163,  1.193,  0.783], 
          [ 0.967, -1.351,  1.195,  0.794], 
          [ 0.994, -1.505,  1.385,  0.858], 
          [ 0.902, -1.431,  1.150,  0.850], 
          [ 1.062, -1.234,  1.186,  0.782], 
          [ 1.086, -1.350,  0.861,  0.763], 
          [ 1.144, -1.271,  0.867,  0.725], 
          [ 1.183, -1.310,  0.478,  0.854], 
          [ 1.243, -1.350,  0.088,  0.759], 
          [ 1.018, -1.426,  0.864,  0.775], 
          [ 1.044, -1.437,  0.478,  0.761], 
          [ 1.082, -1.477,  0.114,  0.793], 
          [ 1.079, -1.308,  1.619,  0.832], 
          [ 1.018, -1.368,  1.604,  0.868], 
          [ 1.168, -1.337,  1.608,  0.851], 
          [ 1.061, -1.443,  1.583,  0.836], 
          [ 0.984, -1.378,  0.061,  0.710], 
          [ 0.966, -1.437,  0.069,  0.720], 
          [ 1.109, -1.486,  0.059,  0.701], 
          [ 1.131, -1.254,  0.046,  0.658], 
          [ 1.196, -1.233,  0.035,  0.688], 
          [ 1.254, -1.383,  0.044,  0.647]
        ]
    },
    {
        "id": 6,
        "keypoints3d": [
          [-0.226,  0.078,  1.087,  0.746], 
          [-0.374,  0.039,  0.907,  0.848], 
          [-0.374, -0.119,  0.906,  0.829], 
          [-0.447, -0.271,  0.696,  0.709], 
          [-0.196, -0.243,  0.655,  0.802], 
          [-0.368,  0.191,  0.910,  0.787], 
          [-0.451,  0.392,  0.740,  0.867], 
          [-0.232,  0.348,  0.663,  0.864], 
          [-0.300,  0.057,  0.460,  0.694], 
          [-0.298, -0.053,  0.466,  0.688], 
          [ 0.172, -0.021,  0.542,  0.842], 
          [ 0.138, -0.181,  0.147,  0.738], 
          [-0.300,  0.166,  0.470,  0.657], 
          [ 0.179,  0.172,  0.541,  0.785], 
          [ 0.219,  0.054,  0.126,  0.776], 
          [-0.233,  0.036,  1.120,  0.814], 
          [-0.256,  0.102,  1.123,  0.792], 
          [-0.296, -0.032,  1.105,  0.875], 
          [-0.348,  0.110,  1.115,  0.832], 
          [ 0.384,  0.008,  0.070,  0.690], 
          [ 0.359,  0.067,  0.073,  0.703], 
          [ 0.190,  0.042,  0.077,  0.599], 
          [ 0.336, -0.169,  0.124,  0.657], 
          [ 0.286, -0.221,  0.115,  0.639], 
          [ 0.103, -0.196,  0.101,  0.596]
        ]
    }
]
