[
    {
        "id": 0,
        "keypoints3d": [
          [-0.245,  1.019,  1.492,  0.866], 
          [-0.297,  1.180,  1.302,  0.872], 
          [-0.437,  1.128,  1.303,  0.861], 
          [-0.539,  1.139,  1.067,  0.799], 
          [-0.580,  1.070,  0.853,  0.813], 
          [-0.162,  1.236,  1.298,  0.846], 
          [-0.090,  1.280,  1.067,  0.830], 
          [-0.016,  1.229,  0.864,  0.865], 
          [-0.304,  1.167,  0.793,  0.763], 
          [-0.399,  1.130,  0.795,  0.757], 
          [-0.422,  1.145,  0.437,  0.808], 
          [-0.471,  1.154,  0.092,  0.783], 
          [-0.202,  1.199,  0.787,  0.740], 
          [-0.201,  1.206,  0.435,  0.814], 
          [-0.170,  1.228,  0.106,  0.794], 
          [-0.278,  1.039,  1.520,  0.836], 
          [-0.223,  1.060,  1.526,  0.778], 
          [-0.354,  1.101,  1.517,  0.830], 
          [-0.205,  1.154,  1.522,  0.769], 
          [-0.053,  1.125,  0.048,  0.738], 
          [-0.055,  1.170,  0.057,  0.711], 
          [-0.192,  1.235,  0.054,  0.716], 
          [-0.480,  1.007,  0.044,  0.683], 
          [-0.513,  1.029,  0.044,  0.684], 
          [-0.475,  1.190,  0.047,  0.737]
        ]
    },
    {
        "id": 2,
        "keypoints3d": [
          [-0.988, -1.172,  1.518,  0.825], 
          [-1.064, -1.292,  1.348,  0.878], 
          [-0.933, -1.385,  1.348,  0.836], 
          [-0.938, -1.466,  1.095,  0.747], 
          [-0.966, -1.467,  0.909,  0.710], 
          [-1.198, -1.199,  1.349,  0.857], 
          [-1.246, -1.227,  1.091,  0.763], 
          [-1.174, -1.368,  0.873,  0.737], 
          [-1.031, -1.301,  0.837,  0.750], 
          [-0.948, -1.352,  0.830,  0.735], 
          [-0.959, -1.377,  0.447,  0.763], 
          [-0.983, -1.395,  0.098,  0.794], 
          [-1.115, -1.245,  0.841,  0.736], 
          [-1.137, -1.257,  0.468,  0.785], 
          [-1.252, -1.306,  0.082,  0.840], 
          [-0.969, -1.192,  1.555,  0.805], 
          [-1.029, -1.171,  1.556,  0.832], 
          [-0.955, -1.292,  1.541,  0.710], 
          [-1.112, -1.214,  1.542,  0.858], 
          [-1.206, -1.155,  0.039,  0.739], 
          [-1.258, -1.171,  0.042,  0.759], 
          [-1.284, -1.353,  0.041,  0.716], 
          [-0.872, -1.302,  0.058,  0.758], 
          [-0.867, -1.349,  0.064,  0.730], 
          [-1.024, -1.408,  0.058,  0.777]
        ]
    },
    {
        "id": 4,
        "keypoints3d": [
          [ 1.044, -1.315,  1.582,  0.861], 
          [ 1.130, -1.400,  1.387,  0.856], 
          [ 1.251, -1.294,  1.392,  0.821], 
          [ 1.139, -1.152,  1.189,  0.820], 
          [ 0.959, -1.341,  1.200,  0.772], 
          [ 0.994, -1.503,  1.385,  0.820], 
          [ 0.901, -1.430,  1.151,  0.845], 
          [ 1.057, -1.228,  1.191,  0.779], 
          [ 1.085, -1.347,  0.861,  0.730], 
          [ 1.146, -1.274,  0.867,  0.706], 
          [ 1.184, -1.310,  0.477,  0.799], 
          [ 1.244, -1.350,  0.090,  0.766], 
          [ 1.017, -1.420,  0.862,  0.727], 
          [ 1.044, -1.434,  0.480,  0.698], 
          [ 1.082, -1.473,  0.112,  0.800], 
          [ 1.077, -1.297,  1.615,  0.818], 
          [ 1.019, -1.368,  1.606,  0.872], 
          [ 1.168, -1.331,  1.604,  0.885], 
          [ 1.060, -1.438,  1.586,  0.840], 
          [ 0.984, -1.376,  0.062,  0.720], 
          [ 0.967, -1.435,  0.070,  0.727], 
          [ 1.113, -1.485,  0.060,  0.701], 
          [ 1.130, -1.256,  0.040,  0.725], 
          [ 1.197, -1.234,  0.036,  0.687], 
          [ 1.257, -1.386,  0.045,  0.647]
        ]
    },
    {
        "id": 6,
        "keypoints3d": [
          [-0.210,  0.060,  1.080,  0.866], 
          [-0.364,  0.050,  0.911,  0.873], 
          [-0.383, -0.123,  0.914,  0.847], 
          [-0.460, -0.257,  0.698,  0.648], 
          [-0.217, -0.239,  0.659,  0.782], 
          [-0.334,  0.207,  0.922,  0.819], 
          [-0.401,  0.428,  0.753,  0.886], 
          [-0.174,  0.303,  0.653,  0.739], 
          [-0.293,  0.069,  0.465,  0.726], 
          [-0.305, -0.046,  0.465,  0.704], 
          [ 0.154, -0.095,  0.533,  0.847], 
          [ 0.068, -0.242,  0.116,  0.740], 
          [-0.273,  0.179,  0.471,  0.701], 
          [ 0.177,  0.106,  0.522,  0.825], 
          [ 0.221,  0.004,  0.112,  0.814], 
          [-0.220,  0.030,  1.114,  0.859], 
          [-0.247,  0.103,  1.118,  0.872], 
          [-0.287, -0.028,  1.099,  0.839], 
          [-0.329,  0.119,  1.108,  0.766], 
          [ 0.390,  0.008,  0.056,  0.764], 
          [ 0.356,  0.052,  0.054,  0.771], 
          [ 0.178,  0.003,  0.059,  0.682], 
          [ 0.253, -0.285,  0.106,  0.782], 
          [ 0.211, -0.332,  0.100,  0.738], 
          [ 0.045, -0.241,  0.086,  0.585]
        ]
    }
]
