[
    {
        "id": 0,
        "keypoints3d": [
          [-1.066, -1.106,  1.509,  0.849], 
          [-1.146, -1.257,  1.356,  0.869], 
          [-1.019, -1.349,  1.358,  0.833], 
          [-1.013, -1.444,  1.103,  0.767], 
          [-1.086, -1.440,  0.888,  0.615], 
          [-1.276, -1.162,  1.344,  0.839], 
          [-1.330, -1.192,  1.094,  0.753], 
          [-1.303, -1.311,  0.900,  0.696], 
          [-1.120, -1.280,  0.837,  0.759], 
          [-1.036, -1.329,  0.835,  0.765], 
          [-1.022, -1.356,  0.461,  0.812], 
          [-1.006, -1.383,  0.095,  0.790], 
          [-1.207, -1.231,  0.830,  0.731], 
          [-1.223, -1.276,  0.454,  0.823], 
          [-1.269, -1.303,  0.083,  0.812], 
          [-1.052, -1.120,  1.544,  0.807], 
          [-1.127, -1.102,  1.530,  0.883], 
          [-1.056, -1.226,  1.553,  0.779], 
          [-1.200, -1.154,  1.529,  0.879], 
          [-1.202, -1.154,  0.035,  0.711], 
          [-1.254, -1.165,  0.043,  0.730], 
          [-1.280, -1.343,  0.028,  0.701], 
          [-0.878, -1.296,  0.061,  0.735], 
          [-0.867, -1.335,  0.063,  0.717], 
          [-1.022, -1.410,  0.058,  0.783]
        ]
    },
    {
        "id": 2,
        "keypoints3d": [
          [-0.311,  1.015,  1.496,  0.869], 
          [-0.380,  1.179,  1.303,  0.883], 
          [-0.519,  1.128,  1.295,  0.850], 
          [-0.611,  1.141,  1.048,  0.798], 
          [-0.646,  1.069,  0.839,  0.808], 
          [-0.243,  1.219,  1.304,  0.838], 
          [-0.158,  1.274,  1.067,  0.822], 
          [-0.098,  1.218,  0.872,  0.864], 
          [-0.364,  1.160,  0.787,  0.760], 
          [-0.463,  1.126,  0.786,  0.762], 
          [-0.463,  1.150,  0.431,  0.836], 
          [-0.486,  1.158,  0.089,  0.838], 
          [-0.267,  1.194,  0.788,  0.741], 
          [-0.246,  1.214,  0.443,  0.788], 
          [-0.168,  1.220,  0.097,  0.785], 
          [-0.343,  1.020,  1.516,  0.896], 
          [-0.288,  1.074,  1.517,  0.783], 
          [-0.432,  1.092,  1.512,  0.898], 
          [-0.287,  1.168,  1.517,  0.832], 
          [-0.062,  1.119,  0.045,  0.745], 
          [-0.059,  1.165,  0.051,  0.779], 
          [-0.188,  1.234,  0.051,  0.771], 
          [-0.472,  1.008,  0.047,  0.716], 
          [-0.512,  1.030,  0.045,  0.704], 
          [-0.480,  1.189,  0.042,  0.780]
        ]
    },
    {
        "id": 4,
        "keypoints3d": [
          [ 1.054, -1.318,  1.587,  0.876], 
          [ 1.131, -1.395,  1.390,  0.877], 
          [ 1.248, -1.284,  1.393,  0.829], 
          [ 1.145, -1.170,  1.190,  0.723], 
          [ 0.957, -1.329,  1.207,  0.730], 
          [ 0.998, -1.502,  1.385,  0.856], 
          [ 0.906, -1.439,  1.149,  0.851], 
          [ 1.062, -1.241,  1.183,  0.787], 
          [ 1.086, -1.351,  0.862,  0.760], 
          [ 1.146, -1.271,  0.865,  0.720], 
          [ 1.181, -1.312,  0.469,  0.841], 
          [ 1.239, -1.352,  0.084,  0.727], 
          [ 1.016, -1.425,  0.865,  0.760], 
          [ 1.038, -1.438,  0.473,  0.719], 
          [ 1.081, -1.480,  0.107,  0.845], 
          [ 1.079, -1.308,  1.615,  0.808], 
          [ 1.027, -1.359,  1.609,  0.874], 
          [ 1.175, -1.322,  1.607,  0.877], 
          [ 1.060, -1.436,  1.583,  0.869], 
          [ 0.985, -1.371,  0.063,  0.711], 
          [ 0.968, -1.440,  0.066,  0.721], 
          [ 1.115, -1.492,  0.051,  0.699], 
          [ 1.130, -1.254,  0.041,  0.726], 
          [ 1.196, -1.233,  0.037,  0.732], 
          [ 1.255, -1.389,  0.042,  0.625]
        ]
    },
    {
        "id": 6,
        "keypoints3d": [
          [-0.118, -0.107,  1.054,  0.731], 
          [-0.282,  0.022,  0.924,  0.865], 
          [-0.382, -0.108,  0.915,  0.823], 
          [-0.567, -0.175,  0.748,  0.778], 
          [-0.350, -0.234,  0.638,  0.702], 
          [-0.191,  0.154,  0.935,  0.839], 
          [-0.181,  0.373,  0.790,  0.830], 
          [-0.083,  0.241,  0.665,  0.844], 
          [-0.289,  0.061,  0.447,  0.710], 
          [-0.350, -0.035,  0.446,  0.672], 
          [-0.002, -0.330,  0.477,  0.644], 
          [-0.104, -0.357,  0.076,  0.745], 
          [-0.221,  0.154,  0.452,  0.688], 
          [ 0.186, -0.079,  0.518,  0.770], 
          [ 0.217, -0.022,  0.102,  0.776], 
          [-0.147, -0.132,  1.089,  0.675], 
          [-0.111, -0.084,  1.080,  0.848], 
          [-0.250, -0.123,  1.092,  0.808], 
          [-0.153,  0.006,  1.096,  0.818], 
          [ 0.370, -0.096,  0.065,  0.819], 
          [ 0.366, -0.033,  0.066,  0.832], 
          [ 0.171, -0.002,  0.037,  0.676], 
          [ 0.010, -0.499,  0.042,  0.784], 
          [-0.041, -0.506,  0.039,  0.678], 
          [-0.136, -0.330,  0.038,  0.728]
        ]
    }
]
