[
    {
        "id": 0,
        "keypoints3d": [
          [-0.294,  1.022,  1.495,  0.879], 
          [-0.373,  1.180,  1.305,  0.888], 
          [-0.511,  1.128,  1.295,  0.855], 
          [-0.603,  1.144,  1.053,  0.832], 
          [-0.634,  1.075,  0.839,  0.857], 
          [-0.231,  1.224,  1.303,  0.838], 
          [-0.153,  1.277,  1.065,  0.833], 
          [-0.088,  1.218,  0.865,  0.853], 
          [-0.351,  1.164,  0.786,  0.770], 
          [-0.453,  1.128,  0.785,  0.759], 
          [-0.459,  1.147,  0.432,  0.836], 
          [-0.486,  1.155,  0.091,  0.837], 
          [-0.261,  1.197,  0.792,  0.746], 
          [-0.246,  1.214,  0.440,  0.743], 
          [-0.165,  1.222,  0.103,  0.860], 
          [-0.340,  1.025,  1.518,  0.887], 
          [-0.272,  1.071,  1.519,  0.793], 
          [-0.423,  1.100,  1.511,  0.793], 
          [-0.279,  1.174,  1.514,  0.863], 
          [-0.060,  1.119,  0.043,  0.751], 
          [-0.060,  1.166,  0.049,  0.780], 
          [-0.189,  1.236,  0.055,  0.769], 
          [-0.477,  1.008,  0.048,  0.691], 
          [-0.515,  1.035,  0.047,  0.678], 
          [-0.480,  1.186,  0.043,  0.786]
        ]
    },
    {
        "id": 2,
        "keypoints3d": [
          [-1.061, -1.115,  1.507,  0.839], 
          [-1.143, -1.257,  1.354,  0.864], 
          [-1.008, -1.354,  1.360,  0.837], 
          [-1.007, -1.443,  1.104,  0.770], 
          [-1.076, -1.441,  0.901,  0.619], 
          [-1.266, -1.163,  1.344,  0.837], 
          [-1.326, -1.196,  1.097,  0.721], 
          [-1.265, -1.322,  0.888,  0.595], 
          [-1.112, -1.283,  0.835,  0.754], 
          [-1.031, -1.330,  0.835,  0.760], 
          [-1.020, -1.354,  0.456,  0.799], 
          [-1.006, -1.386,  0.095,  0.775], 
          [-1.199, -1.232,  0.833,  0.725], 
          [-1.217, -1.272,  0.456,  0.823], 
          [-1.264, -1.303,  0.084,  0.806], 
          [-1.044, -1.138,  1.539,  0.808], 
          [-1.110, -1.121,  1.532,  0.884], 
          [-1.039, -1.237,  1.555,  0.855], 
          [-1.197, -1.152,  1.529,  0.889], 
          [-1.203, -1.154,  0.036,  0.721], 
          [-1.255, -1.164,  0.041,  0.738], 
          [-1.280, -1.342,  0.028,  0.700], 
          [-0.878, -1.296,  0.060,  0.727], 
          [-0.868, -1.334,  0.064,  0.712], 
          [-1.023, -1.410,  0.055,  0.776]
        ]
    },
    {
        "id": 4,
        "keypoints3d": [
          [ 1.053, -1.318,  1.586,  0.874], 
          [ 1.131, -1.395,  1.390,  0.876], 
          [ 1.248, -1.285,  1.393,  0.827], 
          [ 1.144, -1.170,  1.190,  0.721], 
          [ 0.959, -1.325,  1.208,  0.730], 
          [ 0.996, -1.501,  1.385,  0.854], 
          [ 0.908, -1.437,  1.149,  0.852], 
          [ 1.061, -1.244,  1.183,  0.787], 
          [ 1.085, -1.351,  0.862,  0.761], 
          [ 1.146, -1.271,  0.865,  0.720], 
          [ 1.183, -1.311,  0.472,  0.848], 
          [ 1.237, -1.353,  0.085,  0.733], 
          [ 1.019, -1.427,  0.863,  0.762], 
          [ 1.038, -1.437,  0.476,  0.732], 
          [ 1.081, -1.480,  0.107,  0.845], 
          [ 1.079, -1.308,  1.615,  0.809], 
          [ 1.027, -1.359,  1.609,  0.869], 
          [ 1.174, -1.325,  1.608,  0.869], 
          [ 1.059, -1.436,  1.584,  0.866], 
          [ 0.985, -1.371,  0.062,  0.714], 
          [ 0.966, -1.438,  0.063,  0.721], 
          [ 1.115, -1.492,  0.051,  0.700], 
          [ 1.130, -1.255,  0.041,  0.725], 
          [ 1.196, -1.233,  0.037,  0.731], 
          [ 1.254, -1.390,  0.042,  0.626]
        ]
    },
    {
        "id": 6,
        "keypoints3d": [
          [-0.134, -0.084,  1.045,  0.772], 
          [-0.292,  0.037,  0.925,  0.854], 
          [-0.383, -0.101,  0.915,  0.824], 
          [-0.561, -0.192,  0.737,  0.754], 
          [-0.343, -0.235,  0.634,  0.749], 
          [-0.203,  0.167,  0.941,  0.842], 
          [-0.195,  0.388,  0.782,  0.809], 
          [-0.092,  0.259,  0.671,  0.722], 
          [-0.281,  0.060,  0.445,  0.696], 
          [-0.335, -0.037,  0.447,  0.673], 
          [ 0.010, -0.328,  0.492,  0.649], 
          [-0.092, -0.338,  0.081,  0.732], 
          [-0.215,  0.163,  0.448,  0.692], 
          [ 0.194, -0.056,  0.522,  0.795], 
          [ 0.197, -0.015,  0.087,  0.723], 
          [-0.152, -0.107,  1.078,  0.734], 
          [-0.115, -0.051,  1.090,  0.847], 
          [-0.253, -0.115,  1.087,  0.796], 
          [-0.187,  0.039,  1.099,  0.804], 
          [ 0.372, -0.056,  0.060,  0.748], 
          [ 0.360, -0.000,  0.054,  0.776], 
          [ 0.139, -0.008,  0.022,  0.671], 
          [ 0.008, -0.494,  0.048,  0.787], 
          [-0.047, -0.491,  0.052,  0.806], 
          [-0.120, -0.321,  0.043,  0.701]
        ]
    }
]
