[
    {
        "id": 0,
        "keypoints3d": [
          [ 1.034, -1.319,  1.576,  0.884], 
          [ 1.130, -1.399,  1.388,  0.863], 
          [ 1.246, -1.288,  1.391,  0.816], 
          [ 1.139, -1.156,  1.185,  0.836], 
          [ 0.970, -1.350,  1.203,  0.823], 
          [ 0.992, -1.503,  1.381,  0.822], 
          [ 0.903, -1.430,  1.147,  0.859], 
          [ 1.069, -1.233,  1.180,  0.766], 
          [ 1.087, -1.351,  0.862,  0.726], 
          [ 1.148, -1.272,  0.869,  0.713], 
          [ 1.178, -1.299,  0.477,  0.780], 
          [ 1.238, -1.348,  0.091,  0.778], 
          [ 1.020, -1.426,  0.861,  0.708], 
          [ 1.036, -1.435,  0.474,  0.659], 
          [ 1.074, -1.467,  0.101,  0.841], 
          [ 1.077, -1.299,  1.615,  0.817], 
          [ 1.014, -1.361,  1.606,  0.875], 
          [ 1.172, -1.330,  1.607,  0.832], 
          [ 1.048, -1.451,  1.582,  0.856], 
          [ 0.974, -1.355,  0.059,  0.711], 
          [ 0.957, -1.431,  0.060,  0.715], 
          [ 1.104, -1.486,  0.049,  0.699], 
          [ 1.115, -1.244,  0.052,  0.731], 
          [ 1.182, -1.222,  0.047,  0.730], 
          [ 1.250, -1.387,  0.050,  0.666]
        ]
    },
    {
        "id": 2,
        "keypoints3d": [
          [-0.235,  1.032,  1.484,  0.818], 
          [-0.205,  1.179,  1.301,  0.877], 
          [-0.356,  1.140,  1.317,  0.867], 
          [-0.462,  1.165,  1.082,  0.819], 
          [-0.498,  1.095,  0.870,  0.859], 
          [-0.063,  1.214,  1.289,  0.841], 
          [-0.009,  1.253,  1.045,  0.838], 
          [ 0.026,  1.186,  0.837,  0.856], 
          [-0.232,  1.158,  0.786,  0.763], 
          [-0.335,  1.131,  0.794,  0.747], 
          [-0.388,  1.118,  0.443,  0.840], 
          [-0.472,  1.153,  0.094,  0.840], 
          [-0.132,  1.186,  0.783,  0.755], 
          [-0.169,  1.201,  0.435,  0.780], 
          [-0.168,  1.217,  0.085,  0.835], 
          [-0.257,  1.057,  1.524,  0.797], 
          [-0.208,  1.074,  1.524,  0.858], 
          [-0.272,  1.136,  1.521,  0.832], 
          [-0.105,  1.140,  1.507,  0.842], 
          [-0.062,  1.133,  0.039,  0.722], 
          [-0.057,  1.166,  0.043,  0.684], 
          [-0.192,  1.231,  0.039,  0.720], 
          [-0.475,  1.005,  0.042,  0.713], 
          [-0.513,  1.032,  0.041,  0.712], 
          [-0.470,  1.191,  0.047,  0.808]
        ]
    },
    {
        "id": 4,
        "keypoints3d": [
          [-1.012, -1.190,  1.548,  0.820], 
          [-1.082, -1.300,  1.354,  0.870], 
          [-0.946, -1.373,  1.351,  0.853], 
          [-0.959, -1.446,  1.074,  0.791], 
          [-0.983, -1.451,  0.910,  0.712], 
          [-1.228, -1.207,  1.360,  0.869], 
          [-1.283, -1.260,  1.100,  0.809], 
          [-1.226, -1.336,  0.891,  0.678], 
          [-1.070, -1.278,  0.841,  0.760], 
          [-0.986, -1.323,  0.835,  0.740], 
          [-0.978, -1.351,  0.446,  0.795], 
          [-0.985, -1.398,  0.090,  0.856], 
          [-1.157, -1.233,  0.844,  0.743], 
          [-1.168, -1.237,  0.466,  0.841], 
          [-1.234, -1.291,  0.087,  0.849], 
          [-0.987, -1.225,  1.574,  0.801], 
          [-1.044, -1.181,  1.582,  0.836], 
          [-0.990, -1.323,  1.539,  0.757], 
          [-1.126, -1.226,  1.567,  0.875], 
          [-1.193, -1.140,  0.038,  0.763], 
          [-1.239, -1.162,  0.039,  0.797], 
          [-1.254, -1.328,  0.037,  0.738], 
          [-0.876, -1.298,  0.061,  0.751], 
          [-0.863, -1.342,  0.063,  0.735], 
          [-1.018, -1.415,  0.055,  0.792]
        ]
    },
    {
        "id": 6,
        "keypoints3d": [
          [-0.327,  0.210,  1.063,  0.879], 
          [-0.192,  0.066,  0.925,  0.848], 
          [-0.047,  0.127,  0.916,  0.809], 
          [ 0.106,  0.040,  0.707,  0.830], 
          [ 0.011,  0.211,  0.642,  0.894], 
          [-0.339,  0.006,  0.946,  0.853], 
          [-0.463, -0.160,  0.770,  0.813], 
          [-0.511,  0.014,  0.635,  0.808], 
          [-0.226,  0.047,  0.470,  0.692], 
          [-0.128,  0.101,  0.483,  0.693], 
          [-0.361,  0.474,  0.565,  0.857], 
          [-0.305,  0.463,  0.145,  0.738], 
          [-0.339, -0.002,  0.470,  0.646], 
          [-0.559,  0.373,  0.515,  0.804], 
          [-0.422,  0.407,  0.173,  0.675], 
          [-0.290,  0.224,  1.079,  0.811], 
          [-0.331,  0.185,  1.106,  0.863], 
          [-0.212,  0.235,  1.079,  0.791], 
          [-0.288,  0.098,  1.113,  0.697], 
          [-0.520,  0.481,  0.086,  0.779], 
          [-0.520,  0.437,  0.086,  0.812], 
          [-0.338,  0.379,  0.081,  0.608], 
          [-0.397,  0.583,  0.110,  0.723], 
          [-0.336,  0.586,  0.115,  0.736], 
          [-0.272,  0.441,  0.100,  0.722]
        ]
    }
]
