[
    {
        "id": 0,
        "keypoints3d": [
          [-0.212,  1.009,  1.488,  0.901], 
          [-0.258,  1.188,  1.300,  0.889], 
          [-0.403,  1.128,  1.305,  0.857], 
          [-0.489,  1.146,  1.063,  0.790], 
          [-0.503,  1.071,  0.860,  0.791], 
          [-0.120,  1.234,  1.292,  0.836], 
          [-0.053,  1.273,  1.053,  0.836], 
          [-0.001,  1.216,  0.841,  0.867], 
          [-0.258,  1.167,  0.792,  0.772], 
          [-0.353,  1.130,  0.800,  0.762], 
          [-0.393,  1.141,  0.442,  0.811], 
          [-0.474,  1.155,  0.092,  0.839], 
          [-0.165,  1.201,  0.785,  0.758], 
          [-0.184,  1.203,  0.437,  0.832], 
          [-0.168,  1.223,  0.095,  0.824], 
          [-0.253,  1.040,  1.513,  0.807], 
          [-0.176,  1.051,  1.521,  0.757], 
          [-0.314,  1.111,  1.516,  0.885], 
          [-0.145,  1.152,  1.518,  0.743], 
          [-0.050,  1.126,  0.050,  0.683], 
          [-0.052,  1.171,  0.055,  0.713], 
          [-0.193,  1.234,  0.049,  0.667], 
          [-0.464,  1.012,  0.049,  0.727], 
          [-0.497,  1.040,  0.049,  0.726], 
          [-0.479,  1.192,  0.043,  0.790]
        ]
    },
    {
        "id": 2,
        "keypoints3d": [
          [-0.912, -1.215,  1.527,  0.908], 
          [-0.988, -1.342,  1.348,  0.867], 
          [-0.859, -1.411,  1.338,  0.850], 
          [-0.862, -1.505,  1.081,  0.814], 
          [-0.907, -1.511,  0.898,  0.753], 
          [-1.128, -1.252,  1.355,  0.841], 
          [-1.176, -1.309,  1.087,  0.790], 
          [-1.128, -1.389,  0.865,  0.735], 
          [-0.977, -1.338,  0.822,  0.745], 
          [-0.900, -1.393,  0.813,  0.741], 
          [-0.931, -1.391,  0.437,  0.822], 
          [-0.981, -1.397,  0.089,  0.841], 
          [-1.052, -1.278,  0.833,  0.726], 
          [-1.005, -1.229,  0.471,  0.765], 
          [-1.058, -1.287,  0.111,  0.840], 
          [-0.887, -1.242,  1.554,  0.808], 
          [-0.951, -1.212,  1.563,  0.832], 
          [-0.895, -1.349,  1.536,  0.729], 
          [-1.038, -1.263,  1.547,  0.870], 
          [-1.024, -1.171,  0.056,  0.704], 
          [-1.071, -1.173,  0.064,  0.727], 
          [-1.063, -1.338,  0.054,  0.701], 
          [-0.874, -1.294,  0.060,  0.700], 
          [-0.862, -1.347,  0.055,  0.680], 
          [-1.019, -1.417,  0.049,  0.638]
        ]
    },
    {
        "id": 4,
        "keypoints3d": [
          [ 1.037, -1.321,  1.583,  0.877], 
          [ 1.127, -1.402,  1.390,  0.865], 
          [ 1.242, -1.293,  1.396,  0.853], 
          [ 1.131, -1.161,  1.196,  0.795], 
          [ 0.996, -1.270,  1.218,  0.777], 
          [ 0.982, -1.500,  1.383,  0.842], 
          [ 0.896, -1.435,  1.148,  0.869], 
          [ 1.065, -1.242,  1.181,  0.792], 
          [ 1.080, -1.344,  0.864,  0.770], 
          [ 1.146, -1.270,  0.871,  0.763], 
          [ 1.183, -1.309,  0.472,  0.806], 
          [ 1.239, -1.351,  0.092,  0.855], 
          [ 1.013, -1.419,  0.862,  0.755], 
          [ 1.036, -1.434,  0.473,  0.765], 
          [ 1.079, -1.477,  0.113,  0.841], 
          [ 1.076, -1.297,  1.616,  0.819], 
          [ 1.011, -1.361,  1.609,  0.881], 
          [ 1.163, -1.337,  1.603,  0.889], 
          [ 1.039, -1.431,  1.581,  0.843], 
          [ 0.989, -1.371,  0.061,  0.715], 
          [ 0.966, -1.435,  0.071,  0.728], 
          [ 1.111, -1.489,  0.059,  0.679], 
          [ 1.138, -1.260,  0.047,  0.703], 
          [ 1.197, -1.240,  0.045,  0.713], 
          [ 1.246, -1.390,  0.038,  0.670]
        ]
    },
    {
        "id": 6,
        "keypoints3d": [
          [-0.273,  0.099,  1.103,  0.801], 
          [-0.334, -0.049,  0.912,  0.841], 
          [-0.237, -0.166,  0.906,  0.783], 
          [-0.184, -0.307,  0.688,  0.737], 
          [-0.025, -0.138,  0.651,  0.785], 
          [-0.431,  0.075,  0.926,  0.829], 
          [-0.587,  0.181,  0.708,  0.818], 
          [-0.387,  0.270,  0.649,  0.800], 
          [-0.290,  0.033,  0.459,  0.689], 
          [-0.215, -0.051,  0.459,  0.646], 
          [ 0.135,  0.261,  0.553,  0.854], 
          [ 0.107,  0.161,  0.119,  0.716], 
          [-0.342,  0.114,  0.472,  0.680], 
          [-0.005,  0.402,  0.538,  0.786], 
          [-0.001,  0.348,  0.123,  0.801], 
          [-0.259,  0.083,  1.135,  0.799], 
          [-0.312,  0.077,  1.127,  0.720], 
          [-0.242, -0.019,  1.125,  0.870], 
          [-0.383,  0.031,  1.119,  0.758], 
          [ 0.083,  0.486,  0.079,  0.812], 
          [ 0.026,  0.489,  0.085,  0.785], 
          [-0.020,  0.300,  0.071,  0.675], 
          [ 0.210,  0.306,  0.101,  0.807], 
          [ 0.233,  0.243,  0.108,  0.802], 
          [ 0.088,  0.142,  0.089,  0.762]
        ]
    }
]
