[
    {
        "id": 0,
        "keypoints3d": [
          [-1.018, -1.160,  1.514,  0.803], 
          [-1.088, -1.280,  1.349,  0.860], 
          [-0.967, -1.371,  1.355,  0.857], 
          [-0.963, -1.449,  1.094,  0.777], 
          [-0.998, -1.467,  0.917,  0.643], 
          [-1.227, -1.188,  1.352,  0.863], 
          [-1.265, -1.211,  1.084,  0.788], 
          [-1.194, -1.330,  0.871,  0.616], 
          [-1.067, -1.293,  0.836,  0.752], 
          [-0.983, -1.346,  0.837,  0.733], 
          [-0.984, -1.369,  0.438,  0.812], 
          [-0.989, -1.393,  0.089,  0.859], 
          [-1.148, -1.238,  0.832,  0.752], 
          [-1.179, -1.278,  0.448,  0.831], 
          [-1.256, -1.309,  0.080,  0.852], 
          [-0.997, -1.173,  1.553,  0.802], 
          [-1.059, -1.136,  1.553,  0.814], 
          [-1.006, -1.268,  1.551,  0.752], 
          [-1.129, -1.195,  1.530,  0.857], 
          [-1.202, -1.155,  0.040,  0.731], 
          [-1.253, -1.169,  0.043,  0.749], 
          [-1.282, -1.347,  0.029,  0.714], 
          [-0.867, -1.300,  0.057,  0.743], 
          [-0.861, -1.345,  0.058,  0.727], 
          [-1.020, -1.406,  0.058,  0.802]
        ]
    },
    {
        "id": 2,
        "keypoints3d": [
          [-0.266,  1.025,  1.494,  0.864], 
          [-0.333,  1.176,  1.306,  0.870], 
          [-0.460,  1.135,  1.302,  0.848], 
          [-0.563,  1.135,  1.058,  0.814], 
          [-0.604,  1.073,  0.843,  0.873], 
          [-0.182,  1.229,  1.298,  0.827], 
          [-0.124,  1.275,  1.072,  0.839], 
          [-0.042,  1.220,  0.870,  0.860], 
          [-0.324,  1.164,  0.786,  0.773], 
          [-0.420,  1.130,  0.788,  0.759], 
          [-0.441,  1.147,  0.433,  0.793], 
          [-0.482,  1.153,  0.099,  0.839], 
          [-0.228,  1.194,  0.787,  0.737], 
          [-0.210,  1.209,  0.437,  0.794], 
          [-0.170,  1.226,  0.095,  0.775], 
          [-0.299,  1.033,  1.521,  0.893], 
          [-0.245,  1.062,  1.526,  0.802], 
          [-0.383,  1.090,  1.515,  0.811], 
          [-0.238,  1.162,  1.518,  0.802], 
          [-0.056,  1.118,  0.045,  0.748], 
          [-0.055,  1.172,  0.053,  0.716], 
          [-0.192,  1.235,  0.053,  0.724], 
          [-0.472,  1.010,  0.044,  0.686], 
          [-0.515,  1.036,  0.048,  0.741], 
          [-0.479,  1.183,  0.052,  0.791]
        ]
    },
    {
        "id": 4,
        "keypoints3d": [
          [-0.169,  0.003,  1.079,  0.836], 
          [-0.337,  0.066,  0.921,  0.852], 
          [-0.388, -0.098,  0.918,  0.832], 
          [-0.525, -0.230,  0.732,  0.829], 
          [-0.290, -0.260,  0.647,  0.720], 
          [-0.276,  0.206,  0.937,  0.804], 
          [-0.297,  0.428,  0.781,  0.869], 
          [-0.148,  0.292,  0.660,  0.645], 
          [-0.295,  0.066,  0.456,  0.744], 
          [-0.326, -0.046,  0.452,  0.702], 
          [ 0.110, -0.213,  0.515,  0.755], 
          [-0.031, -0.295,  0.127,  0.697], 
          [-0.252,  0.174,  0.463,  0.720], 
          [ 0.188,  0.052,  0.503,  0.763], 
          [ 0.174, -0.017,  0.046,  0.782], 
          [-0.184, -0.020,  1.115,  0.863], 
          [-0.182,  0.041,  1.115,  0.878], 
          [-0.278, -0.059,  1.100,  0.785], 
          [-0.257,  0.096,  1.113,  0.867], 
          [ 0.351, -0.006,  0.004,  0.738], 
          [ 0.313,  0.037,  0.005,  0.755], 
          [ 0.121, -0.025, -0.011,  0.707], 
          [ 0.125, -0.419,  0.088,  0.612], 
          [ 0.072, -0.438,  0.082,  0.688], 
          [-0.072, -0.276,  0.084,  0.557]
        ]
    },
    {
        "id": 6,
        "keypoints3d": [
          [ 1.058, -1.319,  1.589,  0.891], 
          [ 1.124, -1.392,  1.390,  0.892], 
          [ 1.236, -1.275,  1.395,  0.858], 
          [ 1.144, -1.166,  1.190,  0.767], 
          [ 0.958, -1.332,  1.204,  0.732], 
          [ 0.985, -1.499,  1.386,  0.877], 
          [ 0.903, -1.441,  1.147,  0.859], 
          [ 1.070, -1.256,  1.178,  0.806], 
          [ 1.083, -1.347,  0.866,  0.810], 
          [ 1.143, -1.263,  0.871,  0.788], 
          [ 1.186, -1.307,  0.480,  0.853], 
          [ 1.246, -1.349,  0.096,  0.838], 
          [ 1.017, -1.425,  0.864,  0.803], 
          [ 1.033, -1.434,  0.478,  0.788], 
          [ 1.078, -1.480,  0.109,  0.843], 
          [ 1.079, -1.308,  1.615,  0.830], 
          [ 1.022, -1.355,  1.611,  0.888], 
          [ 1.169, -1.323,  1.609,  0.860], 
          [ 1.045, -1.437,  1.584,  0.853], 
          [ 0.986, -1.370,  0.059,  0.718], 
          [ 0.967, -1.436,  0.069,  0.725], 
          [ 1.109, -1.486,  0.059,  0.700], 
          [ 1.126, -1.255,  0.047,  0.725], 
          [ 1.197, -1.233,  0.040,  0.733], 
          [ 1.256, -1.390,  0.047,  0.641]
        ]
    }
]
