[
    {
        "id": 0,
        "keypoints3d": [
          [-1.018, -1.159,  1.515,  0.801], 
          [-1.085, -1.281,  1.349,  0.859], 
          [-0.964, -1.370,  1.354,  0.855], 
          [-0.963, -1.451,  1.094,  0.780], 
          [-0.998, -1.467,  0.916,  0.648], 
          [-1.226, -1.190,  1.353,  0.867], 
          [-1.265, -1.217,  1.084,  0.779], 
          [-1.188, -1.328,  0.870,  0.589], 
          [-1.060, -1.290,  0.838,  0.756], 
          [-0.978, -1.346,  0.840,  0.729], 
          [-0.981, -1.370,  0.440,  0.808], 
          [-0.989, -1.393,  0.089,  0.860], 
          [-1.145, -1.239,  0.836,  0.752], 
          [-1.176, -1.279,  0.448,  0.831], 
          [-1.256, -1.309,  0.080,  0.849], 
          [-0.997, -1.173,  1.553,  0.807], 
          [-1.058, -1.140,  1.553,  0.816], 
          [-1.004, -1.270,  1.546,  0.740], 
          [-1.129, -1.195,  1.530,  0.862], 
          [-1.204, -1.154,  0.043,  0.726], 
          [-1.255, -1.169,  0.046,  0.745], 
          [-1.282, -1.347,  0.029,  0.715], 
          [-0.867, -1.300,  0.057,  0.741], 
          [-0.861, -1.345,  0.058,  0.724], 
          [-1.020, -1.406,  0.058,  0.802]
        ]
    },
    {
        "id": 2,
        "keypoints3d": [
          [-0.266,  1.025,  1.494,  0.865], 
          [-0.332,  1.180,  1.306,  0.871], 
          [-0.459,  1.136,  1.302,  0.852], 
          [-0.561,  1.137,  1.059,  0.793], 
          [-0.603,  1.071,  0.844,  0.847], 
          [-0.181,  1.230,  1.298,  0.829], 
          [-0.121,  1.280,  1.072,  0.836], 
          [-0.041,  1.224,  0.870,  0.859], 
          [-0.324,  1.164,  0.786,  0.772], 
          [-0.418,  1.133,  0.788,  0.763], 
          [-0.440,  1.148,  0.436,  0.793], 
          [-0.483,  1.153,  0.097,  0.838], 
          [-0.225,  1.196,  0.786,  0.734], 
          [-0.208,  1.208,  0.434,  0.792], 
          [-0.169,  1.225,  0.097,  0.776], 
          [-0.299,  1.033,  1.521,  0.881], 
          [-0.245,  1.062,  1.526,  0.802], 
          [-0.381,  1.093,  1.517,  0.812], 
          [-0.236,  1.166,  1.520,  0.882], 
          [-0.057,  1.118,  0.044,  0.750], 
          [-0.056,  1.170,  0.052,  0.718], 
          [-0.192,  1.235,  0.053,  0.724], 
          [-0.474,  1.009,  0.045,  0.685], 
          [-0.516,  1.036,  0.049,  0.741], 
          [-0.479,  1.183,  0.050,  0.789]
        ]
    },
    {
        "id": 4,
        "keypoints3d": [
          [-0.173,  0.014,  1.085,  0.846], 
          [-0.342,  0.064,  0.923,  0.856], 
          [-0.388, -0.100,  0.917,  0.823], 
          [-0.517, -0.234,  0.730,  0.757], 
          [-0.286, -0.258,  0.642,  0.730], 
          [-0.286,  0.203,  0.939,  0.806], 
          [-0.306,  0.427,  0.779,  0.865], 
          [-0.143,  0.303,  0.664,  0.717], 
          [-0.297,  0.067,  0.455,  0.743], 
          [-0.330, -0.047,  0.451,  0.701], 
          [ 0.108, -0.196,  0.512,  0.754], 
          [-0.025, -0.296,  0.123,  0.687], 
          [-0.258,  0.176,  0.462,  0.722], 
          [ 0.183,  0.060,  0.498,  0.774], 
          [ 0.175, -0.016,  0.047,  0.791], 
          [-0.192, -0.015,  1.125,  0.846], 
          [-0.188,  0.048,  1.129,  0.864], 
          [-0.268, -0.056,  1.103,  0.815], 
          [-0.257,  0.097,  1.118,  0.861], 
          [ 0.351, -0.005,  0.005,  0.764], 
          [ 0.316,  0.037,  0.004,  0.783], 
          [ 0.119, -0.031, -0.010,  0.714], 
          [ 0.121, -0.385,  0.052,  0.563], 
          [ 0.077, -0.418,  0.046,  0.613], 
          [-0.062, -0.284,  0.079,  0.552]
        ]
    },
    {
        "id": 6,
        "keypoints3d": [
          [ 1.055, -1.322,  1.589,  0.890], 
          [ 1.124, -1.392,  1.390,  0.892], 
          [ 1.236, -1.275,  1.395,  0.858], 
          [ 1.144, -1.166,  1.189,  0.768], 
          [ 0.958, -1.332,  1.204,  0.733], 
          [ 0.985, -1.499,  1.386,  0.878], 
          [ 0.906, -1.439,  1.147,  0.858], 
          [ 1.073, -1.253,  1.178,  0.804], 
          [ 1.083, -1.347,  0.866,  0.811], 
          [ 1.143, -1.263,  0.871,  0.788], 
          [ 1.187, -1.307,  0.482,  0.854], 
          [ 1.245, -1.350,  0.097,  0.850], 
          [ 1.017, -1.425,  0.864,  0.804], 
          [ 1.034, -1.433,  0.478,  0.787], 
          [ 1.076, -1.482,  0.108,  0.768], 
          [ 1.079, -1.307,  1.619,  0.829], 
          [ 1.022, -1.356,  1.611,  0.888], 
          [ 1.169, -1.323,  1.609,  0.866], 
          [ 1.045, -1.437,  1.584,  0.843], 
          [ 0.986, -1.370,  0.059,  0.718], 
          [ 0.967, -1.436,  0.069,  0.725], 
          [ 1.109, -1.486,  0.059,  0.700], 
          [ 1.126, -1.255,  0.047,  0.725], 
          [ 1.197, -1.233,  0.040,  0.733], 
          [ 1.256, -1.391,  0.050,  0.654]
        ]
    }
]
