[
    {
        "id": 0,
        "keypoints3d": [
          [ 1.031, -1.322,  1.576,  0.879], 
          [ 1.131, -1.400,  1.388,  0.861], 
          [ 1.245, -1.291,  1.393,  0.819], 
          [ 1.141, -1.156,  1.186,  0.837], 
          [ 0.972, -1.353,  1.198,  0.811], 
          [ 0.989, -1.508,  1.381,  0.821], 
          [ 0.896, -1.427,  1.146,  0.855], 
          [ 1.065, -1.230,  1.178,  0.766], 
          [ 1.086, -1.352,  0.862,  0.719], 
          [ 1.147, -1.271,  0.870,  0.710], 
          [ 1.177, -1.302,  0.479,  0.771], 
          [ 1.238, -1.347,  0.091,  0.779], 
          [ 1.020, -1.426,  0.861,  0.705], 
          [ 1.038, -1.436,  0.476,  0.681], 
          [ 1.072, -1.466,  0.105,  0.842], 
          [ 1.075, -1.314,  1.624,  0.839], 
          [ 1.012, -1.360,  1.602,  0.874], 
          [ 1.169, -1.332,  1.606,  0.820], 
          [ 1.042, -1.457,  1.583,  0.860], 
          [ 0.975, -1.355,  0.062,  0.715], 
          [ 0.960, -1.433,  0.064,  0.723], 
          [ 1.104, -1.486,  0.050,  0.704], 
          [ 1.117, -1.241,  0.052,  0.726], 
          [ 1.182, -1.220,  0.051,  0.727], 
          [ 1.250, -1.385,  0.046,  0.668]
        ]
    },
    {
        "id": 2,
        "keypoints3d": [
          [-0.198,  1.007,  1.493,  0.843], 
          [-0.226,  1.179,  1.298,  0.861], 
          [-0.369,  1.137,  1.311,  0.858], 
          [-0.477,  1.168,  1.076,  0.839], 
          [-0.510,  1.090,  0.863,  0.868], 
          [-0.083,  1.215,  1.287,  0.841], 
          [-0.027,  1.249,  1.038,  0.831], 
          [ 0.007,  1.196,  0.837,  0.862], 
          [-0.249,  1.158,  0.778,  0.764], 
          [-0.350,  1.126,  0.790,  0.747], 
          [-0.388,  1.130,  0.439,  0.797], 
          [-0.475,  1.156,  0.091,  0.843], 
          [-0.159,  1.186,  0.774,  0.760], 
          [-0.180,  1.198,  0.434,  0.764], 
          [-0.167,  1.218,  0.087,  0.825], 
          [-0.244,  1.040,  1.528,  0.837], 
          [-0.163,  1.050,  1.531,  0.885], 
          [-0.285,  1.124,  1.523,  0.876], 
          [-0.111,  1.140,  1.510,  0.865], 
          [-0.057,  1.129,  0.039,  0.720], 
          [-0.054,  1.165,  0.046,  0.750], 
          [-0.190,  1.229,  0.039,  0.723], 
          [-0.469,  1.005,  0.049,  0.730], 
          [-0.512,  1.032,  0.047,  0.712], 
          [-0.474,  1.191,  0.045,  0.795]
        ]
    },
    {
        "id": 4,
        "keypoints3d": [
          [-0.955, -1.209,  1.538,  0.829], 
          [-1.041, -1.312,  1.351,  0.869], 
          [-0.896, -1.400,  1.336,  0.841], 
          [-0.921, -1.487,  1.068,  0.782], 
          [-0.952, -1.480,  0.913,  0.775], 
          [-1.179, -1.226,  1.358,  0.850], 
          [-1.234, -1.274,  1.091,  0.765], 
          [-1.161, -1.381,  0.875,  0.732], 
          [-1.027, -1.301,  0.828,  0.733], 
          [-0.936, -1.352,  0.816,  0.724], 
          [-0.949, -1.369,  0.439,  0.801], 
          [-0.980, -1.398,  0.087,  0.852], 
          [-1.120, -1.249,  0.835,  0.731], 
          [-1.110, -1.241,  0.457,  0.822], 
          [-1.227, -1.294,  0.086,  0.860], 
          [-0.933, -1.239,  1.558,  0.804], 
          [-0.997, -1.213,  1.578,  0.808], 
          [-0.939, -1.332,  1.533,  0.754], 
          [-1.078, -1.251,  1.564,  0.866], 
          [-1.191, -1.145,  0.034,  0.770], 
          [-1.232, -1.166,  0.038,  0.812], 
          [-1.249, -1.332,  0.042,  0.761], 
          [-0.875, -1.303,  0.054,  0.747], 
          [-0.863, -1.360,  0.052,  0.742], 
          [-1.019, -1.413,  0.055,  0.758]
        ]
    },
    {
        "id": 6,
        "keypoints3d": [
          [-0.274,  0.195,  1.078,  0.836], 
          [-0.180,  0.025,  0.914,  0.872], 
          [-0.031,  0.053,  0.910,  0.799], 
          [ 0.110, -0.058,  0.683,  0.796], 
          [ 0.054,  0.150,  0.628,  0.835], 
          [-0.328,  0.001,  0.934,  0.820], 
          [-0.515, -0.118,  0.757,  0.832], 
          [-0.517,  0.074,  0.646,  0.831], 
          [-0.223,  0.040,  0.463,  0.703], 
          [-0.122,  0.061,  0.466,  0.684], 
          [-0.240,  0.481,  0.557,  0.847], 
          [-0.182,  0.473,  0.155,  0.803], 
          [-0.345,  0.028,  0.469,  0.650], 
          [-0.468,  0.462,  0.503,  0.794], 
          [-0.277,  0.393,  0.133,  0.763], 
          [-0.247,  0.201,  1.109,  0.832], 
          [-0.275,  0.149,  1.117,  0.864], 
          [-0.147,  0.192,  1.090,  0.871], 
          [-0.245,  0.055,  1.118,  0.857], 
          [-0.361,  0.494,  0.055,  0.688], 
          [-0.393,  0.440,  0.057,  0.721], 
          [-0.247,  0.358,  0.081,  0.649], 
          [-0.247,  0.651,  0.169,  0.746], 
          [-0.207,  0.635,  0.170,  0.753], 
          [-0.163,  0.445,  0.113,  0.711]
        ]
    }
]
