[
    {
        "id": 0,
        "keypoints3d": [
          [-0.904, -1.217,  1.527,  0.904], 
          [-0.985, -1.341,  1.345,  0.866], 
          [-0.853, -1.411,  1.335,  0.848], 
          [-0.864, -1.510,  1.083,  0.815], 
          [-0.907, -1.519,  0.906,  0.755], 
          [-1.127, -1.253,  1.356,  0.844], 
          [-1.176, -1.311,  1.090,  0.781], 
          [-1.124, -1.402,  0.875,  0.732], 
          [-0.980, -1.339,  0.825,  0.746], 
          [-0.903, -1.396,  0.816,  0.739], 
          [-0.930, -1.394,  0.441,  0.830], 
          [-0.979, -1.396,  0.091,  0.839], 
          [-1.052, -1.274,  0.836,  0.727], 
          [-1.012, -1.217,  0.477,  0.782], 
          [-1.058, -1.287,  0.112,  0.846], 
          [-0.883, -1.247,  1.550,  0.800], 
          [-0.946, -1.218,  1.561,  0.824], 
          [-0.885, -1.345,  1.537,  0.698], 
          [-1.039, -1.266,  1.550,  0.869], 
          [-1.021, -1.169,  0.057,  0.701], 
          [-1.073, -1.172,  0.066,  0.728], 
          [-1.069, -1.332,  0.063,  0.712], 
          [-0.891, -1.292,  0.059,  0.668], 
          [-0.867, -1.348,  0.055,  0.655], 
          [-1.018, -1.417,  0.052,  0.647]
        ]
    },
    {
        "id": 2,
        "keypoints3d": [
          [-0.211,  1.012,  1.487,  0.896], 
          [-0.255,  1.188,  1.301,  0.885], 
          [-0.400,  1.126,  1.306,  0.851], 
          [-0.487,  1.142,  1.067,  0.773], 
          [-0.509,  1.072,  0.862,  0.795], 
          [-0.116,  1.233,  1.292,  0.836], 
          [-0.051,  1.269,  1.058,  0.828], 
          [ 0.003,  1.215,  0.850,  0.863], 
          [-0.256,  1.168,  0.791,  0.774], 
          [-0.354,  1.129,  0.798,  0.760], 
          [-0.391,  1.143,  0.442,  0.809], 
          [-0.473,  1.153,  0.089,  0.841], 
          [-0.163,  1.199,  0.786,  0.760], 
          [-0.179,  1.200,  0.438,  0.831], 
          [-0.167,  1.223,  0.096,  0.817], 
          [-0.253,  1.038,  1.513,  0.793], 
          [-0.175,  1.051,  1.520,  0.774], 
          [-0.313,  1.111,  1.516,  0.892], 
          [-0.145,  1.153,  1.517,  0.742], 
          [-0.053,  1.124,  0.045,  0.740], 
          [-0.053,  1.169,  0.049,  0.709], 
          [-0.192,  1.233,  0.049,  0.659], 
          [-0.465,  1.013,  0.051,  0.729], 
          [-0.497,  1.040,  0.051,  0.728], 
          [-0.478,  1.187,  0.043,  0.790]
        ]
    },
    {
        "id": 4,
        "keypoints3d": [
          [-0.270,  0.097,  1.102,  0.783], 
          [-0.319, -0.054,  0.920,  0.843], 
          [-0.209, -0.162,  0.908,  0.799], 
          [-0.134, -0.304,  0.697,  0.722], 
          [-0.009, -0.122,  0.648,  0.781], 
          [-0.424,  0.068,  0.932,  0.818], 
          [-0.591,  0.160,  0.722,  0.768], 
          [-0.391,  0.255,  0.649,  0.758], 
          [-0.303,  0.012,  0.445,  0.674], 
          [-0.219, -0.067,  0.448,  0.643], 
          [ 0.112,  0.285,  0.553,  0.829], 
          [ 0.075,  0.194,  0.111,  0.655], 
          [-0.367,  0.092,  0.452,  0.656], 
          [-0.049,  0.428,  0.539,  0.744], 
          [-0.027,  0.354,  0.123,  0.683], 
          [-0.236,  0.094,  1.142,  0.775], 
          [-0.305,  0.066,  1.122,  0.846], 
          [-0.227, -0.006,  1.126,  0.733], 
          [-0.371,  0.013,  1.121,  0.829], 
          [ 0.044,  0.501,  0.082,  0.804], 
          [-0.008,  0.501,  0.079,  0.821], 
          [-0.032,  0.302,  0.069,  0.748], 
          [ 0.190,  0.350,  0.105,  0.803], 
          [ 0.188,  0.294,  0.093,  0.818], 
          [ 0.051,  0.170,  0.065,  0.684]
        ]
    },
    {
        "id": 6,
        "keypoints3d": [
          [ 1.044, -1.327,  1.590,  0.875], 
          [ 1.126, -1.400,  1.392,  0.883], 
          [ 1.240, -1.288,  1.397,  0.866], 
          [ 1.139, -1.166,  1.190,  0.781], 
          [ 0.967, -1.353,  1.199,  0.786], 
          [ 0.983, -1.503,  1.381,  0.885], 
          [ 0.897, -1.435,  1.147,  0.873], 
          [ 1.065, -1.242,  1.181,  0.793], 
          [ 1.082, -1.348,  0.865,  0.817], 
          [ 1.141, -1.263,  0.871,  0.790], 
          [ 1.182, -1.309,  0.473,  0.858], 
          [ 1.239, -1.350,  0.092,  0.857], 
          [ 1.016, -1.426,  0.863,  0.813], 
          [ 1.038, -1.435,  0.475,  0.838], 
          [ 1.079, -1.477,  0.113,  0.842], 
          [ 1.078, -1.304,  1.621,  0.944], 
          [ 1.008, -1.352,  1.612,  0.890], 
          [ 1.165, -1.341,  1.608,  0.765], 
          [ 1.031, -1.423,  1.580,  0.847], 
          [ 0.991, -1.375,  0.061,  0.713], 
          [ 0.966, -1.436,  0.071,  0.730], 
          [ 1.113, -1.493,  0.059,  0.680], 
          [ 1.138, -1.260,  0.047,  0.704], 
          [ 1.197, -1.240,  0.045,  0.712], 
          [ 1.246, -1.388,  0.044,  0.673]
        ]
    }
]
