[
    {
        "id": 0,
        "keypoints3d": [
          [-0.211,  1.009,  1.485,  0.897], 
          [-0.251,  1.184,  1.299,  0.876], 
          [-0.395,  1.129,  1.309,  0.844], 
          [-0.493,  1.163,  1.069,  0.834], 
          [-0.512,  1.076,  0.860,  0.846], 
          [-0.109,  1.224,  1.289,  0.833], 
          [-0.040,  1.266,  1.049,  0.832], 
          [ 0.008,  1.199,  0.848,  0.874], 
          [-0.256,  1.165,  0.786,  0.767], 
          [-0.352,  1.130,  0.792,  0.764], 
          [-0.396,  1.138,  0.437,  0.794], 
          [-0.476,  1.154,  0.087,  0.847], 
          [-0.162,  1.193,  0.782,  0.751], 
          [-0.177,  1.195,  0.430,  0.802], 
          [-0.168,  1.224,  0.091,  0.835], 
          [-0.254,  1.040,  1.514,  0.788], 
          [-0.177,  1.052,  1.517,  0.881], 
          [-0.313,  1.113,  1.515,  0.894], 
          [-0.133,  1.141,  1.514,  0.838], 
          [-0.054,  1.126,  0.042,  0.741], 
          [-0.054,  1.168,  0.048,  0.778], 
          [-0.189,  1.232,  0.048,  0.724], 
          [-0.462,  1.010,  0.050,  0.730], 
          [-0.500,  1.036,  0.048,  0.730], 
          [-0.478,  1.186,  0.045,  0.791]
        ]
    },
    {
        "id": 2,
        "keypoints3d": [
          [-0.899, -1.218,  1.535,  0.845], 
          [-0.983, -1.339,  1.344,  0.870], 
          [-0.847, -1.406,  1.335,  0.843], 
          [-0.862, -1.503,  1.069,  0.816], 
          [-0.913, -1.510,  0.902,  0.636], 
          [-1.127, -1.254,  1.359,  0.846], 
          [-1.185, -1.318,  1.093,  0.788], 
          [-1.125, -1.385,  0.867,  0.693], 
          [-0.987, -1.338,  0.830,  0.757], 
          [-0.910, -1.395,  0.818,  0.746], 
          [-0.931, -1.391,  0.441,  0.835], 
          [-0.978, -1.399,  0.092,  0.829], 
          [-1.055, -1.272,  0.839,  0.741], 
          [-1.017, -1.182,  0.490,  0.819], 
          [-1.104, -1.285,  0.132,  0.841], 
          [-0.879, -1.248,  1.556,  0.838], 
          [-0.940, -1.222,  1.570,  0.797], 
          [-0.887, -1.352,  1.535,  0.691], 
          [-1.029, -1.271,  1.551,  0.870], 
          [-1.101, -1.146,  0.066,  0.674], 
          [-1.124, -1.168,  0.069,  0.718], 
          [-1.123, -1.333,  0.083,  0.699], 
          [-0.870, -1.293,  0.067,  0.688], 
          [-0.859, -1.331,  0.065,  0.661], 
          [-1.018, -1.411,  0.053,  0.622]
        ]
    },
    {
        "id": 4,
        "keypoints3d": [
          [ 1.037, -1.326,  1.587,  0.857], 
          [ 1.129, -1.404,  1.390,  0.871], 
          [ 1.250, -1.299,  1.392,  0.828], 
          [ 1.142, -1.172,  1.187,  0.841], 
          [ 0.969, -1.357,  1.194,  0.782], 
          [ 0.989, -1.508,  1.379,  0.859], 
          [ 0.895, -1.434,  1.149,  0.860], 
          [ 1.056, -1.238,  1.185,  0.773], 
          [ 1.086, -1.352,  0.862,  0.773], 
          [ 1.150, -1.274,  0.866,  0.740], 
          [ 1.186, -1.309,  0.475,  0.798], 
          [ 1.242, -1.354,  0.089,  0.798], 
          [ 1.014, -1.423,  0.868,  0.773], 
          [ 1.039, -1.432,  0.483,  0.763], 
          [ 1.082, -1.474,  0.120,  0.722], 
          [ 1.078, -1.304,  1.621,  0.942], 
          [ 1.013, -1.360,  1.607,  0.872], 
          [ 1.165, -1.337,  1.609,  0.762], 
          [ 1.039, -1.449,  1.594,  0.831], 
          [ 0.988, -1.382,  0.060,  0.710], 
          [ 0.967, -1.436,  0.071,  0.731], 
          [ 1.115, -1.487,  0.062,  0.691], 
          [ 1.139, -1.260,  0.044,  0.664], 
          [ 1.199, -1.240,  0.042,  0.670], 
          [ 1.251, -1.387,  0.041,  0.670]
        ]
    },
    {
        "id": 6,
        "keypoints3d": [
          [-0.261,  0.135,  1.094,  0.803], 
          [-0.261, -0.035,  0.930,  0.857], 
          [-0.123, -0.111,  0.915,  0.819], 
          [-0.015, -0.235,  0.694,  0.739], 
          [ 0.043, -0.036,  0.627,  0.832], 
          [-0.402,  0.034,  0.938,  0.836], 
          [-0.607,  0.062,  0.752,  0.809], 
          [-0.452,  0.208,  0.654,  0.773], 
          [-0.256,  0.031,  0.484,  0.707], 
          [-0.157, -0.013,  0.492,  0.668], 
          [ 0.001,  0.405,  0.551,  0.890], 
          [ 0.036,  0.264,  0.139,  0.750], 
          [-0.349,  0.081,  0.489,  0.671], 
          [-0.172,  0.495,  0.517,  0.819], 
          [-0.136,  0.391,  0.124,  0.828], 
          [-0.241,  0.135,  1.125,  0.704], 
          [-0.266,  0.098,  1.128,  0.729], 
          [-0.141,  0.067,  1.123,  0.862], 
          [-0.297,  0.015,  1.110,  0.744], 
          [-0.140,  0.548,  0.079,  0.763], 
          [-0.187,  0.521,  0.079,  0.773], 
          [-0.124,  0.347,  0.085,  0.697], 
          [ 0.070,  0.442,  0.111,  0.751], 
          [ 0.102,  0.388,  0.109,  0.759], 
          [ 0.043,  0.225,  0.104,  0.696]
        ]
    }
]
