[
    {
        "id": 0,
        "keypoints3d": [
          [ 1.031, -1.322,  1.576,  0.880], 
          [ 1.130, -1.399,  1.388,  0.861], 
          [ 1.244, -1.291,  1.392,  0.820], 
          [ 1.141, -1.155,  1.185,  0.834], 
          [ 0.972, -1.353,  1.198,  0.810], 
          [ 0.989, -1.508,  1.381,  0.822], 
          [ 0.899, -1.427,  1.146,  0.852], 
          [ 1.064, -1.230,  1.178,  0.766], 
          [ 1.088, -1.353,  0.861,  0.724], 
          [ 1.148, -1.272,  0.869,  0.715], 
          [ 1.177, -1.304,  0.478,  0.760], 
          [ 1.238, -1.348,  0.091,  0.781], 
          [ 1.020, -1.425,  0.861,  0.707], 
          [ 1.037, -1.435,  0.475,  0.662], 
          [ 1.073, -1.465,  0.105,  0.843], 
          [ 1.075, -1.314,  1.624,  0.839], 
          [ 1.011, -1.359,  1.602,  0.874], 
          [ 1.169, -1.332,  1.606,  0.820], 
          [ 1.045, -1.458,  1.583,  0.860], 
          [ 0.976, -1.356,  0.062,  0.717], 
          [ 0.961, -1.432,  0.064,  0.723], 
          [ 1.104, -1.486,  0.050,  0.703], 
          [ 1.111, -1.239,  0.057,  0.817], 
          [ 1.177, -1.217,  0.056,  0.806], 
          [ 1.250, -1.385,  0.046,  0.667]
        ]
    },
    {
        "id": 2,
        "keypoints3d": [
          [-0.196,  1.009,  1.493,  0.812], 
          [-0.224,  1.178,  1.298,  0.864], 
          [-0.371,  1.135,  1.310,  0.861], 
          [-0.477,  1.167,  1.077,  0.838], 
          [-0.507,  1.089,  0.862,  0.869], 
          [-0.081,  1.215,  1.287,  0.842], 
          [-0.024,  1.251,  1.036,  0.831], 
          [ 0.007,  1.192,  0.828,  0.850], 
          [-0.244,  1.158,  0.777,  0.762], 
          [-0.349,  1.128,  0.788,  0.744], 
          [-0.390,  1.129,  0.436,  0.774], 
          [-0.475,  1.152,  0.090,  0.843], 
          [-0.152,  1.185,  0.772,  0.760], 
          [-0.179,  1.200,  0.432,  0.811], 
          [-0.168,  1.219,  0.089,  0.824], 
          [-0.240,  1.041,  1.529,  0.799], 
          [-0.162,  1.046,  1.533,  0.884], 
          [-0.285,  1.123,  1.523,  0.871], 
          [-0.110,  1.138,  1.514,  0.865], 
          [-0.059,  1.131,  0.039,  0.722], 
          [-0.057,  1.167,  0.047,  0.753], 
          [-0.193,  1.228,  0.040,  0.722], 
          [-0.469,  1.006,  0.050,  0.736], 
          [-0.512,  1.031,  0.047,  0.718], 
          [-0.472,  1.193,  0.045,  0.796]
        ]
    },
    {
        "id": 4,
        "keypoints3d": [
          [-0.960, -1.209,  1.538,  0.845], 
          [-1.049, -1.313,  1.352,  0.880], 
          [-0.903, -1.401,  1.338,  0.836], 
          [-0.926, -1.483,  1.066,  0.750], 
          [-0.952, -1.479,  0.912,  0.778], 
          [-1.186, -1.226,  1.362,  0.850], 
          [-1.241, -1.273,  1.091,  0.762], 
          [-1.162, -1.382,  0.876,  0.713], 
          [-1.032, -1.300,  0.830,  0.727], 
          [-0.943, -1.352,  0.822,  0.715], 
          [-0.948, -1.370,  0.436,  0.806], 
          [-0.980, -1.398,  0.087,  0.856], 
          [-1.123, -1.250,  0.838,  0.729], 
          [-1.117, -1.238,  0.465,  0.831], 
          [-1.228, -1.298,  0.083,  0.860], 
          [-0.944, -1.234,  1.556,  0.780], 
          [-0.997, -1.212,  1.579,  0.823], 
          [-0.949, -1.333,  1.533,  0.778], 
          [-1.084, -1.244,  1.566,  0.869], 
          [-1.191, -1.147,  0.033,  0.775], 
          [-1.235, -1.166,  0.039,  0.816], 
          [-1.250, -1.333,  0.040,  0.762], 
          [-0.877, -1.302,  0.056,  0.744], 
          [-0.863, -1.360,  0.052,  0.741], 
          [-1.020, -1.412,  0.053,  0.756]
        ]
    },
    {
        "id": 6,
        "keypoints3d": [
          [-0.282,  0.191,  1.077,  0.840], 
          [-0.176,  0.032,  0.916,  0.864], 
          [-0.032,  0.069,  0.909,  0.805], 
          [ 0.109, -0.050,  0.681,  0.794], 
          [ 0.052,  0.163,  0.626,  0.843], 
          [-0.323,  0.005,  0.942,  0.817], 
          [-0.510, -0.128,  0.766,  0.812], 
          [-0.510,  0.068,  0.649,  0.827], 
          [-0.222,  0.042,  0.468,  0.706], 
          [-0.126,  0.067,  0.466,  0.687], 
          [-0.256,  0.484,  0.561,  0.827], 
          [-0.215,  0.461,  0.153,  0.767], 
          [-0.336,  0.031,  0.472,  0.657], 
          [-0.491,  0.442,  0.507,  0.795], 
          [-0.293,  0.389,  0.135,  0.782], 
          [-0.265,  0.214,  1.117,  0.865], 
          [-0.280,  0.146,  1.121,  0.883], 
          [-0.160,  0.192,  1.086,  0.792], 
          [-0.254,  0.053,  1.120,  0.831], 
          [-0.382,  0.489,  0.062,  0.716], 
          [-0.404,  0.439,  0.062,  0.754], 
          [-0.251,  0.357,  0.080,  0.663], 
          [-0.276,  0.649,  0.171,  0.759], 
          [-0.231,  0.624,  0.163,  0.772], 
          [-0.195,  0.433,  0.109,  0.646]
        ]
    }
]
