[
    {
        "id": 0,
        "keypoints3d": [
          [-1.086, -1.092,  1.502,  0.844], 
          [-1.171, -1.246,  1.350,  0.849], 
          [-1.051, -1.341,  1.357,  0.833], 
          [-1.047, -1.444,  1.100,  0.785], 
          [-1.116, -1.427,  0.879,  0.712], 
          [-1.298, -1.144,  1.334,  0.855], 
          [-1.344, -1.180,  1.081,  0.779], 
          [-1.301, -1.319,  0.881,  0.676], 
          [-1.143, -1.280,  0.831,  0.764], 
          [-1.052, -1.333,  0.832,  0.754], 
          [-1.031, -1.354,  0.458,  0.798], 
          [-1.007, -1.380,  0.105,  0.779], 
          [-1.225, -1.221,  0.826,  0.737], 
          [-1.238, -1.269,  0.447,  0.802], 
          [-1.269, -1.302,  0.084,  0.803], 
          [-1.070, -1.114,  1.534,  0.835], 
          [-1.140, -1.087,  1.530,  0.892], 
          [-1.085, -1.216,  1.551,  0.850], 
          [-1.213, -1.136,  1.522,  0.873], 
          [-1.206, -1.156,  0.034,  0.711], 
          [-1.260, -1.163,  0.045,  0.727], 
          [-1.275, -1.341,  0.027,  0.703], 
          [-0.892, -1.299,  0.065,  0.734], 
          [-0.882, -1.335,  0.069,  0.712], 
          [-1.024, -1.412,  0.057,  0.757]
        ]
    },
    {
        "id": 2,
        "keypoints3d": [
          [-0.309,  1.019,  1.495,  0.791], 
          [-0.395,  1.176,  1.297,  0.868], 
          [-0.538,  1.128,  1.292,  0.852], 
          [-0.624,  1.141,  1.042,  0.771], 
          [-0.670,  1.072,  0.830,  0.773], 
          [-0.260,  1.226,  1.304,  0.834], 
          [-0.179,  1.262,  1.065,  0.819], 
          [-0.120,  1.215,  0.866,  0.872], 
          [-0.376,  1.155,  0.780,  0.767], 
          [-0.473,  1.127,  0.781,  0.766], 
          [-0.464,  1.149,  0.426,  0.823], 
          [-0.487,  1.155,  0.086,  0.837], 
          [-0.279,  1.185,  0.779,  0.749], 
          [-0.236,  1.197,  0.443,  0.790], 
          [-0.171,  1.217,  0.094,  0.811], 
          [-0.361,  1.027,  1.520,  0.876], 
          [-0.289,  1.072,  1.517,  0.829], 
          [-0.447,  1.077,  1.513,  0.796], 
          [-0.293,  1.167,  1.515,  0.803], 
          [-0.059,  1.119,  0.048,  0.746], 
          [-0.059,  1.166,  0.053,  0.782], 
          [-0.191,  1.236,  0.055,  0.771], 
          [-0.474,  1.007,  0.047,  0.717], 
          [-0.510,  1.031,  0.045,  0.706], 
          [-0.479,  1.190,  0.042,  0.782]
        ]
    },
    {
        "id": 4,
        "keypoints3d": [
          [-0.099, -0.132,  1.020,  0.759], 
          [-0.276,  0.008,  0.922,  0.868], 
          [-0.382, -0.115,  0.915,  0.823], 
          [-0.578, -0.152,  0.758,  0.805], 
          [-0.383, -0.232,  0.639,  0.783], 
          [-0.170,  0.115,  0.931,  0.813], 
          [-0.160,  0.361,  0.789,  0.758], 
          [-0.063,  0.229,  0.663,  0.843], 
          [-0.283,  0.066,  0.444,  0.705], 
          [-0.357, -0.013,  0.436,  0.662], 
          [-0.038, -0.352,  0.450,  0.644], 
          [-0.117, -0.366,  0.071,  0.713], 
          [-0.209,  0.155,  0.455,  0.666], 
          [ 0.193, -0.108,  0.520,  0.827], 
          [ 0.199, -0.013,  0.087,  0.726], 
          [-0.139, -0.166,  1.069,  0.620], 
          [-0.113, -0.104,  1.065,  0.857], 
          [-0.210, -0.159,  1.073,  0.791], 
          [-0.147, -0.023,  1.093,  0.871], 
          [ 0.365, -0.104,  0.058,  0.829], 
          [ 0.364, -0.042,  0.056,  0.818], 
          [ 0.160,  0.013,  0.026,  0.616], 
          [ 0.004, -0.497,  0.037,  0.779], 
          [-0.044, -0.507,  0.046,  0.784], 
          [-0.150, -0.341,  0.044,  0.671]
        ]
    },
    {
        "id": 6,
        "keypoints3d": [
          [ 1.063, -1.318,  1.596,  0.906], 
          [ 1.128, -1.383,  1.392,  0.896], 
          [ 1.234, -1.274,  1.397,  0.856], 
          [ 1.149, -1.169,  1.190,  0.737], 
          [ 0.951, -1.311,  1.211,  0.743], 
          [ 0.994, -1.497,  1.387,  0.876], 
          [ 0.908, -1.443,  1.148,  0.866], 
          [ 1.079, -1.253,  1.179,  0.815], 
          [ 1.084, -1.349,  0.863,  0.813], 
          [ 1.141, -1.267,  0.871,  0.785], 
          [ 1.180, -1.310,  0.467,  0.846], 
          [ 1.240, -1.354,  0.084,  0.782], 
          [ 1.018, -1.427,  0.862,  0.802], 
          [ 1.031, -1.438,  0.472,  0.783], 
          [ 1.079, -1.477,  0.107,  0.842], 
          [ 1.088, -1.332,  1.629,  0.940], 
          [ 1.028, -1.361,  1.625,  0.888], 
          [ 1.175, -1.315,  1.609,  0.876], 
          [ 1.040, -1.428,  1.587,  0.863], 
          [ 0.982, -1.366,  0.064,  0.716], 
          [ 0.965, -1.433,  0.070,  0.725], 
          [ 1.116, -1.492,  0.056,  0.700], 
          [ 1.131, -1.252,  0.043,  0.720], 
          [ 1.197, -1.233,  0.040,  0.725], 
          [ 1.256, -1.388,  0.045,  0.681]
        ]
    }
]
