[
    {
        "id": 0,
        "keypoints3d": [
          [-0.965, -1.180,  1.514,  0.881], 
          [-1.040, -1.304,  1.348,  0.867], 
          [-0.897, -1.403,  1.344,  0.848], 
          [-0.910, -1.482,  1.084,  0.766], 
          [-0.931, -1.487,  0.908,  0.741], 
          [-1.169, -1.220,  1.348,  0.845], 
          [-1.213, -1.261,  1.080,  0.819], 
          [-1.128, -1.392,  0.871,  0.703], 
          [-1.000, -1.316,  0.826,  0.756], 
          [-0.914, -1.373,  0.820,  0.746], 
          [-0.937, -1.387,  0.447,  0.798], 
          [-0.978, -1.397,  0.100,  0.832], 
          [-1.071, -1.249,  0.833,  0.730], 
          [-1.076, -1.219,  0.471,  0.782], 
          [-1.222, -1.295,  0.098,  0.852], 
          [-0.936, -1.210,  1.548,  0.785], 
          [-1.014, -1.186,  1.553,  0.802], 
          [-0.928, -1.303,  1.535,  0.772], 
          [-1.091, -1.235,  1.542,  0.857], 
          [-1.202, -1.149,  0.040,  0.751], 
          [-1.249, -1.160,  0.047,  0.796], 
          [-1.240, -1.331,  0.056,  0.723], 
          [-0.868, -1.301,  0.054,  0.759], 
          [-0.859, -1.354,  0.055,  0.732], 
          [-1.020, -1.419,  0.059,  0.703]
        ]
    },
    {
        "id": 2,
        "keypoints3d": [
          [-0.234,  1.018,  1.489,  0.876], 
          [-0.278,  1.182,  1.301,  0.885], 
          [-0.417,  1.126,  1.308,  0.876], 
          [-0.522,  1.141,  1.065,  0.824], 
          [-0.550,  1.064,  0.853,  0.789], 
          [-0.139,  1.234,  1.294,  0.857], 
          [-0.077,  1.280,  1.063,  0.824], 
          [-0.010,  1.242,  0.845,  0.839], 
          [-0.284,  1.170,  0.794,  0.770], 
          [-0.377,  1.130,  0.796,  0.762], 
          [-0.416,  1.146,  0.436,  0.794], 
          [-0.471,  1.156,  0.095,  0.795], 
          [-0.187,  1.201,  0.788,  0.756], 
          [-0.194,  1.207,  0.438,  0.821], 
          [-0.171,  1.223,  0.095,  0.805], 
          [-0.266,  1.038,  1.517,  0.851], 
          [-0.193,  1.051,  1.524,  0.756], 
          [-0.345,  1.112,  1.517,  0.890], 
          [-0.185,  1.152,  1.520,  0.846], 
          [-0.059,  1.126,  0.042,  0.735], 
          [-0.054,  1.168,  0.053,  0.770], 
          [-0.192,  1.231,  0.050,  0.702], 
          [-0.464,  1.016,  0.048,  0.695], 
          [-0.498,  1.038,  0.049,  0.694], 
          [-0.481,  1.188,  0.047,  0.782]
        ]
    },
    {
        "id": 4,
        "keypoints3d": [
          [ 1.047, -1.333,  1.588,  0.871], 
          [ 1.129, -1.403,  1.392,  0.885], 
          [ 1.240, -1.288,  1.393,  0.861], 
          [ 1.143, -1.162,  1.193,  0.802], 
          [ 0.964, -1.347,  1.198,  0.800], 
          [ 0.988, -1.503,  1.384,  0.882], 
          [ 0.897, -1.435,  1.148,  0.864], 
          [ 1.069, -1.242,  1.181,  0.804], 
          [ 1.083, -1.349,  0.860,  0.816], 
          [ 1.140, -1.267,  0.868,  0.787], 
          [ 1.183, -1.310,  0.478,  0.856], 
          [ 1.239, -1.352,  0.089,  0.831], 
          [ 1.017, -1.426,  0.862,  0.815], 
          [ 1.040, -1.433,  0.478,  0.837], 
          [ 1.081, -1.479,  0.114,  0.823], 
          [ 1.078, -1.307,  1.620,  0.788], 
          [ 1.012, -1.353,  1.609,  0.873], 
          [ 1.168, -1.337,  1.608,  0.859], 
          [ 1.039, -1.430,  1.586,  0.832], 
          [ 0.984, -1.377,  0.061,  0.711], 
          [ 0.966, -1.437,  0.069,  0.718], 
          [ 1.111, -1.486,  0.065,  0.661], 
          [ 1.128, -1.256,  0.045,  0.719], 
          [ 1.195, -1.232,  0.037,  0.676], 
          [ 1.251, -1.386,  0.044,  0.648]
        ]
    },
    {
        "id": 6,
        "keypoints3d": [
          [-0.245,  0.088,  1.091,  0.760], 
          [-0.378,  0.024,  0.906,  0.845], 
          [-0.362, -0.125,  0.906,  0.810], 
          [-0.414, -0.281,  0.688,  0.652], 
          [-0.181, -0.241,  0.662,  0.786], 
          [-0.396,  0.174,  0.916,  0.802], 
          [-0.476,  0.371,  0.732,  0.886], 
          [-0.232,  0.343,  0.672,  0.833], 
          [-0.289,  0.051,  0.472,  0.687], 
          [-0.274, -0.053,  0.473,  0.681], 
          [ 0.180,  0.011,  0.545,  0.849], 
          [ 0.187, -0.127,  0.166,  0.809], 
          [-0.298,  0.158,  0.476,  0.656], 
          [ 0.155,  0.211,  0.549,  0.817], 
          [ 0.218,  0.100,  0.132,  0.678], 
          [-0.245,  0.042,  1.121,  0.772], 
          [-0.290,  0.090,  1.113,  0.779], 
          [-0.295, -0.031,  1.108,  0.894], 
          [-0.384,  0.069,  1.105,  0.767], 
          [ 0.386,  0.035,  0.093,  0.801], 
          [ 0.357,  0.107,  0.077,  0.674], 
          [ 0.204,  0.082,  0.090,  0.609], 
          [ 0.376, -0.110,  0.146,  0.635], 
          [ 0.335, -0.162,  0.134,  0.628], 
          [ 0.163, -0.143,  0.119,  0.643]
        ]
    }
]
