[
    {
        "id": 0,
        "keypoints3d": [
          [ 1.034, -1.318,  1.583,  0.859], 
          [ 1.129, -1.400,  1.388,  0.859], 
          [ 1.251, -1.297,  1.394,  0.824], 
          [ 1.137, -1.156,  1.185,  0.764], 
          [ 0.963, -1.348,  1.196,  0.767], 
          [ 0.988, -1.501,  1.380,  0.824], 
          [ 0.892, -1.433,  1.149,  0.870], 
          [ 1.061, -1.242,  1.183,  0.770], 
          [ 1.090, -1.350,  0.862,  0.731], 
          [ 1.153, -1.274,  0.865,  0.719], 
          [ 1.181, -1.305,  0.477,  0.763], 
          [ 1.238, -1.351,  0.085,  0.788], 
          [ 1.016, -1.423,  0.866,  0.718], 
          [ 1.043, -1.432,  0.481,  0.723], 
          [ 1.078, -1.470,  0.118,  0.717], 
          [ 1.077, -1.297,  1.617,  0.912], 
          [ 1.013, -1.360,  1.607,  0.875], 
          [ 1.168, -1.332,  1.606,  0.788], 
          [ 1.042, -1.450,  1.593,  0.836], 
          [ 0.988, -1.380,  0.065,  0.705], 
          [ 0.965, -1.435,  0.075,  0.716], 
          [ 1.109, -1.484,  0.064,  0.691], 
          [ 1.124, -1.258,  0.046,  0.717], 
          [ 1.187, -1.230,  0.045,  0.647], 
          [ 1.244, -1.382,  0.041,  0.661]
        ]
    },
    {
        "id": 2,
        "keypoints3d": [
          [-0.905, -1.221,  1.531,  0.843], 
          [-0.987, -1.338,  1.347,  0.867], 
          [-0.851, -1.406,  1.337,  0.851], 
          [-0.869, -1.510,  1.077,  0.813], 
          [-0.915, -1.518,  0.903,  0.696], 
          [-1.132, -1.255,  1.361,  0.852], 
          [-1.185, -1.325,  1.095,  0.747], 
          [-1.133, -1.387,  0.878,  0.602], 
          [-0.987, -1.336,  0.828,  0.759], 
          [-0.913, -1.391,  0.815,  0.747], 
          [-0.930, -1.395,  0.440,  0.839], 
          [-0.972, -1.399,  0.087,  0.858], 
          [-1.058, -1.268,  0.838,  0.742], 
          [-1.021, -1.183,  0.485,  0.812], 
          [-1.138, -1.278,  0.133,  0.821], 
          [-0.885, -1.253,  1.555,  0.841], 
          [-0.951, -1.225,  1.568,  0.807], 
          [-0.881, -1.352,  1.533,  0.707], 
          [-1.037, -1.274,  1.550,  0.874], 
          [-1.132, -1.140,  0.064,  0.748], 
          [-1.177, -1.167,  0.072,  0.765], 
          [-1.169, -1.337,  0.089,  0.692], 
          [-0.875, -1.293,  0.065,  0.736], 
          [-0.864, -1.328,  0.069,  0.712], 
          [-1.017, -1.410,  0.054,  0.680]
        ]
    },
    {
        "id": 4,
        "keypoints3d": [
          [-0.213,  1.009,  1.486,  0.816], 
          [-0.249,  1.185,  1.300,  0.876], 
          [-0.389,  1.132,  1.307,  0.840], 
          [-0.489,  1.159,  1.066,  0.815], 
          [-0.512,  1.077,  0.862,  0.846], 
          [-0.104,  1.220,  1.290,  0.837], 
          [-0.041,  1.265,  1.043,  0.838], 
          [ 0.007,  1.199,  0.845,  0.891], 
          [-0.254,  1.165,  0.784,  0.766], 
          [-0.350,  1.128,  0.792,  0.760], 
          [-0.395,  1.135,  0.435,  0.802], 
          [-0.478,  1.153,  0.092,  0.848], 
          [-0.161,  1.192,  0.779,  0.751], 
          [-0.175,  1.197,  0.431,  0.802], 
          [-0.168,  1.223,  0.091,  0.832], 
          [-0.254,  1.039,  1.515,  0.830], 
          [-0.180,  1.048,  1.512,  0.879], 
          [-0.313,  1.113,  1.513,  0.880], 
          [-0.133,  1.138,  1.512,  0.823], 
          [-0.054,  1.125,  0.035,  0.744], 
          [-0.052,  1.166,  0.044,  0.775], 
          [-0.186,  1.232,  0.044,  0.724], 
          [-0.462,  1.015,  0.053,  0.716], 
          [-0.502,  1.041,  0.049,  0.708], 
          [-0.480,  1.188,  0.048,  0.792]
        ]
    },
    {
        "id": 6,
        "keypoints3d": [
          [-0.259,  0.141,  1.083,  0.862], 
          [-0.229, -0.045,  0.922,  0.846], 
          [-0.079, -0.091,  0.916,  0.806], 
          [ 0.020, -0.215,  0.702,  0.736], 
          [ 0.066, -0.013,  0.634,  0.850], 
          [-0.383,  0.004,  0.945,  0.826], 
          [-0.599,  0.009,  0.761,  0.774], 
          [-0.486,  0.194,  0.666,  0.755], 
          [-0.235,  0.035,  0.476,  0.716], 
          [-0.130, -0.002,  0.481,  0.684], 
          [-0.045,  0.422,  0.547,  0.882], 
          [ 0.018,  0.270,  0.142,  0.724], 
          [-0.333,  0.071,  0.483,  0.681], 
          [-0.230,  0.495,  0.500,  0.808], 
          [-0.163,  0.377,  0.114,  0.826], 
          [-0.239,  0.149,  1.109,  0.667], 
          [-0.256,  0.104,  1.120,  0.722], 
          [-0.138,  0.084,  1.112,  0.846], 
          [-0.259, -0.003,  1.112,  0.789], 
          [-0.195,  0.535,  0.071,  0.758], 
          [-0.230,  0.498,  0.071,  0.776], 
          [-0.151,  0.317,  0.062,  0.619], 
          [ 0.054,  0.449,  0.116,  0.762], 
          [ 0.083,  0.401,  0.118,  0.770], 
          [ 0.026,  0.237,  0.104,  0.706]
        ]
    }
]
