[
    {
        "id": 0,
        "keypoints3d": [
          [-1.011, -1.162,  1.514,  0.808], 
          [-1.078, -1.288,  1.348,  0.874], 
          [-0.953, -1.377,  1.351,  0.846], 
          [-0.952, -1.456,  1.101,  0.792], 
          [-0.979, -1.469,  0.924,  0.681], 
          [-1.220, -1.199,  1.350,  0.876], 
          [-1.258, -1.229,  1.086,  0.782], 
          [-1.190, -1.354,  0.878,  0.692], 
          [-1.052, -1.290,  0.836,  0.754], 
          [-0.970, -1.349,  0.835,  0.728], 
          [-0.975, -1.375,  0.439,  0.817], 
          [-0.982, -1.391,  0.090,  0.861], 
          [-1.138, -1.239,  0.836,  0.747], 
          [-1.171, -1.267,  0.449,  0.828], 
          [-1.256, -1.304,  0.082,  0.852], 
          [-0.987, -1.181,  1.555,  0.800], 
          [-1.050, -1.157,  1.555,  0.804], 
          [-0.991, -1.272,  1.546,  0.736], 
          [-1.125, -1.201,  1.540,  0.859], 
          [-1.207, -1.154,  0.043,  0.746], 
          [-1.255, -1.165,  0.046,  0.768], 
          [-1.282, -1.346,  0.034,  0.718], 
          [-0.869, -1.299,  0.054,  0.739], 
          [-0.859, -1.345,  0.061,  0.716], 
          [-1.021, -1.406,  0.058,  0.800]
        ]
    },
    {
        "id": 2,
        "keypoints3d": [
          [-0.256,  1.021,  1.491,  0.861], 
          [-0.319,  1.181,  1.304,  0.865], 
          [-0.448,  1.133,  1.301,  0.863], 
          [-0.554,  1.141,  1.063,  0.814], 
          [-0.595,  1.075,  0.850,  0.861], 
          [-0.174,  1.235,  1.298,  0.840], 
          [-0.110,  1.277,  1.067,  0.824], 
          [-0.033,  1.224,  0.863,  0.865], 
          [-0.315,  1.163,  0.787,  0.771], 
          [-0.409,  1.129,  0.788,  0.763], 
          [-0.431,  1.145,  0.436,  0.810], 
          [-0.477,  1.151,  0.093,  0.775], 
          [-0.214,  1.195,  0.787,  0.736], 
          [-0.207,  1.210,  0.437,  0.806], 
          [-0.170,  1.230,  0.108,  0.797], 
          [-0.295,  1.035,  1.518,  0.867], 
          [-0.238,  1.061,  1.528,  0.792], 
          [-0.375,  1.096,  1.517,  0.833], 
          [-0.223,  1.159,  1.523,  0.867], 
          [-0.058,  1.123,  0.046,  0.748], 
          [-0.057,  1.169,  0.052,  0.779], 
          [-0.193,  1.237,  0.057,  0.732], 
          [-0.476,  1.009,  0.047,  0.683], 
          [-0.510,  1.032,  0.046,  0.683], 
          [-0.481,  1.185,  0.046,  0.791]
        ]
    },
    {
        "id": 4,
        "keypoints3d": [
          [-0.190,  0.040,  1.084,  0.859], 
          [-0.354,  0.057,  0.916,  0.856], 
          [-0.391, -0.104,  0.913,  0.824], 
          [-0.506, -0.249,  0.713,  0.683], 
          [-0.257, -0.265,  0.650,  0.750], 
          [-0.314,  0.216,  0.933,  0.787], 
          [-0.341,  0.426,  0.770,  0.885], 
          [-0.145,  0.290,  0.660,  0.750], 
          [-0.307,  0.055,  0.452,  0.737], 
          [-0.330, -0.047,  0.449,  0.702], 
          [ 0.122, -0.142,  0.511,  0.800], 
          [-0.002, -0.239,  0.085,  0.653], 
          [-0.270,  0.167,  0.459,  0.724], 
          [ 0.179,  0.085,  0.505,  0.870], 
          [ 0.179, -0.009,  0.061,  0.774], 
          [-0.199,  0.011,  1.110,  0.888], 
          [-0.195,  0.074,  1.116,  0.871], 
          [-0.276, -0.045,  1.101,  0.722], 
          [-0.268,  0.106,  1.110,  0.748], 
          [ 0.354, -0.001,  0.009,  0.751], 
          [ 0.319,  0.037,  0.006,  0.767], 
          [ 0.125, -0.030,  0.007,  0.700], 
          [ 0.173, -0.334,  0.059,  0.679], 
          [ 0.126, -0.359,  0.065,  0.641], 
          [-0.045, -0.233,  0.036,  0.578]
        ]
    },
    {
        "id": 6,
        "keypoints3d": [
          [ 1.058, -1.329,  1.587,  0.883], 
          [ 1.127, -1.397,  1.392,  0.890], 
          [ 1.237, -1.282,  1.395,  0.857], 
          [ 1.144, -1.162,  1.189,  0.822], 
          [ 0.965, -1.349,  1.198,  0.760], 
          [ 0.985, -1.499,  1.386,  0.879], 
          [ 0.903, -1.434,  1.149,  0.865], 
          [ 1.067, -1.240,  1.184,  0.797], 
          [ 1.083, -1.348,  0.864,  0.813], 
          [ 1.142, -1.264,  0.873,  0.783], 
          [ 1.186, -1.308,  0.480,  0.855], 
          [ 1.245, -1.350,  0.097,  0.849], 
          [ 1.017, -1.426,  0.862,  0.806], 
          [ 1.037, -1.433,  0.478,  0.787], 
          [ 1.074, -1.478,  0.109,  0.770], 
          [ 1.079, -1.308,  1.618,  0.851], 
          [ 1.025, -1.364,  1.609,  0.873], 
          [ 1.169, -1.323,  1.609,  0.865], 
          [ 1.045, -1.437,  1.584,  0.830], 
          [ 0.983, -1.372,  0.062,  0.718], 
          [ 0.965, -1.432,  0.074,  0.726], 
          [ 1.114, -1.485,  0.062,  0.700], 
          [ 1.129, -1.256,  0.045,  0.726], 
          [ 1.197, -1.236,  0.039,  0.735], 
          [ 1.256, -1.386,  0.051,  0.651]
        ]
    }
]
