[
    {
        "id": 0,
        "keypoints3d": [
          [ 1.029, -1.323,  1.577,  0.874], 
          [ 1.129, -1.400,  1.387,  0.859], 
          [ 1.246, -1.294,  1.391,  0.821], 
          [ 1.139, -1.156,  1.185,  0.833], 
          [ 0.972, -1.353,  1.199,  0.806], 
          [ 0.987, -1.507,  1.379,  0.824], 
          [ 0.897, -1.426,  1.146,  0.854], 
          [ 1.066, -1.231,  1.179,  0.763], 
          [ 1.083, -1.352,  0.865,  0.723], 
          [ 1.145, -1.274,  0.869,  0.714], 
          [ 1.178, -1.302,  0.479,  0.723], 
          [ 1.237, -1.347,  0.092,  0.785], 
          [ 1.013, -1.426,  0.863,  0.706], 
          [ 1.036, -1.432,  0.482,  0.698], 
          [ 1.075, -1.467,  0.107,  0.841], 
          [ 1.074, -1.314,  1.624,  0.838], 
          [ 1.011, -1.361,  1.603,  0.876], 
          [ 1.169, -1.332,  1.606,  0.817], 
          [ 1.042, -1.458,  1.582,  0.853], 
          [ 0.972, -1.358,  0.063,  0.719], 
          [ 0.962, -1.435,  0.064,  0.725], 
          [ 1.102, -1.482,  0.054,  0.712], 
          [ 1.117, -1.243,  0.049,  0.735], 
          [ 1.180, -1.220,  0.051,  0.739], 
          [ 1.250, -1.386,  0.047,  0.677]
        ]
    },
    {
        "id": 2,
        "keypoints3d": [
          [-0.923, -1.216,  1.536,  0.839], 
          [-1.005, -1.324,  1.347,  0.870], 
          [-0.875, -1.402,  1.339,  0.861], 
          [-0.894, -1.511,  1.082,  0.803], 
          [-0.938, -1.501,  0.892,  0.643], 
          [-1.151, -1.236,  1.360,  0.851], 
          [-1.199, -1.303,  1.094,  0.727], 
          [-1.129, -1.376,  0.881,  0.675], 
          [-1.010, -1.316,  0.822,  0.755], 
          [-0.916, -1.372,  0.816,  0.744], 
          [-0.935, -1.377,  0.435,  0.806], 
          [-0.980, -1.401,  0.083,  0.851], 
          [-1.089, -1.261,  0.834,  0.737], 
          [-1.079, -1.224,  0.463,  0.861], 
          [-1.227, -1.286,  0.095,  0.853], 
          [-0.900, -1.244,  1.555,  0.803], 
          [-0.972, -1.222,  1.578,  0.813], 
          [-0.908, -1.346,  1.535,  0.770], 
          [-1.049, -1.272,  1.557,  0.896], 
          [-1.177, -1.140,  0.041,  0.753], 
          [-1.228, -1.161,  0.041,  0.806], 
          [-1.249, -1.325,  0.054,  0.744], 
          [-0.869, -1.308,  0.056,  0.761], 
          [-0.861, -1.359,  0.052,  0.743], 
          [-1.023, -1.412,  0.051,  0.749]
        ]
    },
    {
        "id": 4,
        "keypoints3d": [
          [-0.205,  1.011,  1.489,  0.905], 
          [-0.237,  1.183,  1.298,  0.866], 
          [-0.382,  1.139,  1.310,  0.844], 
          [-0.485,  1.161,  1.070,  0.825], 
          [-0.515,  1.081,  0.859,  0.866], 
          [-0.095,  1.218,  1.289,  0.839], 
          [-0.034,  1.252,  1.044,  0.831], 
          [ 0.005,  1.198,  0.835,  0.872], 
          [-0.249,  1.157,  0.774,  0.766], 
          [-0.354,  1.126,  0.787,  0.754], 
          [-0.396,  1.134,  0.437,  0.801], 
          [-0.476,  1.152,  0.088,  0.844], 
          [-0.159,  1.186,  0.771,  0.756], 
          [-0.178,  1.198,  0.427,  0.788], 
          [-0.168,  1.220,  0.086,  0.830], 
          [-0.253,  1.043,  1.516,  0.787], 
          [-0.171,  1.050,  1.519,  0.883], 
          [-0.303,  1.115,  1.520,  0.861], 
          [-0.116,  1.135,  1.519,  0.832], 
          [-0.058,  1.130,  0.040,  0.729], 
          [-0.055,  1.166,  0.046,  0.759], 
          [-0.191,  1.233,  0.042,  0.722], 
          [-0.471,  1.004,  0.050,  0.733], 
          [-0.509,  1.034,  0.047,  0.714], 
          [-0.474,  1.190,  0.046,  0.794]
        ]
    },
    {
        "id": 6,
        "keypoints3d": [
          [-0.242,  0.174,  1.068,  0.853], 
          [-0.176, -0.004,  0.920,  0.846], 
          [-0.025, -0.002,  0.919,  0.808], 
          [ 0.081, -0.119,  0.681,  0.771], 
          [ 0.061,  0.105,  0.625,  0.855], 
          [-0.339,  0.000,  0.940,  0.823], 
          [-0.553, -0.090,  0.781,  0.880], 
          [-0.501,  0.114,  0.657,  0.796], 
          [-0.235,  0.019,  0.456,  0.750], 
          [-0.130,  0.025,  0.458,  0.701], 
          [-0.141,  0.471,  0.567,  0.862], 
          [-0.052,  0.420,  0.138,  0.762], 
          [-0.357,  0.026,  0.462,  0.691], 
          [-0.371,  0.495,  0.495,  0.856], 
          [-0.248,  0.387,  0.126,  0.812], 
          [-0.219,  0.183,  1.100,  0.700], 
          [-0.250,  0.133,  1.113,  0.849], 
          [-0.140,  0.158,  1.091,  0.877], 
          [-0.220,  0.031,  1.111,  0.818], 
          [-0.330,  0.506,  0.065,  0.843], 
          [-0.346,  0.457,  0.057,  0.842], 
          [-0.220,  0.345,  0.083,  0.644], 
          [-0.111,  0.590,  0.137,  0.716], 
          [-0.052,  0.557,  0.132,  0.713], 
          [-0.039,  0.377,  0.097,  0.736]
        ]
    }
]
