[
    {
        "id": 0,
        "keypoints3d": [
          [-0.928, -1.203,  1.526,  0.822], 
          [-1.003, -1.325,  1.347,  0.863], 
          [-0.872, -1.404,  1.343,  0.860], 
          [-0.875, -1.504,  1.083,  0.794], 
          [-0.908, -1.511,  0.901,  0.808], 
          [-1.146, -1.239,  1.348,  0.844], 
          [-1.181, -1.309,  1.085,  0.775], 
          [-1.130, -1.387,  0.865,  0.651], 
          [-0.979, -1.336,  0.824,  0.765], 
          [-0.902, -1.392,  0.817,  0.766], 
          [-0.925, -1.397,  0.442,  0.774], 
          [-0.976, -1.400,  0.090,  0.833], 
          [-1.050, -1.268,  0.834,  0.741], 
          [-1.017, -1.204,  0.476,  0.746], 
          [-1.120, -1.286,  0.120,  0.853], 
          [-0.908, -1.226,  1.545,  0.830], 
          [-0.978, -1.199,  1.553,  0.856], 
          [-0.911, -1.328,  1.532,  0.759], 
          [-1.056, -1.264,  1.544,  0.871], 
          [-1.088, -1.158,  0.053,  0.694], 
          [-1.138, -1.175,  0.069,  0.727], 
          [-1.148, -1.334,  0.077,  0.713], 
          [-0.869, -1.304,  0.058,  0.732], 
          [-0.856, -1.356,  0.054,  0.783], 
          [-1.014, -1.410,  0.054,  0.643]
        ]
    },
    {
        "id": 2,
        "keypoints3d": [
          [-0.211,  1.012,  1.492,  0.892], 
          [-0.266,  1.187,  1.301,  0.889], 
          [-0.408,  1.123,  1.307,  0.859], 
          [-0.499,  1.138,  1.066,  0.807], 
          [-0.518,  1.065,  0.857,  0.804], 
          [-0.129,  1.235,  1.293,  0.854], 
          [-0.069,  1.274,  1.064,  0.818], 
          [-0.004,  1.215,  0.858,  0.805], 
          [-0.261,  1.166,  0.794,  0.774], 
          [-0.353,  1.128,  0.798,  0.766], 
          [-0.401,  1.140,  0.440,  0.802], 
          [-0.467,  1.155,  0.094,  0.797], 
          [-0.171,  1.202,  0.787,  0.756], 
          [-0.188,  1.204,  0.438,  0.834], 
          [-0.170,  1.225,  0.102,  0.822], 
          [-0.253,  1.039,  1.516,  0.836], 
          [-0.178,  1.053,  1.525,  0.753], 
          [-0.322,  1.111,  1.515,  0.877], 
          [-0.159,  1.160,  1.521,  0.806], 
          [-0.056,  1.124,  0.044,  0.744], 
          [-0.054,  1.168,  0.049,  0.776], 
          [-0.193,  1.235,  0.055,  0.674], 
          [-0.460,  1.019,  0.047,  0.703], 
          [-0.498,  1.047,  0.050,  0.707], 
          [-0.476,  1.189,  0.048,  0.736]
        ]
    },
    {
        "id": 4,
        "keypoints3d": [
          [-0.290,  0.092,  1.102,  0.756], 
          [-0.383, -0.015,  0.913,  0.851], 
          [-0.321, -0.166,  0.904,  0.819], 
          [-0.280, -0.300,  0.689,  0.704], 
          [-0.073, -0.183,  0.643,  0.751], 
          [-0.445,  0.134,  0.921,  0.821], 
          [-0.557,  0.284,  0.716,  0.826], 
          [-0.334,  0.313,  0.650,  0.812], 
          [-0.280,  0.040,  0.440,  0.688], 
          [-0.253, -0.069,  0.440,  0.676], 
          [ 0.179,  0.118,  0.541,  0.764], 
          [ 0.146,  0.061,  0.124,  0.818], 
          [-0.312,  0.153,  0.461,  0.687], 
          [ 0.090,  0.318,  0.556,  0.770], 
          [ 0.083,  0.251,  0.129,  0.770], 
          [-0.280,  0.062,  1.137,  0.867], 
          [-0.338,  0.093,  1.131,  0.788], 
          [-0.279, -0.030,  1.118,  0.786], 
          [-0.409,  0.054,  1.118,  0.844], 
          [ 0.258,  0.301,  0.070,  0.718], 
          [ 0.211,  0.330,  0.073,  0.727], 
          [ 0.046,  0.227,  0.073,  0.617], 
          [ 0.340,  0.121,  0.129,  0.767], 
          [ 0.305,  0.069,  0.098,  0.683], 
          [ 0.116,  0.049,  0.066,  0.714]
        ]
    },
    {
        "id": 6,
        "keypoints3d": [
          [ 1.038, -1.321,  1.585,  0.870], 
          [ 1.127, -1.401,  1.390,  0.865], 
          [ 1.242, -1.293,  1.396,  0.855], 
          [ 1.144, -1.160,  1.191,  0.811], 
          [ 0.960, -1.335,  1.200,  0.791], 
          [ 0.982, -1.505,  1.383,  0.843], 
          [ 0.899, -1.433,  1.148,  0.864], 
          [ 1.069, -1.241,  1.183,  0.797], 
          [ 1.080, -1.343,  0.862,  0.771], 
          [ 1.148, -1.269,  0.868,  0.764], 
          [ 1.186, -1.307,  0.475,  0.807], 
          [ 1.246, -1.350,  0.091,  0.856], 
          [ 1.010, -1.418,  0.862,  0.755], 
          [ 1.036, -1.436,  0.471,  0.766], 
          [ 1.078, -1.478,  0.106,  0.849], 
          [ 1.076, -1.296,  1.616,  0.805], 
          [ 1.011, -1.360,  1.613,  0.869], 
          [ 1.163, -1.340,  1.603,  0.787], 
          [ 1.041, -1.431,  1.585,  0.831], 
          [ 0.992, -1.366,  0.059,  0.655], 
          [ 0.972, -1.432,  0.070,  0.667], 
          [ 1.113, -1.488,  0.059,  0.687], 
          [ 1.135, -1.251,  0.048,  0.699], 
          [ 1.197, -1.234,  0.042,  0.704], 
          [ 1.250, -1.386,  0.038,  0.670]
        ]
    }
]
