[
    {
        "id": 0,
        "keypoints3d": [
          [-0.973, -1.174,  1.515,  0.817], 
          [-1.050, -1.304,  1.350,  0.868], 
          [-0.912, -1.402,  1.344,  0.830], 
          [-0.914, -1.471,  1.083,  0.747], 
          [-0.937, -1.495,  0.926,  0.831], 
          [-1.179, -1.209,  1.348,  0.846], 
          [-1.223, -1.246,  1.084,  0.793], 
          [-1.141, -1.379,  0.874,  0.736], 
          [-1.012, -1.312,  0.824,  0.756], 
          [-0.924, -1.367,  0.820,  0.741], 
          [-0.941, -1.380,  0.443,  0.796], 
          [-0.983, -1.401,  0.095,  0.834], 
          [-1.089, -1.253,  0.827,  0.738], 
          [-1.105, -1.240,  0.464,  0.802], 
          [-1.240, -1.304,  0.088,  0.852], 
          [-0.953, -1.204,  1.549,  0.804], 
          [-1.017, -1.182,  1.553,  0.819], 
          [-0.945, -1.307,  1.537,  0.787], 
          [-1.099, -1.223,  1.547,  0.857], 
          [-1.200, -1.150,  0.035,  0.780], 
          [-1.250, -1.165,  0.042,  0.799], 
          [-1.274, -1.348,  0.046,  0.708], 
          [-0.873, -1.299,  0.056,  0.758], 
          [-0.860, -1.342,  0.060,  0.730], 
          [-1.023, -1.418,  0.057,  0.696]
        ]
    },
    {
        "id": 2,
        "keypoints3d": [
          [-0.238,  1.016,  1.491,  0.815], 
          [-0.288,  1.183,  1.302,  0.886], 
          [-0.426,  1.127,  1.304,  0.864], 
          [-0.529,  1.141,  1.061,  0.843], 
          [-0.565,  1.063,  0.850,  0.828], 
          [-0.149,  1.237,  1.293,  0.848], 
          [-0.083,  1.282,  1.062,  0.833], 
          [-0.013,  1.237,  0.847,  0.842], 
          [-0.293,  1.169,  0.791,  0.764], 
          [-0.386,  1.129,  0.795,  0.758], 
          [-0.416,  1.143,  0.441,  0.795], 
          [-0.471,  1.155,  0.096,  0.797], 
          [-0.194,  1.201,  0.786,  0.747], 
          [-0.199,  1.207,  0.440,  0.815], 
          [-0.170,  1.224,  0.095,  0.793], 
          [-0.274,  1.034,  1.520,  0.791], 
          [-0.208,  1.058,  1.526,  0.775], 
          [-0.344,  1.108,  1.514,  0.875], 
          [-0.191,  1.152,  1.523,  0.753], 
          [-0.059,  1.127,  0.048,  0.735], 
          [-0.054,  1.168,  0.052,  0.771], 
          [-0.189,  1.232,  0.053,  0.702], 
          [-0.468,  1.018,  0.046,  0.680], 
          [-0.502,  1.034,  0.044,  0.681], 
          [-0.477,  1.188,  0.048,  0.729]
        ]
    },
    {
        "id": 4,
        "keypoints3d": [
          [ 1.049, -1.327,  1.584,  0.859], 
          [ 1.131, -1.403,  1.390,  0.869], 
          [ 1.249, -1.293,  1.393,  0.824], 
          [ 1.142, -1.163,  1.193,  0.783], 
          [ 0.967, -1.351,  1.195,  0.794], 
          [ 0.994, -1.505,  1.385,  0.858], 
          [ 0.899, -1.433,  1.150,  0.853], 
          [ 1.062, -1.234,  1.189,  0.783], 
          [ 1.086, -1.350,  0.861,  0.762], 
          [ 1.146, -1.269,  0.867,  0.724], 
          [ 1.185, -1.308,  0.478,  0.854], 
          [ 1.241, -1.351,  0.086,  0.757], 
          [ 1.018, -1.426,  0.863,  0.774], 
          [ 1.043, -1.436,  0.476,  0.763], 
          [ 1.082, -1.477,  0.114,  0.813], 
          [ 1.079, -1.308,  1.619,  0.832], 
          [ 1.018, -1.368,  1.604,  0.868], 
          [ 1.168, -1.337,  1.608,  0.850], 
          [ 1.061, -1.443,  1.583,  0.838], 
          [ 0.984, -1.378,  0.061,  0.710], 
          [ 0.966, -1.437,  0.069,  0.720], 
          [ 1.113, -1.484,  0.063,  0.645], 
          [ 1.131, -1.253,  0.046,  0.664], 
          [ 1.197, -1.234,  0.036,  0.688], 
          [ 1.253, -1.384,  0.041,  0.646]
        ]
    },
    {
        "id": 6,
        "keypoints3d": [
          [-0.227,  0.078,  1.087,  0.797], 
          [-0.374,  0.039,  0.907,  0.840], 
          [-0.372, -0.117,  0.905,  0.816], 
          [-0.447, -0.271,  0.696,  0.709], 
          [-0.196, -0.243,  0.655,  0.802], 
          [-0.377,  0.183,  0.911,  0.789], 
          [-0.461,  0.385,  0.737,  0.878], 
          [-0.241,  0.339,  0.662,  0.847], 
          [-0.295,  0.057,  0.464,  0.691], 
          [-0.291, -0.050,  0.469,  0.687], 
          [ 0.172, -0.021,  0.542,  0.842], 
          [ 0.154, -0.172,  0.155,  0.814], 
          [-0.300,  0.164,  0.473,  0.654], 
          [ 0.179,  0.176,  0.537,  0.761], 
          [ 0.222,  0.058,  0.126,  0.707], 
          [-0.233,  0.036,  1.120,  0.814], 
          [-0.260,  0.101,  1.122,  0.828], 
          [-0.296, -0.032,  1.105,  0.875], 
          [-0.354,  0.103,  1.114,  0.825], 
          [ 0.386,  0.007,  0.073,  0.774], 
          [ 0.365,  0.069,  0.078,  0.768], 
          [ 0.192,  0.044,  0.078,  0.613], 
          [ 0.336, -0.169,  0.124,  0.657], 
          [ 0.286, -0.221,  0.115,  0.639], 
          [ 0.118, -0.189,  0.107,  0.654]
        ]
    }
]
