[
    {
        "id": 0,
        "keypoints3d": [
          [ 1.031, -1.322,  1.576,  0.879], 
          [ 1.130, -1.400,  1.388,  0.859], 
          [ 1.245, -1.291,  1.393,  0.819], 
          [ 1.141, -1.155,  1.187,  0.834], 
          [ 0.972, -1.353,  1.197,  0.811], 
          [ 0.989, -1.508,  1.381,  0.821], 
          [ 0.897, -1.426,  1.147,  0.854], 
          [ 1.065, -1.230,  1.178,  0.766], 
          [ 1.087, -1.352,  0.861,  0.721], 
          [ 1.148, -1.271,  0.869,  0.711], 
          [ 1.177, -1.304,  0.478,  0.760], 
          [ 1.238, -1.347,  0.091,  0.779], 
          [ 1.020, -1.426,  0.861,  0.704], 
          [ 1.037, -1.436,  0.474,  0.661], 
          [ 1.073, -1.465,  0.105,  0.842], 
          [ 1.075, -1.314,  1.624,  0.839], 
          [ 1.012, -1.360,  1.602,  0.874], 
          [ 1.169, -1.332,  1.606,  0.820], 
          [ 1.042, -1.457,  1.583,  0.860], 
          [ 0.976, -1.356,  0.062,  0.717], 
          [ 0.961, -1.432,  0.064,  0.723], 
          [ 1.104, -1.486,  0.050,  0.703], 
          [ 1.111, -1.239,  0.057,  0.817], 
          [ 1.177, -1.217,  0.056,  0.807], 
          [ 1.250, -1.385,  0.046,  0.667]
        ]
    },
    {
        "id": 2,
        "keypoints3d": [
          [-0.196,  1.009,  1.493,  0.811], 
          [-0.226,  1.179,  1.298,  0.862], 
          [-0.371,  1.135,  1.310,  0.859], 
          [-0.477,  1.167,  1.077,  0.838], 
          [-0.508,  1.091,  0.864,  0.869], 
          [-0.083,  1.215,  1.287,  0.841], 
          [-0.026,  1.252,  1.037,  0.833], 
          [ 0.005,  1.195,  0.836,  0.863], 
          [-0.247,  1.160,  0.779,  0.764], 
          [-0.348,  1.128,  0.790,  0.747], 
          [-0.388,  1.132,  0.438,  0.798], 
          [-0.475,  1.153,  0.089,  0.843], 
          [-0.157,  1.188,  0.774,  0.761], 
          [-0.179,  1.200,  0.433,  0.763], 
          [-0.168,  1.219,  0.089,  0.825], 
          [-0.243,  1.041,  1.528,  0.800], 
          [-0.167,  1.047,  1.531,  0.884], 
          [-0.287,  1.122,  1.522,  0.875], 
          [-0.111,  1.140,  1.510,  0.866], 
          [-0.057,  1.129,  0.040,  0.720], 
          [-0.054,  1.165,  0.046,  0.753], 
          [-0.193,  1.228,  0.041,  0.723], 
          [-0.469,  1.006,  0.050,  0.732], 
          [-0.512,  1.032,  0.047,  0.714], 
          [-0.472,  1.193,  0.045,  0.796]
        ]
    },
    {
        "id": 4,
        "keypoints3d": [
          [-0.957, -1.210,  1.538,  0.829], 
          [-1.043, -1.313,  1.351,  0.872], 
          [-0.900, -1.400,  1.336,  0.840], 
          [-0.919, -1.481,  1.069,  0.776], 
          [-0.951, -1.477,  0.913,  0.777], 
          [-1.182, -1.227,  1.360,  0.851], 
          [-1.234, -1.274,  1.091,  0.764], 
          [-1.160, -1.381,  0.876,  0.719], 
          [-1.030, -1.299,  0.830,  0.733], 
          [-0.940, -1.352,  0.819,  0.723], 
          [-0.948, -1.366,  0.439,  0.804], 
          [-0.980, -1.398,  0.087,  0.856], 
          [-1.120, -1.248,  0.837,  0.730], 
          [-1.117, -1.243,  0.461,  0.818], 
          [-1.228, -1.298,  0.083,  0.860], 
          [-0.934, -1.236,  1.557,  0.774], 
          [-0.997, -1.212,  1.579,  0.826], 
          [-0.940, -1.332,  1.533,  0.757], 
          [-1.078, -1.251,  1.564,  0.866], 
          [-1.191, -1.147,  0.033,  0.775], 
          [-1.235, -1.166,  0.039,  0.816], 
          [-1.250, -1.333,  0.040,  0.762], 
          [-0.877, -1.302,  0.056,  0.744], 
          [-0.863, -1.360,  0.052,  0.741], 
          [-1.020, -1.412,  0.053,  0.756]
        ]
    },
    {
        "id": 6,
        "keypoints3d": [
          [-0.282,  0.188,  1.081,  0.830], 
          [-0.173,  0.031,  0.915,  0.868], 
          [-0.021,  0.064,  0.908,  0.810], 
          [ 0.114, -0.052,  0.681,  0.795], 
          [ 0.061,  0.157,  0.630,  0.862], 
          [-0.324,  0.007,  0.939,  0.821], 
          [-0.515, -0.118,  0.760,  0.829], 
          [-0.517,  0.074,  0.649,  0.820], 
          [-0.222,  0.043,  0.466,  0.707], 
          [-0.123,  0.066,  0.463,  0.688], 
          [-0.242,  0.479,  0.557,  0.825], 
          [-0.206,  0.457,  0.148,  0.754], 
          [-0.340,  0.034,  0.471,  0.655], 
          [-0.490,  0.447,  0.501,  0.790], 
          [-0.287,  0.388,  0.131,  0.765], 
          [-0.246,  0.201,  1.109,  0.851], 
          [-0.280,  0.146,  1.121,  0.883], 
          [-0.154,  0.188,  1.089,  0.794], 
          [-0.254,  0.053,  1.120,  0.831], 
          [-0.376,  0.488,  0.057,  0.700], 
          [-0.398,  0.438,  0.058,  0.740], 
          [-0.251,  0.357,  0.080,  0.663], 
          [-0.261,  0.642,  0.163,  0.748], 
          [-0.226,  0.623,  0.159,  0.770], 
          [-0.183,  0.430,  0.102,  0.644]
        ]
    }
]
