[
    {
        "id": 0,
        "keypoints3d": [
          [-1.043, -1.126,  1.511,  0.850], 
          [-1.119, -1.267,  1.351,  0.866], 
          [-0.982, -1.361,  1.354,  0.857], 
          [-0.990, -1.439,  1.100,  0.795], 
          [-1.039, -1.454,  0.915,  0.658], 
          [-1.241, -1.173,  1.347,  0.852], 
          [-1.297, -1.187,  1.089,  0.815], 
          [-1.242, -1.272,  0.878,  0.624], 
          [-1.091, -1.293,  0.834,  0.762], 
          [-1.011, -1.342,  0.836,  0.755], 
          [-1.010, -1.361,  0.456,  0.744], 
          [-0.992, -1.392,  0.093,  0.831], 
          [-1.170, -1.235,  0.834,  0.742], 
          [-1.202, -1.277,  0.455,  0.784], 
          [-1.258, -1.305,  0.078,  0.846], 
          [-1.026, -1.158,  1.549,  0.831], 
          [-1.090, -1.127,  1.544,  0.770], 
          [-1.025, -1.252,  1.555,  0.763], 
          [-1.170, -1.158,  1.534,  0.846], 
          [-1.202, -1.152,  0.040,  0.720], 
          [-1.254, -1.164,  0.046,  0.731], 
          [-1.276, -1.344,  0.027,  0.697], 
          [-0.870, -1.299,  0.057,  0.747], 
          [-0.865, -1.335,  0.062,  0.728], 
          [-1.022, -1.412,  0.057,  0.771]
        ]
    },
    {
        "id": 2,
        "keypoints3d": [
          [-0.278,  1.022,  1.495,  0.869], 
          [-0.349,  1.179,  1.306,  0.881], 
          [-0.486,  1.132,  1.299,  0.839], 
          [-0.592,  1.143,  1.061,  0.797], 
          [-0.623,  1.077,  0.850,  0.840], 
          [-0.210,  1.228,  1.304,  0.845], 
          [-0.133,  1.279,  1.066,  0.849], 
          [-0.057,  1.222,  0.865,  0.871], 
          [-0.341,  1.167,  0.793,  0.780], 
          [-0.435,  1.132,  0.789,  0.759], 
          [-0.451,  1.148,  0.437,  0.774], 
          [-0.482,  1.155,  0.094,  0.835], 
          [-0.250,  1.201,  0.792,  0.751], 
          [-0.231,  1.212,  0.439,  0.757], 
          [-0.169,  1.222,  0.095,  0.785], 
          [-0.318,  1.030,  1.519,  0.887], 
          [-0.254,  1.060,  1.523,  0.914], 
          [-0.410,  1.099,  1.513,  0.869], 
          [-0.251,  1.160,  1.516,  0.836], 
          [-0.056,  1.120,  0.048,  0.741], 
          [-0.054,  1.165,  0.055,  0.771], 
          [-0.191,  1.234,  0.048,  0.768], 
          [-0.475,  1.008,  0.051,  0.684], 
          [-0.515,  1.033,  0.051,  0.672], 
          [-0.478,  1.187,  0.049,  0.781]
        ]
    },
    {
        "id": 4,
        "keypoints3d": [
          [ 1.053, -1.322,  1.588,  0.871], 
          [ 1.131, -1.395,  1.390,  0.878], 
          [ 1.249, -1.287,  1.390,  0.829], 
          [ 1.154, -1.163,  1.187,  0.784], 
          [ 0.955, -1.325,  1.208,  0.733], 
          [ 1.000, -1.506,  1.385,  0.859], 
          [ 0.902, -1.438,  1.152,  0.844], 
          [ 1.058, -1.241,  1.183,  0.788], 
          [ 1.085, -1.351,  0.862,  0.762], 
          [ 1.147, -1.270,  0.864,  0.726], 
          [ 1.186, -1.309,  0.472,  0.846], 
          [ 1.243, -1.350,  0.087,  0.755], 
          [ 1.015, -1.425,  0.864,  0.763], 
          [ 1.035, -1.436,  0.475,  0.729], 
          [ 1.078, -1.479,  0.106,  0.759], 
          [ 1.079, -1.308,  1.615,  0.814], 
          [ 1.024, -1.359,  1.609,  0.870], 
          [ 1.175, -1.330,  1.610,  0.758], 
          [ 1.059, -1.438,  1.583,  0.856], 
          [ 0.984, -1.369,  0.060,  0.715], 
          [ 0.965, -1.435,  0.071,  0.721], 
          [ 1.111, -1.489,  0.055,  0.699], 
          [ 1.130, -1.256,  0.045,  0.720], 
          [ 1.198, -1.235,  0.042,  0.725], 
          [ 1.256, -1.393,  0.041,  0.635]
        ]
    },
    {
        "id": 6,
        "keypoints3d": [
          [-0.151, -0.023,  1.054,  0.879], 
          [-0.318,  0.054,  0.924,  0.838], 
          [-0.389, -0.099,  0.919,  0.829], 
          [-0.540, -0.209,  0.726,  0.766], 
          [-0.325, -0.266,  0.640,  0.792], 
          [-0.237,  0.196,  0.944,  0.830], 
          [-0.247,  0.411,  0.785,  0.821], 
          [-0.105,  0.272,  0.658,  0.648], 
          [-0.286,  0.066,  0.454,  0.711], 
          [-0.337, -0.040,  0.453,  0.685], 
          [ 0.035, -0.284,  0.485,  0.648], 
          [-0.089, -0.293,  0.105,  0.586], 
          [-0.226,  0.160,  0.464,  0.691], 
          [ 0.191,  0.000,  0.495,  0.801], 
          [ 0.204, -0.004,  0.090,  0.824], 
          [-0.180, -0.068,  1.090,  0.819], 
          [-0.158, -0.004,  1.095,  0.875], 
          [-0.256, -0.092,  1.092,  0.788], 
          [-0.216,  0.075,  1.113,  0.760], 
          [ 0.370, -0.004,  0.057,  0.780], 
          [ 0.344,  0.039,  0.057,  0.812], 
          [ 0.157, -0.011,  0.040,  0.729], 
          [ 0.015, -0.481,  0.052,  0.767], 
          [-0.024, -0.481,  0.065,  0.776], 
          [-0.126, -0.282,  0.058,  0.598]
        ]
    }
]
