[
    {
        "id": 0,
        "keypoints3d": [
          [ 1.044, -1.314,  1.583,  0.862], 
          [ 1.130, -1.400,  1.387,  0.856], 
          [ 1.249, -1.295,  1.392,  0.823], 
          [ 1.140, -1.155,  1.190,  0.789], 
          [ 0.959, -1.341,  1.198,  0.761], 
          [ 0.994, -1.503,  1.384,  0.822], 
          [ 0.902, -1.431,  1.150,  0.850], 
          [ 1.057, -1.228,  1.189,  0.781], 
          [ 1.085, -1.347,  0.861,  0.729], 
          [ 1.146, -1.274,  0.867,  0.708], 
          [ 1.184, -1.309,  0.477,  0.801], 
          [ 1.243, -1.350,  0.088,  0.760], 
          [ 1.016, -1.420,  0.862,  0.728], 
          [ 1.045, -1.434,  0.480,  0.703], 
          [ 1.082, -1.478,  0.113,  0.792], 
          [ 1.077, -1.296,  1.615,  0.816], 
          [ 1.019, -1.368,  1.606,  0.869], 
          [ 1.167, -1.330,  1.605,  0.879], 
          [ 1.060, -1.438,  1.585,  0.837], 
          [ 0.983, -1.377,  0.062,  0.715], 
          [ 0.967, -1.436,  0.070,  0.723], 
          [ 1.109, -1.485,  0.059,  0.699], 
          [ 1.132, -1.255,  0.045,  0.657], 
          [ 1.196, -1.235,  0.034,  0.687], 
          [ 1.255, -1.384,  0.045,  0.646]
        ]
    },
    {
        "id": 2,
        "keypoints3d": [
          [-0.977, -1.175,  1.517,  0.814], 
          [-1.057, -1.296,  1.350,  0.871], 
          [-0.925, -1.394,  1.346,  0.828], 
          [-0.928, -1.470,  1.086,  0.759], 
          [-0.938, -1.489,  0.926,  0.815], 
          [-1.188, -1.202,  1.350,  0.848], 
          [-1.241, -1.231,  1.086,  0.802], 
          [-1.152, -1.375,  0.875,  0.691], 
          [-1.022, -1.308,  0.830,  0.764], 
          [-0.937, -1.357,  0.823,  0.746], 
          [-0.949, -1.381,  0.446,  0.777], 
          [-0.978, -1.399,  0.094,  0.797], 
          [-1.103, -1.253,  0.833,  0.743], 
          [-1.113, -1.253,  0.466,  0.777], 
          [-1.244, -1.305,  0.087,  0.837], 
          [-0.960, -1.199,  1.552,  0.789], 
          [-1.025, -1.173,  1.554,  0.841], 
          [-0.949, -1.302,  1.536,  0.733], 
          [-1.103, -1.218,  1.542,  0.858], 
          [-1.202, -1.156,  0.037,  0.745], 
          [-1.254, -1.173,  0.043,  0.766], 
          [-1.284, -1.354,  0.048,  0.709], 
          [-0.871, -1.302,  0.053,  0.758], 
          [-0.862, -1.345,  0.060,  0.726], 
          [-1.026, -1.411,  0.059,  0.776]
        ]
    },
    {
        "id": 4,
        "keypoints3d": [
          [-0.238,  1.016,  1.489,  0.858], 
          [-0.293,  1.181,  1.302,  0.881], 
          [-0.431,  1.129,  1.302,  0.860], 
          [-0.535,  1.138,  1.059,  0.807], 
          [-0.575,  1.068,  0.848,  0.805], 
          [-0.154,  1.238,  1.296,  0.848], 
          [-0.087,  1.283,  1.064,  0.834], 
          [-0.014,  1.234,  0.854,  0.852], 
          [-0.298,  1.171,  0.792,  0.769], 
          [-0.392,  1.132,  0.792,  0.757], 
          [-0.416,  1.143,  0.443,  0.790], 
          [-0.471,  1.153,  0.092,  0.789], 
          [-0.196,  1.202,  0.788,  0.748], 
          [-0.204,  1.211,  0.440,  0.798], 
          [-0.167,  1.226,  0.101,  0.774], 
          [-0.272,  1.033,  1.518,  0.778], 
          [-0.213,  1.057,  1.523,  0.801], 
          [-0.346,  1.104,  1.515,  0.862], 
          [-0.203,  1.154,  1.523,  0.761], 
          [-0.057,  1.125,  0.044,  0.734], 
          [-0.054,  1.166,  0.049,  0.763], 
          [-0.190,  1.233,  0.054,  0.678], 
          [-0.478,  1.010,  0.041,  0.667], 
          [-0.507,  1.029,  0.046,  0.673], 
          [-0.477,  1.190,  0.048,  0.730]
        ]
    },
    {
        "id": 6,
        "keypoints3d": [
          [-0.220,  0.072,  1.081,  0.746], 
          [-0.370,  0.048,  0.909,  0.856], 
          [-0.371, -0.115,  0.915,  0.844], 
          [-0.441, -0.269,  0.701,  0.742], 
          [-0.186, -0.239,  0.653,  0.801], 
          [-0.354,  0.200,  0.912,  0.791], 
          [-0.422,  0.412,  0.744,  0.865], 
          [-0.217,  0.347,  0.661,  0.850], 
          [-0.301,  0.062,  0.463,  0.695], 
          [-0.300, -0.052,  0.469,  0.689], 
          [ 0.171, -0.067,  0.538,  0.845], 
          [ 0.119, -0.208,  0.142,  0.742], 
          [-0.292,  0.175,  0.473,  0.659], 
          [ 0.186,  0.148,  0.538,  0.791], 
          [ 0.226,  0.034,  0.131,  0.777], 
          [-0.230,  0.031,  1.119,  0.836], 
          [-0.253,  0.104,  1.117,  0.824], 
          [-0.293, -0.029,  1.098,  0.865], 
          [-0.341,  0.114,  1.105,  0.736], 
          [ 0.392,  0.010,  0.066,  0.695], 
          [ 0.356,  0.062,  0.066,  0.703], 
          [ 0.176,  0.014,  0.066,  0.626], 
          [ 0.303, -0.224,  0.121,  0.732], 
          [ 0.253, -0.280,  0.119,  0.644], 
          [ 0.083, -0.225,  0.099,  0.590]
        ]
    }
]
