[
    {
        "id": 0,
        "keypoints3d": [
          [-0.211,  1.012,  1.487,  0.893], 
          [-0.252,  1.184,  1.301,  0.879], 
          [-0.399,  1.126,  1.307,  0.850], 
          [-0.491,  1.147,  1.066,  0.740], 
          [-0.504,  1.073,  0.854,  0.831], 
          [-0.115,  1.225,  1.290,  0.836], 
          [-0.045,  1.268,  1.050,  0.830], 
          [ 0.005,  1.205,  0.845,  0.873], 
          [-0.255,  1.164,  0.785,  0.767], 
          [-0.356,  1.130,  0.793,  0.760], 
          [-0.389,  1.138,  0.431,  0.820], 
          [-0.471,  1.154,  0.087,  0.778], 
          [-0.162,  1.197,  0.779,  0.754], 
          [-0.182,  1.197,  0.428,  0.826], 
          [-0.165,  1.223,  0.090,  0.797], 
          [-0.253,  1.042,  1.513,  0.907], 
          [-0.176,  1.051,  1.520,  0.769], 
          [-0.310,  1.111,  1.514,  0.878], 
          [-0.138,  1.145,  1.516,  0.834], 
          [-0.059,  1.125,  0.040,  0.744], 
          [-0.053,  1.167,  0.049,  0.779], 
          [-0.192,  1.235,  0.047,  0.713], 
          [-0.463,  1.012,  0.050,  0.730], 
          [-0.496,  1.036,  0.049,  0.728], 
          [-0.481,  1.185,  0.045,  0.789]
        ]
    },
    {
        "id": 2,
        "keypoints3d": [
          [-0.902, -1.218,  1.534,  0.910], 
          [-0.981, -1.341,  1.345,  0.868], 
          [-0.843, -1.410,  1.337,  0.845], 
          [-0.863, -1.506,  1.078,  0.821], 
          [-0.900, -1.510,  0.903,  0.710], 
          [-1.124, -1.252,  1.358,  0.849], 
          [-1.172, -1.320,  1.085,  0.798], 
          [-1.136, -1.381,  0.873,  0.682], 
          [-0.981, -1.342,  0.823,  0.757], 
          [-0.902, -1.395,  0.818,  0.750], 
          [-0.928, -1.396,  0.443,  0.832], 
          [-0.977, -1.400,  0.089,  0.835], 
          [-1.052, -1.278,  0.834,  0.733], 
          [-1.011, -1.191,  0.485,  0.808], 
          [-1.079, -1.285,  0.116,  0.856], 
          [-0.881, -1.243,  1.556,  0.790], 
          [-0.939, -1.221,  1.567,  0.830], 
          [-0.871, -1.346,  1.534,  0.732], 
          [-1.030, -1.268,  1.551,  0.880], 
          [-1.042, -1.157,  0.059,  0.683], 
          [-1.085, -1.166,  0.071,  0.712], 
          [-1.091, -1.332,  0.077,  0.714], 
          [-0.866, -1.295,  0.065,  0.701], 
          [-0.857, -1.341,  0.056,  0.685], 
          [-1.014, -1.415,  0.052,  0.634]
        ]
    },
    {
        "id": 4,
        "keypoints3d": [
          [-0.266,  0.127,  1.100,  0.836], 
          [-0.289, -0.053,  0.915,  0.827], 
          [-0.178, -0.135,  0.908,  0.788], 
          [-0.089, -0.279,  0.693,  0.744], 
          [ 0.024, -0.092,  0.640,  0.769], 
          [-0.401,  0.045,  0.931,  0.788], 
          [-0.601,  0.109,  0.743,  0.830], 
          [-0.442,  0.246,  0.661,  0.755], 
          [-0.272,  0.045,  0.486,  0.649], 
          [-0.174, -0.018,  0.492,  0.612], 
          [ 0.062,  0.347,  0.553,  0.782], 
          [ 0.060,  0.252,  0.144,  0.686], 
          [-0.341,  0.103,  0.496,  0.627], 
          [-0.105,  0.463,  0.547,  0.686], 
          [-0.090,  0.380,  0.127,  0.809], 
          [-0.241,  0.112,  1.132,  0.695], 
          [-0.296,  0.084,  1.125,  0.820], 
          [-0.182,  0.023,  1.130,  0.913], 
          [-0.343,  0.002,  1.116,  0.867], 
          [-0.060,  0.538,  0.074,  0.760], 
          [-0.116,  0.521,  0.085,  0.769], 
          [-0.083,  0.323,  0.072,  0.691], 
          [ 0.109,  0.400,  0.103,  0.604], 
          [ 0.121,  0.348,  0.090,  0.623], 
          [ 0.047,  0.197,  0.091,  0.673]
        ]
    },
    {
        "id": 6,
        "keypoints3d": [
          [ 1.044, -1.327,  1.592,  0.874], 
          [ 1.125, -1.400,  1.392,  0.883], 
          [ 1.239, -1.288,  1.395,  0.866], 
          [ 1.144, -1.167,  1.191,  0.789], 
          [ 0.969, -1.357,  1.193,  0.778], 
          [ 0.983, -1.503,  1.378,  0.886], 
          [ 0.897, -1.436,  1.147,  0.873], 
          [ 1.065, -1.242,  1.181,  0.787], 
          [ 1.081, -1.349,  0.863,  0.818], 
          [ 1.141, -1.264,  0.869,  0.794], 
          [ 1.184, -1.310,  0.480,  0.861], 
          [ 1.240, -1.352,  0.094,  0.862], 
          [ 1.016, -1.426,  0.865,  0.814], 
          [ 1.039, -1.436,  0.482,  0.832], 
          [ 1.079, -1.478,  0.114,  0.821], 
          [ 1.078, -1.304,  1.621,  0.941], 
          [ 1.008, -1.352,  1.612,  0.885], 
          [ 1.166, -1.342,  1.607,  0.762], 
          [ 1.018, -1.439,  1.595,  0.824], 
          [ 0.987, -1.376,  0.063,  0.711], 
          [ 0.966, -1.437,  0.069,  0.729], 
          [ 1.113, -1.492,  0.064,  0.650], 
          [ 1.139, -1.254,  0.047,  0.702], 
          [ 1.200, -1.240,  0.047,  0.708], 
          [ 1.246, -1.388,  0.044,  0.669]
        ]
    }
]
