[
    {
        "id": 0,
        "keypoints3d": [
          [-0.933, -1.202,  1.520,  0.818], 
          [-1.007, -1.321,  1.347,  0.863], 
          [-0.876, -1.403,  1.343,  0.856], 
          [-0.885, -1.504,  1.083,  0.792], 
          [-0.910, -1.512,  0.898,  0.811], 
          [-1.150, -1.233,  1.346,  0.840], 
          [-1.187, -1.309,  1.081,  0.743], 
          [-1.130, -1.402,  0.862,  0.655], 
          [-0.982, -1.332,  0.817,  0.764], 
          [-0.903, -1.392,  0.811,  0.772], 
          [-0.925, -1.397,  0.438,  0.784], 
          [-0.972, -1.396,  0.087,  0.850], 
          [-1.049, -1.262,  0.831,  0.735], 
          [-1.032, -1.198,  0.473,  0.762], 
          [-1.150, -1.280,  0.125,  0.822], 
          [-0.907, -1.223,  1.545,  0.849], 
          [-0.981, -1.198,  1.552,  0.854], 
          [-0.912, -1.325,  1.531,  0.780], 
          [-1.059, -1.268,  1.543,  0.864], 
          [-1.120, -1.149,  0.062,  0.731], 
          [-1.174, -1.169,  0.065,  0.757], 
          [-1.176, -1.340,  0.076,  0.705], 
          [-0.869, -1.303,  0.058,  0.723], 
          [-0.859, -1.356,  0.058,  0.775], 
          [-1.008, -1.407,  0.056,  0.663]
        ]
    },
    {
        "id": 2,
        "keypoints3d": [
          [ 1.038, -1.322,  1.582,  0.856], 
          [ 1.130, -1.405,  1.388,  0.858], 
          [ 1.253, -1.300,  1.393,  0.832], 
          [ 1.148, -1.153,  1.193,  0.828], 
          [ 0.966, -1.318,  1.208,  0.732], 
          [ 0.989, -1.507,  1.381,  0.825], 
          [ 0.898, -1.433,  1.149,  0.853], 
          [ 1.060, -1.233,  1.186,  0.780], 
          [ 1.083, -1.346,  0.860,  0.731], 
          [ 1.151, -1.273,  0.866,  0.710], 
          [ 1.186, -1.307,  0.475,  0.807], 
          [ 1.244, -1.349,  0.088,  0.774], 
          [ 1.012, -1.418,  0.863,  0.726], 
          [ 1.037, -1.435,  0.472,  0.712], 
          [ 1.080, -1.477,  0.109,  0.845], 
          [ 1.076, -1.296,  1.616,  0.805], 
          [ 1.017, -1.367,  1.604,  0.863], 
          [ 1.163, -1.338,  1.605,  0.782], 
          [ 1.055, -1.437,  1.586,  0.834], 
          [ 0.991, -1.367,  0.059,  0.649], 
          [ 0.971, -1.432,  0.072,  0.665], 
          [ 1.112, -1.486,  0.063,  0.684], 
          [ 1.133, -1.253,  0.046,  0.698], 
          [ 1.197, -1.235,  0.038,  0.707], 
          [ 1.252, -1.382,  0.037,  0.669]
        ]
    },
    {
        "id": 4,
        "keypoints3d": [
          [-0.220,  1.013,  1.490,  0.889], 
          [-0.266,  1.187,  1.301,  0.887], 
          [-0.411,  1.124,  1.308,  0.866], 
          [-0.506,  1.140,  1.066,  0.812], 
          [-0.528,  1.062,  0.857,  0.800], 
          [-0.129,  1.234,  1.294,  0.856], 
          [-0.068,  1.274,  1.065,  0.817], 
          [-0.001,  1.217,  0.879,  0.824], 
          [-0.265,  1.169,  0.794,  0.769], 
          [-0.354,  1.128,  0.798,  0.760], 
          [-0.401,  1.141,  0.445,  0.800], 
          [-0.468,  1.157,  0.097,  0.800], 
          [-0.172,  1.200,  0.785,  0.752], 
          [-0.189,  1.205,  0.441,  0.833], 
          [-0.169,  1.221,  0.095,  0.816], 
          [-0.254,  1.038,  1.514,  0.852], 
          [-0.181,  1.050,  1.525,  0.752], 
          [-0.322,  1.112,  1.513,  0.869], 
          [-0.163,  1.156,  1.517,  0.746], 
          [-0.053,  1.125,  0.048,  0.748], 
          [-0.053,  1.169,  0.050,  0.777], 
          [-0.192,  1.229,  0.051,  0.671], 
          [-0.459,  1.015,  0.052,  0.735], 
          [-0.494,  1.043,  0.050,  0.735], 
          [-0.483,  1.187,  0.045,  0.789]
        ]
    },
    {
        "id": 6,
        "keypoints3d": [
          [-0.289,  0.092,  1.104,  0.731], 
          [-0.395, -0.011,  0.914,  0.863], 
          [-0.332, -0.172,  0.906,  0.820], 
          [-0.298, -0.305,  0.689,  0.676], 
          [-0.091, -0.208,  0.648,  0.730], 
          [-0.446,  0.145,  0.920,  0.819], 
          [-0.554,  0.293,  0.714,  0.806], 
          [-0.331,  0.316,  0.654,  0.821], 
          [-0.309,  0.038,  0.434,  0.687], 
          [-0.266, -0.072,  0.436,  0.679], 
          [ 0.183,  0.088,  0.542,  0.797], 
          [ 0.177, -0.005,  0.162,  0.797], 
          [-0.337,  0.146,  0.445,  0.688], 
          [ 0.114,  0.293,  0.554,  0.824], 
          [ 0.090,  0.230,  0.113,  0.708], 
          [-0.282,  0.055,  1.142,  0.885], 
          [-0.339,  0.091,  1.133,  0.791], 
          [-0.291, -0.034,  1.115,  0.776], 
          [-0.409,  0.054,  1.116,  0.811], 
          [ 0.259,  0.267,  0.063,  0.665], 
          [ 0.218,  0.303,  0.057,  0.704], 
          [ 0.058,  0.216,  0.070,  0.564], 
          [ 0.342,  0.066,  0.113,  0.680], 
          [ 0.315,  0.011,  0.104,  0.674], 
          [ 0.157, -0.020,  0.105,  0.689]
        ]
    }
]
