[
    {
        "id": 0,
        "keypoints3d": [
          [-0.955, -1.186,  1.517,  0.877], 
          [-1.032, -1.311,  1.346,  0.862], 
          [-0.895, -1.405,  1.343,  0.849], 
          [-0.909, -1.484,  1.079,  0.752], 
          [-0.915, -1.506,  0.919,  0.744], 
          [-1.166, -1.222,  1.348,  0.849], 
          [-1.212, -1.265,  1.081,  0.807], 
          [-1.130, -1.394,  0.874,  0.744], 
          [-0.996, -1.318,  0.825,  0.757], 
          [-0.911, -1.378,  0.821,  0.746], 
          [-0.935, -1.386,  0.443,  0.785], 
          [-0.972, -1.400,  0.098,  0.796], 
          [-1.064, -1.251,  0.834,  0.731], 
          [-1.076, -1.207,  0.477,  0.780], 
          [-1.217, -1.287,  0.112,  0.855], 
          [-0.924, -1.215,  1.548,  0.793], 
          [-0.998, -1.192,  1.553,  0.807], 
          [-0.921, -1.308,  1.534,  0.760], 
          [-1.080, -1.242,  1.543,  0.859], 
          [-1.196, -1.147,  0.040,  0.763], 
          [-1.243, -1.163,  0.049,  0.815], 
          [-1.237, -1.326,  0.062,  0.735], 
          [-0.871, -1.305,  0.048,  0.749], 
          [-0.861, -1.361,  0.046,  0.735], 
          [-1.016, -1.412,  0.063,  0.670]
        ]
    },
    {
        "id": 2,
        "keypoints3d": [
          [-0.226,  1.012,  1.492,  0.879], 
          [-0.275,  1.184,  1.302,  0.883], 
          [-0.417,  1.125,  1.309,  0.880], 
          [-0.520,  1.139,  1.065,  0.834], 
          [-0.542,  1.057,  0.851,  0.783], 
          [-0.136,  1.234,  1.293,  0.860], 
          [-0.076,  1.286,  1.062,  0.818], 
          [-0.005,  1.242,  0.845,  0.838], 
          [-0.279,  1.169,  0.791,  0.769], 
          [-0.371,  1.129,  0.795,  0.762], 
          [-0.418,  1.146,  0.436,  0.794], 
          [-0.473,  1.157,  0.099,  0.795], 
          [-0.182,  1.202,  0.783,  0.754], 
          [-0.193,  1.207,  0.438,  0.823], 
          [-0.171,  1.223,  0.094,  0.803], 
          [-0.266,  1.037,  1.517,  0.846], 
          [-0.192,  1.051,  1.524,  0.744], 
          [-0.331,  1.112,  1.517,  0.837], 
          [-0.173,  1.155,  1.526,  0.863], 
          [-0.057,  1.124,  0.042,  0.738], 
          [-0.055,  1.167,  0.050,  0.769], 
          [-0.191,  1.230,  0.049,  0.698], 
          [-0.463,  1.021,  0.048,  0.697], 
          [-0.498,  1.044,  0.049,  0.697], 
          [-0.483,  1.186,  0.047,  0.783]
        ]
    },
    {
        "id": 4,
        "keypoints3d": [
          [ 1.047, -1.333,  1.588,  0.870], 
          [ 1.129, -1.403,  1.392,  0.884], 
          [ 1.240, -1.288,  1.393,  0.862], 
          [ 1.140, -1.162,  1.195,  0.776], 
          [ 0.964, -1.347,  1.198,  0.795], 
          [ 0.988, -1.503,  1.384,  0.883], 
          [ 0.899, -1.434,  1.149,  0.860], 
          [ 1.065, -1.240,  1.182,  0.805], 
          [ 1.082, -1.347,  0.863,  0.815], 
          [ 1.140, -1.266,  0.870,  0.789], 
          [ 1.183, -1.310,  0.478,  0.855], 
          [ 1.241, -1.353,  0.087,  0.832], 
          [ 1.013, -1.424,  0.863,  0.814], 
          [ 1.039, -1.435,  0.478,  0.838], 
          [ 1.081, -1.478,  0.116,  0.823], 
          [ 1.078, -1.307,  1.620,  0.788], 
          [ 1.012, -1.353,  1.609,  0.870], 
          [ 1.165, -1.340,  1.607,  0.859], 
          [ 1.039, -1.430,  1.587,  0.831], 
          [ 0.984, -1.378,  0.061,  0.710], 
          [ 0.966, -1.437,  0.069,  0.718], 
          [ 1.111, -1.486,  0.065,  0.660], 
          [ 1.129, -1.257,  0.044,  0.716], 
          [ 1.196, -1.235,  0.039,  0.674], 
          [ 1.251, -1.386,  0.044,  0.647]
        ]
    },
    {
        "id": 6,
        "keypoints3d": [
          [-0.261,  0.091,  1.092,  0.764], 
          [-0.380,  0.012,  0.907,  0.839], 
          [-0.353, -0.133,  0.905,  0.808], 
          [-0.408, -0.299,  0.700,  0.824], 
          [-0.175, -0.246,  0.661,  0.740], 
          [-0.401,  0.175,  0.916,  0.794], 
          [-0.485,  0.363,  0.725,  0.782], 
          [-0.230,  0.354,  0.679,  0.716], 
          [-0.297,  0.055,  0.459,  0.681], 
          [-0.280, -0.054,  0.463,  0.667], 
          [ 0.177,  0.035,  0.541,  0.781], 
          [ 0.203, -0.101,  0.164,  0.737], 
          [-0.311,  0.166,  0.461,  0.647], 
          [ 0.145,  0.227,  0.544,  0.816], 
          [ 0.218,  0.115,  0.145,  0.688], 
          [-0.254,  0.045,  1.122,  0.795], 
          [-0.297,  0.088,  1.118,  0.875], 
          [-0.292, -0.034,  1.109,  0.887], 
          [-0.388,  0.075,  1.109,  0.786], 
          [ 0.376,  0.065,  0.092,  0.799], 
          [ 0.348,  0.129,  0.070,  0.694], 
          [ 0.196,  0.098,  0.090,  0.547], 
          [ 0.389, -0.083,  0.142,  0.725], 
          [ 0.351, -0.145,  0.138,  0.699], 
          [ 0.171, -0.129,  0.110,  0.585]
        ]
    }
]
