[
    {
        "id": 0,
        "keypoints3d": [
          [ 1.027, -1.324,  1.577,  0.871], 
          [ 1.128, -1.401,  1.388,  0.856], 
          [ 1.246, -1.296,  1.391,  0.822], 
          [ 1.139, -1.154,  1.185,  0.818], 
          [ 0.973, -1.351,  1.197,  0.805], 
          [ 0.987, -1.507,  1.379,  0.825], 
          [ 0.896, -1.426,  1.146,  0.859], 
          [ 1.069, -1.228,  1.179,  0.764], 
          [ 1.086, -1.350,  0.868,  0.722], 
          [ 1.147, -1.273,  0.869,  0.714], 
          [ 1.181, -1.300,  0.479,  0.757], 
          [ 1.237, -1.344,  0.092,  0.755], 
          [ 1.013, -1.425,  0.863,  0.706], 
          [ 1.036, -1.430,  0.481,  0.704], 
          [ 1.077, -1.465,  0.110,  0.757], 
          [ 1.074, -1.319,  1.624,  0.836], 
          [ 1.012, -1.361,  1.606,  0.874], 
          [ 1.167, -1.336,  1.608,  0.830], 
          [ 1.042, -1.458,  1.584,  0.852], 
          [ 0.972, -1.358,  0.063,  0.718], 
          [ 0.962, -1.435,  0.064,  0.724], 
          [ 1.102, -1.482,  0.054,  0.713], 
          [ 1.117, -1.243,  0.049,  0.732], 
          [ 1.181, -1.221,  0.048,  0.735], 
          [ 1.250, -1.387,  0.047,  0.676]
        ]
    },
    {
        "id": 2,
        "keypoints3d": [
          [-0.908, -1.216,  1.536,  0.831], 
          [-0.996, -1.328,  1.346,  0.872], 
          [-0.864, -1.400,  1.338,  0.863], 
          [-0.887, -1.511,  1.076,  0.808], 
          [-0.938, -1.510,  0.887,  0.638], 
          [-1.138, -1.244,  1.361,  0.841], 
          [-1.191, -1.318,  1.096,  0.717], 
          [-1.126, -1.376,  0.864,  0.677], 
          [-0.997, -1.325,  0.822,  0.751], 
          [-0.916, -1.381,  0.816,  0.745], 
          [-0.932, -1.381,  0.430,  0.812], 
          [-0.975, -1.398,  0.088,  0.865], 
          [-1.072, -1.268,  0.833,  0.730], 
          [-1.057, -1.208,  0.469,  0.835], 
          [-1.211, -1.284,  0.113,  0.836], 
          [-0.888, -1.243,  1.553,  0.795], 
          [-0.961, -1.222,  1.574,  0.887], 
          [-0.904, -1.341,  1.535,  0.750], 
          [-1.043, -1.273,  1.557,  0.886], 
          [-1.167, -1.136,  0.046,  0.788], 
          [-1.226, -1.159,  0.045,  0.817], 
          [-1.230, -1.326,  0.060,  0.726], 
          [-0.875, -1.303,  0.054,  0.751], 
          [-0.866, -1.352,  0.053,  0.737], 
          [-1.019, -1.413,  0.055,  0.739]
        ]
    },
    {
        "id": 4,
        "keypoints3d": [
          [-0.206,  1.011,  1.485,  0.908], 
          [-0.243,  1.183,  1.300,  0.869], 
          [-0.387,  1.135,  1.308,  0.842], 
          [-0.490,  1.161,  1.070,  0.825], 
          [-0.518,  1.082,  0.859,  0.869], 
          [-0.101,  1.219,  1.288,  0.837], 
          [-0.036,  1.255,  1.044,  0.835], 
          [ 0.003,  1.199,  0.840,  0.881], 
          [-0.256,  1.161,  0.776,  0.764], 
          [-0.362,  1.128,  0.788,  0.752], 
          [-0.399,  1.135,  0.433,  0.789], 
          [-0.475,  1.152,  0.089,  0.844], 
          [-0.163,  1.187,  0.771,  0.759], 
          [-0.183,  1.198,  0.426,  0.775], 
          [-0.167,  1.221,  0.087,  0.827], 
          [-0.252,  1.041,  1.515,  0.898], 
          [-0.175,  1.047,  1.515,  0.882], 
          [-0.318,  1.115,  1.516,  0.884], 
          [-0.126,  1.135,  1.515,  0.826], 
          [-0.054,  1.128,  0.042,  0.729], 
          [-0.054,  1.169,  0.049,  0.763], 
          [-0.192,  1.230,  0.041,  0.719], 
          [-0.466,  1.008,  0.047,  0.712], 
          [-0.506,  1.036,  0.048,  0.698], 
          [-0.477,  1.187,  0.045,  0.788]
        ]
    },
    {
        "id": 6,
        "keypoints3d": [
          [-0.254,  0.153,  1.086,  0.879], 
          [-0.199, -0.026,  0.914,  0.861], 
          [-0.042, -0.031,  0.911,  0.820], 
          [ 0.066, -0.145,  0.695,  0.774], 
          [ 0.073,  0.060,  0.633,  0.867], 
          [-0.352, -0.014,  0.940,  0.835], 
          [-0.572, -0.058,  0.781,  0.872], 
          [-0.469,  0.163,  0.641,  0.709], 
          [-0.243,  0.017,  0.465,  0.736], 
          [-0.141,  0.014,  0.467,  0.683], 
          [-0.107,  0.464,  0.555,  0.852], 
          [-0.021,  0.362,  0.152,  0.755], 
          [-0.354,  0.036,  0.478,  0.667], 
          [-0.315,  0.502,  0.496,  0.846], 
          [-0.216,  0.386,  0.122,  0.778], 
          [-0.225,  0.170,  1.114,  0.661], 
          [-0.260,  0.127,  1.126,  0.841], 
          [-0.126,  0.132,  1.107,  0.829], 
          [-0.246,  0.012,  1.120,  0.808], 
          [-0.276,  0.533,  0.061,  0.738], 
          [-0.306,  0.479,  0.056,  0.741], 
          [-0.206,  0.333,  0.076,  0.669], 
          [-0.026,  0.543,  0.125,  0.777], 
          [ 0.009,  0.495,  0.115,  0.783], 
          [-0.007,  0.321,  0.112,  0.761]
        ]
    }
]
