[
    {
        "id": 0,
        "keypoints3d": [
          [-0.212,  1.009,  1.488,  0.901], 
          [-0.258,  1.188,  1.300,  0.890], 
          [-0.404,  1.126,  1.305,  0.859], 
          [-0.490,  1.147,  1.061,  0.791], 
          [-0.503,  1.071,  0.860,  0.790], 
          [-0.120,  1.234,  1.292,  0.835], 
          [-0.053,  1.273,  1.053,  0.836], 
          [-0.001,  1.216,  0.841,  0.865], 
          [-0.258,  1.167,  0.792,  0.772], 
          [-0.353,  1.130,  0.800,  0.761], 
          [-0.393,  1.141,  0.442,  0.810], 
          [-0.474,  1.155,  0.092,  0.839], 
          [-0.165,  1.201,  0.785,  0.758], 
          [-0.184,  1.204,  0.436,  0.831], 
          [-0.168,  1.223,  0.095,  0.823], 
          [-0.253,  1.040,  1.513,  0.807], 
          [-0.176,  1.051,  1.521,  0.757], 
          [-0.314,  1.112,  1.514,  0.885], 
          [-0.145,  1.152,  1.519,  0.827], 
          [-0.050,  1.126,  0.050,  0.682], 
          [-0.052,  1.171,  0.055,  0.712], 
          [-0.193,  1.234,  0.049,  0.666], 
          [-0.464,  1.012,  0.049,  0.729], 
          [-0.497,  1.040,  0.049,  0.727], 
          [-0.480,  1.191,  0.042,  0.790]
        ]
    },
    {
        "id": 2,
        "keypoints3d": [
          [-0.913, -1.215,  1.525,  0.908], 
          [-0.988, -1.342,  1.348,  0.867], 
          [-0.858, -1.411,  1.340,  0.851], 
          [-0.862, -1.505,  1.081,  0.814], 
          [-0.907, -1.511,  0.898,  0.753], 
          [-1.128, -1.252,  1.355,  0.841], 
          [-1.176, -1.309,  1.087,  0.792], 
          [-1.131, -1.390,  0.865,  0.735], 
          [-0.977, -1.338,  0.822,  0.746], 
          [-0.899, -1.393,  0.813,  0.743], 
          [-0.931, -1.391,  0.437,  0.823], 
          [-0.981, -1.397,  0.089,  0.841], 
          [-1.052, -1.278,  0.833,  0.726], 
          [-1.006, -1.231,  0.473,  0.764], 
          [-1.057, -1.288,  0.113,  0.842], 
          [-0.889, -1.244,  1.554,  0.817], 
          [-0.954, -1.214,  1.558,  0.831], 
          [-0.895, -1.349,  1.536,  0.729], 
          [-1.040, -1.265,  1.546,  0.874], 
          [-1.026, -1.172,  0.056,  0.704], 
          [-1.071, -1.173,  0.064,  0.729], 
          [-1.063, -1.338,  0.055,  0.697], 
          [-0.874, -1.294,  0.060,  0.701], 
          [-0.862, -1.347,  0.055,  0.683], 
          [-1.019, -1.417,  0.049,  0.640]
        ]
    },
    {
        "id": 4,
        "keypoints3d": [
          [ 1.037, -1.321,  1.583,  0.877], 
          [ 1.127, -1.402,  1.390,  0.864], 
          [ 1.242, -1.293,  1.396,  0.853], 
          [ 1.131, -1.161,  1.197,  0.795], 
          [ 0.996, -1.270,  1.218,  0.776], 
          [ 0.980, -1.501,  1.385,  0.841], 
          [ 0.898, -1.433,  1.148,  0.867], 
          [ 1.065, -1.242,  1.181,  0.791], 
          [ 1.080, -1.344,  0.864,  0.770], 
          [ 1.146, -1.270,  0.871,  0.763], 
          [ 1.185, -1.307,  0.472,  0.806], 
          [ 1.241, -1.349,  0.093,  0.860], 
          [ 1.013, -1.419,  0.862,  0.753], 
          [ 1.035, -1.433,  0.471,  0.766], 
          [ 1.076, -1.479,  0.112,  0.844], 
          [ 1.076, -1.297,  1.616,  0.819], 
          [ 1.011, -1.361,  1.609,  0.881], 
          [ 1.163, -1.337,  1.603,  0.887], 
          [ 1.039, -1.431,  1.581,  0.843], 
          [ 0.989, -1.371,  0.061,  0.715], 
          [ 0.966, -1.435,  0.071,  0.728], 
          [ 1.111, -1.489,  0.059,  0.681], 
          [ 1.139, -1.259,  0.047,  0.700], 
          [ 1.197, -1.240,  0.047,  0.709], 
          [ 1.248, -1.388,  0.041,  0.673]
        ]
    },
    {
        "id": 6,
        "keypoints3d": [
          [-0.279,  0.097,  1.103,  0.826], 
          [-0.335, -0.049,  0.911,  0.845], 
          [-0.239, -0.166,  0.904,  0.787], 
          [-0.188, -0.316,  0.692,  0.880], 
          [-0.027, -0.139,  0.650,  0.783], 
          [-0.433,  0.077,  0.920,  0.827], 
          [-0.589,  0.182,  0.703,  0.822], 
          [-0.388,  0.271,  0.646,  0.805], 
          [-0.288,  0.034,  0.460,  0.696], 
          [-0.215, -0.051,  0.459,  0.652], 
          [ 0.131,  0.257,  0.553,  0.860], 
          [ 0.098,  0.162,  0.108,  0.751], 
          [-0.342,  0.114,  0.472,  0.682], 
          [ 0.003,  0.405,  0.543,  0.780], 
          [ 0.003,  0.349,  0.127,  0.804], 
          [-0.259,  0.083,  1.135,  0.799], 
          [-0.313,  0.077,  1.127,  0.738], 
          [-0.242, -0.019,  1.125,  0.870], 
          [-0.386,  0.030,  1.116,  0.770], 
          [ 0.086,  0.486,  0.082,  0.795], 
          [ 0.030,  0.490,  0.088,  0.776], 
          [-0.006,  0.307,  0.076,  0.663], 
          [ 0.210,  0.306,  0.101,  0.807], 
          [ 0.233,  0.243,  0.108,  0.802], 
          [ 0.071,  0.150,  0.067,  0.721]
        ]
    }
]
