[
    {
        "id": 0,
        "keypoints3d": [
          [-1.087, -1.092,  1.503,  0.847], 
          [-1.173, -1.246,  1.351,  0.852], 
          [-1.053, -1.341,  1.357,  0.831], 
          [-1.051, -1.443,  1.103,  0.790], 
          [-1.125, -1.428,  0.884,  0.711], 
          [-1.300, -1.145,  1.336,  0.845], 
          [-1.347, -1.176,  1.085,  0.746], 
          [-1.312, -1.322,  0.886,  0.656], 
          [-1.145, -1.279,  0.832,  0.763], 
          [-1.054, -1.333,  0.833,  0.755], 
          [-1.034, -1.355,  0.459,  0.794], 
          [-1.007, -1.380,  0.105,  0.779], 
          [-1.227, -1.222,  0.827,  0.737], 
          [-1.239, -1.267,  0.449,  0.811], 
          [-1.269, -1.302,  0.084,  0.803], 
          [-1.074, -1.117,  1.534,  0.836], 
          [-1.140, -1.087,  1.530,  0.892], 
          [-1.088, -1.217,  1.551,  0.851], 
          [-1.213, -1.136,  1.522,  0.873], 
          [-1.206, -1.156,  0.034,  0.711], 
          [-1.260, -1.163,  0.045,  0.727], 
          [-1.275, -1.341,  0.027,  0.703], 
          [-0.892, -1.299,  0.065,  0.734], 
          [-0.882, -1.335,  0.069,  0.712], 
          [-1.024, -1.412,  0.057,  0.757]
        ]
    },
    {
        "id": 2,
        "keypoints3d": [
          [-0.312,  1.018,  1.495,  0.787], 
          [-0.401,  1.176,  1.298,  0.870], 
          [-0.542,  1.128,  1.292,  0.848], 
          [-0.626,  1.141,  1.042,  0.770], 
          [-0.674,  1.072,  0.830,  0.776], 
          [-0.263,  1.226,  1.304,  0.840], 
          [-0.185,  1.263,  1.067,  0.821], 
          [-0.126,  1.216,  0.866,  0.875], 
          [-0.380,  1.155,  0.780,  0.772], 
          [-0.473,  1.128,  0.782,  0.772], 
          [-0.464,  1.149,  0.426,  0.823], 
          [-0.487,  1.155,  0.086,  0.837], 
          [-0.281,  1.186,  0.781,  0.747], 
          [-0.236,  1.197,  0.443,  0.790], 
          [-0.171,  1.217,  0.094,  0.811], 
          [-0.373,  1.027,  1.520,  0.877], 
          [-0.297,  1.073,  1.516,  0.838], 
          [-0.458,  1.076,  1.516,  0.796], 
          [-0.293,  1.167,  1.515,  0.803], 
          [-0.059,  1.119,  0.048,  0.746], 
          [-0.059,  1.166,  0.053,  0.782], 
          [-0.191,  1.236,  0.055,  0.771], 
          [-0.474,  1.007,  0.047,  0.717], 
          [-0.510,  1.031,  0.045,  0.706], 
          [-0.479,  1.190,  0.042,  0.782]
        ]
    },
    {
        "id": 4,
        "keypoints3d": [
          [ 1.058, -1.318,  1.592,  0.885], 
          [ 1.135, -1.391,  1.390,  0.873], 
          [ 1.247, -1.285,  1.394,  0.822], 
          [ 1.149, -1.169,  1.190,  0.737], 
          [ 0.951, -1.311,  1.211,  0.743], 
          [ 1.002, -1.503,  1.387,  0.856], 
          [ 0.905, -1.439,  1.150,  0.850], 
          [ 1.067, -1.241,  1.185,  0.796], 
          [ 1.087, -1.351,  0.862,  0.761], 
          [ 1.145, -1.273,  0.868,  0.722], 
          [ 1.180, -1.310,  0.467,  0.846], 
          [ 1.239, -1.353,  0.084,  0.716], 
          [ 1.019, -1.426,  0.864,  0.760], 
          [ 1.033, -1.437,  0.474,  0.723], 
          [ 1.079, -1.477,  0.107,  0.842], 
          [ 1.088, -1.332,  1.629,  0.940], 
          [ 1.028, -1.363,  1.622,  0.879], 
          [ 1.175, -1.315,  1.609,  0.876], 
          [ 1.060, -1.436,  1.587,  0.867], 
          [ 0.982, -1.366,  0.064,  0.716], 
          [ 0.965, -1.433,  0.070,  0.725], 
          [ 1.116, -1.492,  0.056,  0.700], 
          [ 1.131, -1.252,  0.043,  0.720], 
          [ 1.197, -1.233,  0.040,  0.725], 
          [ 1.256, -1.388,  0.045,  0.681]
        ]
    },
    {
        "id": 6,
        "keypoints3d": [
          [-0.099, -0.131,  1.022,  0.804], 
          [-0.273,  0.006,  0.920,  0.867], 
          [-0.376, -0.115,  0.916,  0.826], 
          [-0.578, -0.152,  0.758,  0.805], 
          [-0.383, -0.232,  0.639,  0.786], 
          [-0.162,  0.111,  0.926,  0.825], 
          [-0.162,  0.362,  0.790,  0.729], 
          [-0.066,  0.226,  0.657,  0.796], 
          [-0.279,  0.066,  0.444,  0.710], 
          [-0.354, -0.012,  0.437,  0.664], 
          [-0.046, -0.351,  0.450,  0.652], 
          [-0.117, -0.366,  0.071,  0.709], 
          [-0.207,  0.153,  0.453,  0.665], 
          [ 0.189, -0.110,  0.515,  0.831], 
          [ 0.200, -0.013,  0.087,  0.728], 
          [-0.143, -0.166,  1.067,  0.681], 
          [-0.106, -0.104,  1.066,  0.788], 
          [-0.222, -0.158,  1.075,  0.792], 
          [-0.147, -0.023,  1.093,  0.871], 
          [ 0.363, -0.106,  0.055,  0.822], 
          [ 0.362, -0.045,  0.051,  0.823], 
          [ 0.163,  0.013,  0.027,  0.617], 
          [ 0.004, -0.497,  0.037,  0.780], 
          [-0.044, -0.506,  0.046,  0.783], 
          [-0.149, -0.341,  0.044,  0.664]
        ]
    }
]
