[
    {
        "id": 0,
        "keypoints3d": [
          [ 1.029, -1.323,  1.577,  0.874], 
          [ 1.129, -1.400,  1.388,  0.860], 
          [ 1.246, -1.295,  1.392,  0.821], 
          [ 1.140, -1.155,  1.185,  0.829], 
          [ 0.971, -1.354,  1.195,  0.808], 
          [ 0.987, -1.507,  1.379,  0.823], 
          [ 0.897, -1.426,  1.146,  0.854], 
          [ 1.067, -1.228,  1.176,  0.761], 
          [ 1.085, -1.350,  0.865,  0.723], 
          [ 1.147, -1.273,  0.870,  0.715], 
          [ 1.178, -1.304,  0.480,  0.722], 
          [ 1.237, -1.347,  0.092,  0.788], 
          [ 1.013, -1.426,  0.863,  0.704], 
          [ 1.038, -1.434,  0.480,  0.694], 
          [ 1.075, -1.467,  0.107,  0.841], 
          [ 1.074, -1.314,  1.624,  0.840], 
          [ 1.011, -1.361,  1.603,  0.873], 
          [ 1.169, -1.332,  1.606,  0.818], 
          [ 1.042, -1.457,  1.583,  0.857], 
          [ 0.971, -1.357,  0.063,  0.717], 
          [ 0.961, -1.436,  0.061,  0.723], 
          [ 1.102, -1.482,  0.054,  0.711], 
          [ 1.116, -1.247,  0.051,  0.732], 
          [ 1.181, -1.221,  0.048,  0.737], 
          [ 1.251, -1.378,  0.051,  0.675]
        ]
    },
    {
        "id": 2,
        "keypoints3d": [
          [-0.933, -1.216,  1.535,  0.843], 
          [-1.013, -1.319,  1.349,  0.868], 
          [-0.880, -1.405,  1.339,  0.861], 
          [-0.905, -1.508,  1.073,  0.798], 
          [-0.954, -1.490,  0.887,  0.616], 
          [-1.159, -1.233,  1.359,  0.850], 
          [-1.214, -1.296,  1.090,  0.760], 
          [-1.147, -1.391,  0.874,  0.741], 
          [-1.014, -1.311,  0.825,  0.758], 
          [-0.926, -1.367,  0.819,  0.748], 
          [-0.939, -1.373,  0.435,  0.803], 
          [-0.976, -1.395,  0.087,  0.853], 
          [-1.100, -1.255,  0.835,  0.740], 
          [-1.087, -1.236,  0.457,  0.845], 
          [-1.229, -1.287,  0.093,  0.864], 
          [-0.907, -1.245,  1.557,  0.833], 
          [-0.982, -1.224,  1.575,  0.810], 
          [-0.919, -1.337,  1.534,  0.771], 
          [-1.056, -1.269,  1.558,  0.890], 
          [-1.181, -1.142,  0.040,  0.777], 
          [-1.229, -1.161,  0.039,  0.827], 
          [-1.251, -1.329,  0.046,  0.753], 
          [-0.873, -1.302,  0.053,  0.757], 
          [-0.858, -1.352,  0.053,  0.736], 
          [-1.019, -1.410,  0.054,  0.768]
        ]
    },
    {
        "id": 4,
        "keypoints3d": [
          [-0.198,  1.008,  1.488,  0.908], 
          [-0.234,  1.181,  1.298,  0.867], 
          [-0.377,  1.141,  1.310,  0.845], 
          [-0.481,  1.167,  1.071,  0.832], 
          [-0.511,  1.085,  0.858,  0.871], 
          [-0.093,  1.218,  1.287,  0.836], 
          [-0.034,  1.254,  1.042,  0.830], 
          [ 0.001,  1.198,  0.832,  0.873], 
          [-0.249,  1.157,  0.775,  0.767], 
          [-0.353,  1.125,  0.789,  0.755], 
          [-0.396,  1.134,  0.435,  0.798], 
          [-0.473,  1.154,  0.090,  0.842], 
          [-0.157,  1.186,  0.772,  0.759], 
          [-0.177,  1.197,  0.429,  0.783], 
          [-0.169,  1.220,  0.085,  0.828], 
          [-0.245,  1.040,  1.521,  0.789], 
          [-0.167,  1.047,  1.521,  0.879], 
          [-0.297,  1.112,  1.521,  0.878], 
          [-0.115,  1.137,  1.517,  0.821], 
          [-0.059,  1.131,  0.036,  0.724], 
          [-0.055,  1.166,  0.046,  0.759], 
          [-0.191,  1.230,  0.039,  0.722], 
          [-0.466,  1.008,  0.050,  0.726], 
          [-0.509,  1.036,  0.048,  0.701], 
          [-0.476,  1.188,  0.047,  0.794]
        ]
    },
    {
        "id": 6,
        "keypoints3d": [
          [-0.252,  0.180,  1.069,  0.850], 
          [-0.178,  0.012,  0.918,  0.847], 
          [-0.026,  0.018,  0.920,  0.805], 
          [ 0.103, -0.089,  0.682,  0.784], 
          [ 0.060,  0.123,  0.627,  0.876], 
          [-0.328,  0.001,  0.939,  0.826], 
          [-0.539, -0.100,  0.776,  0.879], 
          [-0.511,  0.093,  0.657,  0.870], 
          [-0.230,  0.031,  0.467,  0.715], 
          [-0.124,  0.043,  0.475,  0.701], 
          [-0.170,  0.473,  0.550,  0.830], 
          [-0.074,  0.441,  0.142,  0.775], 
          [-0.345,  0.031,  0.477,  0.656], 
          [-0.419,  0.484,  0.499,  0.818], 
          [-0.254,  0.389,  0.125,  0.814], 
          [-0.228,  0.185,  1.102,  0.854], 
          [-0.267,  0.144,  1.114,  0.862], 
          [-0.141,  0.167,  1.088,  0.870], 
          [-0.224,  0.045,  1.115,  0.826], 
          [-0.344,  0.501,  0.063,  0.843], 
          [-0.373,  0.444,  0.066,  0.823], 
          [-0.221,  0.347,  0.081,  0.619], 
          [-0.150,  0.626,  0.150,  0.786], 
          [-0.106,  0.597,  0.143,  0.771], 
          [-0.084,  0.412,  0.092,  0.655]
        ]
    }
]
