[
    {
        "id": 0,
        "keypoints3d": [
          [-0.946, -1.200,  1.516,  0.881], 
          [-1.018, -1.318,  1.345,  0.850], 
          [-0.885, -1.408,  1.340,  0.852], 
          [-0.891, -1.491,  1.082,  0.779], 
          [-0.913, -1.507,  0.902,  0.781], 
          [-1.154, -1.232,  1.344,  0.843], 
          [-1.191, -1.291,  1.081,  0.763], 
          [-1.126, -1.395,  0.866,  0.782], 
          [-0.994, -1.323,  0.822,  0.756], 
          [-0.911, -1.385,  0.817,  0.755], 
          [-0.934, -1.385,  0.439,  0.754], 
          [-0.971, -1.396,  0.096,  0.839], 
          [-1.061, -1.260,  0.832,  0.727], 
          [-1.065, -1.198,  0.475,  0.815], 
          [-1.200, -1.294,  0.129,  0.841], 
          [-0.918, -1.224,  1.545,  0.821], 
          [-0.986, -1.193,  1.550,  0.831], 
          [-0.917, -1.325,  1.531,  0.815], 
          [-1.066, -1.250,  1.543,  0.854], 
          [-1.173, -1.154,  0.051,  0.736], 
          [-1.225, -1.173,  0.054,  0.766], 
          [-1.219, -1.337,  0.076,  0.717], 
          [-0.874, -1.306,  0.049,  0.740], 
          [-0.862, -1.363,  0.044,  0.728], 
          [-1.003, -1.403,  0.066,  0.711]
        ]
    },
    {
        "id": 2,
        "keypoints3d": [
          [-0.229,  1.016,  1.491,  0.883], 
          [-0.269,  1.187,  1.301,  0.887], 
          [-0.413,  1.125,  1.309,  0.869], 
          [-0.516,  1.140,  1.066,  0.835], 
          [-0.536,  1.055,  0.852,  0.804], 
          [-0.136,  1.233,  1.293,  0.861], 
          [-0.072,  1.277,  1.068,  0.820], 
          [-0.008,  1.230,  0.866,  0.804], 
          [-0.272,  1.169,  0.792,  0.765], 
          [-0.366,  1.128,  0.798,  0.762], 
          [-0.409,  1.142,  0.440,  0.789], 
          [-0.471,  1.158,  0.096,  0.796], 
          [-0.180,  1.202,  0.784,  0.748], 
          [-0.191,  1.205,  0.443,  0.821], 
          [-0.171,  1.221,  0.092,  0.802], 
          [-0.262,  1.036,  1.519,  0.841], 
          [-0.191,  1.050,  1.523,  0.755], 
          [-0.326,  1.111,  1.510,  0.868], 
          [-0.169,  1.156,  1.516,  0.738], 
          [-0.050,  1.122,  0.049,  0.741], 
          [-0.052,  1.167,  0.054,  0.771], 
          [-0.196,  1.232,  0.050,  0.649], 
          [-0.462,  1.015,  0.052,  0.724], 
          [-0.491,  1.039,  0.051,  0.726], 
          [-0.486,  1.191,  0.048,  0.785]
        ]
    },
    {
        "id": 4,
        "keypoints3d": [
          [ 1.042, -1.324,  1.586,  0.871], 
          [ 1.128, -1.400,  1.390,  0.868], 
          [ 1.244, -1.293,  1.393,  0.853], 
          [ 1.146, -1.153,  1.190,  0.815], 
          [ 0.960, -1.334,  1.202,  0.789], 
          [ 0.985, -1.503,  1.384,  0.840], 
          [ 0.900, -1.435,  1.147,  0.867], 
          [ 1.065, -1.239,  1.184,  0.802], 
          [ 1.080, -1.344,  0.860,  0.771], 
          [ 1.145, -1.268,  0.868,  0.764], 
          [ 1.185, -1.307,  0.472,  0.807], 
          [ 1.240, -1.349,  0.082,  0.845], 
          [ 1.011, -1.418,  0.862,  0.757], 
          [ 1.037, -1.433,  0.469,  0.765], 
          [ 1.080, -1.477,  0.110,  0.839], 
          [ 1.077, -1.297,  1.615,  0.810], 
          [ 1.015, -1.360,  1.609,  0.870], 
          [ 1.164, -1.335,  1.603,  0.879], 
          [ 1.039, -1.430,  1.587,  0.828], 
          [ 0.984, -1.371,  0.059,  0.706], 
          [ 0.966, -1.437,  0.069,  0.717], 
          [ 1.114, -1.487,  0.061,  0.678], 
          [ 1.133, -1.251,  0.045,  0.691], 
          [ 1.197, -1.235,  0.034,  0.711], 
          [ 1.249, -1.385,  0.035,  0.662]
        ]
    },
    {
        "id": 6,
        "keypoints3d": [
          [-0.270,  0.097,  1.101,  0.739], 
          [-0.389,  0.011,  0.906,  0.862], 
          [-0.339, -0.146,  0.906,  0.816], 
          [-0.360, -0.315,  0.687,  0.786], 
          [-0.146, -0.228,  0.652,  0.799], 
          [-0.427,  0.177,  0.909,  0.812], 
          [-0.521,  0.335,  0.727,  0.764], 
          [-0.280,  0.337,  0.667,  0.744], 
          [-0.293,  0.046,  0.449,  0.699], 
          [-0.261, -0.056,  0.458,  0.692], 
          [ 0.187,  0.083,  0.546,  0.815], 
          [ 0.201, -0.055,  0.163,  0.729], 
          [-0.315,  0.156,  0.452,  0.688], 
          [ 0.131,  0.265,  0.554,  0.816], 
          [ 0.150,  0.192,  0.130,  0.671], 
          [-0.265,  0.049,  1.137,  0.764], 
          [-0.317,  0.095,  1.127,  0.867], 
          [-0.297, -0.032,  1.109,  0.895], 
          [-0.396,  0.075,  1.107,  0.829], 
          [ 0.358,  0.168,  0.086,  0.809], 
          [ 0.302,  0.217,  0.090,  0.817], 
          [ 0.106,  0.174,  0.079,  0.495], 
          [ 0.383, -0.004,  0.127,  0.734], 
          [ 0.343, -0.064,  0.118,  0.694], 
          [ 0.160, -0.077,  0.099,  0.665]
        ]
    }
]
