[
    {
        "id": 0,
        "keypoints3d": [
          [ 1.038, -1.317,  1.576,  0.885], 
          [ 1.131, -1.396,  1.388,  0.860], 
          [ 1.246, -1.285,  1.394,  0.814], 
          [ 1.142, -1.154,  1.183,  0.827], 
          [ 0.973, -1.349,  1.200,  0.818], 
          [ 0.993, -1.502,  1.382,  0.823], 
          [ 0.902, -1.431,  1.148,  0.858], 
          [ 1.063, -1.232,  1.181,  0.762], 
          [ 1.087, -1.351,  0.865,  0.722], 
          [ 1.148, -1.272,  0.872,  0.708], 
          [ 1.178, -1.302,  0.478,  0.763], 
          [ 1.238, -1.347,  0.091,  0.773], 
          [ 1.020, -1.426,  0.864,  0.705], 
          [ 1.038, -1.434,  0.474,  0.651], 
          [ 1.071, -1.466,  0.100,  0.841], 
          [ 1.076, -1.294,  1.619,  0.814], 
          [ 1.018, -1.358,  1.603,  0.874], 
          [ 1.173, -1.324,  1.606,  0.908], 
          [ 1.050, -1.449,  1.581,  0.855], 
          [ 0.969, -1.352,  0.061,  0.715], 
          [ 0.957, -1.430,  0.060,  0.717], 
          [ 1.105, -1.482,  0.049,  0.703], 
          [ 1.115, -1.247,  0.049,  0.729], 
          [ 1.182, -1.222,  0.047,  0.730], 
          [ 1.250, -1.386,  0.045,  0.670]
        ]
    },
    {
        "id": 2,
        "keypoints3d": [
          [-1.043, -1.168,  1.548,  0.859], 
          [-1.114, -1.290,  1.357,  0.862], 
          [-0.977, -1.358,  1.357,  0.875], 
          [-0.974, -1.433,  1.078,  0.750], 
          [-1.040, -1.431,  0.880,  0.734], 
          [-1.253, -1.212,  1.361,  0.849], 
          [-1.311, -1.255,  1.109,  0.814], 
          [-1.268, -1.319,  0.899,  0.675], 
          [-1.103, -1.275,  0.839,  0.737], 
          [-1.015, -1.323,  0.833,  0.742], 
          [-1.003, -1.343,  0.452,  0.763], 
          [-0.990, -1.396,  0.097,  0.847], 
          [-1.195, -1.234,  0.841,  0.721], 
          [-1.195, -1.257,  0.461,  0.755], 
          [-1.232, -1.299,  0.084,  0.855], 
          [-1.023, -1.203,  1.575,  0.852], 
          [-1.098, -1.180,  1.582,  0.841], 
          [-1.025, -1.299,  1.545,  0.759], 
          [-1.180, -1.219,  1.564,  0.856], 
          [-1.196, -1.143,  0.040,  0.771], 
          [-1.239, -1.163,  0.043,  0.793], 
          [-1.246, -1.331,  0.034,  0.722], 
          [-0.875, -1.301,  0.064,  0.750], 
          [-0.863, -1.336,  0.066,  0.740], 
          [-1.021, -1.417,  0.054,  0.799]
        ]
    },
    {
        "id": 4,
        "keypoints3d": [
          [-0.239,  1.047,  1.483,  0.819], 
          [-0.195,  1.177,  1.301,  0.880], 
          [-0.345,  1.141,  1.318,  0.873], 
          [-0.442,  1.160,  1.072,  0.804], 
          [-0.481,  1.094,  0.867,  0.837], 
          [-0.045,  1.214,  1.286,  0.844], 
          [ 0.005,  1.253,  1.047,  0.840], 
          [ 0.043,  1.187,  0.844,  0.848], 
          [-0.222,  1.161,  0.789,  0.783], 
          [-0.322,  1.130,  0.798,  0.759], 
          [-0.373,  1.112,  0.457,  0.790], 
          [-0.469,  1.148,  0.091,  0.837], 
          [-0.123,  1.186,  0.789,  0.768], 
          [-0.149,  1.211,  0.438,  0.801], 
          [-0.169,  1.216,  0.088,  0.857], 
          [-0.270,  1.078,  1.523,  0.805], 
          [-0.146,  1.055,  1.541,  0.901], 
          [-0.279,  1.141,  1.512,  0.813], 
          [-0.098,  1.142,  1.505,  0.795], 
          [-0.058,  1.129,  0.049,  0.719], 
          [-0.050,  1.166,  0.051,  0.747], 
          [-0.197,  1.231,  0.038,  0.754], 
          [-0.470,  1.006,  0.042,  0.713], 
          [-0.509,  1.033,  0.045,  0.719], 
          [-0.467,  1.188,  0.048,  0.813]
        ]
    },
    {
        "id": 6,
        "keypoints3d": [
          [-0.381,  0.240,  1.048,  0.860], 
          [-0.213,  0.102,  0.929,  0.871], 
          [-0.071,  0.186,  0.925,  0.803], 
          [ 0.102,  0.111,  0.720,  0.796], 
          [-0.035,  0.264,  0.642,  0.737], 
          [-0.342,  0.020,  0.940,  0.838], 
          [-0.441, -0.196,  0.784,  0.751], 
          [-0.523, -0.028,  0.656,  0.761], 
          [-0.219,  0.059,  0.464,  0.683], 
          [-0.119,  0.113,  0.457,  0.676], 
          [-0.403,  0.453,  0.510,  0.836], 
          [-0.309,  0.458,  0.096,  0.754], 
          [-0.327,  0.000,  0.474,  0.672], 
          [-0.614,  0.328,  0.550,  0.762], 
          [-0.449,  0.363,  0.116,  0.654], 
          [-0.350,  0.250,  1.072,  0.840], 
          [-0.376,  0.203,  1.081,  0.835], 
          [-0.257,  0.273,  1.076,  0.675], 
          [-0.314,  0.139,  1.105,  0.761], 
          [-0.630,  0.429,  0.104,  0.766], 
          [-0.614,  0.362,  0.098,  0.807], 
          [-0.389,  0.362,  0.055,  0.631], 
          [-0.457,  0.535,  0.061,  0.763], 
          [-0.395,  0.560,  0.063,  0.755], 
          [-0.271,  0.431,  0.048,  0.630]
        ]
    }
]
