[
    {
        "id": 0,
        "keypoints3d": [
          [-1.048, -1.118,  1.511,  0.849], 
          [-1.130, -1.261,  1.352,  0.871], 
          [-0.991, -1.357,  1.357,  0.857], 
          [-0.997, -1.441,  1.104,  0.772], 
          [-1.074, -1.438,  0.892,  0.597], 
          [-1.252, -1.167,  1.346,  0.852], 
          [-1.311, -1.208,  1.094,  0.797], 
          [-1.273, -1.321,  0.888,  0.652], 
          [-1.101, -1.289,  0.836,  0.760], 
          [-1.020, -1.336,  0.834,  0.760], 
          [-1.014, -1.358,  0.457,  0.782], 
          [-1.001, -1.389,  0.098,  0.777], 
          [-1.185, -1.238,  0.832,  0.731], 
          [-1.214, -1.272,  0.451,  0.832], 
          [-1.265, -1.302,  0.084,  0.817], 
          [-1.037, -1.144,  1.549,  0.838], 
          [-1.104, -1.126,  1.541,  0.876], 
          [-1.032, -1.246,  1.555,  0.818], 
          [-1.186, -1.160,  1.531,  0.886], 
          [-1.202, -1.153,  0.038,  0.733], 
          [-1.256, -1.162,  0.043,  0.743], 
          [-1.283, -1.340,  0.030,  0.645], 
          [-0.875, -1.298,  0.059,  0.743], 
          [-0.866, -1.340,  0.062,  0.725], 
          [-1.021, -1.412,  0.059,  0.776]
        ]
    },
    {
        "id": 2,
        "keypoints3d": [
          [-0.283,  1.024,  1.495,  0.874], 
          [-0.363,  1.180,  1.305,  0.880], 
          [-0.500,  1.133,  1.297,  0.844], 
          [-0.599,  1.145,  1.058,  0.832], 
          [-0.630,  1.076,  0.847,  0.875], 
          [-0.220,  1.226,  1.302,  0.841], 
          [-0.139,  1.279,  1.070,  0.835], 
          [-0.074,  1.223,  0.866,  0.854], 
          [-0.347,  1.168,  0.794,  0.778], 
          [-0.445,  1.134,  0.788,  0.758], 
          [-0.454,  1.150,  0.434,  0.773], 
          [-0.484,  1.156,  0.093,  0.836], 
          [-0.257,  1.200,  0.793,  0.753], 
          [-0.241,  1.215,  0.439,  0.761], 
          [-0.167,  1.225,  0.098,  0.857], 
          [-0.325,  1.021,  1.519,  0.881], 
          [-0.264,  1.065,  1.522,  0.898], 
          [-0.415,  1.097,  1.517,  0.791], 
          [-0.266,  1.165,  1.517,  0.786], 
          [-0.058,  1.120,  0.046,  0.745], 
          [-0.058,  1.169,  0.050,  0.777], 
          [-0.195,  1.237,  0.050,  0.770], 
          [-0.479,  1.008,  0.049,  0.687], 
          [-0.521,  1.036,  0.052,  0.739], 
          [-0.477,  1.186,  0.044,  0.783]
        ]
    },
    {
        "id": 4,
        "keypoints3d": [
          [ 1.053, -1.319,  1.586,  0.875], 
          [ 1.131, -1.395,  1.390,  0.878], 
          [ 1.249, -1.286,  1.390,  0.830], 
          [ 1.150, -1.170,  1.185,  0.768], 
          [ 0.959, -1.333,  1.206,  0.727], 
          [ 0.997, -1.505,  1.386,  0.857], 
          [ 0.905, -1.439,  1.151,  0.848], 
          [ 1.065, -1.243,  1.182,  0.787], 
          [ 1.085, -1.351,  0.862,  0.759], 
          [ 1.144, -1.272,  0.864,  0.722], 
          [ 1.180, -1.312,  0.465,  0.844], 
          [ 1.237, -1.350,  0.081,  0.747], 
          [ 1.015, -1.425,  0.864,  0.761], 
          [ 1.033, -1.439,  0.474,  0.719], 
          [ 1.079, -1.481,  0.106,  0.756], 
          [ 1.079, -1.307,  1.619,  0.818], 
          [ 1.025, -1.359,  1.609,  0.866], 
          [ 1.174, -1.325,  1.608,  0.874], 
          [ 1.058, -1.437,  1.584,  0.859], 
          [ 0.986, -1.371,  0.062,  0.713], 
          [ 0.966, -1.437,  0.068,  0.721], 
          [ 1.109, -1.492,  0.055,  0.700], 
          [ 1.130, -1.256,  0.045,  0.723], 
          [ 1.195, -1.234,  0.040,  0.727], 
          [ 1.253, -1.389,  0.042,  0.636]
        ]
    },
    {
        "id": 6,
        "keypoints3d": [
          [-0.138, -0.048,  1.052,  0.864], 
          [-0.295,  0.038,  0.927,  0.837], 
          [-0.378, -0.104,  0.919,  0.824], 
          [-0.550, -0.200,  0.728,  0.789], 
          [-0.329, -0.254,  0.628,  0.767], 
          [-0.212,  0.176,  0.939,  0.845], 
          [-0.220,  0.400,  0.786,  0.789], 
          [-0.106,  0.272,  0.660,  0.718], 
          [-0.281,  0.057,  0.446,  0.689], 
          [-0.339, -0.038,  0.446,  0.660], 
          [ 0.038, -0.313,  0.503,  0.605], 
          [-0.071, -0.338,  0.103,  0.690], 
          [-0.224,  0.155,  0.458,  0.678], 
          [ 0.199, -0.025,  0.516,  0.775], 
          [ 0.195, -0.017,  0.087,  0.718], 
          [-0.178, -0.081,  1.084,  0.831], 
          [-0.147, -0.021,  1.093,  0.897], 
          [-0.255, -0.110,  1.092,  0.818], 
          [-0.200,  0.053,  1.109,  0.767], 
          [ 0.370, -0.036,  0.070,  0.744], 
          [ 0.353,  0.017,  0.064,  0.771], 
          [ 0.140, -0.016,  0.021,  0.664], 
          [ 0.012, -0.491,  0.054,  0.776], 
          [-0.034, -0.492,  0.059,  0.799], 
          [-0.107, -0.319,  0.063,  0.638]
        ]
    }
]
