[
    {
        "id": 0,
        "keypoints3d": [
          [-1.095, -1.089,  1.501,  0.858], 
          [-1.186, -1.243,  1.345,  0.859], 
          [-1.061, -1.336,  1.356,  0.836], 
          [-1.051, -1.436,  1.101,  0.764], 
          [-1.133, -1.422,  0.876,  0.704], 
          [-1.309, -1.144,  1.333,  0.846], 
          [-1.356, -1.174,  1.083,  0.715], 
          [-1.321, -1.333,  0.877,  0.696], 
          [-1.152, -1.278,  0.825,  0.764], 
          [-1.063, -1.336,  0.832,  0.746], 
          [-1.035, -1.353,  0.459,  0.775], 
          [-1.003, -1.388,  0.100,  0.745], 
          [-1.236, -1.217,  0.819,  0.742], 
          [-1.251, -1.261,  0.446,  0.804], 
          [-1.273, -1.303,  0.079,  0.800], 
          [-1.088, -1.111,  1.530,  0.837], 
          [-1.152, -1.080,  1.531,  0.899], 
          [-1.094, -1.206,  1.543,  0.819], 
          [-1.239, -1.121,  1.518,  0.860], 
          [-1.205, -1.149,  0.035,  0.709], 
          [-1.257, -1.161,  0.042,  0.723], 
          [-1.276, -1.342,  0.025,  0.697], 
          [-0.894, -1.297,  0.063,  0.701], 
          [-0.889, -1.335,  0.066,  0.677], 
          [-1.020, -1.413,  0.054,  0.720]
        ]
    },
    {
        "id": 2,
        "keypoints3d": [
          [-0.328,  1.020,  1.494,  0.852], 
          [-0.416,  1.173,  1.299,  0.876], 
          [-0.548,  1.128,  1.292,  0.852], 
          [-0.634,  1.139,  1.043,  0.778], 
          [-0.676,  1.072,  0.826,  0.772], 
          [-0.273,  1.219,  1.305,  0.838], 
          [-0.201,  1.257,  1.070,  0.826], 
          [-0.131,  1.208,  0.863,  0.876], 
          [-0.384,  1.150,  0.781,  0.771], 
          [-0.482,  1.127,  0.785,  0.768], 
          [-0.472,  1.149,  0.428,  0.813], 
          [-0.485,  1.153,  0.083,  0.837], 
          [-0.286,  1.179,  0.782,  0.747], 
          [-0.231,  1.189,  0.447,  0.765], 
          [-0.169,  1.218,  0.099,  0.793], 
          [-0.374,  1.022,  1.519,  0.875], 
          [-0.313,  1.065,  1.517,  0.892], 
          [-0.461,  1.074,  1.515,  0.835], 
          [-0.320,  1.160,  1.506,  0.811], 
          [-0.061,  1.120,  0.046,  0.741], 
          [-0.058,  1.166,  0.054,  0.772], 
          [-0.195,  1.236,  0.053,  0.764], 
          [-0.474,  1.008,  0.046,  0.719], 
          [-0.514,  1.035,  0.044,  0.711], 
          [-0.476,  1.189,  0.039,  0.785]
        ]
    },
    {
        "id": 4,
        "keypoints3d": [
          [ 1.058, -1.318,  1.592,  0.884], 
          [ 1.135, -1.390,  1.390,  0.875], 
          [ 1.248, -1.279,  1.394,  0.826], 
          [ 1.143, -1.158,  1.193,  0.777], 
          [ 0.965, -1.337,  1.205,  0.793], 
          [ 1.002, -1.502,  1.387,  0.856], 
          [ 0.904, -1.435,  1.150,  0.852], 
          [ 1.066, -1.232,  1.187,  0.792], 
          [ 1.087, -1.352,  0.862,  0.762], 
          [ 1.145, -1.272,  0.868,  0.725], 
          [ 1.181, -1.310,  0.469,  0.844], 
          [ 1.240, -1.355,  0.089,  0.710], 
          [ 1.019, -1.426,  0.866,  0.763], 
          [ 1.035, -1.436,  0.476,  0.739], 
          [ 1.079, -1.477,  0.107,  0.843], 
          [ 1.082, -1.302,  1.622,  0.941], 
          [ 1.025, -1.364,  1.622,  0.879], 
          [ 1.177, -1.317,  1.608,  0.880], 
          [ 1.061, -1.436,  1.586,  0.865], 
          [ 0.983, -1.368,  0.061,  0.718], 
          [ 0.966, -1.435,  0.067,  0.725], 
          [ 1.116, -1.492,  0.056,  0.697], 
          [ 1.131, -1.255,  0.044,  0.720], 
          [ 1.197, -1.234,  0.043,  0.723], 
          [ 1.256, -1.396,  0.046,  0.680]
        ]
    },
    {
        "id": 6,
        "keypoints3d": [
          [-0.091, -0.155,  1.030,  0.770], 
          [-0.262, -0.012,  0.920,  0.858], 
          [-0.370, -0.123,  0.913,  0.820], 
          [-0.580, -0.148,  0.762,  0.787], 
          [-0.403, -0.230,  0.639,  0.792], 
          [-0.149,  0.097,  0.924,  0.833], 
          [-0.138,  0.336,  0.802,  0.768], 
          [-0.051,  0.225,  0.663,  0.794], 
          [-0.267,  0.054,  0.449,  0.709], 
          [-0.351, -0.018,  0.444,  0.674], 
          [-0.043, -0.358,  0.461,  0.663], 
          [-0.115, -0.368,  0.075,  0.653], 
          [-0.196,  0.141,  0.459,  0.674], 
          [ 0.190, -0.131,  0.522,  0.828], 
          [ 0.195, -0.005,  0.084,  0.753], 
          [-0.139, -0.208,  1.084,  0.725], 
          [-0.088, -0.144,  1.070,  0.812], 
          [-0.219, -0.182,  1.063,  0.811], 
          [-0.127, -0.044,  1.088,  0.856], 
          [ 0.361, -0.113,  0.055,  0.818], 
          [ 0.363, -0.049,  0.048,  0.818], 
          [ 0.163,  0.022,  0.027,  0.638], 
          [ 0.006, -0.498,  0.041,  0.776], 
          [-0.041, -0.508,  0.050,  0.785], 
          [-0.153, -0.334,  0.035,  0.707]
        ]
    }
]
