[
    {
        "id": 0,
        "keypoints3d": [
          [-0.211,  1.012,  1.487,  0.897], 
          [-0.255,  1.185,  1.300,  0.881], 
          [-0.399,  1.127,  1.308,  0.846], 
          [-0.487,  1.141,  1.066,  0.736], 
          [-0.504,  1.070,  0.856,  0.753], 
          [-0.118,  1.230,  1.292,  0.835], 
          [-0.049,  1.270,  1.052,  0.831], 
          [ 0.004,  1.206,  0.848,  0.872], 
          [-0.256,  1.166,  0.790,  0.768], 
          [-0.354,  1.130,  0.798,  0.758], 
          [-0.388,  1.143,  0.442,  0.815], 
          [-0.471,  1.154,  0.087,  0.784], 
          [-0.162,  1.199,  0.782,  0.757], 
          [-0.183,  1.203,  0.435,  0.834], 
          [-0.168,  1.223,  0.090,  0.815], 
          [-0.253,  1.039,  1.513,  0.904], 
          [-0.177,  1.052,  1.520,  0.876], 
          [-0.314,  1.111,  1.516,  0.885], 
          [-0.144,  1.152,  1.519,  0.830], 
          [-0.054,  1.123,  0.044,  0.683], 
          [-0.053,  1.168,  0.050,  0.711], 
          [-0.191,  1.235,  0.046,  0.657], 
          [-0.464,  1.013,  0.051,  0.724], 
          [-0.500,  1.040,  0.051,  0.721], 
          [-0.482,  1.188,  0.043,  0.792]
        ]
    },
    {
        "id": 2,
        "keypoints3d": [
          [-0.903, -1.218,  1.530,  0.823], 
          [-0.983, -1.339,  1.345,  0.865], 
          [-0.852, -1.409,  1.339,  0.848], 
          [-0.863, -1.506,  1.079,  0.816], 
          [-0.903, -1.508,  0.898,  0.694], 
          [-1.123, -1.250,  1.356,  0.845], 
          [-1.172, -1.316,  1.088,  0.783], 
          [-1.131, -1.387,  0.870,  0.679], 
          [-0.978, -1.338,  0.822,  0.755], 
          [-0.904, -1.392,  0.817,  0.749], 
          [-0.928, -1.394,  0.442,  0.828], 
          [-0.980, -1.399,  0.089,  0.840], 
          [-1.053, -1.275,  0.836,  0.733], 
          [-1.014, -1.198,  0.483,  0.794], 
          [-1.071, -1.280,  0.114,  0.845], 
          [-0.876, -1.246,  1.554,  0.830], 
          [-0.943, -1.222,  1.560,  0.824], 
          [-0.880, -1.348,  1.535,  0.700], 
          [-1.035, -1.272,  1.551,  0.874], 
          [-1.032, -1.162,  0.054,  0.681], 
          [-1.079, -1.168,  0.064,  0.716], 
          [-1.087, -1.330,  0.069,  0.703], 
          [-0.876, -1.289,  0.063,  0.698], 
          [-0.859, -1.339,  0.060,  0.684], 
          [-1.024, -1.418,  0.054,  0.647]
        ]
    },
    {
        "id": 4,
        "keypoints3d": [
          [ 1.044, -1.327,  1.592,  0.875], 
          [ 1.126, -1.400,  1.392,  0.884], 
          [ 1.239, -1.288,  1.395,  0.865], 
          [ 1.141, -1.167,  1.191,  0.790], 
          [ 0.969, -1.357,  1.193,  0.782], 
          [ 0.983, -1.503,  1.380,  0.886], 
          [ 0.897, -1.436,  1.147,  0.875], 
          [ 1.065, -1.242,  1.181,  0.787], 
          [ 1.081, -1.349,  0.863,  0.818], 
          [ 1.141, -1.264,  0.869,  0.791], 
          [ 1.182, -1.310,  0.476,  0.858], 
          [ 1.238, -1.353,  0.091,  0.854], 
          [ 1.013, -1.425,  0.865,  0.813], 
          [ 1.035, -1.436,  0.480,  0.834], 
          [ 1.079, -1.477,  0.113,  0.834], 
          [ 1.078, -1.304,  1.621,  0.942], 
          [ 1.008, -1.352,  1.612,  0.885], 
          [ 1.166, -1.342,  1.607,  0.763], 
          [ 1.018, -1.439,  1.595,  0.825], 
          [ 0.987, -1.376,  0.061,  0.712], 
          [ 0.965, -1.437,  0.069,  0.729], 
          [ 1.110, -1.493,  0.059,  0.674], 
          [ 1.138, -1.259,  0.044,  0.694], 
          [ 1.198, -1.240,  0.044,  0.702], 
          [ 1.243, -1.391,  0.041,  0.671]
        ]
    },
    {
        "id": 6,
        "keypoints3d": [
          [-0.264,  0.106,  1.102,  0.771], 
          [-0.310, -0.050,  0.913,  0.839], 
          [-0.192, -0.152,  0.909,  0.801], 
          [-0.105, -0.289,  0.697,  0.731], 
          [ 0.016, -0.114,  0.653,  0.796], 
          [-0.412,  0.057,  0.925,  0.817], 
          [-0.599,  0.135,  0.731,  0.840], 
          [-0.412,  0.253,  0.652,  0.752], 
          [-0.284,  0.031,  0.475,  0.663], 
          [-0.203, -0.036,  0.480,  0.615], 
          [ 0.088,  0.325,  0.555,  0.839], 
          [ 0.069,  0.241,  0.129,  0.796], 
          [-0.349,  0.100,  0.487,  0.647], 
          [-0.080,  0.446,  0.548,  0.762], 
          [-0.053,  0.371,  0.140,  0.849], 
          [-0.231,  0.103,  1.145,  0.778], 
          [-0.292,  0.075,  1.124,  0.807], 
          [-0.206,  0.015,  1.129,  0.827], 
          [-0.305,  0.000,  1.109,  0.665], 
          [-0.001,  0.516,  0.087,  0.826], 
          [-0.061,  0.515,  0.092,  0.826], 
          [-0.072,  0.313,  0.081,  0.732], 
          [ 0.141,  0.377,  0.108,  0.707], 
          [ 0.158,  0.324,  0.094,  0.722], 
          [ 0.045,  0.190,  0.079,  0.762]
        ]
    }
]
