[
    {
        "id": 0,
        "keypoints3d": [
          [-0.212,  1.009,  1.488,  0.899], 
          [-0.261,  1.188,  1.301,  0.890], 
          [-0.406,  1.127,  1.307,  0.858], 
          [-0.499,  1.145,  1.065,  0.800], 
          [-0.512,  1.061,  0.856,  0.796], 
          [-0.120,  1.232,  1.292,  0.846], 
          [-0.053,  1.277,  1.057,  0.833], 
          [ 0.001,  1.228,  0.840,  0.856], 
          [-0.256,  1.167,  0.790,  0.766], 
          [-0.353,  1.128,  0.797,  0.761], 
          [-0.395,  1.141,  0.440,  0.801], 
          [-0.469,  1.155,  0.095,  0.786], 
          [-0.165,  1.199,  0.781,  0.759], 
          [-0.185,  1.205,  0.440,  0.827], 
          [-0.170,  1.228,  0.104,  0.819], 
          [-0.253,  1.040,  1.513,  0.820], 
          [-0.177,  1.052,  1.521,  0.769], 
          [-0.318,  1.111,  1.514,  0.882], 
          [-0.151,  1.160,  1.520,  0.814], 
          [-0.052,  1.128,  0.048,  0.746], 
          [-0.054,  1.168,  0.050,  0.774], 
          [-0.193,  1.233,  0.055,  0.669], 
          [-0.456,  1.022,  0.047,  0.709], 
          [-0.492,  1.047,  0.048,  0.714], 
          [-0.483,  1.184,  0.046,  0.784]
        ]
    },
    {
        "id": 2,
        "keypoints3d": [
          [-0.915, -1.210,  1.524,  0.835], 
          [-0.992, -1.331,  1.350,  0.873], 
          [-0.861, -1.405,  1.343,  0.852], 
          [-0.867, -1.504,  1.088,  0.796], 
          [-0.904, -1.516,  0.906,  0.808], 
          [-1.134, -1.245,  1.355,  0.841], 
          [-1.176, -1.311,  1.083,  0.781], 
          [-1.136, -1.380,  0.855,  0.693], 
          [-0.976, -1.335,  0.818,  0.758], 
          [-0.898, -1.397,  0.814,  0.757], 
          [-0.926, -1.398,  0.438,  0.780], 
          [-0.979, -1.395,  0.089,  0.839], 
          [-1.048, -1.265,  0.831,  0.729], 
          [-1.010, -1.224,  0.470,  0.777], 
          [-1.074, -1.289,  0.111,  0.865], 
          [-0.896, -1.236,  1.549,  0.834], 
          [-0.966, -1.205,  1.555,  0.855], 
          [-0.907, -1.335,  1.534,  0.743], 
          [-1.043, -1.265,  1.548,  0.881], 
          [-1.027, -1.159,  0.058,  0.720], 
          [-1.086, -1.159,  0.062,  0.749], 
          [-1.089, -1.332,  0.063,  0.716], 
          [-0.868, -1.303,  0.058,  0.734], 
          [-0.860, -1.351,  0.056,  0.722], 
          [-1.016, -1.410,  0.049,  0.611]
        ]
    },
    {
        "id": 4,
        "keypoints3d": [
          [-0.290,  0.095,  1.099,  0.845], 
          [-0.369, -0.028,  0.920,  0.845], 
          [-0.287, -0.174,  0.909,  0.798], 
          [-0.218, -0.317,  0.698,  0.782], 
          [-0.061, -0.174,  0.644,  0.863], 
          [-0.445,  0.111,  0.926,  0.839], 
          [-0.585,  0.245,  0.719,  0.820], 
          [-0.360,  0.293,  0.657,  0.798], 
          [-0.290,  0.041,  0.464,  0.698], 
          [-0.233, -0.056,  0.476,  0.677], 
          [ 0.158,  0.178,  0.541,  0.788], 
          [ 0.157,  0.091,  0.131,  0.776], 
          [-0.340,  0.139,  0.470,  0.683], 
          [ 0.061,  0.342,  0.543,  0.801], 
          [ 0.063,  0.274,  0.126,  0.761], 
          [-0.274,  0.070,  1.140,  0.861], 
          [-0.332,  0.087,  1.127,  0.846], 
          [-0.264, -0.032,  1.119,  0.849], 
          [-0.398,  0.040,  1.117,  0.871], 
          [ 0.181,  0.389,  0.073,  0.778], 
          [ 0.134,  0.399,  0.065,  0.781], 
          [ 0.049,  0.230,  0.072,  0.599], 
          [ 0.289,  0.195,  0.106,  0.807], 
          [ 0.278,  0.134,  0.096,  0.813], 
          [ 0.120,  0.072,  0.093,  0.669]
        ]
    },
    {
        "id": 6,
        "keypoints3d": [
          [ 1.038, -1.321,  1.583,  0.875], 
          [ 1.127, -1.401,  1.390,  0.866], 
          [ 1.242, -1.293,  1.396,  0.853], 
          [ 1.146, -1.160,  1.190,  0.805], 
          [ 0.959, -1.335,  1.201,  0.801], 
          [ 0.979, -1.500,  1.385,  0.842], 
          [ 0.898, -1.432,  1.146,  0.866], 
          [ 1.069, -1.242,  1.181,  0.789], 
          [ 1.080, -1.343,  0.864,  0.770], 
          [ 1.145, -1.268,  0.870,  0.764], 
          [ 1.185, -1.307,  0.472,  0.807], 
          [ 1.245, -1.349,  0.088,  0.857], 
          [ 1.013, -1.419,  0.861,  0.753], 
          [ 1.040, -1.435,  0.472,  0.766], 
          [ 1.078, -1.478,  0.109,  0.850], 
          [ 1.076, -1.297,  1.616,  0.822], 
          [ 1.015, -1.360,  1.609,  0.877], 
          [ 1.164, -1.338,  1.602,  0.890], 
          [ 1.039, -1.431,  1.581,  0.837], 
          [ 0.992, -1.372,  0.058,  0.646], 
          [ 0.971, -1.432,  0.074,  0.657], 
          [ 1.112, -1.486,  0.060,  0.681], 
          [ 1.130, -1.258,  0.047,  0.686], 
          [ 1.193, -1.238,  0.038,  0.692], 
          [ 1.249, -1.388,  0.033,  0.679]
        ]
    }
]
