[
    {
        "id": 0,
        "keypoints3d": [
          [-0.295,  1.022,  1.494,  0.878], 
          [-0.373,  1.180,  1.305,  0.890], 
          [-0.511,  1.127,  1.295,  0.853], 
          [-0.603,  1.145,  1.053,  0.834], 
          [-0.634,  1.076,  0.839,  0.857], 
          [-0.231,  1.225,  1.303,  0.840], 
          [-0.153,  1.277,  1.065,  0.833], 
          [-0.088,  1.218,  0.865,  0.853], 
          [-0.351,  1.164,  0.785,  0.769], 
          [-0.453,  1.128,  0.785,  0.760], 
          [-0.459,  1.146,  0.432,  0.838], 
          [-0.486,  1.155,  0.091,  0.839], 
          [-0.262,  1.199,  0.791,  0.743], 
          [-0.246,  1.214,  0.439,  0.740], 
          [-0.168,  1.220,  0.099,  0.787], 
          [-0.339,  1.022,  1.518,  0.894], 
          [-0.272,  1.071,  1.519,  0.793], 
          [-0.423,  1.097,  1.509,  0.802], 
          [-0.279,  1.174,  1.514,  0.863], 
          [-0.060,  1.119,  0.043,  0.751], 
          [-0.060,  1.166,  0.049,  0.780], 
          [-0.189,  1.236,  0.055,  0.769], 
          [-0.476,  1.007,  0.049,  0.693], 
          [-0.515,  1.033,  0.047,  0.678], 
          [-0.480,  1.186,  0.043,  0.787]
        ]
    },
    {
        "id": 2,
        "keypoints3d": [
          [-1.062, -1.117,  1.507,  0.842], 
          [-1.143, -1.258,  1.354,  0.868], 
          [-1.009, -1.355,  1.360,  0.839], 
          [-1.007, -1.443,  1.104,  0.770], 
          [-1.076, -1.441,  0.901,  0.619], 
          [-1.266, -1.163,  1.344,  0.837], 
          [-1.326, -1.197,  1.097,  0.730], 
          [-1.270, -1.328,  0.889,  0.614], 
          [-1.112, -1.283,  0.835,  0.754], 
          [-1.031, -1.330,  0.835,  0.760], 
          [-1.022, -1.354,  0.454,  0.802], 
          [-1.004, -1.384,  0.095,  0.777], 
          [-1.199, -1.232,  0.833,  0.726], 
          [-1.217, -1.272,  0.457,  0.827], 
          [-1.264, -1.303,  0.085,  0.807], 
          [-1.044, -1.138,  1.539,  0.808], 
          [-1.110, -1.120,  1.530,  0.893], 
          [-1.039, -1.237,  1.555,  0.855], 
          [-1.197, -1.152,  1.528,  0.889], 
          [-1.202, -1.154,  0.038,  0.723], 
          [-1.254, -1.165,  0.043,  0.740], 
          [-1.280, -1.342,  0.028,  0.703], 
          [-0.878, -1.296,  0.061,  0.732], 
          [-0.868, -1.334,  0.064,  0.716], 
          [-1.023, -1.410,  0.055,  0.782]
        ]
    },
    {
        "id": 4,
        "keypoints3d": [
          [ 1.053, -1.318,  1.586,  0.873], 
          [ 1.131, -1.395,  1.390,  0.875], 
          [ 1.248, -1.285,  1.393,  0.827], 
          [ 1.144, -1.169,  1.190,  0.723], 
          [ 0.959, -1.325,  1.208,  0.730], 
          [ 0.996, -1.501,  1.385,  0.855], 
          [ 0.908, -1.437,  1.149,  0.852], 
          [ 1.061, -1.244,  1.183,  0.786], 
          [ 1.085, -1.351,  0.862,  0.761], 
          [ 1.146, -1.271,  0.865,  0.721], 
          [ 1.183, -1.311,  0.472,  0.848], 
          [ 1.237, -1.353,  0.085,  0.733], 
          [ 1.019, -1.427,  0.863,  0.762], 
          [ 1.038, -1.437,  0.476,  0.732], 
          [ 1.081, -1.480,  0.107,  0.845], 
          [ 1.079, -1.308,  1.615,  0.809], 
          [ 1.027, -1.359,  1.609,  0.869], 
          [ 1.174, -1.325,  1.608,  0.869], 
          [ 1.059, -1.436,  1.584,  0.866], 
          [ 0.985, -1.371,  0.062,  0.714], 
          [ 0.967, -1.438,  0.067,  0.721], 
          [ 1.115, -1.492,  0.051,  0.700], 
          [ 1.130, -1.255,  0.041,  0.725], 
          [ 1.196, -1.233,  0.037,  0.731], 
          [ 1.254, -1.390,  0.042,  0.625]
        ]
    },
    {
        "id": 6,
        "keypoints3d": [
          [-0.134, -0.084,  1.045,  0.772], 
          [-0.293,  0.032,  0.925,  0.856], 
          [-0.383, -0.103,  0.915,  0.825], 
          [-0.559, -0.186,  0.736,  0.748], 
          [-0.346, -0.241,  0.636,  0.678], 
          [-0.204,  0.165,  0.940,  0.842], 
          [-0.190,  0.387,  0.788,  0.805], 
          [-0.092,  0.261,  0.671,  0.820], 
          [-0.283,  0.059,  0.443,  0.698], 
          [-0.338, -0.038,  0.445,  0.676], 
          [ 0.005, -0.323,  0.483,  0.657], 
          [-0.100, -0.343,  0.075,  0.738], 
          [-0.215,  0.161,  0.448,  0.692], 
          [ 0.194, -0.056,  0.522,  0.795], 
          [ 0.209, -0.012,  0.102,  0.806], 
          [-0.152, -0.107,  1.078,  0.734], 
          [-0.115, -0.051,  1.090,  0.847], 
          [-0.253, -0.118,  1.089,  0.794], 
          [-0.186,  0.036,  1.100,  0.799], 
          [ 0.372, -0.056,  0.060,  0.748], 
          [ 0.360, -0.000,  0.054,  0.776], 
          [ 0.157, -0.001,  0.043,  0.734], 
          [ 0.011, -0.493,  0.051,  0.775], 
          [-0.043, -0.497,  0.062,  0.793], 
          [-0.129, -0.333,  0.041,  0.711]
        ]
    }
]
