[
    {
        "id": 0,
        "keypoints3d": [
          [-0.212,  1.012,  1.490,  0.897], 
          [-0.264,  1.190,  1.302,  0.894], 
          [-0.408,  1.128,  1.308,  0.863], 
          [-0.497,  1.143,  1.063,  0.809], 
          [-0.518,  1.062,  0.855,  0.806], 
          [-0.122,  1.236,  1.290,  0.851], 
          [-0.062,  1.281,  1.059,  0.832], 
          [ 0.001,  1.231,  0.838,  0.850], 
          [-0.260,  1.169,  0.793,  0.773], 
          [-0.352,  1.129,  0.797,  0.767], 
          [-0.400,  1.141,  0.440,  0.800], 
          [-0.464,  1.157,  0.096,  0.798], 
          [-0.170,  1.202,  0.786,  0.758], 
          [-0.187,  1.205,  0.437,  0.831], 
          [-0.171,  1.225,  0.102,  0.820], 
          [-0.254,  1.039,  1.513,  0.839], 
          [-0.178,  1.052,  1.522,  0.765], 
          [-0.322,  1.112,  1.514,  0.888], 
          [-0.154,  1.157,  1.521,  0.811], 
          [-0.060,  1.125,  0.041,  0.743], 
          [-0.056,  1.168,  0.050,  0.776], 
          [-0.195,  1.233,  0.055,  0.672], 
          [-0.460,  1.020,  0.047,  0.708], 
          [-0.491,  1.046,  0.049,  0.714], 
          [-0.472,  1.188,  0.051,  0.734]
        ]
    },
    {
        "id": 2,
        "keypoints3d": [
          [-0.922, -1.207,  1.523,  0.822], 
          [-1.000, -1.327,  1.347,  0.869], 
          [-0.866, -1.405,  1.344,  0.859], 
          [-0.871, -1.504,  1.086,  0.801], 
          [-0.908, -1.514,  0.903,  0.812], 
          [-1.141, -1.242,  1.351,  0.846], 
          [-1.181, -1.309,  1.081,  0.773], 
          [-1.132, -1.387,  0.863,  0.710], 
          [-0.976, -1.334,  0.818,  0.759], 
          [-0.899, -1.392,  0.816,  0.762], 
          [-0.928, -1.393,  0.438,  0.762], 
          [-0.979, -1.398,  0.087,  0.828], 
          [-1.047, -1.265,  0.828,  0.734], 
          [-1.016, -1.211,  0.472,  0.790], 
          [-1.097, -1.286,  0.114,  0.857], 
          [-0.905, -1.230,  1.545,  0.826], 
          [-0.972, -1.198,  1.553,  0.875], 
          [-0.913, -1.331,  1.533,  0.752], 
          [-1.048, -1.262,  1.546,  0.884], 
          [-1.051, -1.153,  0.060,  0.688], 
          [-1.109, -1.156,  0.066,  0.715], 
          [-1.123, -1.323,  0.069,  0.716], 
          [-0.870, -1.301,  0.060,  0.702], 
          [-0.860, -1.348,  0.053,  0.679], 
          [-1.021, -1.415,  0.050,  0.635]
        ]
    },
    {
        "id": 4,
        "keypoints3d": [
          [ 1.038, -1.321,  1.585,  0.878], 
          [ 1.127, -1.401,  1.390,  0.864], 
          [ 1.242, -1.293,  1.396,  0.853], 
          [ 1.143, -1.162,  1.190,  0.797], 
          [ 0.962, -1.339,  1.202,  0.795], 
          [ 0.980, -1.502,  1.385,  0.841], 
          [ 0.898, -1.432,  1.146,  0.865], 
          [ 1.069, -1.242,  1.181,  0.791], 
          [ 1.080, -1.345,  0.862,  0.770], 
          [ 1.145, -1.268,  0.868,  0.764], 
          [ 1.186, -1.307,  0.475,  0.808], 
          [ 1.246, -1.350,  0.091,  0.855], 
          [ 1.010, -1.418,  0.862,  0.754], 
          [ 1.039, -1.436,  0.471,  0.766], 
          [ 1.078, -1.478,  0.106,  0.850], 
          [ 1.076, -1.297,  1.616,  0.821], 
          [ 1.011, -1.360,  1.613,  0.877], 
          [ 1.164, -1.340,  1.603,  0.791], 
          [ 1.039, -1.431,  1.581,  0.838], 
          [ 0.992, -1.371,  0.058,  0.657], 
          [ 0.973, -1.430,  0.072,  0.668], 
          [ 1.111, -1.484,  0.061,  0.686], 
          [ 1.135, -1.251,  0.048,  0.696], 
          [ 1.194, -1.234,  0.048,  0.701], 
          [ 1.250, -1.387,  0.038,  0.672]
        ]
    },
    {
        "id": 6,
        "keypoints3d": [
          [-0.292,  0.092,  1.098,  0.776], 
          [-0.378, -0.020,  0.917,  0.848], 
          [-0.311, -0.173,  0.903,  0.817], 
          [-0.272, -0.324,  0.706,  0.786], 
          [-0.069, -0.182,  0.649,  0.835], 
          [-0.439,  0.123,  0.925,  0.825], 
          [-0.573,  0.265,  0.721,  0.774], 
          [-0.345,  0.302,  0.656,  0.760], 
          [-0.281,  0.039,  0.460,  0.676], 
          [-0.245, -0.067,  0.456,  0.653], 
          [ 0.174,  0.145,  0.539,  0.760], 
          [ 0.170,  0.052,  0.145,  0.763], 
          [-0.314,  0.147,  0.466,  0.679], 
          [ 0.087,  0.323,  0.558,  0.827], 
          [ 0.084,  0.262,  0.134,  0.765], 
          [-0.275,  0.067,  1.142,  0.847], 
          [-0.338,  0.092,  1.130,  0.809], 
          [-0.271, -0.028,  1.118,  0.822], 
          [-0.402,  0.049,  1.116,  0.860], 
          [ 0.211,  0.337,  0.065,  0.753], 
          [ 0.177,  0.369,  0.074,  0.758], 
          [ 0.074,  0.226,  0.087,  0.589], 
          [ 0.313,  0.151,  0.112,  0.772], 
          [ 0.308,  0.076,  0.110,  0.767], 
          [ 0.134,  0.031,  0.087,  0.648]
        ]
    }
]
