[
    {
        "id": 0,
        "keypoints3d": [
          [-0.238,  1.016,  1.489,  0.860], 
          [-0.296,  1.181,  1.302,  0.879], 
          [-0.433,  1.130,  1.302,  0.861], 
          [-0.535,  1.139,  1.062,  0.807], 
          [-0.577,  1.070,  0.851,  0.810], 
          [-0.159,  1.239,  1.297,  0.847], 
          [-0.089,  1.283,  1.064,  0.833], 
          [-0.014,  1.233,  0.854,  0.849], 
          [-0.302,  1.170,  0.791,  0.769], 
          [-0.396,  1.132,  0.793,  0.759], 
          [-0.415,  1.142,  0.441,  0.797], 
          [-0.473,  1.153,  0.091,  0.781], 
          [-0.200,  1.202,  0.788,  0.743], 
          [-0.205,  1.210,  0.438,  0.795], 
          [-0.170,  1.228,  0.104,  0.778], 
          [-0.275,  1.033,  1.518,  0.774], 
          [-0.220,  1.057,  1.523,  0.800], 
          [-0.346,  1.104,  1.515,  0.859], 
          [-0.203,  1.154,  1.523,  0.771], 
          [-0.057,  1.125,  0.044,  0.734], 
          [-0.055,  1.169,  0.054,  0.703], 
          [-0.191,  1.235,  0.057,  0.680], 
          [-0.478,  1.010,  0.041,  0.667], 
          [-0.507,  1.029,  0.046,  0.673], 
          [-0.477,  1.190,  0.048,  0.729]
        ]
    },
    {
        "id": 2,
        "keypoints3d": [
          [-0.977, -1.175,  1.517,  0.824], 
          [-1.058, -1.297,  1.350,  0.875], 
          [-0.925, -1.394,  1.347,  0.830], 
          [-0.931, -1.470,  1.088,  0.756], 
          [-0.940, -1.487,  0.929,  0.791], 
          [-1.190, -1.203,  1.350,  0.852], 
          [-1.245, -1.228,  1.091,  0.766], 
          [-1.165, -1.377,  0.879,  0.663], 
          [-1.024, -1.308,  0.831,  0.761], 
          [-0.938, -1.356,  0.824,  0.746], 
          [-0.951, -1.381,  0.447,  0.763], 
          [-0.978, -1.399,  0.094,  0.797], 
          [-1.107, -1.252,  0.835,  0.740], 
          [-1.116, -1.253,  0.467,  0.787], 
          [-1.244, -1.305,  0.087,  0.837], 
          [-0.959, -1.198,  1.552,  0.805], 
          [-1.025, -1.173,  1.554,  0.841], 
          [-0.952, -1.302,  1.537,  0.741], 
          [-1.103, -1.218,  1.542,  0.858], 
          [-1.202, -1.156,  0.037,  0.745], 
          [-1.254, -1.173,  0.043,  0.766], 
          [-1.284, -1.354,  0.048,  0.709], 
          [-0.871, -1.302,  0.053,  0.758], 
          [-0.862, -1.345,  0.060,  0.726], 
          [-1.026, -1.411,  0.059,  0.776]
        ]
    },
    {
        "id": 4,
        "keypoints3d": [
          [ 1.044, -1.315,  1.582,  0.862], 
          [ 1.130, -1.400,  1.387,  0.855], 
          [ 1.247, -1.295,  1.392,  0.821], 
          [ 1.140, -1.155,  1.190,  0.789], 
          [ 0.959, -1.341,  1.198,  0.761], 
          [ 0.994, -1.503,  1.384,  0.821], 
          [ 0.902, -1.431,  1.150,  0.850], 
          [ 1.057, -1.228,  1.189,  0.780], 
          [ 1.085, -1.347,  0.862,  0.730], 
          [ 1.146, -1.274,  0.867,  0.709], 
          [ 1.184, -1.309,  0.477,  0.801], 
          [ 1.243, -1.350,  0.088,  0.762], 
          [ 1.016, -1.420,  0.863,  0.729], 
          [ 1.045, -1.434,  0.480,  0.704], 
          [ 1.082, -1.478,  0.113,  0.792], 
          [ 1.077, -1.296,  1.615,  0.816], 
          [ 1.019, -1.368,  1.606,  0.870], 
          [ 1.167, -1.330,  1.605,  0.879], 
          [ 1.060, -1.438,  1.586,  0.838], 
          [ 0.983, -1.377,  0.062,  0.715], 
          [ 0.967, -1.436,  0.070,  0.723], 
          [ 1.109, -1.485,  0.059,  0.699], 
          [ 1.132, -1.255,  0.045,  0.657], 
          [ 1.196, -1.235,  0.034,  0.687], 
          [ 1.255, -1.384,  0.045,  0.646]
        ]
    },
    {
        "id": 6,
        "keypoints3d": [
          [-0.214,  0.071,  1.082,  0.785], 
          [-0.366,  0.048,  0.910,  0.862], 
          [-0.373, -0.116,  0.915,  0.847], 
          [-0.448, -0.270,  0.703,  0.755], 
          [-0.206, -0.245,  0.654,  0.787], 
          [-0.350,  0.200,  0.913,  0.804], 
          [-0.422,  0.412,  0.744,  0.865], 
          [-0.212,  0.344,  0.659,  0.774], 
          [-0.295,  0.063,  0.466,  0.712], 
          [-0.299, -0.051,  0.470,  0.692], 
          [ 0.161, -0.071,  0.532,  0.842], 
          [ 0.099, -0.218,  0.128,  0.732], 
          [-0.281,  0.175,  0.476,  0.688], 
          [ 0.184,  0.141,  0.528,  0.802], 
          [ 0.223,  0.025,  0.119,  0.783], 
          [-0.222,  0.031,  1.120,  0.863], 
          [-0.253,  0.104,  1.117,  0.824], 
          [-0.289, -0.029,  1.098,  0.865], 
          [-0.341,  0.114,  1.105,  0.736], 
          [ 0.390,  0.007,  0.061,  0.718], 
          [ 0.357,  0.054,  0.058,  0.728], 
          [ 0.179,  0.011,  0.065,  0.664], 
          [ 0.280, -0.233,  0.097,  0.751], 
          [ 0.229, -0.291,  0.096,  0.671], 
          [ 0.075, -0.230,  0.090,  0.591]
        ]
    }
]
