[
    {
        "id": 0,
        "keypoints3d": [
          [-0.939, -1.198,  1.518,  0.818], 
          [-1.016, -1.317,  1.345,  0.856], 
          [-0.881, -1.406,  1.340,  0.855], 
          [-0.891, -1.494,  1.078,  0.775], 
          [-0.912, -1.508,  0.901,  0.795], 
          [-1.152, -1.229,  1.343,  0.849], 
          [-1.192, -1.290,  1.081,  0.758], 
          [-1.127, -1.396,  0.866,  0.767], 
          [-0.993, -1.324,  0.821,  0.745], 
          [-0.908, -1.386,  0.815,  0.751], 
          [-0.932, -1.388,  0.437,  0.763], 
          [-0.971, -1.396,  0.096,  0.837], 
          [-1.058, -1.259,  0.829,  0.720], 
          [-1.055, -1.198,  0.472,  0.818], 
          [-1.194, -1.295,  0.136,  0.837], 
          [-0.913, -1.222,  1.545,  0.825], 
          [-0.986, -1.193,  1.551,  0.826], 
          [-0.917, -1.325,  1.531,  0.816], 
          [-1.063, -1.247,  1.543,  0.851], 
          [-1.168, -1.154,  0.056,  0.731], 
          [-1.218, -1.172,  0.057,  0.753], 
          [-1.215, -1.338,  0.081,  0.712], 
          [-0.877, -1.307,  0.049,  0.746], 
          [-0.865, -1.364,  0.043,  0.735], 
          [-1.006, -1.404,  0.066,  0.702]
        ]
    },
    {
        "id": 2,
        "keypoints3d": [
          [-0.225,  1.016,  1.491,  0.880], 
          [-0.269,  1.187,  1.301,  0.886], 
          [-0.413,  1.125,  1.309,  0.867], 
          [-0.512,  1.140,  1.064,  0.829], 
          [-0.528,  1.058,  0.852,  0.798], 
          [-0.136,  1.233,  1.293,  0.861], 
          [-0.072,  1.277,  1.068,  0.823], 
          [-0.007,  1.232,  0.866,  0.805], 
          [-0.270,  1.171,  0.792,  0.769], 
          [-0.360,  1.129,  0.796,  0.763], 
          [-0.406,  1.142,  0.440,  0.786], 
          [-0.468,  1.157,  0.097,  0.803], 
          [-0.177,  1.201,  0.785,  0.750], 
          [-0.191,  1.205,  0.443,  0.825], 
          [-0.171,  1.221,  0.093,  0.809], 
          [-0.262,  1.035,  1.517,  0.844], 
          [-0.187,  1.049,  1.524,  0.758], 
          [-0.326,  1.112,  1.510,  0.867], 
          [-0.168,  1.156,  1.517,  0.741], 
          [-0.051,  1.122,  0.047,  0.747], 
          [-0.053,  1.166,  0.052,  0.776], 
          [-0.196,  1.232,  0.053,  0.662], 
          [-0.462,  1.015,  0.052,  0.725], 
          [-0.492,  1.041,  0.049,  0.727], 
          [-0.486,  1.191,  0.048,  0.785]
        ]
    },
    {
        "id": 4,
        "keypoints3d": [
          [ 1.042, -1.324,  1.586,  0.871], 
          [ 1.128, -1.400,  1.390,  0.867], 
          [ 1.245, -1.293,  1.393,  0.852], 
          [ 1.143, -1.156,  1.190,  0.815], 
          [ 0.960, -1.334,  1.202,  0.789], 
          [ 0.985, -1.503,  1.384,  0.840], 
          [ 0.900, -1.435,  1.147,  0.867], 
          [ 1.065, -1.239,  1.184,  0.803], 
          [ 1.080, -1.344,  0.860,  0.772], 
          [ 1.145, -1.268,  0.868,  0.765], 
          [ 1.186, -1.307,  0.475,  0.809], 
          [ 1.243, -1.348,  0.087,  0.845], 
          [ 1.011, -1.418,  0.862,  0.757], 
          [ 1.038, -1.433,  0.472,  0.766], 
          [ 1.080, -1.477,  0.110,  0.842], 
          [ 1.077, -1.297,  1.615,  0.810], 
          [ 1.015, -1.360,  1.609,  0.870], 
          [ 1.164, -1.335,  1.603,  0.877], 
          [ 1.039, -1.430,  1.586,  0.824], 
          [ 0.984, -1.371,  0.059,  0.706], 
          [ 0.966, -1.437,  0.069,  0.717], 
          [ 1.112, -1.488,  0.059,  0.684], 
          [ 1.133, -1.251,  0.047,  0.689], 
          [ 1.197, -1.235,  0.036,  0.703], 
          [ 1.250, -1.385,  0.036,  0.663]
        ]
    },
    {
        "id": 6,
        "keypoints3d": [
          [-0.271,  0.098,  1.102,  0.840], 
          [-0.391,  0.009,  0.904,  0.852], 
          [-0.339, -0.145,  0.910,  0.818], 
          [-0.353, -0.313,  0.687,  0.799], 
          [-0.133, -0.225,  0.652,  0.806], 
          [-0.435,  0.172,  0.905,  0.813], 
          [-0.526,  0.332,  0.724,  0.767], 
          [-0.306,  0.320,  0.655,  0.751], 
          [-0.296,  0.042,  0.447,  0.693], 
          [-0.262, -0.059,  0.454,  0.687], 
          [ 0.184,  0.083,  0.546,  0.811], 
          [ 0.193, -0.054,  0.161,  0.725], 
          [-0.319,  0.153,  0.453,  0.688], 
          [ 0.135,  0.273,  0.561,  0.866], 
          [ 0.153,  0.192,  0.133,  0.726], 
          [-0.267,  0.049,  1.137,  0.754], 
          [-0.317,  0.095,  1.127,  0.863], 
          [-0.297, -0.032,  1.109,  0.897], 
          [-0.401,  0.069,  1.103,  0.827], 
          [ 0.352,  0.167,  0.080,  0.707], 
          [ 0.296,  0.213,  0.085,  0.726], 
          [ 0.110,  0.173,  0.086,  0.542], 
          [ 0.381, -0.002,  0.130,  0.722], 
          [ 0.339, -0.061,  0.120,  0.703], 
          [ 0.158, -0.075,  0.100,  0.662]
        ]
    }
]
