[
    {
        "id": 0,
        "keypoints3d": [
          [ 1.029, -1.323,  1.577,  0.873], 
          [ 1.129, -1.400,  1.388,  0.860], 
          [ 1.246, -1.295,  1.392,  0.822], 
          [ 1.139, -1.156,  1.185,  0.834], 
          [ 0.971, -1.354,  1.195,  0.808], 
          [ 0.987, -1.507,  1.379,  0.824], 
          [ 0.897, -1.426,  1.146,  0.857], 
          [ 1.065, -1.230,  1.176,  0.762], 
          [ 1.083, -1.352,  0.865,  0.723], 
          [ 1.145, -1.274,  0.870,  0.715], 
          [ 1.179, -1.303,  0.478,  0.727], 
          [ 1.237, -1.347,  0.092,  0.788], 
          [ 1.013, -1.426,  0.863,  0.705], 
          [ 1.037, -1.432,  0.481,  0.699], 
          [ 1.075, -1.467,  0.107,  0.842], 
          [ 1.074, -1.314,  1.624,  0.839], 
          [ 1.011, -1.361,  1.603,  0.873], 
          [ 1.169, -1.332,  1.606,  0.819], 
          [ 1.042, -1.457,  1.583,  0.854], 
          [ 0.972, -1.358,  0.063,  0.719], 
          [ 0.961, -1.435,  0.061,  0.725], 
          [ 1.102, -1.482,  0.054,  0.714], 
          [ 1.117, -1.247,  0.051,  0.735], 
          [ 1.181, -1.220,  0.048,  0.741], 
          [ 1.251, -1.378,  0.051,  0.678]
        ]
    },
    {
        "id": 2,
        "keypoints3d": [
          [-0.928, -1.213,  1.535,  0.849], 
          [-1.013, -1.321,  1.348,  0.867], 
          [-0.880, -1.405,  1.339,  0.863], 
          [-0.903, -1.505,  1.073,  0.795], 
          [-0.955, -1.497,  0.886,  0.611], 
          [-1.156, -1.232,  1.358,  0.849], 
          [-1.213, -1.296,  1.092,  0.760], 
          [-1.147, -1.392,  0.877,  0.737], 
          [-1.013, -1.315,  0.819,  0.756], 
          [-0.925, -1.369,  0.814,  0.747], 
          [-0.936, -1.373,  0.434,  0.804], 
          [-0.978, -1.400,  0.084,  0.850], 
          [-1.095, -1.254,  0.832,  0.736], 
          [-1.084, -1.229,  0.460,  0.845], 
          [-1.229, -1.289,  0.093,  0.860], 
          [-0.904, -1.240,  1.556,  0.813], 
          [-0.976, -1.219,  1.577,  0.813], 
          [-0.919, -1.337,  1.534,  0.770], 
          [-1.053, -1.267,  1.560,  0.884], 
          [-1.181, -1.142,  0.041,  0.767], 
          [-1.229, -1.161,  0.039,  0.820], 
          [-1.251, -1.331,  0.046,  0.747], 
          [-0.872, -1.302,  0.053,  0.756], 
          [-0.861, -1.354,  0.052,  0.733], 
          [-1.021, -1.412,  0.051,  0.754]
        ]
    },
    {
        "id": 4,
        "keypoints3d": [
          [-0.202,  1.006,  1.490,  0.909], 
          [-0.234,  1.181,  1.299,  0.867], 
          [-0.379,  1.140,  1.312,  0.843], 
          [-0.483,  1.164,  1.071,  0.833], 
          [-0.512,  1.082,  0.860,  0.873], 
          [-0.093,  1.218,  1.287,  0.836], 
          [-0.036,  1.253,  1.042,  0.831], 
          [ 0.003,  1.199,  0.834,  0.870], 
          [-0.249,  1.157,  0.775,  0.767], 
          [-0.353,  1.125,  0.789,  0.756], 
          [-0.395,  1.133,  0.437,  0.799], 
          [-0.474,  1.152,  0.087,  0.844], 
          [-0.157,  1.186,  0.772,  0.759], 
          [-0.177,  1.197,  0.429,  0.786], 
          [-0.169,  1.220,  0.085,  0.829], 
          [-0.246,  1.040,  1.521,  0.781], 
          [-0.167,  1.047,  1.521,  0.877], 
          [-0.298,  1.112,  1.521,  0.879], 
          [-0.115,  1.137,  1.517,  0.819], 
          [-0.060,  1.131,  0.036,  0.729], 
          [-0.055,  1.166,  0.046,  0.761], 
          [-0.191,  1.230,  0.039,  0.722], 
          [-0.471,  1.004,  0.050,  0.735], 
          [-0.510,  1.037,  0.051,  0.715], 
          [-0.475,  1.189,  0.047,  0.793]
        ]
    },
    {
        "id": 6,
        "keypoints3d": [
          [-0.248,  0.182,  1.071,  0.848], 
          [-0.183,  0.008,  0.917,  0.838], 
          [-0.035,  0.013,  0.918,  0.803], 
          [ 0.079, -0.112,  0.673,  0.785], 
          [ 0.055,  0.115,  0.627,  0.865], 
          [-0.332, -0.003,  0.940,  0.826], 
          [-0.543, -0.102,  0.776,  0.880], 
          [-0.507,  0.096,  0.657,  0.866], 
          [-0.231,  0.023,  0.458,  0.724], 
          [-0.126,  0.038,  0.464,  0.691], 
          [-0.167,  0.480,  0.562,  0.849], 
          [-0.074,  0.438,  0.144,  0.778], 
          [-0.346,  0.018,  0.461,  0.663], 
          [-0.399,  0.500,  0.498,  0.811], 
          [-0.254,  0.389,  0.125,  0.814], 
          [-0.226,  0.188,  1.103,  0.834], 
          [-0.263,  0.145,  1.116,  0.852], 
          [-0.141,  0.167,  1.087,  0.872], 
          [-0.224,  0.045,  1.115,  0.833], 
          [-0.340,  0.505,  0.060,  0.839], 
          [-0.362,  0.454,  0.059,  0.820], 
          [-0.222,  0.346,  0.083,  0.608], 
          [-0.145,  0.618,  0.146,  0.738], 
          [-0.094,  0.589,  0.145,  0.727], 
          [-0.072,  0.414,  0.098,  0.668]
        ]
    }
]
