[
    {
        "id": 0,
        "keypoints3d": [
          [ 1.031, -1.322,  1.577,  0.872], 
          [ 1.129, -1.400,  1.388,  0.860], 
          [ 1.246, -1.294,  1.393,  0.821], 
          [ 1.140, -1.155,  1.185,  0.829], 
          [ 0.971, -1.354,  1.195,  0.808], 
          [ 0.987, -1.507,  1.381,  0.823], 
          [ 0.897, -1.426,  1.146,  0.854], 
          [ 1.068, -1.228,  1.178,  0.760], 
          [ 1.085, -1.350,  0.865,  0.721], 
          [ 1.147, -1.273,  0.870,  0.714], 
          [ 1.178, -1.304,  0.480,  0.722], 
          [ 1.237, -1.347,  0.092,  0.786], 
          [ 1.013, -1.426,  0.863,  0.703], 
          [ 1.038, -1.434,  0.480,  0.696], 
          [ 1.075, -1.467,  0.107,  0.842], 
          [ 1.075, -1.314,  1.624,  0.842], 
          [ 1.012, -1.361,  1.601,  0.873], 
          [ 1.169, -1.332,  1.606,  0.818], 
          [ 1.042, -1.457,  1.583,  0.857], 
          [ 0.970, -1.363,  0.063,  0.715], 
          [ 0.962, -1.435,  0.064,  0.723], 
          [ 1.102, -1.482,  0.054,  0.710], 
          [ 1.117, -1.242,  0.052,  0.732], 
          [ 1.181, -1.221,  0.048,  0.737], 
          [ 1.249, -1.384,  0.047,  0.676]
        ]
    },
    {
        "id": 2,
        "keypoints3d": [
          [-0.939, -1.218,  1.535,  0.907], 
          [-1.020, -1.319,  1.347,  0.866], 
          [-0.884, -1.405,  1.339,  0.861], 
          [-0.906, -1.503,  1.070,  0.815], 
          [-0.948, -1.491,  0.896,  0.637], 
          [-1.164, -1.239,  1.360,  0.848], 
          [-1.220, -1.293,  1.095,  0.760], 
          [-1.154, -1.394,  0.878,  0.788], 
          [-1.019, -1.309,  0.826,  0.757], 
          [-0.931, -1.364,  0.819,  0.745], 
          [-0.938, -1.374,  0.436,  0.804], 
          [-0.979, -1.398,  0.088,  0.854], 
          [-1.104, -1.254,  0.835,  0.742], 
          [-1.095, -1.234,  0.459,  0.835], 
          [-1.229, -1.286,  0.093,  0.862], 
          [-0.916, -1.246,  1.557,  0.817], 
          [-0.986, -1.223,  1.574,  0.807], 
          [-0.918, -1.337,  1.534,  0.775], 
          [-1.062, -1.272,  1.559,  0.888], 
          [-1.187, -1.142,  0.038,  0.777], 
          [-1.229, -1.161,  0.039,  0.824], 
          [-1.256, -1.329,  0.045,  0.749], 
          [-0.872, -1.303,  0.055,  0.758], 
          [-0.858, -1.355,  0.054,  0.738], 
          [-1.021, -1.411,  0.054,  0.762]
        ]
    },
    {
        "id": 4,
        "keypoints3d": [
          [-0.198,  1.008,  1.488,  0.912], 
          [-0.232,  1.181,  1.298,  0.863], 
          [-0.376,  1.140,  1.311,  0.851], 
          [-0.481,  1.169,  1.072,  0.838], 
          [-0.510,  1.085,  0.859,  0.872], 
          [-0.092,  1.218,  1.288,  0.839], 
          [-0.033,  1.255,  1.042,  0.828], 
          [ 0.001,  1.198,  0.832,  0.872], 
          [-0.249,  1.155,  0.775,  0.768], 
          [-0.353,  1.125,  0.787,  0.754], 
          [-0.397,  1.133,  0.434,  0.779], 
          [-0.473,  1.154,  0.089,  0.843], 
          [-0.157,  1.185,  0.770,  0.762], 
          [-0.181,  1.199,  0.429,  0.753], 
          [-0.167,  1.221,  0.088,  0.827], 
          [-0.245,  1.040,  1.522,  0.787], 
          [-0.167,  1.047,  1.523,  0.877], 
          [-0.298,  1.113,  1.519,  0.873], 
          [-0.114,  1.137,  1.516,  0.842], 
          [-0.059,  1.130,  0.037,  0.724], 
          [-0.053,  1.166,  0.047,  0.758], 
          [-0.190,  1.230,  0.039,  0.723], 
          [-0.466,  1.008,  0.050,  0.726], 
          [-0.511,  1.036,  0.047,  0.703], 
          [-0.475,  1.189,  0.046,  0.796]
        ]
    },
    {
        "id": 6,
        "keypoints3d": [
          [-0.251,  0.183,  1.069,  0.851], 
          [-0.177,  0.019,  0.917,  0.855], 
          [-0.025,  0.030,  0.918,  0.798], 
          [ 0.105, -0.089,  0.684,  0.764], 
          [ 0.060,  0.128,  0.626,  0.851], 
          [-0.327,  0.003,  0.939,  0.826], 
          [-0.541, -0.103,  0.776,  0.876], 
          [-0.515,  0.083,  0.658,  0.886], 
          [-0.230,  0.031,  0.468,  0.716], 
          [-0.121,  0.043,  0.479,  0.707], 
          [-0.172,  0.475,  0.548,  0.835], 
          [-0.076,  0.441,  0.140,  0.778], 
          [-0.345,  0.030,  0.479,  0.658], 
          [-0.424,  0.475,  0.496,  0.813], 
          [-0.254,  0.389,  0.125,  0.823], 
          [-0.228,  0.185,  1.102,  0.874], 
          [-0.268,  0.144,  1.112,  0.868], 
          [-0.141,  0.167,  1.088,  0.870], 
          [-0.224,  0.045,  1.115,  0.824], 
          [-0.347,  0.500,  0.059,  0.853], 
          [-0.376,  0.441,  0.062,  0.832], 
          [-0.223,  0.348,  0.079,  0.614], 
          [-0.152,  0.626,  0.147,  0.779], 
          [-0.110,  0.597,  0.138,  0.761], 
          [-0.086,  0.412,  0.090,  0.671]
        ]
    }
]
