[
    {
        "id": 0,
        "keypoints3d": [
          [-1.045, -1.122,  1.512,  0.847], 
          [-1.119, -1.266,  1.352,  0.864], 
          [-0.983, -1.360,  1.356,  0.857], 
          [-0.993, -1.440,  1.102,  0.789], 
          [-1.041, -1.456,  0.916,  0.660], 
          [-1.244, -1.169,  1.348,  0.853], 
          [-1.302, -1.200,  1.089,  0.796], 
          [-1.252, -1.278,  0.881,  0.624], 
          [-1.095, -1.294,  0.836,  0.767], 
          [-1.014, -1.341,  0.836,  0.756], 
          [-1.010, -1.361,  0.458,  0.741], 
          [-0.994, -1.391,  0.095,  0.829], 
          [-1.176, -1.239,  0.834,  0.741], 
          [-1.205, -1.277,  0.455,  0.784], 
          [-1.258, -1.305,  0.078,  0.843], 
          [-1.027, -1.150,  1.549,  0.835], 
          [-1.098, -1.133,  1.543,  0.870], 
          [-1.026, -1.245,  1.559,  0.769], 
          [-1.177, -1.163,  1.534,  0.851], 
          [-1.202, -1.153,  0.040,  0.722], 
          [-1.254, -1.163,  0.046,  0.734], 
          [-1.278, -1.342,  0.030,  0.695], 
          [-0.872, -1.300,  0.057,  0.747], 
          [-0.866, -1.340,  0.062,  0.726], 
          [-1.022, -1.412,  0.057,  0.766]
        ]
    },
    {
        "id": 2,
        "keypoints3d": [
          [-0.278,  1.022,  1.496,  0.868], 
          [-0.353,  1.174,  1.306,  0.886], 
          [-0.491,  1.126,  1.298,  0.836], 
          [-0.593,  1.140,  1.062,  0.792], 
          [-0.623,  1.072,  0.849,  0.844], 
          [-0.215,  1.222,  1.304,  0.845], 
          [-0.135,  1.276,  1.067,  0.845], 
          [-0.061,  1.216,  0.865,  0.852], 
          [-0.343,  1.167,  0.795,  0.777], 
          [-0.437,  1.129,  0.789,  0.759], 
          [-0.451,  1.148,  0.437,  0.776], 
          [-0.482,  1.155,  0.094,  0.837], 
          [-0.252,  1.198,  0.794,  0.754], 
          [-0.233,  1.210,  0.440,  0.759], 
          [-0.169,  1.222,  0.094,  0.785], 
          [-0.322,  1.025,  1.519,  0.886], 
          [-0.254,  1.056,  1.523,  0.912], 
          [-0.409,  1.097,  1.516,  0.865], 
          [-0.250,  1.156,  1.517,  0.817], 
          [-0.059,  1.120,  0.045,  0.747], 
          [-0.056,  1.164,  0.053,  0.779], 
          [-0.192,  1.235,  0.050,  0.769], 
          [-0.477,  1.006,  0.051,  0.687], 
          [-0.516,  1.033,  0.051,  0.674], 
          [-0.478,  1.187,  0.046,  0.781]
        ]
    },
    {
        "id": 4,
        "keypoints3d": [
          [ 1.053, -1.322,  1.588,  0.873], 
          [ 1.131, -1.395,  1.390,  0.878], 
          [ 1.249, -1.287,  1.390,  0.829], 
          [ 1.153, -1.176,  1.184,  0.757], 
          [ 0.955, -1.325,  1.208,  0.732], 
          [ 1.000, -1.506,  1.385,  0.858], 
          [ 0.902, -1.438,  1.152,  0.847], 
          [ 1.061, -1.238,  1.183,  0.788], 
          [ 1.085, -1.351,  0.862,  0.759], 
          [ 1.144, -1.272,  0.864,  0.723], 
          [ 1.181, -1.312,  0.467,  0.844], 
          [ 1.237, -1.351,  0.081,  0.746], 
          [ 1.015, -1.425,  0.864,  0.761], 
          [ 1.030, -1.439,  0.475,  0.720], 
          [ 1.077, -1.478,  0.106,  0.756], 
          [ 1.079, -1.307,  1.619,  0.813], 
          [ 1.025, -1.359,  1.609,  0.867], 
          [ 1.175, -1.330,  1.610,  0.759], 
          [ 1.058, -1.437,  1.584,  0.857], 
          [ 0.984, -1.369,  0.060,  0.715], 
          [ 0.965, -1.435,  0.070,  0.721], 
          [ 1.111, -1.489,  0.055,  0.699], 
          [ 1.130, -1.256,  0.045,  0.720], 
          [ 1.197, -1.234,  0.044,  0.726], 
          [ 1.252, -1.394,  0.041,  0.636]
        ]
    },
    {
        "id": 6,
        "keypoints3d": [
          [-0.150, -0.040,  1.048,  0.871], 
          [-0.312,  0.053,  0.924,  0.848], 
          [-0.388, -0.098,  0.920,  0.836], 
          [-0.537, -0.208,  0.720,  0.737], 
          [-0.316, -0.255,  0.628,  0.789], 
          [-0.231,  0.192,  0.941,  0.838], 
          [-0.237,  0.412,  0.783,  0.804], 
          [-0.108,  0.262,  0.654,  0.686], 
          [-0.283,  0.054,  0.449,  0.709], 
          [-0.337, -0.047,  0.452,  0.687], 
          [ 0.032, -0.303,  0.486,  0.630], 
          [-0.085, -0.295,  0.095,  0.615], 
          [-0.223,  0.150,  0.463,  0.692], 
          [ 0.194, -0.015,  0.506,  0.793], 
          [ 0.205, -0.012,  0.101,  0.800], 
          [-0.178, -0.081,  1.084,  0.831], 
          [-0.157, -0.017,  1.085,  0.906], 
          [-0.259, -0.095,  1.091,  0.805], 
          [-0.210,  0.058,  1.108,  0.763], 
          [ 0.365, -0.032,  0.066,  0.738], 
          [ 0.344,  0.022,  0.063,  0.772], 
          [ 0.158, -0.012,  0.044,  0.726], 
          [ 0.016, -0.485,  0.053,  0.760], 
          [-0.023, -0.485,  0.066,  0.771], 
          [-0.127, -0.286,  0.061,  0.609]
        ]
    }
]
