[
    {
        "id": 0,
        "keypoints3d": [
          [-0.934, -1.199,  1.521,  0.818], 
          [-1.009, -1.321,  1.347,  0.863], 
          [-0.878, -1.404,  1.341,  0.854], 
          [-0.888, -1.502,  1.082,  0.780], 
          [-0.910, -1.514,  0.900,  0.797], 
          [-1.152, -1.234,  1.348,  0.845], 
          [-1.188, -1.301,  1.081,  0.771], 
          [-1.128, -1.394,  0.863,  0.772], 
          [-0.988, -1.326,  0.822,  0.747], 
          [-0.904, -1.387,  0.816,  0.753], 
          [-0.929, -1.388,  0.437,  0.766], 
          [-0.972, -1.396,  0.091,  0.850], 
          [-1.057, -1.261,  0.833,  0.728], 
          [-1.042, -1.196,  0.473,  0.754], 
          [-1.170, -1.282,  0.131,  0.827], 
          [-0.906, -1.222,  1.546,  0.829], 
          [-0.982, -1.194,  1.552,  0.854], 
          [-0.918, -1.324,  1.531,  0.784], 
          [-1.054, -1.261,  1.541,  0.858], 
          [-1.148, -1.146,  0.054,  0.761], 
          [-1.203, -1.168,  0.060,  0.763], 
          [-1.191, -1.338,  0.076,  0.716], 
          [-0.870, -1.300,  0.057,  0.722], 
          [-0.858, -1.350,  0.054,  0.784], 
          [-1.009, -1.408,  0.059,  0.710]
        ]
    },
    {
        "id": 2,
        "keypoints3d": [
          [-0.224,  1.014,  1.489,  0.887], 
          [-0.267,  1.186,  1.300,  0.889], 
          [-0.411,  1.123,  1.307,  0.865], 
          [-0.509,  1.138,  1.065,  0.818], 
          [-0.524,  1.057,  0.852,  0.797], 
          [-0.134,  1.232,  1.293,  0.863], 
          [-0.072,  1.277,  1.067,  0.822], 
          [-0.004,  1.223,  0.878,  0.820], 
          [-0.267,  1.169,  0.792,  0.769], 
          [-0.355,  1.129,  0.796,  0.765], 
          [-0.403,  1.141,  0.442,  0.792], 
          [-0.470,  1.158,  0.099,  0.805], 
          [-0.172,  1.200,  0.785,  0.752], 
          [-0.190,  1.206,  0.442,  0.836], 
          [-0.169,  1.222,  0.096,  0.816], 
          [-0.258,  1.039,  1.515,  0.847], 
          [-0.181,  1.050,  1.524,  0.766], 
          [-0.325,  1.110,  1.512,  0.859], 
          [-0.165,  1.157,  1.519,  0.741], 
          [-0.053,  1.124,  0.048,  0.750], 
          [-0.053,  1.166,  0.052,  0.777], 
          [-0.193,  1.230,  0.051,  0.676], 
          [-0.460,  1.015,  0.053,  0.740], 
          [-0.495,  1.044,  0.050,  0.739], 
          [-0.485,  1.188,  0.045,  0.788]
        ]
    },
    {
        "id": 4,
        "keypoints3d": [
          [ 1.041, -1.320,  1.586,  0.869], 
          [ 1.127, -1.401,  1.390,  0.867], 
          [ 1.245, -1.293,  1.393,  0.856], 
          [ 1.143, -1.153,  1.192,  0.833], 
          [ 0.966, -1.318,  1.210,  0.733], 
          [ 0.985, -1.503,  1.384,  0.840], 
          [ 0.899, -1.435,  1.145,  0.865], 
          [ 1.065, -1.239,  1.184,  0.803], 
          [ 1.080, -1.343,  0.860,  0.772], 
          [ 1.145, -1.268,  0.869,  0.765], 
          [ 1.186, -1.307,  0.475,  0.808], 
          [ 1.244, -1.349,  0.086,  0.845], 
          [ 1.010, -1.418,  0.862,  0.758], 
          [ 1.038, -1.433,  0.472,  0.767], 
          [ 1.080, -1.477,  0.110,  0.842], 
          [ 1.077, -1.297,  1.615,  0.804], 
          [ 1.015, -1.360,  1.609,  0.869], 
          [ 1.163, -1.338,  1.605,  0.783], 
          [ 1.039, -1.430,  1.586,  0.823], 
          [ 0.986, -1.371,  0.061,  0.706], 
          [ 0.966, -1.436,  0.073,  0.717], 
          [ 1.110, -1.490,  0.060,  0.682], 
          [ 1.134, -1.251,  0.046,  0.689], 
          [ 1.197, -1.235,  0.036,  0.703], 
          [ 1.250, -1.386,  0.036,  0.659]
        ]
    },
    {
        "id": 6,
        "keypoints3d": [
          [-0.279,  0.097,  1.106,  0.847], 
          [-0.387,  0.004,  0.907,  0.849], 
          [-0.329, -0.152,  0.909,  0.815], 
          [-0.327, -0.307,  0.693,  0.721], 
          [-0.127, -0.225,  0.652,  0.704], 
          [-0.433,  0.164,  0.910,  0.805], 
          [-0.527,  0.324,  0.716,  0.789], 
          [-0.323,  0.319,  0.651,  0.835], 
          [-0.291,  0.046,  0.450,  0.691], 
          [-0.256, -0.058,  0.452,  0.689], 
          [ 0.187,  0.081,  0.540,  0.864], 
          [ 0.183, -0.029,  0.150,  0.787], 
          [-0.321,  0.151,  0.451,  0.691], 
          [ 0.123,  0.286,  0.558,  0.874], 
          [ 0.112,  0.220,  0.117,  0.755], 
          [-0.279,  0.054,  1.138,  0.764], 
          [-0.331,  0.100,  1.134,  0.875], 
          [-0.296, -0.032,  1.109,  0.754], 
          [-0.405,  0.066,  1.106,  0.774], 
          [ 0.310,  0.200,  0.084,  0.716], 
          [ 0.263,  0.248,  0.067,  0.728], 
          [ 0.077,  0.213,  0.073,  0.586], 
          [ 0.363,  0.015,  0.121,  0.645], 
          [ 0.325, -0.043,  0.115,  0.645], 
          [ 0.164, -0.045,  0.105,  0.636]
        ]
    }
]
