[
    {
        "id": 0,
        "keypoints3d": [
          [-1.090, -1.092,  1.499,  0.844], 
          [-1.176, -1.248,  1.347,  0.852], 
          [-1.058, -1.340,  1.356,  0.832], 
          [-1.056, -1.439,  1.105,  0.778], 
          [-1.129, -1.425,  0.880,  0.700], 
          [-1.306, -1.145,  1.333,  0.848], 
          [-1.351, -1.176,  1.088,  0.740], 
          [-1.298, -1.337,  0.884,  0.679], 
          [-1.145, -1.278,  0.828,  0.762], 
          [-1.057, -1.334,  0.832,  0.752], 
          [-1.030, -1.355,  0.461,  0.793], 
          [-1.005, -1.383,  0.101,  0.766], 
          [-1.231, -1.222,  0.823,  0.743], 
          [-1.244, -1.264,  0.451,  0.814], 
          [-1.270, -1.302,  0.079,  0.806], 
          [-1.077, -1.117,  1.529,  0.829], 
          [-1.141, -1.087,  1.528,  0.898], 
          [-1.085, -1.214,  1.549,  0.823], 
          [-1.221, -1.126,  1.519,  0.866], 
          [-1.206, -1.156,  0.034,  0.719], 
          [-1.260, -1.163,  0.044,  0.732], 
          [-1.275, -1.341,  0.027,  0.705], 
          [-0.891, -1.297,  0.065,  0.742], 
          [-0.882, -1.335,  0.069,  0.717], 
          [-1.024, -1.412,  0.057,  0.761]
        ]
    },
    {
        "id": 2,
        "keypoints3d": [
          [-0.319,  1.019,  1.494,  0.788], 
          [-0.410,  1.170,  1.297,  0.869], 
          [-0.546,  1.128,  1.291,  0.855], 
          [-0.629,  1.138,  1.042,  0.786], 
          [-0.674,  1.072,  0.830,  0.784], 
          [-0.268,  1.221,  1.305,  0.837], 
          [-0.195,  1.261,  1.066,  0.820], 
          [-0.128,  1.214,  0.866,  0.882], 
          [-0.384,  1.154,  0.780,  0.771], 
          [-0.477,  1.127,  0.784,  0.770], 
          [-0.469,  1.148,  0.429,  0.818], 
          [-0.487,  1.155,  0.083,  0.836], 
          [-0.285,  1.182,  0.782,  0.742], 
          [-0.233,  1.191,  0.445,  0.782], 
          [-0.173,  1.215,  0.093,  0.811], 
          [-0.373,  1.027,  1.521,  0.873], 
          [-0.300,  1.071,  1.517,  0.827], 
          [-0.461,  1.073,  1.515,  0.815], 
          [-0.306,  1.157,  1.510,  0.816], 
          [-0.058,  1.119,  0.048,  0.743], 
          [-0.058,  1.166,  0.054,  0.774], 
          [-0.195,  1.236,  0.053,  0.768], 
          [-0.474,  1.007,  0.047,  0.716], 
          [-0.509,  1.030,  0.046,  0.706], 
          [-0.478,  1.190,  0.041,  0.781]
        ]
    },
    {
        "id": 4,
        "keypoints3d": [
          [ 1.058, -1.318,  1.592,  0.885], 
          [ 1.135, -1.390,  1.390,  0.875], 
          [ 1.248, -1.284,  1.394,  0.826], 
          [ 1.148, -1.169,  1.190,  0.726], 
          [ 0.951, -1.311,  1.214,  0.746], 
          [ 1.002, -1.502,  1.387,  0.856], 
          [ 0.905, -1.439,  1.150,  0.851], 
          [ 1.067, -1.241,  1.185,  0.797], 
          [ 1.087, -1.352,  0.862,  0.762], 
          [ 1.145, -1.273,  0.868,  0.723], 
          [ 1.181, -1.310,  0.469,  0.844], 
          [ 1.240, -1.354,  0.086,  0.712], 
          [ 1.020, -1.426,  0.864,  0.761], 
          [ 1.035, -1.436,  0.475,  0.738], 
          [ 1.079, -1.477,  0.107,  0.842], 
          [ 1.088, -1.332,  1.629,  0.940], 
          [ 1.028, -1.363,  1.622,  0.879], 
          [ 1.176, -1.317,  1.608,  0.878], 
          [ 1.061, -1.436,  1.586,  0.866], 
          [ 0.983, -1.366,  0.064,  0.718], 
          [ 0.966, -1.433,  0.069,  0.727], 
          [ 1.116, -1.492,  0.056,  0.701], 
          [ 1.131, -1.253,  0.043,  0.718], 
          [ 1.197, -1.233,  0.040,  0.724], 
          [ 1.256, -1.388,  0.045,  0.679]
        ]
    },
    {
        "id": 6,
        "keypoints3d": [
          [-0.095, -0.144,  1.029,  0.804], 
          [-0.271,  0.002,  0.919,  0.868], 
          [-0.371, -0.120,  0.915,  0.826], 
          [-0.574, -0.152,  0.759,  0.789], 
          [-0.392, -0.234,  0.633,  0.800], 
          [-0.153,  0.104,  0.922,  0.826], 
          [-0.146,  0.348,  0.799,  0.734], 
          [-0.052,  0.229,  0.665,  0.796], 
          [-0.274,  0.060,  0.441,  0.709], 
          [-0.357, -0.018,  0.433,  0.661], 
          [-0.050, -0.349,  0.449,  0.623], 
          [-0.118, -0.368,  0.074,  0.705], 
          [-0.204,  0.145,  0.450,  0.665], 
          [ 0.189, -0.119,  0.520,  0.818], 
          [ 0.199, -0.014,  0.088,  0.733], 
          [-0.149, -0.179,  1.072,  0.696], 
          [-0.090, -0.122,  1.070,  0.815], 
          [-0.226, -0.160,  1.072,  0.798], 
          [-0.131, -0.033,  1.090,  0.880], 
          [ 0.361, -0.109,  0.054,  0.829], 
          [ 0.363, -0.046,  0.048,  0.826], 
          [ 0.167,  0.015,  0.032,  0.620], 
          [ 0.004, -0.497,  0.037,  0.780], 
          [-0.044, -0.506,  0.046,  0.783], 
          [-0.149, -0.342,  0.044,  0.661]
        ]
    }
]
