[
    {
        "id": 0,
        "keypoints3d": [
          [-1.027, -1.146,  1.514,  0.808], 
          [-1.099, -1.277,  1.351,  0.855], 
          [-0.971, -1.365,  1.355,  0.859], 
          [-0.978, -1.453,  1.092,  0.808], 
          [-1.005, -1.468,  0.917,  0.661], 
          [-1.230, -1.184,  1.352,  0.857], 
          [-1.274, -1.206,  1.086,  0.780], 
          [-1.202, -1.314,  0.865,  0.619], 
          [-1.073, -1.292,  0.830,  0.761], 
          [-0.991, -1.347,  0.829,  0.743], 
          [-0.988, -1.369,  0.441,  0.812], 
          [-0.987, -1.391,  0.091,  0.855], 
          [-1.153, -1.233,  0.827,  0.749], 
          [-1.190, -1.280,  0.445,  0.833], 
          [-1.256, -1.306,  0.079,  0.854], 
          [-1.005, -1.170,  1.552,  0.805], 
          [-1.069, -1.132,  1.553,  0.801], 
          [-1.008, -1.262,  1.550,  0.763], 
          [-1.143, -1.184,  1.534,  0.828], 
          [-1.201, -1.156,  0.040,  0.729], 
          [-1.252, -1.169,  0.044,  0.750], 
          [-1.277, -1.344,  0.029,  0.705], 
          [-0.873, -1.299,  0.058,  0.761], 
          [-0.863, -1.344,  0.059,  0.746], 
          [-1.022, -1.406,  0.059,  0.798]
        ]
    },
    {
        "id": 2,
        "keypoints3d": [
          [-0.267,  1.025,  1.494,  0.845], 
          [-0.340,  1.181,  1.307,  0.873], 
          [-0.468,  1.135,  1.299,  0.838], 
          [-0.572,  1.140,  1.061,  0.804], 
          [-0.614,  1.073,  0.845,  0.869], 
          [-0.199,  1.234,  1.302,  0.830], 
          [-0.129,  1.281,  1.072,  0.844], 
          [-0.047,  1.226,  0.873,  0.868], 
          [-0.331,  1.163,  0.788,  0.778], 
          [-0.427,  1.129,  0.785,  0.766], 
          [-0.442,  1.149,  0.435,  0.791], 
          [-0.481,  1.154,  0.093,  0.835], 
          [-0.239,  1.195,  0.789,  0.738], 
          [-0.216,  1.213,  0.437,  0.792], 
          [-0.171,  1.228,  0.100,  0.774], 
          [-0.303,  1.028,  1.521,  0.887], 
          [-0.249,  1.059,  1.526,  0.878], 
          [-0.390,  1.097,  1.515,  0.796], 
          [-0.240,  1.162,  1.519,  0.812], 
          [-0.058,  1.121,  0.046,  0.747], 
          [-0.055,  1.171,  0.058,  0.715], 
          [-0.192,  1.235,  0.056,  0.726], 
          [-0.473,  1.008,  0.042,  0.689], 
          [-0.514,  1.032,  0.047,  0.682], 
          [-0.478,  1.187,  0.046,  0.790]
        ]
    },
    {
        "id": 4,
        "keypoints3d": [
          [ 1.059, -1.319,  1.590,  0.893], 
          [ 1.127, -1.396,  1.391,  0.895], 
          [ 1.237, -1.274,  1.393,  0.862], 
          [ 1.152, -1.157,  1.189,  0.799], 
          [ 0.971, -1.325,  1.198,  0.674], 
          [ 0.989, -1.501,  1.385,  0.879], 
          [ 0.907, -1.442,  1.147,  0.859], 
          [ 1.070, -1.255,  1.178,  0.806], 
          [ 1.083, -1.348,  0.864,  0.811], 
          [ 1.144, -1.265,  0.869,  0.788], 
          [ 1.187, -1.308,  0.479,  0.850], 
          [ 1.248, -1.350,  0.094,  0.839], 
          [ 1.018, -1.427,  0.862,  0.803], 
          [ 1.033, -1.434,  0.478,  0.786], 
          [ 1.078, -1.478,  0.108,  0.843], 
          [ 1.079, -1.308,  1.615,  0.820], 
          [ 1.022, -1.355,  1.611,  0.886], 
          [ 1.169, -1.319,  1.609,  0.867], 
          [ 1.037, -1.430,  1.583,  0.853], 
          [ 0.985, -1.368,  0.062,  0.719], 
          [ 0.966, -1.434,  0.067,  0.723], 
          [ 1.108, -1.491,  0.057,  0.697], 
          [ 1.128, -1.251,  0.043,  0.721], 
          [ 1.198, -1.234,  0.040,  0.727], 
          [ 1.258, -1.387,  0.046,  0.640]
        ]
    },
    {
        "id": 6,
        "keypoints3d": [
          [-0.168, -0.002,  1.066,  0.829], 
          [-0.328,  0.059,  0.918,  0.843], 
          [-0.389, -0.101,  0.918,  0.836], 
          [-0.523, -0.227,  0.725,  0.743], 
          [-0.297, -0.251,  0.642,  0.713], 
          [-0.252,  0.196,  0.943,  0.810], 
          [-0.279,  0.423,  0.781,  0.883], 
          [-0.124,  0.289,  0.660,  0.658], 
          [-0.292,  0.064,  0.462,  0.751], 
          [-0.335, -0.041,  0.453,  0.703], 
          [ 0.092, -0.252,  0.516,  0.734], 
          [-0.058, -0.296,  0.119,  0.768], 
          [-0.236,  0.166,  0.472,  0.732], 
          [ 0.179,  0.026,  0.500,  0.742], 
          [ 0.154, -0.015,  0.039,  0.780], 
          [-0.194, -0.030,  1.109,  0.855], 
          [-0.166,  0.024,  1.112,  0.882], 
          [-0.270, -0.069,  1.095,  0.762], 
          [-0.237,  0.091,  1.112,  0.757], 
          [ 0.342, -0.008,  0.001,  0.722], 
          [ 0.301,  0.033, -0.000,  0.756], 
          [ 0.103, -0.025, -0.026,  0.701], 
          [ 0.085, -0.446,  0.076,  0.758], 
          [ 0.035, -0.450,  0.081,  0.757], 
          [-0.080, -0.281,  0.072,  0.633]
        ]
    }
]
