[
    {
        "id": 0,
        "keypoints3d": [
          [-0.918, -1.210,  1.525,  0.904], 
          [-0.990, -1.332,  1.350,  0.868], 
          [-0.859, -1.404,  1.343,  0.852], 
          [-0.864, -1.504,  1.085,  0.794], 
          [-0.904, -1.514,  0.907,  0.813], 
          [-1.133, -1.243,  1.354,  0.846], 
          [-1.181, -1.305,  1.084,  0.784], 
          [-1.134, -1.379,  0.858,  0.674], 
          [-0.977, -1.331,  0.816,  0.742], 
          [-0.900, -1.388,  0.812,  0.743], 
          [-0.933, -1.394,  0.438,  0.825], 
          [-0.980, -1.395,  0.089,  0.846], 
          [-1.054, -1.265,  0.830,  0.713], 
          [-1.008, -1.232,  0.465,  0.777], 
          [-1.061, -1.282,  0.106,  0.851], 
          [-0.897, -1.237,  1.552,  0.820], 
          [-0.961, -1.211,  1.557,  0.852], 
          [-0.902, -1.335,  1.534,  0.735], 
          [-1.043, -1.266,  1.548,  0.889], 
          [-1.024, -1.161,  0.054,  0.720], 
          [-1.080, -1.164,  0.061,  0.747], 
          [-1.075, -1.334,  0.053,  0.716], 
          [-0.867, -1.306,  0.060,  0.698], 
          [-0.862, -1.354,  0.054,  0.686], 
          [-1.017, -1.415,  0.050,  0.642]
        ]
    },
    {
        "id": 2,
        "keypoints3d": [
          [-0.211,  1.012,  1.487,  0.899], 
          [-0.259,  1.188,  1.300,  0.888], 
          [-0.404,  1.127,  1.307,  0.858], 
          [-0.495,  1.145,  1.067,  0.788], 
          [-0.512,  1.064,  0.858,  0.802], 
          [-0.120,  1.232,  1.292,  0.843], 
          [-0.054,  1.275,  1.057,  0.832], 
          [ 0.003,  1.225,  0.840,  0.855], 
          [-0.256,  1.165,  0.788,  0.771], 
          [-0.352,  1.125,  0.796,  0.762], 
          [-0.393,  1.138,  0.441,  0.804], 
          [-0.472,  1.154,  0.093,  0.772], 
          [-0.165,  1.200,  0.783,  0.760], 
          [-0.186,  1.204,  0.437,  0.827], 
          [-0.171,  1.225,  0.097,  0.814], 
          [-0.253,  1.037,  1.513,  0.811], 
          [-0.178,  1.053,  1.519,  0.858], 
          [-0.318,  1.111,  1.515,  0.879], 
          [-0.150,  1.159,  1.519,  0.825], 
          [-0.052,  1.129,  0.047,  0.742], 
          [-0.054,  1.168,  0.050,  0.772], 
          [-0.194,  1.231,  0.050,  0.663], 
          [-0.457,  1.021,  0.047,  0.709], 
          [-0.493,  1.048,  0.048,  0.710], 
          [-0.484,  1.184,  0.045,  0.785]
        ]
    },
    {
        "id": 4,
        "keypoints3d": [
          [-0.285,  0.093,  1.106,  0.861], 
          [-0.358, -0.034,  0.918,  0.837], 
          [-0.269, -0.168,  0.908,  0.803], 
          [-0.203, -0.312,  0.693,  0.721], 
          [-0.044, -0.166,  0.648,  0.765], 
          [-0.443,  0.100,  0.931,  0.839], 
          [-0.601,  0.221,  0.724,  0.815], 
          [-0.371,  0.285,  0.650,  0.780], 
          [-0.292,  0.036,  0.459,  0.684], 
          [-0.231, -0.058,  0.465,  0.658], 
          [ 0.144,  0.214,  0.537,  0.792], 
          [ 0.126,  0.132,  0.115,  0.730], 
          [-0.344,  0.131,  0.471,  0.684], 
          [ 0.025,  0.380,  0.537,  0.780], 
          [ 0.037,  0.318,  0.121,  0.769], 
          [-0.266,  0.070,  1.144,  0.850], 
          [-0.329,  0.083,  1.134,  0.807], 
          [-0.258, -0.032,  1.119,  0.875], 
          [-0.398,  0.036,  1.121,  0.878], 
          [ 0.147,  0.437,  0.070,  0.795], 
          [ 0.085,  0.446,  0.063,  0.793], 
          [ 0.024,  0.272,  0.068,  0.609], 
          [ 0.250,  0.239,  0.090,  0.807], 
          [ 0.252,  0.177,  0.092,  0.814], 
          [ 0.102,  0.100,  0.079,  0.613]
        ]
    },
    {
        "id": 6,
        "keypoints3d": [
          [ 1.038, -1.321,  1.583,  0.875], 
          [ 1.127, -1.401,  1.390,  0.866], 
          [ 1.242, -1.293,  1.396,  0.853], 
          [ 1.143, -1.162,  1.190,  0.805], 
          [ 0.959, -1.335,  1.201,  0.801], 
          [ 0.979, -1.500,  1.385,  0.843], 
          [ 0.899, -1.433,  1.148,  0.865], 
          [ 1.072, -1.239,  1.181,  0.787], 
          [ 1.079, -1.343,  0.864,  0.770], 
          [ 1.143, -1.270,  0.870,  0.764], 
          [ 1.183, -1.309,  0.475,  0.806], 
          [ 1.243, -1.352,  0.091,  0.860], 
          [ 1.013, -1.419,  0.861,  0.753], 
          [ 1.040, -1.435,  0.475,  0.766], 
          [ 1.079, -1.479,  0.112,  0.850], 
          [ 1.076, -1.297,  1.616,  0.822], 
          [ 1.015, -1.360,  1.609,  0.877], 
          [ 1.164, -1.338,  1.602,  0.891], 
          [ 1.039, -1.431,  1.581,  0.837], 
          [ 0.992, -1.371,  0.062,  0.653], 
          [ 0.970, -1.432,  0.070,  0.663], 
          [ 1.116, -1.487,  0.059,  0.683], 
          [ 1.134, -1.261,  0.046,  0.701], 
          [ 1.197, -1.242,  0.042,  0.706], 
          [ 1.250, -1.390,  0.044,  0.679]
        ]
    }
]
