[
    {
        "id": 0,
        "keypoints3d": [
          [ 1.037, -1.315,  1.576,  0.884], 
          [ 1.131, -1.396,  1.388,  0.861], 
          [ 1.244, -1.286,  1.393,  0.815], 
          [ 1.140, -1.154,  1.182,  0.820], 
          [ 0.972, -1.350,  1.201,  0.821], 
          [ 0.993, -1.502,  1.382,  0.823], 
          [ 0.902, -1.431,  1.148,  0.855], 
          [ 1.064, -1.229,  1.180,  0.764], 
          [ 1.087, -1.351,  0.867,  0.723], 
          [ 1.147, -1.271,  0.873,  0.710], 
          [ 1.177, -1.302,  0.479,  0.765], 
          [ 1.237, -1.349,  0.089,  0.774], 
          [ 1.020, -1.426,  0.864,  0.705], 
          [ 1.038, -1.434,  0.474,  0.655], 
          [ 1.071, -1.466,  0.100,  0.840], 
          [ 1.076, -1.294,  1.619,  0.812], 
          [ 1.015, -1.360,  1.606,  0.874], 
          [ 1.173, -1.326,  1.605,  0.906], 
          [ 1.049, -1.448,  1.582,  0.856], 
          [ 0.969, -1.352,  0.061,  0.714], 
          [ 0.957, -1.430,  0.060,  0.715], 
          [ 1.105, -1.482,  0.049,  0.700], 
          [ 1.115, -1.246,  0.049,  0.736], 
          [ 1.182, -1.222,  0.047,  0.733], 
          [ 1.250, -1.381,  0.046,  0.667]
        ]
    },
    {
        "id": 2,
        "keypoints3d": [
          [-1.041, -1.172,  1.551,  0.863], 
          [-1.108, -1.292,  1.358,  0.859], 
          [-0.971, -1.362,  1.357,  0.876], 
          [-0.968, -1.440,  1.083,  0.742], 
          [-1.042, -1.426,  0.873,  0.709], 
          [-1.248, -1.209,  1.360,  0.858], 
          [-1.300, -1.259,  1.106,  0.809], 
          [-1.248, -1.335,  0.893,  0.655], 
          [-1.096, -1.276,  0.837,  0.745], 
          [-1.008, -1.320,  0.832,  0.749], 
          [-0.991, -1.343,  0.454,  0.760], 
          [-0.989, -1.397,  0.095,  0.854], 
          [-1.183, -1.229,  0.838,  0.729], 
          [-1.191, -1.251,  0.463,  0.758], 
          [-1.231, -1.298,  0.084,  0.856], 
          [-1.022, -1.210,  1.577,  0.851], 
          [-1.091, -1.180,  1.581,  0.823], 
          [-1.019, -1.307,  1.547,  0.759], 
          [-1.163, -1.217,  1.566,  0.857], 
          [-1.192, -1.144,  0.037,  0.771], 
          [-1.240, -1.160,  0.041,  0.799], 
          [-1.247, -1.328,  0.034,  0.726], 
          [-0.874, -1.302,  0.064,  0.766], 
          [-0.863, -1.343,  0.064,  0.748], 
          [-1.025, -1.417,  0.054,  0.802]
        ]
    },
    {
        "id": 4,
        "keypoints3d": [
          [-0.188,  1.018,  1.496,  0.821], 
          [-0.197,  1.175,  1.300,  0.885], 
          [-0.347,  1.141,  1.317,  0.871], 
          [-0.447,  1.157,  1.076,  0.775], 
          [-0.482,  1.089,  0.868,  0.797], 
          [-0.048,  1.208,  1.286,  0.840], 
          [ 0.006,  1.249,  1.047,  0.840], 
          [ 0.037,  1.183,  0.841,  0.859], 
          [-0.224,  1.160,  0.790,  0.782], 
          [-0.323,  1.129,  0.798,  0.763], 
          [-0.370,  1.112,  0.449,  0.791], 
          [-0.469,  1.151,  0.091,  0.843], 
          [-0.125,  1.185,  0.788,  0.766], 
          [-0.150,  1.207,  0.436,  0.799], 
          [-0.166,  1.216,  0.089,  0.852], 
          [-0.220,  1.044,  1.538,  0.797], 
          [-0.150,  1.052,  1.540,  0.902], 
          [-0.260,  1.133,  1.518,  0.829], 
          [-0.100,  1.142,  1.507,  0.823], 
          [-0.058,  1.126,  0.045,  0.658], 
          [-0.050,  1.165,  0.048,  0.748], 
          [-0.196,  1.231,  0.041,  0.743], 
          [-0.472,  1.000,  0.048,  0.754], 
          [-0.518,  1.034,  0.051,  0.750], 
          [-0.466,  1.188,  0.048,  0.808]
        ]
    },
    {
        "id": 6,
        "keypoints3d": [
          [-0.371,  0.229,  1.054,  0.855], 
          [-0.210,  0.096,  0.928,  0.869], 
          [-0.071,  0.173,  0.920,  0.811], 
          [ 0.104,  0.092,  0.712,  0.806], 
          [-0.034,  0.264,  0.638,  0.670], 
          [-0.341,  0.019,  0.942,  0.842], 
          [-0.446, -0.187,  0.791,  0.759], 
          [-0.522, -0.023,  0.658,  0.750], 
          [-0.220,  0.060,  0.465,  0.685], 
          [-0.121,  0.107,  0.461,  0.683], 
          [-0.401,  0.463,  0.514,  0.831], 
          [-0.310,  0.464,  0.104,  0.710], 
          [-0.330,  0.004,  0.476,  0.674], 
          [-0.603,  0.340,  0.546,  0.771], 
          [-0.441,  0.371,  0.127,  0.609], 
          [-0.349,  0.253,  1.075,  0.718], 
          [-0.364,  0.194,  1.084,  0.857], 
          [-0.251,  0.268,  1.072,  0.790], 
          [-0.308,  0.135,  1.112,  0.768], 
          [-0.622,  0.448,  0.116,  0.754], 
          [-0.609,  0.391,  0.104,  0.797], 
          [-0.376,  0.370,  0.067,  0.620], 
          [-0.454,  0.553,  0.076,  0.756], 
          [-0.404,  0.578,  0.085,  0.777], 
          [-0.271,  0.446,  0.058,  0.638]
        ]
    }
]
