[
    {
        "id": 0,
        "keypoints3d": [
          [-0.261,  1.022,  1.494,  0.864], 
          [-0.326,  1.180,  1.305,  0.871], 
          [-0.453,  1.136,  1.302,  0.852], 
          [-0.557,  1.140,  1.059,  0.794], 
          [-0.599,  1.072,  0.849,  0.833], 
          [-0.179,  1.232,  1.300,  0.834], 
          [-0.114,  1.276,  1.068,  0.830], 
          [-0.037,  1.223,  0.867,  0.853], 
          [-0.321,  1.162,  0.786,  0.775], 
          [-0.415,  1.132,  0.788,  0.766], 
          [-0.437,  1.147,  0.435,  0.806], 
          [-0.479,  1.154,  0.098,  0.774], 
          [-0.220,  1.193,  0.786,  0.738], 
          [-0.206,  1.209,  0.437,  0.806], 
          [-0.169,  1.228,  0.104,  0.797], 
          [-0.295,  1.034,  1.519,  0.879], 
          [-0.242,  1.058,  1.528,  0.786], 
          [-0.373,  1.096,  1.517,  0.808], 
          [-0.232,  1.162,  1.522,  0.876], 
          [-0.057,  1.118,  0.044,  0.748], 
          [-0.053,  1.163,  0.048,  0.779], 
          [-0.193,  1.236,  0.056,  0.738], 
          [-0.475,  1.009,  0.043,  0.689], 
          [-0.515,  1.035,  0.049,  0.682], 
          [-0.481,  1.186,  0.051,  0.788]
        ]
    },
    {
        "id": 2,
        "keypoints3d": [
          [-1.017, -1.155,  1.513,  0.801], 
          [-1.082, -1.281,  1.348,  0.870], 
          [-0.956, -1.374,  1.353,  0.851], 
          [-0.959, -1.447,  1.101,  0.795], 
          [-0.988, -1.466,  0.921,  0.662], 
          [-1.224, -1.192,  1.350,  0.870], 
          [-1.263, -1.224,  1.085,  0.780], 
          [-1.194, -1.351,  0.882,  0.657], 
          [-1.058, -1.289,  0.837,  0.760], 
          [-0.977, -1.347,  0.838,  0.731], 
          [-0.982, -1.371,  0.439,  0.812], 
          [-0.987, -1.391,  0.089,  0.861], 
          [-1.142, -1.237,  0.836,  0.754], 
          [-1.173, -1.268,  0.449,  0.823], 
          [-1.256, -1.309,  0.080,  0.849], 
          [-0.996, -1.172,  1.553,  0.804], 
          [-1.053, -1.140,  1.552,  0.817], 
          [-0.994, -1.267,  1.547,  0.782], 
          [-1.126, -1.199,  1.532,  0.862], 
          [-1.204, -1.154,  0.043,  0.728], 
          [-1.253, -1.166,  0.046,  0.749], 
          [-1.281, -1.345,  0.027,  0.714], 
          [-0.869, -1.300,  0.055,  0.737], 
          [-0.861, -1.345,  0.057,  0.721], 
          [-1.019, -1.406,  0.058,  0.803]
        ]
    },
    {
        "id": 4,
        "keypoints3d": [
          [-0.193,  0.029,  1.088,  0.851], 
          [-0.348,  0.061,  0.921,  0.853], 
          [-0.389, -0.100,  0.915,  0.818], 
          [-0.513, -0.237,  0.717,  0.687], 
          [-0.267, -0.248,  0.642,  0.760], 
          [-0.303,  0.209,  0.936,  0.785], 
          [-0.331,  0.436,  0.772,  0.893], 
          [-0.164,  0.323,  0.663,  0.838], 
          [-0.298,  0.061,  0.458,  0.734], 
          [-0.326, -0.048,  0.454,  0.693], 
          [ 0.112, -0.166,  0.503,  0.808], 
          [-0.026, -0.255,  0.108,  0.643], 
          [-0.262,  0.169,  0.463,  0.714], 
          [ 0.181,  0.066,  0.503,  0.764], 
          [ 0.178, -0.011,  0.060,  0.776], 
          [-0.196, -0.013,  1.126,  0.869], 
          [-0.203,  0.054,  1.123,  0.880], 
          [-0.275, -0.055,  1.103,  0.817], 
          [-0.266,  0.100,  1.111,  0.860], 
          [ 0.354, -0.002,  0.009,  0.746], 
          [ 0.318,  0.039,  0.006,  0.769], 
          [ 0.125, -0.025,  0.005,  0.690], 
          [ 0.157, -0.354,  0.072,  0.581], 
          [ 0.120, -0.391,  0.065,  0.628], 
          [-0.058, -0.252,  0.054,  0.560]
        ]
    },
    {
        "id": 6,
        "keypoints3d": [
          [ 1.055, -1.322,  1.589,  0.891], 
          [ 1.124, -1.391,  1.390,  0.892], 
          [ 1.236, -1.275,  1.395,  0.858], 
          [ 1.144, -1.166,  1.189,  0.765], 
          [ 0.958, -1.332,  1.201,  0.732], 
          [ 0.985, -1.499,  1.386,  0.879], 
          [ 0.906, -1.439,  1.147,  0.858], 
          [ 1.073, -1.253,  1.180,  0.804], 
          [ 1.083, -1.347,  0.866,  0.810], 
          [ 1.143, -1.263,  0.871,  0.787], 
          [ 1.187, -1.307,  0.482,  0.853], 
          [ 1.245, -1.350,  0.097,  0.850], 
          [ 1.017, -1.426,  0.864,  0.805], 
          [ 1.034, -1.433,  0.478,  0.786], 
          [ 1.076, -1.482,  0.108,  0.769], 
          [ 1.079, -1.307,  1.619,  0.829], 
          [ 1.022, -1.356,  1.611,  0.887], 
          [ 1.169, -1.323,  1.609,  0.867], 
          [ 1.045, -1.437,  1.584,  0.843], 
          [ 0.984, -1.377,  0.061,  0.716], 
          [ 0.967, -1.436,  0.069,  0.726], 
          [ 1.111, -1.486,  0.062,  0.699], 
          [ 1.126, -1.255,  0.047,  0.726], 
          [ 1.196, -1.233,  0.037,  0.737], 
          [ 1.256, -1.386,  0.051,  0.653]
        ]
    }
]
