[
    {
        "id": 0,
        "keypoints3d": [
          [-1.072, -1.102,  1.508,  0.851], 
          [-1.151, -1.252,  1.353,  0.854], 
          [-1.032, -1.350,  1.358,  0.831], 
          [-1.019, -1.440,  1.101,  0.739], 
          [-1.115, -1.424,  0.869,  0.680], 
          [-1.285, -1.156,  1.339,  0.844], 
          [-1.338, -1.189,  1.088,  0.745], 
          [-1.308, -1.301,  0.892,  0.621], 
          [-1.130, -1.279,  0.831,  0.757], 
          [-1.045, -1.330,  0.833,  0.758], 
          [-1.027, -1.359,  0.457,  0.805], 
          [-1.007, -1.384,  0.096,  0.794], 
          [-1.215, -1.226,  0.826,  0.730], 
          [-1.232, -1.272,  0.447,  0.813], 
          [-1.271, -1.301,  0.082,  0.809], 
          [-1.055, -1.119,  1.543,  0.808], 
          [-1.130, -1.101,  1.530,  0.895], 
          [-1.062, -1.221,  1.551,  0.765], 
          [-1.208, -1.142,  1.527,  0.887], 
          [-1.207, -1.150,  0.036,  0.695], 
          [-1.263, -1.163,  0.043,  0.714], 
          [-1.277, -1.344,  0.027,  0.704], 
          [-0.881, -1.293,  0.062,  0.733], 
          [-0.871, -1.330,  0.065,  0.718], 
          [-1.022, -1.409,  0.058,  0.779]
        ]
    },
    {
        "id": 2,
        "keypoints3d": [
          [-0.310,  1.015,  1.497,  0.855], 
          [-0.382,  1.179,  1.303,  0.881], 
          [-0.522,  1.130,  1.291,  0.849], 
          [-0.613,  1.140,  1.046,  0.800], 
          [-0.653,  1.072,  0.836,  0.801], 
          [-0.248,  1.219,  1.302,  0.843], 
          [-0.158,  1.269,  1.066,  0.827], 
          [-0.100,  1.215,  0.865,  0.855], 
          [-0.368,  1.159,  0.786,  0.763], 
          [-0.467,  1.126,  0.786,  0.762], 
          [-0.462,  1.147,  0.433,  0.836], 
          [-0.486,  1.157,  0.086,  0.838], 
          [-0.271,  1.191,  0.787,  0.745], 
          [-0.243,  1.209,  0.446,  0.804], 
          [-0.172,  1.218,  0.091,  0.811], 
          [-0.348,  1.023,  1.514,  0.891], 
          [-0.288,  1.074,  1.517,  0.787], 
          [-0.433,  1.088,  1.512,  0.907], 
          [-0.289,  1.169,  1.516,  0.839], 
          [-0.059,  1.118,  0.047,  0.748], 
          [-0.057,  1.164,  0.053,  0.781], 
          [-0.188,  1.234,  0.051,  0.770], 
          [-0.472,  1.009,  0.047,  0.716], 
          [-0.512,  1.031,  0.045,  0.703], 
          [-0.480,  1.189,  0.042,  0.780]
        ]
    },
    {
        "id": 4,
        "keypoints3d": [
          [ 1.054, -1.318,  1.587,  0.878], 
          [ 1.131, -1.395,  1.390,  0.876], 
          [ 1.246, -1.280,  1.393,  0.829], 
          [ 1.143, -1.167,  1.188,  0.724], 
          [ 0.952, -1.319,  1.210,  0.745], 
          [ 0.998, -1.502,  1.385,  0.858], 
          [ 0.906, -1.439,  1.151,  0.851], 
          [ 1.063, -1.238,  1.183,  0.792], 
          [ 1.086, -1.351,  0.862,  0.760], 
          [ 1.147, -1.270,  0.869,  0.721], 
          [ 1.181, -1.312,  0.472,  0.842], 
          [ 1.239, -1.352,  0.084,  0.727], 
          [ 1.016, -1.425,  0.866,  0.760], 
          [ 1.038, -1.438,  0.473,  0.718], 
          [ 1.081, -1.480,  0.107,  0.842], 
          [ 1.083, -1.307,  1.615,  0.815], 
          [ 1.027, -1.359,  1.609,  0.873], 
          [ 1.175, -1.322,  1.607,  0.880], 
          [ 1.060, -1.436,  1.583,  0.869], 
          [ 0.985, -1.372,  0.062,  0.714], 
          [ 0.968, -1.438,  0.067,  0.725], 
          [ 1.116, -1.492,  0.055,  0.699], 
          [ 1.129, -1.260,  0.040,  0.721], 
          [ 1.199, -1.236,  0.040,  0.725], 
          [ 1.254, -1.389,  0.039,  0.626]
        ]
    },
    {
        "id": 6,
        "keypoints3d": [
          [-0.117, -0.107,  1.055,  0.824], 
          [-0.280,  0.018,  0.925,  0.877], 
          [-0.379, -0.110,  0.917,  0.825], 
          [-0.575, -0.156,  0.750,  0.778], 
          [-0.361, -0.225,  0.638,  0.761], 
          [-0.191,  0.149,  0.932,  0.830], 
          [-0.178,  0.370,  0.793,  0.837], 
          [-0.083,  0.241,  0.665,  0.844], 
          [-0.282,  0.063,  0.453,  0.695], 
          [-0.347, -0.030,  0.451,  0.660], 
          [-0.010, -0.337,  0.473,  0.615], 
          [-0.105, -0.357,  0.073,  0.730], 
          [-0.213,  0.153,  0.461,  0.672], 
          [ 0.191, -0.084,  0.522,  0.827], 
          [ 0.217, -0.022,  0.102,  0.776], 
          [-0.143, -0.138,  1.091,  0.643], 
          [-0.111, -0.084,  1.080,  0.848], 
          [-0.236, -0.146,  1.086,  0.808], 
          [-0.154, -0.002,  1.096,  0.830], 
          [ 0.370, -0.096,  0.065,  0.819], 
          [ 0.366, -0.033,  0.066,  0.832], 
          [ 0.171, -0.002,  0.037,  0.676], 
          [ 0.010, -0.499,  0.041,  0.778], 
          [-0.040, -0.501,  0.038,  0.673], 
          [-0.136, -0.334,  0.040,  0.714]
        ]
    }
]
