[
    {
        "id": 0,
        "keypoints3d": [
          [-0.933, -1.201,  1.519,  0.820], 
          [-1.008, -1.321,  1.347,  0.862], 
          [-0.878, -1.404,  1.341,  0.858], 
          [-0.887, -1.505,  1.083,  0.779], 
          [-0.910, -1.512,  0.898,  0.808], 
          [-1.152, -1.236,  1.348,  0.845], 
          [-1.187, -1.308,  1.079,  0.740], 
          [-1.131, -1.397,  0.870,  0.706], 
          [-0.986, -1.328,  0.818,  0.750], 
          [-0.903, -1.387,  0.814,  0.757], 
          [-0.928, -1.390,  0.436,  0.771], 
          [-0.970, -1.397,  0.088,  0.852], 
          [-1.057, -1.262,  0.832,  0.727], 
          [-1.035, -1.193,  0.473,  0.761], 
          [-1.155, -1.284,  0.124,  0.820], 
          [-0.906, -1.222,  1.545,  0.855], 
          [-0.981, -1.198,  1.552,  0.853], 
          [-0.917, -1.324,  1.531,  0.782], 
          [-1.058, -1.264,  1.540,  0.861], 
          [-1.125, -1.152,  0.059,  0.735], 
          [-1.181, -1.173,  0.060,  0.765], 
          [-1.185, -1.344,  0.070,  0.718], 
          [-0.868, -1.303,  0.060,  0.732], 
          [-0.857, -1.353,  0.059,  0.784], 
          [-1.005, -1.407,  0.059,  0.691]
        ]
    },
    {
        "id": 2,
        "keypoints3d": [
          [-0.224,  1.014,  1.489,  0.886], 
          [-0.266,  1.188,  1.300,  0.890], 
          [-0.411,  1.124,  1.308,  0.865], 
          [-0.508,  1.140,  1.065,  0.816], 
          [-0.523,  1.058,  0.854,  0.792], 
          [-0.132,  1.235,  1.293,  0.861], 
          [-0.072,  1.276,  1.066,  0.818], 
          [-0.005,  1.222,  0.877,  0.822], 
          [-0.267,  1.170,  0.794,  0.771], 
          [-0.356,  1.129,  0.797,  0.764], 
          [-0.404,  1.139,  0.442,  0.791], 
          [-0.470,  1.158,  0.099,  0.805], 
          [-0.172,  1.200,  0.785,  0.752], 
          [-0.189,  1.205,  0.442,  0.833], 
          [-0.168,  1.222,  0.097,  0.817], 
          [-0.258,  1.039,  1.514,  0.849], 
          [-0.181,  1.050,  1.524,  0.764], 
          [-0.323,  1.113,  1.512,  0.864], 
          [-0.164,  1.157,  1.518,  0.735], 
          [-0.053,  1.125,  0.048,  0.747], 
          [-0.053,  1.167,  0.052,  0.776], 
          [-0.192,  1.229,  0.051,  0.673], 
          [-0.459,  1.017,  0.053,  0.739], 
          [-0.495,  1.044,  0.050,  0.738], 
          [-0.485,  1.188,  0.045,  0.788]
        ]
    },
    {
        "id": 4,
        "keypoints3d": [
          [ 1.041, -1.320,  1.586,  0.871], 
          [ 1.127, -1.401,  1.390,  0.867], 
          [ 1.245, -1.293,  1.395,  0.856], 
          [ 1.148, -1.153,  1.193,  0.828], 
          [ 0.966, -1.318,  1.208,  0.732], 
          [ 0.984, -1.502,  1.382,  0.842], 
          [ 0.899, -1.435,  1.145,  0.866], 
          [ 1.065, -1.239,  1.184,  0.802], 
          [ 1.080, -1.343,  0.860,  0.772], 
          [ 1.145, -1.268,  0.868,  0.765], 
          [ 1.186, -1.307,  0.475,  0.808], 
          [ 1.245, -1.349,  0.088,  0.851], 
          [ 1.009, -1.417,  0.863,  0.758], 
          [ 1.035, -1.435,  0.472,  0.767], 
          [ 1.080, -1.477,  0.109,  0.845], 
          [ 1.076, -1.296,  1.616,  0.805], 
          [ 1.015, -1.360,  1.609,  0.869], 
          [ 1.163, -1.338,  1.605,  0.782], 
          [ 1.039, -1.430,  1.587,  0.830], 
          [ 0.990, -1.367,  0.062,  0.647], 
          [ 0.971, -1.432,  0.072,  0.663], 
          [ 1.110, -1.490,  0.060,  0.684], 
          [ 1.133, -1.252,  0.046,  0.695], 
          [ 1.197, -1.235,  0.038,  0.706], 
          [ 1.252, -1.381,  0.037,  0.667]
        ]
    },
    {
        "id": 6,
        "keypoints3d": [
          [-0.289,  0.093,  1.104,  0.838], 
          [-0.392, -0.005,  0.909,  0.853], 
          [-0.338, -0.162,  0.908,  0.824], 
          [-0.324, -0.306,  0.689,  0.728], 
          [-0.125, -0.215,  0.646,  0.690], 
          [-0.440,  0.151,  0.915,  0.810], 
          [-0.547,  0.303,  0.710,  0.790], 
          [-0.337,  0.313,  0.647,  0.832], 
          [-0.293,  0.048,  0.448,  0.692], 
          [-0.255, -0.059,  0.452,  0.683], 
          [ 0.188,  0.086,  0.539,  0.858], 
          [ 0.178, -0.019,  0.154,  0.776], 
          [-0.323,  0.150,  0.450,  0.690], 
          [ 0.119,  0.293,  0.553,  0.856], 
          [ 0.099,  0.231,  0.112,  0.728], 
          [-0.280,  0.054,  1.140,  0.765], 
          [-0.338,  0.093,  1.134,  0.871], 
          [-0.296, -0.035,  1.112,  0.747], 
          [-0.410,  0.059,  1.105,  0.770], 
          [ 0.301,  0.234,  0.091,  0.695], 
          [ 0.255,  0.285,  0.074,  0.733], 
          [ 0.063,  0.224,  0.059,  0.559], 
          [ 0.358,  0.043,  0.119,  0.648], 
          [ 0.322, -0.016,  0.110,  0.644], 
          [ 0.160, -0.043,  0.111,  0.644]
        ]
    }
]
