[
    {
        "id": 0,
        "keypoints3d": [
          [ 1.031, -1.322,  1.576,  0.881], 
          [ 1.127, -1.400,  1.388,  0.861], 
          [ 1.246, -1.289,  1.391,  0.818], 
          [ 1.141, -1.153,  1.187,  0.846], 
          [ 0.971, -1.351,  1.203,  0.819], 
          [ 0.989, -1.508,  1.381,  0.822], 
          [ 0.896, -1.429,  1.146,  0.854], 
          [ 1.068, -1.232,  1.180,  0.763], 
          [ 1.087, -1.351,  0.865,  0.723], 
          [ 1.148, -1.270,  0.869,  0.712], 
          [ 1.176, -1.304,  0.478,  0.763], 
          [ 1.238, -1.348,  0.091,  0.781], 
          [ 1.017, -1.427,  0.861,  0.706], 
          [ 1.035, -1.436,  0.476,  0.672], 
          [ 1.074, -1.466,  0.104,  0.842], 
          [ 1.075, -1.314,  1.624,  0.839], 
          [ 1.015, -1.361,  1.601,  0.877], 
          [ 1.172, -1.331,  1.607,  0.822], 
          [ 1.045, -1.458,  1.583,  0.861], 
          [ 0.973, -1.360,  0.058,  0.711], 
          [ 0.959, -1.433,  0.061,  0.718], 
          [ 1.104, -1.486,  0.050,  0.702], 
          [ 1.117, -1.244,  0.049,  0.726], 
          [ 1.182, -1.222,  0.047,  0.727], 
          [ 1.251, -1.386,  0.049,  0.665]
        ]
    },
    {
        "id": 2,
        "keypoints3d": [
          [-0.195,  1.012,  1.495,  0.910], 
          [-0.220,  1.177,  1.300,  0.869], 
          [-0.369,  1.135,  1.313,  0.869], 
          [-0.473,  1.158,  1.078,  0.840], 
          [-0.505,  1.089,  0.865,  0.876], 
          [-0.078,  1.217,  1.287,  0.846], 
          [-0.020,  1.254,  1.041,  0.834], 
          [ 0.012,  1.195,  0.832,  0.859], 
          [-0.245,  1.160,  0.783,  0.762], 
          [-0.344,  1.131,  0.794,  0.743], 
          [-0.387,  1.126,  0.440,  0.780], 
          [-0.474,  1.153,  0.091,  0.844], 
          [-0.153,  1.189,  0.778,  0.760], 
          [-0.173,  1.201,  0.436,  0.771], 
          [-0.166,  1.220,  0.089,  0.826], 
          [-0.239,  1.041,  1.531,  0.861], 
          [-0.158,  1.049,  1.532,  0.888], 
          [-0.284,  1.121,  1.518,  0.871], 
          [-0.111,  1.139,  1.511,  0.871], 
          [-0.062,  1.132,  0.040,  0.732], 
          [-0.056,  1.168,  0.047,  0.759], 
          [-0.191,  1.229,  0.040,  0.717], 
          [-0.472,  1.002,  0.049,  0.759], 
          [-0.513,  1.029,  0.053,  0.739], 
          [-0.471,  1.194,  0.045,  0.802]
        ]
    },
    {
        "id": 4,
        "keypoints3d": [
          [-0.971, -1.204,  1.539,  0.850], 
          [-1.053, -1.305,  1.354,  0.884], 
          [-0.915, -1.394,  1.342,  0.831], 
          [-0.933, -1.477,  1.077,  0.767], 
          [-0.974, -1.457,  0.897,  0.788], 
          [-1.198, -1.221,  1.366,  0.857], 
          [-1.250, -1.256,  1.098,  0.781], 
          [-1.176, -1.361,  0.874,  0.701], 
          [-1.044, -1.289,  0.839,  0.739], 
          [-0.954, -1.340,  0.830,  0.732], 
          [-0.953, -1.354,  0.440,  0.798], 
          [-0.979, -1.396,  0.085,  0.861], 
          [-1.134, -1.242,  0.844,  0.735], 
          [-1.138, -1.234,  0.456,  0.820], 
          [-1.232, -1.297,  0.083,  0.856], 
          [-0.957, -1.236,  1.562,  0.798], 
          [-1.014, -1.194,  1.580,  0.855], 
          [-0.954, -1.332,  1.536,  0.756], 
          [-1.104, -1.239,  1.567,  0.877], 
          [-1.191, -1.144,  0.034,  0.760], 
          [-1.234, -1.163,  0.039,  0.806], 
          [-1.259, -1.331,  0.041,  0.749], 
          [-0.873, -1.301,  0.056,  0.758], 
          [-0.858, -1.347,  0.056,  0.746], 
          [-1.016, -1.413,  0.050,  0.773]
        ]
    },
    {
        "id": 6,
        "keypoints3d": [
          [-0.278,  0.204,  1.071,  0.860], 
          [-0.180,  0.032,  0.913,  0.863], 
          [-0.032,  0.082,  0.912,  0.817], 
          [ 0.115, -0.028,  0.683,  0.776], 
          [ 0.047,  0.182,  0.630,  0.855], 
          [-0.323, -0.003,  0.930,  0.804], 
          [-0.492, -0.143,  0.747,  0.812], 
          [-0.509,  0.061,  0.641,  0.720], 
          [-0.226,  0.040,  0.455,  0.718], 
          [-0.125,  0.077,  0.455,  0.694], 
          [-0.269,  0.475,  0.555,  0.847], 
          [-0.218,  0.437,  0.150,  0.698], 
          [-0.330,  0.015,  0.452,  0.666], 
          [-0.514,  0.420,  0.515,  0.818], 
          [-0.334,  0.387,  0.150,  0.742], 
          [-0.261,  0.221,  1.112,  0.838], 
          [-0.279,  0.157,  1.121,  0.884], 
          [-0.160,  0.203,  1.088,  0.799], 
          [-0.253,  0.064,  1.120,  0.766], 
          [-0.398,  0.486,  0.066,  0.714], 
          [-0.412,  0.439,  0.064,  0.746], 
          [-0.261,  0.356,  0.077,  0.609], 
          [-0.319,  0.612,  0.160,  0.714], 
          [-0.260,  0.605,  0.149,  0.729], 
          [-0.212,  0.404,  0.096,  0.560]
        ]
    }
]
