[
    {
        "id": 0,
        "keypoints3d": [
          [-1.025, -1.145,  1.512,  0.845], 
          [-1.104, -1.279,  1.352,  0.855], 
          [-0.975, -1.366,  1.354,  0.859], 
          [-0.978, -1.448,  1.098,  0.809], 
          [-1.010, -1.464,  0.924,  0.657], 
          [-1.233, -1.185,  1.351,  0.848], 
          [-1.283, -1.205,  1.092,  0.813], 
          [-1.210, -1.318,  0.868,  0.549], 
          [-1.080, -1.294,  0.831,  0.760], 
          [-0.996, -1.347,  0.830,  0.748], 
          [-0.995, -1.366,  0.445,  0.811], 
          [-0.987, -1.391,  0.091,  0.853], 
          [-1.159, -1.234,  0.829,  0.744], 
          [-1.193, -1.279,  0.447,  0.826], 
          [-1.256, -1.306,  0.078,  0.853], 
          [-1.008, -1.172,  1.551,  0.829], 
          [-1.075, -1.136,  1.551,  0.801], 
          [-1.011, -1.262,  1.551,  0.769], 
          [-1.149, -1.189,  1.533,  0.821], 
          [-1.201, -1.156,  0.040,  0.727], 
          [-1.251, -1.169,  0.045,  0.746], 
          [-1.277, -1.344,  0.029,  0.706], 
          [-0.873, -1.299,  0.058,  0.760], 
          [-0.863, -1.344,  0.059,  0.746], 
          [-1.021, -1.406,  0.062,  0.796]
        ]
    },
    {
        "id": 2,
        "keypoints3d": [
          [-0.271,  1.025,  1.494,  0.843], 
          [-0.344,  1.177,  1.306,  0.876], 
          [-0.473,  1.131,  1.299,  0.838], 
          [-0.578,  1.139,  1.061,  0.812], 
          [-0.617,  1.071,  0.844,  0.864], 
          [-0.201,  1.231,  1.300,  0.835], 
          [-0.130,  1.281,  1.067,  0.842], 
          [-0.051,  1.228,  0.867,  0.877], 
          [-0.332,  1.161,  0.788,  0.778], 
          [-0.428,  1.128,  0.786,  0.761], 
          [-0.445,  1.148,  0.434,  0.786], 
          [-0.482,  1.155,  0.091,  0.835], 
          [-0.241,  1.196,  0.789,  0.741], 
          [-0.218,  1.212,  0.435,  0.785], 
          [-0.169,  1.226,  0.100,  0.765], 
          [-0.308,  1.028,  1.519,  0.897], 
          [-0.250,  1.059,  1.523,  0.883], 
          [-0.396,  1.094,  1.512,  0.810], 
          [-0.241,  1.161,  1.517,  0.841], 
          [-0.056,  1.120,  0.048,  0.744], 
          [-0.054,  1.167,  0.054,  0.774], 
          [-0.192,  1.234,  0.053,  0.713], 
          [-0.473,  1.008,  0.042,  0.690], 
          [-0.514,  1.032,  0.047,  0.682], 
          [-0.478,  1.187,  0.046,  0.789]
        ]
    },
    {
        "id": 4,
        "keypoints3d": [
          [ 1.059, -1.319,  1.590,  0.893], 
          [ 1.127, -1.396,  1.391,  0.895], 
          [ 1.237, -1.274,  1.393,  0.862], 
          [ 1.152, -1.157,  1.189,  0.799], 
          [ 0.971, -1.325,  1.198,  0.675], 
          [ 0.989, -1.501,  1.385,  0.879], 
          [ 0.907, -1.442,  1.147,  0.859], 
          [ 1.070, -1.255,  1.178,  0.806], 
          [ 1.083, -1.348,  0.864,  0.811], 
          [ 1.144, -1.265,  0.869,  0.787], 
          [ 1.186, -1.308,  0.474,  0.846], 
          [ 1.244, -1.351,  0.087,  0.824], 
          [ 1.017, -1.427,  0.861,  0.802], 
          [ 1.032, -1.434,  0.477,  0.790], 
          [ 1.078, -1.479,  0.106,  0.758], 
          [ 1.079, -1.308,  1.615,  0.821], 
          [ 1.022, -1.355,  1.611,  0.886], 
          [ 1.169, -1.319,  1.609,  0.867], 
          [ 1.037, -1.430,  1.583,  0.849], 
          [ 0.985, -1.368,  0.062,  0.719], 
          [ 0.966, -1.434,  0.067,  0.723], 
          [ 1.108, -1.491,  0.057,  0.697], 
          [ 1.128, -1.251,  0.043,  0.721], 
          [ 1.198, -1.234,  0.040,  0.727], 
          [ 1.255, -1.387,  0.039,  0.634]
        ]
    },
    {
        "id": 6,
        "keypoints3d": [
          [-0.157, -0.004,  1.066,  0.853], 
          [-0.325,  0.059,  0.918,  0.832], 
          [-0.389, -0.102,  0.919,  0.826], 
          [-0.528, -0.226,  0.727,  0.744], 
          [-0.308, -0.252,  0.640,  0.706], 
          [-0.244,  0.198,  0.943,  0.817], 
          [-0.276,  0.422,  0.786,  0.883], 
          [-0.121,  0.291,  0.661,  0.668], 
          [-0.291,  0.060,  0.462,  0.739], 
          [-0.335, -0.049,  0.454,  0.696], 
          [ 0.085, -0.256,  0.505,  0.722], 
          [-0.063, -0.302,  0.124,  0.757], 
          [-0.242,  0.162,  0.469,  0.724], 
          [ 0.174,  0.024,  0.493,  0.747], 
          [ 0.149, -0.011,  0.035,  0.785], 
          [-0.194, -0.033,  1.098,  0.856], 
          [-0.166,  0.024,  1.112,  0.882], 
          [-0.267, -0.070,  1.092,  0.792], 
          [-0.233,  0.093,  1.112,  0.759], 
          [ 0.343, -0.007,  0.002,  0.740], 
          [ 0.301,  0.033,  0.003,  0.769], 
          [ 0.101, -0.026, -0.024,  0.710], 
          [ 0.051, -0.457,  0.048,  0.761], 
          [ 0.001, -0.458,  0.060,  0.766], 
          [-0.104, -0.289,  0.081,  0.600]
        ]
    }
]
