[
    {
        "id": 0,
        "keypoints3d": [
          [-1.056, -1.164,  1.547,  0.843], 
          [-1.130, -1.284,  1.354,  0.864], 
          [-0.981, -1.354,  1.354,  0.870], 
          [-0.974, -1.432,  1.080,  0.774], 
          [-1.037, -1.437,  0.882,  0.731], 
          [-1.273, -1.215,  1.358,  0.845], 
          [-1.327, -1.258,  1.113,  0.784], 
          [-1.282, -1.355,  0.915,  0.664], 
          [-1.128, -1.265,  0.830,  0.757], 
          [-1.027, -1.310,  0.828,  0.743], 
          [-1.016, -1.330,  0.446,  0.798], 
          [-0.991, -1.395,  0.102,  0.846], 
          [-1.228, -1.227,  0.833,  0.732], 
          [-1.224, -1.251,  0.454,  0.786], 
          [-1.234, -1.302,  0.079,  0.780], 
          [-1.037, -1.187,  1.576,  0.833], 
          [-1.112, -1.184,  1.575,  0.898], 
          [-1.038, -1.293,  1.543,  0.786], 
          [-1.196, -1.218,  1.560,  0.872], 
          [-1.197, -1.141,  0.039,  0.756], 
          [-1.243, -1.162,  0.041,  0.777], 
          [-1.249, -1.335,  0.033,  0.717], 
          [-0.871, -1.297,  0.061,  0.744], 
          [-0.865, -1.335,  0.065,  0.741], 
          [-1.021, -1.419,  0.059,  0.787]
        ]
    },
    {
        "id": 2,
        "keypoints3d": [
          [-0.177,  1.027,  1.497,  0.828], 
          [-0.191,  1.178,  1.301,  0.878], 
          [-0.342,  1.144,  1.313,  0.867], 
          [-0.435,  1.161,  1.078,  0.818], 
          [-0.475,  1.095,  0.868,  0.841], 
          [-0.040,  1.214,  1.291,  0.847], 
          [ 0.015,  1.253,  1.046,  0.835], 
          [ 0.056,  1.187,  0.845,  0.848], 
          [-0.214,  1.160,  0.790,  0.785], 
          [-0.317,  1.133,  0.799,  0.762], 
          [-0.361,  1.107,  0.458,  0.815], 
          [-0.467,  1.147,  0.093,  0.837], 
          [-0.112,  1.186,  0.791,  0.765], 
          [-0.143,  1.210,  0.439,  0.815], 
          [-0.166,  1.216,  0.089,  0.865], 
          [-0.206,  1.047,  1.540,  0.791], 
          [-0.146,  1.055,  1.540,  0.894], 
          [-0.251,  1.135,  1.517,  0.852], 
          [-0.092,  1.141,  1.510,  0.805], 
          [-0.059,  1.131,  0.046,  0.720], 
          [-0.049,  1.168,  0.053,  0.743], 
          [-0.192,  1.227,  0.041,  0.755], 
          [-0.471,  1.008,  0.039,  0.717], 
          [-0.513,  1.036,  0.044,  0.711], 
          [-0.462,  1.184,  0.053,  0.810]
        ]
    },
    {
        "id": 4,
        "keypoints3d": [
          [ 1.040, -1.314,  1.577,  0.883], 
          [ 1.131, -1.396,  1.388,  0.862], 
          [ 1.246, -1.286,  1.393,  0.815], 
          [ 1.139, -1.156,  1.183,  0.835], 
          [ 0.976, -1.348,  1.203,  0.813], 
          [ 0.994, -1.502,  1.382,  0.822], 
          [ 0.905, -1.432,  1.148,  0.858], 
          [ 1.067, -1.233,  1.179,  0.755], 
          [ 1.091, -1.348,  0.867,  0.726], 
          [ 1.151, -1.268,  0.873,  0.713], 
          [ 1.180, -1.300,  0.480,  0.805], 
          [ 1.237, -1.347,  0.091,  0.773], 
          [ 1.021, -1.426,  0.864,  0.711], 
          [ 1.039, -1.434,  0.471,  0.685], 
          [ 1.071, -1.466,  0.100,  0.840], 
          [ 1.077, -1.298,  1.616,  0.799], 
          [ 1.021, -1.354,  1.605,  0.875], 
          [ 1.175, -1.320,  1.607,  0.899], 
          [ 1.049, -1.448,  1.582,  0.858], 
          [ 0.969, -1.352,  0.061,  0.716], 
          [ 0.957, -1.430,  0.060,  0.719], 
          [ 1.105, -1.482,  0.049,  0.703], 
          [ 1.115, -1.247,  0.049,  0.730], 
          [ 1.182, -1.222,  0.047,  0.731], 
          [ 1.250, -1.380,  0.046,  0.670]
        ]
    },
    {
        "id": 6,
        "keypoints3d": [
          [-0.409,  0.234,  1.037,  0.781], 
          [-0.223,  0.115,  0.924,  0.859], 
          [-0.095,  0.211,  0.913,  0.790], 
          [ 0.067,  0.126,  0.733,  0.790], 
          [-0.052,  0.272,  0.633,  0.872], 
          [-0.352,  0.028,  0.934,  0.833], 
          [-0.427, -0.195,  0.792,  0.734], 
          [-0.517, -0.041,  0.659,  0.734], 
          [-0.225,  0.049,  0.477,  0.683], 
          [-0.131,  0.105,  0.465,  0.676], 
          [-0.459,  0.442,  0.504,  0.809], 
          [-0.315,  0.462,  0.101,  0.720], 
          [-0.329,  0.001,  0.487,  0.680], 
          [-0.632,  0.309,  0.559,  0.747], 
          [-0.538,  0.324,  0.153,  0.719], 
          [-0.390,  0.274,  1.073,  0.632], 
          [-0.403,  0.214,  1.069,  0.848], 
          [-0.302,  0.299,  1.073,  0.791], 
          [-0.329,  0.150,  1.090,  0.798], 
          [-0.721,  0.361,  0.135,  0.695], 
          [-0.692,  0.303,  0.137,  0.686], 
          [-0.501,  0.326,  0.098,  0.762], 
          [-0.461,  0.541,  0.069,  0.761], 
          [-0.403,  0.568,  0.072,  0.771], 
          [-0.277,  0.429,  0.054,  0.628]
        ]
    }
]
