[
    {
        "id": 0,
        "keypoints3d": [
          [-1.132, -1.143,  1.518,  0.898], 
          [-1.197, -1.273,  1.342,  0.876], 
          [-1.055, -1.329,  1.342,  0.862], 
          [-1.045, -1.404,  1.076,  0.777], 
          [-1.137, -1.386,  0.868,  0.768], 
          [-1.350, -1.197,  1.351,  0.847], 
          [-1.412, -1.242,  1.100,  0.765], 
          [-1.317, -1.348,  0.889,  0.591], 
          [-1.183, -1.241,  0.830,  0.758], 
          [-1.087, -1.267,  0.827,  0.745], 
          [-1.042, -1.254,  0.470,  0.847], 
          [-1.041, -1.353,  0.108,  0.870], 
          [-1.286, -1.216,  0.830,  0.731], 
          [-1.277, -1.246,  0.445,  0.835], 
          [-1.242, -1.301,  0.078,  0.852], 
          [-1.109, -1.161,  1.553,  0.778], 
          [-1.173, -1.136,  1.559,  0.847], 
          [-1.090, -1.258,  1.539,  0.784], 
          [-1.238, -1.197,  1.544,  0.854], 
          [-1.199, -1.146,  0.040,  0.766], 
          [-1.246, -1.163,  0.043,  0.793], 
          [-1.245, -1.329,  0.033,  0.682], 
          [-0.938, -1.250,  0.077,  0.707], 
          [-0.922, -1.300,  0.076,  0.703], 
          [-1.054, -1.379,  0.052,  0.765]
        ]
    },
    {
        "id": 2,
        "keypoints3d": [
          [ 1.043, -1.310,  1.578,  0.881], 
          [ 1.134, -1.394,  1.387,  0.863], 
          [ 1.249, -1.282,  1.391,  0.809], 
          [ 1.139, -1.157,  1.180,  0.823], 
          [ 0.975, -1.355,  1.200,  0.791], 
          [ 0.999, -1.506,  1.382,  0.815], 
          [ 0.905, -1.430,  1.147,  0.861], 
          [ 1.075, -1.233,  1.175,  0.768], 
          [ 1.093, -1.347,  0.865,  0.726], 
          [ 1.152, -1.265,  0.870,  0.711], 
          [ 1.182, -1.299,  0.483,  0.796], 
          [ 1.236, -1.348,  0.089,  0.781], 
          [ 1.022, -1.426,  0.864,  0.714], 
          [ 1.040, -1.435,  0.478,  0.701], 
          [ 1.074, -1.472,  0.097,  0.841], 
          [ 1.076, -1.295,  1.613,  0.810], 
          [ 1.022, -1.353,  1.605,  0.871], 
          [ 1.174, -1.318,  1.605,  0.892], 
          [ 1.053, -1.446,  1.580,  0.857], 
          [ 0.975, -1.357,  0.058,  0.716], 
          [ 0.958, -1.431,  0.059,  0.721], 
          [ 1.106, -1.484,  0.047,  0.706], 
          [ 1.116, -1.240,  0.050,  0.731], 
          [ 1.182, -1.223,  0.046,  0.732], 
          [ 1.251, -1.382,  0.042,  0.668]
        ]
    },
    {
        "id": 4,
        "keypoints3d": [
          [-0.149,  1.038,  1.490,  0.835], 
          [-0.148,  1.187,  1.297,  0.871], 
          [-0.294,  1.147,  1.305,  0.861], 
          [-0.385,  1.174,  1.067,  0.871], 
          [-0.421,  1.106,  0.853,  0.863], 
          [-0.001,  1.230,  1.292,  0.861], 
          [ 0.064,  1.264,  1.053,  0.833], 
          [ 0.112,  1.201,  0.860,  0.830], 
          [-0.168,  1.165,  0.786,  0.772], 
          [-0.266,  1.126,  0.794,  0.746], 
          [-0.327,  1.044,  0.467,  0.830], 
          [-0.448,  1.130,  0.123,  0.880], 
          [-0.070,  1.199,  0.782,  0.746], 
          [-0.115,  1.222,  0.431,  0.800], 
          [-0.158,  1.215,  0.091,  0.872], 
          [-0.172,  1.059,  1.534,  0.833], 
          [-0.115,  1.068,  1.537,  0.869], 
          [-0.211,  1.147,  1.509,  0.841], 
          [-0.048,  1.142,  1.510,  0.789], 
          [-0.056,  1.124,  0.035,  0.735], 
          [-0.051,  1.166,  0.046,  0.761], 
          [-0.187,  1.221,  0.039,  0.767], 
          [-0.470,  1.004,  0.047,  0.729], 
          [-0.500,  1.025,  0.054,  0.738], 
          [-0.442,  1.165,  0.089,  0.824]
        ]
    },
    {
        "id": 6,
        "keypoints3d": [
          [-0.647,  0.297,  0.921,  0.739], 
          [-0.412,  0.236,  0.895,  0.861], 
          [-0.332,  0.369,  0.888,  0.790], 
          [-0.245,  0.458,  0.788,  0.824], 
          [-0.326,  0.479,  0.592,  0.822], 
          [-0.487,  0.088,  0.912,  0.775], 
          [-0.390, -0.147,  0.892,  0.731], 
          [-0.405, -0.145,  0.667,  0.759], 
          [-0.291,  0.090,  0.487,  0.736], 
          [-0.235,  0.190,  0.477,  0.698], 
          [-0.578,  0.368,  0.416,  0.739], 
          [-0.383,  0.398,  0.094,  0.741], 
          [-0.346, -0.003,  0.506,  0.689], 
          [-0.708,  0.137,  0.480,  0.895], 
          [-0.577,  0.145,  0.100,  0.857], 
          [-0.639,  0.340,  0.944,  0.721], 
          [-0.642,  0.277,  0.964,  0.827], 
          [-0.568,  0.392,  0.981,  0.678], 
          [-0.569,  0.245,  1.010,  0.799], 
          [-0.733,  0.140,  0.047,  0.840], 
          [-0.706,  0.097,  0.046,  0.829], 
          [-0.518,  0.140,  0.054,  0.754], 
          [-0.520,  0.454,  0.048,  0.822], 
          [-0.468,  0.480,  0.047,  0.725], 
          [-0.317,  0.384,  0.055,  0.550]
        ]
    }
]
