[
    {
        "id": 0,
        "keypoints3d": [
          [-1.102, -1.153,  1.527,  0.828], 
          [-1.162, -1.274,  1.353,  0.877], 
          [-1.010, -1.339,  1.348,  0.854], 
          [-1.003, -1.417,  1.074,  0.791], 
          [-1.084, -1.404,  0.846,  0.722], 
          [-1.307, -1.208,  1.352,  0.857], 
          [-1.353, -1.255,  1.098,  0.795], 
          [-1.320, -1.350,  0.896,  0.748], 
          [-1.151, -1.254,  0.829,  0.759], 
          [-1.058, -1.283,  0.829,  0.760], 
          [-1.005, -1.286,  0.467,  0.826], 
          [-0.995, -1.382,  0.110,  0.839], 
          [-1.253, -1.229,  0.829,  0.747], 
          [-1.248, -1.258,  0.451,  0.784], 
          [-1.240, -1.298,  0.081,  0.856], 
          [-1.080, -1.184,  1.565,  0.834], 
          [-1.143, -1.151,  1.570,  0.821], 
          [-1.069, -1.280,  1.542,  0.784], 
          [-1.215, -1.206,  1.551,  0.884], 
          [-1.197, -1.141,  0.041,  0.800], 
          [-1.244, -1.156,  0.044,  0.820], 
          [-1.251, -1.336,  0.036,  0.704], 
          [-0.876, -1.298,  0.065,  0.729], 
          [-0.865, -1.327,  0.070,  0.729], 
          [-1.022, -1.406,  0.061,  0.789]
        ]
    },
    {
        "id": 2,
        "keypoints3d": [
          [-0.248,  1.060,  1.482,  0.810], 
          [-0.179,  1.179,  1.300,  0.875], 
          [-0.325,  1.144,  1.311,  0.852], 
          [-0.424,  1.168,  1.073,  0.813], 
          [-0.460,  1.101,  0.871,  0.804], 
          [-0.030,  1.218,  1.288,  0.839], 
          [ 0.028,  1.245,  1.042,  0.824], 
          [ 0.076,  1.184,  0.846,  0.833], 
          [-0.200,  1.157,  0.790,  0.775], 
          [-0.302,  1.128,  0.797,  0.755], 
          [-0.345,  1.092,  0.464,  0.826], 
          [-0.460,  1.140,  0.099,  0.844], 
          [-0.100,  1.182,  0.788,  0.762], 
          [-0.129,  1.209,  0.436,  0.803], 
          [-0.165,  1.213,  0.087,  0.863], 
          [-0.275,  1.096,  1.519,  0.791], 
          [-0.133,  1.054,  1.542,  0.887], 
          [-0.303,  1.163,  1.506,  0.817], 
          [-0.079,  1.141,  1.515,  0.778], 
          [-0.061,  1.126,  0.042,  0.725], 
          [-0.050,  1.168,  0.052,  0.755], 
          [-0.191,  1.224,  0.039,  0.777], 
          [-0.471,  1.007,  0.039,  0.721], 
          [-0.514,  1.034,  0.048,  0.716], 
          [-0.454,  1.181,  0.059,  0.818]
        ]
    },
    {
        "id": 4,
        "keypoints3d": [
          [-0.468,  0.254,  1.011,  0.899], 
          [-0.275,  0.156,  0.926,  0.847], 
          [-0.175,  0.277,  0.920,  0.794], 
          [ 0.039,  0.241,  0.765,  0.860], 
          [-0.086,  0.323,  0.635,  0.848], 
          [-0.375,  0.034,  0.937,  0.817], 
          [-0.392, -0.218,  0.837,  0.901], 
          [-0.475, -0.101,  0.663,  0.851], 
          [-0.239,  0.070,  0.482,  0.707], 
          [-0.166,  0.151,  0.481,  0.699], 
          [-0.485,  0.426,  0.478,  0.725], 
          [-0.349,  0.441,  0.094,  0.787], 
          [-0.314, -0.004,  0.491,  0.682], 
          [-0.650,  0.248,  0.531,  0.856], 
          [-0.558,  0.207,  0.114,  0.835], 
          [-0.444,  0.282,  1.049,  0.787], 
          [-0.461,  0.233,  1.048,  0.812], 
          [-0.383,  0.344,  1.045,  0.702], 
          [-0.390,  0.177,  1.079,  0.856], 
          [-0.738,  0.215,  0.087,  0.778], 
          [-0.700,  0.160,  0.077,  0.764], 
          [-0.516,  0.209,  0.072,  0.737], 
          [-0.474,  0.521,  0.045,  0.725], 
          [-0.416,  0.536,  0.042,  0.670], 
          [-0.291,  0.411,  0.056,  0.634]
        ]
    },
    {
        "id": 6,
        "keypoints3d": [
          [ 1.046, -1.314,  1.580,  0.890], 
          [ 1.128, -1.392,  1.390,  0.875], 
          [ 1.241, -1.277,  1.395,  0.840], 
          [ 1.140, -1.158,  1.184,  0.837], 
          [ 0.979, -1.350,  1.203,  0.799], 
          [ 0.992, -1.501,  1.382,  0.835], 
          [ 0.910, -1.434,  1.145,  0.876], 
          [ 1.084, -1.245,  1.173,  0.784], 
          [ 1.086, -1.346,  0.870,  0.763], 
          [ 1.144, -1.263,  0.873,  0.762], 
          [ 1.181, -1.299,  0.482,  0.809], 
          [ 1.239, -1.345,  0.095,  0.777], 
          [ 1.020, -1.426,  0.865,  0.737], 
          [ 1.038, -1.435,  0.476,  0.752], 
          [ 1.073, -1.470,  0.100,  0.839], 
          [ 1.076, -1.295,  1.616,  0.794], 
          [ 1.019, -1.349,  1.606,  0.887], 
          [ 1.173, -1.320,  1.608,  0.799], 
          [ 1.029, -1.439,  1.582,  0.847], 
          [ 0.974, -1.356,  0.059,  0.712], 
          [ 0.957, -1.431,  0.063,  0.713], 
          [ 1.104, -1.487,  0.049,  0.702], 
          [ 1.117, -1.242,  0.048,  0.727], 
          [ 1.182, -1.222,  0.047,  0.730], 
          [ 1.249, -1.386,  0.043,  0.670]
        ]
    }
]
