[
    {
        "id": 0,
        "keypoints3d": [
          [-1.132, -1.143,  1.520,  0.905], 
          [-1.193, -1.272,  1.343,  0.880], 
          [-1.050, -1.326,  1.343,  0.864], 
          [-1.045, -1.404,  1.077,  0.766], 
          [-1.139, -1.388,  0.866,  0.772], 
          [-1.347, -1.195,  1.351,  0.847], 
          [-1.410, -1.243,  1.103,  0.775], 
          [-1.311, -1.346,  0.879,  0.629], 
          [-1.180, -1.241,  0.830,  0.757], 
          [-1.081, -1.263,  0.828,  0.749], 
          [-1.040, -1.254,  0.470,  0.846], 
          [-1.038, -1.352,  0.108,  0.868], 
          [-1.284, -1.215,  0.833,  0.732], 
          [-1.277, -1.250,  0.446,  0.834], 
          [-1.242, -1.301,  0.078,  0.847], 
          [-1.108, -1.161,  1.553,  0.767], 
          [-1.173, -1.136,  1.560,  0.848], 
          [-1.090, -1.258,  1.539,  0.783], 
          [-1.237, -1.197,  1.546,  0.859], 
          [-1.199, -1.145,  0.038,  0.768], 
          [-1.246, -1.163,  0.042,  0.797], 
          [-1.247, -1.330,  0.033,  0.679], 
          [-0.933, -1.250,  0.080,  0.713], 
          [-0.915, -1.299,  0.080,  0.711], 
          [-1.049, -1.378,  0.054,  0.768]
        ]
    },
    {
        "id": 2,
        "keypoints3d": [
          [ 1.042, -1.309,  1.578,  0.881], 
          [ 1.134, -1.394,  1.387,  0.863], 
          [ 1.249, -1.282,  1.391,  0.809], 
          [ 1.142, -1.155,  1.180,  0.823], 
          [ 0.975, -1.355,  1.200,  0.793], 
          [ 0.999, -1.506,  1.382,  0.815], 
          [ 0.903, -1.428,  1.147,  0.864], 
          [ 1.074, -1.237,  1.175,  0.767], 
          [ 1.093, -1.348,  0.865,  0.726], 
          [ 1.152, -1.265,  0.870,  0.710], 
          [ 1.184, -1.297,  0.483,  0.810], 
          [ 1.237, -1.348,  0.089,  0.776], 
          [ 1.022, -1.426,  0.864,  0.713], 
          [ 1.039, -1.434,  0.474,  0.703], 
          [ 1.074, -1.472,  0.098,  0.841], 
          [ 1.076, -1.295,  1.613,  0.810], 
          [ 1.022, -1.353,  1.605,  0.867], 
          [ 1.174, -1.321,  1.606,  0.797], 
          [ 1.053, -1.445,  1.581,  0.857], 
          [ 0.975, -1.357,  0.058,  0.716], 
          [ 0.958, -1.431,  0.059,  0.720], 
          [ 1.106, -1.484,  0.047,  0.706], 
          [ 1.115, -1.246,  0.049,  0.729], 
          [ 1.182, -1.223,  0.046,  0.730], 
          [ 1.251, -1.381,  0.042,  0.667]
        ]
    },
    {
        "id": 4,
        "keypoints3d": [
          [-0.157,  1.038,  1.491,  0.850], 
          [-0.149,  1.185,  1.298,  0.871], 
          [-0.295,  1.146,  1.304,  0.857], 
          [-0.385,  1.172,  1.067,  0.858], 
          [-0.421,  1.104,  0.852,  0.856], 
          [-0.005,  1.231,  1.292,  0.860], 
          [ 0.064,  1.263,  1.053,  0.829], 
          [ 0.109,  1.200,  0.858,  0.845], 
          [-0.169,  1.161,  0.777,  0.774], 
          [-0.268,  1.122,  0.788,  0.751], 
          [-0.339,  1.050,  0.466,  0.849], 
          [-0.449,  1.129,  0.123,  0.877], 
          [-0.073,  1.194,  0.775,  0.749], 
          [-0.121,  1.223,  0.433,  0.773], 
          [-0.158,  1.215,  0.092,  0.874], 
          [-0.171,  1.059,  1.532,  0.835], 
          [-0.116,  1.068,  1.535,  0.864], 
          [-0.217,  1.142,  1.508,  0.834], 
          [-0.047,  1.143,  1.512,  0.788], 
          [-0.057,  1.124,  0.035,  0.737], 
          [-0.052,  1.166,  0.045,  0.761], 
          [-0.183,  1.222,  0.043,  0.765], 
          [-0.470,  1.005,  0.047,  0.724], 
          [-0.502,  1.028,  0.051,  0.732], 
          [-0.446,  1.166,  0.085,  0.814]
        ]
    },
    {
        "id": 6,
        "keypoints3d": [
          [-0.619,  0.325,  0.918,  0.727], 
          [-0.399,  0.233,  0.901,  0.857], 
          [-0.316,  0.368,  0.894,  0.787], 
          [-0.236,  0.454,  0.794,  0.848], 
          [-0.316,  0.468,  0.601,  0.869], 
          [-0.479,  0.087,  0.917,  0.788], 
          [-0.398, -0.154,  0.886,  0.808], 
          [-0.412, -0.144,  0.667,  0.798], 
          [-0.282,  0.089,  0.490,  0.722], 
          [-0.227,  0.189,  0.478,  0.683], 
          [-0.567,  0.375,  0.418,  0.745], 
          [-0.382,  0.400,  0.095,  0.739], 
          [-0.341, -0.006,  0.506,  0.687], 
          [-0.705,  0.139,  0.480,  0.888], 
          [-0.579,  0.143,  0.100,  0.855], 
          [-0.632,  0.355,  0.962,  0.622], 
          [-0.607,  0.301,  0.955,  0.700], 
          [-0.548,  0.408,  0.990,  0.764], 
          [-0.547,  0.248,  1.011,  0.816], 
          [-0.733,  0.140,  0.047,  0.839], 
          [-0.709,  0.096,  0.048,  0.829], 
          [-0.518,  0.135,  0.052,  0.744], 
          [-0.520,  0.455,  0.046,  0.821], 
          [-0.469,  0.483,  0.045,  0.725], 
          [-0.336,  0.394,  0.062,  0.585]
        ]
    }
]
