[
    {
        "id": 0,
        "keypoints3d": [
          [-1.095, -1.158,  1.532,  0.819], 
          [-1.159, -1.279,  1.354,  0.880], 
          [-1.001, -1.347,  1.351,  0.856], 
          [-0.999, -1.421,  1.079,  0.790], 
          [-1.082, -1.415,  0.857,  0.702], 
          [-1.303, -1.214,  1.353,  0.853], 
          [-1.348, -1.256,  1.095,  0.788], 
          [-1.316, -1.341,  0.887,  0.659], 
          [-1.150, -1.265,  0.830,  0.757], 
          [-1.055, -1.287,  0.831,  0.752], 
          [-0.999, -1.294,  0.461,  0.830], 
          [-0.994, -1.386,  0.102,  0.847], 
          [-1.252, -1.238,  0.829,  0.744], 
          [-1.246, -1.263,  0.451,  0.794], 
          [-1.237, -1.299,  0.080,  0.857], 
          [-1.073, -1.188,  1.565,  0.837], 
          [-1.140, -1.157,  1.570,  0.827], 
          [-1.067, -1.287,  1.540,  0.807], 
          [-1.210, -1.212,  1.553,  0.876], 
          [-1.197, -1.141,  0.040,  0.807], 
          [-1.245, -1.155,  0.044,  0.827], 
          [-1.251, -1.335,  0.033,  0.712], 
          [-0.877, -1.290,  0.071,  0.740], 
          [-0.865, -1.322,  0.072,  0.744], 
          [-1.022, -1.409,  0.059,  0.806]
        ]
    },
    {
        "id": 2,
        "keypoints3d": [
          [-0.172,  1.033,  1.497,  0.811], 
          [-0.180,  1.179,  1.298,  0.874], 
          [-0.328,  1.142,  1.312,  0.855], 
          [-0.425,  1.168,  1.074,  0.812], 
          [-0.465,  1.098,  0.865,  0.819], 
          [-0.032,  1.216,  1.288,  0.838], 
          [ 0.024,  1.244,  1.042,  0.823], 
          [ 0.073,  1.181,  0.847,  0.827], 
          [-0.201,  1.158,  0.788,  0.782], 
          [-0.304,  1.131,  0.794,  0.755], 
          [-0.348,  1.095,  0.458,  0.831], 
          [-0.459,  1.143,  0.098,  0.845], 
          [-0.100,  1.185,  0.786,  0.764], 
          [-0.131,  1.210,  0.435,  0.803], 
          [-0.168,  1.215,  0.090,  0.864], 
          [-0.187,  1.052,  1.541,  0.773], 
          [-0.132,  1.054,  1.544,  0.888], 
          [-0.248,  1.148,  1.519,  0.826], 
          [-0.079,  1.141,  1.517,  0.776], 
          [-0.060,  1.125,  0.039,  0.724], 
          [-0.049,  1.164,  0.047,  0.748], 
          [-0.193,  1.225,  0.042,  0.782], 
          [-0.471,  1.007,  0.039,  0.719], 
          [-0.512,  1.033,  0.047,  0.711], 
          [-0.454,  1.182,  0.058,  0.823]
        ]
    },
    {
        "id": 4,
        "keypoints3d": [
          [-0.446,  0.232,  1.010,  0.889], 
          [-0.272,  0.155,  0.923,  0.858], 
          [-0.162,  0.271,  0.915,  0.798], 
          [ 0.049,  0.225,  0.757,  0.851], 
          [-0.084,  0.311,  0.621,  0.795], 
          [-0.372,  0.034,  0.936,  0.821], 
          [-0.395, -0.217,  0.831,  0.900], 
          [-0.487, -0.088,  0.665,  0.854], 
          [-0.232,  0.052,  0.483,  0.719], 
          [-0.153,  0.133,  0.474,  0.687], 
          [-0.463,  0.418,  0.465,  0.763], 
          [-0.333,  0.441,  0.089,  0.764], 
          [-0.315, -0.010,  0.492,  0.692], 
          [-0.657,  0.260,  0.540,  0.863], 
          [-0.571,  0.222,  0.122,  0.818], 
          [-0.447,  0.284,  1.051,  0.652], 
          [-0.448,  0.220,  1.056,  0.835], 
          [-0.383,  0.344,  1.046,  0.689], 
          [-0.382,  0.163,  1.081,  0.838], 
          [-0.744,  0.225,  0.102,  0.744], 
          [-0.714,  0.176,  0.091,  0.746], 
          [-0.522,  0.221,  0.084,  0.753], 
          [-0.470,  0.524,  0.047,  0.707], 
          [-0.413,  0.537,  0.044,  0.638], 
          [-0.286,  0.419,  0.055,  0.637]
        ]
    },
    {
        "id": 6,
        "keypoints3d": [
          [ 1.046, -1.314,  1.580,  0.890], 
          [ 1.129, -1.392,  1.389,  0.875], 
          [ 1.241, -1.278,  1.394,  0.838], 
          [ 1.139, -1.157,  1.184,  0.832], 
          [ 0.979, -1.349,  1.203,  0.799], 
          [ 0.992, -1.502,  1.381,  0.836], 
          [ 0.910, -1.433,  1.145,  0.872], 
          [ 1.084, -1.245,  1.173,  0.782], 
          [ 1.086, -1.346,  0.870,  0.762], 
          [ 1.144, -1.263,  0.871,  0.761], 
          [ 1.181, -1.299,  0.482,  0.809], 
          [ 1.239, -1.345,  0.095,  0.776], 
          [ 1.020, -1.425,  0.865,  0.736], 
          [ 1.037, -1.434,  0.476,  0.752], 
          [ 1.073, -1.469,  0.100,  0.840], 
          [ 1.076, -1.295,  1.616,  0.793], 
          [ 1.019, -1.349,  1.606,  0.887], 
          [ 1.174, -1.320,  1.607,  0.801], 
          [ 1.031, -1.440,  1.581,  0.847], 
          [ 0.974, -1.355,  0.059,  0.714], 
          [ 0.957, -1.430,  0.060,  0.716], 
          [ 1.104, -1.487,  0.049,  0.703], 
          [ 1.117, -1.242,  0.048,  0.725], 
          [ 1.182, -1.222,  0.047,  0.729], 
          [ 1.249, -1.385,  0.043,  0.670]
        ]
    }
]
