[
    {
        "id": 0,
        "keypoints3d": [
          [ 1.039, -1.317,  1.578,  0.881], 
          [ 1.133, -1.401,  1.386,  0.855], 
          [ 1.242, -1.278,  1.389,  0.805], 
          [ 1.128, -1.161,  1.183,  0.868], 
          [ 0.972, -1.355,  1.195,  0.805], 
          [ 1.010, -1.524,  1.381,  0.812], 
          [ 0.909, -1.441,  1.143,  0.851], 
          [ 1.065, -1.242,  1.178,  0.755], 
          [ 1.092, -1.353,  0.860,  0.722], 
          [ 1.150, -1.272,  0.861,  0.716], 
          [ 1.178, -1.301,  0.474,  0.736], 
          [ 1.235, -1.351,  0.084,  0.791], 
          [ 1.023, -1.435,  0.861,  0.700], 
          [ 1.041, -1.434,  0.475,  0.716], 
          [ 1.077, -1.469,  0.104,  0.760], 
          [ 1.075, -1.295,  1.616,  0.814], 
          [ 1.018, -1.356,  1.608,  0.864], 
          [ 1.172, -1.326,  1.608,  0.841], 
          [ 1.065, -1.437,  1.578,  0.863], 
          [ 0.976, -1.362,  0.058,  0.714], 
          [ 0.960, -1.436,  0.062,  0.723], 
          [ 1.107, -1.482,  0.051,  0.699], 
          [ 1.112, -1.240,  0.053,  0.721], 
          [ 1.182, -1.223,  0.046,  0.730], 
          [ 1.252, -1.380,  0.041,  0.673]
        ]
    },
    {
        "id": 2,
        "keypoints3d": [
          [-0.989, -1.151,  1.521,  0.800], 
          [-1.076, -1.271,  1.345,  0.869], 
          [-0.944, -1.352,  1.344,  0.834], 
          [-0.962, -1.415,  1.083,  0.712], 
          [-1.046, -1.436,  0.902,  0.696], 
          [-1.227, -1.193,  1.361,  0.860], 
          [-1.268, -1.233,  1.093,  0.770], 
          [-1.227, -1.338,  0.887,  0.653], 
          [-1.071, -1.272,  0.831,  0.747], 
          [-0.989, -1.317,  0.826,  0.720], 
          [-1.027, -1.342,  0.452,  0.790], 
          [-1.067, -1.360,  0.113,  0.808], 
          [-1.157, -1.228,  0.833,  0.743], 
          [-1.175, -1.228,  0.457,  0.845], 
          [-1.242, -1.293,  0.094,  0.840], 
          [-0.966, -1.168,  1.554,  0.768], 
          [-1.037, -1.135,  1.568,  0.799], 
          [-0.974, -1.264,  1.535,  0.795], 
          [-1.113, -1.194,  1.565,  0.884], 
          [-1.192, -1.148,  0.042,  0.698], 
          [-1.237, -1.165,  0.047,  0.719], 
          [-1.256, -1.322,  0.046,  0.691], 
          [-0.986, -1.249,  0.074,  0.675], 
          [-0.967, -1.318,  0.065,  0.621], 
          [-1.086, -1.377,  0.051,  0.639]
        ]
    },
    {
        "id": 4,
        "keypoints3d": [
          [-0.109,  0.830,  1.483,  0.792], 
          [-0.098,  1.005,  1.302,  0.884], 
          [-0.248,  0.956,  1.296,  0.868], 
          [-0.329,  0.972,  1.059,  0.840], 
          [-0.314,  0.883,  0.843,  0.882], 
          [ 0.034,  1.050,  1.312,  0.860], 
          [ 0.099,  1.092,  1.065,  0.847], 
          [ 0.145,  1.023,  0.844,  0.855], 
          [-0.093,  0.983,  0.792,  0.767], 
          [-0.183,  0.950,  0.788,  0.740], 
          [-0.149,  0.930,  0.423,  0.814], 
          [-0.117,  0.960,  0.093,  0.849], 
          [ 0.006,  1.024,  0.796,  0.742], 
          [ 0.015,  0.992,  0.436,  0.823], 
          [-0.108,  1.166,  0.141,  0.864], 
          [-0.158,  0.861,  1.525,  0.787], 
          [-0.092,  0.858,  1.532,  0.928], 
          [-0.190,  0.944,  1.511,  0.701], 
          [-0.029,  0.943,  1.522,  0.843], 
          [-0.022,  1.098,  0.058,  0.672], 
          [-0.027,  1.138,  0.062,  0.663], 
          [-0.137,  1.199,  0.124,  0.761], 
          [-0.100,  0.804,  0.046,  0.754], 
          [-0.124,  0.820,  0.038,  0.769], 
          [-0.106,  0.990,  0.060,  0.742]
        ]
    },
    {
        "id": 6,
        "keypoints3d": [
          [-0.782,  0.461,  1.561,  0.860], 
          [-0.627,  0.329,  1.412,  0.878], 
          [-0.521,  0.450,  1.417,  0.807], 
          [-0.460,  0.491,  1.149,  0.801], 
          [-0.481,  0.544,  0.912,  0.777], 
          [-0.737,  0.213,  1.404,  0.866], 
          [-0.805,  0.163,  1.139,  0.768], 
          [-0.900,  0.250,  0.922,  0.781], 
          [-0.599,  0.336,  0.883,  0.747], 
          [-0.533,  0.418,  0.884,  0.719], 
          [-0.603,  0.500,  0.484,  0.771], 
          [-0.634,  0.492,  0.098,  0.779], 
          [-0.653,  0.246,  0.885,  0.728], 
          [-0.678,  0.214,  0.509,  0.775], 
          [-0.584,  0.147,  0.122,  0.725], 
          [-0.746,  0.477,  1.595,  0.776], 
          [-0.794,  0.438,  1.587,  0.751], 
          [-0.652,  0.460,  1.611,  0.846], 
          [-0.776,  0.341,  1.612,  0.769], 
          [-0.750,  0.147,  0.043,  0.769], 
          [-0.723,  0.098,  0.044,  0.790], 
          [-0.530,  0.132,  0.071,  0.682], 
          [-0.690,  0.664,  0.049,  0.785], 
          [-0.651,  0.658,  0.048,  0.810], 
          [-0.631,  0.463,  0.047,  0.715]
        ]
    }
]
