[
    {
        "id": 0,
        "keypoints3d": [
          [ 1.049, -1.311,  1.576,  0.890], 
          [ 1.134, -1.392,  1.386,  0.858], 
          [ 1.242, -1.278,  1.389,  0.808], 
          [ 1.135, -1.156,  1.183,  0.798], 
          [ 0.967, -1.345,  1.190,  0.807], 
          [ 1.008, -1.510,  1.383,  0.808], 
          [ 0.912, -1.441,  1.145,  0.863], 
          [ 1.065, -1.232,  1.177,  0.758], 
          [ 1.090, -1.350,  0.868,  0.724], 
          [ 1.147, -1.267,  0.872,  0.711], 
          [ 1.181, -1.296,  0.479,  0.811], 
          [ 1.240, -1.342,  0.079,  0.734], 
          [ 1.022, -1.430,  0.861,  0.710], 
          [ 1.035, -1.435,  0.473,  0.673], 
          [ 1.073, -1.470,  0.102,  0.841], 
          [ 1.082, -1.287,  1.614,  0.826], 
          [ 1.027, -1.344,  1.602,  0.874], 
          [ 1.178, -1.314,  1.605,  0.885], 
          [ 1.057, -1.446,  1.582,  0.860], 
          [ 0.975, -1.367,  0.056,  0.718], 
          [ 0.965, -1.438,  0.056,  0.728], 
          [ 1.109, -1.482,  0.052,  0.700], 
          [ 1.113, -1.239,  0.050,  0.728], 
          [ 1.181, -1.222,  0.047,  0.733], 
          [ 1.254, -1.374,  0.036,  0.618]
        ]
    },
    {
        "id": 2,
        "keypoints3d": [
          [-1.094, -1.136,  1.517,  0.900], 
          [-1.178, -1.258,  1.353,  0.859], 
          [-1.040, -1.318,  1.349,  0.860], 
          [-1.034, -1.392,  1.082,  0.779], 
          [-1.126, -1.388,  0.881,  0.764], 
          [-1.324, -1.179,  1.357,  0.831], 
          [-1.376, -1.218,  1.099,  0.769], 
          [-1.316, -1.315,  0.900,  0.577], 
          [-1.157, -1.243,  0.829,  0.760], 
          [-1.061, -1.274,  0.834,  0.761], 
          [-1.033, -1.276,  0.463,  0.842], 
          [-1.060, -1.348,  0.112,  0.856], 
          [-1.254, -1.214,  0.831,  0.740], 
          [-1.247, -1.258,  0.448,  0.820], 
          [-1.244, -1.306,  0.077,  0.797], 
          [-1.066, -1.158,  1.543,  0.748], 
          [-1.127, -1.126,  1.551,  0.805], 
          [-1.061, -1.252,  1.534,  0.769], 
          [-1.209, -1.170,  1.556,  0.894], 
          [-1.194, -1.146,  0.036,  0.768], 
          [-1.245, -1.160,  0.041,  0.778], 
          [-1.253, -1.335,  0.031,  0.653], 
          [-0.966, -1.239,  0.068,  0.782], 
          [-0.948, -1.294,  0.070,  0.780], 
          [-1.072, -1.369,  0.052,  0.691]
        ]
    },
    {
        "id": 4,
        "keypoints3d": [
          [-0.103,  0.972,  1.484,  0.850], 
          [-0.100,  1.131,  1.296,  0.877], 
          [-0.247,  1.097,  1.309,  0.849], 
          [-0.349,  1.129,  1.077,  0.840], 
          [-0.387,  1.074,  0.855,  0.874], 
          [ 0.045,  1.168,  1.291,  0.848], 
          [ 0.103,  1.224,  1.052,  0.766], 
          [ 0.155,  1.169,  0.848,  0.828], 
          [-0.136,  1.127,  0.799,  0.770], 
          [-0.235,  1.093,  0.804,  0.747], 
          [-0.183,  0.992,  0.457,  0.819], 
          [-0.144,  0.964,  0.117,  0.811], 
          [-0.045,  1.166,  0.791,  0.749], 
          [-0.105,  1.201,  0.437,  0.819], 
          [-0.153,  1.219,  0.090,  0.813], 
          [-0.126,  0.996,  1.523,  0.808], 
          [-0.074,  0.992,  1.523,  0.873], 
          [-0.165,  1.076,  1.499,  0.789], 
          [-0.013,  1.076,  1.506,  0.803], 
          [-0.064,  1.124,  0.032,  0.695], 
          [-0.054,  1.164,  0.038,  0.659], 
          [-0.190,  1.221,  0.046,  0.742], 
          [-0.135,  0.814,  0.069,  0.630], 
          [-0.173,  0.828,  0.078,  0.710], 
          [-0.137,  0.989,  0.078,  0.717]
        ]
    },
    {
        "id": 6,
        "keypoints3d": [
          [-0.806,  0.270,  1.386,  0.785], 
          [-0.573,  0.238,  1.290,  0.877], 
          [-0.518,  0.378,  1.301,  0.813], 
          [-0.395,  0.409,  1.062,  0.908], 
          [-0.383,  0.411,  0.823,  0.839], 
          [-0.633,  0.094,  1.288,  0.816], 
          [-0.574, -0.044,  1.050,  0.737], 
          [-0.548, -0.117,  0.839,  0.694], 
          [-0.484,  0.193,  0.797,  0.767], 
          [-0.449,  0.294,  0.794,  0.735], 
          [-0.585,  0.348,  0.433,  0.763], 
          [-0.381,  0.405,  0.110,  0.736], 
          [-0.522,  0.091,  0.805,  0.746], 
          [-0.707,  0.130,  0.480,  0.757], 
          [-0.580,  0.142,  0.099,  0.839], 
          [-0.802,  0.324,  1.428,  0.766], 
          [-0.804,  0.238,  1.413,  0.682], 
          [-0.732,  0.370,  1.458,  0.779], 
          [-0.747,  0.211,  1.448,  0.741], 
          [-0.738,  0.138,  0.044,  0.823], 
          [-0.720,  0.101,  0.043,  0.818], 
          [-0.520,  0.135,  0.051,  0.727], 
          [-0.522,  0.453,  0.042,  0.793], 
          [-0.474,  0.484,  0.048,  0.785], 
          [-0.331,  0.412,  0.084,  0.662]
        ]
    }
]
