[
    {
        "id": 0,
        "keypoints3d": [
          [ 1.040, -1.312,  1.577,  0.881], 
          [ 1.131, -1.396,  1.388,  0.861], 
          [ 1.248, -1.283,  1.392,  0.807], 
          [ 1.140, -1.157,  1.182,  0.836], 
          [ 0.978, -1.350,  1.201,  0.804], 
          [ 0.999, -1.506,  1.382,  0.819], 
          [ 0.907, -1.430,  1.146,  0.864], 
          [ 1.076, -1.233,  1.175,  0.764], 
          [ 1.090, -1.346,  0.868,  0.726], 
          [ 1.150, -1.266,  0.874,  0.711], 
          [ 1.184, -1.297,  0.487,  0.814], 
          [ 1.238, -1.347,  0.098,  0.714], 
          [ 1.021, -1.425,  0.867,  0.714], 
          [ 1.042, -1.432,  0.478,  0.710], 
          [ 1.073, -1.470,  0.100,  0.839], 
          [ 1.076, -1.294,  1.616,  0.795], 
          [ 1.022, -1.353,  1.603,  0.870], 
          [ 1.174, -1.320,  1.607,  0.798], 
          [ 1.049, -1.448,  1.583,  0.856], 
          [ 0.975, -1.355,  0.062,  0.713], 
          [ 0.958, -1.431,  0.066,  0.713], 
          [ 1.104, -1.487,  0.049,  0.702], 
          [ 1.116, -1.248,  0.047,  0.729], 
          [ 1.181, -1.222,  0.043,  0.730], 
          [ 1.249, -1.385,  0.043,  0.670]
        ]
    },
    {
        "id": 2,
        "keypoints3d": [
          [-1.111, -1.145,  1.523,  0.833], 
          [-1.165, -1.276,  1.349,  0.882], 
          [-1.014, -1.335,  1.346,  0.851], 
          [-1.016, -1.416,  1.070,  0.777], 
          [-1.094, -1.403,  0.847,  0.704], 
          [-1.314, -1.206,  1.351,  0.862], 
          [-1.365, -1.255,  1.097,  0.773], 
          [-1.315, -1.347,  0.886,  0.628], 
          [-1.157, -1.257,  0.826,  0.759], 
          [-1.059, -1.278,  0.829,  0.757], 
          [-1.003, -1.275,  0.472,  0.832], 
          [-0.995, -1.373,  0.109,  0.830], 
          [-1.259, -1.231,  0.832,  0.747], 
          [-1.257, -1.257,  0.454,  0.795], 
          [-1.237, -1.298,  0.076,  0.862], 
          [-1.088, -1.180,  1.562,  0.814], 
          [-1.148, -1.143,  1.562,  0.812], 
          [-1.076, -1.275,  1.538,  0.764], 
          [-1.218, -1.203,  1.550,  0.878], 
          [-1.196, -1.140,  0.039,  0.796], 
          [-1.243, -1.159,  0.043,  0.821], 
          [-1.250, -1.331,  0.032,  0.706], 
          [-0.882, -1.290,  0.071,  0.726], 
          [-0.865, -1.320,  0.071,  0.733], 
          [-1.023, -1.398,  0.063,  0.777]
        ]
    },
    {
        "id": 4,
        "keypoints3d": [
          [-0.247,  1.062,  1.480,  0.829], 
          [-0.170,  1.187,  1.298,  0.867], 
          [-0.321,  1.148,  1.312,  0.845], 
          [-0.421,  1.168,  1.073,  0.841], 
          [-0.457,  1.099,  0.866,  0.813], 
          [-0.023,  1.224,  1.288,  0.847], 
          [ 0.033,  1.243,  1.040,  0.826], 
          [ 0.081,  1.186,  0.844,  0.831], 
          [-0.193,  1.158,  0.789,  0.773], 
          [-0.295,  1.127,  0.795,  0.749], 
          [-0.344,  1.082,  0.462,  0.815], 
          [-0.461,  1.138,  0.102,  0.848], 
          [-0.093,  1.185,  0.789,  0.756], 
          [-0.125,  1.215,  0.434,  0.787], 
          [-0.165,  1.214,  0.090,  0.866], 
          [-0.274,  1.096,  1.521,  0.807], 
          [-0.129,  1.054,  1.540,  0.880], 
          [-0.304,  1.166,  1.509,  0.815], 
          [-0.073,  1.137,  1.513,  0.773], 
          [-0.058,  1.124,  0.040,  0.727], 
          [-0.053,  1.165,  0.050,  0.756], 
          [-0.191,  1.224,  0.042,  0.780], 
          [-0.470,  1.005,  0.041,  0.716], 
          [-0.514,  1.033,  0.048,  0.714], 
          [-0.456,  1.179,  0.058,  0.819]
        ]
    },
    {
        "id": 6,
        "keypoints3d": [
          [-0.504,  0.247,  1.008,  0.876], 
          [-0.290,  0.164,  0.922,  0.832], 
          [-0.203,  0.296,  0.915,  0.816], 
          [ 0.049,  0.254,  0.789,  0.870], 
          [-0.097,  0.334,  0.645,  0.838], 
          [-0.393,  0.039,  0.938,  0.809], 
          [-0.394, -0.211,  0.838,  0.786], 
          [-0.476, -0.110,  0.668,  0.844], 
          [-0.225,  0.056,  0.468,  0.679], 
          [-0.150,  0.147,  0.469,  0.682], 
          [-0.496,  0.408,  0.463,  0.699], 
          [-0.346,  0.419,  0.083,  0.646], 
          [-0.297, -0.021,  0.483,  0.645], 
          [-0.647,  0.228,  0.514,  0.814], 
          [-0.586,  0.167,  0.132,  0.860], 
          [-0.513,  0.304,  1.037,  0.647], 
          [-0.488,  0.233,  1.037,  0.712], 
          [-0.437,  0.347,  1.032,  0.702], 
          [-0.402,  0.182,  1.071,  0.837], 
          [-0.745,  0.206,  0.089,  0.787], 
          [-0.727,  0.142,  0.092,  0.787], 
          [-0.533,  0.188,  0.076,  0.717], 
          [-0.490,  0.502,  0.055,  0.811], 
          [-0.436,  0.525,  0.049,  0.707], 
          [-0.271,  0.388,  0.050,  0.532]
        ]
    }
]
