[
    {
        "id": 0,
        "keypoints3d": [
          [-1.012, -1.148,  1.520,  0.779], 
          [-1.084, -1.267,  1.348,  0.857], 
          [-0.957, -1.347,  1.346,  0.842], 
          [-0.977, -1.424,  1.087,  0.710], 
          [-1.066, -1.430,  0.892,  0.720], 
          [-1.231, -1.192,  1.360,  0.855], 
          [-1.280, -1.238,  1.098,  0.768], 
          [-1.267, -1.326,  0.924,  0.708], 
          [-1.086, -1.272,  0.839,  0.739], 
          [-1.004, -1.315,  0.831,  0.729], 
          [-1.027, -1.337,  0.449,  0.796], 
          [-1.074, -1.358,  0.103,  0.822], 
          [-1.167, -1.227,  0.841,  0.729], 
          [-1.191, -1.239,  0.463,  0.836], 
          [-1.247, -1.293,  0.091,  0.848], 
          [-0.981, -1.177,  1.555,  0.801], 
          [-1.047, -1.129,  1.565,  0.855], 
          [-0.984, -1.258,  1.536,  0.789], 
          [-1.122, -1.192,  1.566,  0.895], 
          [-1.189, -1.147,  0.042,  0.669], 
          [-1.241, -1.163,  0.049,  0.696], 
          [-1.266, -1.323,  0.045,  0.688], 
          [-0.987, -1.234,  0.084,  0.669], 
          [-0.964, -1.296,  0.080,  0.650], 
          [-1.088, -1.377,  0.047,  0.655]
        ]
    },
    {
        "id": 2,
        "keypoints3d": [
          [ 1.045, -1.313,  1.579,  0.886], 
          [ 1.134, -1.402,  1.386,  0.857], 
          [ 1.242, -1.279,  1.390,  0.807], 
          [ 1.128, -1.161,  1.183,  0.865], 
          [ 0.969, -1.354,  1.197,  0.808], 
          [ 1.013, -1.519,  1.380,  0.810], 
          [ 0.910, -1.442,  1.145,  0.854], 
          [ 1.064, -1.238,  1.176,  0.756], 
          [ 1.093, -1.351,  0.863,  0.724], 
          [ 1.152, -1.270,  0.861,  0.717], 
          [ 1.184, -1.296,  0.467,  0.761], 
          [ 1.238, -1.341,  0.069,  0.758], 
          [ 1.023, -1.433,  0.861,  0.701], 
          [ 1.037, -1.436,  0.473,  0.666], 
          [ 1.076, -1.469,  0.104,  0.752], 
          [ 1.074, -1.312,  1.625,  0.833], 
          [ 1.021, -1.354,  1.608,  0.873], 
          [ 1.173, -1.325,  1.606,  0.826], 
          [ 1.065, -1.438,  1.578,  0.870], 
          [ 0.976, -1.363,  0.060,  0.712], 
          [ 0.960, -1.438,  0.060,  0.720], 
          [ 1.111, -1.482,  0.051,  0.695], 
          [ 1.110, -1.236,  0.048,  0.715], 
          [ 1.182, -1.215,  0.040,  0.722], 
          [ 1.250, -1.378,  0.032,  0.615]
        ]
    },
    {
        "id": 4,
        "keypoints3d": [
          [-0.107,  0.848,  1.487,  0.776], 
          [-0.098,  1.020,  1.300,  0.889], 
          [-0.244,  0.965,  1.296,  0.858], 
          [-0.310,  0.977,  1.045,  0.784], 
          [-0.314,  0.895,  0.838,  0.899], 
          [ 0.030,  1.074,  1.314,  0.856], 
          [ 0.099,  1.117,  1.060,  0.847], 
          [ 0.145,  1.059,  0.836,  0.850], 
          [-0.090,  0.997,  0.789,  0.767], 
          [-0.181,  0.960,  0.785,  0.743], 
          [-0.130,  0.924,  0.420,  0.844], 
          [-0.120,  0.959,  0.095,  0.850], 
          [-0.001,  1.043,  0.791,  0.747], 
          [-0.006,  1.020,  0.431,  0.826], 
          [-0.127,  1.182,  0.124,  0.867], 
          [-0.155,  0.877,  1.524,  0.751], 
          [-0.092,  0.874,  1.527,  0.901], 
          [-0.180,  0.954,  1.513,  0.740], 
          [-0.025,  0.954,  1.522,  0.837], 
          [-0.040,  1.113,  0.046,  0.664], 
          [-0.043,  1.150,  0.052,  0.669], 
          [-0.168,  1.214,  0.097,  0.768], 
          [-0.102,  0.799,  0.046,  0.722], 
          [-0.132,  0.822,  0.033,  0.752], 
          [-0.107,  0.997,  0.049,  0.733]
        ]
    },
    {
        "id": 6,
        "keypoints3d": [
          [-0.801,  0.422,  1.560,  0.866], 
          [-0.630,  0.301,  1.412,  0.870], 
          [-0.523,  0.433,  1.421,  0.819], 
          [-0.478,  0.492,  1.151,  0.815], 
          [-0.499,  0.534,  0.917,  0.807], 
          [-0.734,  0.168,  1.402,  0.833], 
          [-0.793,  0.137,  1.133,  0.778], 
          [-0.885,  0.195,  0.903,  0.821], 
          [-0.587,  0.314,  0.891,  0.749], 
          [-0.530,  0.402,  0.892,  0.725], 
          [-0.585,  0.496,  0.493,  0.772], 
          [-0.601,  0.498,  0.100,  0.711], 
          [-0.644,  0.230,  0.890,  0.729], 
          [-0.664,  0.184,  0.513,  0.779], 
          [-0.585,  0.143,  0.117,  0.717], 
          [-0.779,  0.437,  1.588,  0.814], 
          [-0.813,  0.382,  1.582,  0.750], 
          [-0.668,  0.422,  1.603,  0.787], 
          [-0.761,  0.292,  1.603,  0.752], 
          [-0.740,  0.147,  0.038,  0.778], 
          [-0.723,  0.099,  0.043,  0.791], 
          [-0.530,  0.136,  0.061,  0.664], 
          [-0.684,  0.657,  0.047,  0.770], 
          [-0.644,  0.660,  0.050,  0.783], 
          [-0.603,  0.466,  0.049,  0.681]
        ]
    }
]
