[
    {
        "id": 0,
        "keypoints3d": [
          [ 1.041, -1.314,  1.577,  0.882], 
          [ 1.131, -1.396,  1.388,  0.864], 
          [ 1.249, -1.284,  1.392,  0.811], 
          [ 1.140, -1.158,  1.181,  0.836], 
          [ 0.979, -1.350,  1.200,  0.801], 
          [ 0.998, -1.505,  1.382,  0.822], 
          [ 0.907, -1.430,  1.146,  0.862], 
          [ 1.073, -1.232,  1.176,  0.764], 
          [ 1.091, -1.347,  0.868,  0.727], 
          [ 1.150, -1.266,  0.873,  0.711], 
          [ 1.184, -1.297,  0.487,  0.813], 
          [ 1.238, -1.347,  0.098,  0.713], 
          [ 1.021, -1.425,  0.866,  0.714], 
          [ 1.042, -1.432,  0.478,  0.709], 
          [ 1.073, -1.470,  0.100,  0.840], 
          [ 1.076, -1.295,  1.616,  0.793], 
          [ 1.022, -1.353,  1.603,  0.873], 
          [ 1.173, -1.319,  1.608,  0.797], 
          [ 1.050, -1.448,  1.582,  0.856], 
          [ 0.975, -1.355,  0.062,  0.712], 
          [ 0.958, -1.430,  0.067,  0.713], 
          [ 1.104, -1.487,  0.049,  0.702], 
          [ 1.116, -1.248,  0.047,  0.729], 
          [ 1.181, -1.222,  0.043,  0.729], 
          [ 1.249, -1.385,  0.043,  0.669]
        ]
    },
    {
        "id": 2,
        "keypoints3d": [
          [-1.106, -1.153,  1.526,  0.827], 
          [-1.165, -1.275,  1.351,  0.881], 
          [-1.010, -1.339,  1.346,  0.851], 
          [-1.010, -1.421,  1.072,  0.781], 
          [-1.087, -1.406,  0.846,  0.726], 
          [-1.310, -1.209,  1.351,  0.863], 
          [-1.360, -1.254,  1.093,  0.787], 
          [-1.326, -1.336,  0.885,  0.657], 
          [-1.156, -1.255,  0.828,  0.753], 
          [-1.059, -1.283,  0.829,  0.755], 
          [-1.000, -1.282,  0.468,  0.828], 
          [-0.994, -1.382,  0.111,  0.837], 
          [-1.256, -1.230,  0.828,  0.744], 
          [-1.250, -1.261,  0.453,  0.786], 
          [-1.240, -1.298,  0.081,  0.852], 
          [-1.086, -1.187,  1.565,  0.823], 
          [-1.144, -1.151,  1.563,  0.823], 
          [-1.070, -1.280,  1.542,  0.776], 
          [-1.215, -1.206,  1.550,  0.879], 
          [-1.196, -1.140,  0.039,  0.798], 
          [-1.244, -1.156,  0.043,  0.820], 
          [-1.253, -1.334,  0.034,  0.703], 
          [-0.878, -1.299,  0.065,  0.730], 
          [-0.864, -1.327,  0.070,  0.731], 
          [-1.021, -1.406,  0.062,  0.782]
        ]
    },
    {
        "id": 4,
        "keypoints3d": [
          [-0.248,  1.062,  1.483,  0.830], 
          [-0.176,  1.182,  1.300,  0.874], 
          [-0.322,  1.147,  1.310,  0.849], 
          [-0.423,  1.169,  1.073,  0.814], 
          [-0.461,  1.099,  0.868,  0.801], 
          [-0.025,  1.221,  1.288,  0.839], 
          [ 0.030,  1.245,  1.044,  0.830], 
          [ 0.076,  1.185,  0.845,  0.832], 
          [-0.196,  1.157,  0.789,  0.772], 
          [-0.298,  1.126,  0.796,  0.751], 
          [-0.347,  1.088,  0.461,  0.816], 
          [-0.460,  1.140,  0.099,  0.847], 
          [-0.095,  1.183,  0.789,  0.757], 
          [-0.129,  1.211,  0.435,  0.784], 
          [-0.164,  1.213,  0.089,  0.863], 
          [-0.274,  1.097,  1.521,  0.810], 
          [-0.129,  1.053,  1.542,  0.890], 
          [-0.304,  1.166,  1.509,  0.815], 
          [-0.075,  1.140,  1.515,  0.778], 
          [-0.061,  1.126,  0.042,  0.728], 
          [-0.051,  1.167,  0.052,  0.757], 
          [-0.190,  1.224,  0.040,  0.777], 
          [-0.470,  1.005,  0.041,  0.718], 
          [-0.514,  1.032,  0.048,  0.715], 
          [-0.454,  1.181,  0.059,  0.817]
        ]
    },
    {
        "id": 6,
        "keypoints3d": [
          [-0.504,  0.247,  1.008,  0.876], 
          [-0.283,  0.157,  0.922,  0.843], 
          [-0.191,  0.278,  0.915,  0.803], 
          [ 0.058,  0.244,  0.782,  0.866], 
          [-0.085,  0.327,  0.635,  0.851], 
          [-0.380,  0.034,  0.936,  0.821], 
          [-0.391, -0.220,  0.836,  0.876], 
          [-0.476, -0.110,  0.668,  0.844], 
          [-0.235,  0.071,  0.476,  0.709], 
          [-0.163,  0.150,  0.476,  0.696], 
          [-0.499,  0.418,  0.473,  0.719], 
          [-0.345,  0.429,  0.088,  0.722], 
          [-0.310, -0.008,  0.483,  0.681], 
          [-0.657,  0.239,  0.514,  0.843], 
          [-0.586,  0.167,  0.132,  0.860], 
          [-0.516,  0.303,  1.043,  0.812], 
          [-0.488,  0.233,  1.037,  0.712], 
          [-0.407,  0.335,  1.032,  0.687], 
          [-0.402,  0.180,  1.071,  0.846], 
          [-0.745,  0.206,  0.089,  0.787], 
          [-0.727,  0.142,  0.092,  0.787], 
          [-0.533,  0.188,  0.076,  0.717], 
          [-0.477,  0.511,  0.045,  0.712], 
          [-0.422,  0.532,  0.040,  0.671], 
          [-0.274,  0.392,  0.050,  0.597]
        ]
    }
]
