[
    {
        "id": 0,
        "keypoints3d": [
          [-1.009, -1.147,  1.521,  0.778], 
          [-1.083, -1.270,  1.349,  0.855], 
          [-0.954, -1.351,  1.346,  0.844], 
          [-0.973, -1.421,  1.085,  0.703], 
          [-1.057, -1.438,  0.896,  0.706], 
          [-1.231, -1.196,  1.360,  0.858], 
          [-1.277, -1.239,  1.097,  0.778], 
          [-1.247, -1.338,  0.906,  0.677], 
          [-1.079, -1.273,  0.836,  0.748], 
          [-1.001, -1.322,  0.831,  0.735], 
          [-1.027, -1.340,  0.448,  0.798], 
          [-1.075, -1.361,  0.103,  0.823], 
          [-1.165, -1.225,  0.838,  0.741], 
          [-1.187, -1.236,  0.462,  0.847], 
          [-1.247, -1.290,  0.093,  0.850], 
          [-0.979, -1.172,  1.553,  0.797], 
          [-1.047, -1.134,  1.567,  0.886], 
          [-0.983, -1.259,  1.536,  0.795], 
          [-1.122, -1.192,  1.566,  0.895], 
          [-1.187, -1.148,  0.041,  0.690], 
          [-1.237, -1.165,  0.046,  0.714], 
          [-1.265, -1.322,  0.043,  0.699], 
          [-0.982, -1.243,  0.073,  0.669], 
          [-0.961, -1.309,  0.070,  0.653], 
          [-1.093, -1.378,  0.053,  0.655]
        ]
    },
    {
        "id": 2,
        "keypoints3d": [
          [ 1.045, -1.313,  1.579,  0.885], 
          [ 1.134, -1.402,  1.386,  0.856], 
          [ 1.243, -1.279,  1.390,  0.807], 
          [ 1.128, -1.161,  1.183,  0.868], 
          [ 0.969, -1.355,  1.199,  0.809], 
          [ 1.013, -1.519,  1.380,  0.810], 
          [ 0.910, -1.442,  1.145,  0.854], 
          [ 1.064, -1.238,  1.176,  0.756], 
          [ 1.093, -1.351,  0.862,  0.725], 
          [ 1.152, -1.270,  0.861,  0.719], 
          [ 1.184, -1.296,  0.467,  0.765], 
          [ 1.238, -1.341,  0.069,  0.757], 
          [ 1.023, -1.433,  0.861,  0.701], 
          [ 1.038, -1.438,  0.471,  0.667], 
          [ 1.076, -1.469,  0.104,  0.752], 
          [ 1.074, -1.312,  1.625,  0.836], 
          [ 1.021, -1.354,  1.608,  0.874], 
          [ 1.172, -1.324,  1.608,  0.822], 
          [ 1.065, -1.438,  1.579,  0.868], 
          [ 0.976, -1.362,  0.061,  0.712], 
          [ 0.960, -1.437,  0.060,  0.721], 
          [ 1.111, -1.482,  0.051,  0.699], 
          [ 1.115, -1.238,  0.044,  0.656], 
          [ 1.187, -1.218,  0.036,  0.672], 
          [ 1.250, -1.377,  0.032,  0.618]
        ]
    },
    {
        "id": 4,
        "keypoints3d": [
          [-0.110,  0.845,  1.483,  0.773], 
          [-0.100,  1.017,  1.300,  0.884], 
          [-0.246,  0.961,  1.295,  0.866], 
          [-0.314,  0.966,  1.045,  0.784], 
          [-0.315,  0.890,  0.837,  0.901], 
          [ 0.030,  1.063,  1.312,  0.857], 
          [ 0.096,  1.101,  1.059,  0.841], 
          [ 0.144,  1.045,  0.836,  0.851], 
          [-0.090,  0.996,  0.789,  0.766], 
          [-0.183,  0.958,  0.785,  0.745], 
          [-0.135,  0.923,  0.418,  0.823], 
          [-0.121,  0.958,  0.095,  0.845], 
          [ 0.000,  1.038,  0.790,  0.747], 
          [-0.000,  1.010,  0.430,  0.826], 
          [-0.127,  1.181,  0.127,  0.863], 
          [-0.159,  0.871,  1.522,  0.745], 
          [-0.090,  0.868,  1.528,  0.914], 
          [-0.180,  0.954,  1.513,  0.740], 
          [-0.028,  0.948,  1.520,  0.836], 
          [-0.030,  1.104,  0.053,  0.668], 
          [-0.040,  1.147,  0.054,  0.671], 
          [-0.163,  1.214,  0.103,  0.770], 
          [-0.103,  0.805,  0.042,  0.754], 
          [-0.125,  0.818,  0.035,  0.765], 
          [-0.107,  0.992,  0.056,  0.731]
        ]
    },
    {
        "id": 6,
        "keypoints3d": [
          [-0.801,  0.422,  1.560,  0.866], 
          [-0.630,  0.310,  1.412,  0.880], 
          [-0.522,  0.437,  1.421,  0.827], 
          [-0.475,  0.501,  1.155,  0.817], 
          [-0.498,  0.542,  0.922,  0.818], 
          [-0.737,  0.180,  1.404,  0.843], 
          [-0.792,  0.142,  1.133,  0.802], 
          [-0.885,  0.198,  0.905,  0.835], 
          [-0.589,  0.321,  0.893,  0.748], 
          [-0.531,  0.402,  0.894,  0.728], 
          [-0.585,  0.496,  0.493,  0.782], 
          [-0.601,  0.497,  0.099,  0.725], 
          [-0.644,  0.234,  0.891,  0.733], 
          [-0.666,  0.191,  0.517,  0.771], 
          [-0.586,  0.144,  0.118,  0.729], 
          [-0.779,  0.437,  1.588,  0.814], 
          [-0.813,  0.382,  1.582,  0.750], 
          [-0.674,  0.437,  1.605,  0.785], 
          [-0.757,  0.301,  1.603,  0.852], 
          [-0.740,  0.147,  0.038,  0.778], 
          [-0.723,  0.099,  0.043,  0.791], 
          [-0.532,  0.136,  0.064,  0.669], 
          [-0.683,  0.659,  0.047,  0.769], 
          [-0.641,  0.659,  0.042,  0.703], 
          [-0.602,  0.467,  0.047,  0.698]
        ]
    }
]
