[
    {
        "id": 0,
        "keypoints3d": [
          [-1.134, -1.126,  1.516,  0.895], 
          [-1.202, -1.261,  1.343,  0.880], 
          [-1.060, -1.317,  1.339,  0.875], 
          [-1.058, -1.384,  1.070,  0.791], 
          [-1.117, -1.381,  0.876,  0.717], 
          [-1.350, -1.181,  1.353,  0.851], 
          [-1.410, -1.223,  1.096,  0.795], 
          [-1.316, -1.326,  0.880,  0.622], 
          [-1.184, -1.230,  0.820,  0.762], 
          [-1.093, -1.256,  0.816,  0.748], 
          [-1.056, -1.257,  0.462,  0.852], 
          [-1.064, -1.349,  0.105,  0.842], 
          [-1.284, -1.206,  0.821,  0.741], 
          [-1.265, -1.250,  0.440,  0.832], 
          [-1.240, -1.308,  0.078,  0.781], 
          [-1.105, -1.151,  1.545,  0.771], 
          [-1.165, -1.130,  1.550,  0.783], 
          [-1.092, -1.242,  1.530,  0.784], 
          [-1.233, -1.186,  1.547,  0.842], 
          [-1.191, -1.154,  0.035,  0.751], 
          [-1.240, -1.159,  0.043,  0.775], 
          [-1.255, -1.334,  0.030,  0.691], 
          [-0.963, -1.240,  0.073,  0.794], 
          [-0.951, -1.300,  0.070,  0.697], 
          [-1.086, -1.371,  0.056,  0.704]
        ]
    },
    {
        "id": 2,
        "keypoints3d": [
          [ 1.048, -1.307,  1.577,  0.892], 
          [ 1.136, -1.389,  1.387,  0.863], 
          [ 1.245, -1.279,  1.391,  0.811], 
          [ 1.141, -1.156,  1.182,  0.805], 
          [ 0.973, -1.351,  1.191,  0.801], 
          [ 1.002, -1.505,  1.383,  0.809], 
          [ 0.909, -1.436,  1.145,  0.864], 
          [ 1.067, -1.239,  1.176,  0.767], 
          [ 1.092, -1.350,  0.867,  0.731], 
          [ 1.148, -1.269,  0.868,  0.717], 
          [ 1.176, -1.302,  0.479,  0.737], 
          [ 1.233, -1.350,  0.086,  0.785], 
          [ 1.021, -1.424,  0.864,  0.714], 
          [ 1.037, -1.428,  0.478,  0.693], 
          [ 1.077, -1.469,  0.104,  0.756], 
          [ 1.079, -1.289,  1.613,  0.823], 
          [ 1.031, -1.344,  1.603,  0.875], 
          [ 1.177, -1.312,  1.606,  0.877], 
          [ 1.054, -1.444,  1.581,  0.860], 
          [ 0.973, -1.363,  0.057,  0.712], 
          [ 0.963, -1.435,  0.056,  0.724], 
          [ 1.105, -1.483,  0.052,  0.703], 
          [ 1.115, -1.237,  0.050,  0.730], 
          [ 1.181, -1.222,  0.047,  0.735], 
          [ 1.250, -1.378,  0.042,  0.674]
        ]
    },
    {
        "id": 4,
        "keypoints3d": [
          [-0.116,  1.021,  1.489,  0.841], 
          [-0.112,  1.174,  1.299,  0.882], 
          [-0.258,  1.136,  1.311,  0.851], 
          [-0.358,  1.174,  1.074,  0.851], 
          [-0.395,  1.110,  0.857,  0.849], 
          [ 0.038,  1.215,  1.289,  0.849], 
          [ 0.115,  1.259,  1.059,  0.858], 
          [ 0.167,  1.186,  0.858,  0.856], 
          [-0.152,  1.162,  0.795,  0.771], 
          [-0.237,  1.118,  0.802,  0.750], 
          [-0.247,  0.990,  0.476,  0.799], 
          [-0.313,  1.044,  0.116,  0.790], 
          [-0.062,  1.207,  0.785,  0.729], 
          [-0.105,  1.219,  0.433,  0.813], 
          [-0.158,  1.215,  0.084,  0.844], 
          [-0.143,  1.052,  1.533,  0.832], 
          [-0.066,  1.041,  1.537,  0.870], 
          [-0.182,  1.131,  1.510,  0.740], 
          [-0.015,  1.135,  1.520,  0.845], 
          [-0.058,  1.120,  0.028,  0.670], 
          [-0.052,  1.162,  0.036,  0.669], 
          [-0.197,  1.220,  0.041,  0.705], 
          [-0.312,  0.894,  0.044,  0.626], 
          [-0.347,  0.915,  0.056,  0.693], 
          [-0.326,  1.085,  0.086,  0.729]
        ]
    },
    {
        "id": 6,
        "keypoints3d": [
          [-0.814,  0.302,  1.164,  0.713], 
          [-0.542,  0.249,  1.101,  0.865], 
          [-0.500,  0.396,  1.103,  0.818], 
          [-0.275,  0.435,  0.946,  0.824], 
          [-0.247,  0.393,  0.706,  0.827], 
          [-0.607,  0.093,  1.102,  0.801], 
          [-0.477, -0.087,  0.933,  0.793], 
          [-0.413, -0.145,  0.708,  0.739], 
          [-0.388,  0.166,  0.674,  0.778], 
          [-0.353,  0.264,  0.662,  0.756], 
          [-0.598,  0.341,  0.380,  0.750], 
          [-0.373,  0.399,  0.094,  0.698], 
          [-0.431,  0.073,  0.687,  0.745], 
          [-0.745,  0.128,  0.472,  0.914], 
          [-0.581,  0.146,  0.102,  0.850], 
          [-0.831,  0.348,  1.213,  0.603], 
          [-0.812,  0.280,  1.193,  0.691], 
          [-0.749,  0.381,  1.228,  0.654], 
          [-0.753,  0.225,  1.234,  0.828], 
          [-0.742,  0.145,  0.045,  0.826], 
          [-0.716,  0.104,  0.040,  0.819], 
          [-0.516,  0.141,  0.058,  0.723], 
          [-0.519,  0.456,  0.036,  0.795], 
          [-0.473,  0.481,  0.042,  0.790], 
          [-0.317,  0.400,  0.071,  0.656]
        ]
    }
]
