[
    {
        "id": 0,
        "keypoints3d": [
          [-0.963, -1.166,  1.519,  0.899], 
          [-1.048, -1.279,  1.342,  0.858], 
          [-0.892, -1.361,  1.327,  0.831], 
          [-0.953, -1.427,  1.053,  0.831], 
          [-1.021, -1.432,  0.853,  0.669], 
          [-1.186, -1.203,  1.354,  0.853], 
          [-1.243, -1.245,  1.093,  0.778], 
          [-1.164, -1.354,  0.863,  0.739], 
          [-1.043, -1.276,  0.825,  0.743], 
          [-0.951, -1.334,  0.819,  0.714], 
          [-1.014, -1.356,  0.435,  0.779], 
          [-1.062, -1.361,  0.104,  0.826], 
          [-1.136, -1.226,  0.827,  0.732], 
          [-1.142, -1.200,  0.461,  0.797], 
          [-1.225, -1.294,  0.099,  0.775], 
          [-0.932, -1.191,  1.543,  0.777], 
          [-0.989, -1.163,  1.556,  0.826], 
          [-0.919, -1.279,  1.529,  0.792], 
          [-1.071, -1.207,  1.557,  0.856], 
          [-1.188, -1.143,  0.048,  0.730], 
          [-1.232, -1.163,  0.051,  0.751], 
          [-1.235, -1.334,  0.047,  0.669], 
          [-0.973, -1.260,  0.068,  0.727], 
          [-0.952, -1.319,  0.074,  0.720], 
          [-1.072, -1.379,  0.048,  0.679]
        ]
    },
    {
        "id": 2,
        "keypoints3d": [
          [ 1.033, -1.322,  1.579,  0.887], 
          [ 1.133, -1.402,  1.388,  0.857], 
          [ 1.242, -1.282,  1.394,  0.807], 
          [ 1.128, -1.159,  1.189,  0.864], 
          [ 0.971, -1.352,  1.197,  0.786], 
          [ 1.005, -1.523,  1.380,  0.809], 
          [ 0.908, -1.448,  1.144,  0.773], 
          [ 1.061, -1.248,  1.176,  0.683], 
          [ 1.093, -1.355,  0.866,  0.719], 
          [ 1.149, -1.274,  0.872,  0.713], 
          [ 1.179, -1.305,  0.476,  0.762], 
          [ 1.235, -1.347,  0.087,  0.793], 
          [ 1.020, -1.437,  0.865,  0.698], 
          [ 1.040, -1.433,  0.477,  0.718], 
          [ 1.074, -1.466,  0.106,  0.761], 
          [ 1.078, -1.302,  1.615,  0.822], 
          [ 1.016, -1.362,  1.606,  0.867], 
          [ 1.172, -1.328,  1.605,  0.903], 
          [ 1.063, -1.440,  1.577,  0.868], 
          [ 0.981, -1.356,  0.059,  0.718], 
          [ 0.964, -1.434,  0.059,  0.726], 
          [ 1.108, -1.486,  0.052,  0.703], 
          [ 1.115, -1.246,  0.053,  0.655], 
          [ 1.179, -1.218,  0.050,  0.655], 
          [ 1.248, -1.386,  0.041,  0.611]
        ]
    },
    {
        "id": 4,
        "keypoints3d": [
          [-0.114,  0.765,  1.472,  0.880], 
          [-0.081,  0.934,  1.306,  0.861], 
          [-0.221,  0.912,  1.304,  0.843], 
          [-0.289,  0.924,  1.063,  0.811], 
          [-0.309,  0.846,  0.861,  0.850], 
          [ 0.067,  0.975,  1.320,  0.837], 
          [ 0.142,  0.999,  1.081,  0.778], 
          [ 0.171,  0.942,  0.864,  0.864], 
          [-0.082,  0.931,  0.791,  0.758], 
          [-0.181,  0.918,  0.789,  0.757], 
          [-0.136,  0.919,  0.418,  0.823], 
          [-0.114,  0.956,  0.080,  0.805], 
          [ 0.018,  0.951,  0.797,  0.749], 
          [ 0.040,  0.923,  0.436,  0.800], 
          [ 0.053,  0.967,  0.096,  0.817], 
          [-0.151,  0.791,  1.518,  0.823], 
          [-0.088,  0.799,  1.516,  0.862], 
          [-0.173,  0.882,  1.514,  0.765], 
          [-0.002,  0.859,  1.522,  0.854], 
          [ 0.066,  0.813,  0.064,  0.632], 
          [ 0.111,  0.845,  0.064,  0.647], 
          [ 0.053,  1.012,  0.062,  0.692], 
          [-0.106,  0.819,  0.042,  0.682], 
          [-0.136,  0.843,  0.032,  0.672], 
          [-0.097,  0.986,  0.039,  0.655]
        ]
    },
    {
        "id": 6,
        "keypoints3d": [
          [-0.730,  0.642,  1.586,  0.798], 
          [-0.636,  0.492,  1.412,  0.847], 
          [-0.505,  0.574,  1.418,  0.851], 
          [-0.462,  0.605,  1.145,  0.759], 
          [-0.486,  0.653,  0.893,  0.815], 
          [-0.768,  0.397,  1.408,  0.864], 
          [-0.821,  0.377,  1.137,  0.765], 
          [-0.874,  0.486,  0.915,  0.739], 
          [-0.649,  0.487,  0.876,  0.734], 
          [-0.563,  0.555,  0.881,  0.705], 
          [-0.593,  0.560,  0.493,  0.737], 
          [-0.636,  0.507,  0.097,  0.760], 
          [-0.735,  0.440,  0.875,  0.730], 
          [-0.790,  0.373,  0.523,  0.764], 
          [-0.687,  0.276,  0.155,  0.712], 
          [-0.692,  0.654,  1.616,  0.707], 
          [-0.757,  0.607,  1.616,  0.850], 
          [-0.614,  0.610,  1.627,  0.778], 
          [-0.754,  0.510,  1.626,  0.771], 
          [-0.809,  0.294,  0.034,  0.788], 
          [-0.801,  0.245,  0.058,  0.779], 
          [-0.632,  0.278,  0.123,  0.602], 
          [-0.689,  0.660,  0.049,  0.812], 
          [-0.649,  0.649,  0.042,  0.841], 
          [-0.625,  0.467,  0.053,  0.653]
        ]
    }
]
