[
    {
        "id": 0,
        "keypoints3d": [
          [ 1.039, -1.317,  1.580,  0.883], 
          [ 1.134, -1.402,  1.387,  0.860], 
          [ 1.242, -1.280,  1.392,  0.810], 
          [ 1.127, -1.159,  1.184,  0.868], 
          [ 0.975, -1.356,  1.195,  0.806], 
          [ 1.005, -1.523,  1.378,  0.815], 
          [ 0.907, -1.444,  1.144,  0.832], 
          [ 1.060, -1.246,  1.175,  0.752], 
          [ 1.087, -1.360,  0.863,  0.725], 
          [ 1.148, -1.277,  0.866,  0.716], 
          [ 1.176, -1.306,  0.474,  0.713], 
          [ 1.233, -1.347,  0.088,  0.788], 
          [ 1.015, -1.441,  0.863,  0.702], 
          [ 1.043, -1.435,  0.474,  0.713], 
          [ 1.076, -1.472,  0.104,  0.845], 
          [ 1.076, -1.293,  1.621,  0.910], 
          [ 1.013, -1.354,  1.607,  0.863], 
          [ 1.173, -1.326,  1.609,  0.823], 
          [ 1.063, -1.439,  1.579,  0.878], 
          [ 0.978, -1.366,  0.057,  0.717], 
          [ 0.961, -1.437,  0.057,  0.727], 
          [ 1.104, -1.486,  0.052,  0.702], 
          [ 1.112, -1.240,  0.053,  0.722], 
          [ 1.182, -1.222,  0.047,  0.732], 
          [ 1.246, -1.385,  0.041,  0.675]
        ]
    },
    {
        "id": 2,
        "keypoints3d": [
          [-0.980, -1.160,  1.521,  0.876], 
          [-1.067, -1.275,  1.347,  0.878], 
          [-0.926, -1.351,  1.340,  0.828], 
          [-0.959, -1.426,  1.083,  0.730], 
          [-1.032, -1.438,  0.886,  0.786], 
          [-1.215, -1.197,  1.359,  0.870], 
          [-1.264, -1.233,  1.095,  0.773], 
          [-1.209, -1.343,  0.884,  0.619], 
          [-1.055, -1.275,  0.833,  0.758], 
          [-0.972, -1.324,  0.825,  0.728], 
          [-1.019, -1.348,  0.448,  0.766], 
          [-1.069, -1.365,  0.113,  0.788], 
          [-1.146, -1.230,  0.836,  0.753], 
          [-1.170, -1.223,  0.461,  0.844], 
          [-1.239, -1.296,  0.094,  0.813], 
          [-0.962, -1.172,  1.549,  0.779], 
          [-1.026, -1.138,  1.564,  0.784], 
          [-0.954, -1.266,  1.532,  0.745], 
          [-1.104, -1.202,  1.565,  0.882], 
          [-1.188, -1.145,  0.037,  0.682], 
          [-1.230, -1.166,  0.043,  0.705], 
          [-1.255, -1.330,  0.044,  0.652], 
          [-0.974, -1.253,  0.072,  0.745], 
          [-0.957, -1.318,  0.073,  0.734], 
          [-1.092, -1.379,  0.061,  0.675]
        ]
    },
    {
        "id": 4,
        "keypoints3d": [
          [-0.121,  0.811,  1.479,  0.777], 
          [-0.097,  0.985,  1.298,  0.869], 
          [-0.238,  0.945,  1.292,  0.851], 
          [-0.300,  0.937,  1.049,  0.847], 
          [-0.308,  0.854,  0.847,  0.851], 
          [ 0.037,  1.031,  1.311,  0.847], 
          [ 0.106,  1.063,  1.064,  0.794], 
          [ 0.155,  0.995,  0.854,  0.850], 
          [-0.091,  0.960,  0.793,  0.763], 
          [-0.180,  0.929,  0.790,  0.743], 
          [-0.147,  0.928,  0.420,  0.812], 
          [-0.121,  0.955,  0.099,  0.855], 
          [ 0.005,  0.991,  0.795,  0.726], 
          [ 0.019,  0.978,  0.441,  0.808], 
          [-0.057,  1.121,  0.141,  0.852], 
          [-0.161,  0.828,  1.526,  0.749], 
          [-0.099,  0.846,  1.527,  0.902], 
          [-0.188,  0.926,  1.510,  0.745], 
          [-0.031,  0.918,  1.521,  0.837], 
          [ 0.025,  1.046,  0.056,  0.620], 
          [ 0.024,  1.102,  0.062,  0.623], 
          [-0.085,  1.163,  0.126,  0.782], 
          [-0.092,  0.799,  0.052,  0.749], 
          [-0.118,  0.819,  0.046,  0.753], 
          [-0.113,  0.995,  0.058,  0.721]
        ]
    },
    {
        "id": 6,
        "keypoints3d": [
          [-0.769,  0.520,  1.581,  0.836], 
          [-0.636,  0.386,  1.407,  0.862], 
          [-0.526,  0.501,  1.413,  0.799], 
          [-0.460,  0.521,  1.146,  0.852], 
          [-0.461,  0.561,  0.895,  0.827], 
          [-0.746,  0.270,  1.405,  0.875], 
          [-0.820,  0.223,  1.141,  0.802], 
          [-0.904,  0.333,  0.902,  0.841], 
          [-0.613,  0.385,  0.879,  0.736], 
          [-0.549,  0.476,  0.881,  0.732], 
          [-0.612,  0.524,  0.474,  0.797], 
          [-0.637,  0.492,  0.087,  0.726], 
          [-0.681,  0.302,  0.878,  0.747], 
          [-0.681,  0.257,  0.502,  0.773], 
          [-0.591,  0.153,  0.123,  0.725], 
          [-0.744,  0.552,  1.631,  0.767], 
          [-0.777,  0.495,  1.617,  0.812], 
          [-0.647,  0.516,  1.615,  0.836], 
          [-0.766,  0.391,  1.619,  0.897], 
          [-0.747,  0.154,  0.039,  0.777], 
          [-0.729,  0.105,  0.045,  0.795], 
          [-0.540,  0.137,  0.067,  0.653], 
          [-0.691,  0.664,  0.049,  0.805], 
          [-0.655,  0.657,  0.048,  0.827], 
          [-0.633,  0.468,  0.046,  0.713]
        ]
    }
]
