[
    {
        "id": 0,
        "keypoints3d": [
          [-1.054, -1.135,  1.516,  0.819], 
          [-1.140, -1.257,  1.354,  0.868], 
          [-0.992, -1.334,  1.347,  0.850], 
          [-1.024, -1.405,  1.090,  0.765], 
          [-1.097, -1.411,  0.905,  0.806], 
          [-1.278, -1.178,  1.358,  0.833], 
          [-1.323, -1.216,  1.097,  0.788], 
          [-1.263, -1.324,  0.897,  0.640], 
          [-1.134, -1.258,  0.830,  0.745], 
          [-1.038, -1.291,  0.830,  0.735], 
          [-1.030, -1.315,  0.451,  0.806], 
          [-1.067, -1.350,  0.104,  0.808], 
          [-1.223, -1.216,  0.835,  0.728], 
          [-1.220, -1.252,  0.455,  0.802], 
          [-1.244, -1.298,  0.084,  0.782], 
          [-1.029, -1.163,  1.548,  0.813], 
          [-1.090, -1.134,  1.558,  0.836], 
          [-1.024, -1.254,  1.537,  0.787], 
          [-1.175, -1.170,  1.558,  0.857], 
          [-1.186, -1.146,  0.036,  0.654], 
          [-1.236, -1.160,  0.040,  0.688], 
          [-1.249, -1.328,  0.040,  0.635], 
          [-0.974, -1.224,  0.083,  0.707], 
          [-0.958, -1.271,  0.086,  0.698], 
          [-1.086, -1.373,  0.045,  0.661]
        ]
    },
    {
        "id": 2,
        "keypoints3d": [
          [ 1.046, -1.310,  1.577,  0.887], 
          [ 1.136, -1.398,  1.386,  0.856], 
          [ 1.241, -1.273,  1.391,  0.811], 
          [ 1.130, -1.158,  1.183,  0.872], 
          [ 0.968, -1.352,  1.193,  0.805], 
          [ 1.009, -1.514,  1.379,  0.806], 
          [ 0.913, -1.442,  1.145,  0.858], 
          [ 1.058, -1.244,  1.176,  0.760], 
          [ 1.093, -1.351,  0.864,  0.726], 
          [ 1.149, -1.269,  0.862,  0.721], 
          [ 1.185, -1.293,  0.469,  0.781], 
          [ 1.238, -1.339,  0.060,  0.780], 
          [ 1.023, -1.427,  0.863,  0.702], 
          [ 1.036, -1.427,  0.479,  0.663], 
          [ 1.077, -1.468,  0.105,  0.763], 
          [ 1.074, -1.292,  1.616,  0.833], 
          [ 1.028, -1.351,  1.602,  0.870], 
          [ 1.175, -1.323,  1.608,  0.826], 
          [ 1.065, -1.438,  1.575,  0.878], 
          [ 0.974, -1.366,  0.057,  0.718], 
          [ 0.965, -1.438,  0.056,  0.726], 
          [ 1.108, -1.482,  0.052,  0.696], 
          [ 1.118, -1.238,  0.031,  0.679], 
          [ 1.189, -1.217,  0.028,  0.686], 
          [ 1.253, -1.379,  0.021,  0.586]
        ]
    },
    {
        "id": 4,
        "keypoints3d": [
          [-0.161,  0.941,  1.495,  0.789], 
          [-0.101,  1.079,  1.293,  0.841], 
          [-0.240,  1.034,  1.301,  0.835], 
          [-0.333,  1.056,  1.057,  0.859], 
          [-0.376,  1.015,  0.838,  0.873], 
          [ 0.035,  1.134,  1.301,  0.798], 
          [ 0.093,  1.189,  1.056,  0.847], 
          [ 0.144,  1.140,  0.840,  0.882], 
          [-0.105,  1.063,  0.791,  0.792], 
          [-0.198,  1.030,  0.798,  0.768], 
          [-0.168,  0.990,  0.448,  0.824], 
          [-0.156,  0.995,  0.119,  0.786], 
          [-0.018,  1.095,  0.784,  0.762], 
          [-0.058,  1.132,  0.423,  0.820], 
          [-0.146,  1.201,  0.093,  0.820], 
          [-0.207,  0.978,  1.552,  0.793], 
          [-0.084,  0.960,  1.516,  0.890], 
          [-0.214,  1.041,  1.577,  0.745], 
          [-0.021,  1.037,  1.511,  0.845], 
          [-0.057,  1.121,  0.031,  0.714], 
          [-0.057,  1.161,  0.042,  0.695], 
          [-0.183,  1.217,  0.053,  0.689], 
          [-0.123,  0.830,  0.067,  0.690], 
          [-0.161,  0.847,  0.061,  0.701], 
          [-0.143,  1.017,  0.078,  0.757]
        ]
    },
    {
        "id": 6,
        "keypoints3d": [
          [-0.811,  0.327,  1.504,  0.867], 
          [-0.592,  0.247,  1.377,  0.861], 
          [-0.521,  0.392,  1.387,  0.826], 
          [-0.420,  0.408,  1.125,  0.809], 
          [-0.440,  0.435,  0.881,  0.881], 
          [-0.669,  0.105,  1.380,  0.827], 
          [-0.672, -0.013,  1.134,  0.825], 
          [-0.693, -0.010,  0.873,  0.738], 
          [-0.554,  0.236,  0.877,  0.751], 
          [-0.515,  0.338,  0.876,  0.738], 
          [-0.614,  0.397,  0.502,  0.768], 
          [-0.431,  0.445,  0.139,  0.829], 
          [-0.595,  0.140,  0.875,  0.733], 
          [-0.667,  0.141,  0.502,  0.760], 
          [-0.580,  0.138,  0.102,  0.749], 
          [-0.798,  0.342,  1.538,  0.868], 
          [-0.820,  0.285,  1.532,  0.764], 
          [-0.700,  0.386,  1.569,  0.711], 
          [-0.731,  0.225,  1.558,  0.847], 
          [-0.739,  0.131,  0.042,  0.818], 
          [-0.718,  0.091,  0.043,  0.824], 
          [-0.533,  0.142,  0.056,  0.687], 
          [-0.583,  0.493,  0.057,  0.803], 
          [-0.537,  0.532,  0.064,  0.809], 
          [-0.396,  0.438,  0.102,  0.746]
        ]
    }
]
