[
    {
        "id": 0,
        "keypoints3d": [
          [ 1.049, -1.310,  1.579,  0.885], 
          [ 1.137, -1.392,  1.385,  0.858], 
          [ 1.245, -1.277,  1.390,  0.808], 
          [ 1.129, -1.155,  1.183,  0.868], 
          [ 0.965, -1.346,  1.190,  0.808], 
          [ 1.007, -1.511,  1.381,  0.808], 
          [ 0.912, -1.441,  1.145,  0.864], 
          [ 1.063, -1.243,  1.178,  0.757], 
          [ 1.092, -1.353,  0.863,  0.726], 
          [ 1.149, -1.270,  0.865,  0.715], 
          [ 1.182, -1.294,  0.470,  0.818], 
          [ 1.236, -1.342,  0.064,  0.760], 
          [ 1.022, -1.426,  0.865,  0.710], 
          [ 1.035, -1.433,  0.473,  0.659], 
          [ 1.074, -1.471,  0.101,  0.842], 
          [ 1.077, -1.287,  1.614,  0.838], 
          [ 1.030, -1.351,  1.604,  0.873], 
          [ 1.176, -1.316,  1.605,  0.876], 
          [ 1.059, -1.452,  1.582,  0.858], 
          [ 0.975, -1.356,  0.058,  0.715], 
          [ 0.965, -1.437,  0.056,  0.722], 
          [ 1.105, -1.481,  0.053,  0.696], 
          [ 1.106, -1.237,  0.058,  0.814], 
          [ 1.181, -1.216,  0.043,  0.710], 
          [ 1.248, -1.378,  0.028,  0.622]
        ]
    },
    {
        "id": 2,
        "keypoints3d": [
          [-1.076, -1.136,  1.517,  0.885], 
          [-1.159, -1.263,  1.354,  0.856], 
          [-1.018, -1.327,  1.347,  0.842], 
          [-1.031, -1.397,  1.083,  0.790], 
          [-1.112, -1.395,  0.884,  0.749], 
          [-1.305, -1.182,  1.357,  0.835], 
          [-1.343, -1.226,  1.097,  0.770], 
          [-1.291, -1.320,  0.906,  0.591], 
          [-1.142, -1.252,  0.833,  0.763], 
          [-1.048, -1.279,  0.835,  0.750], 
          [-1.031, -1.294,  0.465,  0.822], 
          [-1.063, -1.356,  0.111,  0.864], 
          [-1.240, -1.217,  0.835,  0.733], 
          [-1.239, -1.257,  0.455,  0.817], 
          [-1.250, -1.295,  0.089,  0.818], 
          [-1.052, -1.159,  1.550,  0.770], 
          [-1.110, -1.131,  1.558,  0.823], 
          [-1.037, -1.251,  1.538,  0.764], 
          [-1.197, -1.171,  1.561,  0.892], 
          [-1.193, -1.150,  0.043,  0.759], 
          [-1.238, -1.159,  0.037,  0.786], 
          [-1.256, -1.328,  0.040,  0.655], 
          [-0.976, -1.226,  0.083,  0.732], 
          [-0.959, -1.283,  0.084,  0.723], 
          [-1.079, -1.370,  0.059,  0.704]
        ]
    },
    {
        "id": 4,
        "keypoints3d": [
          [-0.105,  0.945,  1.479,  0.764], 
          [-0.100,  1.103,  1.294,  0.857], 
          [-0.248,  1.069,  1.302,  0.839], 
          [-0.345,  1.097,  1.072,  0.883], 
          [-0.384,  1.042,  0.845,  0.891], 
          [ 0.037,  1.161,  1.297,  0.799], 
          [ 0.094,  1.203,  1.054,  0.862], 
          [ 0.144,  1.158,  0.853,  0.877], 
          [-0.123,  1.099,  0.790,  0.757], 
          [-0.212,  1.053,  0.794,  0.735], 
          [-0.160,  0.994,  0.446,  0.815], 
          [-0.123,  0.969,  0.110,  0.771], 
          [-0.033,  1.148,  0.789,  0.725], 
          [-0.095,  1.188,  0.432,  0.830], 
          [-0.155,  1.217,  0.094,  0.798], 
          [-0.132,  0.958,  1.514,  0.750], 
          [-0.074,  0.966,  1.517,  0.776], 
          [-0.169,  1.058,  1.501,  0.707], 
          [-0.015,  1.062,  1.502,  0.830], 
          [-0.062,  1.124,  0.031,  0.687], 
          [-0.060,  1.168,  0.041,  0.645], 
          [-0.196,  1.226,  0.047,  0.753], 
          [-0.086,  0.821,  0.053,  0.630], 
          [-0.123,  0.834,  0.046,  0.622], 
          [-0.115,  0.991,  0.069,  0.664]
        ]
    },
    {
        "id": 6,
        "keypoints3d": [
          [-0.815,  0.310,  1.455,  0.791], 
          [-0.586,  0.246,  1.349,  0.888], 
          [-0.527,  0.387,  1.355,  0.852], 
          [-0.411,  0.404,  1.102,  0.901], 
          [-0.420,  0.420,  0.861,  0.865], 
          [-0.652,  0.095,  1.353,  0.827], 
          [-0.613, -0.035,  1.109,  0.878], 
          [-0.602, -0.050,  0.856,  0.814], 
          [-0.525,  0.208,  0.855,  0.783], 
          [-0.487,  0.308,  0.854,  0.751], 
          [-0.594,  0.360,  0.481,  0.770], 
          [-0.401,  0.433,  0.135,  0.797], 
          [-0.567,  0.114,  0.856,  0.753], 
          [-0.676,  0.138,  0.500,  0.771], 
          [-0.579,  0.138,  0.107,  0.761], 
          [-0.804,  0.337,  1.491,  0.854], 
          [-0.794,  0.284,  1.487,  0.768], 
          [-0.726,  0.368,  1.523,  0.687], 
          [-0.737,  0.218,  1.511,  0.817], 
          [-0.741,  0.142,  0.047,  0.828], 
          [-0.720,  0.100,  0.043,  0.821], 
          [-0.522,  0.130,  0.058,  0.650], 
          [-0.538,  0.454,  0.044,  0.775], 
          [-0.489,  0.488,  0.058,  0.765], 
          [-0.340,  0.426,  0.098,  0.679]
        ]
    }
]
