[
    {
        "id": 0,
        "keypoints3d": [
          [ 1.036, -1.318,  1.579,  0.885], 
          [ 1.134, -1.402,  1.387,  0.859], 
          [ 1.243, -1.281,  1.391,  0.813], 
          [ 1.127, -1.159,  1.184,  0.870], 
          [ 0.974, -1.357,  1.197,  0.807], 
          [ 1.005, -1.522,  1.378,  0.815], 
          [ 0.907, -1.445,  1.143,  0.831], 
          [ 1.057, -1.245,  1.176,  0.754], 
          [ 1.086, -1.359,  0.863,  0.724], 
          [ 1.148, -1.276,  0.866,  0.716], 
          [ 1.177, -1.307,  0.474,  0.710], 
          [ 1.233, -1.350,  0.086,  0.788], 
          [ 1.015, -1.440,  0.863,  0.701], 
          [ 1.046, -1.436,  0.473,  0.711], 
          [ 1.076, -1.472,  0.104,  0.845], 
          [ 1.077, -1.297,  1.620,  0.913], 
          [ 1.013, -1.355,  1.610,  0.867], 
          [ 1.173, -1.328,  1.611,  0.844], 
          [ 1.063, -1.440,  1.578,  0.878], 
          [ 0.978, -1.366,  0.057,  0.719], 
          [ 0.961, -1.437,  0.057,  0.728], 
          [ 1.104, -1.486,  0.052,  0.703], 
          [ 1.111, -1.246,  0.053,  0.723], 
          [ 1.182, -1.222,  0.047,  0.731], 
          [ 1.246, -1.385,  0.041,  0.676]
        ]
    },
    {
        "id": 2,
        "keypoints3d": [
          [-0.979, -1.161,  1.523,  0.878], 
          [-1.065, -1.277,  1.346,  0.874], 
          [-0.920, -1.356,  1.339,  0.817], 
          [-0.955, -1.428,  1.078,  0.742], 
          [-1.027, -1.444,  0.891,  0.778], 
          [-1.215, -1.198,  1.359,  0.867], 
          [-1.265, -1.233,  1.097,  0.743], 
          [-1.210, -1.331,  0.878,  0.647], 
          [-1.054, -1.276,  0.834,  0.756], 
          [-0.966, -1.327,  0.827,  0.727], 
          [-1.018, -1.349,  0.446,  0.745], 
          [-1.071, -1.363,  0.110,  0.852], 
          [-1.145, -1.231,  0.837,  0.753], 
          [-1.167, -1.221,  0.458,  0.846], 
          [-1.235, -1.297,  0.092,  0.802], 
          [-0.957, -1.173,  1.547,  0.780], 
          [-1.017, -1.152,  1.564,  0.771], 
          [-0.941, -1.265,  1.532,  0.749], 
          [-1.100, -1.201,  1.564,  0.878], 
          [-1.187, -1.144,  0.037,  0.666], 
          [-1.231, -1.167,  0.040,  0.685], 
          [-1.252, -1.331,  0.045,  0.633], 
          [-0.975, -1.253,  0.072,  0.748], 
          [-0.953, -1.316,  0.070,  0.733], 
          [-1.089, -1.378,  0.055,  0.683]
        ]
    },
    {
        "id": 4,
        "keypoints3d": [
          [-0.766,  0.530,  1.585,  0.849], 
          [-0.637,  0.396,  1.408,  0.864], 
          [-0.525,  0.518,  1.414,  0.804], 
          [-0.466,  0.533,  1.136,  0.839], 
          [-0.472,  0.576,  0.895,  0.821], 
          [-0.750,  0.283,  1.406,  0.859], 
          [-0.820,  0.237,  1.146,  0.829], 
          [-0.905,  0.350,  0.901,  0.841], 
          [-0.621,  0.397,  0.877,  0.747], 
          [-0.553,  0.484,  0.880,  0.743], 
          [-0.610,  0.526,  0.486,  0.803], 
          [-0.634,  0.495,  0.091,  0.739], 
          [-0.686,  0.318,  0.877,  0.743], 
          [-0.706,  0.273,  0.510,  0.782], 
          [-0.596,  0.158,  0.130,  0.744], 
          [-0.732,  0.563,  1.632,  0.776], 
          [-0.777,  0.513,  1.622,  0.857], 
          [-0.644,  0.524,  1.622,  0.769], 
          [-0.758,  0.407,  1.618,  0.907], 
          [-0.746,  0.154,  0.040,  0.775], 
          [-0.725,  0.106,  0.046,  0.786], 
          [-0.549,  0.143,  0.080,  0.662], 
          [-0.692,  0.664,  0.048,  0.801], 
          [-0.655,  0.657,  0.048,  0.824], 
          [-0.631,  0.466,  0.047,  0.720]
        ]
    },
    {
        "id": 6,
        "keypoints3d": [
          [-0.119,  0.802,  1.474,  0.784], 
          [-0.096,  0.981,  1.299,  0.858], 
          [-0.236,  0.939,  1.296,  0.842], 
          [-0.298,  0.932,  1.050,  0.771], 
          [-0.308,  0.854,  0.851,  0.849], 
          [ 0.046,  1.021,  1.310,  0.848], 
          [ 0.112,  1.042,  1.064,  0.794], 
          [ 0.161,  0.981,  0.860,  0.868], 
          [-0.091,  0.958,  0.796,  0.768], 
          [-0.179,  0.925,  0.790,  0.748], 
          [-0.142,  0.923,  0.420,  0.803], 
          [-0.118,  0.956,  0.097,  0.841], 
          [ 0.005,  0.986,  0.796,  0.733], 
          [ 0.025,  0.973,  0.439,  0.809], 
          [-0.036,  1.103,  0.125,  0.794], 
          [-0.153,  0.820,  1.522,  0.750], 
          [-0.090,  0.838,  1.529,  0.886], 
          [-0.187,  0.920,  1.517,  0.884], 
          [-0.031,  0.914,  1.522,  0.856], 
          [ 0.055,  1.021,  0.063,  0.684], 
          [ 0.063,  1.055,  0.070,  0.693], 
          [-0.053,  1.132,  0.109,  0.787], 
          [-0.085,  0.804,  0.050,  0.653], 
          [-0.112,  0.825,  0.042,  0.649], 
          [-0.109,  0.994,  0.061,  0.709]
        ]
    }
]
