[
    {
        "id": 0,
        "keypoints3d": [
          [-0.177,  1.027,  1.493,  0.832], 
          [-0.184,  1.178,  1.299,  0.877], 
          [-0.330,  1.143,  1.312,  0.859], 
          [-0.433,  1.165,  1.071,  0.826], 
          [-0.467,  1.100,  0.869,  0.846], 
          [-0.034,  1.217,  1.291,  0.843], 
          [ 0.016,  1.250,  1.048,  0.835], 
          [ 0.066,  1.185,  0.844,  0.845], 
          [-0.203,  1.162,  0.789,  0.789], 
          [-0.308,  1.136,  0.797,  0.763], 
          [-0.350,  1.104,  0.462,  0.834], 
          [-0.465,  1.146,  0.096,  0.844], 
          [-0.108,  1.185,  0.788,  0.770], 
          [-0.138,  1.213,  0.436,  0.810], 
          [-0.169,  1.216,  0.091,  0.866], 
          [-0.198,  1.052,  1.542,  0.786], 
          [-0.137,  1.054,  1.536,  0.885], 
          [-0.249,  1.144,  1.522,  0.820], 
          [-0.081,  1.137,  1.514,  0.791], 
          [-0.060,  1.128,  0.042,  0.725], 
          [-0.049,  1.169,  0.053,  0.748], 
          [-0.193,  1.229,  0.044,  0.767], 
          [-0.470,  1.005,  0.041,  0.720], 
          [-0.511,  1.032,  0.045,  0.716], 
          [-0.461,  1.186,  0.056,  0.818]
        ]
    },
    {
        "id": 2,
        "keypoints3d": [
          [-1.082, -1.160,  1.539,  0.818], 
          [-1.146, -1.279,  1.358,  0.872], 
          [-0.986, -1.353,  1.353,  0.874], 
          [-0.986, -1.431,  1.081,  0.756], 
          [-1.075, -1.420,  0.860,  0.674], 
          [-1.292, -1.216,  1.355,  0.850], 
          [-1.337, -1.260,  1.107,  0.786], 
          [-1.294, -1.345,  0.893,  0.646], 
          [-1.139, -1.266,  0.828,  0.755], 
          [-1.042, -1.306,  0.826,  0.741], 
          [-1.008, -1.314,  0.450,  0.806], 
          [-0.991, -1.391,  0.099,  0.844], 
          [-1.240, -1.233,  0.826,  0.738], 
          [-1.233, -1.256,  0.455,  0.768], 
          [-1.235, -1.299,  0.083,  0.856], 
          [-1.054, -1.184,  1.569,  0.838], 
          [-1.119, -1.175,  1.573,  0.801], 
          [-1.051, -1.288,  1.542,  0.793], 
          [-1.208, -1.214,  1.557,  0.888], 
          [-1.196, -1.143,  0.039,  0.750], 
          [-1.243, -1.162,  0.044,  0.764], 
          [-1.249, -1.333,  0.036,  0.710], 
          [-0.875, -1.295,  0.060,  0.742], 
          [-0.864, -1.330,  0.069,  0.749], 
          [-1.021, -1.412,  0.060,  0.791]
        ]
    },
    {
        "id": 4,
        "keypoints3d": [
          [ 1.041, -1.310,  1.576,  0.880], 
          [ 1.131, -1.396,  1.388,  0.862], 
          [ 1.246, -1.285,  1.394,  0.811], 
          [ 1.140, -1.156,  1.183,  0.836], 
          [ 0.977, -1.349,  1.202,  0.807], 
          [ 0.997, -1.504,  1.382,  0.824], 
          [ 0.906, -1.431,  1.146,  0.862], 
          [ 1.067, -1.230,  1.177,  0.760], 
          [ 1.091, -1.348,  0.868,  0.724], 
          [ 1.150, -1.267,  0.874,  0.710], 
          [ 1.184, -1.298,  0.487,  0.814], 
          [ 1.239, -1.345,  0.096,  0.716], 
          [ 1.021, -1.426,  0.864,  0.712], 
          [ 1.039, -1.434,  0.476,  0.693], 
          [ 1.073, -1.469,  0.100,  0.839], 
          [ 1.076, -1.295,  1.616,  0.800], 
          [ 1.021, -1.355,  1.605,  0.875], 
          [ 1.176, -1.321,  1.606,  0.900], 
          [ 1.050, -1.448,  1.581,  0.854], 
          [ 0.974, -1.356,  0.059,  0.713], 
          [ 0.957, -1.431,  0.060,  0.716], 
          [ 1.103, -1.487,  0.049,  0.703], 
          [ 1.119, -1.241,  0.051,  0.730], 
          [ 1.181, -1.220,  0.048,  0.733], 
          [ 1.249, -1.385,  0.043,  0.672]
        ]
    },
    {
        "id": 6,
        "keypoints3d": [
          [-0.435,  0.232,  1.024,  0.864], 
          [-0.250,  0.143,  0.921,  0.843], 
          [-0.130,  0.252,  0.917,  0.792], 
          [ 0.073,  0.178,  0.740,  0.740], 
          [-0.066,  0.288,  0.617,  0.765], 
          [-0.360,  0.036,  0.933,  0.825], 
          [-0.412, -0.199,  0.809,  0.734], 
          [-0.505, -0.066,  0.669,  0.756], 
          [-0.213,  0.054,  0.470,  0.705], 
          [-0.127,  0.118,  0.457,  0.670], 
          [-0.464,  0.441,  0.486,  0.775], 
          [-0.315,  0.446,  0.088,  0.710], 
          [-0.311, -0.005,  0.484,  0.683], 
          [-0.654,  0.271,  0.547,  0.882], 
          [-0.567,  0.257,  0.147,  0.732], 
          [-0.405,  0.277,  1.065,  0.632], 
          [-0.436,  0.218,  1.069,  0.839], 
          [-0.330,  0.320,  1.071,  0.625], 
          [-0.371,  0.160,  1.087,  0.834], 
          [-0.751,  0.281,  0.123,  0.771], 
          [-0.720,  0.225,  0.121,  0.784], 
          [-0.504,  0.264,  0.079,  0.692], 
          [-0.473,  0.526,  0.053,  0.661], 
          [-0.413,  0.544,  0.048,  0.587], 
          [-0.268,  0.421,  0.043,  0.597]
        ]
    }
]
