[
    {
        "id": 0,
        "keypoints3d": [
          [-1.132, -1.143,  1.518,  0.903], 
          [-1.199, -1.271,  1.343,  0.874], 
          [-1.058, -1.326,  1.341,  0.866], 
          [-1.051, -1.401,  1.076,  0.785], 
          [-1.150, -1.390,  0.880,  0.699], 
          [-1.353, -1.195,  1.352,  0.847], 
          [-1.412, -1.241,  1.099,  0.765], 
          [-1.330, -1.340,  0.894,  0.522], 
          [-1.191, -1.236,  0.828,  0.757], 
          [-1.096, -1.260,  0.825,  0.744], 
          [-1.042, -1.253,  0.466,  0.861], 
          [-1.042, -1.351,  0.104,  0.810], 
          [-1.289, -1.213,  0.827,  0.730], 
          [-1.278, -1.244,  0.440,  0.837], 
          [-1.242, -1.301,  0.078,  0.850], 
          [-1.109, -1.161,  1.550,  0.776], 
          [-1.173, -1.136,  1.557,  0.844], 
          [-1.089, -1.258,  1.538,  0.776], 
          [-1.238, -1.197,  1.546,  0.853], 
          [-1.199, -1.146,  0.040,  0.765], 
          [-1.246, -1.162,  0.041,  0.788], 
          [-1.245, -1.329,  0.031,  0.683], 
          [-0.944, -1.248,  0.075,  0.691], 
          [-0.924, -1.299,  0.076,  0.688], 
          [-1.056, -1.379,  0.052,  0.701]
        ]
    },
    {
        "id": 2,
        "keypoints3d": [
          [ 1.045, -1.309,  1.578,  0.883], 
          [ 1.134, -1.394,  1.387,  0.863], 
          [ 1.247, -1.282,  1.391,  0.809], 
          [ 1.139, -1.157,  1.180,  0.824], 
          [ 0.975, -1.355,  1.200,  0.794], 
          [ 0.999, -1.506,  1.382,  0.816], 
          [ 0.907, -1.429,  1.147,  0.859], 
          [ 1.075, -1.232,  1.174,  0.768], 
          [ 1.090, -1.347,  0.867,  0.726], 
          [ 1.152, -1.265,  0.870,  0.711], 
          [ 1.182, -1.299,  0.483,  0.796], 
          [ 1.236, -1.348,  0.089,  0.781], 
          [ 1.022, -1.426,  0.864,  0.714], 
          [ 1.040, -1.435,  0.478,  0.701], 
          [ 1.074, -1.472,  0.098,  0.841], 
          [ 1.076, -1.295,  1.613,  0.808], 
          [ 1.024, -1.354,  1.605,  0.870], 
          [ 1.174, -1.318,  1.605,  0.892], 
          [ 1.053, -1.446,  1.580,  0.857], 
          [ 0.975, -1.357,  0.058,  0.717], 
          [ 0.958, -1.431,  0.059,  0.721], 
          [ 1.106, -1.484,  0.047,  0.704], 
          [ 1.116, -1.240,  0.050,  0.731], 
          [ 1.182, -1.223,  0.046,  0.732], 
          [ 1.251, -1.382,  0.042,  0.668]
        ]
    },
    {
        "id": 4,
        "keypoints3d": [
          [-0.149,  1.038,  1.490,  0.835], 
          [-0.144,  1.186,  1.297,  0.871], 
          [-0.293,  1.146,  1.306,  0.862], 
          [-0.385,  1.173,  1.068,  0.866], 
          [-0.423,  1.106,  0.852,  0.864], 
          [-0.001,  1.230,  1.293,  0.862], 
          [ 0.066,  1.265,  1.053,  0.831], 
          [ 0.112,  1.200,  0.861,  0.809], 
          [-0.168,  1.164,  0.787,  0.773], 
          [-0.267,  1.126,  0.794,  0.746], 
          [-0.323,  1.042,  0.468,  0.826], 
          [-0.446,  1.128,  0.124,  0.880], 
          [-0.070,  1.199,  0.782,  0.746], 
          [-0.115,  1.223,  0.429,  0.802], 
          [-0.158,  1.215,  0.091,  0.873], 
          [-0.172,  1.059,  1.534,  0.833], 
          [-0.115,  1.068,  1.537,  0.869], 
          [-0.211,  1.147,  1.509,  0.847], 
          [-0.046,  1.143,  1.509,  0.805], 
          [-0.056,  1.124,  0.035,  0.736], 
          [-0.051,  1.166,  0.046,  0.759], 
          [-0.187,  1.221,  0.040,  0.770], 
          [-0.470,  1.004,  0.046,  0.732], 
          [-0.498,  1.025,  0.053,  0.745], 
          [-0.438,  1.160,  0.092,  0.827]
        ]
    },
    {
        "id": 6,
        "keypoints3d": [
          [-0.650,  0.301,  0.917,  0.793], 
          [-0.417,  0.239,  0.893,  0.861], 
          [-0.343,  0.373,  0.886,  0.789], 
          [-0.085,  0.372,  0.829,  0.812], 
          [-0.172,  0.377,  0.630,  0.803], 
          [-0.493,  0.091,  0.909,  0.772], 
          [-0.390, -0.147,  0.892,  0.731], 
          [-0.405, -0.145,  0.667,  0.759], 
          [-0.287,  0.090,  0.486,  0.728], 
          [-0.231,  0.189,  0.478,  0.696], 
          [-0.580,  0.371,  0.413,  0.738], 
          [-0.383,  0.397,  0.095,  0.742], 
          [-0.342, -0.003,  0.504,  0.681], 
          [-0.713,  0.138,  0.482,  0.891], 
          [-0.575,  0.143,  0.101,  0.841], 
          [-0.651,  0.349,  0.945,  0.814], 
          [-0.642,  0.277,  0.964,  0.827], 
          [-0.577,  0.395,  0.980,  0.687], 
          [-0.569,  0.245,  1.010,  0.799], 
          [-0.731,  0.138,  0.048,  0.835], 
          [-0.703,  0.097,  0.045,  0.825], 
          [-0.518,  0.138,  0.056,  0.746], 
          [-0.520,  0.454,  0.049,  0.816], 
          [-0.468,  0.480,  0.047,  0.722], 
          [-0.317,  0.384,  0.055,  0.551]
        ]
    }
]
