[
    {
        "id": 0,
        "keypoints3d": [
          [-1.134, -1.126,  1.516,  0.895], 
          [-1.203, -1.261,  1.343,  0.877], 
          [-1.060, -1.317,  1.339,  0.875], 
          [-1.057, -1.382,  1.072,  0.788], 
          [-1.116, -1.378,  0.879,  0.724], 
          [-1.354, -1.183,  1.353,  0.852], 
          [-1.411, -1.225,  1.096,  0.799], 
          [-1.316, -1.329,  0.877,  0.621], 
          [-1.185, -1.232,  0.818,  0.761], 
          [-1.094, -1.258,  0.814,  0.747], 
          [-1.056, -1.257,  0.462,  0.853], 
          [-1.064, -1.349,  0.105,  0.842], 
          [-1.285, -1.209,  0.820,  0.742], 
          [-1.265, -1.249,  0.441,  0.829], 
          [-1.240, -1.308,  0.078,  0.781], 
          [-1.104, -1.151,  1.544,  0.786], 
          [-1.165, -1.130,  1.550,  0.783], 
          [-1.092, -1.242,  1.530,  0.785], 
          [-1.233, -1.186,  1.547,  0.842], 
          [-1.191, -1.154,  0.035,  0.751], 
          [-1.240, -1.159,  0.043,  0.775], 
          [-1.255, -1.334,  0.030,  0.691], 
          [-0.963, -1.240,  0.073,  0.794], 
          [-0.951, -1.300,  0.070,  0.697], 
          [-1.086, -1.371,  0.056,  0.704]
        ]
    },
    {
        "id": 2,
        "keypoints3d": [
          [ 1.048, -1.307,  1.577,  0.892], 
          [ 1.136, -1.389,  1.387,  0.863], 
          [ 1.245, -1.279,  1.391,  0.811], 
          [ 1.141, -1.156,  1.182,  0.805], 
          [ 0.973, -1.351,  1.191,  0.801], 
          [ 1.002, -1.505,  1.383,  0.809], 
          [ 0.909, -1.436,  1.145,  0.864], 
          [ 1.067, -1.239,  1.176,  0.767], 
          [ 1.092, -1.350,  0.867,  0.732], 
          [ 1.148, -1.269,  0.868,  0.718], 
          [ 1.176, -1.302,  0.479,  0.737], 
          [ 1.233, -1.350,  0.086,  0.786], 
          [ 1.020, -1.424,  0.864,  0.714], 
          [ 1.037, -1.428,  0.478,  0.694], 
          [ 1.077, -1.469,  0.104,  0.758], 
          [ 1.079, -1.289,  1.613,  0.823], 
          [ 1.031, -1.344,  1.603,  0.875], 
          [ 1.177, -1.312,  1.606,  0.877], 
          [ 1.054, -1.444,  1.581,  0.860], 
          [ 0.973, -1.363,  0.057,  0.712], 
          [ 0.963, -1.435,  0.056,  0.724], 
          [ 1.105, -1.483,  0.052,  0.703], 
          [ 1.115, -1.237,  0.050,  0.730], 
          [ 1.181, -1.222,  0.047,  0.735], 
          [ 1.250, -1.378,  0.042,  0.674]
        ]
    },
    {
        "id": 4,
        "keypoints3d": [
          [-0.116,  1.021,  1.489,  0.841], 
          [-0.112,  1.174,  1.299,  0.883], 
          [-0.260,  1.136,  1.311,  0.852], 
          [-0.358,  1.174,  1.074,  0.850], 
          [-0.394,  1.110,  0.857,  0.855], 
          [ 0.038,  1.215,  1.289,  0.849], 
          [ 0.115,  1.259,  1.059,  0.857], 
          [ 0.167,  1.186,  0.858,  0.856], 
          [-0.152,  1.164,  0.799,  0.773], 
          [-0.237,  1.119,  0.805,  0.748], 
          [-0.249,  0.991,  0.478,  0.798], 
          [-0.313,  1.045,  0.117,  0.789], 
          [-0.064,  1.209,  0.789,  0.732], 
          [-0.104,  1.221,  0.436,  0.811], 
          [-0.158,  1.215,  0.084,  0.844], 
          [-0.147,  1.052,  1.533,  0.833], 
          [-0.070,  1.042,  1.538,  0.872], 
          [-0.183,  1.131,  1.510,  0.752], 
          [-0.018,  1.136,  1.520,  0.845], 
          [-0.058,  1.120,  0.028,  0.670], 
          [-0.052,  1.162,  0.036,  0.669], 
          [-0.197,  1.220,  0.041,  0.705], 
          [-0.308,  0.900,  0.055,  0.670], 
          [-0.347,  0.915,  0.056,  0.693], 
          [-0.326,  1.085,  0.086,  0.729]
        ]
    },
    {
        "id": 6,
        "keypoints3d": [
          [-0.791,  0.290,  1.146,  0.756], 
          [-0.540,  0.246,  1.096,  0.860], 
          [-0.498,  0.394,  1.100,  0.813], 
          [-0.265,  0.432,  0.946,  0.823], 
          [-0.241,  0.395,  0.711,  0.838], 
          [-0.600,  0.090,  1.097,  0.794], 
          [-0.463, -0.091,  0.925,  0.786], 
          [-0.412, -0.148,  0.702,  0.746], 
          [-0.379,  0.161,  0.667,  0.783], 
          [-0.343,  0.262,  0.660,  0.758], 
          [-0.608,  0.349,  0.392,  0.767], 
          [-0.380,  0.396,  0.091,  0.746], 
          [-0.427,  0.067,  0.679,  0.742], 
          [-0.744,  0.126,  0.470,  0.916], 
          [-0.581,  0.146,  0.102,  0.850], 
          [-0.831,  0.348,  1.213,  0.603], 
          [-0.785,  0.275,  1.163,  0.688], 
          [-0.749,  0.381,  1.228,  0.654], 
          [-0.743,  0.221,  1.224,  0.826], 
          [-0.741,  0.143,  0.043,  0.827], 
          [-0.716,  0.104,  0.040,  0.818], 
          [-0.516,  0.140,  0.057,  0.727], 
          [-0.519,  0.456,  0.036,  0.795], 
          [-0.473,  0.481,  0.042,  0.790], 
          [-0.317,  0.400,  0.071,  0.656]
        ]
    }
]
