[
    {
        "id": 0,
        "keypoints3d": [
          [ 1.042, -1.309,  1.578,  0.880], 
          [ 1.131, -1.396,  1.388,  0.861], 
          [ 1.248, -1.283,  1.392,  0.810], 
          [ 1.139, -1.158,  1.181,  0.825], 
          [ 0.979, -1.351,  1.201,  0.806], 
          [ 0.999, -1.506,  1.382,  0.817], 
          [ 0.907, -1.430,  1.146,  0.866], 
          [ 1.076, -1.233,  1.175,  0.766], 
          [ 1.090, -1.347,  0.867,  0.726], 
          [ 1.150, -1.266,  0.873,  0.710], 
          [ 1.184, -1.297,  0.487,  0.816], 
          [ 1.239, -1.346,  0.099,  0.716], 
          [ 1.022, -1.426,  0.866,  0.714], 
          [ 1.042, -1.433,  0.477,  0.701], 
          [ 1.073, -1.470,  0.100,  0.841], 
          [ 1.076, -1.295,  1.616,  0.798], 
          [ 1.022, -1.354,  1.603,  0.869], 
          [ 1.174, -1.322,  1.606,  0.801], 
          [ 1.052, -1.446,  1.581,  0.851], 
          [ 0.975, -1.355,  0.062,  0.714], 
          [ 0.957, -1.431,  0.063,  0.713], 
          [ 1.104, -1.487,  0.049,  0.703], 
          [ 1.114, -1.246,  0.046,  0.734], 
          [ 1.182, -1.222,  0.047,  0.734], 
          [ 1.249, -1.380,  0.044,  0.669]
        ]
    },
    {
        "id": 2,
        "keypoints3d": [
          [-1.118, -1.150,  1.524,  0.912], 
          [-1.171, -1.280,  1.345,  0.890], 
          [-1.024, -1.336,  1.343,  0.854], 
          [-1.018, -1.413,  1.069,  0.798], 
          [-1.102, -1.404,  0.859,  0.724], 
          [-1.316, -1.206,  1.347,  0.857], 
          [-1.377, -1.263,  1.092,  0.774], 
          [-1.322, -1.354,  0.885,  0.642], 
          [-1.160, -1.257,  0.824,  0.767], 
          [-1.064, -1.277,  0.826,  0.763], 
          [-1.009, -1.265,  0.474,  0.834], 
          [-1.005, -1.370,  0.105,  0.847], 
          [-1.265, -1.234,  0.829,  0.755], 
          [-1.264, -1.251,  0.452,  0.814], 
          [-1.241, -1.296,  0.082,  0.860], 
          [-1.097, -1.185,  1.556,  0.816], 
          [-1.152, -1.143,  1.560,  0.830], 
          [-1.077, -1.275,  1.537,  0.770], 
          [-1.221, -1.206,  1.543,  0.882], 
          [-1.195, -1.142,  0.041,  0.802], 
          [-1.245, -1.162,  0.040,  0.831], 
          [-1.252, -1.328,  0.038,  0.700], 
          [-0.886, -1.293,  0.064,  0.747], 
          [-0.869, -1.325,  0.071,  0.757], 
          [-1.030, -1.391,  0.071,  0.783]
        ]
    },
    {
        "id": 4,
        "keypoints3d": [
          [-0.165,  1.032,  1.494,  0.836], 
          [-0.164,  1.185,  1.298,  0.867], 
          [-0.318,  1.148,  1.314,  0.840], 
          [-0.414,  1.170,  1.072,  0.818], 
          [-0.442,  1.099,  0.856,  0.811], 
          [-0.020,  1.224,  1.291,  0.842], 
          [ 0.044,  1.245,  1.048,  0.844], 
          [ 0.086,  1.182,  0.849,  0.862], 
          [-0.191,  1.157,  0.785,  0.771], 
          [-0.288,  1.127,  0.792,  0.750], 
          [-0.344,  1.079,  0.462,  0.801], 
          [-0.454,  1.137,  0.104,  0.854], 
          [-0.091,  1.184,  0.784,  0.747], 
          [-0.126,  1.214,  0.433,  0.755], 
          [-0.164,  1.211,  0.089,  0.865], 
          [-0.184,  1.055,  1.536,  0.794], 
          [-0.129,  1.054,  1.540,  0.883], 
          [-0.237,  1.143,  1.516,  0.827], 
          [-0.063,  1.139,  1.513,  0.798], 
          [-0.055,  1.121,  0.038,  0.726], 
          [-0.050,  1.164,  0.047,  0.753], 
          [-0.192,  1.224,  0.041,  0.776], 
          [-0.476,  1.002,  0.050,  0.758], 
          [-0.518,  1.029,  0.050,  0.753], 
          [-0.454,  1.178,  0.059,  0.822]
        ]
    },
    {
        "id": 6,
        "keypoints3d": [
          [-0.520,  0.256,  0.991,  0.855], 
          [-0.308,  0.168,  0.918,  0.826], 
          [-0.209,  0.296,  0.915,  0.822], 
          [ 0.056,  0.255,  0.796,  0.861], 
          [-0.104,  0.336,  0.638,  0.846], 
          [-0.409,  0.048,  0.933,  0.803], 
          [-0.382, -0.206,  0.852,  0.775], 
          [-0.457, -0.122,  0.663,  0.839], 
          [-0.236,  0.065,  0.467,  0.684], 
          [-0.158,  0.148,  0.464,  0.671], 
          [-0.518,  0.408,  0.461,  0.726], 
          [-0.364,  0.409,  0.085,  0.663], 
          [-0.312, -0.015,  0.480,  0.638], 
          [-0.663,  0.203,  0.502,  0.827], 
          [-0.580,  0.154,  0.105,  0.843], 
          [-0.508,  0.308,  1.022,  0.614], 
          [-0.517,  0.244,  1.024,  0.822], 
          [-0.436,  0.354,  1.029,  0.700], 
          [-0.443,  0.194,  1.062,  0.845], 
          [-0.734,  0.157,  0.060,  0.746], 
          [-0.718,  0.110,  0.066,  0.777], 
          [-0.522,  0.142,  0.042,  0.724], 
          [-0.506,  0.485,  0.047,  0.745], 
          [-0.456,  0.511,  0.044,  0.752], 
          [-0.295,  0.388,  0.047,  0.567]
        ]
    }
]
