[
    {
        "id": 0,
        "keypoints3d": [
          [-1.121, -1.128,  1.517,  0.897], 
          [-1.197, -1.259,  1.344,  0.879], 
          [-1.057, -1.317,  1.339,  0.870], 
          [-1.056, -1.393,  1.070,  0.791], 
          [-1.137, -1.397,  0.882,  0.719], 
          [-1.347, -1.177,  1.354,  0.852], 
          [-1.407, -1.220,  1.094,  0.796], 
          [-1.329, -1.311,  0.879,  0.616], 
          [-1.181, -1.232,  0.819,  0.763], 
          [-1.091, -1.259,  0.820,  0.750], 
          [-1.053, -1.259,  0.460,  0.867], 
          [-1.062, -1.350,  0.107,  0.826], 
          [-1.277, -1.211,  0.822,  0.742], 
          [-1.266, -1.247,  0.444,  0.795], 
          [-1.245, -1.304,  0.080,  0.853], 
          [-1.094, -1.154,  1.542,  0.787], 
          [-1.152, -1.126,  1.549,  0.877], 
          [-1.088, -1.242,  1.528,  0.807], 
          [-1.228, -1.186,  1.548,  0.860], 
          [-1.194, -1.150,  0.034,  0.765], 
          [-1.239, -1.159,  0.037,  0.786], 
          [-1.255, -1.334,  0.035,  0.681], 
          [-0.969, -1.241,  0.075,  0.807], 
          [-0.951, -1.298,  0.076,  0.800], 
          [-1.080, -1.375,  0.053,  0.680]
        ]
    },
    {
        "id": 2,
        "keypoints3d": [
          [ 1.047, -1.310,  1.577,  0.892], 
          [ 1.137, -1.389,  1.387,  0.863], 
          [ 1.246, -1.278,  1.391,  0.811], 
          [ 1.138, -1.157,  1.178,  0.812], 
          [ 0.970, -1.349,  1.191,  0.810], 
          [ 1.004, -1.504,  1.380,  0.812], 
          [ 0.911, -1.440,  1.145,  0.867], 
          [ 1.066, -1.239,  1.175,  0.768], 
          [ 1.091, -1.349,  0.868,  0.733], 
          [ 1.150, -1.269,  0.869,  0.718], 
          [ 1.179, -1.300,  0.478,  0.756], 
          [ 1.234, -1.348,  0.087,  0.785], 
          [ 1.022, -1.427,  0.867,  0.717], 
          [ 1.037, -1.429,  0.479,  0.713], 
          [ 1.077, -1.469,  0.104,  0.757], 
          [ 1.079, -1.289,  1.613,  0.822], 
          [ 1.031, -1.345,  1.602,  0.874], 
          [ 1.178, -1.312,  1.606,  0.877], 
          [ 1.054, -1.445,  1.584,  0.860], 
          [ 0.973, -1.364,  0.057,  0.713], 
          [ 0.963, -1.436,  0.056,  0.726], 
          [ 1.106, -1.484,  0.050,  0.699], 
          [ 1.104, -1.232,  0.057,  0.824], 
          [ 1.176, -1.218,  0.052,  0.817], 
          [ 1.251, -1.380,  0.038,  0.674]
        ]
    },
    {
        "id": 4,
        "keypoints3d": [
          [-0.106,  1.008,  1.487,  0.847], 
          [-0.106,  1.167,  1.297,  0.880], 
          [-0.258,  1.129,  1.311,  0.851], 
          [-0.362,  1.165,  1.073,  0.848], 
          [-0.394,  1.100,  0.852,  0.838], 
          [ 0.037,  1.204,  1.290,  0.848], 
          [ 0.116,  1.255,  1.060,  0.856], 
          [ 0.164,  1.184,  0.856,  0.852], 
          [-0.145,  1.152,  0.798,  0.777], 
          [-0.236,  1.115,  0.804,  0.753], 
          [-0.238,  0.990,  0.475,  0.810], 
          [-0.260,  1.018,  0.114,  0.788], 
          [-0.051,  1.192,  0.790,  0.741], 
          [-0.109,  1.218,  0.432,  0.818], 
          [-0.158,  1.217,  0.085,  0.861], 
          [-0.141,  1.042,  1.531,  0.825], 
          [-0.067,  1.036,  1.535,  0.884], 
          [-0.178,  1.120,  1.506,  0.774], 
          [-0.011,  1.123,  1.521,  0.789], 
          [-0.056,  1.116,  0.027,  0.686], 
          [-0.049,  1.158,  0.035,  0.672], 
          [-0.194,  1.222,  0.039,  0.726], 
          [-0.262,  0.847,  0.056,  0.733], 
          [-0.296,  0.872,  0.056,  0.763], 
          [-0.261,  1.043,  0.072,  0.711]
        ]
    },
    {
        "id": 6,
        "keypoints3d": [
          [-0.819,  0.275,  1.213,  0.731], 
          [-0.565,  0.242,  1.159,  0.862], 
          [-0.513,  0.398,  1.168,  0.815], 
          [-0.315,  0.436,  0.971,  0.862], 
          [-0.283,  0.408,  0.731,  0.738], 
          [-0.617,  0.090,  1.167,  0.800], 
          [-0.506, -0.067,  0.973,  0.777], 
          [-0.461, -0.142,  0.769,  0.693], 
          [-0.412,  0.170,  0.713,  0.776], 
          [-0.374,  0.266,  0.706,  0.757], 
          [-0.596,  0.346,  0.402,  0.738], 
          [-0.375,  0.398,  0.098,  0.675], 
          [-0.454,  0.065,  0.729,  0.760], 
          [-0.732,  0.140,  0.467,  0.815], 
          [-0.581,  0.143,  0.100,  0.849], 
          [-0.818,  0.320,  1.272,  0.745], 
          [-0.814,  0.261,  1.252,  0.668], 
          [-0.745,  0.376,  1.305,  0.729], 
          [-0.754,  0.217,  1.305,  0.793], 
          [-0.744,  0.145,  0.046,  0.821], 
          [-0.720,  0.106,  0.041,  0.813], 
          [-0.518,  0.139,  0.058,  0.734], 
          [-0.518,  0.453,  0.037,  0.767], 
          [-0.470,  0.479,  0.041,  0.768], 
          [-0.322,  0.404,  0.076,  0.640]
        ]
    }
]
