[
    {
        "id": 0,
        "keypoints3d": [
          [-0.979, -1.156,  1.525,  0.802], 
          [-1.071, -1.274,  1.346,  0.876], 
          [-0.935, -1.355,  1.344,  0.836], 
          [-0.959, -1.420,  1.090,  0.717], 
          [-1.036, -1.442,  0.903,  0.757], 
          [-1.223, -1.197,  1.360,  0.866], 
          [-1.268, -1.235,  1.097,  0.780], 
          [-1.225, -1.354,  0.898,  0.677], 
          [-1.064, -1.273,  0.830,  0.751], 
          [-0.975, -1.322,  0.825,  0.725], 
          [-1.025, -1.339,  0.446,  0.783], 
          [-1.061, -1.361,  0.108,  0.790], 
          [-1.152, -1.228,  0.834,  0.745], 
          [-1.174, -1.225,  0.459,  0.845], 
          [-1.237, -1.293,  0.093,  0.829], 
          [-0.961, -1.171,  1.554,  0.770], 
          [-1.028, -1.134,  1.566,  0.802], 
          [-0.964, -1.267,  1.535,  0.769], 
          [-1.113, -1.194,  1.565,  0.889], 
          [-1.191, -1.148,  0.037,  0.674], 
          [-1.233, -1.166,  0.044,  0.699], 
          [-1.248, -1.329,  0.047,  0.665], 
          [-0.974, -1.253,  0.073,  0.736], 
          [-0.960, -1.313,  0.073,  0.653], 
          [-1.084, -1.377,  0.055,  0.639]
        ]
    },
    {
        "id": 2,
        "keypoints3d": [
          [ 1.038, -1.317,  1.581,  0.883], 
          [ 1.133, -1.401,  1.387,  0.861], 
          [ 1.242, -1.281,  1.392,  0.807], 
          [ 1.127, -1.159,  1.184,  0.870], 
          [ 0.975, -1.354,  1.193,  0.810], 
          [ 1.005, -1.522,  1.379,  0.816], 
          [ 0.907, -1.445,  1.142,  0.853], 
          [ 1.063, -1.242,  1.176,  0.755], 
          [ 1.092, -1.353,  0.860,  0.722], 
          [ 1.152, -1.273,  0.865,  0.717], 
          [ 1.178, -1.301,  0.474,  0.737], 
          [ 1.234, -1.350,  0.086,  0.790], 
          [ 1.022, -1.434,  0.862,  0.699], 
          [ 1.039, -1.433,  0.477,  0.714], 
          [ 1.076, -1.469,  0.104,  0.760], 
          [ 1.076, -1.297,  1.618,  0.914], 
          [ 1.017, -1.350,  1.607,  0.865], 
          [ 1.172, -1.324,  1.609,  0.833], 
          [ 1.065, -1.437,  1.578,  0.864], 
          [ 0.978, -1.367,  0.060,  0.717], 
          [ 0.961, -1.436,  0.062,  0.723], 
          [ 1.105, -1.481,  0.052,  0.701], 
          [ 1.111, -1.240,  0.050,  0.721], 
          [ 1.182, -1.222,  0.047,  0.730], 
          [ 1.250, -1.385,  0.041,  0.676]
        ]
    },
    {
        "id": 4,
        "keypoints3d": [
          [-0.110,  0.820,  1.477,  0.797], 
          [-0.098,  0.998,  1.299,  0.878], 
          [-0.244,  0.951,  1.295,  0.859], 
          [-0.311,  0.951,  1.046,  0.776], 
          [-0.312,  0.873,  0.845,  0.860], 
          [ 0.038,  1.045,  1.311,  0.863], 
          [ 0.097,  1.083,  1.063,  0.850], 
          [ 0.147,  1.015,  0.855,  0.848], 
          [-0.094,  0.977,  0.792,  0.764], 
          [-0.183,  0.937,  0.787,  0.740], 
          [-0.147,  0.932,  0.419,  0.820], 
          [-0.119,  0.960,  0.096,  0.847], 
          [ 0.004,  1.012,  0.795,  0.730], 
          [ 0.012,  0.989,  0.430,  0.827], 
          [-0.090,  1.149,  0.144,  0.857], 
          [-0.158,  0.837,  1.522,  0.793], 
          [-0.089,  0.853,  1.527,  0.918], 
          [-0.183,  0.934,  1.510,  0.779], 
          [-0.026,  0.932,  1.520,  0.841], 
          [ 0.004,  1.086,  0.059,  0.678], 
          [-0.001,  1.125,  0.064,  0.657], 
          [-0.118,  1.187,  0.126,  0.781], 
          [-0.099,  0.804,  0.047,  0.743], 
          [-0.124,  0.823,  0.038,  0.760], 
          [-0.111,  0.994,  0.061,  0.737]
        ]
    },
    {
        "id": 6,
        "keypoints3d": [
          [-0.789,  0.481,  1.570,  0.859], 
          [-0.632,  0.351,  1.413,  0.864], 
          [-0.527,  0.473,  1.414,  0.801], 
          [-0.453,  0.488,  1.151,  0.851], 
          [-0.460,  0.539,  0.903,  0.813], 
          [-0.738,  0.233,  1.403,  0.860], 
          [-0.817,  0.183,  1.147,  0.817], 
          [-0.905,  0.272,  0.919,  0.784], 
          [-0.605,  0.352,  0.884,  0.741], 
          [-0.549,  0.443,  0.887,  0.714], 
          [-0.607,  0.504,  0.485,  0.761], 
          [-0.641,  0.497,  0.102,  0.763], 
          [-0.671,  0.280,  0.884,  0.719], 
          [-0.672,  0.221,  0.511,  0.752], 
          [-0.590,  0.151,  0.120,  0.786], 
          [-0.771,  0.504,  1.616,  0.781], 
          [-0.801,  0.455,  1.596,  0.721], 
          [-0.652,  0.487,  1.612,  0.849], 
          [-0.779,  0.368,  1.612,  0.766], 
          [-0.749,  0.147,  0.044,  0.767], 
          [-0.725,  0.102,  0.044,  0.788], 
          [-0.534,  0.139,  0.063,  0.685], 
          [-0.694,  0.663,  0.050,  0.796], 
          [-0.652,  0.657,  0.048,  0.823], 
          [-0.636,  0.466,  0.056,  0.780]
        ]
    }
]
