[
    {
        "id": 0,
        "keypoints3d": [
          [ 1.033, -1.322,  1.579,  0.888], 
          [ 1.133, -1.402,  1.388,  0.859], 
          [ 1.242, -1.281,  1.392,  0.808], 
          [ 1.129, -1.159,  1.186,  0.790], 
          [ 0.967, -1.356,  1.192,  0.796], 
          [ 1.004, -1.521,  1.379,  0.808], 
          [ 0.910, -1.448,  1.143,  0.846], 
          [ 1.061, -1.248,  1.178,  0.694], 
          [ 1.086, -1.361,  0.865,  0.721], 
          [ 1.145, -1.278,  0.871,  0.712], 
          [ 1.178, -1.305,  0.476,  0.753], 
          [ 1.236, -1.350,  0.084,  0.785], 
          [ 1.015, -1.440,  0.863,  0.700], 
          [ 1.041, -1.435,  0.476,  0.712], 
          [ 1.073, -1.470,  0.103,  0.843], 
          [ 1.078, -1.302,  1.618,  0.821], 
          [ 1.015, -1.363,  1.611,  0.864], 
          [ 1.172, -1.327,  1.606,  0.899], 
          [ 1.063, -1.439,  1.577,  0.867], 
          [ 0.981, -1.356,  0.059,  0.718], 
          [ 0.969, -1.436,  0.057,  0.725], 
          [ 1.108, -1.486,  0.052,  0.702], 
          [ 1.111, -1.246,  0.053,  0.719], 
          [ 1.182, -1.220,  0.049,  0.725], 
          [ 1.247, -1.387,  0.039,  0.673]
        ]
    },
    {
        "id": 2,
        "keypoints3d": [
          [-0.964, -1.169,  1.513,  0.903], 
          [-1.050, -1.279,  1.343,  0.857], 
          [-0.895, -1.362,  1.325,  0.830], 
          [-0.955, -1.428,  1.055,  0.840], 
          [-1.026, -1.437,  0.860,  0.682], 
          [-1.193, -1.201,  1.355,  0.853], 
          [-1.251, -1.238,  1.093,  0.792], 
          [-1.166, -1.355,  0.864,  0.752], 
          [-1.045, -1.275,  0.825,  0.747], 
          [-0.955, -1.332,  0.816,  0.719], 
          [-1.011, -1.351,  0.440,  0.768], 
          [-1.066, -1.361,  0.103,  0.846], 
          [-1.138, -1.227,  0.828,  0.737], 
          [-1.149, -1.200,  0.456,  0.821], 
          [-1.224, -1.292,  0.102,  0.817], 
          [-0.940, -1.192,  1.543,  0.797], 
          [-0.997, -1.164,  1.551,  0.859], 
          [-0.925, -1.280,  1.529,  0.785], 
          [-1.078, -1.209,  1.558,  0.863], 
          [-1.181, -1.144,  0.050,  0.695], 
          [-1.221, -1.164,  0.055,  0.659], 
          [-1.236, -1.332,  0.050,  0.629], 
          [-0.978, -1.256,  0.071,  0.765], 
          [-0.960, -1.318,  0.074,  0.747], 
          [-1.079, -1.376,  0.048,  0.692]
        ]
    },
    {
        "id": 4,
        "keypoints3d": [
          [-0.737,  0.632,  1.587,  0.797], 
          [-0.640,  0.476,  1.408,  0.851], 
          [-0.515,  0.570,  1.420,  0.863], 
          [-0.467,  0.594,  1.138,  0.850], 
          [-0.484,  0.641,  0.891,  0.835], 
          [-0.768,  0.388,  1.405,  0.848], 
          [-0.823,  0.361,  1.124,  0.794], 
          [-0.884,  0.454,  0.896,  0.745], 
          [-0.641,  0.480,  0.878,  0.730], 
          [-0.560,  0.544,  0.884,  0.686], 
          [-0.595,  0.555,  0.488,  0.723], 
          [-0.636,  0.510,  0.097,  0.767], 
          [-0.729,  0.426,  0.875,  0.719], 
          [-0.786,  0.358,  0.511,  0.775], 
          [-0.685,  0.279,  0.150,  0.722], 
          [-0.699,  0.644,  1.628,  0.722], 
          [-0.764,  0.606,  1.631,  0.878], 
          [-0.620,  0.605,  1.627,  0.812], 
          [-0.751,  0.499,  1.617,  0.880], 
          [-0.811,  0.283,  0.029,  0.798], 
          [-0.801,  0.248,  0.046,  0.787], 
          [-0.631,  0.280,  0.113,  0.604], 
          [-0.689,  0.660,  0.049,  0.809], 
          [-0.652,  0.647,  0.041,  0.842], 
          [-0.631,  0.472,  0.051,  0.660]
        ]
    },
    {
        "id": 6,
        "keypoints3d": [
          [-0.112,  0.767,  1.472,  0.820], 
          [-0.082,  0.941,  1.308,  0.845], 
          [-0.224,  0.916,  1.305,  0.841], 
          [-0.295,  0.928,  1.060,  0.802], 
          [-0.309,  0.846,  0.858,  0.844], 
          [ 0.058,  0.986,  1.320,  0.832], 
          [ 0.132,  1.011,  1.078,  0.780], 
          [ 0.171,  0.945,  0.864,  0.870], 
          [-0.090,  0.939,  0.796,  0.759], 
          [-0.181,  0.920,  0.794,  0.750], 
          [-0.139,  0.918,  0.424,  0.813], 
          [-0.116,  0.953,  0.085,  0.797], 
          [ 0.014,  0.958,  0.797,  0.742], 
          [ 0.035,  0.934,  0.447,  0.802], 
          [ 0.050,  0.988,  0.100,  0.817], 
          [-0.144,  0.793,  1.520,  0.777], 
          [-0.078,  0.798,  1.525,  0.861], 
          [-0.175,  0.884,  1.515,  0.780], 
          [-0.009,  0.869,  1.521,  0.857], 
          [ 0.082,  0.836,  0.073,  0.645], 
          [ 0.115,  0.877,  0.071,  0.647], 
          [ 0.047,  1.031,  0.061,  0.729], 
          [-0.103,  0.820,  0.040,  0.668], 
          [-0.137,  0.844,  0.029,  0.741], 
          [-0.097,  0.986,  0.047,  0.672]
        ]
    }
]
