[
    {
        "id": 0,
        "keypoints3d": [
          [ 1.048, -1.307,  1.577,  0.889], 
          [ 1.136, -1.389,  1.387,  0.862], 
          [ 1.247, -1.279,  1.391,  0.815], 
          [ 1.138, -1.157,  1.182,  0.805], 
          [ 0.973, -1.352,  1.194,  0.786], 
          [ 1.002, -1.505,  1.383,  0.811], 
          [ 0.910, -1.436,  1.145,  0.864], 
          [ 1.072, -1.240,  1.173,  0.765], 
          [ 1.091, -1.349,  0.869,  0.724], 
          [ 1.151, -1.265,  0.869,  0.710], 
          [ 1.177, -1.301,  0.482,  0.784], 
          [ 1.235, -1.349,  0.090,  0.773], 
          [ 1.020, -1.424,  0.866,  0.710], 
          [ 1.037, -1.433,  0.475,  0.679], 
          [ 1.075, -1.471,  0.098,  0.840], 
          [ 1.079, -1.289,  1.613,  0.821], 
          [ 1.031, -1.344,  1.603,  0.872], 
          [ 1.177, -1.314,  1.606,  0.884], 
          [ 1.057, -1.449,  1.581,  0.860], 
          [ 0.972, -1.363,  0.058,  0.717], 
          [ 0.963, -1.435,  0.056,  0.725], 
          [ 1.105, -1.482,  0.049,  0.699], 
          [ 1.112, -1.239,  0.053,  0.815], 
          [ 1.176, -1.218,  0.052,  0.808], 
          [ 1.252, -1.380,  0.041,  0.670]
        ]
    },
    {
        "id": 2,
        "keypoints3d": [
          [-1.132, -1.138,  1.516,  0.896], 
          [-1.206, -1.261,  1.341,  0.877], 
          [-1.063, -1.319,  1.339,  0.879], 
          [-1.061, -1.385,  1.072,  0.804], 
          [-1.134, -1.373,  0.872,  0.688], 
          [-1.359, -1.187,  1.350,  0.843], 
          [-1.418, -1.231,  1.092,  0.795], 
          [-1.331, -1.336,  0.878,  0.606], 
          [-1.194, -1.233,  0.828,  0.769], 
          [-1.096, -1.259,  0.827,  0.743], 
          [-1.051, -1.254,  0.469,  0.865], 
          [-1.062, -1.348,  0.107,  0.865], 
          [-1.296, -1.208,  0.825,  0.746], 
          [-1.279, -1.241,  0.446,  0.820], 
          [-1.248, -1.303,  0.078,  0.852], 
          [-1.115, -1.165,  1.536,  0.761], 
          [-1.176, -1.133,  1.547,  0.842], 
          [-1.100, -1.253,  1.528,  0.777], 
          [-1.245, -1.188,  1.542,  0.852], 
          [-1.193, -1.151,  0.036,  0.763], 
          [-1.243, -1.161,  0.042,  0.781], 
          [-1.254, -1.333,  0.033,  0.696], 
          [-0.962, -1.240,  0.069,  0.725], 
          [-0.942, -1.291,  0.079,  0.775], 
          [-1.084, -1.375,  0.054,  0.724]
        ]
    },
    {
        "id": 4,
        "keypoints3d": [
          [-0.124,  1.029,  1.488,  0.845], 
          [-0.117,  1.181,  1.298,  0.884], 
          [-0.268,  1.144,  1.308,  0.849], 
          [-0.365,  1.178,  1.070,  0.859], 
          [-0.397,  1.108,  0.856,  0.862], 
          [ 0.028,  1.223,  1.292,  0.838], 
          [ 0.109,  1.269,  1.067,  0.850], 
          [ 0.157,  1.188,  0.857,  0.858], 
          [-0.149,  1.163,  0.798,  0.780], 
          [-0.241,  1.121,  0.806,  0.758], 
          [-0.274,  1.003,  0.487,  0.820], 
          [-0.365,  1.079,  0.137,  0.797], 
          [-0.055,  1.207,  0.789,  0.747], 
          [-0.102,  1.221,  0.441,  0.822], 
          [-0.159,  1.217,  0.095,  0.858], 
          [-0.158,  1.054,  1.533,  0.829], 
          [-0.079,  1.046,  1.538,  0.868], 
          [-0.185,  1.137,  1.509,  0.728], 
          [-0.021,  1.139,  1.518,  0.803], 
          [-0.059,  1.133,  0.041,  0.748], 
          [-0.050,  1.172,  0.048,  0.762], 
          [-0.193,  1.227,  0.051,  0.736], 
          [-0.381,  0.937,  0.055,  0.713], 
          [-0.416,  0.967,  0.067,  0.757], 
          [-0.372,  1.117,  0.102,  0.813]
        ]
    },
    {
        "id": 6,
        "keypoints3d": [
          [-0.768,  0.287,  1.051,  0.816], 
          [-0.527,  0.243,  1.019,  0.851], 
          [-0.465,  0.383,  1.006,  0.785], 
          [-0.230,  0.430,  0.913,  0.817], 
          [-0.210,  0.393,  0.680,  0.862], 
          [-0.576,  0.092,  1.021,  0.765], 
          [-0.442, -0.126,  0.932,  0.873], 
          [-0.402, -0.155,  0.694,  0.769], 
          [-0.380,  0.152,  0.604,  0.791], 
          [-0.345,  0.253,  0.596,  0.751], 
          [-0.630,  0.347,  0.372,  0.822], 
          [-0.373,  0.397,  0.089,  0.824], 
          [-0.419,  0.053,  0.617,  0.762], 
          [-0.748,  0.119,  0.463,  0.898], 
          [-0.581,  0.143,  0.098,  0.849], 
          [-0.776,  0.317,  1.081,  0.850], 
          [-0.777,  0.265,  1.079,  0.867], 
          [-0.710,  0.370,  1.119,  0.758], 
          [-0.710,  0.232,  1.127,  0.809], 
          [-0.741,  0.145,  0.042,  0.829], 
          [-0.717,  0.105,  0.040,  0.814], 
          [-0.518,  0.144,  0.058,  0.718], 
          [-0.522,  0.455,  0.039,  0.785], 
          [-0.474,  0.477,  0.037,  0.775], 
          [-0.312,  0.397,  0.066,  0.651]
        ]
    }
]
