[
    {
        "id": 0,
        "keypoints3d": [
          [-1.131, -1.144,  1.523,  0.909], 
          [-1.190, -1.272,  1.344,  0.886], 
          [-1.046, -1.325,  1.342,  0.865], 
          [-1.044, -1.403,  1.077,  0.783], 
          [-1.109, -1.394,  0.861,  0.728], 
          [-1.341, -1.196,  1.347,  0.847], 
          [-1.401, -1.235,  1.100,  0.760], 
          [-1.315, -1.356,  0.895,  0.644], 
          [-1.177, -1.246,  0.827,  0.760], 
          [-1.081, -1.267,  0.828,  0.752], 
          [-1.037, -1.256,  0.471,  0.859], 
          [-1.037, -1.352,  0.108,  0.876], 
          [-1.277, -1.221,  0.830,  0.741], 
          [-1.275, -1.250,  0.448,  0.848], 
          [-1.242, -1.302,  0.080,  0.859], 
          [-1.106, -1.169,  1.555,  0.785], 
          [-1.173, -1.142,  1.557,  0.775], 
          [-1.089, -1.258,  1.536,  0.781], 
          [-1.235, -1.200,  1.542,  0.870], 
          [-1.202, -1.146,  0.041,  0.792], 
          [-1.248, -1.161,  0.046,  0.820], 
          [-1.249, -1.337,  0.035,  0.698], 
          [-0.914, -1.261,  0.068,  0.724], 
          [-0.895, -1.302,  0.076,  0.717], 
          [-1.045, -1.375,  0.059,  0.779]
        ]
    },
    {
        "id": 2,
        "keypoints3d": [
          [ 1.042, -1.309,  1.578,  0.880], 
          [ 1.131, -1.394,  1.388,  0.864], 
          [ 1.248, -1.282,  1.392,  0.815], 
          [ 1.141, -1.154,  1.181,  0.823], 
          [ 0.976, -1.352,  1.201,  0.791], 
          [ 0.997, -1.502,  1.382,  0.817], 
          [ 0.903, -1.428,  1.147,  0.863], 
          [ 1.076, -1.233,  1.175,  0.769], 
          [ 1.093, -1.348,  0.868,  0.725], 
          [ 1.152, -1.266,  0.872,  0.710], 
          [ 1.182, -1.298,  0.484,  0.803], 
          [ 1.237, -1.348,  0.089,  0.777], 
          [ 1.021, -1.425,  0.865,  0.712], 
          [ 1.039, -1.434,  0.477,  0.690], 
          [ 1.074, -1.473,  0.098,  0.842], 
          [ 1.075, -1.291,  1.613,  0.810], 
          [ 1.025, -1.354,  1.605,  0.873], 
          [ 1.174, -1.321,  1.606,  0.796], 
          [ 1.052, -1.445,  1.582,  0.856], 
          [ 0.976, -1.356,  0.062,  0.715], 
          [ 0.958, -1.431,  0.059,  0.718], 
          [ 1.104, -1.487,  0.049,  0.704], 
          [ 1.115, -1.246,  0.049,  0.734], 
          [ 1.183, -1.222,  0.046,  0.732], 
          [ 1.250, -1.380,  0.046,  0.669]
        ]
    },
    {
        "id": 4,
        "keypoints3d": [
          [-0.158,  1.038,  1.493,  0.851], 
          [-0.153,  1.184,  1.299,  0.875], 
          [-0.300,  1.147,  1.308,  0.850], 
          [-0.388,  1.174,  1.067,  0.853], 
          [-0.427,  1.105,  0.851,  0.855], 
          [-0.009,  1.230,  1.293,  0.854], 
          [ 0.058,  1.251,  1.048,  0.825], 
          [ 0.098,  1.194,  0.856,  0.854], 
          [-0.183,  1.161,  0.784,  0.775], 
          [-0.280,  1.129,  0.794,  0.746], 
          [-0.342,  1.058,  0.465,  0.795], 
          [-0.452,  1.132,  0.118,  0.870], 
          [-0.083,  1.188,  0.779,  0.751], 
          [-0.121,  1.221,  0.430,  0.779], 
          [-0.158,  1.215,  0.092,  0.877], 
          [-0.177,  1.058,  1.538,  0.832], 
          [-0.120,  1.060,  1.540,  0.871], 
          [-0.222,  1.143,  1.513,  0.825], 
          [-0.052,  1.139,  1.513,  0.818], 
          [-0.060,  1.126,  0.032,  0.733], 
          [-0.049,  1.165,  0.045,  0.757], 
          [-0.185,  1.222,  0.043,  0.772], 
          [-0.470,  1.000,  0.048,  0.755], 
          [-0.513,  1.025,  0.052,  0.742], 
          [-0.451,  1.170,  0.070,  0.824]
        ]
    },
    {
        "id": 6,
        "keypoints3d": [
          [-0.589,  0.306,  0.942,  0.835], 
          [-0.364,  0.222,  0.911,  0.871], 
          [-0.277,  0.352,  0.896,  0.800], 
          [-0.074,  0.360,  0.809,  0.846], 
          [-0.154,  0.371,  0.628,  0.854], 
          [-0.455,  0.081,  0.935,  0.800], 
          [-0.389, -0.171,  0.879,  0.791], 
          [-0.423, -0.140,  0.664,  0.766], 
          [-0.229,  0.079,  0.480,  0.719], 
          [-0.167,  0.170,  0.466,  0.700], 
          [-0.534,  0.375,  0.414,  0.860], 
          [-0.358,  0.400,  0.082,  0.667], 
          [-0.285, -0.016,  0.495,  0.685], 
          [-0.698,  0.149,  0.490,  0.878], 
          [-0.586,  0.145,  0.107,  0.856], 
          [-0.592,  0.344,  0.980,  0.588], 
          [-0.588,  0.289,  0.977,  0.753], 
          [-0.493,  0.399,  0.998,  0.815], 
          [-0.523,  0.243,  1.024,  0.830], 
          [-0.739,  0.148,  0.050,  0.819], 
          [-0.718,  0.106,  0.056,  0.819], 
          [-0.519,  0.137,  0.054,  0.751], 
          [-0.517,  0.457,  0.046,  0.802], 
          [-0.463,  0.484,  0.043,  0.699], 
          [-0.291,  0.380,  0.049,  0.534]
        ]
    }
]
