[
    {
        "id": 0,
        "keypoints3d": [
          [-1.131, -1.141,  1.517,  0.904], 
          [-1.204, -1.267,  1.342,  0.878], 
          [-1.059, -1.326,  1.339,  0.866], 
          [-1.054, -1.401,  1.080,  0.796], 
          [-1.154, -1.390,  0.878,  0.704], 
          [-1.354, -1.195,  1.350,  0.843], 
          [-1.412, -1.240,  1.095,  0.762], 
          [-1.316, -1.331,  0.867,  0.623], 
          [-1.195, -1.235,  0.834,  0.755], 
          [-1.095, -1.261,  0.830,  0.746], 
          [-1.044, -1.256,  0.467,  0.868], 
          [-1.040, -1.351,  0.106,  0.823], 
          [-1.294, -1.213,  0.828,  0.733], 
          [-1.278, -1.245,  0.441,  0.837], 
          [-1.243, -1.300,  0.080,  0.851], 
          [-1.111, -1.166,  1.546,  0.872], 
          [-1.174, -1.135,  1.550,  0.784], 
          [-1.094, -1.267,  1.535,  0.814], 
          [-1.241, -1.196,  1.542,  0.870], 
          [-1.202, -1.149,  0.042,  0.769], 
          [-1.247, -1.165,  0.045,  0.788], 
          [-1.250, -1.336,  0.031,  0.701], 
          [-0.943, -1.245,  0.077,  0.691], 
          [-0.922, -1.293,  0.084,  0.678], 
          [-1.048, -1.375,  0.054,  0.712]
        ]
    },
    {
        "id": 2,
        "keypoints3d": [
          [ 1.043, -1.311,  1.579,  0.885], 
          [ 1.133, -1.391,  1.387,  0.862], 
          [ 1.250, -1.281,  1.392,  0.810], 
          [ 1.141, -1.157,  1.180,  0.805], 
          [ 0.975, -1.355,  1.199,  0.791], 
          [ 0.999, -1.506,  1.382,  0.815], 
          [ 0.905, -1.430,  1.147,  0.860], 
          [ 1.075, -1.232,  1.174,  0.770], 
          [ 1.095, -1.348,  0.868,  0.726], 
          [ 1.152, -1.265,  0.871,  0.710], 
          [ 1.182, -1.298,  0.485,  0.806], 
          [ 1.237, -1.348,  0.091,  0.784], 
          [ 1.021, -1.425,  0.865,  0.716], 
          [ 1.040, -1.433,  0.481,  0.716], 
          [ 1.074, -1.472,  0.097,  0.842], 
          [ 1.076, -1.295,  1.616,  0.805], 
          [ 1.027, -1.349,  1.608,  0.866], 
          [ 1.177, -1.314,  1.606,  0.882], 
          [ 1.053, -1.446,  1.580,  0.857], 
          [ 0.969, -1.360,  0.058,  0.713], 
          [ 0.959, -1.434,  0.058,  0.717], 
          [ 1.106, -1.484,  0.047,  0.703], 
          [ 1.118, -1.242,  0.051,  0.729], 
          [ 1.182, -1.223,  0.046,  0.734], 
          [ 1.250, -1.382,  0.042,  0.669]
        ]
    },
    {
        "id": 4,
        "keypoints3d": [
          [-0.144,  1.040,  1.492,  0.835], 
          [-0.138,  1.184,  1.297,  0.871], 
          [-0.292,  1.148,  1.306,  0.863], 
          [-0.382,  1.173,  1.068,  0.867], 
          [-0.416,  1.111,  0.853,  0.856], 
          [ 0.000,  1.231,  1.293,  0.854], 
          [ 0.077,  1.263,  1.057,  0.826], 
          [ 0.125,  1.199,  0.857,  0.849], 
          [-0.165,  1.166,  0.790,  0.777], 
          [-0.259,  1.128,  0.794,  0.749], 
          [-0.319,  1.034,  0.472,  0.812], 
          [-0.443,  1.123,  0.127,  0.874], 
          [-0.064,  1.200,  0.783,  0.748], 
          [-0.102,  1.218,  0.428,  0.785], 
          [-0.158,  1.215,  0.094,  0.874], 
          [-0.167,  1.057,  1.537,  0.844], 
          [-0.100,  1.062,  1.536,  0.865], 
          [-0.206,  1.147,  1.510,  0.838], 
          [-0.041,  1.145,  1.511,  0.793], 
          [-0.060,  1.129,  0.034,  0.741], 
          [-0.053,  1.169,  0.046,  0.767], 
          [-0.189,  1.225,  0.046,  0.750], 
          [-0.472,  0.995,  0.049,  0.716], 
          [-0.498,  1.022,  0.054,  0.727], 
          [-0.434,  1.155,  0.099,  0.819]
        ]
    },
    {
        "id": 6,
        "keypoints3d": [
          [-0.665,  0.298,  0.906,  0.763], 
          [-0.437,  0.245,  0.893,  0.854], 
          [-0.376,  0.384,  0.885,  0.820], 
          [-0.096,  0.392,  0.850,  0.795], 
          [-0.156,  0.392,  0.658,  0.757], 
          [-0.511,  0.099,  0.916,  0.793], 
          [-0.415, -0.133,  0.879,  0.733], 
          [-0.407, -0.151,  0.674,  0.793], 
          [-0.307,  0.118,  0.497,  0.726], 
          [-0.255,  0.211,  0.489,  0.695], 
          [-0.605,  0.360,  0.403,  0.848], 
          [-0.380,  0.398,  0.096,  0.766], 
          [-0.359,  0.026,  0.519,  0.707], 
          [-0.721,  0.136,  0.474,  0.892], 
          [-0.578,  0.144,  0.107,  0.847], 
          [-0.658,  0.328,  0.937,  0.712], 
          [-0.677,  0.265,  0.966,  0.848], 
          [-0.608,  0.403,  0.977,  0.695], 
          [-0.600,  0.254,  1.002,  0.770], 
          [-0.731,  0.145,  0.047,  0.839], 
          [-0.708,  0.100,  0.047,  0.827], 
          [-0.515,  0.139,  0.057,  0.723], 
          [-0.518,  0.458,  0.048,  0.814], 
          [-0.470,  0.480,  0.045,  0.729], 
          [-0.324,  0.389,  0.064,  0.605]
        ]
    }
]
