[
    {
        "id": 0,
        "keypoints3d": [
          [ 1.044, -1.309,  1.577,  0.889], 
          [ 1.133, -1.391,  1.387,  0.862], 
          [ 1.248, -1.279,  1.391,  0.807], 
          [ 1.141, -1.157,  1.180,  0.813], 
          [ 0.976, -1.350,  1.199,  0.789], 
          [ 0.998, -1.502,  1.382,  0.813], 
          [ 0.911, -1.436,  1.146,  0.863], 
          [ 1.078, -1.237,  1.176,  0.770], 
          [ 1.092, -1.347,  0.868,  0.725], 
          [ 1.154, -1.266,  0.870,  0.711], 
          [ 1.182, -1.302,  0.482,  0.797], 
          [ 1.238, -1.348,  0.090,  0.783], 
          [ 1.021, -1.424,  0.866,  0.711], 
          [ 1.040, -1.432,  0.481,  0.704], 
          [ 1.074, -1.472,  0.097,  0.841], 
          [ 1.075, -1.294,  1.616,  0.818], 
          [ 1.028, -1.349,  1.603,  0.866], 
          [ 1.176, -1.314,  1.607,  0.890], 
          [ 1.053, -1.446,  1.580,  0.856], 
          [ 0.974, -1.362,  0.057,  0.715], 
          [ 0.958, -1.431,  0.059,  0.719], 
          [ 1.110, -1.483,  0.047,  0.701], 
          [ 1.118, -1.242,  0.048,  0.729], 
          [ 1.182, -1.223,  0.046,  0.732], 
          [ 1.251, -1.382,  0.042,  0.670]
        ]
    },
    {
        "id": 2,
        "keypoints3d": [
          [-1.136, -1.140,  1.515,  0.901], 
          [-1.205, -1.267,  1.342,  0.877], 
          [-1.062, -1.323,  1.340,  0.871], 
          [-1.061, -1.392,  1.070,  0.787], 
          [-1.149, -1.383,  0.872,  0.691], 
          [-1.359, -1.192,  1.351,  0.839], 
          [-1.416, -1.235,  1.092,  0.788], 
          [-1.328, -1.313,  0.869,  0.545], 
          [-1.194, -1.231,  0.828,  0.761], 
          [-1.098, -1.259,  0.824,  0.746], 
          [-1.045, -1.255,  0.470,  0.865], 
          [-1.042, -1.347,  0.109,  0.820], 
          [-1.296, -1.208,  0.827,  0.740], 
          [-1.280, -1.239,  0.444,  0.843], 
          [-1.241, -1.298,  0.081,  0.856], 
          [-1.115, -1.172,  1.542,  0.781], 
          [-1.179, -1.133,  1.552,  0.843], 
          [-1.100, -1.262,  1.529,  0.756], 
          [-1.244, -1.197,  1.539,  0.860], 
          [-1.192, -1.146,  0.039,  0.763], 
          [-1.247, -1.163,  0.045,  0.795], 
          [-1.253, -1.333,  0.034,  0.700], 
          [-0.944, -1.247,  0.075,  0.721], 
          [-0.928, -1.290,  0.088,  0.696], 
          [-1.054, -1.363,  0.063,  0.708]
        ]
    },
    {
        "id": 4,
        "keypoints3d": [
          [-0.137,  1.034,  1.492,  0.842], 
          [-0.133,  1.185,  1.294,  0.871], 
          [-0.284,  1.148,  1.304,  0.861], 
          [-0.376,  1.172,  1.065,  0.857], 
          [-0.413,  1.110,  0.849,  0.861], 
          [ 0.005,  1.229,  1.295,  0.855], 
          [ 0.088,  1.266,  1.062,  0.809], 
          [ 0.136,  1.196,  0.855,  0.811], 
          [-0.164,  1.166,  0.786,  0.774], 
          [-0.260,  1.125,  0.794,  0.750], 
          [-0.317,  1.023,  0.483,  0.848], 
          [-0.435,  1.114,  0.136,  0.836], 
          [-0.063,  1.204,  0.777,  0.741], 
          [-0.107,  1.225,  0.430,  0.780], 
          [-0.159,  1.219,  0.097,  0.864], 
          [-0.166,  1.055,  1.539,  0.859], 
          [-0.091,  1.049,  1.541,  0.869], 
          [-0.200,  1.146,  1.514,  0.820], 
          [-0.035,  1.146,  1.510,  0.804], 
          [-0.062,  1.130,  0.036,  0.746], 
          [-0.050,  1.174,  0.051,  0.768], 
          [-0.185,  1.225,  0.048,  0.747], 
          [-0.478,  0.993,  0.054,  0.776], 
          [-0.502,  1.024,  0.061,  0.797], 
          [-0.429,  1.152,  0.110,  0.821]
        ]
    },
    {
        "id": 6,
        "keypoints3d": [
          [-0.698,  0.311,  0.911,  0.780], 
          [-0.473,  0.256,  0.895,  0.840], 
          [-0.397,  0.388,  0.888,  0.785], 
          [-0.144,  0.428,  0.859,  0.794], 
          [-0.195,  0.396,  0.647,  0.759], 
          [-0.537,  0.098,  0.917,  0.781], 
          [-0.414, -0.130,  0.892,  0.758], 
          [-0.404, -0.156,  0.691,  0.881], 
          [-0.327,  0.110,  0.502,  0.711], 
          [-0.274,  0.206,  0.493,  0.671], 
          [-0.617,  0.351,  0.395,  0.837], 
          [-0.377,  0.401,  0.092,  0.724], 
          [-0.376,  0.015,  0.519,  0.710], 
          [-0.733,  0.133,  0.468,  0.890], 
          [-0.578,  0.148,  0.104,  0.845], 
          [-0.701,  0.335,  0.946,  0.695], 
          [-0.713,  0.287,  0.968,  0.811], 
          [-0.646,  0.409,  0.987,  0.701], 
          [-0.643,  0.256,  0.998,  0.759], 
          [-0.738,  0.142,  0.047,  0.831], 
          [-0.713,  0.102,  0.046,  0.821], 
          [-0.516,  0.141,  0.057,  0.707], 
          [-0.517,  0.453,  0.042,  0.772], 
          [-0.477,  0.480,  0.043,  0.767], 
          [-0.327,  0.397,  0.069,  0.628]
        ]
    }
]
