[
    {
        "id": 0,
        "keypoints3d": [
          [ 1.046, -1.313,  1.578,  0.885], 
          [ 1.137, -1.392,  1.385,  0.858], 
          [ 1.245, -1.277,  1.390,  0.808], 
          [ 1.129, -1.155,  1.183,  0.868], 
          [ 0.965, -1.345,  1.193,  0.808], 
          [ 1.007, -1.511,  1.379,  0.808], 
          [ 0.912, -1.441,  1.145,  0.865], 
          [ 1.063, -1.243,  1.180,  0.755], 
          [ 1.092, -1.353,  0.863,  0.725], 
          [ 1.149, -1.270,  0.865,  0.716], 
          [ 1.182, -1.293,  0.470,  0.821], 
          [ 1.236, -1.341,  0.059,  0.768], 
          [ 1.022, -1.426,  0.865,  0.710], 
          [ 1.035, -1.432,  0.473,  0.662], 
          [ 1.074, -1.471,  0.101,  0.842], 
          [ 1.074, -1.292,  1.613,  0.838], 
          [ 1.029, -1.352,  1.604,  0.873], 
          [ 1.174, -1.320,  1.605,  0.885], 
          [ 1.059, -1.452,  1.582,  0.853], 
          [ 0.975, -1.356,  0.058,  0.715], 
          [ 0.965, -1.437,  0.056,  0.722], 
          [ 1.105, -1.481,  0.053,  0.696], 
          [ 1.110, -1.236,  0.048,  0.718], 
          [ 1.183, -1.214,  0.039,  0.725], 
          [ 1.249, -1.376,  0.022,  0.631]
        ]
    },
    {
        "id": 2,
        "keypoints3d": [
          [-1.073, -1.135,  1.517,  0.891], 
          [-1.157, -1.262,  1.354,  0.855], 
          [-1.016, -1.326,  1.349,  0.842], 
          [-1.032, -1.397,  1.084,  0.778], 
          [-1.112, -1.395,  0.884,  0.749], 
          [-1.305, -1.182,  1.356,  0.833], 
          [-1.342, -1.226,  1.097,  0.766], 
          [-1.290, -1.324,  0.916,  0.579], 
          [-1.142, -1.252,  0.833,  0.762], 
          [-1.046, -1.278,  0.835,  0.750], 
          [-1.029, -1.293,  0.465,  0.820], 
          [-1.063, -1.356,  0.111,  0.863], 
          [-1.240, -1.217,  0.835,  0.732], 
          [-1.239, -1.257,  0.455,  0.816], 
          [-1.249, -1.296,  0.091,  0.818], 
          [-1.050, -1.158,  1.550,  0.748], 
          [-1.107, -1.130,  1.558,  0.819], 
          [-1.037, -1.251,  1.538,  0.764], 
          [-1.194, -1.169,  1.561,  0.889], 
          [-1.193, -1.150,  0.043,  0.757], 
          [-1.241, -1.160,  0.038,  0.786], 
          [-1.253, -1.327,  0.042,  0.656], 
          [-0.976, -1.226,  0.083,  0.731], 
          [-0.961, -1.284,  0.084,  0.722], 
          [-1.079, -1.370,  0.059,  0.701]
        ]
    },
    {
        "id": 4,
        "keypoints3d": [
          [-0.107,  0.944,  1.479,  0.772], 
          [-0.100,  1.103,  1.294,  0.856], 
          [-0.248,  1.069,  1.302,  0.838], 
          [-0.346,  1.095,  1.072,  0.890], 
          [-0.383,  1.041,  0.847,  0.890], 
          [ 0.035,  1.157,  1.297,  0.798], 
          [ 0.094,  1.203,  1.054,  0.868], 
          [ 0.145,  1.157,  0.854,  0.878], 
          [-0.125,  1.096,  0.790,  0.763], 
          [-0.213,  1.052,  0.794,  0.738], 
          [-0.158,  0.995,  0.446,  0.814], 
          [-0.123,  0.969,  0.110,  0.771], 
          [-0.036,  1.143,  0.789,  0.727], 
          [-0.099,  1.183,  0.432,  0.831], 
          [-0.155,  1.217,  0.094,  0.797], 
          [-0.133,  0.958,  1.513,  0.758], 
          [-0.074,  0.966,  1.517,  0.776], 
          [-0.171,  1.055,  1.501,  0.704], 
          [-0.015,  1.062,  1.502,  0.830], 
          [-0.062,  1.124,  0.032,  0.682], 
          [-0.058,  1.167,  0.043,  0.640], 
          [-0.196,  1.226,  0.047,  0.751], 
          [-0.087,  0.822,  0.052,  0.629], 
          [-0.123,  0.834,  0.046,  0.622], 
          [-0.115,  0.991,  0.069,  0.665]
        ]
    },
    {
        "id": 6,
        "keypoints3d": [
          [-0.807,  0.317,  1.457,  0.790], 
          [-0.587,  0.244,  1.351,  0.886], 
          [-0.526,  0.386,  1.357,  0.851], 
          [-0.413,  0.402,  1.104,  0.900], 
          [-0.417,  0.418,  0.865,  0.866], 
          [-0.654,  0.093,  1.354,  0.826], 
          [-0.605, -0.031,  1.107,  0.875], 
          [-0.605, -0.054,  0.860,  0.823], 
          [-0.525,  0.208,  0.855,  0.783], 
          [-0.487,  0.308,  0.854,  0.750], 
          [-0.592,  0.362,  0.481,  0.769], 
          [-0.401,  0.432,  0.135,  0.798], 
          [-0.569,  0.112,  0.857,  0.752], 
          [-0.676,  0.138,  0.500,  0.773], 
          [-0.577,  0.141,  0.104,  0.761], 
          [-0.798,  0.343,  1.504,  0.848], 
          [-0.806,  0.273,  1.495,  0.751], 
          [-0.717,  0.370,  1.529,  0.685], 
          [-0.737,  0.218,  1.511,  0.817], 
          [-0.741,  0.142,  0.047,  0.829], 
          [-0.720,  0.100,  0.043,  0.821], 
          [-0.522,  0.132,  0.055,  0.651], 
          [-0.538,  0.454,  0.044,  0.778], 
          [-0.494,  0.485,  0.059,  0.765], 
          [-0.342,  0.424,  0.096,  0.682]
        ]
    }
]
