[
    {
        "id": 0,
        "keypoints3d": [
          [ 1.044, -1.309,  1.577,  0.889], 
          [ 1.136, -1.389,  1.387,  0.862], 
          [ 1.248, -1.280,  1.391,  0.815], 
          [ 1.137, -1.158,  1.180,  0.800], 
          [ 0.973, -1.350,  1.199,  0.802], 
          [ 1.001, -1.504,  1.381,  0.814], 
          [ 0.912, -1.434,  1.146,  0.865], 
          [ 1.072, -1.241,  1.173,  0.767], 
          [ 1.093, -1.347,  0.869,  0.728], 
          [ 1.152, -1.265,  0.869,  0.715], 
          [ 1.183, -1.297,  0.487,  0.811], 
          [ 1.235, -1.349,  0.089,  0.776], 
          [ 1.020, -1.423,  0.868,  0.713], 
          [ 1.040, -1.431,  0.478,  0.701], 
          [ 1.074, -1.472,  0.098,  0.841], 
          [ 1.076, -1.295,  1.613,  0.820], 
          [ 1.028, -1.349,  1.603,  0.875], 
          [ 1.177, -1.314,  1.605,  0.894], 
          [ 1.055, -1.445,  1.580,  0.861], 
          [ 0.974, -1.363,  0.057,  0.720], 
          [ 0.963, -1.435,  0.056,  0.727], 
          [ 1.107, -1.483,  0.048,  0.697], 
          [ 1.111, -1.245,  0.052,  0.816], 
          [ 1.176, -1.218,  0.052,  0.809], 
          [ 1.251, -1.381,  0.038,  0.668]
        ]
    },
    {
        "id": 2,
        "keypoints3d": [
          [-1.137, -1.136,  1.513,  0.889], 
          [-1.206, -1.261,  1.341,  0.878], 
          [-1.064, -1.320,  1.337,  0.878], 
          [-1.059, -1.383,  1.070,  0.793], 
          [-1.137, -1.382,  0.880,  0.689], 
          [-1.362, -1.188,  1.350,  0.844], 
          [-1.419, -1.232,  1.092,  0.800], 
          [-1.329, -1.339,  0.879,  0.632], 
          [-1.200, -1.232,  0.829,  0.765], 
          [-1.101, -1.258,  0.827,  0.740], 
          [-1.054, -1.253,  0.467,  0.871], 
          [-1.053, -1.349,  0.108,  0.847], 
          [-1.296, -1.205,  0.827,  0.738], 
          [-1.283, -1.241,  0.446,  0.843], 
          [-1.242, -1.302,  0.081,  0.856], 
          [-1.112, -1.162,  1.542,  0.769], 
          [-1.177, -1.134,  1.548,  0.809], 
          [-1.098, -1.244,  1.528,  0.750], 
          [-1.248, -1.191,  1.542,  0.855], 
          [-1.194, -1.153,  0.036,  0.767], 
          [-1.247, -1.162,  0.043,  0.802], 
          [-1.253, -1.336,  0.033,  0.698], 
          [-0.956, -1.244,  0.075,  0.743], 
          [-0.939, -1.290,  0.087,  0.721], 
          [-1.066, -1.373,  0.065,  0.695]
        ]
    },
    {
        "id": 4,
        "keypoints3d": [
          [-0.127,  1.034,  1.489,  0.841], 
          [-0.122,  1.184,  1.296,  0.883], 
          [-0.276,  1.150,  1.307,  0.853], 
          [-0.369,  1.180,  1.068,  0.869], 
          [-0.402,  1.109,  0.856,  0.871], 
          [ 0.022,  1.226,  1.291,  0.847], 
          [ 0.102,  1.270,  1.063,  0.780], 
          [ 0.153,  1.191,  0.859,  0.784], 
          [-0.156,  1.169,  0.795,  0.779], 
          [-0.251,  1.128,  0.802,  0.751], 
          [-0.281,  1.003,  0.489,  0.827], 
          [-0.378,  1.091,  0.151,  0.787], 
          [-0.056,  1.209,  0.785,  0.748], 
          [-0.097,  1.218,  0.438,  0.815], 
          [-0.161,  1.219,  0.094,  0.859], 
          [-0.160,  1.056,  1.534,  0.845], 
          [-0.083,  1.047,  1.535,  0.869], 
          [-0.191,  1.143,  1.510,  0.721], 
          [-0.026,  1.141,  1.512,  0.805], 
          [-0.061,  1.137,  0.040,  0.751], 
          [-0.050,  1.171,  0.049,  0.777], 
          [-0.188,  1.224,  0.049,  0.728], 
          [-0.412,  0.965,  0.051,  0.727], 
          [-0.451,  0.994,  0.060,  0.756], 
          [-0.398,  1.135,  0.110,  0.816]
        ]
    },
    {
        "id": 6,
        "keypoints3d": [
          [-0.750,  0.294,  0.984,  0.736], 
          [-0.507,  0.257,  0.958,  0.865], 
          [-0.446,  0.404,  0.966,  0.799], 
          [-0.228,  0.443,  0.889,  0.771], 
          [-0.204,  0.395,  0.662,  0.816], 
          [-0.568,  0.093,  0.961,  0.792], 
          [-0.422, -0.121,  0.896,  0.753], 
          [-0.387, -0.152,  0.680,  0.738], 
          [-0.350,  0.157,  0.570,  0.763], 
          [-0.323,  0.262,  0.565,  0.701], 
          [-0.627,  0.346,  0.379,  0.812], 
          [-0.386,  0.402,  0.092,  0.741], 
          [-0.389,  0.050,  0.565,  0.731], 
          [-0.748,  0.123,  0.464,  0.897], 
          [-0.581,  0.145,  0.100,  0.843], 
          [-0.755,  0.330,  1.030,  0.680], 
          [-0.744,  0.270,  1.020,  0.798], 
          [-0.701,  0.398,  1.071,  0.651], 
          [-0.684,  0.233,  1.075,  0.781], 
          [-0.741,  0.141,  0.041,  0.824], 
          [-0.717,  0.106,  0.038,  0.807], 
          [-0.516,  0.144,  0.059,  0.706], 
          [-0.521,  0.454,  0.042,  0.796], 
          [-0.479,  0.480,  0.042,  0.786], 
          [-0.316,  0.398,  0.067,  0.649]
        ]
    }
]
