[
    {
        "id": 0,
        "keypoints3d": [
          [-1.131, -1.144,  1.523,  0.908], 
          [-1.191, -1.272,  1.344,  0.881], 
          [-1.047, -1.326,  1.342,  0.867], 
          [-1.045, -1.404,  1.076,  0.779], 
          [-1.109, -1.394,  0.861,  0.730], 
          [-1.344, -1.197,  1.348,  0.850], 
          [-1.406, -1.239,  1.100,  0.767], 
          [-1.311, -1.348,  0.880,  0.636], 
          [-1.176, -1.245,  0.827,  0.760], 
          [-1.081, -1.265,  0.827,  0.752], 
          [-1.037, -1.256,  0.472,  0.861], 
          [-1.037, -1.352,  0.108,  0.876], 
          [-1.277, -1.219,  0.831,  0.738], 
          [-1.275, -1.249,  0.447,  0.849], 
          [-1.242, -1.302,  0.080,  0.856], 
          [-1.107, -1.169,  1.556,  0.767], 
          [-1.173, -1.142,  1.557,  0.776], 
          [-1.090, -1.258,  1.536,  0.778], 
          [-1.235, -1.200,  1.542,  0.872], 
          [-1.202, -1.146,  0.038,  0.792], 
          [-1.248, -1.161,  0.046,  0.819], 
          [-1.249, -1.337,  0.035,  0.697], 
          [-0.915, -1.261,  0.065,  0.726], 
          [-0.895, -1.302,  0.076,  0.717], 
          [-1.046, -1.375,  0.056,  0.779]
        ]
    },
    {
        "id": 2,
        "keypoints3d": [
          [ 1.042, -1.309,  1.578,  0.880], 
          [ 1.131, -1.394,  1.388,  0.863], 
          [ 1.248, -1.282,  1.392,  0.814], 
          [ 1.141, -1.155,  1.181,  0.823], 
          [ 0.976, -1.352,  1.201,  0.791], 
          [ 0.997, -1.502,  1.382,  0.817], 
          [ 0.903, -1.428,  1.147,  0.864], 
          [ 1.075, -1.233,  1.175,  0.772], 
          [ 1.093, -1.348,  0.868,  0.725], 
          [ 1.152, -1.266,  0.872,  0.709], 
          [ 1.185, -1.296,  0.485,  0.810], 
          [ 1.237, -1.348,  0.089,  0.776], 
          [ 1.021, -1.425,  0.865,  0.712], 
          [ 1.039, -1.434,  0.474,  0.702], 
          [ 1.074, -1.473,  0.098,  0.842], 
          [ 1.075, -1.291,  1.613,  0.810], 
          [ 1.024, -1.354,  1.605,  0.872], 
          [ 1.174, -1.321,  1.606,  0.796], 
          [ 1.052, -1.445,  1.582,  0.857], 
          [ 0.976, -1.356,  0.062,  0.715], 
          [ 0.958, -1.431,  0.059,  0.718], 
          [ 1.104, -1.487,  0.049,  0.704], 
          [ 1.115, -1.246,  0.049,  0.734], 
          [ 1.183, -1.222,  0.046,  0.732], 
          [ 1.250, -1.380,  0.046,  0.669]
        ]
    },
    {
        "id": 4,
        "keypoints3d": [
          [-0.158,  1.038,  1.493,  0.845], 
          [-0.151,  1.185,  1.300,  0.875], 
          [-0.298,  1.147,  1.307,  0.853], 
          [-0.387,  1.175,  1.068,  0.855], 
          [-0.426,  1.105,  0.854,  0.861], 
          [-0.007,  1.230,  1.293,  0.855], 
          [ 0.060,  1.254,  1.050,  0.820], 
          [ 0.102,  1.195,  0.856,  0.837], 
          [-0.179,  1.162,  0.784,  0.775], 
          [-0.277,  1.129,  0.793,  0.748], 
          [-0.345,  1.058,  0.466,  0.852], 
          [-0.451,  1.131,  0.120,  0.870], 
          [-0.080,  1.190,  0.779,  0.748], 
          [-0.122,  1.222,  0.432,  0.768], 
          [-0.158,  1.215,  0.092,  0.877], 
          [-0.172,  1.059,  1.535,  0.826], 
          [-0.120,  1.060,  1.538,  0.870], 
          [-0.222,  1.143,  1.511,  0.822], 
          [-0.049,  1.138,  1.515,  0.822], 
          [-0.059,  1.126,  0.035,  0.733], 
          [-0.049,  1.165,  0.045,  0.760], 
          [-0.185,  1.222,  0.043,  0.774], 
          [-0.468,  1.001,  0.048,  0.754], 
          [-0.510,  1.026,  0.054,  0.742], 
          [-0.450,  1.168,  0.073,  0.818]
        ]
    },
    {
        "id": 6,
        "keypoints3d": [
          [-0.594,  0.308,  0.926,  0.814], 
          [-0.381,  0.221,  0.910,  0.856], 
          [-0.289,  0.358,  0.890,  0.811], 
          [-0.076,  0.361,  0.808,  0.841], 
          [-0.161,  0.372,  0.624,  0.851], 
          [-0.471,  0.080,  0.931,  0.799], 
          [-0.390, -0.172,  0.883,  0.794], 
          [-0.420, -0.138,  0.663,  0.768], 
          [-0.248,  0.082,  0.481,  0.724], 
          [-0.186,  0.174,  0.462,  0.690], 
          [-0.540,  0.375,  0.409,  0.858], 
          [-0.380,  0.402,  0.091,  0.726], 
          [-0.300, -0.016,  0.496,  0.696], 
          [-0.707,  0.142,  0.485,  0.880], 
          [-0.585,  0.141,  0.108,  0.854], 
          [-0.617,  0.343,  0.970,  0.570], 
          [-0.593,  0.286,  0.976,  0.693], 
          [-0.520,  0.401,  0.986,  0.796], 
          [-0.530,  0.241,  1.019,  0.829], 
          [-0.738,  0.145,  0.051,  0.824], 
          [-0.717,  0.106,  0.054,  0.828], 
          [-0.519,  0.135,  0.052,  0.751], 
          [-0.517,  0.457,  0.046,  0.803], 
          [-0.464,  0.484,  0.043,  0.697], 
          [-0.327,  0.386,  0.054,  0.574]
        ]
    }
]
