[
    {
        "id": 0,
        "keypoints3d": [
          [ 1.039, -1.317,  1.580,  0.881], 
          [ 1.133, -1.401,  1.386,  0.856], 
          [ 1.242, -1.278,  1.389,  0.805], 
          [ 1.127, -1.158,  1.183,  0.869], 
          [ 0.972, -1.355,  1.195,  0.805], 
          [ 1.010, -1.524,  1.379,  0.813], 
          [ 0.907, -1.445,  1.142,  0.852], 
          [ 1.065, -1.242,  1.178,  0.755], 
          [ 1.092, -1.353,  0.860,  0.723], 
          [ 1.151, -1.272,  0.865,  0.716], 
          [ 1.178, -1.301,  0.474,  0.736], 
          [ 1.235, -1.351,  0.084,  0.790], 
          [ 1.023, -1.435,  0.861,  0.700], 
          [ 1.041, -1.434,  0.475,  0.716], 
          [ 1.077, -1.469,  0.104,  0.760], 
          [ 1.075, -1.294,  1.617,  0.914], 
          [ 1.017, -1.350,  1.607,  0.867], 
          [ 1.172, -1.325,  1.608,  0.831], 
          [ 1.065, -1.437,  1.578,  0.865], 
          [ 0.978, -1.366,  0.057,  0.715], 
          [ 0.960, -1.436,  0.062,  0.723], 
          [ 1.107, -1.482,  0.051,  0.699], 
          [ 1.111, -1.241,  0.050,  0.720], 
          [ 1.182, -1.223,  0.046,  0.729], 
          [ 1.251, -1.386,  0.040,  0.675]
        ]
    },
    {
        "id": 2,
        "keypoints3d": [
          [-0.988, -1.151,  1.522,  0.801], 
          [-1.076, -1.271,  1.345,  0.873], 
          [-0.941, -1.352,  1.344,  0.834], 
          [-0.960, -1.416,  1.085,  0.713], 
          [-1.047, -1.436,  0.902,  0.697], 
          [-1.226, -1.194,  1.361,  0.863], 
          [-1.267, -1.236,  1.093,  0.774], 
          [-1.223, -1.350,  0.891,  0.690], 
          [-1.070, -1.273,  0.831,  0.752], 
          [-0.988, -1.318,  0.827,  0.720], 
          [-1.026, -1.340,  0.453,  0.790], 
          [-1.066, -1.360,  0.111,  0.813], 
          [-1.156, -1.229,  0.835,  0.745], 
          [-1.174, -1.226,  0.459,  0.847], 
          [-1.241, -1.291,  0.095,  0.839], 
          [-0.966, -1.168,  1.554,  0.768], 
          [-1.034, -1.128,  1.568,  0.799], 
          [-0.973, -1.264,  1.536,  0.791], 
          [-1.113, -1.194,  1.565,  0.880], 
          [-1.192, -1.148,  0.041,  0.693], 
          [-1.234, -1.164,  0.046,  0.716], 
          [-1.255, -1.325,  0.045,  0.691], 
          [-0.986, -1.249,  0.074,  0.676], 
          [-0.966, -1.311,  0.071,  0.670], 
          [-1.086, -1.377,  0.051,  0.649]
        ]
    },
    {
        "id": 4,
        "keypoints3d": [
          [-0.110,  0.828,  1.481,  0.797], 
          [-0.098,  1.005,  1.301,  0.882], 
          [-0.248,  0.955,  1.295,  0.869], 
          [-0.329,  0.969,  1.058,  0.838], 
          [-0.312,  0.879,  0.844,  0.879], 
          [ 0.034,  1.050,  1.312,  0.858], 
          [ 0.099,  1.092,  1.065,  0.847], 
          [ 0.145,  1.023,  0.844,  0.855], 
          [-0.093,  0.983,  0.792,  0.772], 
          [-0.182,  0.944,  0.788,  0.742], 
          [-0.149,  0.930,  0.422,  0.810], 
          [-0.117,  0.961,  0.093,  0.847], 
          [ 0.006,  1.022,  0.796,  0.741], 
          [ 0.015,  0.987,  0.434,  0.821], 
          [-0.105,  1.166,  0.144,  0.859], 
          [-0.153,  0.843,  1.523,  0.792], 
          [-0.092,  0.858,  1.532,  0.928], 
          [-0.188,  0.939,  1.510,  0.701], 
          [-0.029,  0.943,  1.522,  0.843], 
          [-0.022,  1.099,  0.058,  0.670], 
          [-0.027,  1.138,  0.062,  0.662], 
          [-0.133,  1.195,  0.127,  0.767], 
          [-0.099,  0.804,  0.046,  0.757], 
          [-0.124,  0.820,  0.038,  0.769], 
          [-0.107,  0.992,  0.060,  0.749]
        ]
    },
    {
        "id": 6,
        "keypoints3d": [
          [-0.782,  0.482,  1.564,  0.875], 
          [-0.630,  0.337,  1.413,  0.878], 
          [-0.525,  0.459,  1.417,  0.803], 
          [-0.448,  0.481,  1.147,  0.867], 
          [-0.458,  0.527,  0.906,  0.804], 
          [-0.738,  0.219,  1.404,  0.861], 
          [-0.810,  0.178,  1.141,  0.768], 
          [-0.905,  0.269,  0.924,  0.783], 
          [-0.601,  0.344,  0.885,  0.740], 
          [-0.543,  0.429,  0.885,  0.720], 
          [-0.605,  0.500,  0.480,  0.764], 
          [-0.639,  0.494,  0.096,  0.783], 
          [-0.661,  0.262,  0.885,  0.722], 
          [-0.673,  0.215,  0.510,  0.766], 
          [-0.587,  0.148,  0.121,  0.724], 
          [-0.749,  0.490,  1.598,  0.740], 
          [-0.798,  0.454,  1.595,  0.745], 
          [-0.652,  0.460,  1.611,  0.846], 
          [-0.783,  0.360,  1.612,  0.766], 
          [-0.749,  0.146,  0.045,  0.771], 
          [-0.725,  0.101,  0.045,  0.793], 
          [-0.535,  0.135,  0.067,  0.684], 
          [-0.692,  0.662,  0.048,  0.790], 
          [-0.652,  0.657,  0.048,  0.817], 
          [-0.631,  0.463,  0.047,  0.712]
        ]
    }
]
