[
    {
        "id": 0,
        "keypoints3d": [
          [-1.133, -1.141,  1.515,  0.901], 
          [-1.205, -1.267,  1.342,  0.878], 
          [-1.059, -1.325,  1.339,  0.870], 
          [-1.057, -1.396,  1.076,  0.786], 
          [-1.151, -1.384,  0.876,  0.707], 
          [-1.356, -1.194,  1.353,  0.839], 
          [-1.416, -1.237,  1.096,  0.783], 
          [-1.327, -1.315,  0.874,  0.535], 
          [-1.194, -1.232,  0.833,  0.762], 
          [-1.099, -1.260,  0.832,  0.747], 
          [-1.046, -1.254,  0.470,  0.869], 
          [-1.042, -1.349,  0.108,  0.827], 
          [-1.295, -1.210,  0.833,  0.735], 
          [-1.276, -1.242,  0.446,  0.843], 
          [-1.242, -1.298,  0.080,  0.855], 
          [-1.115, -1.176,  1.540,  0.779], 
          [-1.176, -1.134,  1.549,  0.851], 
          [-1.098, -1.268,  1.532,  0.804], 
          [-1.244, -1.197,  1.540,  0.863], 
          [-1.194, -1.147,  0.039,  0.762], 
          [-1.245, -1.165,  0.042,  0.791], 
          [-1.251, -1.336,  0.032,  0.706], 
          [-0.943, -1.248,  0.073,  0.728], 
          [-0.924, -1.293,  0.084,  0.709], 
          [-1.051, -1.366,  0.062,  0.711]
        ]
    },
    {
        "id": 2,
        "keypoints3d": [
          [ 1.044, -1.309,  1.577,  0.889], 
          [ 1.133, -1.391,  1.387,  0.862], 
          [ 1.247, -1.277,  1.391,  0.807], 
          [ 1.141, -1.156,  1.180,  0.813], 
          [ 0.976, -1.350,  1.199,  0.791], 
          [ 0.998, -1.502,  1.382,  0.813], 
          [ 0.910, -1.433,  1.146,  0.863], 
          [ 1.076, -1.232,  1.176,  0.768], 
          [ 1.095, -1.348,  0.868,  0.728], 
          [ 1.153, -1.266,  0.870,  0.712], 
          [ 1.180, -1.300,  0.483,  0.802], 
          [ 1.238, -1.348,  0.090,  0.784], 
          [ 1.021, -1.424,  0.865,  0.715], 
          [ 1.040, -1.433,  0.480,  0.711], 
          [ 1.074, -1.472,  0.097,  0.842], 
          [ 1.076, -1.295,  1.615,  0.818], 
          [ 1.027, -1.349,  1.606,  0.864], 
          [ 1.176, -1.314,  1.607,  0.890], 
          [ 1.053, -1.446,  1.580,  0.856], 
          [ 0.969, -1.360,  0.059,  0.714], 
          [ 0.958, -1.431,  0.059,  0.718], 
          [ 1.106, -1.484,  0.047,  0.704], 
          [ 1.116, -1.240,  0.050,  0.730], 
          [ 1.182, -1.223,  0.046,  0.733], 
          [ 1.251, -1.382,  0.042,  0.669]
        ]
    },
    {
        "id": 4,
        "keypoints3d": [
          [-0.137,  1.034,  1.489,  0.844], 
          [-0.134,  1.185,  1.295,  0.872], 
          [-0.289,  1.151,  1.305,  0.865], 
          [-0.382,  1.172,  1.065,  0.863], 
          [-0.417,  1.109,  0.852,  0.856], 
          [ 0.003,  1.231,  1.294,  0.859], 
          [ 0.085,  1.268,  1.065,  0.809], 
          [ 0.130,  1.197,  0.857,  0.817], 
          [-0.165,  1.167,  0.785,  0.773], 
          [-0.261,  1.126,  0.793,  0.747], 
          [-0.329,  1.033,  0.484,  0.859], 
          [-0.438,  1.121,  0.131,  0.862], 
          [-0.064,  1.205,  0.779,  0.745], 
          [-0.105,  1.221,  0.434,  0.784], 
          [-0.159,  1.219,  0.097,  0.871], 
          [-0.166,  1.055,  1.537,  0.855], 
          [-0.099,  1.061,  1.536,  0.863], 
          [-0.202,  1.145,  1.512,  0.818], 
          [-0.039,  1.148,  1.510,  0.796], 
          [-0.063,  1.132,  0.035,  0.750], 
          [-0.050,  1.174,  0.052,  0.775], 
          [-0.188,  1.227,  0.050,  0.743], 
          [-0.475,  0.993,  0.047,  0.717], 
          [-0.500,  1.022,  0.055,  0.726], 
          [-0.431,  1.156,  0.104,  0.828]
        ]
    },
    {
        "id": 6,
        "keypoints3d": [
          [-0.681,  0.303,  0.905,  0.778], 
          [-0.466,  0.255,  0.892,  0.841], 
          [-0.393,  0.381,  0.891,  0.807], 
          [-0.139,  0.416,  0.857,  0.770], 
          [-0.195,  0.396,  0.647,  0.757], 
          [-0.532,  0.103,  0.907,  0.791], 
          [-0.419, -0.118,  0.875,  0.697], 
          [-0.418, -0.163,  0.708,  0.746], 
          [-0.329,  0.113,  0.502,  0.721], 
          [-0.274,  0.203,  0.492,  0.684], 
          [-0.614,  0.356,  0.403,  0.844], 
          [-0.374,  0.398,  0.093,  0.739], 
          [-0.378,  0.019,  0.518,  0.715], 
          [-0.728,  0.133,  0.469,  0.892], 
          [-0.578,  0.148,  0.104,  0.847], 
          [-0.681,  0.324,  0.935,  0.706], 
          [-0.696,  0.270,  0.971,  0.829], 
          [-0.623,  0.400,  0.974,  0.676], 
          [-0.628,  0.247,  1.001,  0.794], 
          [-0.736,  0.139,  0.045,  0.834], 
          [-0.711,  0.099,  0.045,  0.820], 
          [-0.514,  0.141,  0.056,  0.728], 
          [-0.518,  0.458,  0.048,  0.811], 
          [-0.473,  0.481,  0.050,  0.804], 
          [-0.327,  0.398,  0.070,  0.648]
        ]
    }
]
