[
    {
        "id": 0,
        "keypoints3d": [
          [ 1.033, -1.322,  1.579,  0.889], 
          [ 1.133, -1.402,  1.388,  0.859], 
          [ 1.242, -1.282,  1.391,  0.810], 
          [ 1.129, -1.159,  1.185,  0.791], 
          [ 0.966, -1.355,  1.191,  0.797], 
          [ 1.005, -1.521,  1.379,  0.809], 
          [ 0.910, -1.448,  1.143,  0.846], 
          [ 1.061, -1.249,  1.177,  0.697], 
          [ 1.083, -1.360,  0.866,  0.720], 
          [ 1.144, -1.278,  0.871,  0.713], 
          [ 1.178, -1.305,  0.476,  0.755], 
          [ 1.234, -1.350,  0.085,  0.784], 
          [ 1.015, -1.441,  0.863,  0.700], 
          [ 1.044, -1.436,  0.475,  0.710], 
          [ 1.073, -1.470,  0.103,  0.843], 
          [ 1.077, -1.298,  1.618,  0.823], 
          [ 1.016, -1.363,  1.613,  0.865], 
          [ 1.171, -1.333,  1.609,  0.843], 
          [ 1.063, -1.439,  1.577,  0.866], 
          [ 0.981, -1.356,  0.059,  0.720], 
          [ 0.964, -1.434,  0.059,  0.724], 
          [ 1.108, -1.486,  0.052,  0.701], 
          [ 1.111, -1.246,  0.053,  0.721], 
          [ 1.181, -1.222,  0.047,  0.726], 
          [ 1.247, -1.387,  0.039,  0.673]
        ]
    },
    {
        "id": 2,
        "keypoints3d": [
          [-0.964, -1.169,  1.514,  0.899], 
          [-1.053, -1.279,  1.342,  0.857], 
          [-0.895, -1.362,  1.325,  0.826], 
          [-0.956, -1.428,  1.051,  0.838], 
          [-1.033, -1.433,  0.851,  0.657], 
          [-1.199, -1.200,  1.356,  0.857], 
          [-1.257, -1.229,  1.097,  0.742], 
          [-1.157, -1.344,  0.853,  0.668], 
          [-1.050, -1.278,  0.825,  0.744], 
          [-0.958, -1.337,  0.819,  0.716], 
          [-1.009, -1.354,  0.433,  0.726], 
          [-1.064, -1.360,  0.104,  0.777], 
          [-1.140, -1.227,  0.829,  0.734], 
          [-1.158, -1.202,  0.459,  0.815], 
          [-1.227, -1.290,  0.102,  0.812], 
          [-0.944, -1.190,  1.544,  0.787], 
          [-1.006, -1.163,  1.552,  0.853], 
          [-0.927, -1.279,  1.532,  0.773], 
          [-1.087, -1.212,  1.560,  0.863], 
          [-1.178, -1.148,  0.046,  0.646], 
          [-1.219, -1.165,  0.050,  0.667], 
          [-1.236, -1.329,  0.050,  0.633], 
          [-0.978, -1.256,  0.070,  0.767], 
          [-0.957, -1.320,  0.071,  0.746], 
          [-1.080, -1.376,  0.049,  0.689]
        ]
    },
    {
        "id": 4,
        "keypoints3d": [
          [-0.746,  0.612,  1.586,  0.878], 
          [-0.637,  0.460,  1.404,  0.851], 
          [-0.518,  0.569,  1.419,  0.861], 
          [-0.472,  0.592,  1.142,  0.789], 
          [-0.495,  0.635,  0.898,  0.761], 
          [-0.763,  0.369,  1.405,  0.811], 
          [-0.822,  0.341,  1.129,  0.743], 
          [-0.888,  0.430,  0.904,  0.726], 
          [-0.635,  0.464,  0.879,  0.699], 
          [-0.559,  0.539,  0.884,  0.670], 
          [-0.593,  0.546,  0.496,  0.717], 
          [-0.634,  0.505,  0.096,  0.757], 
          [-0.704,  0.387,  0.879,  0.675], 
          [-0.764,  0.327,  0.512,  0.755], 
          [-0.671,  0.254,  0.156,  0.677], 
          [-0.707,  0.631,  1.630,  0.804], 
          [-0.765,  0.587,  1.630,  0.875], 
          [-0.619,  0.597,  1.628,  0.812], 
          [-0.744,  0.475,  1.616,  0.896], 
          [-0.787,  0.255,  0.026,  0.768], 
          [-0.770,  0.198,  0.041,  0.765], 
          [-0.607,  0.255,  0.107,  0.585], 
          [-0.686,  0.658,  0.045,  0.806], 
          [-0.652,  0.647,  0.041,  0.837], 
          [-0.630,  0.470,  0.046,  0.641]
        ]
    },
    {
        "id": 6,
        "keypoints3d": [
          [-0.117,  0.779,  1.472,  0.813], 
          [-0.092,  0.954,  1.302,  0.847], 
          [-0.231,  0.927,  1.297,  0.837], 
          [-0.299,  0.932,  1.054,  0.800], 
          [-0.307,  0.844,  0.853,  0.839], 
          [ 0.051,  0.997,  1.316,  0.839], 
          [ 0.126,  1.019,  1.074,  0.779], 
          [ 0.164,  0.957,  0.863,  0.870], 
          [-0.091,  0.943,  0.796,  0.769], 
          [-0.180,  0.920,  0.793,  0.756], 
          [-0.139,  0.920,  0.422,  0.815], 
          [-0.118,  0.957,  0.084,  0.799], 
          [ 0.010,  0.964,  0.794,  0.750], 
          [ 0.037,  0.943,  0.446,  0.811], 
          [ 0.030,  1.024,  0.101,  0.817], 
          [-0.148,  0.804,  1.522,  0.787], 
          [-0.085,  0.806,  1.526,  0.876], 
          [-0.175,  0.889,  1.515,  0.684], 
          [-0.016,  0.890,  1.518,  0.852], 
          [ 0.077,  0.894,  0.057,  0.691], 
          [ 0.105,  0.935,  0.053,  0.728], 
          [ 0.013,  1.065,  0.066,  0.782], 
          [-0.100,  0.818,  0.041,  0.741], 
          [-0.137,  0.847,  0.031,  0.749], 
          [-0.102,  0.990,  0.050,  0.680]
        ]
    }
]
