[
    {
        "id": 0,
        "keypoints3d": [
          [ 1.039, -1.309,  1.578,  0.878], 
          [ 1.132, -1.397,  1.388,  0.864], 
          [ 1.248, -1.283,  1.392,  0.813], 
          [ 1.143, -1.155,  1.179,  0.830], 
          [ 0.977, -1.352,  1.199,  0.790], 
          [ 0.998, -1.503,  1.382,  0.820], 
          [ 0.903, -1.428,  1.147,  0.864], 
          [ 1.076, -1.233,  1.175,  0.769], 
          [ 1.093, -1.347,  0.866,  0.725], 
          [ 1.152, -1.266,  0.872,  0.709], 
          [ 1.182, -1.298,  0.484,  0.805], 
          [ 1.236, -1.346,  0.092,  0.776], 
          [ 1.021, -1.426,  0.865,  0.712], 
          [ 1.040, -1.434,  0.477,  0.690], 
          [ 1.071, -1.470,  0.101,  0.841], 
          [ 1.074, -1.291,  1.613,  0.804], 
          [ 1.022, -1.353,  1.605,  0.862], 
          [ 1.174, -1.322,  1.606,  0.800], 
          [ 1.052, -1.445,  1.582,  0.856], 
          [ 0.976, -1.355,  0.062,  0.720], 
          [ 0.957, -1.429,  0.060,  0.721], 
          [ 1.102, -1.485,  0.050,  0.707], 
          [ 1.118, -1.247,  0.050,  0.736], 
          [ 1.183, -1.221,  0.047,  0.738], 
          [ 1.251, -1.379,  0.047,  0.670]
        ]
    },
    {
        "id": 2,
        "keypoints3d": [
          [-0.157,  1.038,  1.493,  0.851], 
          [-0.153,  1.185,  1.298,  0.873], 
          [-0.301,  1.148,  1.308,  0.849], 
          [-0.395,  1.176,  1.068,  0.854], 
          [-0.430,  1.101,  0.849,  0.858], 
          [-0.010,  1.231,  1.290,  0.859], 
          [ 0.057,  1.252,  1.047,  0.828], 
          [ 0.097,  1.190,  0.854,  0.869], 
          [-0.187,  1.160,  0.782,  0.781], 
          [-0.282,  1.127,  0.790,  0.752], 
          [-0.343,  1.058,  0.466,  0.794], 
          [-0.450,  1.132,  0.113,  0.866], 
          [-0.089,  1.187,  0.778,  0.753], 
          [-0.117,  1.218,  0.430,  0.776], 
          [-0.158,  1.214,  0.093,  0.876], 
          [-0.183,  1.059,  1.538,  0.826], 
          [-0.119,  1.060,  1.542,  0.878], 
          [-0.224,  1.145,  1.511,  0.827], 
          [-0.057,  1.138,  1.509,  0.817], 
          [-0.063,  1.129,  0.035,  0.723], 
          [-0.053,  1.168,  0.045,  0.751], 
          [-0.189,  1.225,  0.044,  0.775], 
          [-0.475,  0.998,  0.047,  0.751], 
          [-0.514,  1.029,  0.049,  0.749], 
          [-0.451,  1.175,  0.072,  0.829]
        ]
    },
    {
        "id": 4,
        "keypoints3d": [
          [-1.127, -1.148,  1.521,  0.905], 
          [-1.190, -1.273,  1.344,  0.887], 
          [-1.045, -1.329,  1.342,  0.865], 
          [-1.040, -1.405,  1.076,  0.779], 
          [-1.103, -1.404,  0.866,  0.678], 
          [-1.338, -1.200,  1.347,  0.844], 
          [-1.398, -1.242,  1.099,  0.766], 
          [-1.331, -1.346,  0.896,  0.597], 
          [-1.177, -1.247,  0.826,  0.757], 
          [-1.078, -1.273,  0.828,  0.751], 
          [-1.030, -1.260,  0.472,  0.850], 
          [-1.031, -1.359,  0.107,  0.870], 
          [-1.275, -1.228,  0.828,  0.742], 
          [-1.272, -1.250,  0.447,  0.841], 
          [-1.240, -1.302,  0.079,  0.863], 
          [-1.107, -1.174,  1.551,  0.783], 
          [-1.173, -1.142,  1.557,  0.780], 
          [-1.085, -1.264,  1.536,  0.791], 
          [-1.234, -1.203,  1.541,  0.879], 
          [-1.199, -1.145,  0.039,  0.795], 
          [-1.245, -1.163,  0.040,  0.825], 
          [-1.248, -1.336,  0.034,  0.697], 
          [-0.909, -1.271,  0.063,  0.717], 
          [-0.892, -1.310,  0.072,  0.712], 
          [-1.038, -1.377,  0.063,  0.787]
        ]
    },
    {
        "id": 6,
        "keypoints3d": [
          [-0.581,  0.298,  0.944,  0.845], 
          [-0.350,  0.200,  0.912,  0.890], 
          [-0.266,  0.336,  0.896,  0.802], 
          [-0.048,  0.338,  0.799,  0.877], 
          [-0.143,  0.368,  0.619,  0.747], 
          [-0.449,  0.070,  0.935,  0.812], 
          [-0.379, -0.187,  0.872,  0.757], 
          [-0.437, -0.129,  0.663,  0.895], 
          [-0.220,  0.068,  0.474,  0.724], 
          [-0.157,  0.158,  0.461,  0.709], 
          [-0.530,  0.380,  0.427,  0.858], 
          [-0.364,  0.341,  0.090,  0.671], 
          [-0.285, -0.023,  0.491,  0.688], 
          [-0.698,  0.152,  0.495,  0.878], 
          [-0.586,  0.148,  0.115,  0.853], 
          [-0.593,  0.346,  0.984,  0.715], 
          [-0.581,  0.281,  0.984,  0.751], 
          [-0.490,  0.397,  0.995,  0.680], 
          [-0.508,  0.231,  1.028,  0.802], 
          [-0.742,  0.151,  0.052,  0.814], 
          [-0.722,  0.109,  0.057,  0.824], 
          [-0.520,  0.138,  0.054,  0.742], 
          [-0.509,  0.424,  0.036,  0.765], 
          [-0.459,  0.445,  0.038,  0.761], 
          [-0.291,  0.306,  0.064,  0.525]
        ]
    }
]
