[
    {
        "id": 0,
        "keypoints3d": [
          [ 1.039, -1.309,  1.578,  0.878], 
          [ 1.131, -1.396,  1.388,  0.862], 
          [ 1.248, -1.283,  1.392,  0.812], 
          [ 1.142, -1.156,  1.182,  0.824], 
          [ 0.977, -1.351,  1.202,  0.806], 
          [ 0.994, -1.501,  1.382,  0.817], 
          [ 0.904, -1.429,  1.146,  0.866], 
          [ 1.076, -1.233,  1.177,  0.765], 
          [ 1.090, -1.347,  0.868,  0.726], 
          [ 1.152, -1.267,  0.873,  0.710], 
          [ 1.184, -1.297,  0.485,  0.810], 
          [ 1.239, -1.346,  0.098,  0.723], 
          [ 1.021, -1.426,  0.864,  0.712], 
          [ 1.042, -1.433,  0.476,  0.694], 
          [ 1.073, -1.470,  0.100,  0.841], 
          [ 1.074, -1.291,  1.613,  0.803], 
          [ 1.022, -1.353,  1.605,  0.867], 
          [ 1.174, -1.322,  1.606,  0.801], 
          [ 1.052, -1.446,  1.581,  0.851], 
          [ 0.975, -1.355,  0.062,  0.715], 
          [ 0.957, -1.430,  0.060,  0.714], 
          [ 1.104, -1.487,  0.049,  0.704], 
          [ 1.116, -1.248,  0.047,  0.734], 
          [ 1.182, -1.222,  0.047,  0.736], 
          [ 1.249, -1.381,  0.043,  0.668]
        ]
    },
    {
        "id": 2,
        "keypoints3d": [
          [-1.122, -1.147,  1.523,  0.908], 
          [-1.177, -1.278,  1.343,  0.888], 
          [-1.034, -1.332,  1.341,  0.852], 
          [-1.033, -1.408,  1.072,  0.779], 
          [-1.100, -1.401,  0.861,  0.747], 
          [-1.322, -1.199,  1.347,  0.854], 
          [-1.389, -1.250,  1.097,  0.771], 
          [-1.331, -1.340,  0.887,  0.615], 
          [-1.168, -1.253,  0.827,  0.764], 
          [-1.070, -1.273,  0.830,  0.763], 
          [-1.012, -1.263,  0.475,  0.846], 
          [-1.016, -1.364,  0.117,  0.787], 
          [-1.268, -1.232,  0.829,  0.755], 
          [-1.266, -1.252,  0.453,  0.827], 
          [-1.242, -1.299,  0.081,  0.860], 
          [-1.102, -1.181,  1.555,  0.817], 
          [-1.156, -1.144,  1.560,  0.830], 
          [-1.083, -1.273,  1.536,  0.789], 
          [-1.228, -1.204,  1.541,  0.879], 
          [-1.199, -1.147,  0.042,  0.800], 
          [-1.247, -1.162,  0.043,  0.823], 
          [-1.247, -1.330,  0.035,  0.689], 
          [-0.887, -1.289,  0.072,  0.728], 
          [-0.872, -1.316,  0.077,  0.740], 
          [-1.031, -1.385,  0.071,  0.789]
        ]
    },
    {
        "id": 4,
        "keypoints3d": [
          [-0.166,  1.031,  1.494,  0.859], 
          [-0.161,  1.183,  1.299,  0.865], 
          [-0.311,  1.148,  1.311,  0.840], 
          [-0.409,  1.176,  1.071,  0.837], 
          [-0.438,  1.098,  0.847,  0.843], 
          [-0.018,  1.224,  1.292,  0.843], 
          [ 0.047,  1.247,  1.051,  0.846], 
          [ 0.091,  1.184,  0.850,  0.844], 
          [-0.189,  1.159,  0.786,  0.771], 
          [-0.287,  1.129,  0.794,  0.748], 
          [-0.341,  1.069,  0.465,  0.805], 
          [-0.456,  1.138,  0.109,  0.858], 
          [-0.087,  1.185,  0.783,  0.747], 
          [-0.121,  1.214,  0.431,  0.755], 
          [-0.161,  1.212,  0.087,  0.865], 
          [-0.182,  1.056,  1.536,  0.731], 
          [-0.128,  1.054,  1.539,  0.881], 
          [-0.233,  1.146,  1.516,  0.829], 
          [-0.062,  1.140,  1.511,  0.808], 
          [-0.056,  1.123,  0.039,  0.717], 
          [-0.048,  1.165,  0.047,  0.742], 
          [-0.192,  1.226,  0.040,  0.773], 
          [-0.473,  1.000,  0.048,  0.752], 
          [-0.519,  1.031,  0.051,  0.746], 
          [-0.456,  1.179,  0.065,  0.822]
        ]
    },
    {
        "id": 6,
        "keypoints3d": [
          [-0.535,  0.266,  0.964,  0.853], 
          [-0.331,  0.190,  0.917,  0.878], 
          [-0.232,  0.312,  0.904,  0.824], 
          [ 0.008,  0.293,  0.786,  0.733], 
          [-0.135,  0.346,  0.627,  0.801], 
          [-0.417,  0.054,  0.939,  0.816], 
          [-0.377, -0.198,  0.858,  0.787], 
          [-0.451, -0.123,  0.666,  0.845], 
          [-0.233,  0.056,  0.471,  0.731], 
          [-0.165,  0.154,  0.466,  0.703], 
          [-0.512,  0.407,  0.440,  0.755], 
          [-0.373,  0.350,  0.093,  0.696], 
          [-0.310, -0.023,  0.490,  0.692], 
          [-0.682,  0.190,  0.502,  0.895], 
          [-0.577,  0.147,  0.111,  0.839], 
          [-0.530,  0.320,  1.007,  0.850], 
          [-0.525,  0.254,  1.011,  0.815], 
          [-0.463,  0.380,  1.012,  0.649], 
          [-0.454,  0.205,  1.055,  0.848], 
          [-0.732,  0.146,  0.051,  0.779], 
          [-0.714,  0.100,  0.062,  0.789], 
          [-0.518,  0.138,  0.042,  0.727], 
          [-0.500,  0.430,  0.031,  0.683], 
          [-0.450,  0.458,  0.033,  0.684], 
          [-0.306,  0.319,  0.056,  0.568]
        ]
    }
]
