[
    {
        "id": 0,
        "keypoints3d": [
          [-0.985, -1.157,  1.522,  0.867], 
          [-1.070, -1.274,  1.347,  0.884], 
          [-0.929, -1.351,  1.342,  0.833], 
          [-0.958, -1.425,  1.086,  0.724], 
          [-1.032, -1.445,  0.900,  0.768], 
          [-1.220, -1.195,  1.361,  0.870], 
          [-1.263, -1.234,  1.097,  0.766], 
          [-1.204, -1.348,  0.882,  0.601], 
          [-1.060, -1.272,  0.834,  0.754], 
          [-0.974, -1.323,  0.829,  0.728], 
          [-1.021, -1.343,  0.450,  0.769], 
          [-1.066, -1.364,  0.107,  0.783], 
          [-1.153, -1.230,  0.840,  0.746], 
          [-1.172, -1.223,  0.462,  0.846], 
          [-1.237, -1.294,  0.092,  0.816], 
          [-0.965, -1.172,  1.553,  0.787], 
          [-1.028, -1.134,  1.563,  0.805], 
          [-0.958, -1.265,  1.534,  0.726], 
          [-1.104, -1.201,  1.565,  0.878], 
          [-1.187, -1.145,  0.039,  0.674], 
          [-1.228, -1.164,  0.042,  0.696], 
          [-1.251, -1.328,  0.042,  0.657], 
          [-0.974, -1.253,  0.073,  0.731], 
          [-0.961, -1.319,  0.075,  0.723], 
          [-1.088, -1.379,  0.056,  0.671]
        ]
    },
    {
        "id": 2,
        "keypoints3d": [
          [ 1.038, -1.316,  1.581,  0.883], 
          [ 1.134, -1.402,  1.387,  0.860], 
          [ 1.243, -1.281,  1.392,  0.807], 
          [ 1.127, -1.159,  1.184,  0.869], 
          [ 0.977, -1.354,  1.193,  0.811], 
          [ 1.008, -1.521,  1.379,  0.815], 
          [ 0.909, -1.443,  1.142,  0.847], 
          [ 1.060, -1.246,  1.175,  0.749], 
          [ 1.092, -1.354,  0.861,  0.721], 
          [ 1.150, -1.276,  0.867,  0.716], 
          [ 1.175, -1.306,  0.474,  0.728], 
          [ 1.233, -1.347,  0.088,  0.788], 
          [ 1.022, -1.435,  0.863,  0.699], 
          [ 1.040, -1.434,  0.476,  0.714], 
          [ 1.075, -1.472,  0.104,  0.845], 
          [ 1.076, -1.297,  1.618,  0.910], 
          [ 1.017, -1.350,  1.607,  0.861], 
          [ 1.172, -1.324,  1.608,  0.824], 
          [ 1.064, -1.437,  1.578,  0.871], 
          [ 0.978, -1.366,  0.057,  0.718], 
          [ 0.961, -1.437,  0.057,  0.727], 
          [ 1.104, -1.486,  0.052,  0.702], 
          [ 1.112, -1.240,  0.053,  0.722], 
          [ 1.181, -1.222,  0.047,  0.732], 
          [ 1.246, -1.385,  0.041,  0.675]
        ]
    },
    {
        "id": 4,
        "keypoints3d": [
          [-0.110,  0.820,  1.477,  0.772], 
          [-0.095,  0.994,  1.300,  0.864], 
          [-0.242,  0.950,  1.295,  0.856], 
          [-0.308,  0.945,  1.048,  0.768], 
          [-0.306,  0.860,  0.848,  0.855], 
          [ 0.040,  1.035,  1.309,  0.851], 
          [ 0.096,  1.080,  1.061,  0.846], 
          [ 0.144,  1.013,  0.855,  0.816], 
          [-0.092,  0.971,  0.792,  0.766], 
          [-0.180,  0.937,  0.791,  0.742], 
          [-0.149,  0.932,  0.420,  0.817], 
          [-0.122,  0.960,  0.095,  0.850], 
          [ 0.004,  1.003,  0.795,  0.728], 
          [ 0.014,  0.986,  0.436,  0.821], 
          [-0.078,  1.142,  0.149,  0.868], 
          [-0.158,  0.830,  1.523,  0.767], 
          [-0.097,  0.856,  1.523,  0.917], 
          [-0.185,  0.929,  1.510,  0.739], 
          [-0.027,  0.931,  1.521,  0.843], 
          [ 0.012,  1.077,  0.073,  0.638], 
          [ 0.006,  1.123,  0.074,  0.630], 
          [-0.109,  1.179,  0.133,  0.778], 
          [-0.100,  0.803,  0.047,  0.749], 
          [-0.122,  0.823,  0.040,  0.757], 
          [-0.113,  0.997,  0.058,  0.751]
        ]
    },
    {
        "id": 6,
        "keypoints3d": [
          [-0.776,  0.512,  1.584,  0.851], 
          [-0.638,  0.369,  1.409,  0.858], 
          [-0.531,  0.487,  1.414,  0.802], 
          [-0.457,  0.506,  1.151,  0.856], 
          [-0.458,  0.550,  0.900,  0.826], 
          [-0.746,  0.253,  1.404,  0.866], 
          [-0.825,  0.204,  1.146,  0.843], 
          [-0.915,  0.317,  0.914,  0.801], 
          [-0.614,  0.370,  0.878,  0.747], 
          [-0.552,  0.461,  0.885,  0.723], 
          [-0.614,  0.522,  0.480,  0.801], 
          [-0.637,  0.493,  0.092,  0.715], 
          [-0.680,  0.296,  0.881,  0.740], 
          [-0.683,  0.250,  0.507,  0.757], 
          [-0.595,  0.154,  0.123,  0.778], 
          [-0.759,  0.525,  1.628,  0.769], 
          [-0.794,  0.482,  1.619,  0.806], 
          [-0.647,  0.487,  1.615,  0.833], 
          [-0.773,  0.382,  1.619,  0.800], 
          [-0.747,  0.154,  0.039,  0.777], 
          [-0.732,  0.103,  0.046,  0.797], 
          [-0.539,  0.140,  0.066,  0.653], 
          [-0.694,  0.663,  0.048,  0.804], 
          [-0.654,  0.657,  0.048,  0.830], 
          [-0.636,  0.468,  0.054,  0.784]
        ]
    }
]
