[
    {
        "id": 0,
        "keypoints3d": [
          [ 1.039, -1.309,  1.578,  0.876], 
          [ 1.131, -1.396,  1.388,  0.863], 
          [ 1.248, -1.283,  1.392,  0.813], 
          [ 1.142, -1.156,  1.182,  0.825], 
          [ 0.980, -1.351,  1.199,  0.791], 
          [ 0.995, -1.502,  1.382,  0.817], 
          [ 0.904, -1.429,  1.146,  0.865], 
          [ 1.076, -1.232,  1.179,  0.763], 
          [ 1.090, -1.347,  0.868,  0.725], 
          [ 1.152, -1.266,  0.872,  0.710], 
          [ 1.183, -1.297,  0.485,  0.814], 
          [ 1.239, -1.346,  0.098,  0.723], 
          [ 1.021, -1.426,  0.864,  0.711], 
          [ 1.041, -1.433,  0.476,  0.696], 
          [ 1.073, -1.470,  0.100,  0.841], 
          [ 1.074, -1.291,  1.613,  0.804], 
          [ 1.022, -1.354,  1.604,  0.868], 
          [ 1.174, -1.322,  1.606,  0.802], 
          [ 1.052, -1.445,  1.582,  0.852], 
          [ 0.975, -1.355,  0.062,  0.714], 
          [ 0.957, -1.430,  0.060,  0.714], 
          [ 1.104, -1.487,  0.049,  0.703], 
          [ 1.117, -1.248,  0.050,  0.733], 
          [ 1.182, -1.222,  0.047,  0.736], 
          [ 1.250, -1.380,  0.046,  0.669]
        ]
    },
    {
        "id": 2,
        "keypoints3d": [
          [-1.123, -1.149,  1.520,  0.901], 
          [-1.178, -1.278,  1.345,  0.889], 
          [-1.037, -1.333,  1.341,  0.857], 
          [-1.035, -1.407,  1.071,  0.779], 
          [-1.099, -1.408,  0.865,  0.698], 
          [-1.325, -1.201,  1.348,  0.852], 
          [-1.391, -1.249,  1.100,  0.760], 
          [-1.330, -1.340,  0.894,  0.612], 
          [-1.169, -1.253,  0.827,  0.756], 
          [-1.070, -1.277,  0.828,  0.757], 
          [-1.015, -1.264,  0.474,  0.851], 
          [-1.019, -1.361,  0.118,  0.797], 
          [-1.269, -1.233,  0.829,  0.751], 
          [-1.269, -1.256,  0.450,  0.821], 
          [-1.240, -1.302,  0.079,  0.862], 
          [-1.104, -1.179,  1.553,  0.787], 
          [-1.155, -1.145,  1.559,  0.821], 
          [-1.085, -1.272,  1.533,  0.782], 
          [-1.228, -1.204,  1.541,  0.874], 
          [-1.200, -1.150,  0.041,  0.800], 
          [-1.247, -1.165,  0.040,  0.823], 
          [-1.247, -1.330,  0.035,  0.694], 
          [-0.893, -1.280,  0.073,  0.732], 
          [-0.877, -1.311,  0.077,  0.743], 
          [-1.035, -1.379,  0.072,  0.790]
        ]
    },
    {
        "id": 4,
        "keypoints3d": [
          [-0.165,  1.035,  1.494,  0.858], 
          [-0.159,  1.185,  1.300,  0.863], 
          [-0.308,  1.152,  1.311,  0.844], 
          [-0.407,  1.176,  1.071,  0.844], 
          [-0.435,  1.101,  0.849,  0.851], 
          [-0.015,  1.226,  1.293,  0.840], 
          [ 0.050,  1.251,  1.050,  0.845], 
          [ 0.092,  1.187,  0.850,  0.843], 
          [-0.189,  1.159,  0.785,  0.773], 
          [-0.289,  1.128,  0.794,  0.749], 
          [-0.347,  1.065,  0.462,  0.798], 
          [-0.456,  1.138,  0.109,  0.859], 
          [-0.086,  1.185,  0.782,  0.749], 
          [-0.119,  1.218,  0.429,  0.753], 
          [-0.160,  1.213,  0.090,  0.865], 
          [-0.183,  1.060,  1.538,  0.815], 
          [-0.124,  1.057,  1.538,  0.881], 
          [-0.233,  1.149,  1.517,  0.820], 
          [-0.059,  1.139,  1.509,  0.809], 
          [-0.056,  1.123,  0.039,  0.714], 
          [-0.048,  1.165,  0.047,  0.739], 
          [-0.191,  1.225,  0.042,  0.769], 
          [-0.475,  1.001,  0.046,  0.750], 
          [-0.520,  1.031,  0.051,  0.749], 
          [-0.457,  1.179,  0.068,  0.828]
        ]
    },
    {
        "id": 6,
        "keypoints3d": [
          [-0.540,  0.282,  0.954,  0.803], 
          [-0.341,  0.197,  0.916,  0.877], 
          [-0.238,  0.325,  0.902,  0.814], 
          [-0.055,  0.334,  0.761,  0.768], 
          [-0.150,  0.362,  0.612,  0.787], 
          [-0.421,  0.062,  0.943,  0.822], 
          [-0.380, -0.194,  0.863,  0.775], 
          [-0.444, -0.127,  0.665,  0.864], 
          [-0.228,  0.056,  0.467,  0.721], 
          [-0.160,  0.154,  0.461,  0.701], 
          [-0.510,  0.397,  0.444,  0.748], 
          [-0.370,  0.349,  0.093,  0.702], 
          [-0.302, -0.028,  0.488,  0.688], 
          [-0.696,  0.183,  0.504,  0.887], 
          [-0.579,  0.146,  0.115,  0.854], 
          [-0.550,  0.334,  0.987,  0.746], 
          [-0.531,  0.265,  0.990,  0.767], 
          [-0.469,  0.393,  1.011,  0.672], 
          [-0.468,  0.215,  1.047,  0.837], 
          [-0.737,  0.153,  0.048,  0.808], 
          [-0.723,  0.104,  0.064,  0.830], 
          [-0.519,  0.140,  0.047,  0.743], 
          [-0.502,  0.423,  0.031,  0.673], 
          [-0.453,  0.450,  0.034,  0.686], 
          [-0.298,  0.318,  0.056,  0.570]
        ]
    }
]
