[
    {
        "id": 0,
        "keypoints3d": [
          [ 1.040, -1.312,  1.578,  0.879], 
          [ 1.131, -1.396,  1.388,  0.862], 
          [ 1.248, -1.283,  1.392,  0.807], 
          [ 1.140, -1.157,  1.182,  0.836], 
          [ 0.979, -1.350,  1.201,  0.806], 
          [ 0.999, -1.506,  1.382,  0.817], 
          [ 0.907, -1.430,  1.146,  0.866], 
          [ 1.076, -1.233,  1.175,  0.766], 
          [ 1.090, -1.347,  0.867,  0.725], 
          [ 1.149, -1.266,  0.871,  0.710], 
          [ 1.184, -1.297,  0.487,  0.817], 
          [ 1.239, -1.346,  0.099,  0.716], 
          [ 1.021, -1.425,  0.866,  0.714], 
          [ 1.042, -1.433,  0.477,  0.701], 
          [ 1.073, -1.470,  0.100,  0.841], 
          [ 1.076, -1.295,  1.616,  0.798], 
          [ 1.022, -1.354,  1.603,  0.869], 
          [ 1.174, -1.320,  1.607,  0.800], 
          [ 1.049, -1.448,  1.583,  0.854], 
          [ 0.975, -1.355,  0.062,  0.713], 
          [ 0.958, -1.431,  0.066,  0.714], 
          [ 1.104, -1.487,  0.049,  0.704], 
          [ 1.114, -1.245,  0.046,  0.730], 
          [ 1.181, -1.222,  0.043,  0.731], 
          [ 1.249, -1.386,  0.043,  0.669]
        ]
    },
    {
        "id": 2,
        "keypoints3d": [
          [-1.117, -1.147,  1.524,  0.911], 
          [-1.170, -1.278,  1.345,  0.889], 
          [-1.024, -1.336,  1.344,  0.849], 
          [-1.017, -1.413,  1.067,  0.795], 
          [-1.098, -1.404,  0.848,  0.721], 
          [-1.316, -1.205,  1.347,  0.861], 
          [-1.377, -1.260,  1.090,  0.769], 
          [-1.319, -1.344,  0.877,  0.607], 
          [-1.159, -1.257,  0.825,  0.762], 
          [-1.063, -1.277,  0.828,  0.760], 
          [-1.007, -1.268,  0.472,  0.832], 
          [-1.001, -1.369,  0.105,  0.838], 
          [-1.264, -1.230,  0.829,  0.751], 
          [-1.264, -1.251,  0.450,  0.806], 
          [-1.239, -1.294,  0.080,  0.861], 
          [-1.098, -1.184,  1.559,  0.818], 
          [-1.152, -1.143,  1.562,  0.812], 
          [-1.077, -1.276,  1.537,  0.770], 
          [-1.219, -1.202,  1.544,  0.882], 
          [-1.195, -1.143,  0.041,  0.804], 
          [-1.245, -1.162,  0.040,  0.835], 
          [-1.249, -1.327,  0.034,  0.710], 
          [-0.883, -1.294,  0.063,  0.740], 
          [-0.867, -1.327,  0.067,  0.754], 
          [-1.025, -1.393,  0.065,  0.794]
        ]
    },
    {
        "id": 4,
        "keypoints3d": [
          [-0.165,  1.031,  1.494,  0.834], 
          [-0.166,  1.184,  1.298,  0.866], 
          [-0.318,  1.148,  1.313,  0.842], 
          [-0.416,  1.168,  1.072,  0.824], 
          [-0.441,  1.096,  0.858,  0.808], 
          [-0.020,  1.224,  1.291,  0.843], 
          [ 0.042,  1.243,  1.048,  0.842], 
          [ 0.086,  1.182,  0.849,  0.862], 
          [-0.192,  1.158,  0.785,  0.774], 
          [-0.288,  1.126,  0.792,  0.753], 
          [-0.346,  1.079,  0.460,  0.801], 
          [-0.456,  1.138,  0.102,  0.851], 
          [-0.092,  1.185,  0.786,  0.752], 
          [-0.128,  1.217,  0.435,  0.767], 
          [-0.163,  1.212,  0.090,  0.866], 
          [-0.184,  1.054,  1.536,  0.788], 
          [-0.129,  1.054,  1.540,  0.884], 
          [-0.237,  1.143,  1.516,  0.826], 
          [-0.066,  1.136,  1.512,  0.798], 
          [-0.056,  1.122,  0.041,  0.725], 
          [-0.054,  1.163,  0.048,  0.752], 
          [-0.191,  1.224,  0.042,  0.779], 
          [-0.476,  1.003,  0.050,  0.751], 
          [-0.518,  1.031,  0.051,  0.746], 
          [-0.454,  1.178,  0.059,  0.821]
        ]
    },
    {
        "id": 6,
        "keypoints3d": [
          [-0.516,  0.249,  1.002,  0.871], 
          [-0.305,  0.168,  0.918,  0.822], 
          [-0.206,  0.295,  0.917,  0.817], 
          [ 0.051,  0.254,  0.792,  0.874], 
          [-0.097,  0.334,  0.645,  0.841], 
          [-0.407,  0.049,  0.933,  0.807], 
          [-0.384, -0.210,  0.848,  0.784], 
          [-0.457, -0.117,  0.660,  0.832], 
          [-0.244,  0.055,  0.466,  0.683], 
          [-0.159,  0.146,  0.464,  0.673], 
          [-0.511,  0.410,  0.460,  0.724], 
          [-0.360,  0.415,  0.088,  0.652], 
          [-0.315, -0.020,  0.480,  0.646], 
          [-0.659,  0.216,  0.502,  0.816], 
          [-0.579,  0.156,  0.107,  0.852], 
          [-0.505,  0.297,  1.022,  0.601], 
          [-0.519,  0.235,  1.028,  0.800], 
          [-0.439,  0.347,  1.029,  0.713], 
          [-0.438,  0.195,  1.065,  0.834], 
          [-0.731,  0.172,  0.058,  0.732], 
          [-0.716,  0.116,  0.065,  0.779], 
          [-0.518,  0.147,  0.045,  0.703], 
          [-0.506,  0.494,  0.052,  0.842], 
          [-0.449,  0.519,  0.048,  0.744], 
          [-0.290,  0.393,  0.051,  0.548]
        ]
    }
]
