[
    {
        "id": 0,
        "keypoints3d": [
          [ 1.042, -1.312,  1.576,  0.880], 
          [ 1.131, -1.396,  1.388,  0.862], 
          [ 1.248, -1.285,  1.392,  0.809], 
          [ 1.139, -1.157,  1.184,  0.832], 
          [ 0.979, -1.349,  1.203,  0.800], 
          [ 0.995, -1.505,  1.382,  0.823], 
          [ 0.903, -1.428,  1.147,  0.860], 
          [ 1.070, -1.230,  1.177,  0.761], 
          [ 1.088, -1.350,  0.868,  0.724], 
          [ 1.147, -1.268,  0.871,  0.709], 
          [ 1.181, -1.299,  0.482,  0.809], 
          [ 1.238, -1.346,  0.094,  0.711], 
          [ 1.021, -1.426,  0.866,  0.712], 
          [ 1.039, -1.434,  0.477,  0.699], 
          [ 1.073, -1.469,  0.100,  0.840], 
          [ 1.076, -1.295,  1.616,  0.793], 
          [ 1.021, -1.355,  1.602,  0.876], 
          [ 1.174, -1.317,  1.606,  0.899], 
          [ 1.050, -1.448,  1.581,  0.852], 
          [ 0.974, -1.355,  0.059,  0.715], 
          [ 0.957, -1.430,  0.060,  0.716], 
          [ 1.103, -1.487,  0.049,  0.703], 
          [ 1.118, -1.241,  0.051,  0.726], 
          [ 1.182, -1.221,  0.047,  0.727], 
          [ 1.249, -1.386,  0.043,  0.671]
        ]
    },
    {
        "id": 2,
        "keypoints3d": [
          [-1.090, -1.160,  1.533,  0.817], 
          [-1.152, -1.280,  1.356,  0.874], 
          [-0.996, -1.347,  1.352,  0.867], 
          [-0.997, -1.422,  1.081,  0.782], 
          [-1.086, -1.414,  0.861,  0.683], 
          [-1.299, -1.210,  1.353,  0.847], 
          [-1.347, -1.256,  1.102,  0.790], 
          [-1.303, -1.345,  0.895,  0.647], 
          [-1.144, -1.268,  0.828,  0.755], 
          [-1.051, -1.292,  0.828,  0.741], 
          [-1.005, -1.305,  0.455,  0.815], 
          [-0.995, -1.386,  0.100,  0.852], 
          [-1.245, -1.240,  0.827,  0.739], 
          [-1.243, -1.258,  0.448,  0.782], 
          [-1.237, -1.299,  0.080,  0.857], 
          [-1.069, -1.190,  1.566,  0.825], 
          [-1.130, -1.167,  1.570,  0.830], 
          [-1.054, -1.290,  1.544,  0.815], 
          [-1.210, -1.212,  1.555,  0.884], 
          [-1.197, -1.141,  0.040,  0.809], 
          [-1.245, -1.155,  0.044,  0.829], 
          [-1.249, -1.335,  0.034,  0.711], 
          [-0.879, -1.290,  0.069,  0.741], 
          [-0.867, -1.325,  0.072,  0.744], 
          [-1.023, -1.408,  0.059,  0.798]
        ]
    },
    {
        "id": 4,
        "keypoints3d": [
          [-0.173,  1.033,  1.497,  0.818], 
          [-0.180,  1.179,  1.298,  0.879], 
          [-0.331,  1.142,  1.313,  0.861], 
          [-0.428,  1.166,  1.072,  0.815], 
          [-0.466,  1.097,  0.863,  0.828], 
          [-0.032,  1.217,  1.288,  0.845], 
          [ 0.023,  1.245,  1.041,  0.828], 
          [ 0.068,  1.181,  0.844,  0.830], 
          [-0.200,  1.159,  0.787,  0.789], 
          [-0.302,  1.132,  0.795,  0.759], 
          [-0.349,  1.100,  0.459,  0.833], 
          [-0.463,  1.147,  0.095,  0.842], 
          [-0.102,  1.186,  0.788,  0.769], 
          [-0.138,  1.213,  0.437,  0.811], 
          [-0.170,  1.215,  0.088,  0.864], 
          [-0.191,  1.052,  1.542,  0.769], 
          [-0.133,  1.054,  1.542,  0.883], 
          [-0.249,  1.145,  1.519,  0.814], 
          [-0.081,  1.142,  1.516,  0.778], 
          [-0.060,  1.125,  0.039,  0.727], 
          [-0.048,  1.163,  0.049,  0.747], 
          [-0.194,  1.227,  0.041,  0.774], 
          [-0.471,  1.007,  0.040,  0.718], 
          [-0.512,  1.032,  0.046,  0.711], 
          [-0.457,  1.185,  0.056,  0.816]
        ]
    },
    {
        "id": 6,
        "keypoints3d": [
          [-0.447,  0.243,  1.015,  0.860], 
          [-0.266,  0.153,  0.925,  0.856], 
          [-0.148,  0.265,  0.918,  0.807], 
          [ 0.067,  0.205,  0.754,  0.819], 
          [-0.080,  0.304,  0.615,  0.784], 
          [-0.366,  0.033,  0.934,  0.822], 
          [-0.398, -0.225,  0.822,  0.874], 
          [-0.494, -0.082,  0.669,  0.816], 
          [-0.227,  0.050,  0.480,  0.738], 
          [-0.142,  0.125,  0.469,  0.702], 
          [-0.461,  0.431,  0.465,  0.773], 
          [-0.319,  0.438,  0.083,  0.733], 
          [-0.314, -0.011,  0.491,  0.706], 
          [-0.653,  0.266,  0.540,  0.877], 
          [-0.565,  0.234,  0.137,  0.718], 
          [-0.435,  0.287,  1.050,  0.646], 
          [-0.442,  0.222,  1.061,  0.820], 
          [-0.332,  0.322,  1.065,  0.625], 
          [-0.378,  0.163,  1.084,  0.822], 
          [-0.749,  0.261,  0.118,  0.754], 
          [-0.720,  0.210,  0.108,  0.749], 
          [-0.516,  0.237,  0.083,  0.695], 
          [-0.462,  0.519,  0.045,  0.673], 
          [-0.410,  0.538,  0.044,  0.671], 
          [-0.271,  0.412,  0.047,  0.624]
        ]
    }
]
