[
    {
        "id": 0,
        "keypoints3d": [
          [-1.015, -1.147,  1.520,  0.786], 
          [-1.091, -1.262,  1.347,  0.859], 
          [-0.960, -1.345,  1.344,  0.850], 
          [-0.977, -1.424,  1.087,  0.711], 
          [-1.064, -1.430,  0.894,  0.718], 
          [-1.237, -1.190,  1.359,  0.856], 
          [-1.283, -1.234,  1.099,  0.760], 
          [-1.264, -1.315,  0.921,  0.689], 
          [-1.089, -1.271,  0.840,  0.744], 
          [-1.004, -1.308,  0.831,  0.748], 
          [-1.025, -1.333,  0.453,  0.819], 
          [-1.067, -1.356,  0.109,  0.822], 
          [-1.174, -1.227,  0.845,  0.729], 
          [-1.192, -1.240,  0.463,  0.831], 
          [-1.247, -1.293,  0.091,  0.847], 
          [-0.984, -1.177,  1.555,  0.800], 
          [-1.050, -1.128,  1.565,  0.858], 
          [-0.984, -1.258,  1.536,  0.784], 
          [-1.125, -1.193,  1.566,  0.890], 
          [-1.191, -1.146,  0.041,  0.673], 
          [-1.239, -1.163,  0.048,  0.700], 
          [-1.260, -1.320,  0.044,  0.686], 
          [-0.986, -1.235,  0.085,  0.663], 
          [-0.962, -1.302,  0.075,  0.600], 
          [-1.083, -1.374,  0.052,  0.669]
        ]
    },
    {
        "id": 2,
        "keypoints3d": [
          [ 1.044, -1.315,  1.579,  0.885], 
          [ 1.135, -1.399,  1.385,  0.857], 
          [ 1.242, -1.279,  1.390,  0.806], 
          [ 1.128, -1.161,  1.183,  0.866], 
          [ 0.970, -1.351,  1.197,  0.808], 
          [ 1.013, -1.519,  1.380,  0.810], 
          [ 0.910, -1.442,  1.145,  0.854], 
          [ 1.066, -1.238,  1.177,  0.754], 
          [ 1.093, -1.350,  0.861,  0.724], 
          [ 1.152, -1.269,  0.863,  0.717], 
          [ 1.184, -1.296,  0.467,  0.761], 
          [ 1.238, -1.341,  0.069,  0.757], 
          [ 1.023, -1.433,  0.861,  0.702], 
          [ 1.037, -1.436,  0.473,  0.666], 
          [ 1.077, -1.469,  0.106,  0.753], 
          [ 1.074, -1.312,  1.625,  0.830], 
          [ 1.021, -1.348,  1.605,  0.877], 
          [ 1.173, -1.325,  1.607,  0.829], 
          [ 1.065, -1.437,  1.578,  0.873], 
          [ 0.972, -1.363,  0.061,  0.716], 
          [ 0.960, -1.438,  0.059,  0.723], 
          [ 1.111, -1.482,  0.051,  0.694], 
          [ 1.109, -1.236,  0.048,  0.716], 
          [ 1.182, -1.214,  0.040,  0.722], 
          [ 1.253, -1.382,  0.031,  0.614]
        ]
    },
    {
        "id": 4,
        "keypoints3d": [
          [-0.115,  0.859,  1.480,  0.783], 
          [-0.098,  1.022,  1.302,  0.882], 
          [-0.245,  0.968,  1.295,  0.853], 
          [-0.314,  0.981,  1.043,  0.786], 
          [-0.319,  0.900,  0.836,  0.906], 
          [ 0.030,  1.076,  1.313,  0.850], 
          [ 0.099,  1.119,  1.058,  0.846], 
          [ 0.145,  1.060,  0.835,  0.855], 
          [-0.094,  1.007,  0.787,  0.769], 
          [-0.182,  0.967,  0.784,  0.745], 
          [-0.127,  0.923,  0.421,  0.845], 
          [-0.124,  0.959,  0.097,  0.862], 
          [-0.004,  1.048,  0.790,  0.741], 
          [-0.014,  1.027,  0.425,  0.830], 
          [-0.138,  1.187,  0.116,  0.852], 
          [-0.155,  0.877,  1.524,  0.758], 
          [-0.092,  0.874,  1.527,  0.901], 
          [-0.181,  0.964,  1.509,  0.742], 
          [-0.026,  0.955,  1.520,  0.835], 
          [-0.041,  1.114,  0.046,  0.668], 
          [-0.044,  1.151,  0.051,  0.670], 
          [-0.174,  1.213,  0.092,  0.771], 
          [-0.102,  0.799,  0.046,  0.721], 
          [-0.132,  0.821,  0.033,  0.754], 
          [-0.110,  0.995,  0.054,  0.744]
        ]
    },
    {
        "id": 6,
        "keypoints3d": [
          [-0.801,  0.395,  1.552,  0.848], 
          [-0.629,  0.298,  1.412,  0.869], 
          [-0.523,  0.431,  1.421,  0.818], 
          [-0.467,  0.478,  1.150,  0.785], 
          [-0.490,  0.524,  0.916,  0.789], 
          [-0.728,  0.161,  1.401,  0.836], 
          [-0.778,  0.111,  1.132,  0.764], 
          [-0.877,  0.169,  0.900,  0.819], 
          [-0.582,  0.299,  0.897,  0.749], 
          [-0.529,  0.396,  0.897,  0.728], 
          [-0.584,  0.496,  0.512,  0.763], 
          [-0.580,  0.492,  0.100,  0.729], 
          [-0.639,  0.215,  0.893,  0.726], 
          [-0.661,  0.179,  0.512,  0.783], 
          [-0.588,  0.150,  0.110,  0.715], 
          [-0.783,  0.430,  1.592,  0.850], 
          [-0.803,  0.372,  1.576,  0.894], 
          [-0.672,  0.424,  1.603,  0.789], 
          [-0.763,  0.284,  1.592,  0.780], 
          [-0.741,  0.149,  0.036,  0.813], 
          [-0.721,  0.098,  0.039,  0.822], 
          [-0.532,  0.140,  0.058,  0.648], 
          [-0.675,  0.642,  0.043,  0.784], 
          [-0.629,  0.649,  0.052,  0.791], 
          [-0.573,  0.463,  0.062,  0.664]
        ]
    }
]
