[
    {
        "id": 0,
        "keypoints3d": [
          [-1.046, -1.136,  1.519,  0.815], 
          [-1.132, -1.256,  1.351,  0.869], 
          [-0.985, -1.336,  1.346,  0.856], 
          [-1.019, -1.412,  1.096,  0.736], 
          [-1.093, -1.405,  0.892,  0.770], 
          [-1.266, -1.182,  1.356,  0.835], 
          [-1.319, -1.225,  1.096,  0.790], 
          [-1.252, -1.322,  0.891,  0.676], 
          [-1.122, -1.260,  0.833,  0.747], 
          [-1.025, -1.290,  0.832,  0.746], 
          [-1.024, -1.312,  0.461,  0.830], 
          [-1.063, -1.355,  0.109,  0.860], 
          [-1.213, -1.218,  0.840,  0.717], 
          [-1.213, -1.256,  0.455,  0.827], 
          [-1.252, -1.297,  0.095,  0.845], 
          [-1.018, -1.168,  1.547,  0.801], 
          [-1.080, -1.129,  1.562,  0.833], 
          [-1.015, -1.256,  1.541,  0.772], 
          [-1.164, -1.173,  1.562,  0.845], 
          [-1.191, -1.151,  0.048,  0.651], 
          [-1.241, -1.165,  0.050,  0.678], 
          [-1.257, -1.330,  0.050,  0.677], 
          [-0.982, -1.227,  0.083,  0.719], 
          [-0.964, -1.280,  0.085,  0.709], 
          [-1.079, -1.369,  0.055,  0.709]
        ]
    },
    {
        "id": 2,
        "keypoints3d": [
          [ 1.045, -1.313,  1.577,  0.889], 
          [ 1.135, -1.399,  1.387,  0.857], 
          [ 1.243, -1.275,  1.390,  0.812], 
          [ 1.129, -1.158,  1.183,  0.796], 
          [ 0.966, -1.351,  1.194,  0.807], 
          [ 1.009, -1.515,  1.379,  0.808], 
          [ 0.909, -1.440,  1.144,  0.854], 
          [ 1.060, -1.240,  1.176,  0.764], 
          [ 1.090, -1.350,  0.868,  0.721], 
          [ 1.150, -1.270,  0.866,  0.717], 
          [ 1.182, -1.297,  0.472,  0.750], 
          [ 1.236, -1.341,  0.071,  0.755], 
          [ 1.023, -1.428,  0.865,  0.699], 
          [ 1.036, -1.435,  0.478,  0.655], 
          [ 1.077, -1.469,  0.104,  0.754], 
          [ 1.076, -1.296,  1.612,  0.835], 
          [ 1.028, -1.351,  1.602,  0.868], 
          [ 1.175, -1.324,  1.608,  0.828], 
          [ 1.065, -1.438,  1.575,  0.880], 
          [ 0.975, -1.361,  0.061,  0.718], 
          [ 0.965, -1.439,  0.058,  0.726], 
          [ 1.105, -1.479,  0.053,  0.693], 
          [ 1.115, -1.238,  0.044,  0.657], 
          [ 1.185, -1.219,  0.038,  0.662], 
          [ 1.251, -1.383,  0.031,  0.615]
        ]
    },
    {
        "id": 4,
        "keypoints3d": [
          [-0.112,  0.895,  1.482,  0.835], 
          [-0.111,  1.073,  1.295,  0.870], 
          [-0.238,  1.020,  1.301,  0.839], 
          [-0.322,  1.038,  1.058,  0.820], 
          [-0.357,  0.988,  0.831,  0.811], 
          [ 0.031,  1.128,  1.304,  0.849], 
          [ 0.095,  1.175,  1.056,  0.842], 
          [ 0.149,  1.123,  0.833,  0.870], 
          [-0.112,  1.062,  0.788,  0.779], 
          [-0.198,  1.018,  0.793,  0.753], 
          [-0.152,  0.963,  0.434,  0.823], 
          [-0.124,  0.957,  0.098,  0.799], 
          [-0.029,  1.102,  0.785,  0.763], 
          [-0.058,  1.110,  0.432,  0.830], 
          [-0.157,  1.207,  0.093,  0.869], 
          [-0.142,  0.919,  1.516,  0.794], 
          [-0.085,  0.930,  1.515,  0.889], 
          [-0.180,  1.004,  1.505,  0.772], 
          [-0.018,  1.025,  1.513,  0.841], 
          [-0.058,  1.121,  0.030,  0.727], 
          [-0.057,  1.158,  0.037,  0.708], 
          [-0.189,  1.224,  0.054,  0.765], 
          [-0.089,  0.802,  0.053,  0.722], 
          [-0.129,  0.815,  0.036,  0.663], 
          [-0.112,  0.984,  0.063,  0.793]
        ]
    },
    {
        "id": 6,
        "keypoints3d": [
          [-0.805,  0.339,  1.526,  0.885], 
          [-0.603,  0.249,  1.387,  0.848], 
          [-0.524,  0.397,  1.397,  0.820], 
          [-0.428,  0.414,  1.131,  0.899], 
          [-0.443,  0.442,  0.894,  0.897], 
          [-0.685,  0.108,  1.387,  0.839], 
          [-0.692,  0.011,  1.122,  0.804], 
          [-0.739,  0.033,  0.872,  0.795], 
          [-0.556,  0.238,  0.874,  0.746], 
          [-0.512,  0.337,  0.878,  0.736], 
          [-0.615,  0.412,  0.504,  0.772], 
          [-0.469,  0.464,  0.144,  0.831], 
          [-0.600,  0.144,  0.875,  0.733], 
          [-0.661,  0.140,  0.501,  0.752], 
          [-0.584,  0.141,  0.100,  0.751], 
          [-0.795,  0.360,  1.564,  0.817], 
          [-0.822,  0.292,  1.554,  0.705], 
          [-0.700,  0.393,  1.581,  0.681], 
          [-0.736,  0.237,  1.575,  0.825], 
          [-0.740,  0.139,  0.039,  0.827], 
          [-0.720,  0.095,  0.044,  0.845], 
          [-0.532,  0.143,  0.057,  0.667], 
          [-0.604,  0.526,  0.062,  0.798], 
          [-0.555,  0.552,  0.071,  0.819], 
          [-0.415,  0.447,  0.097,  0.768]
        ]
    }
]
