[
    {
        "id": 0,
        "keypoints3d": [
          [-1.041, -1.129,  1.520,  0.886], 
          [-1.123, -1.255,  1.350,  0.860], 
          [-0.978, -1.339,  1.347,  0.856], 
          [-1.004, -1.418,  1.088,  0.722], 
          [-1.088, -1.415,  0.887,  0.751], 
          [-1.259, -1.181,  1.359,  0.843], 
          [-1.312, -1.222,  1.098,  0.770], 
          [-1.250, -1.324,  0.901,  0.636], 
          [-1.108, -1.261,  0.836,  0.742], 
          [-1.016, -1.297,  0.833,  0.747], 
          [-1.022, -1.317,  0.457,  0.828], 
          [-1.061, -1.355,  0.102,  0.853], 
          [-1.201, -1.219,  0.841,  0.706], 
          [-1.205, -1.253,  0.458,  0.835], 
          [-1.250, -1.294,  0.090,  0.854], 
          [-1.009, -1.167,  1.550,  0.766], 
          [-1.068, -1.129,  1.561,  0.822], 
          [-1.007, -1.259,  1.534,  0.767], 
          [-1.146, -1.175,  1.560,  0.857], 
          [-1.189, -1.152,  0.047,  0.670], 
          [-1.244, -1.164,  0.047,  0.695], 
          [-1.259, -1.328,  0.048,  0.681], 
          [-0.982, -1.233,  0.079,  0.680], 
          [-0.959, -1.284,  0.081,  0.656], 
          [-1.076, -1.372,  0.049,  0.706]
        ]
    },
    {
        "id": 2,
        "keypoints3d": [
          [ 1.044, -1.316,  1.576,  0.886], 
          [ 1.133, -1.395,  1.385,  0.857], 
          [ 1.244, -1.274,  1.390,  0.809], 
          [ 1.128, -1.161,  1.183,  0.871], 
          [ 0.969, -1.349,  1.197,  0.813], 
          [ 1.009, -1.516,  1.381,  0.806], 
          [ 0.909, -1.442,  1.144,  0.851], 
          [ 1.061, -1.241,  1.176,  0.760], 
          [ 1.090, -1.352,  0.860,  0.716], 
          [ 1.149, -1.270,  0.863,  0.712], 
          [ 1.183, -1.296,  0.467,  0.812], 
          [ 1.237, -1.341,  0.060,  0.762], 
          [ 1.022, -1.429,  0.862,  0.694], 
          [ 1.036, -1.438,  0.473,  0.643], 
          [ 1.076, -1.472,  0.104,  0.840], 
          [ 1.076, -1.296,  1.615,  0.830], 
          [ 1.025, -1.357,  1.604,  0.870], 
          [ 1.172, -1.328,  1.607,  0.826], 
          [ 1.065, -1.438,  1.575,  0.875], 
          [ 0.974, -1.366,  0.057,  0.717], 
          [ 0.960, -1.437,  0.060,  0.727], 
          [ 1.109, -1.481,  0.052,  0.693], 
          [ 1.117, -1.238,  0.041,  0.729], 
          [ 1.185, -1.214,  0.036,  0.734], 
          [ 1.252, -1.382,  0.026,  0.626]
        ]
    },
    {
        "id": 4,
        "keypoints3d": [
          [-0.108,  0.890,  1.478,  0.897], 
          [-0.105,  1.053,  1.296,  0.866], 
          [-0.238,  1.008,  1.301,  0.844], 
          [-0.316,  1.009,  1.052,  0.874], 
          [-0.348,  0.954,  0.835,  0.881], 
          [ 0.035,  1.111,  1.304,  0.849], 
          [ 0.095,  1.164,  1.061,  0.847], 
          [ 0.147,  1.104,  0.834,  0.846], 
          [-0.104,  1.042,  0.791,  0.776], 
          [-0.191,  0.991,  0.788,  0.741], 
          [-0.140,  0.944,  0.423,  0.836], 
          [-0.123,  0.957,  0.092,  0.792], 
          [-0.020,  1.086,  0.788,  0.754], 
          [-0.042,  1.090,  0.431,  0.845], 
          [-0.155,  1.200,  0.096,  0.868], 
          [-0.144,  0.900,  1.520,  0.745], 
          [-0.084,  0.923,  1.520,  0.900], 
          [-0.183,  0.992,  1.510,  0.788], 
          [-0.014,  1.003,  1.516,  0.811], 
          [-0.058,  1.117,  0.030,  0.723], 
          [-0.055,  1.153,  0.044,  0.702], 
          [-0.187,  1.220,  0.060,  0.761], 
          [-0.092,  0.798,  0.054,  0.717], 
          [-0.124,  0.812,  0.043,  0.720], 
          [-0.108,  0.985,  0.063,  0.772]
        ]
    },
    {
        "id": 6,
        "keypoints3d": [
          [-0.802,  0.365,  1.543,  0.868], 
          [-0.610,  0.259,  1.399,  0.849], 
          [-0.524,  0.405,  1.404,  0.812], 
          [-0.435,  0.418,  1.138,  0.881], 
          [-0.454,  0.463,  0.903,  0.880], 
          [-0.700,  0.122,  1.395,  0.826], 
          [-0.732,  0.039,  1.129,  0.835], 
          [-0.799,  0.064,  0.886,  0.761], 
          [-0.566,  0.259,  0.886,  0.738], 
          [-0.517,  0.343,  0.887,  0.726], 
          [-0.597,  0.446,  0.515,  0.769], 
          [-0.506,  0.469,  0.127,  0.769], 
          [-0.614,  0.157,  0.877,  0.726], 
          [-0.664,  0.153,  0.509,  0.744], 
          [-0.589,  0.144,  0.104,  0.755], 
          [-0.782,  0.390,  1.574,  0.838], 
          [-0.812,  0.332,  1.568,  0.847], 
          [-0.679,  0.396,  1.595,  0.842], 
          [-0.747,  0.258,  1.580,  0.830], 
          [-0.739,  0.148,  0.036,  0.832], 
          [-0.722,  0.097,  0.042,  0.851], 
          [-0.532,  0.139,  0.058,  0.704], 
          [-0.638,  0.569,  0.061,  0.802], 
          [-0.586,  0.595,  0.070,  0.811], 
          [-0.468,  0.460,  0.073,  0.763]
        ]
    }
]
