[
    {
        "id": 0,
        "keypoints3d": [
          [-0.962, -1.163,  1.518,  0.897], 
          [-1.047, -1.281,  1.343,  0.858], 
          [-0.892, -1.362,  1.325,  0.835], 
          [-0.954, -1.427,  1.055,  0.837], 
          [-1.020, -1.430,  0.849,  0.690], 
          [-1.185, -1.200,  1.354,  0.854], 
          [-1.243, -1.245,  1.096,  0.783], 
          [-1.169, -1.367,  0.880,  0.779], 
          [-1.045, -1.278,  0.825,  0.747], 
          [-0.954, -1.337,  0.820,  0.717], 
          [-1.015, -1.358,  0.435,  0.782], 
          [-1.061, -1.361,  0.102,  0.826], 
          [-1.135, -1.224,  0.829,  0.730], 
          [-1.140, -1.197,  0.462,  0.802], 
          [-1.222, -1.295,  0.098,  0.774], 
          [-0.932, -1.194,  1.543,  0.779], 
          [-0.988, -1.164,  1.555,  0.825], 
          [-0.920, -1.277,  1.529,  0.769], 
          [-1.070, -1.206,  1.559,  0.858], 
          [-1.189, -1.146,  0.045,  0.726], 
          [-1.231, -1.164,  0.049,  0.750], 
          [-1.230, -1.332,  0.050,  0.670], 
          [-0.973, -1.260,  0.068,  0.723], 
          [-0.950, -1.321,  0.071,  0.714], 
          [-1.073, -1.380,  0.046,  0.673]
        ]
    },
    {
        "id": 2,
        "keypoints3d": [
          [-0.663,  0.570,  1.585,  0.883], 
          [-0.624,  0.492,  1.415,  0.852], 
          [-0.503,  0.581,  1.418,  0.845], 
          [-0.464,  0.617,  1.145,  0.750], 
          [-0.487,  0.660,  0.893,  0.819], 
          [-0.733,  0.370,  1.420,  0.855], 
          [-0.795,  0.368,  1.155,  0.741], 
          [-0.821,  0.450,  0.958,  0.721], 
          [-0.641,  0.490,  0.884,  0.731], 
          [-0.556,  0.552,  0.885,  0.690], 
          [-0.594,  0.563,  0.490,  0.740], 
          [-0.638,  0.508,  0.100,  0.760], 
          [-0.729,  0.448,  0.886,  0.742], 
          [-0.802,  0.401,  0.525,  0.787], 
          [-0.683,  0.284,  0.151,  0.718], 
          [-0.640,  0.566,  1.613,  0.778], 
          [-0.635,  0.474,  1.600,  0.861], 
          [-0.591,  0.592,  1.623,  0.794], 
          [-0.759,  0.523,  1.627,  0.775], 
          [-0.800,  0.311,  0.038,  0.799], 
          [-0.795,  0.255,  0.051,  0.788], 
          [-0.626,  0.274,  0.117,  0.609], 
          [-0.688,  0.660,  0.050,  0.814], 
          [-0.649,  0.649,  0.041,  0.837], 
          [-0.630,  0.472,  0.055,  0.654]
        ]
    },
    {
        "id": 4,
        "keypoints3d": [
          [ 1.032, -1.324,  1.581,  0.883], 
          [ 1.133, -1.402,  1.388,  0.858], 
          [ 1.241, -1.282,  1.394,  0.809], 
          [ 1.128, -1.159,  1.188,  0.866], 
          [ 0.970, -1.352,  1.197,  0.786], 
          [ 1.005, -1.524,  1.380,  0.809], 
          [ 0.909, -1.445,  1.143,  0.773], 
          [ 1.061, -1.248,  1.176,  0.684], 
          [ 1.093, -1.355,  0.865,  0.719], 
          [ 1.149, -1.274,  0.872,  0.712], 
          [ 1.179, -1.305,  0.476,  0.764], 
          [ 1.235, -1.347,  0.087,  0.793], 
          [ 1.020, -1.436,  0.865,  0.698], 
          [ 1.040, -1.433,  0.477,  0.719], 
          [ 1.074, -1.466,  0.106,  0.761], 
          [ 1.078, -1.302,  1.615,  0.813], 
          [ 1.016, -1.362,  1.608,  0.868], 
          [ 1.172, -1.328,  1.605,  0.903], 
          [ 1.063, -1.440,  1.577,  0.864], 
          [ 0.981, -1.356,  0.059,  0.718], 
          [ 0.963, -1.431,  0.060,  0.725], 
          [ 1.108, -1.486,  0.052,  0.702], 
          [ 1.115, -1.245,  0.053,  0.655], 
          [ 1.178, -1.220,  0.048,  0.655], 
          [ 1.248, -1.385,  0.041,  0.611]
        ]
    },
    {
        "id": 6,
        "keypoints3d": [
          [-0.112,  0.760,  1.472,  0.888], 
          [-0.080,  0.929,  1.305,  0.852], 
          [-0.220,  0.913,  1.303,  0.838], 
          [-0.288,  0.920,  1.065,  0.800], 
          [-0.305,  0.842,  0.856,  0.844], 
          [ 0.070,  0.965,  1.320,  0.818], 
          [ 0.142,  0.987,  1.081,  0.773], 
          [ 0.171,  0.932,  0.862,  0.876], 
          [-0.077,  0.925,  0.785,  0.755], 
          [-0.178,  0.915,  0.785,  0.759], 
          [-0.136,  0.924,  0.414,  0.804], 
          [-0.116,  0.961,  0.081,  0.798], 
          [ 0.023,  0.944,  0.792,  0.741], 
          [ 0.042,  0.915,  0.436,  0.798], 
          [ 0.057,  0.956,  0.091,  0.829], 
          [-0.147,  0.778,  1.516,  0.824], 
          [-0.086,  0.793,  1.514,  0.850], 
          [-0.171,  0.878,  1.516,  0.770], 
          [-0.002,  0.856,  1.522,  0.856], 
          [ 0.063,  0.800,  0.065,  0.679], 
          [ 0.112,  0.830,  0.062,  0.693], 
          [ 0.055,  0.999,  0.060,  0.694], 
          [-0.111,  0.824,  0.041,  0.664], 
          [-0.140,  0.850,  0.037,  0.657], 
          [-0.098,  0.992,  0.042,  0.650]
        ]
    }
]
