[
    {
        "id": 0,
        "keypoints3d": [
          [-1.024, -1.142,  1.521,  0.871], 
          [-1.098, -1.264,  1.348,  0.854], 
          [-0.964, -1.346,  1.345,  0.851], 
          [-0.993, -1.427,  1.089,  0.799], 
          [-1.075, -1.425,  0.892,  0.748], 
          [-1.239, -1.190,  1.359,  0.851], 
          [-1.289, -1.238,  1.102,  0.755], 
          [-1.261, -1.321,  0.921,  0.647], 
          [-1.098, -1.270,  0.837,  0.738], 
          [-1.010, -1.306,  0.832,  0.746], 
          [-1.025, -1.330,  0.452,  0.826], 
          [-1.067, -1.356,  0.105,  0.823], 
          [-1.178, -1.226,  0.842,  0.722], 
          [-1.193, -1.240,  0.463,  0.825], 
          [-1.249, -1.293,  0.089,  0.846], 
          [-0.989, -1.175,  1.555,  0.807], 
          [-1.051, -1.128,  1.565,  0.868], 
          [-0.989, -1.256,  1.536,  0.785], 
          [-1.131, -1.187,  1.567,  0.882], 
          [-1.191, -1.145,  0.041,  0.675], 
          [-1.238, -1.163,  0.045,  0.699], 
          [-1.258, -1.321,  0.043,  0.685], 
          [-0.980, -1.235,  0.084,  0.644], 
          [-0.961, -1.302,  0.070,  0.587], 
          [-1.085, -1.372,  0.052,  0.673]
        ]
    },
    {
        "id": 2,
        "keypoints3d": [
          [ 1.044, -1.315,  1.578,  0.886], 
          [ 1.135, -1.399,  1.385,  0.857], 
          [ 1.242, -1.278,  1.391,  0.807], 
          [ 1.128, -1.161,  1.183,  0.868], 
          [ 0.970, -1.350,  1.196,  0.812], 
          [ 1.010, -1.518,  1.380,  0.809], 
          [ 0.910, -1.442,  1.146,  0.850], 
          [ 1.063, -1.240,  1.177,  0.752], 
          [ 1.091, -1.350,  0.861,  0.717], 
          [ 1.148, -1.269,  0.866,  0.708], 
          [ 1.179, -1.299,  0.472,  0.795], 
          [ 1.233, -1.346,  0.076,  0.724], 
          [ 1.022, -1.434,  0.863,  0.701], 
          [ 1.039, -1.438,  0.472,  0.691], 
          [ 1.075, -1.471,  0.104,  0.842], 
          [ 1.074, -1.312,  1.625,  0.831], 
          [ 1.023, -1.348,  1.604,  0.876], 
          [ 1.172, -1.327,  1.607,  0.814], 
          [ 1.065, -1.437,  1.578,  0.873], 
          [ 0.972, -1.363,  0.061,  0.718], 
          [ 0.960, -1.437,  0.060,  0.724], 
          [ 1.111, -1.482,  0.051,  0.695], 
          [ 1.106, -1.237,  0.058,  0.812], 
          [ 1.176, -1.218,  0.052,  0.809], 
          [ 1.251, -1.386,  0.039,  0.668]
        ]
    },
    {
        "id": 4,
        "keypoints3d": [
          [-0.175,  0.904,  1.498,  0.772], 
          [-0.100,  1.029,  1.301,  0.884], 
          [-0.243,  0.971,  1.296,  0.844], 
          [-0.310,  0.985,  1.043,  0.844], 
          [-0.320,  0.906,  0.832,  0.881], 
          [ 0.030,  1.087,  1.313,  0.859], 
          [ 0.100,  1.136,  1.061,  0.835], 
          [ 0.146,  1.073,  0.839,  0.853], 
          [-0.093,  1.010,  0.785,  0.772], 
          [-0.180,  0.965,  0.782,  0.756], 
          [-0.124,  0.926,  0.413,  0.823], 
          [-0.120,  0.960,  0.094,  0.862], 
          [-0.002,  1.049,  0.787,  0.741], 
          [-0.027,  1.042,  0.427,  0.836], 
          [-0.138,  1.191,  0.114,  0.857], 
          [-0.230,  0.935,  1.564,  0.792], 
          [-0.094,  0.899,  1.528,  0.901], 
          [-0.217,  0.995,  1.558,  0.753], 
          [-0.024,  0.962,  1.519,  0.811], 
          [-0.043,  1.111,  0.043,  0.693], 
          [-0.046,  1.147,  0.046,  0.693], 
          [-0.172,  1.213,  0.082,  0.770], 
          [-0.092,  0.801,  0.045,  0.728], 
          [-0.124,  0.817,  0.037,  0.745], 
          [-0.110,  0.993,  0.061,  0.750]
        ]
    },
    {
        "id": 6,
        "keypoints3d": [
          [-0.804,  0.393,  1.552,  0.854], 
          [-0.628,  0.288,  1.409,  0.867], 
          [-0.522,  0.422,  1.417,  0.811], 
          [-0.471,  0.472,  1.149,  0.768], 
          [-0.495,  0.516,  0.912,  0.841], 
          [-0.727,  0.151,  1.401,  0.836], 
          [-0.772,  0.099,  1.122,  0.810], 
          [-0.877,  0.161,  0.896,  0.815], 
          [-0.576,  0.293,  0.894,  0.751], 
          [-0.528,  0.386,  0.895,  0.720], 
          [-0.596,  0.489,  0.518,  0.745], 
          [-0.576,  0.495,  0.102,  0.797], 
          [-0.629,  0.207,  0.887,  0.721], 
          [-0.658,  0.176,  0.513,  0.769], 
          [-0.586,  0.147,  0.110,  0.693], 
          [-0.785,  0.427,  1.592,  0.847], 
          [-0.808,  0.369,  1.580,  0.893], 
          [-0.674,  0.411,  1.604,  0.886], 
          [-0.762,  0.283,  1.588,  0.818], 
          [-0.742,  0.151,  0.037,  0.814], 
          [-0.721,  0.097,  0.041,  0.826], 
          [-0.535,  0.138,  0.057,  0.710], 
          [-0.673,  0.638,  0.045,  0.803], 
          [-0.628,  0.648,  0.054,  0.799], 
          [-0.557,  0.466,  0.055,  0.664]
        ]
    }
]
