[
    {
        "id": 0,
        "keypoints3d": [
          [-1.136, -1.134,  1.515,  0.893], 
          [-1.205, -1.261,  1.341,  0.879], 
          [-1.063, -1.318,  1.339,  0.880], 
          [-1.062, -1.386,  1.072,  0.799], 
          [-1.135, -1.374,  0.871,  0.689], 
          [-1.358, -1.188,  1.352,  0.845], 
          [-1.414, -1.229,  1.094,  0.798], 
          [-1.323, -1.339,  0.883,  0.602], 
          [-1.190, -1.233,  0.823,  0.767], 
          [-1.097, -1.259,  0.823,  0.740], 
          [-1.051, -1.253,  0.465,  0.861], 
          [-1.059, -1.350,  0.106,  0.830], 
          [-1.293, -1.207,  0.823,  0.744], 
          [-1.273, -1.244,  0.444,  0.801], 
          [-1.248, -1.303,  0.078,  0.851], 
          [-1.114, -1.166,  1.542,  0.756], 
          [-1.175, -1.132,  1.550,  0.837], 
          [-1.096, -1.252,  1.531,  0.783], 
          [-1.244, -1.188,  1.543,  0.842], 
          [-1.193, -1.151,  0.036,  0.764], 
          [-1.243, -1.161,  0.042,  0.783], 
          [-1.255, -1.333,  0.031,  0.695], 
          [-0.962, -1.240,  0.069,  0.724], 
          [-0.945, -1.294,  0.078,  0.773], 
          [-1.083, -1.376,  0.051,  0.697]
        ]
    },
    {
        "id": 2,
        "keypoints3d": [
          [-0.124,  1.028,  1.488,  0.846], 
          [-0.115,  1.180,  1.297,  0.884], 
          [-0.265,  1.142,  1.309,  0.852], 
          [-0.365,  1.178,  1.071,  0.859], 
          [-0.396,  1.106,  0.856,  0.861], 
          [ 0.033,  1.217,  1.290,  0.837], 
          [ 0.113,  1.265,  1.062,  0.851], 
          [ 0.162,  1.186,  0.856,  0.848], 
          [-0.149,  1.161,  0.796,  0.771], 
          [-0.241,  1.119,  0.803,  0.750], 
          [-0.261,  0.988,  0.487,  0.806], 
          [-0.352,  1.067,  0.129,  0.813], 
          [-0.053,  1.205,  0.787,  0.736], 
          [-0.103,  1.218,  0.434,  0.806], 
          [-0.158,  1.218,  0.096,  0.858], 
          [-0.155,  1.054,  1.535,  0.827], 
          [-0.079,  1.046,  1.540,  0.866], 
          [-0.185,  1.134,  1.508,  0.746], 
          [-0.018,  1.136,  1.520,  0.818], 
          [-0.059,  1.129,  0.042,  0.693], 
          [-0.050,  1.170,  0.048,  0.701], 
          [-0.192,  1.227,  0.053,  0.734], 
          [-0.374,  0.932,  0.055,  0.658], 
          [-0.405,  0.955,  0.067,  0.697], 
          [-0.361,  1.114,  0.100,  0.743]
        ]
    },
    {
        "id": 4,
        "keypoints3d": [
          [ 1.048, -1.307,  1.577,  0.890], 
          [ 1.137, -1.389,  1.387,  0.862], 
          [ 1.247, -1.279,  1.391,  0.814], 
          [ 1.138, -1.157,  1.182,  0.805], 
          [ 0.973, -1.352,  1.194,  0.787], 
          [ 1.002, -1.505,  1.383,  0.811], 
          [ 0.909, -1.436,  1.146,  0.866], 
          [ 1.067, -1.240,  1.175,  0.767], 
          [ 1.092, -1.350,  0.867,  0.730], 
          [ 1.153, -1.267,  0.868,  0.718], 
          [ 1.178, -1.302,  0.482,  0.731], 
          [ 1.238, -1.351,  0.089,  0.781], 
          [ 1.020, -1.424,  0.866,  0.713], 
          [ 1.037, -1.429,  0.478,  0.693], 
          [ 1.077, -1.468,  0.101,  0.753], 
          [ 1.079, -1.289,  1.614,  0.821], 
          [ 1.031, -1.344,  1.603,  0.875], 
          [ 1.177, -1.314,  1.606,  0.883], 
          [ 1.057, -1.449,  1.581,  0.859], 
          [ 0.972, -1.363,  0.058,  0.717], 
          [ 0.963, -1.435,  0.056,  0.725], 
          [ 1.105, -1.482,  0.049,  0.699], 
          [ 1.112, -1.239,  0.053,  0.815], 
          [ 1.176, -1.218,  0.052,  0.809], 
          [ 1.252, -1.380,  0.041,  0.669]
        ]
    },
    {
        "id": 6,
        "keypoints3d": [
          [-0.777,  0.288,  1.065,  0.840], 
          [-0.528,  0.245,  1.026,  0.861], 
          [-0.473,  0.387,  1.023,  0.791], 
          [-0.252,  0.431,  0.908,  0.710], 
          [-0.233,  0.397,  0.688,  0.893], 
          [-0.577,  0.092,  1.027,  0.759], 
          [-0.442, -0.125,  0.934,  0.877], 
          [-0.406, -0.157,  0.693,  0.768], 
          [-0.380,  0.152,  0.609,  0.796], 
          [-0.341,  0.250,  0.599,  0.766], 
          [-0.627,  0.347,  0.376,  0.822], 
          [-0.373,  0.397,  0.089,  0.824], 
          [-0.420,  0.053,  0.622,  0.768], 
          [-0.746,  0.124,  0.464,  0.898], 
          [-0.581,  0.143,  0.098,  0.844], 
          [-0.772,  0.318,  1.096,  0.834], 
          [-0.783,  0.265,  1.111,  0.843], 
          [-0.706,  0.368,  1.125,  0.758], 
          [-0.715,  0.230,  1.139,  0.797], 
          [-0.741,  0.145,  0.042,  0.827], 
          [-0.719,  0.104,  0.041,  0.813], 
          [-0.519,  0.142,  0.058,  0.710], 
          [-0.523,  0.455,  0.037,  0.785], 
          [-0.474,  0.477,  0.037,  0.776], 
          [-0.311,  0.397,  0.066,  0.653]
        ]
    }
]
