[
    {
        "id": 0,
        "keypoints3d": [
          [-1.004, -1.145,  1.521,  0.781], 
          [-1.080, -1.271,  1.348,  0.857], 
          [-0.952, -1.351,  1.346,  0.842], 
          [-0.965, -1.416,  1.088,  0.708], 
          [-1.053, -1.438,  0.897,  0.701], 
          [-1.230, -1.196,  1.360,  0.858], 
          [-1.274, -1.238,  1.097,  0.765], 
          [-1.248, -1.335,  0.910,  0.667], 
          [-1.075, -1.270,  0.836,  0.749], 
          [-0.998, -1.321,  0.831,  0.731], 
          [-1.027, -1.342,  0.447,  0.789], 
          [-1.070, -1.356,  0.110,  0.815], 
          [-1.163, -1.224,  0.838,  0.743], 
          [-1.184, -1.233,  0.463,  0.841], 
          [-1.250, -1.291,  0.093,  0.847], 
          [-0.974, -1.169,  1.553,  0.763], 
          [-1.044, -1.132,  1.568,  0.884], 
          [-0.982, -1.260,  1.536,  0.805], 
          [-1.119, -1.190,  1.566,  0.886], 
          [-1.187, -1.146,  0.042,  0.700], 
          [-1.241, -1.164,  0.046,  0.720], 
          [-1.264, -1.321,  0.045,  0.695], 
          [-0.982, -1.243,  0.073,  0.668], 
          [-0.963, -1.316,  0.064,  0.608], 
          [-1.090, -1.374,  0.056,  0.656]
        ]
    },
    {
        "id": 2,
        "keypoints3d": [
          [ 1.044, -1.312,  1.579,  0.886], 
          [ 1.134, -1.402,  1.386,  0.857], 
          [ 1.243, -1.279,  1.390,  0.805], 
          [ 1.128, -1.161,  1.183,  0.869], 
          [ 0.971, -1.353,  1.197,  0.807], 
          [ 1.013, -1.519,  1.380,  0.808], 
          [ 0.909, -1.441,  1.145,  0.854], 
          [ 1.064, -1.238,  1.176,  0.756], 
          [ 1.094, -1.351,  0.865,  0.726], 
          [ 1.152, -1.269,  0.864,  0.719], 
          [ 1.181, -1.300,  0.472,  0.743], 
          [ 1.235, -1.346,  0.082,  0.719], 
          [ 1.023, -1.432,  0.864,  0.704], 
          [ 1.041, -1.435,  0.475,  0.713], 
          [ 1.076, -1.469,  0.104,  0.755], 
          [ 1.074, -1.312,  1.625,  0.836], 
          [ 1.021, -1.354,  1.608,  0.874], 
          [ 1.172, -1.324,  1.608,  0.823], 
          [ 1.065, -1.437,  1.578,  0.866], 
          [ 0.976, -1.362,  0.061,  0.712], 
          [ 0.960, -1.436,  0.062,  0.721], 
          [ 1.111, -1.482,  0.051,  0.699], 
          [ 1.112, -1.240,  0.053,  0.722], 
          [ 1.182, -1.222,  0.047,  0.732], 
          [ 1.248, -1.381,  0.040,  0.674]
        ]
    },
    {
        "id": 4,
        "keypoints3d": [
          [-0.111,  0.844,  1.486,  0.800], 
          [-0.101,  1.016,  1.300,  0.881], 
          [-0.248,  0.961,  1.296,  0.867], 
          [-0.311,  0.965,  1.046,  0.776], 
          [-0.315,  0.890,  0.837,  0.897], 
          [ 0.029,  1.060,  1.313,  0.854], 
          [ 0.096,  1.100,  1.061,  0.845], 
          [ 0.144,  1.042,  0.838,  0.851], 
          [-0.092,  0.994,  0.792,  0.772], 
          [-0.183,  0.959,  0.790,  0.747], 
          [-0.137,  0.924,  0.420,  0.822], 
          [-0.121,  0.958,  0.095,  0.843], 
          [ 0.003,  1.035,  0.791,  0.750], 
          [ 0.004,  1.012,  0.437,  0.829], 
          [-0.122,  1.177,  0.136,  0.861], 
          [-0.157,  0.870,  1.525,  0.786], 
          [-0.090,  0.868,  1.528,  0.915], 
          [-0.180,  0.953,  1.513,  0.765], 
          [-0.029,  0.948,  1.520,  0.841], 
          [-0.030,  1.103,  0.054,  0.670], 
          [-0.039,  1.147,  0.055,  0.675], 
          [-0.162,  1.213,  0.105,  0.770], 
          [-0.103,  0.805,  0.042,  0.752], 
          [-0.123,  0.820,  0.036,  0.764], 
          [-0.106,  0.989,  0.060,  0.734]
        ]
    },
    {
        "id": 6,
        "keypoints3d": [
          [-0.796,  0.440,  1.563,  0.878], 
          [-0.628,  0.312,  1.413,  0.882], 
          [-0.520,  0.436,  1.422,  0.824], 
          [-0.457,  0.482,  1.151,  0.787], 
          [-0.481,  0.526,  0.913,  0.807], 
          [-0.743,  0.193,  1.408,  0.850], 
          [-0.800,  0.145,  1.134,  0.804], 
          [-0.899,  0.223,  0.916,  0.823], 
          [-0.598,  0.325,  0.883,  0.747], 
          [-0.535,  0.405,  0.886,  0.722], 
          [-0.595,  0.502,  0.486,  0.774], 
          [-0.618,  0.489,  0.092,  0.717], 
          [-0.651,  0.239,  0.883,  0.728], 
          [-0.674,  0.203,  0.507,  0.763], 
          [-0.586,  0.147,  0.117,  0.729], 
          [-0.772,  0.443,  1.589,  0.794], 
          [-0.824,  0.403,  1.588,  0.726], 
          [-0.668,  0.439,  1.606,  0.786], 
          [-0.779,  0.320,  1.610,  0.840], 
          [-0.748,  0.150,  0.043,  0.782], 
          [-0.726,  0.099,  0.041,  0.797], 
          [-0.534,  0.137,  0.064,  0.674], 
          [-0.687,  0.661,  0.048,  0.769], 
          [-0.648,  0.653,  0.041,  0.704], 
          [-0.614,  0.466,  0.046,  0.713]
        ]
    }
]
