[
    {
        "id": 0,
        "keypoints3d": [
          [ 1.047, -1.311,  1.577,  0.890], 
          [ 1.137, -1.389,  1.386,  0.863], 
          [ 1.243, -1.279,  1.390,  0.809], 
          [ 1.134, -1.157,  1.181,  0.799], 
          [ 0.967, -1.342,  1.189,  0.817], 
          [ 1.003, -1.506,  1.381,  0.810], 
          [ 0.911, -1.440,  1.146,  0.861], 
          [ 1.064, -1.235,  1.175,  0.761], 
          [ 1.092, -1.350,  0.867,  0.726], 
          [ 1.150, -1.269,  0.868,  0.711], 
          [ 1.178, -1.295,  0.478,  0.806], 
          [ 1.235, -1.344,  0.081,  0.719], 
          [ 1.020, -1.425,  0.863,  0.713], 
          [ 1.033, -1.435,  0.477,  0.681], 
          [ 1.073, -1.470,  0.102,  0.841], 
          [ 1.083, -1.291,  1.614,  0.828], 
          [ 1.030, -1.339,  1.603,  0.875], 
          [ 1.178, -1.312,  1.605,  0.879], 
          [ 1.054, -1.446,  1.582,  0.860], 
          [ 0.974, -1.367,  0.057,  0.717], 
          [ 0.965, -1.438,  0.056,  0.729], 
          [ 1.108, -1.482,  0.052,  0.701], 
          [ 1.106, -1.236,  0.055,  0.817], 
          [ 1.176, -1.218,  0.052,  0.812], 
          [ 1.251, -1.380,  0.041,  0.678]
        ]
    },
    {
        "id": 2,
        "keypoints3d": [
          [-1.101, -1.133,  1.518,  0.892], 
          [-1.187, -1.257,  1.347,  0.863], 
          [-1.047, -1.317,  1.344,  0.863], 
          [-1.041, -1.390,  1.077,  0.799], 
          [-1.140, -1.383,  0.869,  0.767], 
          [-1.331, -1.176,  1.355,  0.842], 
          [-1.380, -1.208,  1.097,  0.757], 
          [-1.324, -1.319,  0.911,  0.559], 
          [-1.168, -1.234,  0.823,  0.757], 
          [-1.074, -1.267,  0.825,  0.756], 
          [-1.047, -1.257,  0.464,  0.865], 
          [-1.061, -1.351,  0.115,  0.849], 
          [-1.267, -1.212,  0.821,  0.741], 
          [-1.253, -1.253,  0.443,  0.797], 
          [-1.245, -1.304,  0.079,  0.851], 
          [-1.076, -1.149,  1.544,  0.781], 
          [-1.135, -1.118,  1.553,  0.809], 
          [-1.069, -1.251,  1.530,  0.787], 
          [-1.212, -1.175,  1.551,  0.885], 
          [-1.192, -1.147,  0.043,  0.757], 
          [-1.244, -1.160,  0.043,  0.771], 
          [-1.253, -1.334,  0.032,  0.682], 
          [-0.973, -1.242,  0.074,  0.715], 
          [-0.957, -1.294,  0.077,  0.792], 
          [-1.078, -1.372,  0.062,  0.692]
        ]
    },
    {
        "id": 4,
        "keypoints3d": [
          [-0.109,  0.985,  1.485,  0.891], 
          [-0.105,  1.149,  1.296,  0.869], 
          [-0.248,  1.110,  1.309,  0.847], 
          [-0.354,  1.145,  1.073,  0.847], 
          [-0.389,  1.081,  0.862,  0.846], 
          [ 0.035,  1.191,  1.289,  0.834], 
          [ 0.110,  1.248,  1.056,  0.818], 
          [ 0.161,  1.175,  0.855,  0.818], 
          [-0.143,  1.141,  0.797,  0.775], 
          [-0.237,  1.107,  0.803,  0.754], 
          [-0.209,  0.983,  0.472,  0.776], 
          [-0.187,  0.971,  0.109,  0.785], 
          [-0.053,  1.178,  0.790,  0.748], 
          [-0.114,  1.205,  0.429,  0.827], 
          [-0.158,  1.218,  0.089,  0.807], 
          [-0.132,  1.008,  1.523,  0.833], 
          [-0.072,  1.019,  1.522,  0.879], 
          [-0.172,  1.104,  1.505,  0.713], 
          [-0.016,  1.094,  1.509,  0.772], 
          [-0.060,  1.120,  0.028,  0.692], 
          [-0.056,  1.160,  0.037,  0.655], 
          [-0.193,  1.224,  0.042,  0.765], 
          [-0.185,  0.822,  0.065,  0.718], 
          [-0.210,  0.840,  0.073,  0.733], 
          [-0.179,  1.009,  0.070,  0.769]
        ]
    },
    {
        "id": 6,
        "keypoints3d": [
          [-0.818,  0.248,  1.340,  0.739], 
          [-0.573,  0.238,  1.252,  0.865], 
          [-0.529,  0.390,  1.258,  0.816], 
          [-0.380,  0.420,  1.024,  0.864], 
          [-0.400,  0.476,  0.730,  0.863], 
          [-0.628,  0.090,  1.249,  0.805], 
          [-0.549, -0.055,  1.023,  0.775], 
          [-0.477, -0.117,  0.791,  0.757], 
          [-0.465,  0.189,  0.773,  0.783], 
          [-0.427,  0.284,  0.773,  0.756], 
          [-0.589,  0.357,  0.426,  0.749], 
          [-0.376,  0.400,  0.093,  0.678], 
          [-0.506,  0.088,  0.780,  0.757], 
          [-0.722,  0.125,  0.482,  0.811], 
          [-0.578,  0.143,  0.097,  0.847], 
          [-0.802,  0.301,  1.384,  0.670], 
          [-0.818,  0.243,  1.385,  0.585], 
          [-0.722,  0.358,  1.407,  0.762], 
          [-0.749,  0.209,  1.408,  0.851], 
          [-0.741,  0.140,  0.045,  0.835], 
          [-0.721,  0.102,  0.044,  0.827], 
          [-0.519,  0.138,  0.051,  0.738], 
          [-0.519,  0.455,  0.039,  0.737], 
          [-0.468,  0.482,  0.042,  0.737], 
          [-0.331,  0.404,  0.074,  0.595]
        ]
    }
]
