[
    {
        "id": 0,
        "keypoints3d": [
          [-1.133, -1.141,  1.517,  0.901], 
          [-1.205, -1.267,  1.342,  0.877], 
          [-1.059, -1.326,  1.340,  0.866], 
          [-1.055, -1.397,  1.077,  0.794], 
          [-1.152, -1.386,  0.875,  0.709], 
          [-1.356, -1.194,  1.352,  0.839], 
          [-1.414, -1.233,  1.095,  0.775], 
          [-1.322, -1.309,  0.864,  0.567], 
          [-1.194, -1.233,  0.835,  0.758], 
          [-1.095, -1.260,  0.834,  0.748], 
          [-1.046, -1.254,  0.470,  0.870], 
          [-1.042, -1.349,  0.108,  0.826], 
          [-1.296, -1.210,  0.831,  0.734], 
          [-1.277, -1.243,  0.444,  0.841], 
          [-1.242, -1.298,  0.080,  0.854], 
          [-1.117, -1.178,  1.540,  0.868], 
          [-1.173, -1.132,  1.550,  0.854], 
          [-1.099, -1.269,  1.531,  0.802], 
          [-1.241, -1.196,  1.542,  0.869], 
          [-1.199, -1.152,  0.039,  0.761], 
          [-1.245, -1.165,  0.042,  0.790], 
          [-1.251, -1.336,  0.032,  0.703], 
          [-0.943, -1.248,  0.073,  0.726], 
          [-0.924, -1.293,  0.083,  0.706], 
          [-1.051, -1.366,  0.062,  0.713]
        ]
    },
    {
        "id": 2,
        "keypoints3d": [
          [ 1.043, -1.311,  1.577,  0.886], 
          [ 1.133, -1.391,  1.387,  0.862], 
          [ 1.247, -1.278,  1.391,  0.808], 
          [ 1.141, -1.156,  1.180,  0.812], 
          [ 0.974, -1.354,  1.199,  0.792], 
          [ 0.998, -1.502,  1.382,  0.814], 
          [ 0.905, -1.430,  1.147,  0.862], 
          [ 1.075, -1.232,  1.174,  0.770], 
          [ 1.095, -1.348,  0.868,  0.726], 
          [ 1.153, -1.265,  0.870,  0.711], 
          [ 1.183, -1.299,  0.484,  0.806], 
          [ 1.238, -1.348,  0.091,  0.784], 
          [ 1.021, -1.426,  0.865,  0.714], 
          [ 1.040, -1.433,  0.481,  0.715], 
          [ 1.074, -1.472,  0.097,  0.842], 
          [ 1.076, -1.295,  1.615,  0.818], 
          [ 1.027, -1.349,  1.606,  0.864], 
          [ 1.176, -1.314,  1.607,  0.889], 
          [ 1.053, -1.446,  1.580,  0.857], 
          [ 0.969, -1.360,  0.059,  0.714], 
          [ 0.958, -1.431,  0.059,  0.717], 
          [ 1.106, -1.484,  0.047,  0.703], 
          [ 1.116, -1.240,  0.050,  0.729], 
          [ 1.182, -1.223,  0.046,  0.734], 
          [ 1.251, -1.382,  0.042,  0.669]
        ]
    },
    {
        "id": 4,
        "keypoints3d": [
          [-0.141,  1.037,  1.490,  0.834], 
          [-0.134,  1.186,  1.297,  0.868], 
          [-0.289,  1.151,  1.305,  0.864], 
          [-0.382,  1.173,  1.068,  0.866], 
          [-0.416,  1.111,  0.853,  0.855], 
          [ 0.000,  1.232,  1.293,  0.852], 
          [ 0.083,  1.268,  1.062,  0.802], 
          [ 0.128,  1.198,  0.857,  0.811], 
          [-0.164,  1.170,  0.789,  0.774], 
          [-0.259,  1.129,  0.795,  0.746], 
          [-0.322,  1.036,  0.479,  0.814], 
          [-0.441,  1.121,  0.126,  0.868], 
          [-0.066,  1.206,  0.783,  0.746], 
          [-0.106,  1.223,  0.433,  0.787], 
          [-0.159,  1.218,  0.096,  0.873], 
          [-0.167,  1.057,  1.537,  0.844], 
          [-0.099,  1.061,  1.536,  0.866], 
          [-0.206,  1.146,  1.510,  0.840], 
          [-0.039,  1.148,  1.510,  0.796], 
          [-0.061,  1.132,  0.037,  0.747], 
          [-0.050,  1.174,  0.052,  0.774], 
          [-0.188,  1.227,  0.050,  0.739], 
          [-0.473,  0.994,  0.047,  0.716], 
          [-0.500,  1.022,  0.055,  0.726], 
          [-0.433,  1.155,  0.102,  0.821]
        ]
    },
    {
        "id": 6,
        "keypoints3d": [
          [-0.671,  0.304,  0.904,  0.749], 
          [-0.447,  0.257,  0.902,  0.838], 
          [-0.382,  0.385,  0.890,  0.804], 
          [-0.106,  0.406,  0.855,  0.758], 
          [-0.162,  0.402,  0.670,  0.736], 
          [-0.518,  0.108,  0.914,  0.799], 
          [-0.417, -0.129,  0.884,  0.743], 
          [-0.419, -0.155,  0.691,  0.775], 
          [-0.326,  0.118,  0.511,  0.734], 
          [-0.272,  0.209,  0.500,  0.703], 
          [-0.610,  0.360,  0.405,  0.844], 
          [-0.379,  0.399,  0.096,  0.831], 
          [-0.373,  0.022,  0.529,  0.722], 
          [-0.721,  0.136,  0.474,  0.893], 
          [-0.578,  0.145,  0.109,  0.845], 
          [-0.658,  0.328,  0.937,  0.712], 
          [-0.681,  0.268,  0.966,  0.830], 
          [-0.610,  0.405,  0.980,  0.699], 
          [-0.609,  0.258,  0.998,  0.750], 
          [-0.731,  0.145,  0.047,  0.836], 
          [-0.708,  0.100,  0.047,  0.824], 
          [-0.515,  0.139,  0.058,  0.721], 
          [-0.518,  0.458,  0.048,  0.809], 
          [-0.473,  0.481,  0.050,  0.804], 
          [-0.325,  0.395,  0.071,  0.648]
        ]
    }
]
