[
    {
        "id": 0,
        "keypoints3d": [
          [ 1.049, -1.310,  1.579,  0.885], 
          [ 1.137, -1.392,  1.385,  0.858], 
          [ 1.246, -1.277,  1.390,  0.809], 
          [ 1.130, -1.154,  1.183,  0.788], 
          [ 0.965, -1.346,  1.190,  0.808], 
          [ 1.007, -1.510,  1.382,  0.808], 
          [ 0.912, -1.441,  1.145,  0.867], 
          [ 1.063, -1.243,  1.178,  0.757], 
          [ 1.091, -1.352,  0.864,  0.725], 
          [ 1.148, -1.269,  0.866,  0.714], 
          [ 1.181, -1.294,  0.471,  0.819], 
          [ 1.236, -1.342,  0.064,  0.759], 
          [ 1.021, -1.425,  0.866,  0.709], 
          [ 1.033, -1.432,  0.474,  0.661], 
          [ 1.070, -1.468,  0.102,  0.842], 
          [ 1.077, -1.287,  1.614,  0.838], 
          [ 1.030, -1.351,  1.604,  0.873], 
          [ 1.176, -1.316,  1.605,  0.881], 
          [ 1.059, -1.452,  1.582,  0.858], 
          [ 0.974, -1.356,  0.059,  0.717], 
          [ 0.963, -1.432,  0.058,  0.722], 
          [ 1.103, -1.479,  0.054,  0.701], 
          [ 1.112, -1.240,  0.053,  0.728], 
          [ 1.185, -1.219,  0.039,  0.665], 
          [ 1.247, -1.376,  0.029,  0.623]
        ]
    },
    {
        "id": 2,
        "keypoints3d": [
          [-1.076, -1.137,  1.515,  0.888], 
          [-1.160, -1.263,  1.353,  0.854], 
          [-1.020, -1.323,  1.347,  0.845], 
          [-1.032, -1.396,  1.087,  0.793], 
          [-1.117, -1.389,  0.883,  0.763], 
          [-1.305, -1.182,  1.356,  0.835], 
          [-1.344, -1.228,  1.095,  0.760], 
          [-1.294, -1.317,  0.903,  0.593], 
          [-1.144, -1.246,  0.834,  0.763], 
          [-1.052, -1.274,  0.833,  0.759], 
          [-1.034, -1.287,  0.465,  0.826], 
          [-1.060, -1.354,  0.112,  0.861], 
          [-1.241, -1.213,  0.835,  0.735], 
          [-1.240, -1.256,  0.454,  0.813], 
          [-1.251, -1.295,  0.087,  0.823], 
          [-1.051, -1.160,  1.548,  0.766], 
          [-1.111, -1.131,  1.558,  0.818], 
          [-1.036, -1.248,  1.537,  0.760], 
          [-1.198, -1.168,  1.561,  0.889], 
          [-1.193, -1.150,  0.042,  0.691], 
          [-1.238, -1.159,  0.037,  0.788], 
          [-1.257, -1.328,  0.039,  0.650], 
          [-0.976, -1.233,  0.079,  0.726], 
          [-0.957, -1.289,  0.078,  0.719], 
          [-1.077, -1.374,  0.058,  0.703]
        ]
    },
    {
        "id": 4,
        "keypoints3d": [
          [-0.102,  0.956,  1.480,  0.842], 
          [-0.094,  1.109,  1.299,  0.871], 
          [-0.248,  1.075,  1.303,  0.849], 
          [-0.346,  1.102,  1.073,  0.873], 
          [-0.385,  1.048,  0.850,  0.884], 
          [ 0.045,  1.154,  1.300,  0.827], 
          [ 0.097,  1.207,  1.052,  0.856], 
          [ 0.145,  1.157,  0.851,  0.874], 
          [-0.119,  1.108,  0.792,  0.756], 
          [-0.221,  1.065,  0.799,  0.738], 
          [-0.163,  0.995,  0.452,  0.828], 
          [-0.123,  0.969,  0.111,  0.792], 
          [-0.028,  1.147,  0.794,  0.737], 
          [-0.095,  1.191,  0.436,  0.830], 
          [-0.156,  1.217,  0.096,  0.798], 
          [-0.127,  0.967,  1.512,  0.822], 
          [-0.070,  0.972,  1.518,  0.877], 
          [-0.170,  1.058,  1.497,  0.744], 
          [-0.015,  1.067,  1.504,  0.830], 
          [-0.068,  1.125,  0.032,  0.700], 
          [-0.061,  1.168,  0.040,  0.661], 
          [-0.196,  1.225,  0.047,  0.750], 
          [-0.088,  0.822,  0.053,  0.630], 
          [-0.130,  0.840,  0.054,  0.621], 
          [-0.116,  0.991,  0.070,  0.678]
        ]
    },
    {
        "id": 6,
        "keypoints3d": [
          [-0.812,  0.306,  1.452,  0.785], 
          [-0.580,  0.240,  1.345,  0.880], 
          [-0.523,  0.380,  1.349,  0.838], 
          [-0.411,  0.403,  1.101,  0.900], 
          [-0.407,  0.414,  0.849,  0.863], 
          [-0.648,  0.091,  1.345,  0.817], 
          [-0.608, -0.042,  1.102,  0.859], 
          [-0.578, -0.074,  0.840,  0.849], 
          [-0.519,  0.206,  0.845,  0.786], 
          [-0.481,  0.305,  0.846,  0.754], 
          [-0.590,  0.352,  0.469,  0.778], 
          [-0.400,  0.425,  0.129,  0.821], 
          [-0.559,  0.109,  0.844,  0.760], 
          [-0.679,  0.134,  0.498,  0.749], 
          [-0.578,  0.138,  0.105,  0.748], 
          [-0.804,  0.337,  1.491,  0.854], 
          [-0.795,  0.281,  1.467,  0.761], 
          [-0.720,  0.354,  1.517,  0.678], 
          [-0.743,  0.219,  1.504,  0.810], 
          [-0.741,  0.142,  0.047,  0.826], 
          [-0.720,  0.100,  0.043,  0.820], 
          [-0.521,  0.135,  0.056,  0.711], 
          [-0.535,  0.448,  0.042,  0.868], 
          [-0.488,  0.487,  0.057,  0.842], 
          [-0.341,  0.427,  0.096,  0.685]
        ]
    }
]
