[
    {
        "id": 0,
        "keypoints3d": [
          [-1.060, -1.132,  1.518,  0.883], 
          [-1.147, -1.260,  1.353,  0.860], 
          [-0.995, -1.329,  1.348,  0.847], 
          [-1.020, -1.398,  1.091,  0.780], 
          [-1.100, -1.403,  0.902,  0.790], 
          [-1.289, -1.182,  1.358,  0.831], 
          [-1.327, -1.225,  1.095,  0.762], 
          [-1.266, -1.315,  0.895,  0.569], 
          [-1.136, -1.252,  0.833,  0.757], 
          [-1.039, -1.279,  0.832,  0.744], 
          [-1.025, -1.304,  0.457,  0.818], 
          [-1.062, -1.350,  0.109,  0.855], 
          [-1.231, -1.213,  0.835,  0.734], 
          [-1.227, -1.261,  0.455,  0.809], 
          [-1.245, -1.301,  0.084,  0.819], 
          [-1.035, -1.164,  1.551,  0.782], 
          [-1.094, -1.135,  1.558,  0.814], 
          [-1.026, -1.253,  1.539,  0.767], 
          [-1.185, -1.172,  1.562,  0.868], 
          [-1.194, -1.149,  0.037,  0.762], 
          [-1.241, -1.163,  0.041,  0.712], 
          [-1.251, -1.332,  0.039,  0.661], 
          [-0.971, -1.225,  0.082,  0.728], 
          [-0.956, -1.282,  0.085,  0.716], 
          [-1.075, -1.367,  0.056,  0.703]
        ]
    },
    {
        "id": 2,
        "keypoints3d": [
          [ 1.045, -1.313,  1.579,  0.887], 
          [ 1.136, -1.394,  1.387,  0.855], 
          [ 1.244, -1.278,  1.391,  0.810], 
          [ 1.129, -1.155,  1.184,  0.872], 
          [ 0.966, -1.343,  1.194,  0.803], 
          [ 1.007, -1.511,  1.377,  0.805], 
          [ 0.913, -1.442,  1.145,  0.864], 
          [ 1.058, -1.243,  1.176,  0.757], 
          [ 1.093, -1.351,  0.866,  0.725], 
          [ 1.148, -1.269,  0.863,  0.718], 
          [ 1.183, -1.295,  0.469,  0.768], 
          [ 1.237, -1.339,  0.061,  0.768], 
          [ 1.023, -1.428,  0.865,  0.706], 
          [ 1.037, -1.430,  0.476,  0.660], 
          [ 1.070, -1.468,  0.102,  0.843], 
          [ 1.074, -1.292,  1.616,  0.838], 
          [ 1.029, -1.351,  1.605,  0.871], 
          [ 1.174, -1.320,  1.605,  0.892], 
          [ 1.059, -1.453,  1.585,  0.855], 
          [ 0.975, -1.357,  0.058,  0.721], 
          [ 0.963, -1.433,  0.057,  0.726], 
          [ 1.108, -1.482,  0.052,  0.697], 
          [ 1.114, -1.244,  0.033,  0.667], 
          [ 1.188, -1.218,  0.033,  0.672], 
          [ 1.249, -1.382,  0.019,  0.631]
        ]
    },
    {
        "id": 4,
        "keypoints3d": [
          [-0.159,  0.953,  1.495,  0.768], 
          [-0.102,  1.092,  1.295,  0.838], 
          [-0.241,  1.048,  1.302,  0.830], 
          [-0.336,  1.072,  1.059,  0.856], 
          [-0.378,  1.023,  0.836,  0.871], 
          [ 0.038,  1.145,  1.299,  0.792], 
          [ 0.095,  1.198,  1.056,  0.864], 
          [ 0.152,  1.148,  0.845,  0.878], 
          [-0.115,  1.081,  0.786,  0.774], 
          [-0.202,  1.035,  0.791,  0.752], 
          [-0.158,  0.986,  0.441,  0.798], 
          [-0.125,  0.959,  0.098,  0.731], 
          [-0.030,  1.124,  0.785,  0.727], 
          [-0.082,  1.163,  0.427,  0.801], 
          [-0.161,  1.214,  0.095,  0.844], 
          [-0.199,  0.983,  1.551,  0.705], 
          [-0.080,  0.967,  1.519,  0.907], 
          [-0.204,  1.049,  1.570,  0.705], 
          [-0.021,  1.041,  1.508,  0.809], 
          [-0.062,  1.125,  0.027,  0.654], 
          [-0.057,  1.160,  0.039,  0.682], 
          [-0.196,  1.227,  0.046,  0.727], 
          [-0.084,  0.813,  0.043,  0.682], 
          [-0.118,  0.819,  0.038,  0.681], 
          [-0.113,  0.986,  0.059,  0.761]
        ]
    },
    {
        "id": 6,
        "keypoints3d": [
          [-0.806,  0.327,  1.486,  0.773], 
          [-0.591,  0.244,  1.367,  0.875], 
          [-0.526,  0.390,  1.376,  0.841], 
          [-0.416,  0.405,  1.115,  0.902], 
          [-0.422,  0.424,  0.872,  0.872], 
          [-0.665,  0.094,  1.366,  0.833], 
          [-0.642, -0.035,  1.112,  0.844], 
          [-0.652, -0.038,  0.868,  0.780], 
          [-0.532,  0.213,  0.865,  0.769], 
          [-0.492,  0.319,  0.864,  0.739], 
          [-0.612,  0.378,  0.497,  0.734], 
          [-0.419,  0.445,  0.151,  0.833], 
          [-0.577,  0.124,  0.867,  0.733], 
          [-0.665,  0.130,  0.501,  0.738], 
          [-0.579,  0.141,  0.102,  0.746], 
          [-0.799,  0.358,  1.531,  0.876], 
          [-0.818,  0.290,  1.526,  0.779], 
          [-0.709,  0.379,  1.550,  0.748], 
          [-0.735,  0.221,  1.536,  0.841], 
          [-0.743,  0.132,  0.045,  0.822], 
          [-0.718,  0.091,  0.043,  0.828], 
          [-0.532,  0.142,  0.057,  0.683], 
          [-0.557,  0.471,  0.052,  0.787], 
          [-0.515,  0.505,  0.065,  0.793], 
          [-0.381,  0.442,  0.113,  0.733]
        ]
    }
]
