[
    {
        "id": 0,
        "keypoints3d": [
          [ 1.033, -1.322,  1.577,  0.886], 
          [ 1.133, -1.401,  1.387,  0.859], 
          [ 1.243, -1.281,  1.392,  0.811], 
          [ 1.127, -1.161,  1.184,  0.874], 
          [ 0.970, -1.353,  1.198,  0.807], 
          [ 1.003, -1.523,  1.381,  0.811], 
          [ 0.909, -1.449,  1.145,  0.817], 
          [ 1.060, -1.245,  1.178,  0.744], 
          [ 1.088, -1.357,  0.863,  0.719], 
          [ 1.147, -1.276,  0.868,  0.717], 
          [ 1.182, -1.303,  0.471,  0.735], 
          [ 1.234, -1.348,  0.087,  0.791], 
          [ 1.017, -1.438,  0.863,  0.700], 
          [ 1.042, -1.434,  0.475,  0.712], 
          [ 1.075, -1.468,  0.105,  0.758], 
          [ 1.077, -1.298,  1.619,  0.817], 
          [ 1.016, -1.363,  1.609,  0.861], 
          [ 1.171, -1.330,  1.610,  0.842], 
          [ 1.062, -1.439,  1.579,  0.864], 
          [ 0.977, -1.356,  0.059,  0.723], 
          [ 0.958, -1.432,  0.058,  0.729], 
          [ 1.104, -1.486,  0.052,  0.705], 
          [ 1.111, -1.246,  0.053,  0.720], 
          [ 1.181, -1.222,  0.047,  0.727], 
          [ 1.247, -1.387,  0.039,  0.673]
        ]
    },
    {
        "id": 2,
        "keypoints3d": [
          [-0.975, -1.165,  1.516,  0.893], 
          [-1.058, -1.282,  1.344,  0.865], 
          [-0.904, -1.364,  1.331,  0.816], 
          [-0.951, -1.425,  1.059,  0.755], 
          [-1.033, -1.437,  0.866,  0.683], 
          [-1.207, -1.199,  1.359,  0.871], 
          [-1.256, -1.220,  1.091,  0.785], 
          [-1.180, -1.332,  0.862,  0.628], 
          [-1.053, -1.277,  0.831,  0.745], 
          [-0.962, -1.334,  0.822,  0.711], 
          [-1.008, -1.352,  0.443,  0.735], 
          [-1.065, -1.365,  0.110,  0.774], 
          [-1.145, -1.231,  0.832,  0.743], 
          [-1.164, -1.217,  0.456,  0.840], 
          [-1.231, -1.293,  0.097,  0.793], 
          [-0.953, -1.182,  1.544,  0.755], 
          [-1.014, -1.158,  1.556,  0.826], 
          [-0.930, -1.277,  1.531,  0.788], 
          [-1.097, -1.207,  1.562,  0.881], 
          [-1.185, -1.146,  0.037,  0.669], 
          [-1.233, -1.162,  0.043,  0.689], 
          [-1.247, -1.329,  0.051,  0.681], 
          [-0.975, -1.254,  0.070,  0.756], 
          [-0.958, -1.321,  0.072,  0.744], 
          [-1.088, -1.376,  0.058,  0.682]
        ]
    },
    {
        "id": 4,
        "keypoints3d": [
          [-0.773,  0.579,  1.589,  0.862], 
          [-0.638,  0.430,  1.405,  0.868], 
          [-0.505,  0.532,  1.416,  0.862], 
          [-0.462,  0.549,  1.143,  0.752], 
          [-0.461,  0.592,  0.905,  0.774], 
          [-0.763,  0.325,  1.411,  0.865], 
          [-0.831,  0.288,  1.144,  0.784], 
          [-0.905,  0.403,  0.920,  0.872], 
          [-0.611,  0.429,  0.893,  0.749], 
          [-0.534,  0.488,  0.888,  0.726], 
          [-0.602,  0.547,  0.489,  0.795], 
          [-0.636,  0.505,  0.097,  0.731], 
          [-0.697,  0.367,  0.894,  0.747], 
          [-0.728,  0.313,  0.528,  0.784], 
          [-0.617,  0.176,  0.148,  0.722], 
          [-0.729,  0.571,  1.632,  0.736], 
          [-0.789,  0.551,  1.627,  0.849], 
          [-0.639,  0.569,  1.624,  0.743], 
          [-0.763,  0.455,  1.622,  0.847], 
          [-0.748,  0.160,  0.034,  0.808], 
          [-0.730,  0.116,  0.049,  0.814], 
          [-0.569,  0.178,  0.102,  0.595], 
          [-0.694,  0.660,  0.050,  0.793], 
          [-0.657,  0.656,  0.049,  0.814], 
          [-0.633,  0.471,  0.042,  0.705]
        ]
    },
    {
        "id": 6,
        "keypoints3d": [
          [-0.121,  0.791,  1.471,  0.846], 
          [-0.097,  0.968,  1.297,  0.858], 
          [-0.230,  0.930,  1.294,  0.840], 
          [-0.298,  0.932,  1.052,  0.778], 
          [-0.313,  0.852,  0.853,  0.845], 
          [ 0.047,  1.009,  1.310,  0.850], 
          [ 0.120,  1.032,  1.066,  0.833], 
          [ 0.160,  0.967,  0.856,  0.792], 
          [-0.094,  0.953,  0.796,  0.771], 
          [-0.181,  0.924,  0.791,  0.754], 
          [-0.145,  0.922,  0.420,  0.810], 
          [-0.119,  0.953,  0.089,  0.782], 
          [ 0.001,  0.978,  0.795,  0.735], 
          [ 0.031,  0.963,  0.436,  0.818], 
          [ 0.006,  1.066,  0.107,  0.827], 
          [-0.152,  0.812,  1.520,  0.808], 
          [-0.084,  0.815,  1.529,  0.880], 
          [-0.174,  0.906,  1.512,  0.874], 
          [-0.027,  0.905,  1.517,  0.859], 
          [ 0.073,  0.950,  0.061,  0.642], 
          [ 0.095,  1.000,  0.061,  0.672], 
          [-0.015,  1.103,  0.074,  0.770], 
          [-0.089,  0.807,  0.049,  0.643], 
          [-0.116,  0.831,  0.039,  0.637], 
          [-0.104,  0.992,  0.054,  0.730]
        ]
    }
]
