[
    {
        "id": 0,
        "keypoints3d": [
          [ 1.033, -1.321,  1.579,  0.890], 
          [ 1.133, -1.402,  1.388,  0.859], 
          [ 1.242, -1.282,  1.391,  0.812], 
          [ 1.129, -1.159,  1.185,  0.794], 
          [ 0.970, -1.352,  1.196,  0.811], 
          [ 1.003, -1.523,  1.381,  0.813], 
          [ 0.909, -1.449,  1.145,  0.815], 
          [ 1.061, -1.249,  1.176,  0.745], 
          [ 1.088, -1.356,  0.866,  0.719], 
          [ 1.146, -1.275,  0.869,  0.714], 
          [ 1.180, -1.303,  0.472,  0.728], 
          [ 1.234, -1.350,  0.085,  0.784], 
          [ 1.017, -1.439,  0.863,  0.702], 
          [ 1.044, -1.436,  0.475,  0.710], 
          [ 1.073, -1.470,  0.103,  0.843], 
          [ 1.077, -1.298,  1.618,  0.824], 
          [ 1.016, -1.362,  1.610,  0.865], 
          [ 1.171, -1.333,  1.609,  0.842], 
          [ 1.063, -1.439,  1.577,  0.865], 
          [ 0.981, -1.356,  0.059,  0.720], 
          [ 0.964, -1.434,  0.059,  0.724], 
          [ 1.108, -1.486,  0.052,  0.701], 
          [ 1.111, -1.246,  0.053,  0.721], 
          [ 1.181, -1.222,  0.047,  0.726], 
          [ 1.247, -1.387,  0.039,  0.673]
        ]
    },
    {
        "id": 2,
        "keypoints3d": [
          [-0.969, -1.172,  1.515,  0.895], 
          [-1.055, -1.281,  1.342,  0.859], 
          [-0.899, -1.364,  1.325,  0.826], 
          [-0.949, -1.426,  1.053,  0.759], 
          [-1.033, -1.433,  0.851,  0.657], 
          [-1.198, -1.201,  1.357,  0.859], 
          [-1.257, -1.229,  1.097,  0.742], 
          [-1.158, -1.347,  0.858,  0.678], 
          [-1.050, -1.279,  0.827,  0.743], 
          [-0.961, -1.338,  0.819,  0.713], 
          [-1.015, -1.357,  0.433,  0.730], 
          [-1.064, -1.360,  0.104,  0.776], 
          [-1.139, -1.227,  0.831,  0.737], 
          [-1.162, -1.205,  0.459,  0.819], 
          [-1.228, -1.289,  0.100,  0.813], 
          [-0.948, -1.193,  1.544,  0.759], 
          [-1.008, -1.164,  1.552,  0.854], 
          [-0.927, -1.279,  1.532,  0.773], 
          [-1.087, -1.212,  1.560,  0.864], 
          [-1.185, -1.146,  0.036,  0.659], 
          [-1.229, -1.166,  0.044,  0.682], 
          [-1.243, -1.331,  0.048,  0.630], 
          [-0.976, -1.255,  0.068,  0.763], 
          [-0.955, -1.319,  0.068,  0.738], 
          [-1.079, -1.376,  0.049,  0.695]
        ]
    },
    {
        "id": 4,
        "keypoints3d": [
          [-0.761,  0.594,  1.584,  0.866], 
          [-0.645,  0.455,  1.404,  0.841], 
          [-0.521,  0.567,  1.418,  0.860], 
          [-0.480,  0.584,  1.143,  0.781], 
          [-0.495,  0.631,  0.902,  0.759], 
          [-0.773,  0.361,  1.404,  0.809], 
          [-0.830,  0.328,  1.134,  0.732], 
          [-0.901,  0.416,  0.908,  0.721], 
          [-0.636,  0.460,  0.883,  0.698], 
          [-0.564,  0.532,  0.886,  0.681], 
          [-0.592,  0.545,  0.497,  0.718], 
          [-0.633,  0.504,  0.098,  0.756], 
          [-0.712,  0.380,  0.881,  0.684], 
          [-0.758,  0.325,  0.519,  0.754], 
          [-0.671,  0.251,  0.161,  0.674], 
          [-0.729,  0.597,  1.624,  0.794], 
          [-0.784,  0.567,  1.631,  0.855], 
          [-0.625,  0.591,  1.628,  0.783], 
          [-0.757,  0.470,  1.618,  0.872], 
          [-0.789,  0.251,  0.028,  0.767], 
          [-0.771,  0.194,  0.046,  0.766], 
          [-0.611,  0.254,  0.104,  0.579], 
          [-0.686,  0.658,  0.045,  0.800], 
          [-0.652,  0.647,  0.041,  0.833], 
          [-0.630,  0.470,  0.046,  0.637]
        ]
    },
    {
        "id": 6,
        "keypoints3d": [
          [-0.117,  0.780,  1.471,  0.845], 
          [-0.091,  0.958,  1.299,  0.849], 
          [-0.231,  0.927,  1.296,  0.839], 
          [-0.300,  0.933,  1.052,  0.796], 
          [-0.308,  0.845,  0.851,  0.838], 
          [ 0.050,  1.000,  1.312,  0.838], 
          [ 0.126,  1.028,  1.069,  0.836], 
          [ 0.163,  0.956,  0.862,  0.783], 
          [-0.092,  0.944,  0.794,  0.764], 
          [-0.181,  0.920,  0.791,  0.753], 
          [-0.139,  0.921,  0.422,  0.817], 
          [-0.119,  0.957,  0.082,  0.799], 
          [ 0.010,  0.966,  0.793,  0.744], 
          [ 0.037,  0.950,  0.442,  0.815], 
          [ 0.029,  1.028,  0.097,  0.820], 
          [-0.144,  0.808,  1.522,  0.803], 
          [-0.085,  0.806,  1.526,  0.876], 
          [-0.171,  0.895,  1.513,  0.684], 
          [-0.016,  0.890,  1.518,  0.852], 
          [ 0.076,  0.901,  0.052,  0.633], 
          [ 0.104,  0.940,  0.049,  0.665], 
          [ 0.014,  1.068,  0.065,  0.779], 
          [-0.098,  0.815,  0.045,  0.737], 
          [-0.136,  0.845,  0.033,  0.743], 
          [-0.103,  0.990,  0.048,  0.677]
        ]
    }
]
