[
    {
        "id": 0,
        "keypoints3d": [
          [-0.177,  1.027,  1.497,  0.826], 
          [-0.191,  1.178,  1.301,  0.877], 
          [-0.338,  1.142,  1.313,  0.864], 
          [-0.435,  1.163,  1.078,  0.818], 
          [-0.474,  1.096,  0.870,  0.848], 
          [-0.038,  1.214,  1.291,  0.844], 
          [ 0.015,  1.252,  1.047,  0.841], 
          [ 0.060,  1.186,  0.844,  0.843], 
          [-0.208,  1.158,  0.786,  0.783], 
          [-0.311,  1.132,  0.794,  0.763], 
          [-0.358,  1.106,  0.456,  0.815], 
          [-0.467,  1.147,  0.093,  0.838], 
          [-0.108,  1.184,  0.788,  0.763], 
          [-0.142,  1.210,  0.437,  0.808], 
          [-0.167,  1.216,  0.089,  0.864], 
          [-0.202,  1.047,  1.539,  0.793], 
          [-0.142,  1.055,  1.541,  0.895], 
          [-0.251,  1.135,  1.517,  0.846], 
          [-0.087,  1.138,  1.510,  0.800], 
          [-0.059,  1.132,  0.045,  0.722], 
          [-0.048,  1.168,  0.053,  0.745], 
          [-0.194,  1.228,  0.041,  0.753], 
          [-0.470,  1.008,  0.039,  0.721], 
          [-0.511,  1.035,  0.044,  0.716], 
          [-0.462,  1.185,  0.052,  0.810]
        ]
    },
    {
        "id": 2,
        "keypoints3d": [
          [ 1.041, -1.315,  1.576,  0.881], 
          [ 1.131, -1.396,  1.388,  0.861], 
          [ 1.245, -1.285,  1.393,  0.813], 
          [ 1.139, -1.156,  1.183,  0.835], 
          [ 0.976, -1.348,  1.203,  0.813], 
          [ 0.996, -1.503,  1.382,  0.822], 
          [ 0.905, -1.432,  1.148,  0.859], 
          [ 1.064, -1.232,  1.180,  0.756], 
          [ 1.090, -1.348,  0.867,  0.726], 
          [ 1.150, -1.268,  0.873,  0.712], 
          [ 1.180, -1.300,  0.480,  0.805], 
          [ 1.237, -1.347,  0.091,  0.772], 
          [ 1.020, -1.426,  0.864,  0.710], 
          [ 1.038, -1.434,  0.470,  0.681], 
          [ 1.071, -1.466,  0.100,  0.840], 
          [ 1.077, -1.298,  1.616,  0.799], 
          [ 1.021, -1.355,  1.605,  0.875], 
          [ 1.175, -1.320,  1.607,  0.899], 
          [ 1.049, -1.448,  1.582,  0.858], 
          [ 0.974, -1.354,  0.060,  0.715], 
          [ 0.957, -1.430,  0.060,  0.718], 
          [ 1.105, -1.482,  0.049,  0.703], 
          [ 1.115, -1.247,  0.049,  0.731], 
          [ 1.182, -1.222,  0.047,  0.732], 
          [ 1.250, -1.380,  0.046,  0.670]
        ]
    },
    {
        "id": 4,
        "keypoints3d": [
          [-1.062, -1.162,  1.544,  0.841], 
          [-1.139, -1.280,  1.356,  0.861], 
          [-0.982, -1.354,  1.354,  0.871], 
          [-0.979, -1.433,  1.084,  0.760], 
          [-1.053, -1.439,  0.893,  0.699], 
          [-1.277, -1.217,  1.358,  0.843], 
          [-1.332, -1.259,  1.113,  0.785], 
          [-1.274, -1.362,  0.900,  0.690], 
          [-1.131, -1.264,  0.831,  0.755], 
          [-1.030, -1.309,  0.827,  0.744], 
          [-1.016, -1.330,  0.451,  0.797], 
          [-0.991, -1.395,  0.102,  0.846], 
          [-1.229, -1.228,  0.833,  0.732], 
          [-1.227, -1.255,  0.460,  0.768], 
          [-1.234, -1.302,  0.081,  0.858], 
          [-1.046, -1.186,  1.574,  0.839], 
          [-1.116, -1.180,  1.574,  0.891], 
          [-1.048, -1.293,  1.543,  0.793], 
          [-1.199, -1.214,  1.557,  0.874], 
          [-1.197, -1.141,  0.039,  0.756], 
          [-1.243, -1.162,  0.041,  0.777], 
          [-1.249, -1.335,  0.033,  0.717], 
          [-0.871, -1.297,  0.061,  0.744], 
          [-0.865, -1.335,  0.065,  0.741], 
          [-1.021, -1.419,  0.059,  0.787]
        ]
    },
    {
        "id": 6,
        "keypoints3d": [
          [-0.422,  0.232,  1.044,  0.850], 
          [-0.235,  0.118,  0.925,  0.843], 
          [-0.116,  0.218,  0.915,  0.770], 
          [ 0.052,  0.123,  0.721,  0.812], 
          [-0.057,  0.274,  0.634,  0.867], 
          [-0.359,  0.030,  0.938,  0.830], 
          [-0.421, -0.199,  0.796,  0.736], 
          [-0.515, -0.053,  0.666,  0.690], 
          [-0.227,  0.045,  0.481,  0.689], 
          [-0.128,  0.100,  0.466,  0.668], 
          [-0.463,  0.444,  0.505,  0.805], 
          [-0.313,  0.460,  0.101,  0.717], 
          [-0.329, -0.002,  0.487,  0.684], 
          [-0.633,  0.306,  0.554,  0.801], 
          [-0.532,  0.318,  0.156,  0.700], 
          [-0.387,  0.271,  1.074,  0.640], 
          [-0.411,  0.214,  1.071,  0.835], 
          [-0.330,  0.313,  1.072,  0.788], 
          [-0.334,  0.149,  1.091,  0.784], 
          [-0.726,  0.358,  0.134,  0.767], 
          [-0.685,  0.300,  0.130,  0.761], 
          [-0.494,  0.327,  0.096,  0.673], 
          [-0.461,  0.539,  0.072,  0.728], 
          [-0.405,  0.568,  0.076,  0.727], 
          [-0.275,  0.426,  0.056,  0.625]
        ]
    }
]
