[
    {
        "id": 0,
        "keypoints3d": [
          [-1.136, -1.132,  1.515,  0.896], 
          [-1.205, -1.261,  1.341,  0.875], 
          [-1.063, -1.318,  1.339,  0.881], 
          [-1.058, -1.388,  1.074,  0.801], 
          [-1.126, -1.377,  0.877,  0.691], 
          [-1.358, -1.187,  1.353,  0.844], 
          [-1.412, -1.229,  1.095,  0.798], 
          [-1.326, -1.339,  0.885,  0.617], 
          [-1.190, -1.232,  0.823,  0.761], 
          [-1.099, -1.259,  0.823,  0.737], 
          [-1.053, -1.255,  0.462,  0.855], 
          [-1.060, -1.350,  0.104,  0.825], 
          [-1.293, -1.208,  0.825,  0.742], 
          [-1.270, -1.245,  0.443,  0.800], 
          [-1.244, -1.305,  0.077,  0.854], 
          [-1.114, -1.166,  1.542,  0.756], 
          [-1.173, -1.133,  1.549,  0.833], 
          [-1.097, -1.251,  1.531,  0.766], 
          [-1.241, -1.190,  1.544,  0.843], 
          [-1.192, -1.154,  0.036,  0.760], 
          [-1.240, -1.161,  0.041,  0.783], 
          [-1.256, -1.333,  0.031,  0.696], 
          [-0.960, -1.239,  0.072,  0.805], 
          [-0.946, -1.290,  0.078,  0.781], 
          [-1.083, -1.376,  0.050,  0.700]
        ]
    },
    {
        "id": 2,
        "keypoints3d": [
          [-0.123,  1.028,  1.487,  0.844], 
          [-0.113,  1.178,  1.298,  0.882], 
          [-0.263,  1.141,  1.311,  0.851], 
          [-0.362,  1.175,  1.074,  0.858], 
          [-0.396,  1.107,  0.856,  0.861], 
          [ 0.034,  1.217,  1.290,  0.842], 
          [ 0.114,  1.265,  1.060,  0.848], 
          [ 0.163,  1.186,  0.856,  0.847], 
          [-0.151,  1.163,  0.796,  0.770], 
          [-0.241,  1.120,  0.804,  0.748], 
          [-0.258,  0.988,  0.483,  0.801], 
          [-0.331,  1.055,  0.122,  0.800], 
          [-0.055,  1.207,  0.787,  0.731], 
          [-0.105,  1.218,  0.435,  0.808], 
          [-0.158,  1.216,  0.095,  0.850], 
          [-0.151,  1.050,  1.534,  0.824], 
          [-0.079,  1.043,  1.536,  0.871], 
          [-0.183,  1.134,  1.508,  0.746], 
          [-0.018,  1.136,  1.519,  0.830], 
          [-0.056,  1.122,  0.035,  0.665], 
          [-0.051,  1.166,  0.041,  0.679], 
          [-0.193,  1.225,  0.046,  0.716], 
          [-0.358,  0.921,  0.051,  0.647], 
          [-0.392,  0.946,  0.069,  0.683], 
          [-0.350,  1.108,  0.095,  0.737]
        ]
    },
    {
        "id": 4,
        "keypoints3d": [
          [ 1.048, -1.307,  1.577,  0.891], 
          [ 1.137, -1.390,  1.387,  0.862], 
          [ 1.247, -1.279,  1.391,  0.814], 
          [ 1.138, -1.157,  1.182,  0.805], 
          [ 0.972, -1.351,  1.192,  0.791], 
          [ 1.005, -1.505,  1.383,  0.810], 
          [ 0.909, -1.436,  1.146,  0.865], 
          [ 1.065, -1.236,  1.175,  0.765], 
          [ 1.091, -1.351,  0.866,  0.732], 
          [ 1.153, -1.267,  0.868,  0.718], 
          [ 1.176, -1.302,  0.481,  0.732], 
          [ 1.237, -1.352,  0.086,  0.781], 
          [ 1.020, -1.424,  0.866,  0.715], 
          [ 1.037, -1.429,  0.478,  0.698], 
          [ 1.077, -1.468,  0.101,  0.753], 
          [ 1.079, -1.289,  1.613,  0.824], 
          [ 1.031, -1.344,  1.603,  0.874], 
          [ 1.177, -1.314,  1.606,  0.884], 
          [ 1.055, -1.445,  1.580,  0.860], 
          [ 0.973, -1.363,  0.057,  0.715], 
          [ 0.964, -1.436,  0.056,  0.723], 
          [ 1.105, -1.482,  0.049,  0.699], 
          [ 1.109, -1.234,  0.055,  0.818], 
          [ 1.176, -1.218,  0.052,  0.811], 
          [ 1.252, -1.380,  0.041,  0.670]
        ]
    },
    {
        "id": 6,
        "keypoints3d": [
          [-0.782,  0.283,  1.080,  0.761], 
          [-0.534,  0.245,  1.036,  0.854], 
          [-0.486,  0.388,  1.042,  0.780], 
          [-0.247,  0.431,  0.921,  0.740], 
          [-0.237,  0.396,  0.691,  0.889], 
          [-0.583,  0.098,  1.044,  0.760], 
          [-0.448, -0.120,  0.938,  0.870], 
          [-0.406, -0.157,  0.694,  0.765], 
          [-0.381,  0.151,  0.625,  0.764], 
          [-0.341,  0.249,  0.622,  0.765], 
          [-0.626,  0.350,  0.381,  0.827], 
          [-0.381,  0.402,  0.095,  0.811], 
          [-0.430,  0.055,  0.640,  0.759], 
          [-0.746,  0.125,  0.466,  0.904], 
          [-0.581,  0.142,  0.100,  0.839], 
          [-0.801,  0.331,  1.125,  0.750], 
          [-0.784,  0.271,  1.129,  0.833], 
          [-0.739,  0.377,  1.160,  0.764], 
          [-0.723,  0.225,  1.167,  0.807], 
          [-0.739,  0.144,  0.038,  0.826], 
          [-0.721,  0.107,  0.042,  0.813], 
          [-0.517,  0.142,  0.057,  0.703], 
          [-0.520,  0.453,  0.035,  0.774], 
          [-0.472,  0.476,  0.037,  0.772], 
          [-0.318,  0.399,  0.074,  0.644]
        ]
    }
]
