[
    {
        "id": 0,
        "keypoints3d": [
          [ 1.039, -1.309,  1.578,  0.878], 
          [ 1.131, -1.396,  1.388,  0.862], 
          [ 1.248, -1.283,  1.392,  0.813], 
          [ 1.142, -1.156,  1.182,  0.824], 
          [ 0.977, -1.351,  1.202,  0.806], 
          [ 0.994, -1.501,  1.382,  0.817], 
          [ 0.904, -1.429,  1.146,  0.865], 
          [ 1.076, -1.232,  1.179,  0.763], 
          [ 1.090, -1.347,  0.868,  0.725], 
          [ 1.152, -1.267,  0.872,  0.710], 
          [ 1.184, -1.297,  0.485,  0.810], 
          [ 1.239, -1.346,  0.098,  0.723], 
          [ 1.021, -1.426,  0.864,  0.711], 
          [ 1.042, -1.433,  0.476,  0.694], 
          [ 1.073, -1.470,  0.100,  0.841], 
          [ 1.074, -1.291,  1.613,  0.803], 
          [ 1.022, -1.354,  1.604,  0.868], 
          [ 1.174, -1.322,  1.606,  0.801], 
          [ 1.052, -1.445,  1.582,  0.852], 
          [ 0.975, -1.355,  0.062,  0.715], 
          [ 0.957, -1.430,  0.060,  0.714], 
          [ 1.104, -1.487,  0.049,  0.704], 
          [ 1.116, -1.248,  0.047,  0.734], 
          [ 1.182, -1.222,  0.047,  0.736], 
          [ 1.249, -1.381,  0.043,  0.668]
        ]
    },
    {
        "id": 2,
        "keypoints3d": [
          [-1.122, -1.147,  1.523,  0.908], 
          [-1.178, -1.279,  1.343,  0.889], 
          [-1.037, -1.333,  1.341,  0.854], 
          [-1.035, -1.409,  1.072,  0.781], 
          [-1.101, -1.402,  0.861,  0.749], 
          [-1.323, -1.199,  1.347,  0.851], 
          [-1.390, -1.248,  1.100,  0.763], 
          [-1.332, -1.338,  0.889,  0.610], 
          [-1.167, -1.254,  0.826,  0.757], 
          [-1.069, -1.276,  0.828,  0.760], 
          [-1.013, -1.265,  0.474,  0.846], 
          [-1.016, -1.364,  0.117,  0.787], 
          [-1.268, -1.234,  0.828,  0.749], 
          [-1.267, -1.255,  0.451,  0.822], 
          [-1.242, -1.299,  0.081,  0.860], 
          [-1.104, -1.182,  1.555,  0.795], 
          [-1.156, -1.144,  1.560,  0.830], 
          [-1.084, -1.275,  1.534,  0.790], 
          [-1.228, -1.204,  1.541,  0.879], 
          [-1.199, -1.147,  0.042,  0.800], 
          [-1.247, -1.162,  0.043,  0.823], 
          [-1.247, -1.330,  0.035,  0.689], 
          [-0.887, -1.289,  0.072,  0.728], 
          [-0.872, -1.316,  0.077,  0.740], 
          [-1.031, -1.385,  0.071,  0.789]
        ]
    },
    {
        "id": 4,
        "keypoints3d": [
          [-0.166,  1.031,  1.494,  0.858], 
          [-0.159,  1.183,  1.300,  0.865], 
          [-0.309,  1.148,  1.311,  0.842], 
          [-0.407,  1.176,  1.071,  0.837], 
          [-0.436,  1.099,  0.848,  0.857], 
          [-0.016,  1.224,  1.292,  0.842], 
          [ 0.049,  1.247,  1.051,  0.845], 
          [ 0.092,  1.184,  0.850,  0.844], 
          [-0.189,  1.158,  0.784,  0.773], 
          [-0.289,  1.128,  0.793,  0.747], 
          [-0.344,  1.067,  0.462,  0.796], 
          [-0.456,  1.138,  0.109,  0.858], 
          [-0.087,  1.184,  0.781,  0.750], 
          [-0.120,  1.213,  0.429,  0.753], 
          [-0.161,  1.212,  0.087,  0.865], 
          [-0.183,  1.056,  1.538,  0.732], 
          [-0.124,  1.053,  1.539,  0.885], 
          [-0.233,  1.146,  1.516,  0.819], 
          [-0.059,  1.139,  1.509,  0.811], 
          [-0.056,  1.123,  0.039,  0.717], 
          [-0.048,  1.165,  0.047,  0.742], 
          [-0.192,  1.226,  0.040,  0.773], 
          [-0.473,  1.000,  0.048,  0.752], 
          [-0.519,  1.031,  0.051,  0.746], 
          [-0.456,  1.179,  0.065,  0.822]
        ]
    },
    {
        "id": 6,
        "keypoints3d": [
          [-0.538,  0.265,  0.963,  0.825], 
          [-0.340,  0.192,  0.918,  0.878], 
          [-0.234,  0.313,  0.906,  0.821], 
          [ 0.008,  0.293,  0.786,  0.733], 
          [-0.135,  0.346,  0.627,  0.801], 
          [-0.417,  0.056,  0.942,  0.818], 
          [-0.382, -0.195,  0.862,  0.793], 
          [-0.443, -0.124,  0.664,  0.865], 
          [-0.230,  0.056,  0.472,  0.723], 
          [-0.160,  0.153,  0.467,  0.702], 
          [-0.512,  0.407,  0.440,  0.755], 
          [-0.370,  0.350,  0.093,  0.703], 
          [-0.306, -0.023,  0.491,  0.690], 
          [-0.694,  0.189,  0.505,  0.888], 
          [-0.580,  0.147,  0.113,  0.845], 
          [-0.530,  0.320,  1.007,  0.850], 
          [-0.528,  0.251,  1.006,  0.807], 
          [-0.463,  0.380,  1.012,  0.649], 
          [-0.462,  0.206,  1.056,  0.845], 
          [-0.736,  0.145,  0.053,  0.809], 
          [-0.723,  0.101,  0.067,  0.820], 
          [-0.520,  0.140,  0.045,  0.741], 
          [-0.500,  0.430,  0.031,  0.683], 
          [-0.450,  0.458,  0.033,  0.684], 
          [-0.299,  0.319,  0.055,  0.574]
        ]
    }
]
