[
    {
        "id": 0,
        "keypoints3d": [
          [ 1.044, -1.309,  1.577,  0.890], 
          [ 1.133, -1.391,  1.387,  0.863], 
          [ 1.248, -1.278,  1.392,  0.808], 
          [ 1.138, -1.158,  1.180,  0.809], 
          [ 0.975, -1.350,  1.199,  0.787], 
          [ 0.998, -1.502,  1.382,  0.813], 
          [ 0.910, -1.435,  1.147,  0.863], 
          [ 1.075, -1.238,  1.176,  0.771], 
          [ 1.092, -1.346,  0.869,  0.725], 
          [ 1.153, -1.266,  0.871,  0.711], 
          [ 1.184, -1.300,  0.483,  0.801], 
          [ 1.237, -1.348,  0.091,  0.782], 
          [ 1.021, -1.424,  0.866,  0.711], 
          [ 1.041, -1.431,  0.480,  0.702], 
          [ 1.074, -1.473,  0.097,  0.841], 
          [ 1.075, -1.294,  1.614,  0.820], 
          [ 1.028, -1.350,  1.603,  0.868], 
          [ 1.177, -1.314,  1.606,  0.893], 
          [ 1.055, -1.445,  1.579,  0.858], 
          [ 0.973, -1.362,  0.057,  0.711], 
          [ 0.958, -1.432,  0.058,  0.718], 
          [ 1.106, -1.484,  0.047,  0.699], 
          [ 1.117, -1.242,  0.052,  0.726], 
          [ 1.182, -1.222,  0.047,  0.730], 
          [ 1.252, -1.382,  0.045,  0.669]
        ]
    },
    {
        "id": 2,
        "keypoints3d": [
          [-1.135, -1.138,  1.515,  0.899], 
          [-1.205, -1.265,  1.341,  0.877], 
          [-1.064, -1.325,  1.338,  0.875], 
          [-1.055, -1.389,  1.071,  0.796], 
          [-1.141, -1.380,  0.881,  0.622], 
          [-1.359, -1.192,  1.350,  0.840], 
          [-1.418, -1.235,  1.094,  0.797], 
          [-1.330, -1.319,  0.872,  0.578], 
          [-1.198, -1.231,  0.827,  0.762], 
          [-1.101, -1.260,  0.824,  0.742], 
          [-1.045, -1.254,  0.470,  0.862], 
          [-1.042, -1.348,  0.111,  0.822], 
          [-1.300, -1.207,  0.825,  0.740], 
          [-1.283, -1.239,  0.441,  0.845], 
          [-1.241, -1.298,  0.081,  0.856], 
          [-1.115, -1.172,  1.544,  0.774], 
          [-1.176, -1.131,  1.552,  0.844], 
          [-1.099, -1.259,  1.528,  0.751], 
          [-1.244, -1.197,  1.541,  0.861], 
          [-1.200, -1.147,  0.038,  0.770], 
          [-1.247, -1.163,  0.045,  0.799], 
          [-1.250, -1.333,  0.036,  0.703], 
          [-0.945, -1.246,  0.067,  0.727], 
          [-0.924, -1.291,  0.080,  0.699], 
          [-1.053, -1.366,  0.063,  0.705]
        ]
    },
    {
        "id": 4,
        "keypoints3d": [
          [-0.134,  1.036,  1.490,  0.851], 
          [-0.131,  1.187,  1.295,  0.872], 
          [-0.281,  1.150,  1.305,  0.859], 
          [-0.377,  1.173,  1.067,  0.867], 
          [-0.408,  1.112,  0.853,  0.870], 
          [ 0.008,  1.228,  1.296,  0.853], 
          [ 0.095,  1.270,  1.066,  0.808], 
          [ 0.140,  1.196,  0.859,  0.818], 
          [-0.163,  1.169,  0.794,  0.775], 
          [-0.257,  1.132,  0.800,  0.748], 
          [-0.314,  1.020,  0.485,  0.848], 
          [-0.430,  1.110,  0.144,  0.830], 
          [-0.062,  1.208,  0.785,  0.747], 
          [-0.103,  1.226,  0.436,  0.797], 
          [-0.161,  1.219,  0.098,  0.862], 
          [-0.161,  1.055,  1.533,  0.849], 
          [-0.088,  1.052,  1.539,  0.863], 
          [-0.197,  1.150,  1.514,  0.819], 
          [-0.034,  1.146,  1.509,  0.814], 
          [-0.060,  1.130,  0.037,  0.747], 
          [-0.053,  1.171,  0.050,  0.770], 
          [-0.188,  1.226,  0.049,  0.747], 
          [-0.473,  0.993,  0.054,  0.764], 
          [-0.496,  1.020,  0.063,  0.795], 
          [-0.428,  1.148,  0.111,  0.821]
        ]
    },
    {
        "id": 6,
        "keypoints3d": [
          [-0.718,  0.295,  0.922,  0.688], 
          [-0.479,  0.255,  0.902,  0.845], 
          [-0.410,  0.389,  0.897,  0.789], 
          [-0.174,  0.430,  0.852,  0.769], 
          [-0.206,  0.395,  0.635,  0.800], 
          [-0.544,  0.095,  0.915,  0.789], 
          [-0.407, -0.134,  0.895,  0.740], 
          [-0.402, -0.147,  0.678,  0.737], 
          [-0.315,  0.125,  0.497,  0.709], 
          [-0.268,  0.221,  0.491,  0.662], 
          [-0.618,  0.352,  0.393,  0.828], 
          [-0.385,  0.403,  0.089,  0.724], 
          [-0.366,  0.024,  0.514,  0.697], 
          [-0.739,  0.130,  0.465,  0.895], 
          [-0.580,  0.146,  0.107,  0.843], 
          [-0.695,  0.315,  0.939,  0.754], 
          [-0.735,  0.274,  0.980,  0.842], 
          [-0.664,  0.400,  0.997,  0.650], 
          [-0.659,  0.255,  1.000,  0.776], 
          [-0.738,  0.144,  0.045,  0.827], 
          [-0.711,  0.106,  0.043,  0.812], 
          [-0.515,  0.140,  0.057,  0.686], 
          [-0.519,  0.452,  0.039,  0.781], 
          [-0.480,  0.479,  0.042,  0.770], 
          [-0.327,  0.398,  0.066,  0.621]
        ]
    }
]
