[
    {
        "id": 0,
        "keypoints3d": [
          [-1.029, -1.143,  1.520,  0.876], 
          [-1.106, -1.262,  1.349,  0.856], 
          [-0.969, -1.344,  1.347,  0.855], 
          [-0.992, -1.426,  1.091,  0.799], 
          [-1.073, -1.424,  0.895,  0.744], 
          [-1.241, -1.187,  1.359,  0.849], 
          [-1.297, -1.229,  1.102,  0.742], 
          [-1.247, -1.319,  0.911,  0.598], 
          [-1.099, -1.266,  0.840,  0.744], 
          [-1.011, -1.307,  0.834,  0.744], 
          [-1.027, -1.335,  0.454,  0.839], 
          [-1.063, -1.359,  0.107,  0.851], 
          [-1.176, -1.224,  0.844,  0.718], 
          [-1.198, -1.243,  0.462,  0.826], 
          [-1.249, -1.295,  0.090,  0.850], 
          [-1.000, -1.174,  1.554,  0.809], 
          [-1.056, -1.130,  1.566,  0.867], 
          [-0.989, -1.256,  1.535,  0.791], 
          [-1.132, -1.184,  1.566,  0.868], 
          [-1.192, -1.148,  0.043,  0.675], 
          [-1.241, -1.162,  0.046,  0.694], 
          [-1.259, -1.324,  0.045,  0.688], 
          [-0.984, -1.233,  0.080,  0.680], 
          [-0.967, -1.300,  0.069,  0.621], 
          [-1.083, -1.374,  0.052,  0.693]
        ]
    },
    {
        "id": 2,
        "keypoints3d": [
          [ 1.044, -1.315,  1.578,  0.889], 
          [ 1.134, -1.396,  1.385,  0.857], 
          [ 1.241, -1.275,  1.391,  0.807], 
          [ 1.129, -1.161,  1.186,  0.870], 
          [ 0.968, -1.346,  1.197,  0.811], 
          [ 1.009, -1.521,  1.379,  0.807], 
          [ 0.910, -1.442,  1.146,  0.852], 
          [ 1.063, -1.240,  1.177,  0.752], 
          [ 1.091, -1.350,  0.861,  0.717], 
          [ 1.148, -1.269,  0.866,  0.708], 
          [ 1.179, -1.299,  0.472,  0.795], 
          [ 1.233, -1.346,  0.076,  0.723], 
          [ 1.022, -1.434,  0.863,  0.700], 
          [ 1.039, -1.438,  0.472,  0.690], 
          [ 1.075, -1.471,  0.104,  0.841], 
          [ 1.076, -1.296,  1.615,  0.825], 
          [ 1.024, -1.354,  1.603,  0.872], 
          [ 1.172, -1.329,  1.608,  0.828], 
          [ 1.064, -1.437,  1.575,  0.872], 
          [ 0.972, -1.363,  0.058,  0.716], 
          [ 0.960, -1.437,  0.060,  0.723], 
          [ 1.111, -1.482,  0.051,  0.694], 
          [ 1.106, -1.237,  0.058,  0.812], 
          [ 1.176, -1.218,  0.052,  0.811], 
          [ 1.251, -1.386,  0.040,  0.668]
        ]
    },
    {
        "id": 4,
        "keypoints3d": [
          [-0.174,  0.906,  1.500,  0.775], 
          [-0.102,  1.034,  1.299,  0.875], 
          [-0.244,  0.978,  1.297,  0.840], 
          [-0.309,  0.987,  1.043,  0.840], 
          [-0.321,  0.910,  0.832,  0.864], 
          [ 0.028,  1.089,  1.310,  0.846], 
          [ 0.102,  1.137,  1.059,  0.839], 
          [ 0.146,  1.073,  0.839,  0.851], 
          [-0.095,  1.013,  0.786,  0.776], 
          [-0.181,  0.965,  0.781,  0.753], 
          [-0.125,  0.929,  0.411,  0.826], 
          [-0.121,  0.960,  0.094,  0.860], 
          [-0.006,  1.053,  0.787,  0.744], 
          [-0.032,  1.051,  0.425,  0.842], 
          [-0.144,  1.193,  0.109,  0.865], 
          [-0.230,  0.939,  1.564,  0.791], 
          [-0.094,  0.899,  1.528,  0.901], 
          [-0.217,  1.005,  1.557,  0.764], 
          [-0.023,  0.963,  1.518,  0.817], 
          [-0.046,  1.112,  0.039,  0.690], 
          [-0.046,  1.147,  0.046,  0.686], 
          [-0.176,  1.218,  0.079,  0.760], 
          [-0.092,  0.801,  0.045,  0.729], 
          [-0.124,  0.817,  0.037,  0.744], 
          [-0.111,  0.991,  0.060,  0.752]
        ]
    },
    {
        "id": 6,
        "keypoints3d": [
          [-0.798,  0.376,  1.546,  0.858], 
          [-0.618,  0.277,  1.409,  0.854], 
          [-0.521,  0.415,  1.417,  0.813], 
          [-0.434,  0.434,  1.141,  0.820], 
          [-0.449,  0.475,  0.895,  0.867], 
          [-0.722,  0.145,  1.404,  0.831], 
          [-0.766,  0.085,  1.126,  0.825], 
          [-0.849,  0.123,  0.898,  0.814], 
          [-0.570,  0.281,  0.892,  0.750], 
          [-0.520,  0.373,  0.899,  0.707], 
          [-0.589,  0.476,  0.521,  0.761], 
          [-0.559,  0.487,  0.110,  0.779], 
          [-0.624,  0.193,  0.889,  0.723], 
          [-0.661,  0.171,  0.520,  0.786], 
          [-0.589,  0.142,  0.118,  0.673], 
          [-0.782,  0.419,  1.586,  0.819], 
          [-0.809,  0.357,  1.578,  0.863], 
          [-0.674,  0.411,  1.604,  0.881], 
          [-0.762,  0.280,  1.586,  0.822], 
          [-0.737,  0.147,  0.036,  0.808], 
          [-0.720,  0.095,  0.045,  0.827], 
          [-0.536,  0.137,  0.061,  0.687], 
          [-0.664,  0.625,  0.050,  0.797], 
          [-0.614,  0.637,  0.063,  0.805], 
          [-0.525,  0.460,  0.062,  0.701]
        ]
    }
]
