[
    {
        "id": 0,
        "keypoints3d": [
          [-1.037, -1.138,  1.520,  0.883], 
          [-1.119, -1.259,  1.349,  0.861], 
          [-0.979, -1.342,  1.348,  0.857], 
          [-1.008, -1.418,  1.088,  0.734], 
          [-1.087, -1.415,  0.886,  0.779], 
          [-1.258, -1.184,  1.362,  0.844], 
          [-1.309, -1.230,  1.100,  0.753], 
          [-1.249, -1.326,  0.906,  0.635], 
          [-1.105, -1.261,  0.835,  0.745], 
          [-1.014, -1.300,  0.834,  0.746], 
          [-1.022, -1.323,  0.456,  0.830], 
          [-1.061, -1.355,  0.108,  0.858], 
          [-1.197, -1.215,  0.842,  0.707], 
          [-1.204, -1.254,  0.456,  0.831], 
          [-1.250, -1.296,  0.090,  0.853], 
          [-1.009, -1.176,  1.550,  0.771], 
          [-1.064, -1.131,  1.561,  0.845], 
          [-1.007, -1.261,  1.539,  0.774], 
          [-1.142, -1.181,  1.560,  0.863], 
          [-1.188, -1.152,  0.048,  0.670], 
          [-1.243, -1.163,  0.048,  0.694], 
          [-1.262, -1.324,  0.049,  0.684], 
          [-0.980, -1.231,  0.080,  0.682], 
          [-0.959, -1.293,  0.077,  0.613], 
          [-1.075, -1.370,  0.053,  0.707]
        ]
    },
    {
        "id": 2,
        "keypoints3d": [
          [ 1.044, -1.316,  1.576,  0.887], 
          [ 1.134, -1.398,  1.385,  0.858], 
          [ 1.243, -1.275,  1.391,  0.805], 
          [ 1.128, -1.161,  1.183,  0.869], 
          [ 0.969, -1.349,  1.197,  0.808], 
          [ 1.008, -1.516,  1.379,  0.807], 
          [ 0.910, -1.441,  1.146,  0.855], 
          [ 1.061, -1.241,  1.176,  0.757], 
          [ 1.090, -1.350,  0.863,  0.718], 
          [ 1.148, -1.270,  0.864,  0.711], 
          [ 1.183, -1.296,  0.466,  0.812], 
          [ 1.237, -1.341,  0.060,  0.762], 
          [ 1.022, -1.428,  0.862,  0.696], 
          [ 1.035, -1.438,  0.473,  0.647], 
          [ 1.075, -1.471,  0.104,  0.841], 
          [ 1.076, -1.296,  1.615,  0.833], 
          [ 1.025, -1.357,  1.604,  0.866], 
          [ 1.172, -1.328,  1.608,  0.819], 
          [ 1.066, -1.442,  1.577,  0.876], 
          [ 0.974, -1.366,  0.057,  0.716], 
          [ 0.960, -1.437,  0.060,  0.725], 
          [ 1.109, -1.480,  0.053,  0.691], 
          [ 1.117, -1.237,  0.041,  0.730], 
          [ 1.185, -1.213,  0.036,  0.735], 
          [ 1.253, -1.382,  0.025,  0.623]
        ]
    },
    {
        "id": 4,
        "keypoints3d": [
          [-0.192,  0.932,  1.461,  0.816], 
          [-0.102,  1.037,  1.288,  0.854], 
          [-0.242,  1.000,  1.297,  0.826], 
          [-0.315,  1.012,  1.052,  0.764], 
          [-0.350,  0.958,  0.834,  0.831], 
          [ 0.057,  1.066,  1.281,  0.846], 
          [ 0.123,  1.097,  1.003,  0.850], 
          [ 0.133,  1.067,  0.764,  0.851], 
          [-0.094,  1.028,  0.788,  0.768], 
          [-0.188,  0.988,  0.790,  0.741], 
          [-0.139,  0.939,  0.406,  0.821], 
          [-0.127,  0.932,  0.044,  0.799], 
          [-0.006,  1.065,  0.784,  0.734], 
          [-0.032,  1.077,  0.428,  0.786], 
          [-0.158,  1.198,  0.099,  0.792], 
          [-0.213,  0.943,  1.553,  0.723], 
          [-0.156,  0.974,  1.475,  0.905], 
          [-0.213,  1.010,  1.552,  0.767], 
          [-0.027,  0.984,  1.485,  0.826], 
          [-0.056,  1.116,  0.030,  0.717], 
          [-0.056,  1.154,  0.042,  0.702], 
          [-0.188,  1.218,  0.060,  0.695], 
          [-0.196,  0.837, -0.008,  0.731], 
          [-0.200,  0.843,  0.001,  0.731], 
          [-0.114,  0.956,  0.009,  0.763]
        ]
    },
    {
        "id": 6,
        "keypoints3d": [
          [-0.802,  0.365,  1.543,  0.868], 
          [-0.615,  0.265,  1.405,  0.862], 
          [-0.520,  0.406,  1.411,  0.822], 
          [-0.436,  0.426,  1.138,  0.877], 
          [-0.451,  0.463,  0.898,  0.871], 
          [-0.710,  0.133,  1.396,  0.830], 
          [-0.744,  0.049,  1.144,  0.800], 
          [-0.804,  0.069,  0.892,  0.830], 
          [-0.560,  0.264,  0.889,  0.750], 
          [-0.506,  0.346,  0.896,  0.723], 
          [-0.584,  0.444,  0.510,  0.775], 
          [-0.512,  0.468,  0.127,  0.689], 
          [-0.617,  0.178,  0.880,  0.716], 
          [-0.652,  0.153,  0.494,  0.736], 
          [-0.582,  0.137,  0.095,  0.677], 
          [-0.782,  0.390,  1.574,  0.838], 
          [-0.817,  0.339,  1.582,  0.820], 
          [-0.681,  0.405,  1.599,  0.852], 
          [-0.750,  0.261,  1.585,  0.802], 
          [-0.740,  0.147,  0.034,  0.822], 
          [-0.723,  0.094,  0.037,  0.845], 
          [-0.534,  0.136,  0.056,  0.604], 
          [-0.644,  0.588,  0.068,  0.788], 
          [-0.593,  0.612,  0.077,  0.816], 
          [-0.482,  0.468,  0.076,  0.751]
        ]
    }
]
