[
    {
        "id": 0,
        "keypoints3d": [
          [-0.177,  1.027,  1.493,  0.823], 
          [-0.186,  1.179,  1.299,  0.880], 
          [-0.333,  1.143,  1.313,  0.864], 
          [-0.435,  1.159,  1.074,  0.832], 
          [-0.470,  1.097,  0.871,  0.850], 
          [-0.036,  1.215,  1.291,  0.847], 
          [ 0.015,  1.251,  1.049,  0.833], 
          [ 0.067,  1.188,  0.846,  0.846], 
          [-0.207,  1.160,  0.787,  0.785], 
          [-0.310,  1.134,  0.795,  0.762], 
          [-0.357,  1.105,  0.457,  0.815], 
          [-0.466,  1.145,  0.096,  0.846], 
          [-0.107,  1.186,  0.789,  0.767], 
          [-0.139,  1.213,  0.436,  0.812], 
          [-0.168,  1.218,  0.091,  0.866], 
          [-0.199,  1.051,  1.541,  0.776], 
          [-0.141,  1.055,  1.536,  0.882], 
          [-0.251,  1.136,  1.519,  0.845], 
          [-0.085,  1.138,  1.511,  0.793], 
          [-0.058,  1.128,  0.044,  0.719], 
          [-0.048,  1.169,  0.055,  0.743], 
          [-0.193,  1.229,  0.044,  0.767], 
          [-0.470,  1.005,  0.041,  0.719], 
          [-0.511,  1.032,  0.045,  0.715], 
          [-0.463,  1.185,  0.055,  0.819]
        ]
    },
    {
        "id": 2,
        "keypoints3d": [
          [ 1.041, -1.310,  1.576,  0.881], 
          [ 1.131, -1.396,  1.388,  0.861], 
          [ 1.245, -1.285,  1.393,  0.810], 
          [ 1.140, -1.156,  1.183,  0.838], 
          [ 0.977, -1.349,  1.202,  0.810], 
          [ 0.996, -1.504,  1.382,  0.822], 
          [ 0.907, -1.431,  1.146,  0.861], 
          [ 1.067, -1.231,  1.179,  0.759], 
          [ 1.090, -1.348,  0.867,  0.724], 
          [ 1.150, -1.267,  0.874,  0.712], 
          [ 1.181, -1.299,  0.482,  0.805], 
          [ 1.236, -1.346,  0.092,  0.770], 
          [ 1.020, -1.426,  0.864,  0.709], 
          [ 1.038, -1.434,  0.470,  0.679], 
          [ 1.073, -1.470,  0.100,  0.840], 
          [ 1.076, -1.295,  1.616,  0.799], 
          [ 1.021, -1.355,  1.605,  0.875], 
          [ 1.176, -1.321,  1.606,  0.899], 
          [ 1.050, -1.448,  1.581,  0.855], 
          [ 0.974, -1.355,  0.059,  0.711], 
          [ 0.957, -1.430,  0.060,  0.714], 
          [ 1.103, -1.487,  0.049,  0.703], 
          [ 1.119, -1.241,  0.051,  0.732], 
          [ 1.181, -1.220,  0.048,  0.735], 
          [ 1.250, -1.385,  0.046,  0.673]
        ]
    },
    {
        "id": 4,
        "keypoints3d": [
          [-1.072, -1.155,  1.540,  0.846], 
          [-1.143, -1.277,  1.357,  0.867], 
          [-0.986, -1.355,  1.354,  0.860], 
          [-0.983, -1.428,  1.082,  0.757], 
          [-1.075, -1.419,  0.862,  0.681], 
          [-1.285, -1.211,  1.357,  0.843], 
          [-1.335, -1.258,  1.109,  0.783], 
          [-1.285, -1.344,  0.894,  0.649], 
          [-1.137, -1.265,  0.831,  0.753], 
          [-1.038, -1.305,  0.826,  0.738], 
          [-1.013, -1.322,  0.448,  0.796], 
          [-0.991, -1.391,  0.099,  0.843], 
          [-1.234, -1.229,  0.830,  0.734], 
          [-1.232, -1.259,  0.459,  0.773], 
          [-1.235, -1.299,  0.083,  0.856], 
          [-1.050, -1.181,  1.569,  0.835], 
          [-1.117, -1.171,  1.574,  0.798], 
          [-1.050, -1.288,  1.542,  0.794], 
          [-1.205, -1.212,  1.558,  0.880], 
          [-1.196, -1.143,  0.039,  0.746], 
          [-1.243, -1.162,  0.044,  0.764], 
          [-1.248, -1.334,  0.038,  0.709], 
          [-0.873, -1.295,  0.062,  0.741], 
          [-0.864, -1.330,  0.069,  0.750], 
          [-1.021, -1.412,  0.060,  0.788]
        ]
    },
    {
        "id": 6,
        "keypoints3d": [
          [-0.426,  0.233,  1.036,  0.862], 
          [-0.239,  0.136,  0.924,  0.850], 
          [-0.121,  0.243,  0.917,  0.794], 
          [ 0.074,  0.174,  0.743,  0.747], 
          [-0.058,  0.282,  0.631,  0.777], 
          [-0.359,  0.036,  0.934,  0.830], 
          [-0.417, -0.200,  0.799,  0.721], 
          [-0.512, -0.059,  0.665,  0.685], 
          [-0.214,  0.054,  0.471,  0.694], 
          [-0.123,  0.119,  0.459,  0.669], 
          [-0.452,  0.446,  0.490,  0.779], 
          [-0.312,  0.456,  0.095,  0.694], 
          [-0.313, -0.005,  0.483,  0.679], 
          [-0.633,  0.296,  0.553,  0.847], 
          [-0.537,  0.294,  0.152,  0.708], 
          [-0.390,  0.265,  1.072,  0.664], 
          [-0.418,  0.214,  1.075,  0.848], 
          [-0.328,  0.323,  1.073,  0.709], 
          [-0.354,  0.159,  1.088,  0.835], 
          [-0.729,  0.326,  0.125,  0.758], 
          [-0.693,  0.272,  0.122,  0.756], 
          [-0.479,  0.294,  0.083,  0.657], 
          [-0.464,  0.531,  0.060,  0.655], 
          [-0.399,  0.554,  0.058,  0.590], 
          [-0.270,  0.424,  0.052,  0.599]
        ]
    }
]
