[
    {
        "id": 0,
        "keypoints3d": [
          [ 1.033, -1.322,  1.577,  0.886], 
          [ 1.133, -1.401,  1.387,  0.860], 
          [ 1.243, -1.281,  1.392,  0.812], 
          [ 1.127, -1.161,  1.184,  0.874], 
          [ 0.970, -1.353,  1.198,  0.807], 
          [ 1.003, -1.522,  1.381,  0.810], 
          [ 0.909, -1.448,  1.145,  0.816], 
          [ 1.060, -1.245,  1.178,  0.744], 
          [ 1.088, -1.357,  0.863,  0.719], 
          [ 1.148, -1.277,  0.868,  0.717], 
          [ 1.182, -1.303,  0.471,  0.735], 
          [ 1.233, -1.347,  0.088,  0.791], 
          [ 1.017, -1.438,  0.863,  0.700], 
          [ 1.042, -1.434,  0.475,  0.712], 
          [ 1.075, -1.468,  0.105,  0.759], 
          [ 1.077, -1.298,  1.619,  0.817], 
          [ 1.016, -1.363,  1.609,  0.861], 
          [ 1.171, -1.332,  1.609,  0.845], 
          [ 1.063, -1.439,  1.577,  0.866], 
          [ 0.977, -1.356,  0.059,  0.723], 
          [ 0.958, -1.432,  0.058,  0.728], 
          [ 1.104, -1.486,  0.052,  0.705], 
          [ 1.111, -1.246,  0.052,  0.722], 
          [ 1.182, -1.222,  0.047,  0.729], 
          [ 1.247, -1.387,  0.039,  0.674]
        ]
    },
    {
        "id": 2,
        "keypoints3d": [
          [-0.975, -1.165,  1.516,  0.889], 
          [-1.058, -1.282,  1.344,  0.866], 
          [-0.904, -1.364,  1.332,  0.815], 
          [-0.953, -1.424,  1.065,  0.747], 
          [-1.033, -1.434,  0.869,  0.685], 
          [-1.207, -1.197,  1.359,  0.869], 
          [-1.256, -1.220,  1.091,  0.785], 
          [-1.180, -1.332,  0.862,  0.628], 
          [-1.053, -1.277,  0.831,  0.745], 
          [-0.961, -1.332,  0.822,  0.712], 
          [-1.008, -1.349,  0.445,  0.733], 
          [-1.066, -1.364,  0.112,  0.775], 
          [-1.145, -1.233,  0.831,  0.744], 
          [-1.164, -1.219,  0.455,  0.839], 
          [-1.230, -1.294,  0.095,  0.792], 
          [-0.952, -1.182,  1.544,  0.756], 
          [-1.014, -1.156,  1.558,  0.802], 
          [-0.929, -1.274,  1.533,  0.796], 
          [-1.097, -1.207,  1.562,  0.881], 
          [-1.186, -1.149,  0.037,  0.665], 
          [-1.233, -1.164,  0.043,  0.688], 
          [-1.247, -1.330,  0.051,  0.671], 
          [-0.977, -1.248,  0.075,  0.752], 
          [-0.956, -1.315,  0.074,  0.742], 
          [-1.088, -1.376,  0.058,  0.682]
        ]
    },
    {
        "id": 4,
        "keypoints3d": [
          [-0.773,  0.579,  1.589,  0.862], 
          [-0.640,  0.428,  1.407,  0.870], 
          [-0.507,  0.530,  1.415,  0.859], 
          [-0.462,  0.549,  1.143,  0.752], 
          [-0.460,  0.591,  0.903,  0.770], 
          [-0.766,  0.320,  1.411,  0.872], 
          [-0.833,  0.286,  1.146,  0.785], 
          [-0.908,  0.394,  0.920,  0.867], 
          [-0.613,  0.424,  0.890,  0.741], 
          [-0.535,  0.485,  0.888,  0.722], 
          [-0.605,  0.542,  0.488,  0.794], 
          [-0.636,  0.505,  0.096,  0.733], 
          [-0.702,  0.358,  0.893,  0.741], 
          [-0.727,  0.313,  0.526,  0.786], 
          [-0.615,  0.176,  0.147,  0.726], 
          [-0.729,  0.571,  1.632,  0.736], 
          [-0.789,  0.551,  1.627,  0.849], 
          [-0.648,  0.553,  1.624,  0.755], 
          [-0.769,  0.445,  1.623,  0.843], 
          [-0.748,  0.160,  0.034,  0.808], 
          [-0.730,  0.116,  0.049,  0.814], 
          [-0.569,  0.178,  0.102,  0.595], 
          [-0.694,  0.660,  0.050,  0.793], 
          [-0.657,  0.656,  0.049,  0.814], 
          [-0.632,  0.470,  0.041,  0.706]
        ]
    },
    {
        "id": 6,
        "keypoints3d": [
          [-0.119,  0.793,  1.474,  0.843], 
          [-0.096,  0.970,  1.298,  0.857], 
          [-0.230,  0.930,  1.294,  0.841], 
          [-0.298,  0.932,  1.052,  0.778], 
          [-0.312,  0.854,  0.853,  0.846], 
          [ 0.047,  1.009,  1.310,  0.849], 
          [ 0.120,  1.032,  1.066,  0.830], 
          [ 0.161,  0.966,  0.854,  0.792], 
          [-0.092,  0.955,  0.797,  0.769], 
          [-0.179,  0.926,  0.791,  0.753], 
          [-0.143,  0.924,  0.421,  0.809], 
          [-0.119,  0.953,  0.089,  0.781], 
          [ 0.004,  0.980,  0.794,  0.733], 
          [ 0.033,  0.965,  0.437,  0.821], 
          [ 0.005,  1.067,  0.110,  0.829], 
          [-0.153,  0.812,  1.523,  0.803], 
          [-0.083,  0.815,  1.529,  0.889], 
          [-0.174,  0.906,  1.512,  0.874], 
          [-0.027,  0.905,  1.517,  0.862], 
          [ 0.084,  0.961,  0.068,  0.652], 
          [ 0.097,  1.004,  0.066,  0.673], 
          [-0.019,  1.107,  0.081,  0.767], 
          [-0.089,  0.807,  0.049,  0.639], 
          [-0.116,  0.831,  0.039,  0.634], 
          [-0.106,  0.993,  0.057,  0.729]
        ]
    }
]
