[
    {
        "id": 0,
        "keypoints3d": [
          [-1.047, -1.136,  1.519,  0.810], 
          [-1.136, -1.257,  1.351,  0.867], 
          [-0.986, -1.336,  1.344,  0.855], 
          [-1.016, -1.409,  1.097,  0.746], 
          [-1.095, -1.405,  0.893,  0.772], 
          [-1.270, -1.184,  1.356,  0.834], 
          [-1.319, -1.225,  1.096,  0.786], 
          [-1.258, -1.325,  0.894,  0.645], 
          [-1.126, -1.261,  0.833,  0.752], 
          [-1.025, -1.288,  0.831,  0.746], 
          [-1.025, -1.312,  0.461,  0.828], 
          [-1.063, -1.355,  0.109,  0.860], 
          [-1.219, -1.220,  0.838,  0.725], 
          [-1.219, -1.259,  0.455,  0.823], 
          [-1.252, -1.297,  0.095,  0.844], 
          [-1.022, -1.171,  1.546,  0.819], 
          [-1.086, -1.132,  1.561,  0.834], 
          [-1.018, -1.258,  1.539,  0.779], 
          [-1.170, -1.177,  1.562,  0.845], 
          [-1.191, -1.151,  0.050,  0.652], 
          [-1.241, -1.166,  0.052,  0.679], 
          [-1.257, -1.329,  0.050,  0.678], 
          [-0.982, -1.227,  0.083,  0.718], 
          [-0.964, -1.280,  0.085,  0.707], 
          [-1.079, -1.369,  0.055,  0.709]
        ]
    },
    {
        "id": 2,
        "keypoints3d": [
          [ 1.045, -1.313,  1.577,  0.889], 
          [ 1.135, -1.398,  1.387,  0.856], 
          [ 1.242, -1.274,  1.390,  0.810], 
          [ 1.129, -1.158,  1.183,  0.796], 
          [ 0.967, -1.351,  1.194,  0.808], 
          [ 1.009, -1.515,  1.379,  0.807], 
          [ 0.909, -1.440,  1.144,  0.853], 
          [ 1.060, -1.240,  1.176,  0.761], 
          [ 1.090, -1.350,  0.866,  0.722], 
          [ 1.150, -1.270,  0.863,  0.719], 
          [ 1.185, -1.294,  0.469,  0.776], 
          [ 1.238, -1.339,  0.060,  0.780], 
          [ 1.022, -1.427,  0.863,  0.700], 
          [ 1.036, -1.432,  0.479,  0.660], 
          [ 1.077, -1.468,  0.105,  0.763], 
          [ 1.076, -1.296,  1.612,  0.834], 
          [ 1.028, -1.351,  1.602,  0.868], 
          [ 1.175, -1.324,  1.608,  0.828], 
          [ 1.065, -1.438,  1.575,  0.879], 
          [ 0.975, -1.361,  0.061,  0.718], 
          [ 0.965, -1.439,  0.058,  0.726], 
          [ 1.105, -1.479,  0.053,  0.693], 
          [ 1.118, -1.237,  0.031,  0.678], 
          [ 1.189, -1.216,  0.028,  0.684], 
          [ 1.253, -1.379,  0.021,  0.586]
        ]
    },
    {
        "id": 4,
        "keypoints3d": [
          [-0.807,  0.336,  1.518,  0.857], 
          [-0.599,  0.249,  1.384,  0.855], 
          [-0.523,  0.397,  1.394,  0.820], 
          [-0.428,  0.413,  1.130,  0.803], 
          [-0.445,  0.443,  0.891,  0.891], 
          [-0.679,  0.110,  1.386,  0.830], 
          [-0.686,  0.014,  1.122,  0.812], 
          [-0.723,  0.039,  0.870,  0.808], 
          [-0.555,  0.239,  0.875,  0.741], 
          [-0.511,  0.336,  0.879,  0.737], 
          [-0.619,  0.409,  0.504,  0.768], 
          [-0.461,  0.469,  0.144,  0.838], 
          [-0.598,  0.144,  0.874,  0.728], 
          [-0.661,  0.140,  0.501,  0.751], 
          [-0.584,  0.141,  0.100,  0.755], 
          [-0.798,  0.355,  1.554,  0.824], 
          [-0.824,  0.292,  1.543,  0.715], 
          [-0.703,  0.392,  1.581,  0.683], 
          [-0.735,  0.235,  1.568,  0.830], 
          [-0.741,  0.137,  0.039,  0.832], 
          [-0.720,  0.095,  0.044,  0.847], 
          [-0.532,  0.145,  0.056,  0.671], 
          [-0.604,  0.526,  0.062,  0.799], 
          [-0.552,  0.552,  0.073,  0.818], 
          [-0.411,  0.447,  0.104,  0.777]
        ]
    },
    {
        "id": 6,
        "keypoints3d": [
          [-0.112,  0.896,  1.484,  0.852], 
          [-0.108,  1.077,  1.296,  0.870], 
          [-0.237,  1.021,  1.301,  0.837], 
          [-0.327,  1.042,  1.059,  0.826], 
          [-0.362,  0.992,  0.832,  0.818], 
          [ 0.032,  1.131,  1.306,  0.846], 
          [ 0.095,  1.176,  1.057,  0.848], 
          [ 0.150,  1.127,  0.837,  0.869], 
          [-0.111,  1.065,  0.789,  0.782], 
          [-0.197,  1.020,  0.792,  0.757], 
          [-0.152,  0.964,  0.435,  0.823], 
          [-0.122,  0.958,  0.098,  0.784], 
          [-0.031,  1.104,  0.786,  0.764], 
          [-0.066,  1.115,  0.427,  0.825], 
          [-0.157,  1.207,  0.093,  0.870], 
          [-0.139,  0.926,  1.516,  0.818], 
          [-0.085,  0.930,  1.515,  0.887], 
          [-0.176,  1.010,  1.506,  0.732], 
          [-0.018,  1.025,  1.513,  0.839], 
          [-0.057,  1.121,  0.031,  0.721], 
          [-0.056,  1.159,  0.038,  0.704], 
          [-0.189,  1.224,  0.054,  0.762], 
          [-0.087,  0.802,  0.055,  0.719], 
          [-0.128,  0.814,  0.038,  0.659], 
          [-0.112,  0.984,  0.063,  0.792]
        ]
    }
]
