[
    {
        "id": 0,
        "keypoints3d": [
          [ 1.033, -1.322,  1.579,  0.887], 
          [ 1.133, -1.402,  1.388,  0.856], 
          [ 1.242, -1.282,  1.394,  0.807], 
          [ 1.128, -1.159,  1.189,  0.865], 
          [ 0.971, -1.352,  1.195,  0.785], 
          [ 1.003, -1.523,  1.380,  0.809], 
          [ 0.909, -1.449,  1.144,  0.777], 
          [ 1.061, -1.248,  1.176,  0.687], 
          [ 1.093, -1.355,  0.866,  0.718], 
          [ 1.149, -1.274,  0.872,  0.713], 
          [ 1.178, -1.305,  0.476,  0.754], 
          [ 1.235, -1.349,  0.086,  0.784], 
          [ 1.020, -1.437,  0.865,  0.697], 
          [ 1.041, -1.435,  0.476,  0.712], 
          [ 1.073, -1.470,  0.103,  0.843], 
          [ 1.078, -1.302,  1.615,  0.822], 
          [ 1.015, -1.363,  1.608,  0.868], 
          [ 1.172, -1.328,  1.605,  0.902], 
          [ 1.063, -1.440,  1.577,  0.868], 
          [ 0.981, -1.356,  0.059,  0.719], 
          [ 0.969, -1.437,  0.057,  0.727], 
          [ 1.108, -1.486,  0.052,  0.702], 
          [ 1.111, -1.246,  0.053,  0.718], 
          [ 1.182, -1.220,  0.049,  0.725], 
          [ 1.247, -1.387,  0.039,  0.673]
        ]
    },
    {
        "id": 2,
        "keypoints3d": [
          [-0.963, -1.166,  1.515,  0.903], 
          [-1.050, -1.279,  1.342,  0.858], 
          [-0.895, -1.360,  1.325,  0.831], 
          [-0.955, -1.428,  1.055,  0.841], 
          [-1.026, -1.434,  0.862,  0.686], 
          [-1.193, -1.202,  1.355,  0.855], 
          [-1.251, -1.238,  1.093,  0.793], 
          [-1.166, -1.355,  0.864,  0.752], 
          [-1.045, -1.275,  0.825,  0.747], 
          [-0.956, -1.332,  0.817,  0.717], 
          [-1.012, -1.353,  0.440,  0.768], 
          [-1.065, -1.359,  0.103,  0.843], 
          [-1.139, -1.226,  0.829,  0.735], 
          [-1.147, -1.197,  0.456,  0.824], 
          [-1.224, -1.295,  0.098,  0.818], 
          [-0.938, -1.188,  1.543,  0.798], 
          [-0.995, -1.161,  1.554,  0.824], 
          [-0.924, -1.277,  1.529,  0.789], 
          [-1.074, -1.206,  1.558,  0.857], 
          [-1.186, -1.143,  0.046,  0.695], 
          [-1.228, -1.166,  0.052,  0.663], 
          [-1.236, -1.334,  0.049,  0.628], 
          [-0.978, -1.257,  0.071,  0.763], 
          [-0.959, -1.315,  0.075,  0.748], 
          [-1.079, -1.376,  0.048,  0.695]
        ]
    },
    {
        "id": 4,
        "keypoints3d": [
          [-0.731,  0.639,  1.585,  0.797], 
          [-0.633,  0.487,  1.410,  0.846], 
          [-0.511,  0.574,  1.419,  0.855], 
          [-0.465,  0.606,  1.141,  0.836], 
          [-0.478,  0.648,  0.893,  0.815], 
          [-0.766,  0.394,  1.408,  0.859], 
          [-0.823,  0.375,  1.138,  0.768], 
          [-0.876,  0.469,  0.900,  0.779], 
          [-0.643,  0.481,  0.879,  0.727], 
          [-0.556,  0.550,  0.883,  0.689], 
          [-0.595,  0.560,  0.493,  0.732], 
          [-0.637,  0.510,  0.098,  0.765], 
          [-0.727,  0.431,  0.877,  0.720], 
          [-0.783,  0.364,  0.523,  0.774], 
          [-0.686,  0.280,  0.148,  0.732], 
          [-0.698,  0.648,  1.621,  0.715], 
          [-0.763,  0.609,  1.623,  0.869], 
          [-0.617,  0.609,  1.629,  0.778], 
          [-0.748,  0.503,  1.623,  0.885], 
          [-0.807,  0.288,  0.028,  0.803], 
          [-0.802,  0.248,  0.043,  0.801], 
          [-0.632,  0.281,  0.110,  0.604], 
          [-0.689,  0.660,  0.049,  0.810], 
          [-0.650,  0.649,  0.042,  0.839], 
          [-0.631,  0.472,  0.055,  0.663]
        ]
    },
    {
        "id": 6,
        "keypoints3d": [
          [-0.114,  0.765,  1.472,  0.881], 
          [-0.085,  0.937,  1.307,  0.850], 
          [-0.226,  0.914,  1.304,  0.841], 
          [-0.294,  0.927,  1.061,  0.803], 
          [-0.309,  0.845,  0.860,  0.837], 
          [ 0.057,  0.984,  1.321,  0.832], 
          [ 0.133,  1.010,  1.080,  0.779], 
          [ 0.170,  0.944,  0.864,  0.868], 
          [-0.090,  0.938,  0.798,  0.762], 
          [-0.183,  0.918,  0.793,  0.752], 
          [-0.139,  0.918,  0.424,  0.814], 
          [-0.115,  0.955,  0.083,  0.796], 
          [ 0.013,  0.955,  0.798,  0.747], 
          [ 0.034,  0.925,  0.439,  0.797], 
          [ 0.046,  0.973,  0.097,  0.822], 
          [-0.145,  0.789,  1.518,  0.823], 
          [-0.082,  0.796,  1.517,  0.862], 
          [-0.175,  0.884,  1.515,  0.775], 
          [-0.011,  0.865,  1.518,  0.857], 
          [ 0.067,  0.819,  0.067,  0.627], 
          [ 0.102,  0.857,  0.061,  0.646], 
          [ 0.048,  1.019,  0.060,  0.707], 
          [-0.103,  0.818,  0.042,  0.669], 
          [-0.139,  0.845,  0.032,  0.735], 
          [-0.098,  0.985,  0.042,  0.657]
        ]
    }
]
