[
    {
        "id": 0,
        "keypoints3d": [
          [-1.058, -1.136,  1.516,  0.888], 
          [-1.143, -1.258,  1.354,  0.865], 
          [-0.993, -1.334,  1.347,  0.850], 
          [-1.021, -1.403,  1.092,  0.785], 
          [-1.096, -1.410,  0.906,  0.808], 
          [-1.285, -1.182,  1.359,  0.833], 
          [-1.323, -1.215,  1.096,  0.782], 
          [-1.263, -1.324,  0.896,  0.642], 
          [-1.134, -1.259,  0.832,  0.747], 
          [-1.039, -1.293,  0.831,  0.735], 
          [-1.030, -1.315,  0.451,  0.807], 
          [-1.067, -1.350,  0.104,  0.807], 
          [-1.226, -1.218,  0.835,  0.729], 
          [-1.221, -1.254,  0.454,  0.799], 
          [-1.244, -1.298,  0.084,  0.781], 
          [-1.031, -1.164,  1.549,  0.784], 
          [-1.090, -1.135,  1.558,  0.836], 
          [-1.024, -1.254,  1.537,  0.784], 
          [-1.181, -1.175,  1.558,  0.860], 
          [-1.187, -1.145,  0.033,  0.654], 
          [-1.236, -1.159,  0.038,  0.688], 
          [-1.249, -1.328,  0.040,  0.632], 
          [-0.974, -1.224,  0.083,  0.706], 
          [-0.958, -1.271,  0.086,  0.698], 
          [-1.089, -1.375,  0.045,  0.659]
        ]
    },
    {
        "id": 2,
        "keypoints3d": [
          [ 1.046, -1.310,  1.577,  0.888], 
          [ 1.138, -1.396,  1.387,  0.857], 
          [ 1.242, -1.274,  1.391,  0.812], 
          [ 1.130, -1.158,  1.183,  0.872], 
          [ 0.968, -1.351,  1.193,  0.807], 
          [ 1.009, -1.514,  1.379,  0.805], 
          [ 0.913, -1.442,  1.145,  0.862], 
          [ 1.058, -1.243,  1.176,  0.759], 
          [ 1.094, -1.352,  0.866,  0.728], 
          [ 1.149, -1.269,  0.864,  0.720], 
          [ 1.184, -1.294,  0.471,  0.769], 
          [ 1.237, -1.339,  0.061,  0.768], 
          [ 1.023, -1.428,  0.865,  0.708], 
          [ 1.037, -1.430,  0.476,  0.657], 
          [ 1.074, -1.471,  0.101,  0.842], 
          [ 1.074, -1.291,  1.619,  0.833], 
          [ 1.029, -1.351,  1.603,  0.870], 
          [ 1.173, -1.325,  1.607,  0.825], 
          [ 1.064, -1.438,  1.575,  0.882], 
          [ 0.974, -1.366,  0.057,  0.718], 
          [ 0.965, -1.438,  0.056,  0.726], 
          [ 1.108, -1.482,  0.052,  0.696], 
          [ 1.116, -1.238,  0.037,  0.666], 
          [ 1.187, -1.218,  0.034,  0.673], 
          [ 1.253, -1.381,  0.020,  0.632]
        ]
    },
    {
        "id": 4,
        "keypoints3d": [
          [-0.158,  0.943,  1.497,  0.770], 
          [-0.100,  1.082,  1.294,  0.844], 
          [-0.238,  1.035,  1.301,  0.835], 
          [-0.333,  1.059,  1.059,  0.856], 
          [-0.374,  1.019,  0.841,  0.877], 
          [ 0.037,  1.138,  1.300,  0.797], 
          [ 0.094,  1.188,  1.058,  0.843], 
          [ 0.148,  1.146,  0.845,  0.873], 
          [-0.107,  1.063,  0.791,  0.791], 
          [-0.200,  1.031,  0.798,  0.768], 
          [-0.168,  0.990,  0.450,  0.826], 
          [-0.158,  0.994,  0.119,  0.793], 
          [-0.017,  1.098,  0.785,  0.760], 
          [-0.063,  1.135,  0.423,  0.813], 
          [-0.146,  1.201,  0.093,  0.819], 
          [-0.202,  0.977,  1.552,  0.788], 
          [-0.077,  0.957,  1.517,  0.887], 
          [-0.209,  1.048,  1.578,  0.745], 
          [-0.021,  1.036,  1.509,  0.845], 
          [-0.058,  1.121,  0.031,  0.716], 
          [-0.058,  1.160,  0.041,  0.695], 
          [-0.184,  1.218,  0.051,  0.689], 
          [-0.125,  0.829,  0.067,  0.697], 
          [-0.161,  0.847,  0.061,  0.709], 
          [-0.143,  1.017,  0.078,  0.757]
        ]
    },
    {
        "id": 6,
        "keypoints3d": [
          [-0.810,  0.326,  1.499,  0.768], 
          [-0.592,  0.247,  1.375,  0.869], 
          [-0.525,  0.391,  1.386,  0.832], 
          [-0.420,  0.408,  1.124,  0.910], 
          [-0.440,  0.435,  0.881,  0.875], 
          [-0.672,  0.103,  1.372,  0.836], 
          [-0.666, -0.015,  1.132,  0.821], 
          [-0.671, -0.020,  0.872,  0.735], 
          [-0.545,  0.233,  0.873,  0.755], 
          [-0.509,  0.337,  0.872,  0.738], 
          [-0.614,  0.401,  0.505,  0.750], 
          [-0.428,  0.446,  0.141,  0.833], 
          [-0.587,  0.140,  0.872,  0.735], 
          [-0.667,  0.143,  0.503,  0.758], 
          [-0.578,  0.140,  0.102,  0.746], 
          [-0.798,  0.342,  1.535,  0.877], 
          [-0.819,  0.284,  1.531,  0.796], 
          [-0.709,  0.385,  1.561,  0.703], 
          [-0.731,  0.224,  1.556,  0.854], 
          [-0.741,  0.131,  0.042,  0.819], 
          [-0.718,  0.091,  0.043,  0.828], 
          [-0.537,  0.142,  0.058,  0.692], 
          [-0.582,  0.492,  0.062,  0.802], 
          [-0.535,  0.530,  0.071,  0.805], 
          [-0.394,  0.440,  0.102,  0.743]
        ]
    }
]
