[
    {
        "id": 0,
        "keypoints3d": [
          [ 1.048, -1.310,  1.579,  0.885], 
          [ 1.137, -1.389,  1.385,  0.859], 
          [ 1.244, -1.278,  1.390,  0.810], 
          [ 1.133, -1.153,  1.183,  0.788], 
          [ 0.966, -1.343,  1.190,  0.809], 
          [ 1.007, -1.509,  1.383,  0.809], 
          [ 0.912, -1.441,  1.145,  0.865], 
          [ 1.063, -1.242,  1.177,  0.761], 
          [ 1.091, -1.352,  0.867,  0.727], 
          [ 1.151, -1.268,  0.869,  0.717], 
          [ 1.182, -1.299,  0.483,  0.749], 
          [ 1.236, -1.345,  0.081,  0.738], 
          [ 1.020, -1.425,  0.865,  0.711], 
          [ 1.035, -1.431,  0.477,  0.671], 
          [ 1.070, -1.468,  0.102,  0.843], 
          [ 1.077, -1.287,  1.614,  0.839], 
          [ 1.028, -1.349,  1.605,  0.873], 
          [ 1.176, -1.316,  1.605,  0.882], 
          [ 1.059, -1.452,  1.585,  0.859], 
          [ 0.973, -1.362,  0.058,  0.717], 
          [ 0.963, -1.433,  0.058,  0.725], 
          [ 1.107, -1.481,  0.054,  0.701], 
          [ 1.112, -1.240,  0.053,  0.728], 
          [ 1.182, -1.222,  0.047,  0.735], 
          [ 1.250, -1.378,  0.042,  0.676]
        ]
    },
    {
        "id": 2,
        "keypoints3d": [
          [-0.102,  0.956,  1.482,  0.861], 
          [-0.094,  1.112,  1.299,  0.870], 
          [-0.248,  1.082,  1.304,  0.844], 
          [-0.347,  1.109,  1.075,  0.866], 
          [-0.387,  1.055,  0.851,  0.875], 
          [ 0.045,  1.159,  1.299,  0.826], 
          [ 0.101,  1.212,  1.057,  0.859], 
          [ 0.149,  1.164,  0.850,  0.887], 
          [-0.125,  1.115,  0.793,  0.753], 
          [-0.225,  1.078,  0.798,  0.737], 
          [-0.168,  0.996,  0.449,  0.834], 
          [-0.123,  0.967,  0.106,  0.771], 
          [-0.031,  1.152,  0.794,  0.741], 
          [-0.099,  1.192,  0.434,  0.827], 
          [-0.162,  1.218,  0.097,  0.858], 
          [-0.127,  0.975,  1.513,  0.831], 
          [-0.065,  0.972,  1.521,  0.873], 
          [-0.162,  1.066,  1.495,  0.739], 
          [-0.014,  1.066,  1.508,  0.804], 
          [-0.070,  1.125,  0.032,  0.681], 
          [-0.063,  1.169,  0.040,  0.645], 
          [-0.198,  1.226,  0.045,  0.739], 
          [-0.092,  0.830,  0.044,  0.638], 
          [-0.129,  0.844,  0.049,  0.632], 
          [-0.109,  0.995,  0.063,  0.752]
        ]
    },
    {
        "id": 4,
        "keypoints3d": [
          [-1.079, -1.136,  1.516,  0.897], 
          [-1.166, -1.265,  1.355,  0.858], 
          [-1.025, -1.319,  1.348,  0.847], 
          [-1.037, -1.398,  1.085,  0.794], 
          [-1.117, -1.393,  0.887,  0.802], 
          [-1.312, -1.181,  1.358,  0.834], 
          [-1.353, -1.237,  1.098,  0.769], 
          [-1.306, -1.319,  0.897,  0.589], 
          [-1.153, -1.248,  0.832,  0.766], 
          [-1.059, -1.276,  0.831,  0.758], 
          [-1.036, -1.289,  0.455,  0.836], 
          [-1.057, -1.354,  0.106,  0.857], 
          [-1.247, -1.214,  0.831,  0.740], 
          [-1.246, -1.256,  0.450,  0.819], 
          [-1.252, -1.295,  0.081,  0.812], 
          [-1.054, -1.160,  1.546,  0.744], 
          [-1.120, -1.127,  1.558,  0.823], 
          [-1.045, -1.248,  1.534,  0.755], 
          [-1.203, -1.169,  1.561,  0.890], 
          [-1.192, -1.149,  0.041,  0.688], 
          [-1.240, -1.162,  0.040,  0.783], 
          [-1.255, -1.329,  0.036,  0.639], 
          [-0.962, -1.239,  0.074,  0.795], 
          [-0.949, -1.295,  0.075,  0.779], 
          [-1.075, -1.371,  0.051,  0.708]
        ]
    },
    {
        "id": 6,
        "keypoints3d": [
          [-0.817,  0.291,  1.430,  0.789], 
          [-0.580,  0.242,  1.338,  0.885], 
          [-0.530,  0.383,  1.343,  0.833], 
          [-0.418,  0.408,  1.089,  0.894], 
          [-0.407,  0.416,  0.842,  0.852], 
          [-0.641,  0.093,  1.335,  0.809], 
          [-0.596, -0.044,  1.103,  0.771], 
          [-0.552, -0.081,  0.837,  0.849], 
          [-0.517,  0.209,  0.837,  0.778], 
          [-0.482,  0.307,  0.839,  0.753], 
          [-0.583,  0.352,  0.462,  0.790], 
          [-0.391,  0.420,  0.121,  0.736], 
          [-0.558,  0.110,  0.839,  0.751], 
          [-0.692,  0.134,  0.490,  0.752], 
          [-0.578,  0.138,  0.105,  0.749], 
          [-0.808,  0.329,  1.478,  0.865], 
          [-0.802,  0.270,  1.461,  0.780], 
          [-0.726,  0.358,  1.488,  0.734], 
          [-0.747,  0.217,  1.500,  0.810], 
          [-0.741,  0.141,  0.049,  0.828], 
          [-0.719,  0.099,  0.046,  0.820], 
          [-0.515,  0.135,  0.055,  0.716], 
          [-0.525,  0.447,  0.043,  0.872], 
          [-0.477,  0.487,  0.058,  0.854], 
          [-0.338,  0.427,  0.097,  0.677]
        ]
    }
]
