[
    {
        "id": 0,
        "keypoints3d": [
          [ 1.048, -1.311,  1.576,  0.890], 
          [ 1.134, -1.392,  1.386,  0.860], 
          [ 1.243, -1.278,  1.389,  0.810], 
          [ 1.134, -1.156,  1.181,  0.798], 
          [ 0.967, -1.345,  1.190,  0.808], 
          [ 1.008, -1.510,  1.383,  0.808], 
          [ 0.912, -1.441,  1.145,  0.863], 
          [ 1.063, -1.235,  1.176,  0.759], 
          [ 1.091, -1.349,  0.868,  0.726], 
          [ 1.146, -1.267,  0.869,  0.713], 
          [ 1.180, -1.296,  0.479,  0.811], 
          [ 1.240, -1.342,  0.079,  0.733], 
          [ 1.022, -1.428,  0.863,  0.710], 
          [ 1.035, -1.434,  0.475,  0.674], 
          [ 1.073, -1.470,  0.102,  0.841], 
          [ 1.082, -1.287,  1.614,  0.826], 
          [ 1.027, -1.343,  1.603,  0.876], 
          [ 1.178, -1.314,  1.604,  0.886], 
          [ 1.055, -1.445,  1.582,  0.860], 
          [ 0.975, -1.367,  0.056,  0.719], 
          [ 0.965, -1.438,  0.056,  0.728], 
          [ 1.108, -1.482,  0.052,  0.702], 
          [ 1.112, -1.239,  0.050,  0.728], 
          [ 1.181, -1.222,  0.047,  0.733], 
          [ 1.253, -1.373,  0.033,  0.616]
        ]
    },
    {
        "id": 2,
        "keypoints3d": [
          [-1.098, -1.133,  1.518,  0.892], 
          [-1.180, -1.259,  1.351,  0.862], 
          [-1.044, -1.317,  1.348,  0.862], 
          [-1.041, -1.395,  1.079,  0.781], 
          [-1.132, -1.390,  0.876,  0.796], 
          [-1.328, -1.178,  1.357,  0.834], 
          [-1.379, -1.215,  1.102,  0.771], 
          [-1.328, -1.321,  0.906,  0.615], 
          [-1.161, -1.240,  0.830,  0.758], 
          [-1.068, -1.272,  0.835,  0.761], 
          [-1.037, -1.264,  0.465,  0.856], 
          [-1.062, -1.347,  0.114,  0.868], 
          [-1.257, -1.215,  0.830,  0.745], 
          [-1.246, -1.257,  0.447,  0.824], 
          [-1.244, -1.309,  0.079,  0.820], 
          [-1.067, -1.158,  1.543,  0.751], 
          [-1.131, -1.122,  1.551,  0.803], 
          [-1.065, -1.252,  1.531,  0.778], 
          [-1.209, -1.170,  1.556,  0.888], 
          [-1.196, -1.144,  0.039,  0.765], 
          [-1.247, -1.159,  0.044,  0.778], 
          [-1.254, -1.338,  0.036,  0.659], 
          [-0.975, -1.237,  0.075,  0.722], 
          [-0.957, -1.293,  0.076,  0.728], 
          [-1.075, -1.369,  0.056,  0.696]
        ]
    },
    {
        "id": 4,
        "keypoints3d": [
          [-0.103,  0.979,  1.484,  0.846], 
          [-0.100,  1.136,  1.297,  0.884], 
          [-0.249,  1.101,  1.311,  0.848], 
          [-0.354,  1.137,  1.074,  0.851], 
          [-0.390,  1.078,  0.856,  0.858], 
          [ 0.047,  1.169,  1.292,  0.843], 
          [ 0.103,  1.230,  1.051,  0.774], 
          [ 0.158,  1.172,  0.851,  0.822], 
          [-0.139,  1.132,  0.797,  0.774], 
          [-0.237,  1.099,  0.808,  0.753], 
          [-0.188,  0.986,  0.459,  0.801], 
          [-0.162,  0.965,  0.113,  0.784], 
          [-0.048,  1.168,  0.791,  0.746], 
          [-0.112,  1.200,  0.430,  0.824], 
          [-0.156,  1.218,  0.089,  0.808], 
          [-0.126,  0.999,  1.523,  0.807], 
          [-0.071,  1.007,  1.522,  0.873], 
          [-0.167,  1.091,  1.503,  0.723], 
          [-0.015,  1.082,  1.509,  0.815], 
          [-0.064,  1.123,  0.032,  0.693], 
          [-0.058,  1.162,  0.038,  0.658], 
          [-0.192,  1.221,  0.046,  0.745], 
          [-0.152,  0.818,  0.068,  0.627], 
          [-0.192,  0.834,  0.077,  0.712], 
          [-0.152,  0.994,  0.081,  0.755]
        ]
    },
    {
        "id": 6,
        "keypoints3d": [
          [-0.806,  0.270,  1.369,  0.835], 
          [-0.575,  0.238,  1.280,  0.877], 
          [-0.522,  0.377,  1.291,  0.818], 
          [-0.395,  0.409,  1.056,  0.885], 
          [-0.381,  0.409,  0.818,  0.838], 
          [-0.630,  0.095,  1.279,  0.819], 
          [-0.567, -0.043,  1.037,  0.735], 
          [-0.525, -0.121,  0.832,  0.699], 
          [-0.477,  0.192,  0.792,  0.770], 
          [-0.442,  0.286,  0.788,  0.743], 
          [-0.585,  0.348,  0.431,  0.731], 
          [-0.376,  0.404,  0.101,  0.746], 
          [-0.516,  0.087,  0.799,  0.748], 
          [-0.705,  0.125,  0.476,  0.764], 
          [-0.576,  0.129,  0.092,  0.756], 
          [-0.804,  0.327,  1.422,  0.833], 
          [-0.808,  0.244,  1.401,  0.717], 
          [-0.735,  0.369,  1.450,  0.771], 
          [-0.744,  0.206,  1.433,  0.796], 
          [-0.738,  0.140,  0.044,  0.820], 
          [-0.720,  0.100,  0.043,  0.818], 
          [-0.514,  0.122,  0.045,  0.664], 
          [-0.523,  0.458,  0.043,  0.830], 
          [-0.473,  0.489,  0.048,  0.821], 
          [-0.326,  0.407,  0.075,  0.673]
        ]
    }
]
