[
    {
        "id": 0,
        "keypoints3d": [
          [ 1.044, -1.309,  1.577,  0.891], 
          [ 1.133, -1.391,  1.387,  0.863], 
          [ 1.248, -1.278,  1.392,  0.808], 
          [ 1.141, -1.157,  1.180,  0.811], 
          [ 0.976, -1.350,  1.199,  0.789], 
          [ 0.998, -1.502,  1.382,  0.813], 
          [ 0.910, -1.435,  1.147,  0.864], 
          [ 1.078, -1.237,  1.175,  0.771], 
          [ 1.092, -1.346,  0.869,  0.725], 
          [ 1.153, -1.266,  0.871,  0.710], 
          [ 1.184, -1.300,  0.483,  0.802], 
          [ 1.237, -1.348,  0.091,  0.782], 
          [ 1.021, -1.424,  0.866,  0.711], 
          [ 1.041, -1.431,  0.480,  0.702], 
          [ 1.074, -1.473,  0.097,  0.841], 
          [ 1.075, -1.294,  1.616,  0.818], 
          [ 1.028, -1.349,  1.603,  0.865], 
          [ 1.177, -1.314,  1.606,  0.891], 
          [ 1.055, -1.445,  1.579,  0.858], 
          [ 0.973, -1.362,  0.057,  0.711], 
          [ 0.958, -1.432,  0.058,  0.718], 
          [ 1.110, -1.483,  0.047,  0.700], 
          [ 1.118, -1.241,  0.049,  0.727], 
          [ 1.182, -1.222,  0.047,  0.731], 
          [ 1.251, -1.382,  0.042,  0.669]
        ]
    },
    {
        "id": 2,
        "keypoints3d": [
          [-1.136, -1.140,  1.515,  0.899], 
          [-1.205, -1.265,  1.342,  0.877], 
          [-1.064, -1.325,  1.339,  0.874], 
          [-1.058, -1.389,  1.071,  0.799], 
          [-1.135, -1.381,  0.881,  0.640], 
          [-1.358, -1.192,  1.351,  0.841], 
          [-1.416, -1.235,  1.092,  0.788], 
          [-1.326, -1.315,  0.869,  0.550], 
          [-1.196, -1.232,  0.829,  0.761], 
          [-1.099, -1.261,  0.825,  0.743], 
          [-1.045, -1.254,  0.470,  0.860], 
          [-1.043, -1.347,  0.109,  0.822], 
          [-1.296, -1.209,  0.827,  0.739], 
          [-1.281, -1.240,  0.444,  0.843], 
          [-1.241, -1.298,  0.081,  0.857], 
          [-1.115, -1.172,  1.544,  0.774], 
          [-1.176, -1.131,  1.552,  0.844], 
          [-1.099, -1.259,  1.528,  0.751], 
          [-1.244, -1.197,  1.539,  0.862], 
          [-1.195, -1.148,  0.038,  0.769], 
          [-1.247, -1.163,  0.045,  0.802], 
          [-1.250, -1.333,  0.036,  0.704], 
          [-0.945, -1.247,  0.072,  0.719], 
          [-0.928, -1.291,  0.082,  0.694], 
          [-1.054, -1.363,  0.063,  0.709]
        ]
    },
    {
        "id": 4,
        "keypoints3d": [
          [-0.133,  1.034,  1.490,  0.851], 
          [-0.131,  1.187,  1.294,  0.871], 
          [-0.282,  1.148,  1.304,  0.861], 
          [-0.375,  1.173,  1.067,  0.866], 
          [-0.409,  1.115,  0.852,  0.863], 
          [ 0.007,  1.228,  1.294,  0.854], 
          [ 0.094,  1.270,  1.066,  0.810], 
          [ 0.139,  1.197,  0.858,  0.814], 
          [-0.163,  1.170,  0.793,  0.774], 
          [-0.257,  1.129,  0.800,  0.750], 
          [-0.315,  1.022,  0.483,  0.850], 
          [-0.436,  1.113,  0.138,  0.836], 
          [-0.062,  1.207,  0.784,  0.747], 
          [-0.104,  1.227,  0.435,  0.796], 
          [-0.160,  1.220,  0.099,  0.864], 
          [-0.161,  1.055,  1.533,  0.850], 
          [-0.088,  1.052,  1.539,  0.863], 
          [-0.198,  1.149,  1.514,  0.825], 
          [-0.035,  1.146,  1.510,  0.802], 
          [-0.061,  1.130,  0.037,  0.744], 
          [-0.053,  1.171,  0.050,  0.768], 
          [-0.187,  1.226,  0.051,  0.746], 
          [-0.478,  0.994,  0.053,  0.770], 
          [-0.502,  1.024,  0.061,  0.791], 
          [-0.429,  1.151,  0.110,  0.819]
        ]
    },
    {
        "id": 6,
        "keypoints3d": [
          [-0.714,  0.310,  0.918,  0.771], 
          [-0.479,  0.257,  0.898,  0.845], 
          [-0.407,  0.389,  0.892,  0.786], 
          [-0.155,  0.425,  0.857,  0.825], 
          [-0.201,  0.392,  0.640,  0.799], 
          [-0.543,  0.097,  0.914,  0.781], 
          [-0.407, -0.134,  0.895,  0.736], 
          [-0.402, -0.146,  0.678,  0.734], 
          [-0.314,  0.121,  0.495,  0.705], 
          [-0.264,  0.217,  0.488,  0.657], 
          [-0.617,  0.352,  0.395,  0.834], 
          [-0.384,  0.402,  0.092,  0.724], 
          [-0.363,  0.024,  0.513,  0.690], 
          [-0.735,  0.129,  0.467,  0.888], 
          [-0.578,  0.146,  0.106,  0.841], 
          [-0.705,  0.333,  0.947,  0.691], 
          [-0.733,  0.283,  0.978,  0.833], 
          [-0.647,  0.404,  0.995,  0.630], 
          [-0.659,  0.254,  1.000,  0.814], 
          [-0.738,  0.142,  0.047,  0.826], 
          [-0.711,  0.104,  0.045,  0.813], 
          [-0.514,  0.140,  0.056,  0.691], 
          [-0.520,  0.452,  0.040,  0.772], 
          [-0.480,  0.479,  0.041,  0.761], 
          [-0.327,  0.398,  0.067,  0.628]
        ]
    }
]
