[
    {
        "id": 0,
        "keypoints3d": [
          [-1.030, -1.142,  1.523,  0.874], 
          [-1.108, -1.263,  1.350,  0.855], 
          [-0.973, -1.343,  1.348,  0.855], 
          [-0.987, -1.424,  1.091,  0.716], 
          [-1.079, -1.419,  0.893,  0.759], 
          [-1.249, -1.188,  1.361,  0.845], 
          [-1.301, -1.234,  1.101,  0.744], 
          [-1.247, -1.319,  0.907,  0.610], 
          [-1.097, -1.263,  0.841,  0.743], 
          [-1.009, -1.302,  0.836,  0.746], 
          [-1.026, -1.328,  0.457,  0.829], 
          [-1.063, -1.358,  0.109,  0.855], 
          [-1.180, -1.222,  0.844,  0.713], 
          [-1.198, -1.250,  0.459,  0.835], 
          [-1.249, -1.295,  0.087,  0.854], 
          [-1.007, -1.178,  1.556,  0.779], 
          [-1.059, -1.132,  1.566,  0.852], 
          [-0.993, -1.256,  1.540,  0.783], 
          [-1.132, -1.184,  1.566,  0.864], 
          [-1.191, -1.151,  0.045,  0.661], 
          [-1.240, -1.162,  0.045,  0.678], 
          [-1.259, -1.325,  0.045,  0.690], 
          [-0.982, -1.231,  0.080,  0.680], 
          [-0.969, -1.294,  0.076,  0.619], 
          [-1.083, -1.369,  0.051,  0.695]
        ]
    },
    {
        "id": 2,
        "keypoints3d": [
          [ 1.044, -1.315,  1.578,  0.888], 
          [ 1.133, -1.395,  1.385,  0.859], 
          [ 1.241, -1.276,  1.390,  0.807], 
          [ 1.129, -1.161,  1.185,  0.870], 
          [ 0.967, -1.345,  1.197,  0.807], 
          [ 1.007, -1.519,  1.379,  0.808], 
          [ 0.909, -1.440,  1.146,  0.854], 
          [ 1.064, -1.241,  1.178,  0.754], 
          [ 1.090, -1.352,  0.863,  0.717], 
          [ 1.147, -1.273,  0.866,  0.709], 
          [ 1.176, -1.305,  0.473,  0.773], 
          [ 1.233, -1.347,  0.082,  0.719], 
          [ 1.021, -1.432,  0.864,  0.701], 
          [ 1.038, -1.436,  0.474,  0.696], 
          [ 1.075, -1.471,  0.104,  0.841], 
          [ 1.076, -1.296,  1.615,  0.827], 
          [ 1.024, -1.355,  1.602,  0.873], 
          [ 1.172, -1.329,  1.608,  0.821], 
          [ 1.064, -1.438,  1.576,  0.877], 
          [ 0.972, -1.362,  0.058,  0.715], 
          [ 0.960, -1.437,  0.060,  0.723], 
          [ 1.109, -1.480,  0.053,  0.693], 
          [ 1.106, -1.237,  0.058,  0.812], 
          [ 1.176, -1.218,  0.052,  0.811], 
          [ 1.251, -1.386,  0.039,  0.667]
        ]
    },
    {
        "id": 4,
        "keypoints3d": [
          [-0.803,  0.370,  1.546,  0.864], 
          [-0.615,  0.274,  1.405,  0.844], 
          [-0.523,  0.412,  1.412,  0.795], 
          [-0.432,  0.428,  1.141,  0.876], 
          [-0.450,  0.470,  0.899,  0.877], 
          [-0.718,  0.141,  1.402,  0.832], 
          [-0.766,  0.070,  1.135,  0.818], 
          [-0.842,  0.116,  0.892,  0.821], 
          [-0.572,  0.274,  0.885,  0.748], 
          [-0.520,  0.365,  0.895,  0.711], 
          [-0.595,  0.464,  0.521,  0.756], 
          [-0.554,  0.485,  0.111,  0.768], 
          [-0.624,  0.182,  0.883,  0.723], 
          [-0.662,  0.169,  0.512,  0.768], 
          [-0.586,  0.137,  0.115,  0.682], 
          [-0.784,  0.415,  1.593,  0.800], 
          [-0.809,  0.356,  1.580,  0.842], 
          [-0.678,  0.406,  1.601,  0.869], 
          [-0.765,  0.276,  1.585,  0.856], 
          [-0.739,  0.145,  0.037,  0.811], 
          [-0.720,  0.098,  0.044,  0.830], 
          [-0.534,  0.131,  0.060,  0.617], 
          [-0.664,  0.618,  0.053,  0.784], 
          [-0.613,  0.628,  0.072,  0.792], 
          [-0.516,  0.468,  0.066,  0.769]
        ]
    },
    {
        "id": 6,
        "keypoints3d": [
          [-0.171,  0.915,  1.500,  0.761], 
          [-0.103,  1.035,  1.300,  0.875], 
          [-0.237,  0.991,  1.300,  0.834], 
          [-0.310,  1.000,  1.049,  0.819], 
          [-0.326,  0.920,  0.835,  0.841], 
          [ 0.032,  1.095,  1.309,  0.847], 
          [ 0.102,  1.146,  1.057,  0.840], 
          [ 0.150,  1.083,  0.837,  0.842], 
          [-0.094,  1.021,  0.784,  0.770], 
          [-0.182,  0.972,  0.779,  0.747], 
          [-0.123,  0.931,  0.413,  0.823], 
          [-0.122,  0.960,  0.094,  0.861], 
          [-0.006,  1.064,  0.786,  0.739], 
          [-0.032,  1.064,  0.428,  0.827], 
          [-0.148,  1.190,  0.110,  0.855], 
          [-0.226,  0.942,  1.562,  0.793], 
          [-0.089,  0.912,  1.524,  0.893], 
          [-0.215,  1.009,  1.561,  0.755], 
          [-0.015,  0.980,  1.516,  0.813], 
          [-0.050,  1.113,  0.039,  0.693], 
          [-0.048,  1.152,  0.047,  0.696], 
          [-0.181,  1.215,  0.070,  0.749], 
          [-0.092,  0.801,  0.046,  0.719], 
          [-0.124,  0.817,  0.037,  0.734], 
          [-0.112,  0.988,  0.061,  0.749]
        ]
    }
]
