[
    {
        "id": 0,
        "keypoints3d": [
          [ 1.048, -1.311,  1.577,  0.891], 
          [ 1.137, -1.389,  1.386,  0.863], 
          [ 1.243, -1.279,  1.390,  0.810], 
          [ 1.134, -1.156,  1.181,  0.799], 
          [ 0.967, -1.342,  1.189,  0.816], 
          [ 1.003, -1.506,  1.381,  0.811], 
          [ 0.911, -1.440,  1.146,  0.861], 
          [ 1.065, -1.236,  1.175,  0.762], 
          [ 1.091, -1.349,  0.864,  0.725], 
          [ 1.147, -1.271,  0.866,  0.709], 
          [ 1.176, -1.296,  0.473,  0.810], 
          [ 1.235, -1.344,  0.077,  0.733], 
          [ 1.020, -1.425,  0.863,  0.713], 
          [ 1.032, -1.435,  0.477,  0.681], 
          [ 1.073, -1.470,  0.102,  0.841], 
          [ 1.083, -1.291,  1.614,  0.828], 
          [ 1.030, -1.340,  1.602,  0.876], 
          [ 1.178, -1.312,  1.605,  0.881], 
          [ 1.054, -1.446,  1.582,  0.861], 
          [ 0.974, -1.367,  0.057,  0.717], 
          [ 0.965, -1.438,  0.056,  0.729], 
          [ 1.108, -1.482,  0.052,  0.701], 
          [ 1.106, -1.236,  0.055,  0.817], 
          [ 1.176, -1.218,  0.052,  0.812], 
          [ 1.251, -1.380,  0.041,  0.678]
        ]
    },
    {
        "id": 2,
        "keypoints3d": [
          [-1.107, -1.136,  1.518,  0.894], 
          [-1.188, -1.257,  1.347,  0.867], 
          [-1.050, -1.319,  1.344,  0.864], 
          [-1.045, -1.394,  1.074,  0.796], 
          [-1.143, -1.386,  0.865,  0.764], 
          [-1.332, -1.177,  1.355,  0.841], 
          [-1.388, -1.212,  1.097,  0.756], 
          [-1.321, -1.312,  0.898,  0.554], 
          [-1.168, -1.236,  0.822,  0.758], 
          [-1.074, -1.267,  0.825,  0.757], 
          [-1.048, -1.258,  0.464,  0.868], 
          [-1.062, -1.350,  0.113,  0.849], 
          [-1.267, -1.214,  0.820,  0.739], 
          [-1.253, -1.253,  0.443,  0.798], 
          [-1.245, -1.304,  0.079,  0.850], 
          [-1.082, -1.153,  1.544,  0.798], 
          [-1.139, -1.121,  1.553,  0.809], 
          [-1.072, -1.252,  1.530,  0.787], 
          [-1.215, -1.177,  1.551,  0.884], 
          [-1.192, -1.147,  0.043,  0.759], 
          [-1.246, -1.161,  0.043,  0.775], 
          [-1.254, -1.333,  0.030,  0.682], 
          [-0.973, -1.242,  0.074,  0.718], 
          [-0.957, -1.294,  0.077,  0.795], 
          [-1.078, -1.372,  0.062,  0.694]
        ]
    },
    {
        "id": 4,
        "keypoints3d": [
          [-0.109,  0.985,  1.485,  0.886], 
          [-0.104,  1.151,  1.295,  0.867], 
          [-0.248,  1.112,  1.311,  0.851], 
          [-0.353,  1.148,  1.072,  0.845], 
          [-0.387,  1.081,  0.859,  0.849], 
          [ 0.036,  1.193,  1.289,  0.835], 
          [ 0.114,  1.251,  1.055,  0.845], 
          [ 0.161,  1.173,  0.855,  0.857], 
          [-0.143,  1.142,  0.797,  0.777], 
          [-0.237,  1.107,  0.803,  0.756], 
          [-0.211,  0.981,  0.473,  0.779], 
          [-0.195,  0.968,  0.107,  0.800], 
          [-0.055,  1.179,  0.791,  0.749], 
          [-0.112,  1.206,  0.430,  0.828], 
          [-0.156,  1.219,  0.089,  0.813], 
          [-0.127,  1.010,  1.524,  0.836], 
          [-0.072,  1.019,  1.525,  0.877], 
          [-0.173,  1.103,  1.504,  0.748], 
          [-0.016,  1.094,  1.509,  0.777], 
          [-0.061,  1.120,  0.027,  0.694], 
          [-0.056,  1.160,  0.037,  0.656], 
          [-0.190,  1.223,  0.041,  0.708], 
          [-0.189,  0.822,  0.062,  0.725], 
          [-0.214,  0.840,  0.070,  0.735], 
          [-0.185,  1.007,  0.069,  0.718]
        ]
    },
    {
        "id": 6,
        "keypoints3d": [
          [-0.814,  0.258,  1.321,  0.700], 
          [-0.573,  0.242,  1.242,  0.868], 
          [-0.532,  0.392,  1.245,  0.818], 
          [-0.376,  0.422,  1.014,  0.769], 
          [-0.388,  0.483,  0.728,  0.873], 
          [-0.625,  0.093,  1.237,  0.810], 
          [-0.542, -0.059,  1.021,  0.725], 
          [-0.468, -0.121,  0.784,  0.887], 
          [-0.458,  0.190,  0.771,  0.768], 
          [-0.420,  0.287,  0.770,  0.751], 
          [-0.598,  0.362,  0.433,  0.792], 
          [-0.381,  0.400,  0.098,  0.737], 
          [-0.496,  0.086,  0.772,  0.752], 
          [-0.722,  0.125,  0.481,  0.820], 
          [-0.578,  0.144,  0.099,  0.849], 
          [-0.803,  0.306,  1.357,  0.664], 
          [-0.810,  0.246,  1.363,  0.623], 
          [-0.726,  0.360,  1.399,  0.775], 
          [-0.751,  0.208,  1.402,  0.834], 
          [-0.743,  0.140,  0.047,  0.834], 
          [-0.721,  0.102,  0.044,  0.822], 
          [-0.520,  0.137,  0.051,  0.734], 
          [-0.519,  0.455,  0.039,  0.736], 
          [-0.467,  0.481,  0.044,  0.737], 
          [-0.329,  0.406,  0.074,  0.598]
        ]
    }
]
