[
    {
        "id": 0,
        "keypoints3d": [
          [ 1.033, -1.321,  1.579,  0.890], 
          [ 1.134, -1.402,  1.387,  0.860], 
          [ 1.243, -1.281,  1.391,  0.811], 
          [ 1.127, -1.161,  1.184,  0.872], 
          [ 0.970, -1.352,  1.196,  0.812], 
          [ 1.003, -1.523,  1.381,  0.813], 
          [ 0.909, -1.449,  1.145,  0.816], 
          [ 1.060, -1.244,  1.178,  0.745], 
          [ 1.088, -1.357,  0.863,  0.720], 
          [ 1.146, -1.275,  0.869,  0.714], 
          [ 1.180, -1.302,  0.473,  0.728], 
          [ 1.234, -1.350,  0.085,  0.784], 
          [ 1.018, -1.439,  0.863,  0.702], 
          [ 1.045, -1.436,  0.474,  0.709], 
          [ 1.073, -1.470,  0.103,  0.844], 
          [ 1.077, -1.298,  1.619,  0.821], 
          [ 1.016, -1.362,  1.610,  0.865], 
          [ 1.171, -1.331,  1.610,  0.842], 
          [ 1.062, -1.439,  1.579,  0.864], 
          [ 0.981, -1.355,  0.059,  0.723], 
          [ 0.962, -1.431,  0.058,  0.726], 
          [ 1.108, -1.485,  0.052,  0.703], 
          [ 1.111, -1.246,  0.052,  0.721], 
          [ 1.181, -1.222,  0.047,  0.726], 
          [ 1.247, -1.387,  0.039,  0.673]
        ]
    },
    {
        "id": 2,
        "keypoints3d": [
          [-0.763,  0.595,  1.582,  0.860], 
          [-0.641,  0.443,  1.403,  0.843], 
          [-0.511,  0.551,  1.418,  0.852], 
          [-0.475,  0.575,  1.145,  0.727], 
          [-0.486,  0.621,  0.910,  0.719], 
          [-0.768,  0.347,  1.408,  0.818], 
          [-0.832,  0.305,  1.137,  0.758], 
          [-0.899,  0.417,  0.910,  0.787], 
          [-0.623,  0.448,  0.890,  0.704], 
          [-0.548,  0.514,  0.887,  0.682], 
          [-0.600,  0.548,  0.494,  0.735], 
          [-0.634,  0.508,  0.104,  0.756], 
          [-0.705,  0.379,  0.894,  0.692], 
          [-0.752,  0.328,  0.524,  0.765], 
          [-0.652,  0.231,  0.153,  0.699], 
          [-0.729,  0.597,  1.624,  0.794], 
          [-0.783,  0.566,  1.630,  0.855], 
          [-0.632,  0.580,  1.626,  0.773], 
          [-0.760,  0.469,  1.622,  0.854], 
          [-0.774,  0.230,  0.021,  0.778], 
          [-0.756,  0.172,  0.039,  0.784], 
          [-0.596,  0.232,  0.099,  0.596], 
          [-0.689,  0.661,  0.047,  0.801], 
          [-0.657,  0.655,  0.050,  0.821], 
          [-0.629,  0.471,  0.051,  0.663]
        ]
    },
    {
        "id": 4,
        "keypoints3d": [
          [-0.969, -1.169,  1.517,  0.895], 
          [-1.055, -1.280,  1.343,  0.862], 
          [-0.899, -1.363,  1.327,  0.823], 
          [-0.951, -1.424,  1.055,  0.755], 
          [-1.037, -1.430,  0.853,  0.659], 
          [-1.200, -1.201,  1.358,  0.862], 
          [-1.257, -1.227,  1.097,  0.741], 
          [-1.161, -1.343,  0.858,  0.677], 
          [-1.049, -1.280,  0.826,  0.740], 
          [-0.961, -1.338,  0.816,  0.710], 
          [-1.013, -1.358,  0.433,  0.735], 
          [-1.063, -1.361,  0.102,  0.773], 
          [-1.140, -1.230,  0.831,  0.735], 
          [-1.163, -1.212,  0.460,  0.819], 
          [-1.229, -1.296,  0.095,  0.809], 
          [-0.947, -1.189,  1.544,  0.761], 
          [-1.009, -1.164,  1.554,  0.835], 
          [-0.927, -1.280,  1.532,  0.800], 
          [-1.088, -1.210,  1.558,  0.862], 
          [-1.186, -1.145,  0.037,  0.648], 
          [-1.233, -1.165,  0.047,  0.670], 
          [-1.245, -1.332,  0.047,  0.626], 
          [-0.975, -1.254,  0.068,  0.751], 
          [-0.955, -1.318,  0.068,  0.733], 
          [-1.082, -1.377,  0.048,  0.691]
        ]
    },
    {
        "id": 6,
        "keypoints3d": [
          [-0.117,  0.780,  1.472,  0.841], 
          [-0.091,  0.958,  1.299,  0.849], 
          [-0.230,  0.927,  1.294,  0.842], 
          [-0.300,  0.933,  1.052,  0.796], 
          [-0.307,  0.845,  0.851,  0.837], 
          [ 0.050,  1.000,  1.312,  0.838], 
          [ 0.126,  1.028,  1.069,  0.835], 
          [ 0.163,  0.957,  0.864,  0.783], 
          [-0.091,  0.947,  0.797,  0.763], 
          [-0.179,  0.922,  0.791,  0.752], 
          [-0.139,  0.921,  0.422,  0.816], 
          [-0.120,  0.958,  0.085,  0.799], 
          [ 0.009,  0.968,  0.797,  0.740], 
          [ 0.036,  0.950,  0.443,  0.821], 
          [ 0.026,  1.033,  0.108,  0.822], 
          [-0.144,  0.808,  1.522,  0.804], 
          [-0.082,  0.809,  1.530,  0.881], 
          [-0.171,  0.895,  1.513,  0.684], 
          [-0.016,  0.890,  1.518,  0.854], 
          [ 0.080,  0.908,  0.060,  0.630], 
          [ 0.107,  0.950,  0.061,  0.675], 
          [ 0.011,  1.069,  0.069,  0.766], 
          [-0.098,  0.815,  0.045,  0.732], 
          [-0.136,  0.845,  0.033,  0.740], 
          [-0.105,  0.991,  0.051,  0.673]
        ]
    }
]
