[
    {
        "id": 0,
        "keypoints3d": [
          [-1.132, -1.144,  1.522,  0.904], 
          [-1.193, -1.273,  1.344,  0.880], 
          [-1.048, -1.326,  1.341,  0.866], 
          [-1.047, -1.404,  1.077,  0.774], 
          [-1.133, -1.391,  0.864,  0.691], 
          [-1.346, -1.195,  1.350,  0.847], 
          [-1.409, -1.246,  1.102,  0.769], 
          [-1.311, -1.346,  0.879,  0.629], 
          [-1.177, -1.245,  0.828,  0.761], 
          [-1.081, -1.265,  0.828,  0.751], 
          [-1.042, -1.255,  0.473,  0.859], 
          [-1.040, -1.351,  0.110,  0.871], 
          [-1.281, -1.219,  0.833,  0.735], 
          [-1.278, -1.250,  0.448,  0.844], 
          [-1.242, -1.301,  0.078,  0.854], 
          [-1.107, -1.169,  1.556,  0.767], 
          [-1.172, -1.139,  1.557,  0.779], 
          [-1.089, -1.258,  1.536,  0.783], 
          [-1.235, -1.200,  1.544,  0.869], 
          [-1.200, -1.143,  0.041,  0.775], 
          [-1.248, -1.160,  0.045,  0.806], 
          [-1.247, -1.333,  0.033,  0.694], 
          [-0.924, -1.258,  0.068,  0.717], 
          [-0.912, -1.302,  0.074,  0.721], 
          [-1.048, -1.377,  0.052,  0.766]
        ]
    },
    {
        "id": 2,
        "keypoints3d": [
          [ 1.042, -1.309,  1.578,  0.880], 
          [ 1.133, -1.394,  1.388,  0.863], 
          [ 1.248, -1.282,  1.392,  0.813], 
          [ 1.141, -1.154,  1.181,  0.821], 
          [ 0.975, -1.356,  1.201,  0.792], 
          [ 0.998, -1.505,  1.382,  0.816], 
          [ 0.903, -1.428,  1.147,  0.865], 
          [ 1.074, -1.237,  1.175,  0.768], 
          [ 1.093, -1.348,  0.868,  0.725], 
          [ 1.152, -1.265,  0.871,  0.709], 
          [ 1.184, -1.297,  0.483,  0.810], 
          [ 1.237, -1.348,  0.089,  0.776], 
          [ 1.021, -1.425,  0.865,  0.712], 
          [ 1.039, -1.434,  0.474,  0.703], 
          [ 1.074, -1.472,  0.098,  0.841], 
          [ 1.075, -1.291,  1.613,  0.809], 
          [ 1.025, -1.354,  1.605,  0.872], 
          [ 1.174, -1.321,  1.606,  0.799], 
          [ 1.052, -1.445,  1.582,  0.857], 
          [ 0.975, -1.357,  0.058,  0.715], 
          [ 0.958, -1.431,  0.059,  0.721], 
          [ 1.105, -1.482,  0.049,  0.706], 
          [ 1.115, -1.246,  0.049,  0.732], 
          [ 1.183, -1.222,  0.046,  0.733], 
          [ 1.249, -1.380,  0.043,  0.669]
        ]
    },
    {
        "id": 4,
        "keypoints3d": [
          [-0.158,  1.038,  1.493,  0.847], 
          [-0.149,  1.185,  1.299,  0.872], 
          [-0.296,  1.146,  1.306,  0.856], 
          [-0.386,  1.172,  1.069,  0.855], 
          [-0.422,  1.103,  0.856,  0.853], 
          [-0.005,  1.230,  1.293,  0.858], 
          [ 0.060,  1.256,  1.053,  0.824], 
          [ 0.104,  1.196,  0.859,  0.841], 
          [-0.175,  1.162,  0.780,  0.778], 
          [-0.271,  1.124,  0.790,  0.754], 
          [-0.339,  1.053,  0.465,  0.853], 
          [-0.449,  1.129,  0.122,  0.880], 
          [-0.079,  1.192,  0.777,  0.753], 
          [-0.122,  1.223,  0.431,  0.772], 
          [-0.158,  1.215,  0.092,  0.876], 
          [-0.172,  1.059,  1.532,  0.827], 
          [-0.120,  1.060,  1.538,  0.868], 
          [-0.217,  1.142,  1.508,  0.834], 
          [-0.047,  1.138,  1.516,  0.798], 
          [-0.057,  1.124,  0.034,  0.735], 
          [-0.049,  1.165,  0.045,  0.764], 
          [-0.184,  1.222,  0.044,  0.769], 
          [-0.469,  1.004,  0.045,  0.727], 
          [-0.503,  1.026,  0.051,  0.730], 
          [-0.445,  1.168,  0.080,  0.816]
        ]
    },
    {
        "id": 6,
        "keypoints3d": [
          [-0.619,  0.325,  0.918,  0.727], 
          [-0.396,  0.228,  0.900,  0.851], 
          [-0.309,  0.369,  0.891,  0.780], 
          [-0.229,  0.452,  0.788,  0.832], 
          [-0.313,  0.468,  0.597,  0.862], 
          [-0.479,  0.087,  0.915,  0.788], 
          [-0.399, -0.159,  0.884,  0.796], 
          [-0.413, -0.144,  0.669,  0.771], 
          [-0.275,  0.084,  0.484,  0.713], 
          [-0.218,  0.181,  0.471,  0.673], 
          [-0.568,  0.372,  0.414,  0.848], 
          [-0.381,  0.400,  0.095,  0.733], 
          [-0.332, -0.014,  0.501,  0.685], 
          [-0.705,  0.139,  0.480,  0.888], 
          [-0.579,  0.143,  0.100,  0.855], 
          [-0.632,  0.355,  0.962,  0.622], 
          [-0.607,  0.301,  0.955,  0.700], 
          [-0.547,  0.407,  0.989,  0.774], 
          [-0.541,  0.250,  1.012,  0.817], 
          [-0.733,  0.140,  0.047,  0.839], 
          [-0.709,  0.096,  0.048,  0.829], 
          [-0.518,  0.135,  0.052,  0.744], 
          [-0.519,  0.455,  0.045,  0.813], 
          [-0.468,  0.482,  0.044,  0.714], 
          [-0.332,  0.392,  0.058,  0.584]
        ]
    }
]
