[
    {
        "id": 0,
        "keypoints3d": [
          [-0.985, -1.157,  1.523,  0.860], 
          [-1.070, -1.274,  1.346,  0.878], 
          [-0.932, -1.354,  1.343,  0.833], 
          [-0.958, -1.422,  1.087,  0.723], 
          [-1.033, -1.445,  0.899,  0.772], 
          [-1.222, -1.195,  1.360,  0.871], 
          [-1.266, -1.233,  1.098,  0.784], 
          [-1.225, -1.349,  0.897,  0.668], 
          [-1.062, -1.272,  0.828,  0.752], 
          [-0.975, -1.322,  0.824,  0.725], 
          [-1.025, -1.340,  0.445,  0.777], 
          [-1.061, -1.361,  0.108,  0.790], 
          [-1.153, -1.228,  0.834,  0.747], 
          [-1.173, -1.224,  0.460,  0.841], 
          [-1.237, -1.293,  0.093,  0.830], 
          [-0.965, -1.172,  1.553,  0.790], 
          [-1.028, -1.134,  1.563,  0.806], 
          [-0.957, -1.266,  1.535,  0.755], 
          [-1.113, -1.194,  1.565,  0.889], 
          [-1.187, -1.148,  0.040,  0.673], 
          [-1.230, -1.165,  0.044,  0.695], 
          [-1.249, -1.329,  0.044,  0.666], 
          [-0.974, -1.253,  0.073,  0.732], 
          [-0.964, -1.314,  0.072,  0.651], 
          [-1.082, -1.378,  0.057,  0.637]
        ]
    },
    {
        "id": 2,
        "keypoints3d": [
          [ 1.038, -1.317,  1.581,  0.884], 
          [ 1.134, -1.402,  1.387,  0.860], 
          [ 1.243, -1.281,  1.392,  0.807], 
          [ 1.127, -1.159,  1.184,  0.872], 
          [ 0.975, -1.354,  1.191,  0.810], 
          [ 1.008, -1.521,  1.379,  0.815], 
          [ 0.908, -1.446,  1.142,  0.847], 
          [ 1.060, -1.246,  1.175,  0.748], 
          [ 1.092, -1.354,  0.861,  0.722], 
          [ 1.150, -1.275,  0.867,  0.717], 
          [ 1.175, -1.306,  0.474,  0.729], 
          [ 1.233, -1.347,  0.088,  0.788], 
          [ 1.022, -1.435,  0.863,  0.699], 
          [ 1.039, -1.434,  0.476,  0.715], 
          [ 1.074, -1.471,  0.101,  0.843], 
          [ 1.076, -1.297,  1.618,  0.914], 
          [ 1.017, -1.350,  1.607,  0.865], 
          [ 1.172, -1.324,  1.609,  0.834], 
          [ 1.065, -1.437,  1.578,  0.869], 
          [ 0.978, -1.367,  0.060,  0.717], 
          [ 0.961, -1.436,  0.062,  0.723], 
          [ 1.105, -1.481,  0.052,  0.701], 
          [ 1.111, -1.240,  0.050,  0.721], 
          [ 1.182, -1.222,  0.047,  0.730], 
          [ 1.250, -1.385,  0.041,  0.676]
        ]
    },
    {
        "id": 4,
        "keypoints3d": [
          [-0.110,  0.820,  1.477,  0.772], 
          [-0.096,  0.996,  1.299,  0.876], 
          [-0.242,  0.950,  1.295,  0.860], 
          [-0.311,  0.949,  1.046,  0.772], 
          [-0.311,  0.871,  0.845,  0.855], 
          [ 0.038,  1.043,  1.308,  0.863], 
          [ 0.095,  1.081,  1.060,  0.844], 
          [ 0.143,  1.014,  0.854,  0.811], 
          [-0.094,  0.974,  0.792,  0.767], 
          [-0.182,  0.936,  0.789,  0.741], 
          [-0.149,  0.933,  0.419,  0.817], 
          [-0.119,  0.960,  0.096,  0.846], 
          [ 0.002,  1.008,  0.794,  0.734], 
          [ 0.011,  0.991,  0.433,  0.820], 
          [-0.089,  1.148,  0.146,  0.856], 
          [-0.160,  0.835,  1.523,  0.764], 
          [-0.097,  0.856,  1.523,  0.917], 
          [-0.185,  0.930,  1.509,  0.740], 
          [-0.026,  0.932,  1.520,  0.841], 
          [ 0.004,  1.085,  0.059,  0.684], 
          [-0.001,  1.124,  0.064,  0.664], 
          [-0.115,  1.185,  0.132,  0.786], 
          [-0.102,  0.804,  0.044,  0.747], 
          [-0.124,  0.823,  0.038,  0.763], 
          [-0.109,  0.995,  0.062,  0.738]
        ]
    },
    {
        "id": 6,
        "keypoints3d": [
          [-0.778,  0.491,  1.576,  0.860], 
          [-0.630,  0.352,  1.413,  0.869], 
          [-0.526,  0.476,  1.414,  0.798], 
          [-0.453,  0.491,  1.152,  0.853], 
          [-0.456,  0.546,  0.901,  0.811], 
          [-0.736,  0.235,  1.404,  0.865], 
          [-0.815,  0.184,  1.147,  0.824], 
          [-0.901,  0.283,  0.917,  0.787], 
          [-0.606,  0.355,  0.878,  0.746], 
          [-0.549,  0.449,  0.882,  0.721], 
          [-0.604,  0.508,  0.483,  0.777], 
          [-0.637,  0.491,  0.093,  0.713], 
          [-0.673,  0.284,  0.880,  0.725], 
          [-0.676,  0.227,  0.511,  0.752], 
          [-0.593,  0.154,  0.124,  0.783], 
          [-0.766,  0.514,  1.627,  0.789], 
          [-0.793,  0.457,  1.606,  0.724], 
          [-0.651,  0.489,  1.615,  0.837], 
          [-0.770,  0.372,  1.616,  0.785], 
          [-0.747,  0.149,  0.043,  0.772], 
          [-0.731,  0.102,  0.048,  0.791], 
          [-0.536,  0.140,  0.064,  0.679], 
          [-0.694,  0.663,  0.050,  0.797], 
          [-0.652,  0.657,  0.048,  0.825], 
          [-0.635,  0.466,  0.058,  0.782]
        ]
    }
]
