[
    {
        "id": 0,
        "keypoints3d": [
          [ 1.048, -1.311,  1.576,  0.890], 
          [ 1.136, -1.390,  1.386,  0.860], 
          [ 1.243, -1.278,  1.389,  0.810], 
          [ 1.134, -1.156,  1.181,  0.799], 
          [ 0.967, -1.345,  1.190,  0.808], 
          [ 1.008, -1.510,  1.383,  0.808], 
          [ 0.912, -1.441,  1.145,  0.864], 
          [ 1.060, -1.238,  1.176,  0.761], 
          [ 1.091, -1.349,  0.868,  0.726], 
          [ 1.146, -1.267,  0.869,  0.712], 
          [ 1.179, -1.296,  0.477,  0.806], 
          [ 1.238, -1.343,  0.081,  0.718], 
          [ 1.022, -1.428,  0.863,  0.712], 
          [ 1.033, -1.436,  0.477,  0.680], 
          [ 1.073, -1.470,  0.102,  0.841], 
          [ 1.082, -1.287,  1.614,  0.826], 
          [ 1.030, -1.339,  1.603,  0.876], 
          [ 1.178, -1.314,  1.605,  0.882], 
          [ 1.055, -1.445,  1.582,  0.860], 
          [ 0.975, -1.367,  0.056,  0.719], 
          [ 0.965, -1.438,  0.056,  0.728], 
          [ 1.108, -1.482,  0.052,  0.702], 
          [ 1.112, -1.239,  0.050,  0.728], 
          [ 1.181, -1.222,  0.047,  0.733], 
          [ 1.250, -1.379,  0.038,  0.677]
        ]
    },
    {
        "id": 2,
        "keypoints3d": [
          [-1.098, -1.133,  1.516,  0.891], 
          [-1.182, -1.259,  1.349,  0.862], 
          [-1.046, -1.318,  1.348,  0.862], 
          [-1.040, -1.395,  1.079,  0.787], 
          [-1.132, -1.390,  0.876,  0.796], 
          [-1.328, -1.178,  1.357,  0.834], 
          [-1.376, -1.214,  1.102,  0.771], 
          [-1.328, -1.324,  0.912,  0.618], 
          [-1.161, -1.240,  0.829,  0.760], 
          [-1.068, -1.272,  0.833,  0.761], 
          [-1.038, -1.264,  0.464,  0.856], 
          [-1.062, -1.347,  0.114,  0.869], 
          [-1.260, -1.216,  0.828,  0.747], 
          [-1.248, -1.256,  0.444,  0.824], 
          [-1.244, -1.309,  0.079,  0.820], 
          [-1.068, -1.159,  1.543,  0.776], 
          [-1.131, -1.122,  1.551,  0.804], 
          [-1.065, -1.252,  1.531,  0.778], 
          [-1.210, -1.170,  1.554,  0.889], 
          [-1.195, -1.145,  0.042,  0.762], 
          [-1.247, -1.159,  0.044,  0.776], 
          [-1.254, -1.338,  0.038,  0.661], 
          [-0.978, -1.239,  0.074,  0.720], 
          [-0.960, -1.294,  0.076,  0.727], 
          [-1.075, -1.369,  0.056,  0.694]
        ]
    },
    {
        "id": 4,
        "keypoints3d": [
          [-0.105,  0.976,  1.485,  0.889], 
          [-0.099,  1.137,  1.297,  0.881], 
          [-0.250,  1.102,  1.309,  0.846], 
          [-0.353,  1.139,  1.074,  0.853], 
          [-0.390,  1.078,  0.856,  0.858], 
          [ 0.046,  1.170,  1.290,  0.842], 
          [ 0.105,  1.234,  1.053,  0.758], 
          [ 0.159,  1.173,  0.852,  0.790], 
          [-0.138,  1.134,  0.796,  0.775], 
          [-0.236,  1.103,  0.806,  0.751], 
          [-0.190,  0.985,  0.458,  0.795], 
          [-0.164,  0.964,  0.112,  0.780], 
          [-0.048,  1.170,  0.790,  0.746], 
          [-0.112,  1.200,  0.430,  0.824], 
          [-0.157,  1.218,  0.087,  0.806], 
          [-0.125,  1.000,  1.522,  0.832], 
          [-0.071,  1.007,  1.522,  0.873], 
          [-0.165,  1.094,  1.502,  0.718], 
          [-0.015,  1.082,  1.509,  0.815], 
          [-0.064,  1.123,  0.031,  0.694], 
          [-0.058,  1.162,  0.037,  0.660], 
          [-0.191,  1.224,  0.044,  0.750], 
          [-0.158,  0.819,  0.061,  0.636], 
          [-0.197,  0.834,  0.073,  0.723], 
          [-0.156,  0.999,  0.073,  0.762]
        ]
    },
    {
        "id": 6,
        "keypoints3d": [
          [-0.813,  0.265,  1.365,  0.828], 
          [-0.576,  0.240,  1.277,  0.879], 
          [-0.523,  0.378,  1.288,  0.816], 
          [-0.395,  0.412,  1.053,  0.871], 
          [-0.377,  0.413,  0.816,  0.833], 
          [-0.633,  0.095,  1.276,  0.818], 
          [-0.568, -0.041,  1.033,  0.752], 
          [-0.525, -0.121,  0.832,  0.692], 
          [-0.475,  0.194,  0.790,  0.771], 
          [-0.438,  0.289,  0.788,  0.743], 
          [-0.587,  0.350,  0.425,  0.736], 
          [-0.377,  0.405,  0.098,  0.746], 
          [-0.515,  0.090,  0.795,  0.752], 
          [-0.710,  0.123,  0.475,  0.767], 
          [-0.573,  0.131,  0.092,  0.756], 
          [-0.810,  0.321,  1.416,  0.828], 
          [-0.809,  0.244,  1.400,  0.721], 
          [-0.739,  0.371,  1.441,  0.755], 
          [-0.744,  0.206,  1.433,  0.796], 
          [-0.738,  0.140,  0.044,  0.822], 
          [-0.718,  0.102,  0.043,  0.819], 
          [-0.514,  0.122,  0.045,  0.666], 
          [-0.523,  0.458,  0.043,  0.836], 
          [-0.473,  0.489,  0.048,  0.829], 
          [-0.327,  0.407,  0.075,  0.669]
        ]
    }
]
