[
    {
        "id": 0,
        "keypoints3d": [
          [ 1.044, -1.309,  1.577,  0.889], 
          [ 1.136, -1.389,  1.387,  0.861], 
          [ 1.248, -1.280,  1.391,  0.816], 
          [ 1.138, -1.158,  1.180,  0.799], 
          [ 0.975, -1.355,  1.200,  0.792], 
          [ 1.001, -1.504,  1.381,  0.814], 
          [ 0.912, -1.434,  1.146,  0.865], 
          [ 1.073, -1.241,  1.173,  0.768], 
          [ 1.091, -1.346,  0.869,  0.727], 
          [ 1.152, -1.264,  0.868,  0.716], 
          [ 1.185, -1.298,  0.486,  0.809], 
          [ 1.236, -1.349,  0.089,  0.778], 
          [ 1.020, -1.423,  0.868,  0.713], 
          [ 1.041, -1.432,  0.478,  0.700], 
          [ 1.074, -1.472,  0.097,  0.842], 
          [ 1.076, -1.295,  1.613,  0.822], 
          [ 1.028, -1.349,  1.603,  0.869], 
          [ 1.177, -1.314,  1.606,  0.896], 
          [ 1.055, -1.445,  1.580,  0.861], 
          [ 0.974, -1.363,  0.057,  0.720], 
          [ 0.958, -1.432,  0.058,  0.727], 
          [ 1.107, -1.483,  0.048,  0.696], 
          [ 1.111, -1.245,  0.052,  0.818], 
          [ 1.176, -1.218,  0.052,  0.810], 
          [ 1.250, -1.382,  0.041,  0.666]
        ]
    },
    {
        "id": 2,
        "keypoints3d": [
          [-1.137, -1.136,  1.513,  0.890], 
          [-1.206, -1.263,  1.341,  0.879], 
          [-1.064, -1.320,  1.337,  0.878], 
          [-1.058, -1.386,  1.071,  0.792], 
          [-1.138, -1.381,  0.881,  0.696], 
          [-1.362, -1.188,  1.350,  0.843], 
          [-1.419, -1.235,  1.092,  0.794], 
          [-1.329, -1.339,  0.879,  0.632], 
          [-1.199, -1.232,  0.826,  0.763], 
          [-1.100, -1.259,  0.824,  0.742], 
          [-1.053, -1.254,  0.469,  0.859], 
          [-1.052, -1.350,  0.108,  0.833], 
          [-1.296, -1.206,  0.825,  0.737], 
          [-1.282, -1.241,  0.444,  0.840], 
          [-1.242, -1.302,  0.081,  0.856], 
          [-1.110, -1.160,  1.539,  0.769], 
          [-1.177, -1.134,  1.546,  0.806], 
          [-1.098, -1.244,  1.528,  0.750], 
          [-1.248, -1.191,  1.542,  0.856], 
          [-1.194, -1.153,  0.036,  0.766], 
          [-1.245, -1.163,  0.040,  0.799], 
          [-1.253, -1.336,  0.033,  0.701], 
          [-0.954, -1.246,  0.073,  0.738], 
          [-0.936, -1.292,  0.082,  0.716], 
          [-1.064, -1.374,  0.060,  0.694]
        ]
    },
    {
        "id": 4,
        "keypoints3d": [
          [-0.127,  1.034,  1.489,  0.840], 
          [-0.122,  1.184,  1.296,  0.880], 
          [-0.276,  1.150,  1.307,  0.854], 
          [-0.369,  1.180,  1.068,  0.865], 
          [-0.402,  1.110,  0.855,  0.868], 
          [ 0.015,  1.230,  1.294,  0.840], 
          [ 0.103,  1.270,  1.062,  0.780], 
          [ 0.152,  1.193,  0.860,  0.787], 
          [-0.158,  1.170,  0.796,  0.776], 
          [-0.250,  1.128,  0.801,  0.751], 
          [-0.283,  1.005,  0.490,  0.831], 
          [-0.382,  1.098,  0.154,  0.781], 
          [-0.056,  1.212,  0.786,  0.748], 
          [-0.096,  1.218,  0.437,  0.817], 
          [-0.161,  1.219,  0.094,  0.858], 
          [-0.160,  1.056,  1.534,  0.845], 
          [-0.083,  1.047,  1.535,  0.869], 
          [-0.191,  1.142,  1.510,  0.717], 
          [-0.028,  1.144,  1.511,  0.798], 
          [-0.062,  1.134,  0.040,  0.745], 
          [-0.051,  1.169,  0.048,  0.775], 
          [-0.190,  1.227,  0.050,  0.732], 
          [-0.415,  0.971,  0.056,  0.737], 
          [-0.458,  1.000,  0.068,  0.753], 
          [-0.405,  1.138,  0.115,  0.817]
        ]
    },
    {
        "id": 6,
        "keypoints3d": [
          [-0.750,  0.294,  0.984,  0.736], 
          [-0.503,  0.255,  0.953,  0.856], 
          [-0.442,  0.399,  0.960,  0.799], 
          [-0.226,  0.443,  0.886,  0.763], 
          [-0.200,  0.389,  0.661,  0.817], 
          [-0.566,  0.093,  0.958,  0.788], 
          [-0.422, -0.119,  0.895,  0.743], 
          [-0.406, -0.157,  0.702,  0.691], 
          [-0.348,  0.154,  0.567,  0.755], 
          [-0.318,  0.256,  0.560,  0.699], 
          [-0.626,  0.344,  0.377,  0.808], 
          [-0.387,  0.402,  0.093,  0.737], 
          [-0.387,  0.048,  0.564,  0.734], 
          [-0.748,  0.123,  0.464,  0.897], 
          [-0.581,  0.145,  0.100,  0.843], 
          [-0.755,  0.330,  1.030,  0.680], 
          [-0.744,  0.270,  1.020,  0.798], 
          [-0.692,  0.397,  1.057,  0.685], 
          [-0.679,  0.239,  1.063,  0.772], 
          [-0.741,  0.141,  0.041,  0.824], 
          [-0.717,  0.106,  0.038,  0.807], 
          [-0.516,  0.144,  0.059,  0.706], 
          [-0.521,  0.455,  0.042,  0.800], 
          [-0.481,  0.481,  0.045,  0.790], 
          [-0.318,  0.399,  0.070,  0.644]
        ]
    }
]
