[
    {
        "id": 0,
        "keypoints3d": [
          [-0.103,  0.995,  1.486,  0.860], 
          [-0.105,  1.158,  1.298,  0.871], 
          [-0.250,  1.120,  1.312,  0.850], 
          [-0.354,  1.161,  1.074,  0.845], 
          [-0.388,  1.090,  0.854,  0.847], 
          [ 0.037,  1.197,  1.288,  0.847], 
          [ 0.114,  1.254,  1.059,  0.849], 
          [ 0.165,  1.180,  0.856,  0.859], 
          [-0.142,  1.147,  0.797,  0.782], 
          [-0.237,  1.109,  0.801,  0.761], 
          [-0.227,  0.987,  0.468,  0.811], 
          [-0.222,  0.985,  0.099,  0.848], 
          [-0.051,  1.185,  0.787,  0.749], 
          [-0.110,  1.213,  0.427,  0.817], 
          [-0.157,  1.220,  0.089,  0.874], 
          [-0.130,  1.025,  1.528,  0.830], 
          [-0.060,  1.028,  1.531,  0.886], 
          [-0.176,  1.111,  1.507,  0.761], 
          [-0.009,  1.109,  1.515,  0.802], 
          [-0.057,  1.120,  0.031,  0.748], 
          [-0.048,  1.160,  0.037,  0.726], 
          [-0.192,  1.224,  0.039,  0.764], 
          [-0.215,  0.832,  0.057,  0.754], 
          [-0.253,  0.851,  0.060,  0.741], 
          [-0.218,  1.018,  0.061,  0.760]
        ]
    },
    {
        "id": 2,
        "keypoints3d": [
          [-1.114, -1.129,  1.518,  0.893], 
          [-1.193, -1.261,  1.346,  0.871], 
          [-1.055, -1.318,  1.345,  0.868], 
          [-1.049, -1.395,  1.078,  0.777], 
          [-1.140, -1.391,  0.876,  0.774], 
          [-1.339, -1.180,  1.353,  0.843], 
          [-1.399, -1.217,  1.098,  0.788], 
          [-1.363, -1.294,  0.904,  0.620], 
          [-1.174, -1.234,  0.820,  0.760], 
          [-1.083, -1.261,  0.824,  0.756], 
          [-1.050, -1.258,  0.460,  0.860], 
          [-1.059, -1.351,  0.111,  0.819], 
          [-1.272, -1.214,  0.823,  0.747], 
          [-1.261, -1.248,  0.442,  0.804], 
          [-1.244, -1.306,  0.079,  0.853], 
          [-1.086, -1.148,  1.541,  0.768], 
          [-1.142, -1.123,  1.550,  0.778], 
          [-1.080, -1.244,  1.527,  0.806], 
          [-1.220, -1.181,  1.549,  0.873], 
          [-1.199, -1.147,  0.043,  0.764], 
          [-1.240, -1.160,  0.042,  0.778], 
          [-1.255, -1.335,  0.035,  0.689], 
          [-0.968, -1.240,  0.074,  0.796], 
          [-0.954, -1.296,  0.077,  0.795], 
          [-1.075, -1.377,  0.057,  0.665]
        ]
    },
    {
        "id": 4,
        "keypoints3d": [
          [ 1.048, -1.311,  1.577,  0.891], 
          [ 1.136, -1.389,  1.386,  0.863], 
          [ 1.243, -1.279,  1.390,  0.809], 
          [ 1.138, -1.157,  1.182,  0.804], 
          [ 0.968, -1.346,  1.186,  0.817], 
          [ 1.002, -1.504,  1.382,  0.809], 
          [ 0.912, -1.441,  1.145,  0.864], 
          [ 1.063, -1.238,  1.176,  0.763], 
          [ 1.091, -1.350,  0.866,  0.730], 
          [ 1.150, -1.269,  0.869,  0.714], 
          [ 1.174, -1.300,  0.480,  0.801], 
          [ 1.233, -1.347,  0.088,  0.779], 
          [ 1.021, -1.425,  0.866,  0.717], 
          [ 1.037, -1.431,  0.477,  0.691], 
          [ 1.074, -1.472,  0.101,  0.842], 
          [ 1.083, -1.291,  1.614,  0.828], 
          [ 1.030, -1.340,  1.602,  0.876], 
          [ 1.178, -1.314,  1.605,  0.882], 
          [ 1.054, -1.445,  1.584,  0.861], 
          [ 0.972, -1.363,  0.058,  0.719], 
          [ 0.965, -1.439,  0.055,  0.732], 
          [ 1.104, -1.483,  0.052,  0.701], 
          [ 1.112, -1.239,  0.050,  0.727], 
          [ 1.181, -1.222,  0.047,  0.731], 
          [ 1.251, -1.379,  0.041,  0.676]
        ]
    },
    {
        "id": 6,
        "keypoints3d": [
          [-0.816,  0.271,  1.275,  0.667], 
          [-0.573,  0.243,  1.212,  0.862], 
          [-0.522,  0.391,  1.220,  0.800], 
          [-0.354,  0.437,  0.995,  0.841], 
          [-0.310,  0.417,  0.761,  0.770], 
          [-0.625,  0.097,  1.215,  0.803], 
          [-0.530, -0.047,  0.990,  0.806], 
          [-0.465, -0.119,  0.769,  0.809], 
          [-0.441,  0.185,  0.763,  0.755], 
          [-0.405,  0.279,  0.754,  0.739], 
          [-0.599,  0.368,  0.420,  0.817], 
          [-0.386,  0.383,  0.096,  0.702], 
          [-0.484,  0.083,  0.763,  0.753], 
          [-0.721,  0.130,  0.460,  0.776], 
          [-0.577,  0.136,  0.098,  0.763], 
          [-0.812,  0.309,  1.315,  0.605], 
          [-0.815,  0.246,  1.311,  0.570], 
          [-0.746,  0.374,  1.362,  0.721], 
          [-0.759,  0.221,  1.358,  0.859], 
          [-0.742,  0.142,  0.045,  0.830], 
          [-0.722,  0.105,  0.043,  0.815], 
          [-0.517,  0.128,  0.055,  0.662], 
          [-0.518,  0.448,  0.038,  0.871], 
          [-0.463,  0.475,  0.032,  0.742], 
          [-0.330,  0.384,  0.074,  0.557]
        ]
    }
]
