[
    {
        "id": 0,
        "keypoints3d": [
          [-1.043, -1.134,  1.517,  0.813], 
          [-1.125, -1.257,  1.350,  0.862], 
          [-0.980, -1.340,  1.344,  0.862], 
          [-1.004, -1.415,  1.091,  0.716], 
          [-1.086, -1.412,  0.891,  0.750], 
          [-1.261, -1.182,  1.358,  0.840], 
          [-1.314, -1.224,  1.098,  0.788], 
          [-1.256, -1.325,  0.901,  0.639], 
          [-1.113, -1.265,  0.832,  0.740], 
          [-1.018, -1.298,  0.831,  0.745], 
          [-1.026, -1.318,  0.455,  0.829], 
          [-1.063, -1.355,  0.105,  0.851], 
          [-1.205, -1.220,  0.835,  0.709], 
          [-1.212, -1.253,  0.454,  0.826], 
          [-1.249, -1.294,  0.092,  0.852], 
          [-1.010, -1.168,  1.549,  0.805], 
          [-1.072, -1.134,  1.561,  0.820], 
          [-1.012, -1.260,  1.535,  0.779], 
          [-1.154, -1.179,  1.559,  0.848], 
          [-1.192, -1.149,  0.046,  0.676], 
          [-1.244, -1.164,  0.047,  0.698], 
          [-1.259, -1.328,  0.050,  0.682], 
          [-0.978, -1.235,  0.085,  0.688], 
          [-0.964, -1.285,  0.085,  0.667], 
          [-1.081, -1.372,  0.051,  0.703]
        ]
    },
    {
        "id": 2,
        "keypoints3d": [
          [ 1.044, -1.316,  1.576,  0.888], 
          [ 1.134, -1.396,  1.387,  0.857], 
          [ 1.245, -1.275,  1.390,  0.810], 
          [ 1.129, -1.161,  1.183,  0.870], 
          [ 0.968, -1.349,  1.192,  0.811], 
          [ 1.009, -1.515,  1.379,  0.808], 
          [ 0.909, -1.441,  1.142,  0.853], 
          [ 1.063, -1.240,  1.176,  0.764], 
          [ 1.090, -1.352,  0.865,  0.721], 
          [ 1.150, -1.270,  0.866,  0.716], 
          [ 1.182, -1.299,  0.470,  0.751], 
          [ 1.236, -1.342,  0.071,  0.755], 
          [ 1.023, -1.428,  0.865,  0.699], 
          [ 1.036, -1.435,  0.477,  0.656], 
          [ 1.076, -1.469,  0.104,  0.753], 
          [ 1.076, -1.296,  1.615,  0.831], 
          [ 1.027, -1.351,  1.604,  0.869], 
          [ 1.175, -1.325,  1.608,  0.821], 
          [ 1.065, -1.438,  1.575,  0.878], 
          [ 0.975, -1.361,  0.061,  0.717], 
          [ 0.960, -1.437,  0.060,  0.726], 
          [ 1.109, -1.481,  0.052,  0.693], 
          [ 1.115, -1.238,  0.046,  0.716], 
          [ 1.181, -1.215,  0.042,  0.714], 
          [ 1.252, -1.383,  0.031,  0.615]
        ]
    },
    {
        "id": 4,
        "keypoints3d": [
          [-0.113,  0.890,  1.479,  0.832], 
          [-0.104,  1.058,  1.296,  0.865], 
          [-0.234,  1.013,  1.302,  0.849], 
          [-0.321,  1.027,  1.056,  0.884], 
          [-0.351,  0.969,  0.831,  0.895], 
          [ 0.031,  1.116,  1.303,  0.856], 
          [ 0.093,  1.168,  1.061,  0.852], 
          [ 0.149,  1.110,  0.834,  0.851], 
          [-0.106,  1.046,  0.788,  0.777], 
          [-0.191,  1.000,  0.790,  0.748], 
          [-0.146,  0.950,  0.430,  0.823], 
          [-0.122,  0.957,  0.095,  0.802], 
          [-0.024,  1.092,  0.785,  0.761], 
          [-0.050,  1.093,  0.434,  0.838], 
          [-0.157,  1.203,  0.096,  0.869], 
          [-0.141,  0.915,  1.518,  0.807], 
          [-0.083,  0.923,  1.520,  0.897], 
          [-0.182,  0.999,  1.506,  0.779], 
          [-0.009,  1.003,  1.519,  0.815], 
          [-0.059,  1.117,  0.031,  0.718], 
          [-0.056,  1.156,  0.043,  0.703], 
          [-0.188,  1.221,  0.061,  0.761], 
          [-0.093,  0.797,  0.053,  0.722], 
          [-0.129,  0.817,  0.036,  0.657], 
          [-0.110,  0.985,  0.064,  0.788]
        ]
    },
    {
        "id": 6,
        "keypoints3d": [
          [-0.795,  0.342,  1.524,  0.905], 
          [-0.606,  0.255,  1.394,  0.844], 
          [-0.523,  0.397,  1.403,  0.813], 
          [-0.431,  0.418,  1.134,  0.885], 
          [-0.446,  0.452,  0.901,  0.892], 
          [-0.691,  0.117,  1.391,  0.844], 
          [-0.711,  0.034,  1.118,  0.828], 
          [-0.776,  0.059,  0.880,  0.754], 
          [-0.563,  0.255,  0.878,  0.739], 
          [-0.515,  0.339,  0.882,  0.725], 
          [-0.616,  0.421,  0.506,  0.770], 
          [-0.490,  0.469,  0.134,  0.855], 
          [-0.609,  0.156,  0.873,  0.735], 
          [-0.667,  0.147,  0.510,  0.761], 
          [-0.585,  0.143,  0.102,  0.754], 
          [-0.791,  0.375,  1.571,  0.862], 
          [-0.826,  0.315,  1.568,  0.724], 
          [-0.688,  0.398,  1.591,  0.828], 
          [-0.742,  0.252,  1.577,  0.826], 
          [-0.740,  0.138,  0.041,  0.831], 
          [-0.720,  0.095,  0.044,  0.855], 
          [-0.532,  0.139,  0.058,  0.695], 
          [-0.627,  0.557,  0.071,  0.817], 
          [-0.587,  0.578,  0.075,  0.811], 
          [-0.446,  0.457,  0.091,  0.770]
        ]
    }
]
