[
    {
        "id": 0,
        "keypoints3d": [
          [-1.064, -1.133,  1.518,  0.885], 
          [-1.151, -1.262,  1.353,  0.859], 
          [-0.998, -1.330,  1.348,  0.845], 
          [-1.022, -1.398,  1.091,  0.765], 
          [-1.108, -1.399,  0.894,  0.763], 
          [-1.293, -1.185,  1.356,  0.833], 
          [-1.336, -1.227,  1.099,  0.749], 
          [-1.294, -1.335,  0.923,  0.521], 
          [-1.138, -1.251,  0.832,  0.759], 
          [-1.043, -1.278,  0.832,  0.745], 
          [-1.029, -1.301,  0.459,  0.820], 
          [-1.062, -1.350,  0.110,  0.857], 
          [-1.233, -1.212,  0.835,  0.732], 
          [-1.227, -1.261,  0.453,  0.819], 
          [-1.241, -1.304,  0.083,  0.812], 
          [-1.043, -1.159,  1.550,  0.756], 
          [-1.100, -1.133,  1.559,  0.814], 
          [-1.026, -1.253,  1.539,  0.762], 
          [-1.188, -1.169,  1.563,  0.872], 
          [-1.193, -1.150,  0.040,  0.758], 
          [-1.241, -1.163,  0.041,  0.708], 
          [-1.249, -1.333,  0.038,  0.656], 
          [-0.975, -1.226,  0.083,  0.739], 
          [-0.957, -1.281,  0.086,  0.727], 
          [-1.072, -1.366,  0.058,  0.704]
        ]
    },
    {
        "id": 2,
        "keypoints3d": [
          [ 1.046, -1.313,  1.578,  0.886], 
          [ 1.136, -1.394,  1.387,  0.856], 
          [ 1.244, -1.278,  1.391,  0.810], 
          [ 1.129, -1.155,  1.184,  0.872], 
          [ 0.967, -1.342,  1.196,  0.806], 
          [ 1.007, -1.511,  1.379,  0.805], 
          [ 0.909, -1.440,  1.146,  0.863], 
          [ 1.060, -1.243,  1.178,  0.752], 
          [ 1.092, -1.351,  0.863,  0.727], 
          [ 1.150, -1.270,  0.863,  0.719], 
          [ 1.184, -1.295,  0.469,  0.762], 
          [ 1.237, -1.341,  0.059,  0.770], 
          [ 1.023, -1.428,  0.865,  0.710], 
          [ 1.036, -1.431,  0.474,  0.667], 
          [ 1.070, -1.468,  0.102,  0.843], 
          [ 1.074, -1.292,  1.613,  0.839], 
          [ 1.029, -1.352,  1.604,  0.871], 
          [ 1.174, -1.320,  1.605,  0.889], 
          [ 1.059, -1.453,  1.584,  0.851], 
          [ 0.975, -1.357,  0.058,  0.721], 
          [ 0.963, -1.433,  0.057,  0.726], 
          [ 1.105, -1.481,  0.052,  0.698], 
          [ 1.113, -1.244,  0.039,  0.659], 
          [ 1.188, -1.218,  0.034,  0.671], 
          [ 1.249, -1.382,  0.021,  0.630]
        ]
    },
    {
        "id": 4,
        "keypoints3d": [
          [-0.150,  0.953,  1.494,  0.778], 
          [-0.103,  1.096,  1.294,  0.841], 
          [-0.244,  1.054,  1.302,  0.825], 
          [-0.344,  1.082,  1.062,  0.860], 
          [-0.380,  1.030,  0.843,  0.883], 
          [ 0.038,  1.148,  1.299,  0.789], 
          [ 0.094,  1.203,  1.053,  0.865], 
          [ 0.149,  1.153,  0.847,  0.877], 
          [-0.117,  1.086,  0.785,  0.764], 
          [-0.208,  1.041,  0.790,  0.746], 
          [-0.159,  0.989,  0.440,  0.798], 
          [-0.123,  0.958,  0.097,  0.782], 
          [-0.034,  1.130,  0.786,  0.720], 
          [-0.088,  1.169,  0.425,  0.804], 
          [-0.159,  1.216,  0.095,  0.849], 
          [-0.189,  0.983,  1.543,  0.712], 
          [-0.073,  0.964,  1.521,  0.902], 
          [-0.196,  1.056,  1.560,  0.716], 
          [-0.021,  1.041,  1.508,  0.811], 
          [-0.060,  1.124,  0.030,  0.652], 
          [-0.054,  1.159,  0.042,  0.682], 
          [-0.196,  1.226,  0.047,  0.732], 
          [-0.076,  0.810,  0.044,  0.677], 
          [-0.117,  0.821,  0.037,  0.673], 
          [-0.113,  0.985,  0.059,  0.768]
        ]
    },
    {
        "id": 6,
        "keypoints3d": [
          [-0.809,  0.326,  1.476,  0.778], 
          [-0.590,  0.246,  1.364,  0.876], 
          [-0.529,  0.387,  1.370,  0.840], 
          [-0.416,  0.405,  1.115,  0.898], 
          [-0.424,  0.425,  0.870,  0.869], 
          [-0.659,  0.097,  1.365,  0.830], 
          [-0.617, -0.030,  1.106,  0.841], 
          [-0.638, -0.038,  0.866,  0.777], 
          [-0.530,  0.213,  0.863,  0.773], 
          [-0.490,  0.318,  0.860,  0.743], 
          [-0.612,  0.375,  0.494,  0.745], 
          [-0.419,  0.445,  0.150,  0.835], 
          [-0.575,  0.124,  0.866,  0.738], 
          [-0.670,  0.129,  0.496,  0.733], 
          [-0.579,  0.142,  0.104,  0.749], 
          [-0.799,  0.357,  1.518,  0.858], 
          [-0.818,  0.289,  1.515,  0.739], 
          [-0.716,  0.379,  1.542,  0.761], 
          [-0.736,  0.221,  1.535,  0.838], 
          [-0.741,  0.136,  0.047,  0.822], 
          [-0.718,  0.093,  0.045,  0.822], 
          [-0.528,  0.142,  0.056,  0.678], 
          [-0.555,  0.472,  0.054,  0.786], 
          [-0.512,  0.506,  0.067,  0.790], 
          [-0.377,  0.446,  0.113,  0.725]
        ]
    }
]
