[
    {
        "id": 0,
        "keypoints3d": [
          [-1.132, -1.143,  1.518,  0.903], 
          [-1.201, -1.268,  1.344,  0.878], 
          [-1.060, -1.325,  1.339,  0.873], 
          [-1.052, -1.400,  1.078,  0.791], 
          [-1.153, -1.392,  0.881,  0.701], 
          [-1.354, -1.196,  1.353,  0.841], 
          [-1.414, -1.244,  1.098,  0.768], 
          [-1.332, -1.330,  0.881,  0.525], 
          [-1.192, -1.237,  0.831,  0.757], 
          [-1.095, -1.261,  0.829,  0.747], 
          [-1.044, -1.256,  0.466,  0.866], 
          [-1.038, -1.351,  0.104,  0.812], 
          [-1.290, -1.215,  0.826,  0.734], 
          [-1.278, -1.244,  0.441,  0.840], 
          [-1.243, -1.300,  0.080,  0.849], 
          [-1.111, -1.166,  1.551,  0.871], 
          [-1.173, -1.135,  1.554,  0.779], 
          [-1.094, -1.268,  1.537,  0.818], 
          [-1.238, -1.197,  1.545,  0.856], 
          [-1.201, -1.146,  0.041,  0.763], 
          [-1.247, -1.164,  0.043,  0.789], 
          [-1.250, -1.335,  0.028,  0.702], 
          [-0.943, -1.245,  0.075,  0.696], 
          [-0.927, -1.295,  0.081,  0.684], 
          [-1.052, -1.375,  0.053,  0.705]
        ]
    },
    {
        "id": 2,
        "keypoints3d": [
          [ 1.044, -1.308,  1.578,  0.883], 
          [ 1.133, -1.391,  1.387,  0.862], 
          [ 1.248, -1.282,  1.391,  0.809], 
          [ 1.138, -1.158,  1.180,  0.807], 
          [ 0.975, -1.355,  1.200,  0.795], 
          [ 0.999, -1.506,  1.382,  0.816], 
          [ 0.907, -1.429,  1.147,  0.859], 
          [ 1.075, -1.232,  1.174,  0.769], 
          [ 1.092, -1.347,  0.869,  0.726], 
          [ 1.152, -1.265,  0.871,  0.710], 
          [ 1.182, -1.298,  0.485,  0.806], 
          [ 1.238, -1.347,  0.091,  0.784], 
          [ 1.021, -1.425,  0.865,  0.715], 
          [ 1.040, -1.433,  0.481,  0.716], 
          [ 1.074, -1.472,  0.097,  0.841], 
          [ 1.076, -1.295,  1.613,  0.808], 
          [ 1.028, -1.348,  1.606,  0.868], 
          [ 1.177, -1.314,  1.606,  0.884], 
          [ 1.053, -1.446,  1.580,  0.859], 
          [ 0.975, -1.357,  0.058,  0.716], 
          [ 0.959, -1.435,  0.058,  0.721], 
          [ 1.106, -1.484,  0.047,  0.704], 
          [ 1.118, -1.242,  0.051,  0.730], 
          [ 1.182, -1.222,  0.046,  0.732], 
          [ 1.250, -1.381,  0.042,  0.668]
        ]
    },
    {
        "id": 4,
        "keypoints3d": [
          [-0.144,  1.040,  1.492,  0.835], 
          [-0.141,  1.186,  1.295,  0.867], 
          [-0.292,  1.147,  1.306,  0.861], 
          [-0.382,  1.172,  1.067,  0.866], 
          [-0.422,  1.109,  0.850,  0.859], 
          [-0.001,  1.232,  1.292,  0.858], 
          [ 0.075,  1.264,  1.055,  0.819], 
          [ 0.119,  1.202,  0.858,  0.835], 
          [-0.167,  1.167,  0.789,  0.774], 
          [-0.261,  1.129,  0.793,  0.747], 
          [-0.320,  1.040,  0.469,  0.814], 
          [-0.447,  1.126,  0.125,  0.873], 
          [-0.065,  1.200,  0.782,  0.746], 
          [-0.102,  1.218,  0.426,  0.781], 
          [-0.158,  1.216,  0.094,  0.876], 
          [-0.167,  1.057,  1.537,  0.844], 
          [-0.100,  1.062,  1.536,  0.865], 
          [-0.206,  1.146,  1.510,  0.837], 
          [-0.042,  1.146,  1.511,  0.802], 
          [-0.060,  1.129,  0.034,  0.739], 
          [-0.053,  1.169,  0.046,  0.768], 
          [-0.187,  1.224,  0.046,  0.755], 
          [-0.469,  0.999,  0.044,  0.725], 
          [-0.496,  1.022,  0.050,  0.740], 
          [-0.438,  1.159,  0.097,  0.829]
        ]
    },
    {
        "id": 6,
        "keypoints3d": [
          [-0.659,  0.301,  0.909,  0.788], 
          [-0.429,  0.243,  0.896,  0.849], 
          [-0.366,  0.384,  0.889,  0.809], 
          [-0.102,  0.394,  0.845,  0.797], 
          [-0.150,  0.391,  0.662,  0.724], 
          [-0.507,  0.098,  0.917,  0.787], 
          [-0.405, -0.145,  0.893,  0.784], 
          [-0.406, -0.151,  0.676,  0.793], 
          [-0.306,  0.116,  0.498,  0.722], 
          [-0.253,  0.212,  0.490,  0.687], 
          [-0.598,  0.360,  0.412,  0.833], 
          [-0.381,  0.397,  0.092,  0.764], 
          [-0.356,  0.023,  0.519,  0.698], 
          [-0.717,  0.133,  0.480,  0.904], 
          [-0.576,  0.143,  0.106,  0.842], 
          [-0.651,  0.349,  0.942,  0.778], 
          [-0.667,  0.288,  0.962,  0.846], 
          [-0.590,  0.400,  0.980,  0.684], 
          [-0.600,  0.253,  1.002,  0.802], 
          [-0.729,  0.140,  0.048,  0.840], 
          [-0.705,  0.100,  0.046,  0.824], 
          [-0.515,  0.139,  0.058,  0.742], 
          [-0.520,  0.459,  0.047,  0.837], 
          [-0.469,  0.481,  0.046,  0.739], 
          [-0.330,  0.391,  0.059,  0.600]
        ]
    }
]
