[
    {
        "id": 0,
        "keypoints3d": [
          [ 1.044, -1.309,  1.577,  0.891], 
          [ 1.134, -1.391,  1.387,  0.859], 
          [ 1.247, -1.280,  1.391,  0.811], 
          [ 1.138, -1.158,  1.180,  0.813], 
          [ 0.976, -1.351,  1.199,  0.787], 
          [ 1.001, -1.503,  1.381,  0.812], 
          [ 0.911, -1.436,  1.147,  0.867], 
          [ 1.075, -1.238,  1.175,  0.768], 
          [ 1.091, -1.345,  0.868,  0.725], 
          [ 1.150, -1.264,  0.869,  0.711], 
          [ 1.185, -1.300,  0.483,  0.806], 
          [ 1.235, -1.350,  0.087,  0.783], 
          [ 1.021, -1.424,  0.867,  0.712], 
          [ 1.042, -1.431,  0.481,  0.707], 
          [ 1.074, -1.472,  0.097,  0.841], 
          [ 1.075, -1.294,  1.614,  0.821], 
          [ 1.028, -1.350,  1.603,  0.867], 
          [ 1.177, -1.314,  1.606,  0.894], 
          [ 1.056, -1.442,  1.580,  0.858], 
          [ 0.974, -1.363,  0.057,  0.716], 
          [ 0.959, -1.433,  0.057,  0.725], 
          [ 1.106, -1.484,  0.047,  0.700], 
          [ 1.112, -1.239,  0.054,  0.717], 
          [ 1.176, -1.218,  0.049,  0.812], 
          [ 1.250, -1.383,  0.041,  0.668]
        ]
    },
    {
        "id": 2,
        "keypoints3d": [
          [-1.139, -1.136,  1.516,  0.892], 
          [-1.206, -1.264,  1.343,  0.878], 
          [-1.064, -1.321,  1.339,  0.878], 
          [-1.056, -1.387,  1.075,  0.781], 
          [-1.148, -1.376,  0.881,  0.745], 
          [-1.362, -1.190,  1.350,  0.840], 
          [-1.419, -1.231,  1.093,  0.805], 
          [-1.335, -1.317,  0.878,  0.577], 
          [-1.200, -1.232,  0.825,  0.762], 
          [-1.099, -1.257,  0.826,  0.741], 
          [-1.050, -1.252,  0.467,  0.860], 
          [-1.045, -1.347,  0.111,  0.819], 
          [-1.296, -1.210,  0.824,  0.738], 
          [-1.282, -1.239,  0.442,  0.838], 
          [-1.244, -1.298,  0.080,  0.855], 
          [-1.114, -1.161,  1.545,  0.755], 
          [-1.179, -1.135,  1.548,  0.813], 
          [-1.099, -1.250,  1.530,  0.744], 
          [-1.247, -1.191,  1.542,  0.844], 
          [-1.196, -1.146,  0.038,  0.775], 
          [-1.249, -1.162,  0.041,  0.798], 
          [-1.255, -1.335,  0.031,  0.696], 
          [-0.947, -1.243,  0.075,  0.718], 
          [-0.928, -1.293,  0.083,  0.694], 
          [-1.055, -1.370,  0.063,  0.696]
        ]
    },
    {
        "id": 4,
        "keypoints3d": [
          [-0.133,  1.035,  1.489,  0.856], 
          [-0.128,  1.187,  1.298,  0.878], 
          [-0.277,  1.151,  1.305,  0.853], 
          [-0.373,  1.178,  1.068,  0.868], 
          [-0.402,  1.117,  0.856,  0.874], 
          [ 0.011,  1.228,  1.295,  0.852], 
          [ 0.098,  1.271,  1.064,  0.810], 
          [ 0.152,  1.187,  0.850,  0.810], 
          [-0.160,  1.166,  0.788,  0.778], 
          [-0.254,  1.126,  0.798,  0.748], 
          [-0.302,  1.015,  0.491,  0.829], 
          [-0.414,  1.102,  0.148,  0.826], 
          [-0.060,  1.205,  0.784,  0.744], 
          [-0.099,  1.218,  0.429,  0.816], 
          [-0.160,  1.219,  0.095,  0.860], 
          [-0.161,  1.055,  1.533,  0.852], 
          [-0.090,  1.052,  1.534,  0.864], 
          [-0.193,  1.150,  1.513,  0.750], 
          [-0.029,  1.148,  1.510,  0.808], 
          [-0.062,  1.133,  0.041,  0.747], 
          [-0.050,  1.172,  0.046,  0.774], 
          [-0.193,  1.226,  0.050,  0.737], 
          [-0.454,  0.987,  0.052,  0.731], 
          [-0.483,  1.012,  0.063,  0.762], 
          [-0.424,  1.142,  0.118,  0.827]
        ]
    },
    {
        "id": 6,
        "keypoints3d": [
          [-0.736,  0.304,  0.959,  0.680], 
          [-0.492,  0.260,  0.932,  0.854], 
          [-0.444,  0.400,  0.925,  0.791], 
          [-0.205,  0.429,  0.865,  0.743], 
          [-0.194,  0.399,  0.653,  0.764], 
          [-0.554,  0.096,  0.939,  0.781], 
          [-0.415, -0.126,  0.898,  0.745], 
          [-0.407, -0.158,  0.698,  0.687], 
          [-0.344,  0.135,  0.533,  0.751], 
          [-0.308,  0.245,  0.529,  0.709], 
          [-0.624,  0.347,  0.381,  0.827], 
          [-0.388,  0.406,  0.093,  0.825], 
          [-0.385,  0.031,  0.542,  0.741], 
          [-0.744,  0.126,  0.466,  0.898], 
          [-0.581,  0.149,  0.102,  0.847], 
          [-0.740,  0.335,  0.996,  0.634], 
          [-0.739,  0.277,  0.995,  0.884], 
          [-0.684,  0.398,  1.018,  0.755], 
          [-0.658,  0.241,  1.046,  0.763], 
          [-0.739,  0.144,  0.043,  0.833], 
          [-0.714,  0.102,  0.042,  0.816], 
          [-0.516,  0.143,  0.057,  0.713], 
          [-0.523,  0.455,  0.043,  0.799], 
          [-0.481,  0.482,  0.047,  0.791], 
          [-0.325,  0.400,  0.071,  0.647]
        ]
    }
]
