[
    {
        "id": 0,
        "keypoints3d": [
          [ 1.040, -1.314,  1.578,  0.882], 
          [ 1.134, -1.402,  1.386,  0.856], 
          [ 1.243, -1.279,  1.389,  0.805], 
          [ 1.128, -1.161,  1.183,  0.867], 
          [ 0.972, -1.355,  1.195,  0.808], 
          [ 1.012, -1.522,  1.381,  0.809], 
          [ 0.909, -1.442,  1.146,  0.855], 
          [ 1.065, -1.242,  1.175,  0.755], 
          [ 1.094, -1.351,  0.865,  0.727], 
          [ 1.152, -1.270,  0.865,  0.719], 
          [ 1.180, -1.300,  0.473,  0.745], 
          [ 1.235, -1.346,  0.082,  0.718], 
          [ 1.024, -1.432,  0.864,  0.704], 
          [ 1.040, -1.435,  0.475,  0.715], 
          [ 1.076, -1.469,  0.104,  0.756], 
          [ 1.075, -1.295,  1.616,  0.815], 
          [ 1.018, -1.356,  1.608,  0.863], 
          [ 1.172, -1.325,  1.609,  0.837], 
          [ 1.065, -1.437,  1.578,  0.866], 
          [ 0.976, -1.362,  0.058,  0.713], 
          [ 0.960, -1.436,  0.062,  0.722], 
          [ 1.107, -1.482,  0.051,  0.699], 
          [ 1.112, -1.240,  0.053,  0.721], 
          [ 1.182, -1.222,  0.047,  0.732], 
          [ 1.252, -1.380,  0.041,  0.673]
        ]
    },
    {
        "id": 2,
        "keypoints3d": [
          [-0.994, -1.147,  1.520,  0.786], 
          [-1.077, -1.270,  1.346,  0.864], 
          [-0.946, -1.352,  1.345,  0.842], 
          [-0.965, -1.415,  1.085,  0.713], 
          [-1.052, -1.440,  0.898,  0.694], 
          [-1.230, -1.196,  1.362,  0.860], 
          [-1.270, -1.234,  1.094,  0.775], 
          [-1.235, -1.331,  0.896,  0.650], 
          [-1.072, -1.271,  0.833,  0.748], 
          [-0.996, -1.318,  0.829,  0.725], 
          [-1.028, -1.344,  0.448,  0.786], 
          [-1.067, -1.360,  0.113,  0.806], 
          [-1.160, -1.227,  0.835,  0.746], 
          [-1.179, -1.231,  0.457,  0.842], 
          [-1.245, -1.294,  0.093,  0.839], 
          [-0.969, -1.169,  1.554,  0.767], 
          [-1.038, -1.136,  1.566,  0.876], 
          [-0.976, -1.265,  1.535,  0.806], 
          [-1.113, -1.194,  1.565,  0.885], 
          [-1.191, -1.146,  0.043,  0.697], 
          [-1.240, -1.166,  0.047,  0.716], 
          [-1.260, -1.323,  0.044,  0.686], 
          [-0.986, -1.246,  0.075,  0.672], 
          [-0.967, -1.318,  0.065,  0.619], 
          [-1.086, -1.377,  0.051,  0.639]
        ]
    },
    {
        "id": 4,
        "keypoints3d": [
          [-0.106,  0.831,  1.486,  0.800], 
          [-0.097,  1.007,  1.303,  0.885], 
          [-0.246,  0.958,  1.297,  0.866], 
          [-0.330,  0.973,  1.058,  0.835], 
          [-0.312,  0.885,  0.842,  0.882], 
          [ 0.036,  1.053,  1.312,  0.858], 
          [ 0.100,  1.093,  1.063,  0.846], 
          [ 0.147,  1.029,  0.842,  0.846], 
          [-0.090,  0.986,  0.795,  0.768], 
          [-0.182,  0.954,  0.793,  0.739], 
          [-0.143,  0.929,  0.423,  0.826], 
          [-0.119,  0.959,  0.092,  0.849], 
          [ 0.007,  1.027,  0.794,  0.746], 
          [ 0.017,  0.994,  0.438,  0.834], 
          [-0.109,  1.167,  0.139,  0.855], 
          [-0.155,  0.864,  1.527,  0.782], 
          [-0.088,  0.862,  1.529,  0.924], 
          [-0.183,  0.953,  1.512,  0.695], 
          [-0.029,  0.943,  1.520,  0.839], 
          [-0.024,  1.101,  0.059,  0.664], 
          [-0.030,  1.139,  0.063,  0.664], 
          [-0.142,  1.200,  0.119,  0.763], 
          [-0.102,  0.804,  0.044,  0.748], 
          [-0.124,  0.820,  0.038,  0.765], 
          [-0.106,  0.990,  0.060,  0.740]
        ]
    },
    {
        "id": 6,
        "keypoints3d": [
          [-0.792,  0.449,  1.559,  0.875], 
          [-0.629,  0.324,  1.412,  0.876], 
          [-0.522,  0.448,  1.420,  0.807], 
          [-0.463,  0.488,  1.152,  0.790], 
          [-0.482,  0.538,  0.911,  0.793], 
          [-0.743,  0.203,  1.406,  0.860], 
          [-0.808,  0.157,  1.137,  0.767], 
          [-0.903,  0.239,  0.915,  0.821], 
          [-0.600,  0.333,  0.884,  0.752], 
          [-0.535,  0.414,  0.887,  0.718], 
          [-0.595,  0.504,  0.484,  0.779], 
          [-0.628,  0.489,  0.089,  0.725], 
          [-0.652,  0.242,  0.886,  0.726], 
          [-0.680,  0.211,  0.504,  0.786], 
          [-0.586,  0.149,  0.118,  0.734], 
          [-0.762,  0.461,  1.583,  0.774], 
          [-0.818,  0.426,  1.585,  0.753], 
          [-0.674,  0.455,  1.610,  0.786], 
          [-0.778,  0.333,  1.609,  0.789], 
          [-0.748,  0.149,  0.042,  0.769], 
          [-0.726,  0.098,  0.042,  0.789], 
          [-0.533,  0.134,  0.068,  0.690], 
          [-0.688,  0.666,  0.049,  0.787], 
          [-0.649,  0.655,  0.040,  0.721], 
          [-0.627,  0.460,  0.046,  0.728]
        ]
    }
]
