[
    {
        "id": 0,
        "keypoints3d": [
          [-0.951, -1.154,  1.526,  0.889], 
          [-1.028, -1.281,  1.350,  0.863], 
          [-0.883, -1.365,  1.335,  0.851], 
          [-0.935, -1.436,  1.069,  0.784], 
          [-1.022, -1.428,  0.855,  0.728], 
          [-1.165, -1.192,  1.363,  0.850], 
          [-1.230, -1.228,  1.101,  0.777], 
          [-1.172, -1.345,  0.888,  0.640], 
          [-1.039, -1.277,  0.831,  0.733], 
          [-0.950, -1.333,  0.827,  0.697], 
          [-1.009, -1.354,  0.438,  0.782], 
          [-1.066, -1.360,  0.102,  0.810], 
          [-1.133, -1.220,  0.837,  0.729], 
          [-1.147, -1.217,  0.461,  0.807], 
          [-1.225, -1.292,  0.096,  0.769], 
          [-0.918, -1.188,  1.551,  0.734], 
          [-0.974, -1.154,  1.561,  0.873], 
          [-0.905, -1.264,  1.536,  0.779], 
          [-1.053, -1.200,  1.559,  0.853], 
          [-1.192, -1.146,  0.038,  0.723], 
          [-1.234, -1.161,  0.046,  0.766], 
          [-1.231, -1.330,  0.052,  0.703], 
          [-0.966, -1.260,  0.062,  0.830], 
          [-0.952, -1.323,  0.068,  0.804], 
          [-1.075, -1.376,  0.049,  0.645]
        ]
    },
    {
        "id": 2,
        "keypoints3d": [
          [ 1.031, -1.327,  1.581,  0.880], 
          [ 1.130, -1.404,  1.389,  0.846], 
          [ 1.243, -1.282,  1.391,  0.814], 
          [ 1.132, -1.156,  1.187,  0.746], 
          [ 0.981, -1.354,  1.198,  0.740], 
          [ 1.002, -1.521,  1.380,  0.801], 
          [ 0.911, -1.444,  1.143,  0.843], 
          [ 1.056, -1.245,  1.176,  0.748], 
          [ 1.089, -1.359,  0.860,  0.665], 
          [ 1.147, -1.275,  0.868,  0.661], 
          [ 1.176, -1.309,  0.474,  0.745], 
          [ 1.236, -1.349,  0.084,  0.785], 
          [ 1.019, -1.435,  0.862,  0.647], 
          [ 1.041, -1.436,  0.474,  0.708], 
          [ 1.076, -1.472,  0.104,  0.842], 
          [ 1.078, -1.302,  1.615,  0.799], 
          [ 1.016, -1.362,  1.608,  0.861], 
          [ 1.170, -1.335,  1.608,  0.831], 
          [ 1.064, -1.439,  1.577,  0.845], 
          [ 0.983, -1.360,  0.058,  0.714], 
          [ 0.960, -1.434,  0.059,  0.724], 
          [ 1.109, -1.481,  0.052,  0.700], 
          [ 1.116, -1.248,  0.051,  0.723], 
          [ 1.182, -1.223,  0.046,  0.725], 
          [ 1.247, -1.386,  0.039,  0.674]
        ]
    },
    {
        "id": 4,
        "keypoints3d": [
          [-0.107,  0.739,  1.465,  0.888], 
          [-0.064,  0.896,  1.302,  0.850], 
          [-0.201,  0.901,  1.305,  0.839], 
          [-0.278,  0.915,  1.055,  0.786], 
          [-0.314,  0.863,  0.848,  0.723], 
          [ 0.083,  0.893,  1.302,  0.825], 
          [ 0.167,  0.918,  1.064,  0.841], 
          [ 0.163,  0.873,  0.839,  0.853], 
          [-0.067,  0.905,  0.787,  0.758], 
          [-0.167,  0.904,  0.785,  0.762], 
          [-0.133,  0.884,  0.424,  0.786], 
          [-0.112,  0.956,  0.091,  0.759], 
          [ 0.034,  0.908,  0.789,  0.739], 
          [ 0.037,  0.886,  0.438,  0.819], 
          [ 0.062,  0.942,  0.094,  0.822], 
          [-0.123,  0.745,  1.499,  0.813], 
          [-0.079,  0.741,  1.493,  0.869], 
          [-0.154,  0.839,  1.509,  0.851], 
          [ 0.006,  0.810,  1.518,  0.773], 
          [ 0.040,  0.808,  0.056,  0.682], 
          [ 0.087,  0.828,  0.051,  0.688], 
          [ 0.066,  0.985,  0.066,  0.676], 
          [-0.114,  0.812,  0.046,  0.661], 
          [-0.146,  0.844,  0.034,  0.706], 
          [-0.088,  0.977,  0.054,  0.639]
        ]
    },
    {
        "id": 6,
        "keypoints3d": [
          [-0.689,  0.742,  1.603,  0.795], 
          [-0.641,  0.554,  1.421,  0.882], 
          [-0.490,  0.627,  1.419,  0.859], 
          [-0.453,  0.646,  1.153,  0.788], 
          [-0.489,  0.699,  0.902,  0.802], 
          [-0.786,  0.488,  1.413,  0.853], 
          [-0.836,  0.501,  1.148,  0.773], 
          [-0.832,  0.590,  0.905,  0.834], 
          [-0.663,  0.551,  0.884,  0.752], 
          [-0.574,  0.593,  0.895,  0.724], 
          [-0.589,  0.581,  0.507,  0.772], 
          [-0.643,  0.516,  0.109,  0.799], 
          [-0.759,  0.511,  0.884,  0.729], 
          [-0.804,  0.522,  0.507,  0.811], 
          [-0.743,  0.369,  0.133,  0.832], 
          [-0.665,  0.736,  1.634,  0.786], 
          [-0.721,  0.704,  1.634,  0.724], 
          [-0.590,  0.670,  1.627,  0.877], 
          [-0.753,  0.615,  1.631,  0.822], 
          [-0.857,  0.488,  0.040,  0.779], 
          [-0.868,  0.440,  0.055,  0.812], 
          [-0.701,  0.327,  0.084,  0.653], 
          [-0.690,  0.661,  0.047,  0.789], 
          [-0.637,  0.645,  0.036,  0.798], 
          [-0.635,  0.484,  0.060,  0.709]
        ]
    }
]
