[
    {
        "id": 0,
        "keypoints3d": [
          [ 1.018, -1.338,  1.582,  0.875], 
          [ 1.134, -1.408,  1.388,  0.859], 
          [ 1.250, -1.296,  1.393,  0.829], 
          [ 1.136, -1.156,  1.184,  0.839], 
          [ 0.971, -1.357,  1.197,  0.811], 
          [ 1.003, -1.522,  1.377,  0.828], 
          [ 0.915, -1.445,  1.142,  0.861], 
          [ 1.060, -1.248,  1.176,  0.747], 
          [ 1.089, -1.357,  0.861,  0.726], 
          [ 1.150, -1.281,  0.868,  0.712], 
          [ 1.175, -1.307,  0.467,  0.794], 
          [ 1.237, -1.348,  0.081,  0.780], 
          [ 1.023, -1.434,  0.859,  0.716], 
          [ 1.042, -1.443,  0.473,  0.693], 
          [ 1.070, -1.467,  0.101,  0.843], 
          [ 1.073, -1.303,  1.620,  0.897], 
          [ 1.011, -1.363,  1.611,  0.867], 
          [ 1.167, -1.336,  1.602,  0.896], 
          [ 1.043, -1.464,  1.581,  0.827], 
          [ 0.977, -1.358,  0.057,  0.719], 
          [ 0.959, -1.434,  0.055,  0.736], 
          [ 1.103, -1.479,  0.051,  0.704], 
          [ 1.118, -1.244,  0.045,  0.725], 
          [ 1.184, -1.224,  0.041,  0.733], 
          [ 1.252, -1.388,  0.038,  0.677]
        ]
    },
    {
        "id": 2,
        "keypoints3d": [
          [-1.189, -1.123,  1.530,  0.836], 
          [-1.156, -1.275,  1.345,  0.879], 
          [-0.993, -1.294,  1.351,  0.858], 
          [-0.989, -1.345,  1.072,  0.810], 
          [-1.054, -1.366,  0.851,  0.835], 
          [-1.309, -1.246,  1.345,  0.855], 
          [-1.338, -1.301,  1.086,  0.778], 
          [-1.268, -1.368,  0.889,  0.630], 
          [-1.150, -1.240,  0.822,  0.761], 
          [-1.053, -1.251,  0.827,  0.759], 
          [-1.039, -1.264,  0.463,  0.850], 
          [-1.056, -1.354,  0.115,  0.857], 
          [-1.248, -1.237,  0.826,  0.738], 
          [-1.245, -1.261,  0.451,  0.805], 
          [-1.227, -1.304,  0.086,  0.804], 
          [-1.154, -1.132,  1.563,  0.843], 
          [-1.213, -1.143,  1.567,  0.885], 
          [-1.085, -1.212,  1.547,  0.795], 
          [-1.242, -1.247,  1.546,  0.709], 
          [-1.207, -1.143,  0.043,  0.769], 
          [-1.252, -1.168,  0.048,  0.793], 
          [-1.221, -1.336,  0.051,  0.654], 
          [-0.996, -1.243,  0.065,  0.689], 
          [-0.970, -1.290,  0.074,  0.633], 
          [-1.055, -1.379,  0.058,  0.715]
        ]
    },
    {
        "id": 4,
        "keypoints3d": [
          [-0.371,  1.178,  1.582,  0.901], 
          [-0.524,  1.154,  1.403,  0.866], 
          [-0.495,  0.995,  1.413,  0.840], 
          [-0.456,  0.926,  1.171,  0.768], 
          [-0.480,  0.928,  0.948,  0.845], 
          [-0.573,  1.313,  1.397,  0.815], 
          [-0.592,  1.373,  1.127,  0.753], 
          [-0.468,  1.382,  0.903,  0.865], 
          [-0.543,  1.134,  0.885,  0.741], 
          [-0.508,  1.043,  0.884,  0.717], 
          [-0.430,  1.137,  0.496,  0.790], 
          [-0.376,  1.214,  0.107,  0.820], 
          [-0.576,  1.229,  0.886,  0.717], 
          [-0.666,  1.171,  0.482,  0.804], 
          [-0.773,  1.037,  0.115,  0.830], 
          [-0.383,  1.135,  1.641,  0.775], 
          [-0.371,  1.206,  1.615,  0.826], 
          [-0.451,  1.098,  1.616,  0.820], 
          [-0.452,  1.253,  1.610,  0.807], 
          [-0.674,  1.158,  0.029,  0.715], 
          [-0.727,  1.160,  0.036,  0.732], 
          [-0.800,  0.989,  0.084,  0.716], 
          [-0.208,  1.246,  0.055,  0.707], 
          [-0.233,  1.202,  0.051,  0.709], 
          [-0.397,  1.233,  0.053,  0.735]
        ]
    },
    {
        "id": 6,
        "keypoints3d": [
          [-0.657,  0.378,  1.239,  0.892], 
          [-0.433,  0.331,  1.120,  0.885], 
          [-0.392,  0.475,  1.113,  0.836], 
          [-0.194,  0.483,  0.967,  0.828], 
          [-0.165,  0.439,  0.742,  0.816], 
          [-0.474,  0.190,  1.128,  0.855], 
          [-0.457,  0.016,  0.949,  0.811], 
          [-0.488, -0.064,  0.755,  0.822], 
          [-0.430,  0.247,  0.627,  0.770], 
          [-0.409,  0.354,  0.627,  0.751], 
          [-0.534,  0.549,  0.377,  0.773], 
          [-0.296,  0.534,  0.111,  0.732], 
          [-0.453,  0.138,  0.637,  0.732], 
          [-0.746,  0.221,  0.443,  0.830], 
          [-0.671,  0.211,  0.086,  0.745], 
          [-0.649,  0.411,  1.260,  0.860], 
          [-0.640,  0.353,  1.268,  0.842], 
          [-0.559,  0.471,  1.258,  0.725], 
          [-0.543,  0.313,  1.299,  0.910], 
          [-0.829,  0.237,  0.040,  0.820], 
          [-0.798,  0.182,  0.045,  0.815], 
          [-0.636,  0.223,  0.042,  0.759], 
          [-0.336,  0.653,  0.052,  0.765], 
          [-0.277,  0.640,  0.059,  0.790], 
          [-0.240,  0.510,  0.084,  0.682]
        ]
    }
]
