[
    {
        "id": 0,
        "keypoints3d": [
          [ 1.017, -1.338,  1.582,  0.877], 
          [ 1.134, -1.408,  1.389,  0.859], 
          [ 1.249, -1.296,  1.393,  0.830], 
          [ 1.135, -1.157,  1.184,  0.833], 
          [ 0.971, -1.357,  1.194,  0.812], 
          [ 1.003, -1.522,  1.377,  0.829], 
          [ 0.914, -1.444,  1.143,  0.862], 
          [ 1.060, -1.248,  1.176,  0.746], 
          [ 1.088, -1.356,  0.862,  0.723], 
          [ 1.150, -1.281,  0.868,  0.709], 
          [ 1.172, -1.310,  0.467,  0.769], 
          [ 1.237, -1.349,  0.081,  0.778], 
          [ 1.023, -1.434,  0.860,  0.712], 
          [ 1.042, -1.443,  0.474,  0.669], 
          [ 1.070, -1.467,  0.101,  0.843], 
          [ 1.073, -1.303,  1.623,  0.895], 
          [ 1.011, -1.363,  1.612,  0.867], 
          [ 1.167, -1.336,  1.602,  0.897], 
          [ 1.043, -1.464,  1.581,  0.830], 
          [ 0.977, -1.358,  0.057,  0.719], 
          [ 0.959, -1.434,  0.055,  0.736], 
          [ 1.103, -1.479,  0.050,  0.703], 
          [ 1.118, -1.245,  0.045,  0.724], 
          [ 1.184, -1.224,  0.042,  0.731], 
          [ 1.252, -1.389,  0.037,  0.676]
        ]
    },
    {
        "id": 2,
        "keypoints3d": [
          [-1.156, -1.119,  1.534,  0.833], 
          [-1.150, -1.271,  1.352,  0.859], 
          [-0.979, -1.304,  1.352,  0.865], 
          [-0.978, -1.343,  1.077,  0.825], 
          [-1.040, -1.364,  0.855,  0.777], 
          [-1.306, -1.242,  1.353,  0.845], 
          [-1.328, -1.294,  1.089,  0.772], 
          [-1.253, -1.361,  0.881,  0.629], 
          [-1.146, -1.241,  0.830,  0.760], 
          [-1.048, -1.253,  0.834,  0.763], 
          [-1.042, -1.270,  0.468,  0.854], 
          [-1.058, -1.359,  0.110,  0.864], 
          [-1.242, -1.235,  0.829,  0.733], 
          [-1.243, -1.260,  0.455,  0.823], 
          [-1.236, -1.297,  0.093,  0.845], 
          [-1.134, -1.136,  1.567,  0.787], 
          [-1.197, -1.148,  1.566,  0.880], 
          [-1.068, -1.205,  1.557,  0.750], 
          [-1.227, -1.224,  1.549,  0.739], 
          [-1.199, -1.143,  0.042,  0.764], 
          [-1.248, -1.167,  0.042,  0.793], 
          [-1.226, -1.334,  0.048,  0.689], 
          [-1.003, -1.240,  0.076,  0.681], 
          [-0.983, -1.283,  0.084,  0.671], 
          [-1.061, -1.387,  0.056,  0.705]
        ]
    },
    {
        "id": 4,
        "keypoints3d": [
          [-0.379,  1.179,  1.588,  0.895], 
          [-0.557,  1.152,  1.411,  0.845], 
          [-0.517,  0.995,  1.425,  0.830], 
          [-0.464,  0.915,  1.176,  0.741], 
          [-0.459,  0.927,  0.954,  0.705], 
          [-0.599,  1.304,  1.402,  0.826], 
          [-0.615,  1.376,  1.130,  0.773], 
          [-0.476,  1.376,  0.900,  0.849], 
          [-0.554,  1.127,  0.883,  0.739], 
          [-0.523,  1.027,  0.879,  0.712], 
          [-0.440,  1.122,  0.501,  0.767], 
          [-0.381,  1.205,  0.110,  0.823], 
          [-0.591,  1.215,  0.885,  0.711], 
          [-0.683,  1.151,  0.471,  0.806], 
          [-0.774,  1.035,  0.111,  0.827], 
          [-0.386,  1.142,  1.643,  0.692], 
          [-0.392,  1.216,  1.629,  0.803], 
          [-0.464,  1.093,  1.620,  0.806], 
          [-0.482,  1.247,  1.609,  0.786], 
          [-0.681,  1.159,  0.029,  0.711], 
          [-0.731,  1.156,  0.035,  0.727], 
          [-0.794,  0.985,  0.077,  0.718], 
          [-0.210,  1.237,  0.063,  0.708], 
          [-0.232,  1.189,  0.055,  0.703], 
          [-0.399,  1.222,  0.056,  0.726]
        ]
    },
    {
        "id": 6,
        "keypoints3d": [
          [-0.662,  0.380,  1.258,  0.904], 
          [-0.430,  0.352,  1.130,  0.890], 
          [-0.395,  0.501,  1.124,  0.826], 
          [-0.203,  0.499,  0.980,  0.816], 
          [-0.189,  0.468,  0.741,  0.861], 
          [-0.470,  0.206,  1.140,  0.853], 
          [-0.458,  0.030,  0.972,  0.834], 
          [-0.487, -0.043,  0.777,  0.863], 
          [-0.437,  0.278,  0.650,  0.777], 
          [-0.411,  0.380,  0.646,  0.769], 
          [-0.508,  0.564,  0.367,  0.783], 
          [-0.276,  0.547,  0.111,  0.758], 
          [-0.462,  0.180,  0.660,  0.736], 
          [-0.738,  0.238,  0.439,  0.699], 
          [-0.670,  0.218,  0.090,  0.784], 
          [-0.657,  0.413,  1.277,  0.822], 
          [-0.646,  0.365,  1.307,  0.805], 
          [-0.551,  0.475,  1.284,  0.657], 
          [-0.543,  0.329,  1.315,  0.896], 
          [-0.830,  0.236,  0.041,  0.814], 
          [-0.798,  0.182,  0.045,  0.820], 
          [-0.634,  0.224,  0.046,  0.762], 
          [-0.335,  0.654,  0.048,  0.651], 
          [-0.280,  0.640,  0.055,  0.683], 
          [-0.228,  0.521,  0.088,  0.659]
        ]
    }
]
