[
    {
        "id": 0,
        "keypoints3d": [
          [-0.946, -1.151,  1.523,  0.892], 
          [-1.021, -1.278,  1.350,  0.862], 
          [-0.880, -1.364,  1.335,  0.850], 
          [-0.929, -1.436,  1.067,  0.785], 
          [-1.022, -1.429,  0.861,  0.700], 
          [-1.155, -1.187,  1.364,  0.853], 
          [-1.214, -1.223,  1.111,  0.722], 
          [-1.148, -1.345,  0.885,  0.654], 
          [-1.032, -1.276,  0.832,  0.750], 
          [-0.947, -1.332,  0.828,  0.707], 
          [-1.006, -1.350,  0.435,  0.791], 
          [-1.061, -1.356,  0.101,  0.776], 
          [-1.123, -1.222,  0.836,  0.731], 
          [-1.155, -1.219,  0.459,  0.758], 
          [-1.229, -1.284,  0.096,  0.704], 
          [-0.919, -1.188,  1.551,  0.822], 
          [-0.971, -1.152,  1.566,  0.886], 
          [-0.891, -1.265,  1.536,  0.793], 
          [-1.050, -1.196,  1.559,  0.868], 
          [-1.190, -1.142,  0.037,  0.757], 
          [-1.236, -1.158,  0.043,  0.788], 
          [-1.227, -1.330,  0.049,  0.730], 
          [-0.965, -1.260,  0.062,  0.834], 
          [-0.949, -1.322,  0.066,  0.808], 
          [-1.070, -1.373,  0.048,  0.711]
        ]
    },
    {
        "id": 2,
        "keypoints3d": [
          [-0.116,  0.695,  1.453,  0.822], 
          [-0.052,  0.860,  1.302,  0.853], 
          [-0.194,  0.892,  1.307,  0.834], 
          [-0.280,  0.932,  1.056,  0.822], 
          [-0.314,  0.888,  0.844,  0.858], 
          [ 0.087,  0.842,  1.297,  0.855], 
          [ 0.156,  0.850,  1.060,  0.854], 
          [ 0.154,  0.804,  0.841,  0.852], 
          [-0.068,  0.882,  0.791,  0.750], 
          [-0.171,  0.891,  0.792,  0.719], 
          [-0.152,  0.852,  0.425,  0.789], 
          [-0.110,  0.914,  0.119,  0.826], 
          [ 0.036,  0.869,  0.787,  0.734], 
          [ 0.036,  0.877,  0.436,  0.811], 
          [ 0.062,  0.944,  0.091,  0.817], 
          [-0.142,  0.710,  1.494,  0.717], 
          [-0.072,  0.695,  1.488,  0.894], 
          [-0.169,  0.812,  1.511,  0.868], 
          [ 0.010,  0.760,  1.507,  0.794], 
          [ 0.038,  0.816,  0.051,  0.616], 
          [ 0.088,  0.846,  0.050,  0.642], 
          [ 0.071,  0.983,  0.072,  0.701], 
          [-0.172,  0.803,  0.050,  0.694], 
          [-0.185,  0.830,  0.057,  0.704], 
          [-0.079,  0.935,  0.077,  0.695]
        ]
    },
    {
        "id": 4,
        "keypoints3d": [
          [ 1.029, -1.328,  1.581,  0.881], 
          [ 1.132, -1.406,  1.390,  0.855], 
          [ 1.250, -1.287,  1.393,  0.807], 
          [ 1.133, -1.157,  1.190,  0.765], 
          [ 0.965, -1.360,  1.197,  0.814], 
          [ 1.004, -1.517,  1.383,  0.810], 
          [ 0.910, -1.443,  1.143,  0.842], 
          [ 1.054, -1.244,  1.176,  0.748], 
          [ 1.092, -1.355,  0.858,  0.706], 
          [ 1.150, -1.278,  0.866,  0.698], 
          [ 1.176, -1.310,  0.474,  0.746], 
          [ 1.235, -1.349,  0.086,  0.785], 
          [ 1.020, -1.433,  0.860,  0.688], 
          [ 1.039, -1.432,  0.474,  0.707], 
          [ 1.072, -1.467,  0.106,  0.841], 
          [ 1.079, -1.297,  1.619,  0.764], 
          [ 1.023, -1.354,  1.609,  0.848], 
          [ 1.180, -1.316,  1.608,  0.903], 
          [ 1.052, -1.461,  1.587,  0.857], 
          [ 0.977, -1.356,  0.059,  0.718], 
          [ 0.958, -1.432,  0.058,  0.728], 
          [ 1.108, -1.485,  0.052,  0.704], 
          [ 1.116, -1.247,  0.051,  0.722], 
          [ 1.182, -1.222,  0.047,  0.729], 
          [ 1.248, -1.387,  0.039,  0.674]
        ]
    },
    {
        "id": 6,
        "keypoints3d": [
          [-0.677,  0.789,  1.584,  0.853], 
          [-0.659,  0.601,  1.418,  0.869], 
          [-0.501,  0.640,  1.420,  0.820], 
          [-0.458,  0.656,  1.157,  0.763], 
          [-0.488,  0.716,  0.904,  0.809], 
          [-0.806,  0.551,  1.413,  0.849], 
          [-0.832,  0.558,  1.122,  0.816], 
          [-0.816,  0.644,  0.893,  0.826], 
          [-0.656,  0.598,  0.877,  0.749], 
          [-0.572,  0.622,  0.881,  0.724], 
          [-0.586,  0.588,  0.499,  0.784], 
          [-0.646,  0.521,  0.103,  0.815], 
          [-0.749,  0.580,  0.876,  0.726], 
          [-0.788,  0.627,  0.499,  0.820], 
          [-0.773,  0.516,  0.101,  0.814], 
          [-0.647,  0.795,  1.629,  0.771], 
          [-0.708,  0.759,  1.622,  0.799], 
          [-0.585,  0.708,  1.629,  0.880], 
          [-0.743,  0.666,  1.637,  0.794], 
          [-0.832,  0.651,  0.014,  0.682], 
          [-0.870,  0.615,  0.028,  0.681], 
          [-0.757,  0.485,  0.064,  0.668], 
          [-0.683,  0.670,  0.047,  0.816], 
          [-0.628,  0.646,  0.036,  0.801], 
          [-0.640,  0.486,  0.059,  0.685]
        ]
    }
]
