[
    {
        "id": 0,
        "keypoints3d": [
          [ 1.031, -1.329,  1.582,  0.882], 
          [ 1.132, -1.406,  1.388,  0.860], 
          [ 1.250, -1.296,  1.392,  0.828], 
          [ 1.135, -1.160,  1.186,  0.796], 
          [ 0.972, -1.355,  1.196,  0.815], 
          [ 0.998, -1.522,  1.378,  0.824], 
          [ 0.909, -1.449,  1.146,  0.850], 
          [ 1.057, -1.250,  1.177,  0.744], 
          [ 1.089, -1.357,  0.858,  0.723], 
          [ 1.153, -1.279,  0.867,  0.707], 
          [ 1.174, -1.310,  0.472,  0.816], 
          [ 1.235, -1.348,  0.082,  0.776], 
          [ 1.023, -1.434,  0.856,  0.709], 
          [ 1.038, -1.439,  0.469,  0.665], 
          [ 1.072, -1.467,  0.101,  0.845], 
          [ 1.080, -1.306,  1.620,  0.908], 
          [ 1.016, -1.365,  1.613,  0.873], 
          [ 1.168, -1.332,  1.604,  0.894], 
          [ 1.048, -1.464,  1.589,  0.838], 
          [ 0.977, -1.355,  0.060,  0.715], 
          [ 0.958, -1.432,  0.058,  0.731], 
          [ 1.102, -1.482,  0.052,  0.705], 
          [ 1.117, -1.246,  0.048,  0.726], 
          [ 1.184, -1.222,  0.042,  0.732], 
          [ 1.252, -1.387,  0.038,  0.674]
        ]
    },
    {
        "id": 2,
        "keypoints3d": [
          [-0.955, -1.135,  1.523,  0.809], 
          [-1.015, -1.272,  1.356,  0.857], 
          [-0.865, -1.339,  1.344,  0.853], 
          [-0.891, -1.406,  1.071,  0.732], 
          [-0.980, -1.429,  0.876,  0.685], 
          [-1.164, -1.212,  1.366,  0.836], 
          [-1.222, -1.266,  1.108,  0.801], 
          [-1.174, -1.339,  0.887,  0.706], 
          [-1.044, -1.269,  0.839,  0.764], 
          [-0.952, -1.305,  0.836,  0.744], 
          [-1.013, -1.340,  0.452,  0.792], 
          [-1.065, -1.358,  0.104,  0.823], 
          [-1.138, -1.235,  0.846,  0.741], 
          [-1.166, -1.251,  0.459,  0.764], 
          [-1.214, -1.302,  0.087,  0.772], 
          [-0.937, -1.153,  1.558,  0.809], 
          [-0.998, -1.141,  1.564,  0.853], 
          [-0.920, -1.259,  1.540,  0.795], 
          [-1.072, -1.189,  1.553,  0.832], 
          [-1.195, -1.140,  0.050,  0.708], 
          [-1.248, -1.169,  0.051,  0.746], 
          [-1.216, -1.333,  0.049,  0.691], 
          [-0.976, -1.248,  0.078,  0.796], 
          [-0.952, -1.305,  0.075,  0.771], 
          [-1.077, -1.372,  0.045,  0.665]
        ]
    },
    {
        "id": 4,
        "keypoints3d": [
          [-0.259,  0.562,  1.414,  0.901], 
          [-0.218,  0.631,  1.285,  0.840], 
          [-0.297,  0.760,  1.303,  0.800], 
          [-0.290,  0.813,  1.070,  0.842], 
          [-0.333,  0.822,  0.830,  0.842], 
          [-0.146,  0.513,  1.272,  0.829], 
          [-0.141,  0.443,  1.021,  0.831], 
          [-0.211,  0.405,  0.817,  0.810], 
          [-0.268,  0.650,  0.779,  0.729], 
          [-0.312,  0.732,  0.780,  0.702], 
          [-0.332,  0.733,  0.395,  0.752], 
          [-0.231,  0.687,  0.078,  0.706], 
          [-0.228,  0.571,  0.771,  0.721], 
          [-0.334,  0.568,  0.395,  0.729], 
          [-0.301,  0.671,  0.106,  0.707], 
          [-0.320,  0.529,  1.460,  0.868], 
          [-0.215,  0.561,  1.449,  0.753], 
          [-0.323,  0.617,  1.479,  0.888], 
          [-0.179,  0.542,  1.467,  0.829], 
          [-0.348,  0.695, -0.005,  0.628], 
          [-0.344,  0.684, -0.019,  0.625], 
          [-0.285,  0.689,  0.072,  0.676], 
          [-0.350,  0.654, -0.031,  0.527], 
          [-0.337,  0.670, -0.022,  0.533], 
          [-0.208,  0.666,  0.022,  0.647]
        ]
    },
    {
        "id": 6,
        "keypoints3d": [
          [-0.594,  1.102,  1.573,  0.884], 
          [-0.695,  0.959,  1.416,  0.921], 
          [-0.574,  0.861,  1.440,  0.850], 
          [-0.547,  0.737,  1.173,  0.670], 
          [-0.538,  0.719,  0.935,  0.869], 
          [-0.827,  1.050,  1.399,  0.856], 
          [-0.910,  1.043,  1.112,  0.877], 
          [-0.905,  1.081,  0.852,  0.853], 
          [-0.692,  0.931,  0.902,  0.731], 
          [-0.598,  0.857,  0.904,  0.720], 
          [-0.600,  0.866,  0.512,  0.754], 
          [-0.672,  0.668,  0.221,  0.896], 
          [-0.770,  0.997,  0.890,  0.747], 
          [-0.782,  1.026,  0.492,  0.848], 
          [-0.776,  1.030,  0.110,  0.826], 
          [-0.580,  1.088,  1.607,  0.677], 
          [-0.622,  1.111,  1.600,  0.749], 
          [-0.600,  0.982,  1.624,  0.892], 
          [-0.722,  1.075,  1.603,  0.807], 
          [-0.678,  1.153,  0.038,  0.718], 
          [-0.737,  1.153,  0.044,  0.729], 
          [-0.789,  1.000,  0.056,  0.678], 
          [-0.635,  0.783,  0.095,  0.696], 
          [-0.605,  0.744,  0.109,  0.658], 
          [-0.690,  0.630,  0.208,  0.794]
        ]
    }
]
