[
    {
        "id": 0,
        "keypoints3d": [
          [ 1.032, -1.330,  1.584,  0.885], 
          [ 1.131, -1.406,  1.388,  0.861], 
          [ 1.250, -1.296,  1.392,  0.829], 
          [ 1.137, -1.158,  1.184,  0.795], 
          [ 0.969, -1.356,  1.191,  0.814], 
          [ 0.998, -1.522,  1.377,  0.825], 
          [ 0.910, -1.446,  1.145,  0.852], 
          [ 1.063, -1.245,  1.177,  0.757], 
          [ 1.089, -1.357,  0.853,  0.725], 
          [ 1.152, -1.278,  0.863,  0.709], 
          [ 1.175, -1.310,  0.472,  0.815], 
          [ 1.237, -1.349,  0.081,  0.774], 
          [ 1.019, -1.435,  0.852,  0.708], 
          [ 1.036, -1.440,  0.468,  0.652], 
          [ 1.071, -1.466,  0.103,  0.846], 
          [ 1.077, -1.312,  1.619,  0.905], 
          [ 1.016, -1.364,  1.614,  0.871], 
          [ 1.172, -1.333,  1.606,  0.893], 
          [ 1.048, -1.464,  1.589,  0.835], 
          [ 0.976, -1.360,  0.063,  0.717], 
          [ 0.959, -1.431,  0.062,  0.737], 
          [ 1.106, -1.483,  0.054,  0.711], 
          [ 1.116, -1.247,  0.048,  0.724], 
          [ 1.184, -1.222,  0.042,  0.734], 
          [ 1.253, -1.388,  0.038,  0.673]
        ]
    },
    {
        "id": 2,
        "keypoints3d": [
          [-0.265,  0.551,  1.407,  0.802], 
          [-0.168,  0.693,  1.279,  0.847], 
          [-0.268,  0.807,  1.285,  0.824], 
          [-0.278,  0.905,  1.071,  0.761], 
          [-0.299,  0.911,  0.821,  0.890], 
          [-0.068,  0.592,  1.271,  0.806], 
          [-0.037,  0.520,  1.039,  0.869], 
          [-0.125,  0.423,  0.843,  0.856], 
          [-0.214,  0.692,  0.752,  0.747], 
          [-0.269,  0.768,  0.758,  0.711], 
          [-0.310,  0.710,  0.408,  0.741], 
          [-0.194,  0.719,  0.104,  0.823], 
          [-0.162,  0.617,  0.752,  0.719], 
          [-0.222,  0.601,  0.411,  0.750], 
          [-0.076,  0.741,  0.209,  0.773], 
          [-0.295,  0.570,  1.457,  0.863], 
          [-0.231,  0.531,  1.450,  0.877], 
          [-0.303,  0.642,  1.478,  0.915], 
          [-0.148,  0.572,  1.463,  0.788], 
          [-0.156,  0.722,  0.081,  0.507], 
          [-0.128,  0.720,  0.094,  0.521], 
          [-0.026,  0.790,  0.215,  0.663], 
          [-0.315,  0.657,  0.040,  0.603], 
          [-0.303,  0.693,  0.043,  0.645], 
          [-0.152,  0.710,  0.053,  0.725]
        ]
    },
    {
        "id": 4,
        "keypoints3d": [
          [-0.955, -1.138,  1.526,  0.904], 
          [-1.008, -1.275,  1.359,  0.856], 
          [-0.860, -1.343,  1.343,  0.855], 
          [-0.893, -1.409,  1.076,  0.720], 
          [-0.976, -1.425,  0.868,  0.700], 
          [-1.152, -1.202,  1.367,  0.837], 
          [-1.216, -1.258,  1.107,  0.799], 
          [-1.172, -1.327,  0.891,  0.694], 
          [-1.033, -1.273,  0.836,  0.764], 
          [-0.947, -1.317,  0.829,  0.741], 
          [-1.015, -1.350,  0.455,  0.797], 
          [-1.066, -1.355,  0.099,  0.814], 
          [-1.133, -1.231,  0.844,  0.740], 
          [-1.161, -1.242,  0.465,  0.781], 
          [-1.220, -1.294,  0.094,  0.752], 
          [-0.919, -1.153,  1.560,  0.783], 
          [-0.981, -1.146,  1.564,  0.858], 
          [-0.903, -1.251,  1.541,  0.790], 
          [-1.061, -1.193,  1.558,  0.844], 
          [-1.196, -1.143,  0.040,  0.721], 
          [-1.246, -1.162,  0.046,  0.764], 
          [-1.216, -1.331,  0.049,  0.710], 
          [-0.975, -1.252,  0.074,  0.808], 
          [-0.955, -1.312,  0.074,  0.785], 
          [-1.082, -1.367,  0.041,  0.653]
        ]
    },
    {
        "id": 6,
        "keypoints3d": [
          [-0.604,  1.032,  1.573,  0.857], 
          [-0.704,  0.897,  1.409,  0.882], 
          [-0.560,  0.828,  1.417,  0.839], 
          [-0.521,  0.743,  1.167,  0.852], 
          [-0.458,  0.763,  0.851,  0.859], 
          [-0.857,  0.955,  1.405,  0.859], 
          [-0.911,  0.939,  1.118,  0.859], 
          [-0.933,  1.009,  0.863,  0.849], 
          [-0.687,  0.856,  0.886,  0.732], 
          [-0.592,  0.824,  0.893,  0.732], 
          [-0.631,  0.779,  0.504,  0.816], 
          [-0.658,  0.589,  0.170,  0.830], 
          [-0.794,  0.895,  0.893,  0.713], 
          [-0.790,  0.985,  0.488,  0.842], 
          [-0.780,  1.019,  0.108,  0.856], 
          [-0.583,  1.012,  1.612,  0.809], 
          [-0.636,  1.058,  1.598,  0.808], 
          [-0.595,  0.936,  1.619,  0.856], 
          [-0.728,  1.015,  1.621,  0.801], 
          [-0.680,  1.140,  0.026,  0.716], 
          [-0.741,  1.138,  0.025,  0.664], 
          [-0.789,  0.998,  0.047,  0.714], 
          [-0.669,  0.703,  0.049,  0.770], 
          [-0.627,  0.669,  0.065,  0.678], 
          [-0.684,  0.547,  0.141,  0.748]
        ]
    }
]
