[
    {
        "id": 0,
        "keypoints3d": [
          [-0.955, -1.157,  1.523,  0.897], 
          [-1.035, -1.280,  1.350,  0.864], 
          [-0.890, -1.364,  1.333,  0.849], 
          [-0.949, -1.431,  1.063,  0.789], 
          [-1.038, -1.420,  0.848,  0.833], 
          [-1.175, -1.194,  1.363,  0.842], 
          [-1.234, -1.218,  1.105,  0.736], 
          [-1.181, -1.341,  0.884,  0.673], 
          [-1.042, -1.275,  0.831,  0.738], 
          [-0.951, -1.333,  0.826,  0.709], 
          [-1.010, -1.354,  0.441,  0.774], 
          [-1.065, -1.364,  0.109,  0.829], 
          [-1.133, -1.219,  0.834,  0.725], 
          [-1.145, -1.208,  0.462,  0.806], 
          [-1.228, -1.288,  0.103,  0.789], 
          [-0.926, -1.195,  1.546,  0.744], 
          [-0.974, -1.154,  1.561,  0.863], 
          [-0.913, -1.275,  1.534,  0.794], 
          [-1.061, -1.198,  1.560,  0.848], 
          [-1.193, -1.147,  0.044,  0.746], 
          [-1.238, -1.160,  0.050,  0.775], 
          [-1.232, -1.330,  0.053,  0.716], 
          [-0.966, -1.258,  0.065,  0.826], 
          [-0.952, -1.319,  0.070,  0.713], 
          [-1.075, -1.380,  0.055,  0.664]
        ]
    },
    {
        "id": 2,
        "keypoints3d": [
          [-0.110,  0.740,  1.464,  0.871], 
          [-0.069,  0.903,  1.302,  0.845], 
          [-0.205,  0.904,  1.306,  0.839], 
          [-0.276,  0.908,  1.058,  0.743], 
          [-0.309,  0.849,  0.851,  0.771], 
          [ 0.085,  0.917,  1.304,  0.806], 
          [ 0.163,  0.935,  1.061,  0.837], 
          [ 0.173,  0.891,  0.841,  0.846], 
          [-0.067,  0.910,  0.792,  0.760], 
          [-0.168,  0.903,  0.786,  0.761], 
          [-0.126,  0.902,  0.426,  0.797], 
          [-0.112,  0.957,  0.088,  0.778], 
          [ 0.034,  0.915,  0.792,  0.748], 
          [ 0.037,  0.897,  0.438,  0.824], 
          [ 0.059,  0.944,  0.094,  0.817], 
          [-0.128,  0.749,  1.503,  0.792], 
          [-0.079,  0.745,  1.500,  0.860], 
          [-0.157,  0.855,  1.513,  0.810], 
          [-0.000,  0.817,  1.518,  0.806], 
          [ 0.041,  0.812,  0.055,  0.669], 
          [ 0.089,  0.838,  0.051,  0.679], 
          [ 0.065,  0.987,  0.060,  0.671], 
          [-0.104,  0.812,  0.047,  0.669], 
          [-0.134,  0.842,  0.033,  0.642], 
          [-0.094,  0.986,  0.046,  0.614]
        ]
    },
    {
        "id": 4,
        "keypoints3d": [
          [-0.719,  0.719,  1.596,  0.774], 
          [-0.641,  0.544,  1.419,  0.868], 
          [-0.495,  0.617,  1.421,  0.847], 
          [-0.459,  0.646,  1.152,  0.797], 
          [-0.488,  0.693,  0.901,  0.767], 
          [-0.787,  0.467,  1.412,  0.867], 
          [-0.820,  0.460,  1.144,  0.771], 
          [-0.837,  0.563,  0.911,  0.789], 
          [-0.667,  0.541,  0.880,  0.746], 
          [-0.579,  0.588,  0.883,  0.717], 
          [-0.590,  0.573,  0.499,  0.773], 
          [-0.639,  0.508,  0.105,  0.772], 
          [-0.752,  0.497,  0.880,  0.727], 
          [-0.802,  0.482,  0.505,  0.787], 
          [-0.724,  0.327,  0.146,  0.779], 
          [-0.677,  0.727,  1.623,  0.764], 
          [-0.736,  0.681,  1.617,  0.817], 
          [-0.597,  0.660,  1.627,  0.883], 
          [-0.754,  0.592,  1.633,  0.749], 
          [-0.841,  0.410,  0.037,  0.739], 
          [-0.839,  0.362,  0.036,  0.732], 
          [-0.675,  0.301,  0.097,  0.620], 
          [-0.687,  0.659,  0.047,  0.776], 
          [-0.643,  0.645,  0.034,  0.784], 
          [-0.632,  0.469,  0.057,  0.683]
        ]
    },
    {
        "id": 6,
        "keypoints3d": [
          [ 1.032, -1.325,  1.578,  0.878], 
          [ 1.131, -1.403,  1.391,  0.853], 
          [ 1.245, -1.278,  1.392,  0.801], 
          [ 1.132, -1.156,  1.187,  0.757], 
          [ 0.967, -1.365,  1.195,  0.810], 
          [ 1.005, -1.519,  1.381,  0.806], 
          [ 0.913, -1.444,  1.143,  0.840], 
          [ 1.057, -1.248,  1.176,  0.752], 
          [ 1.087, -1.358,  0.858,  0.707], 
          [ 1.148, -1.273,  0.864,  0.697], 
          [ 1.176, -1.310,  0.474,  0.748], 
          [ 1.236, -1.350,  0.084,  0.789], 
          [ 1.020, -1.433,  0.860,  0.689], 
          [ 1.040, -1.435,  0.475,  0.711], 
          [ 1.074, -1.470,  0.106,  0.841], 
          [ 1.080, -1.298,  1.617,  0.778], 
          [ 1.023, -1.353,  1.607,  0.850], 
          [ 1.180, -1.316,  1.608,  0.903], 
          [ 1.073, -1.433,  1.571,  0.886], 
          [ 0.983, -1.360,  0.058,  0.714], 
          [ 0.960, -1.434,  0.060,  0.720], 
          [ 1.109, -1.481,  0.053,  0.698], 
          [ 1.115, -1.247,  0.052,  0.652], 
          [ 1.181, -1.222,  0.047,  0.724], 
          [ 1.247, -1.386,  0.039,  0.671]
        ]
    }
]
