[
    {
        "id": 0,
        "keypoints3d": [
          [-0.128,  0.672,  1.437,  0.814], 
          [-0.062,  0.833,  1.296,  0.849], 
          [-0.201,  0.888,  1.309,  0.820], 
          [-0.271,  0.938,  1.054,  0.754], 
          [-0.313,  0.898,  0.842,  0.826], 
          [ 0.070,  0.801,  1.292,  0.821], 
          [ 0.144,  0.803,  1.049,  0.850], 
          [ 0.128,  0.740,  0.829,  0.857], 
          [-0.075,  0.859,  0.781,  0.747], 
          [-0.183,  0.887,  0.787,  0.736], 
          [-0.192,  0.814,  0.442,  0.769], 
          [-0.168,  0.850,  0.066,  0.782], 
          [ 0.016,  0.831,  0.779,  0.744], 
          [ 0.032,  0.866,  0.444,  0.810], 
          [ 0.062,  0.945,  0.094,  0.842], 
          [-0.163,  0.684,  1.490,  0.804], 
          [-0.091,  0.673,  1.480,  0.874], 
          [-0.175,  0.792,  1.504,  0.771], 
          [-0.012,  0.730,  1.490,  0.804], 
          [ 0.046,  0.814,  0.054,  0.616], 
          [ 0.096,  0.849,  0.052,  0.647], 
          [ 0.071,  0.976,  0.058,  0.721], 
          [-0.237,  0.753,  0.039,  0.655], 
          [-0.237,  0.774,  0.044,  0.646], 
          [-0.158,  0.867, -0.008,  0.772]
        ]
    },
    {
        "id": 2,
        "keypoints3d": [
          [-0.946, -1.147,  1.522,  0.896], 
          [-1.015, -1.280,  1.350,  0.860], 
          [-0.873, -1.362,  1.334,  0.845], 
          [-0.922, -1.433,  1.068,  0.788], 
          [-1.017, -1.428,  0.865,  0.693], 
          [-1.155, -1.189,  1.362,  0.854], 
          [-1.213, -1.223,  1.105,  0.756], 
          [-1.146, -1.342,  0.874,  0.715], 
          [-1.035, -1.271,  0.828,  0.758], 
          [-0.952, -1.328,  0.823,  0.720], 
          [-1.008, -1.350,  0.438,  0.811], 
          [-1.052, -1.358,  0.098,  0.804], 
          [-1.124, -1.216,  0.827,  0.731], 
          [-1.147, -1.223,  0.455,  0.818], 
          [-1.224, -1.288,  0.093,  0.781], 
          [-0.908, -1.176,  1.551,  0.808], 
          [-0.970, -1.150,  1.566,  0.876], 
          [-0.887, -1.258,  1.537,  0.787], 
          [-1.049, -1.194,  1.560,  0.850], 
          [-1.189, -1.143,  0.040,  0.755], 
          [-1.234, -1.158,  0.045,  0.785], 
          [-1.226, -1.327,  0.047,  0.739], 
          [-0.969, -1.260,  0.062,  0.834], 
          [-0.954, -1.329,  0.068,  0.812], 
          [-1.071, -1.372,  0.049,  0.645]
        ]
    },
    {
        "id": 4,
        "keypoints3d": [
          [ 1.030, -1.328,  1.581,  0.881], 
          [ 1.133, -1.407,  1.390,  0.855], 
          [ 1.250, -1.288,  1.394,  0.810], 
          [ 1.136, -1.152,  1.190,  0.768], 
          [ 0.970, -1.358,  1.199,  0.811], 
          [ 1.003, -1.518,  1.381,  0.811], 
          [ 0.909, -1.446,  1.146,  0.844], 
          [ 1.056, -1.244,  1.176,  0.745], 
          [ 1.087, -1.358,  0.858,  0.708], 
          [ 1.150, -1.279,  0.863,  0.700], 
          [ 1.178, -1.306,  0.474,  0.749], 
          [ 1.236, -1.349,  0.082,  0.787], 
          [ 1.021, -1.434,  0.860,  0.688], 
          [ 1.039, -1.431,  0.475,  0.708], 
          [ 1.073, -1.468,  0.101,  0.842], 
          [ 1.079, -1.297,  1.619,  0.765], 
          [ 1.022, -1.355,  1.612,  0.846], 
          [ 1.179, -1.318,  1.608,  0.900], 
          [ 1.051, -1.461,  1.588,  0.856], 
          [ 0.977, -1.356,  0.059,  0.716], 
          [ 0.958, -1.432,  0.058,  0.722], 
          [ 1.108, -1.485,  0.052,  0.703], 
          [ 1.116, -1.248,  0.051,  0.726], 
          [ 1.182, -1.222,  0.046,  0.731], 
          [ 1.248, -1.387,  0.039,  0.675]
        ]
    },
    {
        "id": 6,
        "keypoints3d": [
          [-0.666,  0.818,  1.579,  0.851], 
          [-0.657,  0.632,  1.420,  0.881], 
          [-0.504,  0.664,  1.420,  0.803], 
          [-0.456,  0.675,  1.177,  0.717], 
          [-0.482,  0.721,  0.905,  0.830], 
          [-0.802,  0.592,  1.416,  0.833], 
          [-0.846,  0.593,  1.128,  0.846], 
          [-0.822,  0.686,  0.900,  0.807], 
          [-0.662,  0.635,  0.887,  0.719], 
          [-0.572,  0.652,  0.892,  0.696], 
          [-0.592,  0.613,  0.495,  0.773], 
          [-0.647,  0.517,  0.102,  0.817], 
          [-0.756,  0.615,  0.886,  0.707], 
          [-0.777,  0.681,  0.509,  0.834], 
          [-0.781,  0.615,  0.124,  0.800], 
          [-0.642,  0.812,  1.617,  0.792], 
          [-0.692,  0.802,  1.608,  0.811], 
          [-0.586,  0.724,  1.626,  0.841], 
          [-0.731,  0.709,  1.633,  0.757], 
          [-0.792,  0.754,  0.039,  0.720], 
          [-0.848,  0.729,  0.045,  0.670], 
          [-0.780,  0.588,  0.084,  0.716], 
          [-0.671,  0.673,  0.039,  0.778], 
          [-0.623,  0.646,  0.041,  0.691], 
          [-0.646,  0.477,  0.060,  0.649]
        ]
    }
]
