[
    {
        "id": 0,
        "keypoints3d": [
          [-1.023, -1.116,  1.525,  0.841], 
          [-1.063, -1.268,  1.359,  0.878], 
          [-0.902, -1.327,  1.355,  0.839], 
          [-0.913, -1.378,  1.080,  0.765], 
          [-1.001, -1.406,  0.859,  0.785], 
          [-1.222, -1.208,  1.363,  0.858], 
          [-1.269, -1.258,  1.100,  0.784], 
          [-1.241, -1.318,  0.895,  0.702], 
          [-1.068, -1.253,  0.834,  0.761], 
          [-0.977, -1.282,  0.828,  0.749], 
          [-1.022, -1.332,  0.460,  0.757], 
          [-1.044, -1.369,  0.106,  0.840], 
          [-1.163, -1.228,  0.840,  0.741], 
          [-1.187, -1.248,  0.453,  0.809], 
          [-1.225, -1.301,  0.097,  0.825], 
          [-1.002, -1.156,  1.564,  0.848], 
          [-1.062, -1.122,  1.562,  0.874], 
          [-0.980, -1.242,  1.557,  0.694], 
          [-1.132, -1.192,  1.545,  0.830], 
          [-1.198, -1.148,  0.054,  0.650], 
          [-1.244, -1.174,  0.056,  0.678], 
          [-1.220, -1.334,  0.054,  0.668], 
          [-0.987, -1.238,  0.082,  0.724], 
          [-0.957, -1.301,  0.075,  0.704], 
          [-1.058, -1.383,  0.049,  0.704]
        ]
    },
    {
        "id": 2,
        "keypoints3d": [
          [ 1.021, -1.335,  1.582,  0.882], 
          [ 1.133, -1.405,  1.389,  0.858], 
          [ 1.250, -1.295,  1.393,  0.828], 
          [ 1.137, -1.159,  1.192,  0.795], 
          [ 0.970, -1.356,  1.201,  0.799], 
          [ 0.998, -1.522,  1.377,  0.826], 
          [ 0.912, -1.449,  1.143,  0.855], 
          [ 1.060, -1.249,  1.183,  0.748], 
          [ 1.084, -1.365,  0.855,  0.712], 
          [ 1.146, -1.286,  0.862,  0.697], 
          [ 1.174, -1.310,  0.473,  0.817], 
          [ 1.237, -1.349,  0.081,  0.782], 
          [ 1.016, -1.439,  0.855,  0.697], 
          [ 1.037, -1.439,  0.469,  0.664], 
          [ 1.070, -1.467,  0.101,  0.843], 
          [ 1.077, -1.312,  1.618,  0.906], 
          [ 1.011, -1.362,  1.614,  0.869], 
          [ 1.164, -1.339,  1.603,  0.890], 
          [ 1.043, -1.463,  1.581,  0.827], 
          [ 0.977, -1.356,  0.059,  0.715], 
          [ 0.958, -1.434,  0.056,  0.733], 
          [ 1.101, -1.479,  0.052,  0.707], 
          [ 1.117, -1.247,  0.047,  0.728], 
          [ 1.185, -1.223,  0.041,  0.736], 
          [ 1.252, -1.389,  0.037,  0.674]
        ]
    },
    {
        "id": 4,
        "keypoints3d": [
          [-0.433,  0.426,  1.390,  0.872], 
          [-0.298,  0.535,  1.265,  0.847], 
          [-0.336,  0.680,  1.272,  0.807], 
          [-0.269,  0.766,  1.049,  0.685], 
          [-0.281,  0.802,  0.823,  0.875], 
          [-0.251,  0.399,  1.264,  0.844], 
          [-0.226,  0.270,  1.062,  0.737], 
          [-0.323,  0.187,  0.866,  0.843], 
          [-0.345,  0.548,  0.767,  0.707], 
          [-0.367,  0.636,  0.763,  0.727], 
          [-0.373,  0.636,  0.383,  0.741], 
          [-0.203,  0.699,  0.107,  0.690], 
          [-0.320,  0.458,  0.771,  0.700], 
          [-0.481,  0.453,  0.430,  0.727], 
          [-0.515,  0.488,  0.065,  0.668], 
          [-0.482,  0.452,  1.437,  0.686], 
          [-0.414,  0.431,  1.436,  0.752], 
          [-0.436,  0.531,  1.453,  0.860], 
          [-0.309,  0.444,  1.453,  0.796], 
          [-0.720,  0.426,  0.048,  0.656], 
          [-0.659,  0.443,  0.006,  0.664], 
          [-0.442,  0.553, -0.068,  0.720], 
          [-0.340,  0.678,  0.033,  0.695], 
          [-0.303,  0.717,  0.030,  0.715], 
          [-0.148,  0.708,  0.085,  0.641]
        ]
    },
    {
        "id": 6,
        "keypoints3d": [
          [-0.537,  1.167,  1.589,  0.838], 
          [-0.694,  1.060,  1.432,  0.888], 
          [-0.605,  0.930,  1.463,  0.849], 
          [-0.634,  0.805,  1.216,  0.828], 
          [-0.665,  0.777,  0.970,  0.747], 
          [-0.776,  1.198,  1.410,  0.847], 
          [-0.805,  1.266,  1.129,  0.844], 
          [-0.727,  1.305,  0.888,  0.866], 
          [-0.666,  1.007,  0.922,  0.738], 
          [-0.603,  0.927,  0.931,  0.706], 
          [-0.541,  0.983,  0.533,  0.745], 
          [-0.628,  0.940,  0.152,  0.845], 
          [-0.744,  1.079,  0.914,  0.726], 
          [-0.742,  1.083,  0.502,  0.826], 
          [-0.774,  1.033,  0.111,  0.836], 
          [-0.539,  1.157,  1.623,  0.847], 
          [-0.552,  1.216,  1.632,  0.778], 
          [-0.599,  1.062,  1.641,  0.810], 
          [-0.667,  1.205,  1.614,  0.759], 
          [-0.677,  1.160,  0.034,  0.697], 
          [-0.739,  1.152,  0.037,  0.698], 
          [-0.784,  1.008,  0.079,  0.673], 
          [-0.515,  1.042,  0.069,  0.675], 
          [-0.516,  0.987,  0.063,  0.638], 
          [-0.665,  0.920,  0.111,  0.756]
        ]
    }
]
