[
    {
        "id": 0,
        "keypoints3d": [
          [-1.013, -1.121,  1.525,  0.835], 
          [-1.061, -1.271,  1.358,  0.877], 
          [-0.898, -1.329,  1.352,  0.840], 
          [-0.909, -1.378,  1.079,  0.757], 
          [-1.005, -1.402,  0.858,  0.746], 
          [-1.217, -1.214,  1.364,  0.856], 
          [-1.260, -1.252,  1.100,  0.778], 
          [-1.239, -1.317,  0.892,  0.728], 
          [-1.064, -1.258,  0.834,  0.761], 
          [-0.970, -1.288,  0.832,  0.746], 
          [-1.020, -1.331,  0.460,  0.762], 
          [-1.042, -1.370,  0.105,  0.846], 
          [-1.160, -1.227,  0.842,  0.739], 
          [-1.186, -1.249,  0.453,  0.807], 
          [-1.219, -1.306,  0.095,  0.804], 
          [-0.986, -1.156,  1.567,  0.837], 
          [-1.054, -1.124,  1.563,  0.878], 
          [-0.976, -1.244,  1.557,  0.759], 
          [-1.126, -1.193,  1.547,  0.845], 
          [-1.203, -1.142,  0.049,  0.703], 
          [-1.249, -1.168,  0.053,  0.737], 
          [-1.217, -1.335,  0.051,  0.643], 
          [-0.977, -1.244,  0.080,  0.727], 
          [-0.953, -1.304,  0.079,  0.716], 
          [-1.057, -1.384,  0.049,  0.704]
        ]
    },
    {
        "id": 2,
        "keypoints3d": [
          [ 1.021, -1.335,  1.582,  0.881], 
          [ 1.133, -1.405,  1.389,  0.857], 
          [ 1.250, -1.295,  1.393,  0.829], 
          [ 1.137, -1.159,  1.188,  0.796], 
          [ 0.970, -1.358,  1.195,  0.783], 
          [ 0.998, -1.522,  1.377,  0.826], 
          [ 0.912, -1.449,  1.143,  0.852], 
          [ 1.057, -1.252,  1.176,  0.726], 
          [ 1.086, -1.363,  0.857,  0.697], 
          [ 1.147, -1.283,  0.863,  0.684], 
          [ 1.175, -1.310,  0.472,  0.817], 
          [ 1.237, -1.349,  0.081,  0.781], 
          [ 1.019, -1.437,  0.854,  0.682], 
          [ 1.040, -1.438,  0.472,  0.701], 
          [ 1.070, -1.467,  0.101,  0.844], 
          [ 1.077, -1.312,  1.618,  0.906], 
          [ 1.011, -1.362,  1.614,  0.869], 
          [ 1.165, -1.339,  1.603,  0.888], 
          [ 1.043, -1.463,  1.581,  0.826], 
          [ 0.977, -1.356,  0.060,  0.714], 
          [ 0.959, -1.432,  0.058,  0.732], 
          [ 1.101, -1.479,  0.052,  0.708], 
          [ 1.117, -1.249,  0.045,  0.728], 
          [ 1.185, -1.223,  0.041,  0.736], 
          [ 1.252, -1.389,  0.038,  0.672]
        ]
    },
    {
        "id": 4,
        "keypoints3d": [
          [-0.432,  0.427,  1.399,  0.878], 
          [-0.295,  0.550,  1.270,  0.855], 
          [-0.339,  0.694,  1.277,  0.822], 
          [-0.285,  0.802,  1.062,  0.762], 
          [-0.290,  0.820,  0.832,  0.751], 
          [-0.242,  0.409,  1.265,  0.849], 
          [-0.226,  0.283,  1.060,  0.713], 
          [-0.332,  0.199,  0.867,  0.755], 
          [-0.334,  0.558,  0.769,  0.703], 
          [-0.356,  0.653,  0.772,  0.722], 
          [-0.346,  0.645,  0.384,  0.762], 
          [-0.189,  0.707,  0.092,  0.685], 
          [-0.315,  0.465,  0.773,  0.697], 
          [-0.487,  0.465,  0.446,  0.756], 
          [-0.520,  0.487,  0.092,  0.710], 
          [-0.454,  0.449,  1.438,  0.651], 
          [-0.409,  0.425,  1.441,  0.742], 
          [-0.420,  0.542,  1.463,  0.860], 
          [-0.299,  0.450,  1.457,  0.816], 
          [-0.703,  0.424,  0.068,  0.678], 
          [-0.643,  0.433,  0.031,  0.673], 
          [-0.446,  0.533, -0.017,  0.634], 
          [-0.321,  0.666,  0.028,  0.685], 
          [-0.294,  0.709,  0.030,  0.634], 
          [-0.144,  0.720,  0.078,  0.652]
        ]
    },
    {
        "id": 6,
        "keypoints3d": [
          [-0.541,  1.170,  1.593,  0.857], 
          [-0.697,  1.051,  1.428,  0.899], 
          [-0.609,  0.919,  1.464,  0.848], 
          [-0.631,  0.799,  1.216,  0.818], 
          [-0.668,  0.759,  0.977,  0.789], 
          [-0.780,  1.194,  1.407,  0.850], 
          [-0.826,  1.248,  1.127,  0.842], 
          [-0.756,  1.285,  0.875,  0.865], 
          [-0.671,  0.984,  0.923,  0.742], 
          [-0.612,  0.904,  0.932,  0.720], 
          [-0.570,  0.937,  0.542,  0.760], 
          [-0.650,  0.901,  0.170,  0.868], 
          [-0.747,  1.068,  0.916,  0.727], 
          [-0.746,  1.080,  0.501,  0.828], 
          [-0.777,  1.022,  0.114,  0.841], 
          [-0.542,  1.152,  1.625,  0.855], 
          [-0.570,  1.204,  1.629,  0.812], 
          [-0.602,  1.053,  1.641,  0.750], 
          [-0.674,  1.206,  1.617,  0.787], 
          [-0.684,  1.151,  0.031,  0.696], 
          [-0.747,  1.148,  0.038,  0.716], 
          [-0.782,  1.000,  0.077,  0.706], 
          [-0.575,  0.966,  0.021,  0.752], 
          [-0.564,  0.927,  0.040,  0.721], 
          [-0.684,  0.889,  0.131,  0.745]
        ]
    }
]
