[
    {
        "id": 0,
        "keypoints3d": [
          [ 1.032, -1.330,  1.581,  0.885], 
          [ 1.132, -1.406,  1.388,  0.862], 
          [ 1.250, -1.296,  1.392,  0.830], 
          [ 1.135, -1.160,  1.186,  0.797], 
          [ 0.969, -1.356,  1.196,  0.814], 
          [ 0.998, -1.522,  1.377,  0.825], 
          [ 0.909, -1.449,  1.145,  0.848], 
          [ 1.057, -1.250,  1.177,  0.747], 
          [ 1.088, -1.357,  0.858,  0.722], 
          [ 1.153, -1.279,  0.868,  0.707], 
          [ 1.175, -1.310,  0.472,  0.815], 
          [ 1.235, -1.348,  0.082,  0.773], 
          [ 1.022, -1.434,  0.857,  0.707], 
          [ 1.037, -1.439,  0.469,  0.662], 
          [ 1.072, -1.467,  0.101,  0.845], 
          [ 1.080, -1.306,  1.620,  0.909], 
          [ 1.016, -1.364,  1.614,  0.872], 
          [ 1.170, -1.335,  1.604,  0.893], 
          [ 1.048, -1.464,  1.589,  0.839], 
          [ 0.976, -1.360,  0.063,  0.717], 
          [ 0.958, -1.432,  0.058,  0.730], 
          [ 1.102, -1.482,  0.052,  0.706], 
          [ 1.117, -1.246,  0.048,  0.725], 
          [ 1.184, -1.222,  0.042,  0.729], 
          [ 1.253, -1.388,  0.038,  0.673]
        ]
    },
    {
        "id": 2,
        "keypoints3d": [
          [-0.957, -1.135,  1.524,  0.911], 
          [-1.009, -1.275,  1.359,  0.856], 
          [-0.860, -1.343,  1.344,  0.855], 
          [-0.887, -1.406,  1.072,  0.723], 
          [-0.995, -1.421,  0.865,  0.732], 
          [-1.160, -1.208,  1.367,  0.838], 
          [-1.221, -1.263,  1.109,  0.804], 
          [-1.175, -1.339,  0.891,  0.704], 
          [-1.042, -1.269,  0.839,  0.763], 
          [-0.947, -1.310,  0.833,  0.740], 
          [-1.009, -1.337,  0.449,  0.795], 
          [-1.069, -1.353,  0.091,  0.825], 
          [-1.135, -1.237,  0.843,  0.739], 
          [-1.163, -1.253,  0.458,  0.774], 
          [-1.213, -1.300,  0.084,  0.772], 
          [-0.932, -1.156,  1.557,  0.793], 
          [-0.995, -1.146,  1.564,  0.864], 
          [-0.918, -1.259,  1.539,  0.801], 
          [-1.070, -1.196,  1.554,  0.839], 
          [-1.193, -1.139,  0.051,  0.703], 
          [-1.249, -1.166,  0.051,  0.742], 
          [-1.218, -1.331,  0.050,  0.697], 
          [-0.976, -1.248,  0.078,  0.801], 
          [-0.955, -1.303,  0.078,  0.776], 
          [-1.084, -1.366,  0.034,  0.672]
        ]
    },
    {
        "id": 4,
        "keypoints3d": [
          [-0.252,  0.567,  1.413,  0.790], 
          [-0.208,  0.643,  1.283,  0.841], 
          [-0.292,  0.767,  1.296,  0.800], 
          [-0.288,  0.823,  1.065,  0.789], 
          [-0.313,  0.805,  0.818,  0.791], 
          [-0.132,  0.522,  1.267,  0.841], 
          [-0.126,  0.462,  1.014,  0.781], 
          [-0.207,  0.430,  0.801,  0.746], 
          [-0.251,  0.655,  0.777,  0.712], 
          [-0.294,  0.742,  0.777,  0.691], 
          [-0.318,  0.728,  0.397,  0.740], 
          [-0.249,  0.674,  0.069,  0.745], 
          [-0.210,  0.577,  0.765,  0.715], 
          [-0.302,  0.570,  0.386,  0.739], 
          [-0.278,  0.689,  0.096,  0.765], 
          [-0.314,  0.547,  1.462,  0.768], 
          [-0.212,  0.558,  1.449,  0.814], 
          [-0.306,  0.639,  1.479,  0.917], 
          [-0.176,  0.555,  1.464,  0.810], 
          [-0.373,  0.760, -0.092,  0.625], 
          [-0.383,  0.759, -0.110,  0.619], 
          [-0.253,  0.722,  0.088,  0.608], 
          [-0.355,  0.634, -0.041,  0.578], 
          [-0.339,  0.650, -0.023,  0.588], 
          [-0.223,  0.642,  0.004,  0.629]
        ]
    },
    {
        "id": 6,
        "keypoints3d": [
          [-0.591,  1.090,  1.585,  0.873], 
          [-0.698,  0.929,  1.412,  0.930], 
          [-0.562,  0.845,  1.431,  0.873], 
          [-0.524,  0.730,  1.162,  0.823], 
          [-0.456,  0.778,  0.865,  0.793], 
          [-0.843,  1.004,  1.405,  0.884], 
          [-0.914,  1.018,  1.119,  0.859], 
          [-0.921,  1.044,  0.857,  0.885], 
          [-0.694,  0.886,  0.895,  0.743], 
          [-0.591,  0.844,  0.891,  0.766], 
          [-0.615,  0.837,  0.499,  0.850], 
          [-0.668,  0.644,  0.206,  0.853], 
          [-0.796,  0.935,  0.889,  0.736], 
          [-0.791,  1.002,  0.485,  0.864], 
          [-0.777,  1.023,  0.111,  0.849], 
          [-0.574,  1.041,  1.602,  0.610], 
          [-0.630,  1.082,  1.597,  0.844], 
          [-0.600,  0.957,  1.619,  0.855], 
          [-0.720,  1.055,  1.612,  0.740], 
          [-0.681,  1.135,  0.023,  0.687], 
          [-0.740,  1.140,  0.031,  0.719], 
          [-0.785,  1.006,  0.053,  0.702], 
          [-0.647,  0.736,  0.072,  0.686], 
          [-0.612,  0.698,  0.088,  0.672], 
          [-0.679,  0.587,  0.181,  0.760]
        ]
    }
]
