[
    {
        "id": 0,
        "keypoints3d": [
          [-0.636,  0.861,  1.589,  0.800], 
          [-0.659,  0.669,  1.417,  0.869], 
          [-0.508,  0.674,  1.421,  0.832], 
          [-0.464,  0.673,  1.147,  0.807], 
          [-0.463,  0.712,  0.914,  0.717], 
          [-0.818,  0.668,  1.412,  0.845], 
          [-0.865,  0.663,  1.132,  0.801], 
          [-0.863,  0.762,  0.902,  0.813], 
          [-0.667,  0.670,  0.884,  0.740], 
          [-0.572,  0.674,  0.888,  0.698], 
          [-0.593,  0.628,  0.487,  0.761], 
          [-0.644,  0.512,  0.111,  0.815], 
          [-0.766,  0.666,  0.887,  0.738], 
          [-0.784,  0.754,  0.501,  0.743], 
          [-0.787,  0.779,  0.097,  0.772], 
          [-0.606,  0.850,  1.632,  0.797], 
          [-0.688,  0.851,  1.625,  0.853], 
          [-0.577,  0.771,  1.630,  0.720], 
          [-0.733,  0.774,  1.623,  0.833], 
          [-0.770,  0.940,  0.038,  0.669], 
          [-0.822,  0.913,  0.051,  0.735], 
          [-0.775,  0.751,  0.058,  0.772], 
          [-0.671,  0.655,  0.044,  0.691], 
          [-0.635,  0.636,  0.049,  0.660], 
          [-0.646,  0.470,  0.072,  0.730]
        ]
    },
    {
        "id": 2,
        "keypoints3d": [
          [-0.942, -1.148,  1.522,  0.897], 
          [-1.012, -1.277,  1.352,  0.854], 
          [-0.869, -1.356,  1.335,  0.849], 
          [-0.916, -1.428,  1.070,  0.782], 
          [-1.024, -1.417,  0.853,  0.789], 
          [-1.149, -1.190,  1.365,  0.851], 
          [-1.212, -1.227,  1.105,  0.753], 
          [-1.143, -1.330,  0.874,  0.641], 
          [-1.033, -1.265,  0.825,  0.753], 
          [-0.947, -1.324,  0.824,  0.716], 
          [-1.010, -1.346,  0.437,  0.789], 
          [-1.054, -1.359,  0.090,  0.792], 
          [-1.117, -1.217,  0.825,  0.725], 
          [-1.146, -1.227,  0.456,  0.816], 
          [-1.223, -1.292,  0.090,  0.782], 
          [-0.903, -1.186,  1.546,  0.814], 
          [-0.970, -1.151,  1.562,  0.878], 
          [-0.888, -1.261,  1.540,  0.792], 
          [-1.041, -1.196,  1.559,  0.853], 
          [-1.189, -1.143,  0.039,  0.754], 
          [-1.235, -1.157,  0.043,  0.785], 
          [-1.230, -1.329,  0.045,  0.655], 
          [-0.965, -1.259,  0.062,  0.830], 
          [-0.951, -1.319,  0.068,  0.803], 
          [-1.075, -1.371,  0.041,  0.642]
        ]
    },
    {
        "id": 4,
        "keypoints3d": [
          [-0.164,  0.639,  1.432,  0.759], 
          [-0.086,  0.814,  1.297,  0.839], 
          [-0.218,  0.880,  1.302,  0.805], 
          [-0.278,  0.945,  1.058,  0.749], 
          [-0.315,  0.915,  0.833,  0.837], 
          [ 0.037,  0.762,  1.295,  0.794], 
          [ 0.105,  0.741,  1.045,  0.861], 
          [ 0.075,  0.668,  0.825,  0.773], 
          [-0.106,  0.833,  0.779,  0.737], 
          [-0.200,  0.862,  0.784,  0.717], 
          [-0.244,  0.777,  0.437,  0.764], 
          [-0.180,  0.748,  0.099,  0.724], 
          [-0.009,  0.803,  0.783,  0.708], 
          [ 0.010,  0.844,  0.439,  0.741], 
          [ 0.058,  0.943,  0.090,  0.785], 
          [-0.174,  0.607,  1.478,  0.825], 
          [-0.114,  0.641,  1.464,  0.795], 
          [-0.202,  0.758,  1.501,  0.828], 
          [-0.039,  0.689,  1.481,  0.804], 
          [ 0.052,  0.793,  0.040,  0.668], 
          [ 0.098,  0.826,  0.050,  0.682], 
          [ 0.071,  0.979,  0.066,  0.671], 
          [-0.291,  0.683,  0.064,  0.722], 
          [-0.299,  0.708,  0.065,  0.746], 
          [-0.140,  0.763,  0.067,  0.683]
        ]
    },
    {
        "id": 6,
        "keypoints3d": [
          [ 1.033, -1.329,  1.582,  0.883], 
          [ 1.132, -1.407,  1.390,  0.856], 
          [ 1.250, -1.289,  1.394,  0.810], 
          [ 1.136, -1.152,  1.193,  0.767], 
          [ 0.970, -1.358,  1.198,  0.817], 
          [ 1.003, -1.517,  1.383,  0.812], 
          [ 0.912, -1.446,  1.144,  0.844], 
          [ 1.060, -1.244,  1.176,  0.746], 
          [ 1.088, -1.359,  0.857,  0.712], 
          [ 1.150, -1.280,  0.862,  0.703], 
          [ 1.175, -1.308,  0.474,  0.819], 
          [ 1.236, -1.349,  0.085,  0.776], 
          [ 1.022, -1.434,  0.859,  0.692], 
          [ 1.039, -1.434,  0.472,  0.704], 
          [ 1.073, -1.468,  0.101,  0.842], 
          [ 1.081, -1.303,  1.621,  0.761], 
          [ 1.022, -1.355,  1.612,  0.849], 
          [ 1.179, -1.319,  1.606,  0.900], 
          [ 1.051, -1.461,  1.588,  0.854], 
          [ 0.977, -1.356,  0.059,  0.715], 
          [ 0.958, -1.432,  0.058,  0.721], 
          [ 1.109, -1.481,  0.052,  0.702], 
          [ 1.116, -1.248,  0.051,  0.726], 
          [ 1.183, -1.223,  0.045,  0.732], 
          [ 1.248, -1.387,  0.039,  0.675]
        ]
    }
]
