[
    {
        "id": 0,
        "keypoints3d": [
          [ 1.025, -1.333,  1.584,  0.886], 
          [ 1.132, -1.406,  1.388,  0.860], 
          [ 1.250, -1.296,  1.392,  0.826], 
          [ 1.135, -1.156,  1.184,  0.781], 
          [ 0.969, -1.357,  1.189,  0.819], 
          [ 0.997, -1.520,  1.378,  0.823], 
          [ 0.912, -1.447,  1.145,  0.848], 
          [ 1.054, -1.246,  1.174,  0.757], 
          [ 1.086, -1.358,  0.849,  0.722], 
          [ 1.151, -1.278,  0.857,  0.705], 
          [ 1.175, -1.308,  0.474,  0.815], 
          [ 1.239, -1.349,  0.082,  0.776], 
          [ 1.017, -1.436,  0.849,  0.707], 
          [ 1.040, -1.440,  0.468,  0.650], 
          [ 1.072, -1.467,  0.106,  0.847], 
          [ 1.077, -1.312,  1.622,  0.898], 
          [ 1.016, -1.363,  1.615,  0.873], 
          [ 1.169, -1.329,  1.608,  0.896], 
          [ 1.060, -1.449,  1.578,  0.842], 
          [ 0.976, -1.360,  0.063,  0.719], 
          [ 0.959, -1.431,  0.062,  0.731], 
          [ 1.107, -1.486,  0.052,  0.709], 
          [ 1.117, -1.247,  0.048,  0.729], 
          [ 1.184, -1.222,  0.042,  0.738], 
          [ 1.251, -1.387,  0.039,  0.674]
        ]
    },
    {
        "id": 2,
        "keypoints3d": [
          [-0.944, -1.139,  1.524,  0.821], 
          [-1.008, -1.275,  1.358,  0.858], 
          [-0.863, -1.351,  1.343,  0.853], 
          [-0.891, -1.417,  1.077,  0.727], 
          [-0.976, -1.430,  0.864,  0.689], 
          [-1.149, -1.197,  1.366,  0.847], 
          [-1.214, -1.243,  1.108,  0.783], 
          [-1.160, -1.329,  0.894,  0.626], 
          [-1.033, -1.272,  0.836,  0.769], 
          [-0.947, -1.320,  0.829,  0.731], 
          [-1.011, -1.346,  0.447,  0.805], 
          [-1.065, -1.354,  0.102,  0.820], 
          [-1.126, -1.230,  0.844,  0.745], 
          [-1.160, -1.233,  0.462,  0.799], 
          [-1.225, -1.291,  0.096,  0.771], 
          [-0.911, -1.169,  1.557,  0.797], 
          [-0.977, -1.146,  1.566,  0.871], 
          [-0.908, -1.266,  1.541,  0.783], 
          [-1.061, -1.193,  1.558,  0.867], 
          [-1.195, -1.143,  0.038,  0.754], 
          [-1.242, -1.161,  0.041,  0.797], 
          [-1.222, -1.329,  0.051,  0.734], 
          [-0.968, -1.257,  0.065,  0.818], 
          [-0.952, -1.316,  0.069,  0.787], 
          [-1.082, -1.367,  0.047,  0.664]
        ]
    },
    {
        "id": 4,
        "keypoints3d": [
          [-0.247,  0.570,  1.406,  0.762], 
          [-0.158,  0.723,  1.270,  0.853], 
          [-0.265,  0.825,  1.274,  0.837], 
          [-0.278,  0.913,  1.035,  0.743], 
          [-0.299,  0.919,  0.812,  0.826], 
          [-0.045,  0.632,  1.274,  0.820], 
          [ 0.003,  0.582,  1.026,  0.805], 
          [-0.079,  0.489,  0.818,  0.857], 
          [-0.196,  0.719,  0.754,  0.759], 
          [-0.268,  0.784,  0.755,  0.712], 
          [-0.290,  0.720,  0.410,  0.768], 
          [-0.192,  0.713,  0.093,  0.764], 
          [-0.127,  0.655,  0.751,  0.734], 
          [-0.137,  0.627,  0.403,  0.766], 
          [ 0.011,  0.833,  0.196,  0.800], 
          [-0.255,  0.595,  1.450,  0.894], 
          [-0.196,  0.570,  1.451,  0.827], 
          [-0.272,  0.678,  1.476,  0.758], 
          [-0.105,  0.620,  1.468,  0.906], 
          [-0.004,  0.764,  0.072,  0.574], 
          [ 0.032,  0.772,  0.090,  0.579], 
          [ 0.045,  0.885,  0.190,  0.703], 
          [-0.320,  0.655,  0.039,  0.635], 
          [-0.304,  0.684,  0.046,  0.667], 
          [-0.155,  0.714,  0.057,  0.766]
        ]
    },
    {
        "id": 6,
        "keypoints3d": [
          [-0.609,  0.991,  1.573,  0.787], 
          [-0.692,  0.815,  1.410,  0.885], 
          [-0.542,  0.759,  1.412,  0.846], 
          [-0.486,  0.683,  1.164,  0.770], 
          [-0.444,  0.632,  0.917,  0.803], 
          [-0.847,  0.867,  1.394,  0.858], 
          [-0.909,  0.878,  1.127,  0.836], 
          [-0.918,  0.925,  0.869,  0.855], 
          [-0.686,  0.787,  0.887,  0.732], 
          [-0.589,  0.754,  0.883,  0.730], 
          [-0.617,  0.710,  0.499,  0.774], 
          [-0.649,  0.558,  0.139,  0.778], 
          [-0.784,  0.831,  0.888,  0.720], 
          [-0.781,  0.927,  0.495,  0.794], 
          [-0.781,  1.013,  0.109,  0.859], 
          [-0.592,  0.974,  1.619,  0.831], 
          [-0.645,  0.995,  1.605,  0.832], 
          [-0.592,  0.877,  1.624,  0.834], 
          [-0.724,  0.945,  1.623,  0.771], 
          [-0.687,  1.155,  0.029,  0.660], 
          [-0.742,  1.142,  0.034,  0.705], 
          [-0.787,  0.990,  0.049,  0.715], 
          [-0.671,  0.674,  0.041,  0.791], 
          [-0.634,  0.645,  0.046,  0.777], 
          [-0.661,  0.492,  0.100,  0.656]
        ]
    }
]
