[
    {
        "id": 0,
        "keypoints3d": [
          [ 1.016, -1.338,  1.584,  0.884], 
          [ 1.133, -1.408,  1.388,  0.857], 
          [ 1.248, -1.295,  1.393,  0.828], 
          [ 1.134, -1.159,  1.186,  0.813], 
          [ 0.971, -1.357,  1.196,  0.816], 
          [ 1.001, -1.523,  1.377,  0.828], 
          [ 0.914, -1.448,  1.142,  0.858], 
          [ 1.060, -1.248,  1.177,  0.749], 
          [ 1.093, -1.359,  0.857,  0.726], 
          [ 1.152, -1.278,  0.862,  0.709], 
          [ 1.175, -1.308,  0.472,  0.760], 
          [ 1.236, -1.350,  0.084,  0.785], 
          [ 1.024, -1.435,  0.856,  0.715], 
          [ 1.039, -1.440,  0.470,  0.661], 
          [ 1.071, -1.466,  0.103,  0.843], 
          [ 1.072, -1.299,  1.620,  0.896], 
          [ 1.011, -1.363,  1.612,  0.864], 
          [ 1.161, -1.342,  1.604,  0.899], 
          [ 1.043, -1.463,  1.581,  0.830], 
          [ 0.978, -1.355,  0.063,  0.716], 
          [ 0.959, -1.432,  0.058,  0.733], 
          [ 1.107, -1.477,  0.053,  0.702], 
          [ 1.118, -1.243,  0.051,  0.723], 
          [ 1.184, -1.224,  0.041,  0.731], 
          [ 1.253, -1.388,  0.038,  0.671]
        ]
    },
    {
        "id": 2,
        "keypoints3d": [
          [-1.242, -1.145,  1.523,  0.862], 
          [-1.186, -1.278,  1.344,  0.894], 
          [-1.028, -1.277,  1.349,  0.864], 
          [-1.001, -1.331,  1.070,  0.806], 
          [-1.055, -1.368,  0.861,  0.788], 
          [-1.351, -1.262,  1.344,  0.839], 
          [-1.375, -1.325,  1.087,  0.778], 
          [-1.306, -1.360,  0.861,  0.683], 
          [-1.177, -1.229,  0.825,  0.750], 
          [-1.081, -1.235,  0.830,  0.743], 
          [-1.041, -1.214,  0.465,  0.840], 
          [-1.080, -1.305,  0.106,  0.853], 
          [-1.283, -1.243,  0.820,  0.726], 
          [-1.268, -1.265,  0.440,  0.819], 
          [-1.218, -1.309,  0.072,  0.826], 
          [-1.210, -1.146,  1.556,  0.897], 
          [-1.267, -1.174,  1.561,  0.779], 
          [-1.117, -1.180,  1.540,  0.872], 
          [-1.265, -1.277,  1.542,  0.793], 
          [-1.201, -1.156,  0.030,  0.710], 
          [-1.244, -1.177,  0.035,  0.720], 
          [-1.208, -1.352,  0.032,  0.609], 
          [-0.986, -1.184,  0.079,  0.727], 
          [-0.969, -1.223,  0.091,  0.717], 
          [-1.092, -1.327,  0.063,  0.729]
        ]
    },
    {
        "id": 4,
        "keypoints3d": [
          [-0.220,  1.161,  1.582,  0.873], 
          [-0.399,  1.182,  1.413,  0.856], 
          [-0.379,  1.026,  1.414,  0.834], 
          [-0.418,  0.975,  1.137,  0.809], 
          [-0.374,  0.952,  0.942,  0.746], 
          [-0.427,  1.340,  1.419,  0.834], 
          [-0.487,  1.393,  1.150,  0.694], 
          [-0.435,  1.415,  0.903,  0.787], 
          [-0.421,  1.197,  0.885,  0.723], 
          [-0.392,  1.102,  0.883,  0.721], 
          [-0.348,  1.154,  0.482,  0.844], 
          [-0.380,  1.221,  0.094,  0.841], 
          [-0.440,  1.302,  0.890,  0.719], 
          [-0.453,  1.319,  0.496,  0.825], 
          [-0.684,  1.152,  0.214,  0.821], 
          [-0.228,  1.129,  1.623,  0.674], 
          [-0.215,  1.191,  1.621,  0.858], 
          [-0.321,  1.099,  1.608,  0.771], 
          [-0.293,  1.247,  1.629,  0.825], 
          [-0.641,  1.187,  0.042,  0.675], 
          [-0.673,  1.208,  0.059,  0.695], 
          [-0.727,  1.113,  0.212,  0.693], 
          [-0.198,  1.244,  0.064,  0.759], 
          [-0.229,  1.198,  0.052,  0.768], 
          [-0.403,  1.233,  0.049,  0.765]
        ]
    },
    {
        "id": 6,
        "keypoints3d": [
          [-0.615,  0.294,  1.107,  0.867], 
          [-0.413,  0.218,  0.990,  0.864], 
          [-0.348,  0.358,  0.973,  0.842], 
          [-0.134,  0.338,  0.882,  0.793], 
          [-0.117,  0.303,  0.700,  0.830], 
          [-0.470,  0.080,  1.012,  0.835], 
          [-0.425, -0.112,  0.871,  0.761], 
          [-0.450, -0.121,  0.669,  0.851], 
          [-0.383,  0.158,  0.534,  0.740], 
          [-0.344,  0.254,  0.542,  0.734], 
          [-0.566,  0.524,  0.398,  0.779], 
          [-0.327,  0.504,  0.101,  0.750], 
          [-0.444,  0.063,  0.544,  0.697], 
          [-0.760,  0.176,  0.438,  0.865], 
          [-0.685,  0.204,  0.099,  0.812], 
          [-0.610,  0.328,  1.141,  0.770], 
          [-0.596,  0.267,  1.161,  0.832], 
          [-0.481,  0.355,  1.121,  0.685], 
          [-0.509,  0.215,  1.162,  0.830], 
          [-0.831,  0.232,  0.042,  0.816], 
          [-0.797,  0.180,  0.043,  0.808], 
          [-0.639,  0.219,  0.043,  0.667], 
          [-0.329,  0.644,  0.062,  0.707], 
          [-0.280,  0.613,  0.060,  0.741], 
          [-0.303,  0.474,  0.065,  0.626]
        ]
    }
]
