[
    {
        "id": 0,
        "keypoints3d": [
          [ 1.018, -1.337,  1.583,  0.880], 
          [ 1.133, -1.407,  1.389,  0.857], 
          [ 1.250, -1.296,  1.393,  0.829], 
          [ 1.134, -1.156,  1.188,  0.812], 
          [ 0.971, -1.356,  1.199,  0.814], 
          [ 0.999, -1.523,  1.377,  0.824], 
          [ 0.912, -1.443,  1.143,  0.856], 
          [ 1.061, -1.249,  1.181,  0.734], 
          [ 1.088, -1.359,  0.861,  0.706], 
          [ 1.155, -1.278,  0.869,  0.695], 
          [ 1.174, -1.310,  0.472,  0.819], 
          [ 1.237, -1.349,  0.081,  0.776], 
          [ 1.021, -1.436,  0.862,  0.693], 
          [ 1.040, -1.439,  0.472,  0.701], 
          [ 1.069, -1.468,  0.101,  0.843], 
          [ 1.076, -1.308,  1.619,  0.903], 
          [ 1.011, -1.362,  1.614,  0.868], 
          [ 1.167, -1.337,  1.603,  0.888], 
          [ 1.043, -1.463,  1.581,  0.825], 
          [ 0.978, -1.355,  0.063,  0.719], 
          [ 0.958, -1.433,  0.056,  0.733], 
          [ 1.104, -1.479,  0.052,  0.709], 
          [ 1.118, -1.242,  0.048,  0.728], 
          [ 1.185, -1.223,  0.041,  0.733], 
          [ 1.252, -1.389,  0.038,  0.676]
        ]
    },
    {
        "id": 2,
        "keypoints3d": [
          [-0.495,  1.188,  1.582,  0.833], 
          [-0.652,  1.105,  1.430,  0.880], 
          [-0.597,  0.953,  1.452,  0.831], 
          [-0.642,  0.866,  1.200,  0.792], 
          [-0.673,  0.857,  0.942,  0.759], 
          [-0.721,  1.255,  1.409,  0.842], 
          [-0.723,  1.321,  1.121,  0.849], 
          [-0.621,  1.355,  0.889,  0.833], 
          [-0.643,  1.060,  0.916,  0.713], 
          [-0.605,  0.961,  0.923,  0.666], 
          [-0.531,  1.020,  0.534,  0.758], 
          [-0.539,  1.064,  0.129,  0.714], 
          [-0.686,  1.155,  0.911,  0.684], 
          [-0.700,  1.123,  0.499,  0.760], 
          [-0.741,  1.066,  0.102,  0.770], 
          [-0.484,  1.146,  1.637,  0.876], 
          [-0.498,  1.221,  1.629,  0.729], 
          [-0.560,  1.086,  1.638,  0.851], 
          [-0.598,  1.242,  1.621,  0.741], 
          [-0.634,  1.183,  0.011,  0.704], 
          [-0.673,  1.199,  0.021,  0.722], 
          [-0.770,  1.017,  0.063,  0.712], 
          [-0.347,  1.146,  0.058,  0.664], 
          [-0.361,  1.103,  0.057,  0.633], 
          [-0.552,  1.071,  0.072,  0.732]
        ]
    },
    {
        "id": 4,
        "keypoints3d": [
          [-1.062, -1.125,  1.524,  0.885], 
          [-1.092, -1.267,  1.352,  0.852], 
          [-0.947, -1.313,  1.354,  0.854], 
          [-0.927, -1.369,  1.086,  0.802], 
          [-1.028, -1.399,  0.867,  0.786], 
          [-1.253, -1.221,  1.355,  0.838], 
          [-1.298, -1.284,  1.094,  0.806], 
          [-1.243, -1.316,  0.872,  0.731], 
          [-1.089, -1.248,  0.838,  0.742], 
          [-0.998, -1.272,  0.835,  0.745], 
          [-1.027, -1.327,  0.458,  0.797], 
          [-1.055, -1.363,  0.104,  0.767], 
          [-1.187, -1.226,  0.840,  0.722], 
          [-1.199, -1.257,  0.459,  0.835], 
          [-1.234, -1.293,  0.093,  0.842], 
          [-1.040, -1.151,  1.566,  0.829], 
          [-1.100, -1.144,  1.559,  0.853], 
          [-1.021, -1.249,  1.564,  0.708], 
          [-1.170, -1.197,  1.542,  0.803], 
          [-1.198, -1.140,  0.049,  0.646], 
          [-1.244, -1.168,  0.047,  0.677], 
          [-1.230, -1.326,  0.049,  0.652], 
          [-0.988, -1.232,  0.082,  0.706], 
          [-0.958, -1.289,  0.076,  0.680], 
          [-1.067, -1.381,  0.047,  0.710]
        ]
    },
    {
        "id": 6,
        "keypoints3d": [
          [-0.553,  0.384,  1.355,  0.812], 
          [-0.390,  0.447,  1.203,  0.877], 
          [-0.375,  0.589,  1.192,  0.807], 
          [-0.288,  0.661,  1.007,  0.775], 
          [-0.295,  0.637,  0.773,  0.836], 
          [-0.386,  0.294,  1.213,  0.869], 
          [-0.385,  0.158,  0.991,  0.861], 
          [-0.449,  0.074,  0.800,  0.859], 
          [-0.428,  0.418,  0.690,  0.747], 
          [-0.416,  0.521,  0.688,  0.732], 
          [-0.459,  0.595,  0.341,  0.670], 
          [-0.216,  0.610,  0.115,  0.766], 
          [-0.445,  0.311,  0.707,  0.746], 
          [-0.652,  0.291,  0.422,  0.686], 
          [-0.660,  0.230,  0.083,  0.851], 
          [-0.537,  0.427,  1.384,  0.912], 
          [-0.512,  0.366,  1.383,  0.730], 
          [-0.483,  0.509,  1.395,  0.770], 
          [-0.429,  0.365,  1.397,  0.771], 
          [-0.828,  0.238,  0.040,  0.794], 
          [-0.797,  0.190,  0.047,  0.820], 
          [-0.634,  0.230,  0.046,  0.768], 
          [-0.330,  0.666,  0.034,  0.680], 
          [-0.278,  0.684,  0.036,  0.713], 
          [-0.171,  0.597,  0.095,  0.680]
        ]
    }
]
