[
    {
        "id": 0,
        "keypoints3d": [
          [-0.956, -1.151,  1.524,  0.893], 
          [-1.045, -1.279,  1.344,  0.859], 
          [-0.892, -1.362,  1.325,  0.835], 
          [-0.955, -1.427,  1.057,  0.835], 
          [-1.020, -1.430,  0.849,  0.695], 
          [-1.182, -1.197,  1.356,  0.851], 
          [-1.241, -1.244,  1.096,  0.784], 
          [-1.169, -1.368,  0.883,  0.776], 
          [-1.044, -1.278,  0.827,  0.748], 
          [-0.954, -1.337,  0.821,  0.718], 
          [-1.015, -1.357,  0.437,  0.780], 
          [-1.061, -1.361,  0.102,  0.828], 
          [-1.134, -1.224,  0.831,  0.731], 
          [-1.141, -1.200,  0.462,  0.801], 
          [-1.221, -1.293,  0.103,  0.774], 
          [-0.929, -1.185,  1.546,  0.729], 
          [-0.983, -1.159,  1.560,  0.867], 
          [-0.914, -1.265,  1.529,  0.765], 
          [-1.064, -1.202,  1.559,  0.851], 
          [-1.188, -1.147,  0.048,  0.722], 
          [-1.227, -1.162,  0.051,  0.746], 
          [-1.229, -1.331,  0.050,  0.673], 
          [-0.973, -1.260,  0.068,  0.722], 
          [-0.951, -1.324,  0.071,  0.715], 
          [-1.072, -1.381,  0.049,  0.670]
        ]
    },
    {
        "id": 2,
        "keypoints3d": [
          [-0.655,  0.579,  1.586,  0.892], 
          [-0.620,  0.498,  1.417,  0.856], 
          [-0.495,  0.591,  1.420,  0.845], 
          [-0.459,  0.625,  1.145,  0.749], 
          [-0.486,  0.665,  0.896,  0.821], 
          [-0.730,  0.373,  1.421,  0.852], 
          [-0.789,  0.380,  1.160,  0.753], 
          [-0.816,  0.455,  0.956,  0.732], 
          [-0.640,  0.495,  0.887,  0.726], 
          [-0.556,  0.556,  0.884,  0.692], 
          [-0.592,  0.566,  0.492,  0.742], 
          [-0.641,  0.512,  0.107,  0.827], 
          [-0.731,  0.452,  0.892,  0.744], 
          [-0.801,  0.410,  0.521,  0.787], 
          [-0.683,  0.285,  0.149,  0.711], 
          [-0.631,  0.577,  1.617,  0.769], 
          [-0.621,  0.486,  1.603,  0.840], 
          [-0.587,  0.596,  1.624,  0.823], 
          [-0.752,  0.538,  1.623,  0.752], 
          [-0.801,  0.315,  0.026,  0.799], 
          [-0.788,  0.264,  0.044,  0.776], 
          [-0.629,  0.272,  0.114,  0.599], 
          [-0.688,  0.660,  0.051,  0.813], 
          [-0.649,  0.649,  0.042,  0.836], 
          [-0.634,  0.475,  0.062,  0.713]
        ]
    },
    {
        "id": 4,
        "keypoints3d": [
          [ 1.032, -1.324,  1.581,  0.881], 
          [ 1.133, -1.402,  1.390,  0.852], 
          [ 1.241, -1.282,  1.392,  0.809], 
          [ 1.131, -1.156,  1.191,  0.841], 
          [ 1.003, -1.325,  1.199,  0.798], 
          [ 1.006, -1.523,  1.380,  0.803], 
          [ 0.910, -1.444,  1.142,  0.842], 
          [ 1.061, -1.248,  1.174,  0.729], 
          [ 1.095, -1.354,  0.864,  0.699], 
          [ 1.150, -1.272,  0.871,  0.698], 
          [ 1.178, -1.305,  0.476,  0.762], 
          [ 1.237, -1.348,  0.086,  0.793], 
          [ 1.021, -1.436,  0.861,  0.675], 
          [ 1.041, -1.433,  0.476,  0.718], 
          [ 1.074, -1.466,  0.106,  0.761], 
          [ 1.078, -1.302,  1.615,  0.809], 
          [ 1.016, -1.362,  1.608,  0.866], 
          [ 1.172, -1.328,  1.605,  0.895], 
          [ 1.064, -1.439,  1.577,  0.847], 
          [ 0.981, -1.356,  0.059,  0.716], 
          [ 0.963, -1.430,  0.060,  0.724], 
          [ 1.108, -1.486,  0.052,  0.701], 
          [ 1.115, -1.245,  0.053,  0.654], 
          [ 1.178, -1.219,  0.048,  0.653], 
          [ 1.248, -1.386,  0.041,  0.611]
        ]
    },
    {
        "id": 6,
        "keypoints3d": [
          [-0.112,  0.760,  1.472,  0.872], 
          [-0.080,  0.929,  1.305,  0.854], 
          [-0.220,  0.913,  1.303,  0.838], 
          [-0.288,  0.920,  1.065,  0.800], 
          [-0.306,  0.844,  0.855,  0.846], 
          [ 0.070,  0.965,  1.320,  0.812], 
          [ 0.144,  0.987,  1.080,  0.851], 
          [ 0.172,  0.931,  0.860,  0.876], 
          [-0.077,  0.925,  0.785,  0.755], 
          [-0.176,  0.917,  0.785,  0.760], 
          [-0.136,  0.924,  0.414,  0.802], 
          [-0.114,  0.960,  0.078,  0.797], 
          [ 0.024,  0.944,  0.792,  0.740], 
          [ 0.035,  0.908,  0.437,  0.808], 
          [ 0.053,  0.950,  0.091,  0.830], 
          [-0.148,  0.777,  1.516,  0.762], 
          [-0.093,  0.787,  1.513,  0.847], 
          [-0.171,  0.877,  1.521,  0.764], 
          [-0.005,  0.852,  1.521,  0.850], 
          [ 0.058,  0.797,  0.066,  0.685], 
          [ 0.109,  0.828,  0.063,  0.684], 
          [ 0.054,  0.989,  0.061,  0.684], 
          [-0.111,  0.824,  0.047,  0.659], 
          [-0.140,  0.850,  0.037,  0.650], 
          [-0.098,  0.993,  0.043,  0.641]
        ]
    }
]
