[
    {
        "id": 0,
        "keypoints3d": [
          [ 1.016, -1.338,  1.581,  0.883], 
          [ 1.133, -1.408,  1.388,  0.855], 
          [ 1.251, -1.297,  1.392,  0.822], 
          [ 1.135, -1.161,  1.187,  0.825], 
          [ 0.976, -1.360,  1.196,  0.816], 
          [ 1.000, -1.525,  1.377,  0.829], 
          [ 0.916, -1.452,  1.143,  0.854], 
          [ 1.061, -1.253,  1.175,  0.754], 
          [ 1.091, -1.362,  0.862,  0.732], 
          [ 1.149, -1.284,  0.866,  0.720], 
          [ 1.172, -1.310,  0.475,  0.719], 
          [ 1.238, -1.351,  0.083,  0.778], 
          [ 1.024, -1.435,  0.863,  0.718], 
          [ 1.039, -1.441,  0.473,  0.681], 
          [ 1.071, -1.466,  0.103,  0.840], 
          [ 1.071, -1.298,  1.621,  0.896], 
          [ 1.010, -1.362,  1.612,  0.865], 
          [ 1.161, -1.340,  1.602,  0.900], 
          [ 1.044, -1.464,  1.584,  0.829], 
          [ 0.978, -1.355,  0.063,  0.714], 
          [ 0.960, -1.432,  0.061,  0.723], 
          [ 1.106, -1.481,  0.053,  0.697], 
          [ 1.117, -1.248,  0.050,  0.715], 
          [ 1.184, -1.224,  0.044,  0.715], 
          [ 1.252, -1.388,  0.038,  0.675]
        ]
    },
    {
        "id": 2,
        "keypoints3d": [
          [-1.256, -1.150,  1.523,  0.877], 
          [-1.195, -1.276,  1.346,  0.898], 
          [-1.038, -1.266,  1.352,  0.861], 
          [-1.010, -1.325,  1.074,  0.790], 
          [-1.080, -1.371,  0.864,  0.759], 
          [-1.365, -1.275,  1.343,  0.851], 
          [-1.380, -1.331,  1.085,  0.747], 
          [-1.319, -1.357,  0.858,  0.610], 
          [-1.201, -1.233,  0.824,  0.743], 
          [-1.099, -1.226,  0.827,  0.737], 
          [-1.067, -1.217,  0.463,  0.821], 
          [-1.069, -1.304,  0.114,  0.837], 
          [-1.301, -1.248,  0.818,  0.727], 
          [-1.262, -1.268,  0.447,  0.789], 
          [-1.217, -1.303,  0.083,  0.838], 
          [-1.223, -1.161,  1.559,  0.900], 
          [-1.291, -1.194,  1.560,  0.795], 
          [-1.127, -1.183,  1.543,  0.848], 
          [-1.285, -1.276,  1.542,  0.748], 
          [-1.206, -1.152,  0.039,  0.741], 
          [-1.242, -1.176,  0.041,  0.763], 
          [-1.206, -1.358,  0.043,  0.618], 
          [-0.981, -1.188,  0.087,  0.697], 
          [-0.960, -1.236,  0.091,  0.694], 
          [-1.080, -1.330,  0.066,  0.735]
        ]
    },
    {
        "id": 4,
        "keypoints3d": [
          [-0.541,  0.170,  0.996,  0.844], 
          [-0.323,  0.108,  0.918,  0.858], 
          [-0.264,  0.251,  0.913,  0.817], 
          [-0.049,  0.313,  0.847,  0.821], 
          [-0.120,  0.298,  0.647,  0.803], 
          [-0.386, -0.028,  0.916,  0.798], 
          [-0.395, -0.257,  0.828,  0.676], 
          [-0.467, -0.144,  0.654,  0.623], 
          [-0.297,  0.089,  0.454,  0.732], 
          [-0.247,  0.186,  0.453,  0.724], 
          [-0.506,  0.488,  0.449,  0.798], 
          [-0.367,  0.471,  0.103,  0.797], 
          [-0.373,  0.006,  0.448,  0.686], 
          [-0.750,  0.131,  0.444,  0.855], 
          [-0.675,  0.201,  0.096,  0.817], 
          [-0.516,  0.199,  1.023,  0.935], 
          [-0.531,  0.145,  1.027,  0.817], 
          [-0.435,  0.243,  1.042,  0.683], 
          [-0.454,  0.089,  1.044,  0.830], 
          [-0.824,  0.230,  0.036,  0.729], 
          [-0.796,  0.185,  0.039,  0.739], 
          [-0.632,  0.218,  0.056,  0.688], 
          [-0.421,  0.611,  0.059,  0.670], 
          [-0.374,  0.602,  0.059,  0.696], 
          [-0.359,  0.439,  0.064,  0.695]
        ]
    },
    {
        "id": 6,
        "keypoints3d": [
          [-0.108,  1.161,  1.585,  0.789], 
          [-0.302,  1.211,  1.425,  0.857], 
          [-0.308,  1.048,  1.416,  0.825], 
          [-0.310,  1.018,  1.131,  0.820], 
          [-0.190,  1.035,  0.927,  0.771], 
          [-0.285,  1.370,  1.431,  0.822], 
          [-0.359,  1.442,  1.165,  0.821], 
          [-0.337,  1.473,  0.908,  0.828], 
          [-0.284,  1.243,  0.886,  0.707], 
          [-0.292,  1.141,  0.881,  0.699], 
          [-0.306,  1.165,  0.489,  0.839], 
          [-0.371,  1.211,  0.095,  0.813], 
          [-0.286,  1.336,  0.892,  0.716], 
          [-0.225,  1.341,  0.511,  0.840], 
          [-0.401,  1.316,  0.164,  0.819], 
          [-0.121,  1.119,  1.625,  0.685], 
          [-0.119,  1.191,  1.625,  0.848], 
          [-0.213,  1.102,  1.625,  0.780], 
          [-0.186,  1.256,  1.640,  0.827], 
          [-0.264,  1.374,  0.057,  0.623], 
          [-0.306,  1.394,  0.073,  0.661], 
          [-0.442,  1.311,  0.138,  0.682], 
          [-0.203,  1.242,  0.048,  0.700], 
          [-0.241,  1.194,  0.041,  0.712], 
          [-0.397,  1.223,  0.061,  0.757]
        ]
    }
]
