[
    {
        "id": 0,
        "keypoints3d": [
          [-0.941, -1.142,  1.523,  0.903], 
          [-1.010, -1.276,  1.353,  0.858], 
          [-0.867, -1.355,  1.339,  0.854], 
          [-0.909, -1.422,  1.073,  0.775], 
          [-1.003, -1.420,  0.861,  0.790], 
          [-1.146, -1.192,  1.369,  0.855], 
          [-1.224, -1.238,  1.112,  0.794], 
          [-1.131, -1.346,  0.882,  0.775], 
          [-1.035, -1.265,  0.830,  0.764], 
          [-0.948, -1.322,  0.827,  0.723], 
          [-1.003, -1.343,  0.442,  0.785], 
          [-1.053, -1.359,  0.095,  0.789], 
          [-1.124, -1.222,  0.834,  0.738], 
          [-1.150, -1.226,  0.456,  0.816], 
          [-1.225, -1.286,  0.095,  0.766], 
          [-0.910, -1.180,  1.546,  0.831], 
          [-0.968, -1.147,  1.566,  0.883], 
          [-0.889, -1.262,  1.538,  0.806], 
          [-1.046, -1.192,  1.558,  0.865], 
          [-1.193, -1.142,  0.040,  0.757], 
          [-1.239, -1.158,  0.044,  0.790], 
          [-1.229, -1.330,  0.055,  0.734], 
          [-0.970, -1.254,  0.068,  0.817], 
          [-0.949, -1.316,  0.069,  0.792], 
          [-1.074, -1.372,  0.046,  0.636]
        ]
    },
    {
        "id": 2,
        "keypoints3d": [
          [-0.585,  0.908,  1.560,  0.758], 
          [-0.675,  0.748,  1.409,  0.850], 
          [-0.517,  0.769,  1.405,  0.848], 
          [-0.490,  0.795,  1.126,  0.826], 
          [-0.504,  0.834,  0.905,  0.785], 
          [-0.824,  0.743,  1.410,  0.860], 
          [-0.876,  0.723,  1.131,  0.858], 
          [-0.885,  0.829,  0.896,  0.845], 
          [-0.666,  0.747,  0.877,  0.721], 
          [-0.581,  0.752,  0.871,  0.743], 
          [-0.592,  0.705,  0.504,  0.717], 
          [-0.634,  0.584,  0.155,  0.605], 
          [-0.768,  0.745,  0.894,  0.703], 
          [-0.780,  0.844,  0.513,  0.698], 
          [-0.776,  0.928,  0.129,  0.704], 
          [-0.617,  0.963,  1.619,  0.714], 
          [-0.661,  0.905,  1.616,  0.900], 
          [-0.576,  0.807,  1.629,  0.785], 
          [-0.738,  0.836,  1.621,  0.819], 
          [-0.731,  1.117,  0.044,  0.718], 
          [-0.766,  1.085,  0.035,  0.653], 
          [-0.783,  0.927,  0.085,  0.685], 
          [-0.681,  0.664,  0.048,  0.771], 
          [-0.669,  0.660,  0.058,  0.764], 
          [-0.640,  0.521,  0.111,  0.657]
        ]
    },
    {
        "id": 4,
        "keypoints3d": [
          [ 1.033, -1.328,  1.582,  0.884], 
          [ 1.131, -1.408,  1.390,  0.855], 
          [ 1.252, -1.292,  1.394,  0.812], 
          [ 1.136, -1.156,  1.188,  0.768], 
          [ 0.969, -1.358,  1.196,  0.815], 
          [ 1.003, -1.517,  1.383,  0.810], 
          [ 0.908, -1.446,  1.146,  0.840], 
          [ 1.060, -1.245,  1.176,  0.746], 
          [ 1.092, -1.359,  0.857,  0.714], 
          [ 1.151, -1.281,  0.865,  0.703], 
          [ 1.176, -1.309,  0.474,  0.752], 
          [ 1.237, -1.350,  0.082,  0.786], 
          [ 1.021, -1.435,  0.857,  0.693], 
          [ 1.040, -1.433,  0.473,  0.712], 
          [ 1.074, -1.468,  0.104,  0.844], 
          [ 1.081, -1.303,  1.621,  0.767], 
          [ 1.022, -1.355,  1.612,  0.849], 
          [ 1.179, -1.318,  1.607,  0.901], 
          [ 1.074, -1.439,  1.572,  0.880], 
          [ 0.976, -1.360,  0.063,  0.720], 
          [ 0.958, -1.430,  0.061,  0.726], 
          [ 1.106, -1.481,  0.053,  0.705], 
          [ 1.116, -1.247,  0.051,  0.725], 
          [ 1.182, -1.220,  0.049,  0.733], 
          [ 1.248, -1.388,  0.039,  0.675]
        ]
    },
    {
        "id": 6,
        "keypoints3d": [
          [-0.177,  0.597,  1.427,  0.826], 
          [-0.115,  0.778,  1.283,  0.848], 
          [-0.231,  0.850,  1.289,  0.829], 
          [-0.281,  0.927,  1.055,  0.805], 
          [-0.312,  0.928,  0.818,  0.785], 
          [ 0.004,  0.710,  1.285,  0.806], 
          [ 0.068,  0.665,  1.036,  0.819], 
          [ 0.009,  0.597,  0.802,  0.814], 
          [-0.140,  0.785,  0.763,  0.743], 
          [-0.224,  0.805,  0.762,  0.724], 
          [-0.275,  0.744,  0.416,  0.778], 
          [-0.198,  0.724,  0.099,  0.750], 
          [-0.050,  0.750,  0.767,  0.752], 
          [-0.026,  0.788,  0.419,  0.802], 
          [ 0.050,  0.936,  0.088,  0.762], 
          [ 0.000,  0.000,  0.000,  0.000], 
          [-0.166,  0.615,  1.453,  0.872], 
          [-0.225,  0.738,  1.493,  0.839], 
          [-0.062,  0.667,  1.479,  0.892], 
          [ 0.049,  0.791,  0.040,  0.641], 
          [ 0.094,  0.823,  0.044,  0.644], 
          [ 0.071,  0.979,  0.072,  0.779], 
          [-0.344,  0.654,  0.040,  0.693], 
          [-0.321,  0.686,  0.050,  0.695], 
          [-0.159,  0.720,  0.065,  0.775]
        ]
    }
]
