[
    {
        "id": 0,
        "keypoints3d": [
          [ 1.017, -1.338,  1.582,  0.878], 
          [ 1.134, -1.408,  1.388,  0.859], 
          [ 1.250, -1.296,  1.393,  0.829], 
          [ 1.136, -1.156,  1.186,  0.837], 
          [ 0.971, -1.357,  1.197,  0.811], 
          [ 1.003, -1.522,  1.377,  0.829], 
          [ 0.915, -1.445,  1.142,  0.861], 
          [ 1.061, -1.249,  1.176,  0.747], 
          [ 1.092, -1.358,  0.860,  0.727], 
          [ 1.150, -1.281,  0.868,  0.712], 
          [ 1.175, -1.307,  0.467,  0.794], 
          [ 1.237, -1.348,  0.081,  0.779], 
          [ 1.023, -1.434,  0.859,  0.717], 
          [ 1.042, -1.444,  0.473,  0.692], 
          [ 1.070, -1.467,  0.101,  0.842], 
          [ 1.073, -1.303,  1.620,  0.898], 
          [ 1.011, -1.363,  1.611,  0.869], 
          [ 1.167, -1.336,  1.602,  0.897], 
          [ 1.043, -1.464,  1.581,  0.827], 
          [ 0.978, -1.358,  0.060,  0.718], 
          [ 0.959, -1.434,  0.055,  0.736], 
          [ 1.103, -1.479,  0.050,  0.703], 
          [ 1.117, -1.250,  0.044,  0.724], 
          [ 1.184, -1.224,  0.041,  0.731], 
          [ 1.252, -1.387,  0.038,  0.675]
        ]
    },
    {
        "id": 2,
        "keypoints3d": [
          [-1.191, -1.126,  1.530,  0.841], 
          [-1.160, -1.279,  1.345,  0.879], 
          [-0.998, -1.294,  1.350,  0.857], 
          [-0.994, -1.343,  1.074,  0.811], 
          [-1.056, -1.365,  0.853,  0.842], 
          [-1.309, -1.247,  1.345,  0.852], 
          [-1.341, -1.304,  1.083,  0.768], 
          [-1.272, -1.371,  0.885,  0.574], 
          [-1.151, -1.243,  0.821,  0.761], 
          [-1.056, -1.252,  0.826,  0.765], 
          [-1.033, -1.262,  0.462,  0.842], 
          [-1.053, -1.352,  0.109,  0.839], 
          [-1.255, -1.237,  0.825,  0.743], 
          [-1.251, -1.262,  0.452,  0.811], 
          [-1.221, -1.305,  0.081,  0.854], 
          [-1.159, -1.138,  1.561,  0.851], 
          [-1.216, -1.165,  1.563,  0.837], 
          [-1.091, -1.211,  1.542,  0.799], 
          [-1.245, -1.251,  1.542,  0.718], 
          [-1.208, -1.143,  0.042,  0.765], 
          [-1.254, -1.170,  0.047,  0.786], 
          [-1.217, -1.338,  0.043,  0.692], 
          [-0.994, -1.240,  0.066,  0.692], 
          [-0.962, -1.285,  0.071,  0.683], 
          [-1.057, -1.378,  0.058,  0.709]
        ]
    },
    {
        "id": 4,
        "keypoints3d": [
          [-0.348,  1.160,  1.582,  0.895], 
          [-0.519,  1.154,  1.407,  0.859], 
          [-0.492,  0.999,  1.411,  0.832], 
          [-0.452,  0.929,  1.173,  0.771], 
          [-0.475,  0.924,  0.960,  0.751], 
          [-0.565,  1.308,  1.400,  0.817], 
          [-0.582,  1.367,  1.125,  0.755], 
          [-0.466,  1.381,  0.901,  0.873], 
          [-0.536,  1.137,  0.888,  0.751], 
          [-0.503,  1.044,  0.885,  0.720], 
          [-0.428,  1.134,  0.494,  0.804], 
          [-0.376,  1.215,  0.106,  0.822], 
          [-0.572,  1.231,  0.887,  0.715], 
          [-0.657,  1.179,  0.489,  0.796], 
          [-0.774,  1.040,  0.118,  0.829], 
          [-0.352,  1.117,  1.644,  0.774], 
          [-0.363,  1.200,  1.611,  0.844], 
          [-0.450,  1.096,  1.618,  0.859], 
          [-0.448,  1.248,  1.611,  0.806], 
          [-0.670,  1.154,  0.031,  0.718], 
          [-0.725,  1.158,  0.039,  0.736], 
          [-0.802,  0.993,  0.091,  0.706], 
          [-0.211,  1.248,  0.054,  0.704], 
          [-0.235,  1.201,  0.049,  0.710], 
          [-0.397,  1.231,  0.053,  0.751]
        ]
    },
    {
        "id": 6,
        "keypoints3d": [
          [-0.660,  0.376,  1.230,  0.882], 
          [-0.432,  0.325,  1.114,  0.890], 
          [-0.389,  0.470,  1.097,  0.820], 
          [-0.178,  0.471,  0.968,  0.825], 
          [-0.157,  0.420,  0.734,  0.832], 
          [-0.480,  0.181,  1.123,  0.853], 
          [-0.459,  0.011,  0.947,  0.810], 
          [-0.480, -0.064,  0.743,  0.768], 
          [-0.424,  0.240,  0.626,  0.777], 
          [-0.396,  0.342,  0.628,  0.751], 
          [-0.535,  0.547,  0.383,  0.762], 
          [-0.299,  0.530,  0.115,  0.724], 
          [-0.456,  0.135,  0.635,  0.744], 
          [-0.746,  0.217,  0.446,  0.876], 
          [-0.668,  0.207,  0.089,  0.786], 
          [-0.652,  0.405,  1.255,  0.832], 
          [-0.641,  0.348,  1.262,  0.828], 
          [-0.560,  0.466,  1.252,  0.672], 
          [-0.547,  0.312,  1.297,  0.911], 
          [-0.828,  0.236,  0.041,  0.821], 
          [-0.798,  0.185,  0.045,  0.815], 
          [-0.636,  0.224,  0.040,  0.760], 
          [-0.334,  0.654,  0.054,  0.763], 
          [-0.275,  0.637,  0.061,  0.804], 
          [-0.247,  0.503,  0.085,  0.681]
        ]
    }
]
