[
    {
        "id": 0,
        "keypoints3d": [
          [ 1.023, -1.333,  1.584,  0.883], 
          [ 1.134, -1.406,  1.388,  0.859], 
          [ 1.250, -1.295,  1.393,  0.830], 
          [ 1.137, -1.159,  1.188,  0.796], 
          [ 0.970, -1.357,  1.190,  0.799], 
          [ 0.998, -1.523,  1.378,  0.825], 
          [ 0.911, -1.452,  1.144,  0.856], 
          [ 1.058, -1.251,  1.178,  0.744], 
          [ 1.088, -1.356,  0.855,  0.718], 
          [ 1.151, -1.277,  0.862,  0.702], 
          [ 1.174, -1.309,  0.472,  0.816], 
          [ 1.237, -1.349,  0.081,  0.779], 
          [ 1.020, -1.432,  0.851,  0.704], 
          [ 1.037, -1.437,  0.473,  0.698], 
          [ 1.070, -1.467,  0.101,  0.843], 
          [ 1.077, -1.312,  1.618,  0.907], 
          [ 1.014, -1.363,  1.611,  0.869], 
          [ 1.167, -1.336,  1.603,  0.889], 
          [ 1.047, -1.464,  1.584,  0.838], 
          [ 0.977, -1.355,  0.060,  0.713], 
          [ 0.959, -1.432,  0.058,  0.731], 
          [ 1.101, -1.479,  0.052,  0.708], 
          [ 1.117, -1.248,  0.045,  0.728], 
          [ 1.185, -1.223,  0.041,  0.735], 
          [ 1.252, -1.389,  0.038,  0.672]
        ]
    },
    {
        "id": 2,
        "keypoints3d": [
          [-0.991, -1.124,  1.528,  0.797], 
          [-1.041, -1.271,  1.357,  0.874], 
          [-0.883, -1.332,  1.346,  0.845], 
          [-0.895, -1.393,  1.080,  0.720], 
          [-0.995, -1.415,  0.864,  0.675], 
          [-1.203, -1.216,  1.366,  0.852], 
          [-1.235, -1.264,  1.104,  0.773], 
          [-1.181, -1.356,  0.893,  0.696], 
          [-1.059, -1.260,  0.833,  0.764], 
          [-0.961, -1.293,  0.828,  0.749], 
          [-1.014, -1.338,  0.450,  0.741], 
          [-1.049, -1.364,  0.101,  0.830], 
          [-1.151, -1.230,  0.839,  0.742], 
          [-1.180, -1.249,  0.451,  0.770], 
          [-1.218, -1.303,  0.089,  0.763], 
          [-0.964, -1.149,  1.564,  0.835], 
          [-1.038, -1.116,  1.567,  0.893], 
          [-0.955, -1.249,  1.548,  0.753], 
          [-1.109, -1.188,  1.551,  0.821], 
          [-1.203, -1.140,  0.044,  0.713], 
          [-1.250, -1.167,  0.049,  0.754], 
          [-1.217, -1.331,  0.046,  0.691], 
          [-0.979, -1.243,  0.075,  0.795], 
          [-0.959, -1.301,  0.075,  0.762], 
          [-1.065, -1.376,  0.045,  0.698]
        ]
    },
    {
        "id": 4,
        "keypoints3d": [
          [-0.385,  0.459,  1.423,  0.788], 
          [-0.251,  0.604,  1.285,  0.837], 
          [-0.312,  0.734,  1.291,  0.833], 
          [-0.282,  0.834,  1.072,  0.765], 
          [-0.318,  0.872,  0.843,  0.769], 
          [-0.187,  0.467,  1.285,  0.830], 
          [-0.150,  0.365,  1.062,  0.851], 
          [-0.252,  0.282,  0.890,  0.760], 
          [-0.308,  0.599,  0.786,  0.740], 
          [-0.335,  0.687,  0.782,  0.728], 
          [-0.349,  0.685,  0.441,  0.671], 
          [-0.225,  0.720,  0.135,  0.710], 
          [-0.278,  0.503,  0.793,  0.699], 
          [-0.430,  0.500,  0.482,  0.738], 
          [-0.394,  0.533,  0.142,  0.745], 
          [-0.417,  0.463,  1.463,  0.665], 
          [-0.356,  0.450,  1.453,  0.735], 
          [-0.384,  0.570,  1.480,  0.892], 
          [-0.248,  0.483,  1.479,  0.849], 
          [-0.497,  0.487,  0.043,  0.549], 
          [-0.484,  0.465,  0.054,  0.642], 
          [-0.346,  0.567,  0.086,  0.722], 
          [-0.335,  0.642,  0.028,  0.645], 
          [-0.307,  0.690,  0.032,  0.576], 
          [-0.151,  0.697,  0.053,  0.628]
        ]
    },
    {
        "id": 6,
        "keypoints3d": [
          [-0.549,  1.149,  1.586,  0.843], 
          [-0.709,  1.023,  1.423,  0.868], 
          [-0.612,  0.893,  1.457,  0.832], 
          [-0.578,  0.831,  1.199,  0.770], 
          [-0.563,  0.835,  0.944,  0.806], 
          [-0.807,  1.146,  1.400,  0.829], 
          [-0.858,  1.178,  1.115,  0.823], 
          [-0.827,  1.219,  0.858,  0.839], 
          [-0.679,  0.957,  0.915,  0.730], 
          [-0.610,  0.890,  0.926,  0.665], 
          [-0.568,  0.894,  0.482,  0.759], 
          [-0.632,  0.798,  0.110,  0.760], 
          [-0.748,  1.027,  0.909,  0.731], 
          [-0.762,  1.048,  0.498,  0.827], 
          [-0.780,  1.025,  0.102,  0.846], 
          [-0.557,  1.120,  1.622,  0.706], 
          [-0.584,  1.176,  1.613,  0.840], 
          [-0.613,  1.037,  1.631,  0.795], 
          [-0.686,  1.173,  1.611,  0.848], 
          [-0.681,  1.162,  0.032,  0.753], 
          [-0.739,  1.156,  0.035,  0.788], 
          [-0.789,  0.986,  0.051,  0.703], 
          [-0.621,  0.826, -0.007,  0.638], 
          [-0.603,  0.810,  0.016,  0.597], 
          [-0.651,  0.779,  0.063,  0.656]
        ]
    }
]
