[
    {
        "id": 0,
        "keypoints3d": [
          [-1.008, -1.119,  1.528,  0.822], 
          [-1.057, -1.270,  1.357,  0.877], 
          [-0.896, -1.331,  1.353,  0.843], 
          [-0.908, -1.379,  1.078,  0.759], 
          [-1.001, -1.400,  0.859,  0.750], 
          [-1.216, -1.213,  1.363,  0.862], 
          [-1.257, -1.249,  1.102,  0.790], 
          [-1.234, -1.321,  0.899,  0.762], 
          [-1.061, -1.257,  0.835,  0.768], 
          [-0.968, -1.287,  0.832,  0.750], 
          [-1.021, -1.331,  0.462,  0.763], 
          [-1.042, -1.370,  0.105,  0.848], 
          [-1.157, -1.228,  0.844,  0.749], 
          [-1.183, -1.247,  0.454,  0.802], 
          [-1.218, -1.305,  0.094,  0.805], 
          [-0.979, -1.151,  1.568,  0.816], 
          [-1.049, -1.118,  1.565,  0.879], 
          [-0.972, -1.242,  1.559,  0.760], 
          [-1.121, -1.187,  1.548,  0.841], 
          [-1.203, -1.142,  0.049,  0.705], 
          [-1.249, -1.168,  0.052,  0.739], 
          [-1.217, -1.335,  0.052,  0.642], 
          [-0.977, -1.245,  0.081,  0.725], 
          [-0.954, -1.303,  0.076,  0.711], 
          [-1.058, -1.383,  0.046,  0.711]
        ]
    },
    {
        "id": 2,
        "keypoints3d": [
          [ 1.021, -1.335,  1.582,  0.882], 
          [ 1.133, -1.405,  1.389,  0.858], 
          [ 1.250, -1.296,  1.392,  0.830], 
          [ 1.136, -1.159,  1.184,  0.786], 
          [ 0.969, -1.358,  1.190,  0.776], 
          [ 0.998, -1.522,  1.377,  0.825], 
          [ 0.912, -1.449,  1.143,  0.853], 
          [ 1.054, -1.254,  1.176,  0.730], 
          [ 1.088, -1.361,  0.853,  0.702], 
          [ 1.149, -1.281,  0.859,  0.689], 
          [ 1.175, -1.310,  0.472,  0.817], 
          [ 1.237, -1.349,  0.081,  0.782], 
          [ 1.018, -1.436,  0.850,  0.692], 
          [ 1.040, -1.437,  0.473,  0.703], 
          [ 1.070, -1.467,  0.101,  0.843], 
          [ 1.077, -1.313,  1.618,  0.908], 
          [ 1.011, -1.362,  1.614,  0.870], 
          [ 1.165, -1.339,  1.603,  0.889], 
          [ 1.046, -1.464,  1.581,  0.825], 
          [ 0.977, -1.356,  0.060,  0.714], 
          [ 0.959, -1.432,  0.058,  0.732], 
          [ 1.101, -1.479,  0.052,  0.708], 
          [ 1.117, -1.249,  0.045,  0.728], 
          [ 1.185, -1.223,  0.041,  0.736], 
          [ 1.252, -1.389,  0.038,  0.672]
        ]
    },
    {
        "id": 4,
        "keypoints3d": [
          [-0.627,  1.083,  1.584,  0.839], 
          [-0.702,  1.044,  1.424,  0.888], 
          [-0.618,  0.909,  1.459,  0.843], 
          [-0.627,  0.796,  1.217,  0.830], 
          [-0.632,  0.799,  0.970,  0.766], 
          [-0.790,  1.183,  1.406,  0.839], 
          [-0.839,  1.228,  1.122,  0.833], 
          [-0.771,  1.268,  0.865,  0.863], 
          [-0.683,  0.972,  0.922,  0.711], 
          [-0.619,  0.897,  0.931,  0.691], 
          [-0.566,  0.941,  0.548,  0.709], 
          [-0.665,  0.878,  0.164,  0.846], 
          [-0.754,  1.060,  0.916,  0.710], 
          [-0.748,  1.074,  0.503,  0.825], 
          [-0.779,  1.021,  0.111,  0.853], 
          [-0.649,  1.077,  1.613,  0.827], 
          [-0.577,  1.199,  1.624,  0.780], 
          [-0.643,  1.023,  1.632,  0.714], 
          [-0.679,  1.199,  1.617,  0.812], 
          [-0.683,  1.152,  0.029,  0.697], 
          [-0.745,  1.152,  0.034,  0.724], 
          [-0.789,  0.996,  0.072,  0.692], 
          [-0.578,  0.957,  0.023,  0.648], 
          [-0.567,  0.923,  0.040,  0.615], 
          [-0.701,  0.862,  0.131,  0.735]
        ]
    },
    {
        "id": 6,
        "keypoints3d": [
          [-0.420,  0.432,  1.414,  0.845], 
          [-0.281,  0.564,  1.269,  0.856], 
          [-0.326,  0.700,  1.278,  0.832], 
          [-0.285,  0.802,  1.062,  0.762], 
          [-0.290,  0.820,  0.832,  0.751], 
          [-0.230,  0.416,  1.269,  0.837], 
          [-0.214,  0.300,  1.056,  0.728], 
          [-0.315,  0.214,  0.875,  0.770], 
          [-0.332,  0.561,  0.771,  0.738], 
          [-0.350,  0.659,  0.775,  0.731], 
          [-0.344,  0.655,  0.393,  0.720], 
          [-0.181,  0.728,  0.111,  0.704], 
          [-0.311,  0.467,  0.776,  0.709], 
          [-0.478,  0.482,  0.454,  0.760], 
          [-0.492,  0.509,  0.109,  0.703], 
          [-0.453,  0.452,  1.445,  0.771], 
          [-0.387,  0.434,  1.444,  0.859], 
          [-0.413,  0.554,  1.469,  0.872], 
          [-0.294,  0.452,  1.465,  0.807], 
          [-0.654,  0.451,  0.063,  0.661], 
          [-0.614,  0.453,  0.039,  0.666], 
          [-0.418,  0.556, -0.004,  0.616], 
          [-0.322,  0.662,  0.026,  0.682], 
          [-0.295,  0.707,  0.029,  0.624], 
          [-0.136,  0.742,  0.098,  0.671]
        ]
    }
]
