[
    {
        "id": 0,
        "keypoints3d": [
          [ 1.015, -1.338,  1.582,  0.879], 
          [ 1.133, -1.407,  1.389,  0.858], 
          [ 1.249, -1.297,  1.393,  0.830], 
          [ 1.134, -1.157,  1.185,  0.816], 
          [ 0.972, -1.358,  1.191,  0.817], 
          [ 1.000, -1.523,  1.377,  0.829], 
          [ 0.913, -1.446,  1.142,  0.861], 
          [ 1.061, -1.249,  1.179,  0.741], 
          [ 1.091, -1.356,  0.858,  0.717], 
          [ 1.154, -1.277,  0.864,  0.702], 
          [ 1.174, -1.310,  0.472,  0.818], 
          [ 1.237, -1.349,  0.081,  0.782], 
          [ 1.022, -1.434,  0.855,  0.699], 
          [ 1.040, -1.440,  0.471,  0.697], 
          [ 1.070, -1.467,  0.101,  0.844], 
          [ 1.073, -1.303,  1.623,  0.894], 
          [ 1.011, -1.362,  1.612,  0.865], 
          [ 1.167, -1.336,  1.602,  0.893], 
          [ 1.043, -1.464,  1.581,  0.826], 
          [ 0.977, -1.356,  0.059,  0.720], 
          [ 0.958, -1.434,  0.056,  0.735], 
          [ 1.102, -1.481,  0.050,  0.709], 
          [ 1.118, -1.244,  0.045,  0.728], 
          [ 1.185, -1.224,  0.041,  0.737], 
          [ 1.252, -1.389,  0.038,  0.679]
        ]
    },
    {
        "id": 2,
        "keypoints3d": [
          [-1.112, -1.128,  1.530,  0.871], 
          [-1.130, -1.266,  1.355,  0.852], 
          [-0.966, -1.308,  1.356,  0.877], 
          [-0.959, -1.358,  1.085,  0.802], 
          [-1.031, -1.377,  0.869,  0.728], 
          [-1.286, -1.238,  1.356,  0.843], 
          [-1.316, -1.293,  1.093,  0.821], 
          [-1.243, -1.354,  0.892,  0.556], 
          [-1.130, -1.244,  0.837,  0.757], 
          [-1.030, -1.263,  0.837,  0.757], 
          [-1.043, -1.309,  0.467,  0.807], 
          [-1.059, -1.362,  0.108,  0.826], 
          [-1.225, -1.230,  0.839,  0.727], 
          [-1.222, -1.256,  0.458,  0.826], 
          [-1.242, -1.289,  0.094,  0.851], 
          [-1.097, -1.144,  1.564,  0.784], 
          [-1.144, -1.121,  1.570,  0.800], 
          [-1.038, -1.229,  1.558,  0.737], 
          [-1.210, -1.202,  1.545,  0.801], 
          [-1.203, -1.144,  0.047,  0.704], 
          [-1.241, -1.169,  0.044,  0.730], 
          [-1.237, -1.323,  0.055,  0.689], 
          [-0.994, -1.237,  0.080,  0.721], 
          [-0.968, -1.285,  0.086,  0.699], 
          [-1.068, -1.385,  0.054,  0.681]
        ]
    },
    {
        "id": 4,
        "keypoints3d": [
          [-0.437,  1.191,  1.588,  0.810], 
          [-0.612,  1.143,  1.421,  0.862], 
          [-0.567,  0.981,  1.434,  0.828], 
          [-0.619,  0.892,  1.198,  0.762], 
          [-0.659,  0.883,  0.955,  0.791], 
          [-0.644,  1.290,  1.406,  0.830], 
          [-0.653,  1.362,  1.129,  0.827], 
          [-0.537,  1.375,  0.908,  0.784], 
          [-0.605,  1.097,  0.895,  0.708], 
          [-0.562,  1.004,  0.900,  0.690], 
          [-0.472,  1.085,  0.525,  0.770], 
          [-0.411,  1.175,  0.124,  0.813], 
          [-0.635,  1.184,  0.891,  0.688], 
          [-0.697,  1.134,  0.492,  0.784], 
          [-0.776,  1.031,  0.108,  0.830], 
          [-0.442,  1.150,  1.643,  0.835], 
          [-0.445,  1.217,  1.629,  0.816], 
          [-0.519,  1.098,  1.631,  0.824], 
          [-0.531,  1.256,  1.615,  0.754], 
          [-0.686,  1.154,  0.024,  0.693], 
          [-0.735,  1.149,  0.031,  0.703], 
          [-0.791,  0.985,  0.077,  0.707], 
          [-0.242,  1.218,  0.079,  0.692], 
          [-0.251,  1.171,  0.074,  0.690], 
          [-0.435,  1.179,  0.063,  0.724]
        ]
    },
    {
        "id": 6,
        "keypoints3d": [
          [-0.632,  0.375,  1.298,  0.857], 
          [-0.436,  0.392,  1.153,  0.871], 
          [-0.398,  0.536,  1.143,  0.834], 
          [-0.243,  0.567,  0.976,  0.838], 
          [-0.226,  0.521,  0.749,  0.860], 
          [-0.460,  0.243,  1.166,  0.840], 
          [-0.441,  0.082,  0.989,  0.836], 
          [-0.481,  0.002,  0.777,  0.833], 
          [-0.457,  0.333,  0.654,  0.764], 
          [-0.410,  0.434,  0.655,  0.747], 
          [-0.512,  0.588,  0.376,  0.762], 
          [-0.267,  0.548,  0.115,  0.729], 
          [-0.493,  0.245,  0.663,  0.738], 
          [-0.736,  0.253,  0.445,  0.817], 
          [-0.667,  0.227,  0.082,  0.785], 
          [-0.629,  0.418,  1.321,  0.908], 
          [-0.602,  0.354,  1.337,  0.748], 
          [-0.545,  0.486,  1.323,  0.690], 
          [-0.508,  0.347,  1.345,  0.892], 
          [-0.834,  0.238,  0.040,  0.812], 
          [-0.801,  0.187,  0.049,  0.815], 
          [-0.633,  0.228,  0.045,  0.774], 
          [-0.330,  0.653,  0.051,  0.691], 
          [-0.269,  0.657,  0.061,  0.723], 
          [-0.224,  0.523,  0.087,  0.616]
        ]
    }
]
