[
    {
        "id": 0,
        "keypoints3d": [
          [-0.997, -1.120,  1.528,  0.799], 
          [-1.044, -1.270,  1.358,  0.879], 
          [-0.890, -1.330,  1.350,  0.840], 
          [-0.906, -1.385,  1.078,  0.762], 
          [-0.997, -1.409,  0.858,  0.760], 
          [-1.205, -1.213,  1.368,  0.853], 
          [-1.244, -1.256,  1.106,  0.775], 
          [-1.206, -1.332,  0.890,  0.728], 
          [-1.062, -1.258,  0.836,  0.762], 
          [-0.965, -1.290,  0.831,  0.745], 
          [-1.017, -1.336,  0.458,  0.750], 
          [-1.041, -1.370,  0.104,  0.841], 
          [-1.154, -1.226,  0.843,  0.743], 
          [-1.179, -1.247,  0.455,  0.785], 
          [-1.219, -1.304,  0.093,  0.799], 
          [-0.963, -1.144,  1.565,  0.833], 
          [-1.043, -1.116,  1.564,  0.887], 
          [-0.959, -1.242,  1.550,  0.742], 
          [-1.114, -1.192,  1.547,  0.829], 
          [-1.205, -1.137,  0.044,  0.708], 
          [-1.250, -1.167,  0.049,  0.749], 
          [-1.219, -1.333,  0.051,  0.635], 
          [-0.977, -1.245,  0.078,  0.718], 
          [-0.957, -1.303,  0.076,  0.706], 
          [-1.060, -1.383,  0.047,  0.698]
        ]
    },
    {
        "id": 2,
        "keypoints3d": [
          [ 1.023, -1.332,  1.583,  0.882], 
          [ 1.134, -1.406,  1.389,  0.859], 
          [ 1.250, -1.295,  1.393,  0.830], 
          [ 1.137, -1.158,  1.186,  0.803], 
          [ 0.970, -1.357,  1.190,  0.800], 
          [ 0.998, -1.523,  1.378,  0.824], 
          [ 0.911, -1.452,  1.144,  0.855], 
          [ 1.054, -1.250,  1.179,  0.744], 
          [ 1.091, -1.357,  0.854,  0.719], 
          [ 1.151, -1.277,  0.862,  0.703], 
          [ 1.174, -1.309,  0.472,  0.816], 
          [ 1.237, -1.349,  0.081,  0.779], 
          [ 1.022, -1.433,  0.850,  0.705], 
          [ 1.040, -1.438,  0.472,  0.699], 
          [ 1.070, -1.467,  0.101,  0.843], 
          [ 1.077, -1.312,  1.618,  0.907], 
          [ 1.012, -1.362,  1.611,  0.871], 
          [ 1.167, -1.335,  1.603,  0.890], 
          [ 1.047, -1.464,  1.584,  0.839], 
          [ 0.977, -1.356,  0.060,  0.714], 
          [ 0.959, -1.432,  0.057,  0.731], 
          [ 1.099, -1.483,  0.052,  0.707], 
          [ 1.117, -1.248,  0.045,  0.727], 
          [ 1.185, -1.223,  0.041,  0.735], 
          [ 1.252, -1.389,  0.038,  0.671]
        ]
    },
    {
        "id": 4,
        "keypoints3d": [
          [-0.392,  0.451,  1.416,  0.787], 
          [-0.260,  0.578,  1.280,  0.853], 
          [-0.319,  0.713,  1.290,  0.849], 
          [-0.286,  0.815,  1.061,  0.765], 
          [-0.309,  0.832,  0.832,  0.758], 
          [-0.199,  0.444,  1.276,  0.836], 
          [-0.172,  0.320,  1.063,  0.860], 
          [-0.266,  0.262,  0.877,  0.745], 
          [-0.319,  0.585,  0.777,  0.733], 
          [-0.344,  0.675,  0.773,  0.730], 
          [-0.341,  0.671,  0.401,  0.713], 
          [-0.198,  0.707,  0.086,  0.750], 
          [-0.289,  0.493,  0.783,  0.704], 
          [-0.438,  0.488,  0.462,  0.743], 
          [-0.420,  0.533,  0.126,  0.726], 
          [-0.426,  0.462,  1.448,  0.677], 
          [-0.372,  0.435,  1.445,  0.759], 
          [-0.397,  0.565,  1.480,  0.892], 
          [-0.262,  0.467,  1.475,  0.842], 
          [-0.539,  0.481,  0.021,  0.552], 
          [-0.506,  0.453,  0.033,  0.573], 
          [-0.345,  0.564,  0.037,  0.698], 
          [-0.336,  0.656,  0.028,  0.591], 
          [-0.300,  0.697,  0.029,  0.659], 
          [-0.153,  0.706,  0.053,  0.719]
        ]
    },
    {
        "id": 6,
        "keypoints3d": [
          [-0.552,  1.158,  1.586,  0.833], 
          [-0.706,  1.033,  1.424,  0.876], 
          [-0.612,  0.902,  1.459,  0.831], 
          [-0.582,  0.836,  1.207,  0.776], 
          [-0.576,  0.841,  0.950,  0.810], 
          [-0.806,  1.159,  1.401,  0.837], 
          [-0.854,  1.211,  1.126,  0.842], 
          [-0.812,  1.236,  0.864,  0.840], 
          [-0.682,  0.963,  0.916,  0.731], 
          [-0.615,  0.895,  0.930,  0.675], 
          [-0.587,  0.930,  0.525,  0.759], 
          [-0.686,  0.835,  0.179,  0.774], 
          [-0.749,  1.036,  0.913,  0.721], 
          [-0.760,  1.058,  0.504,  0.824], 
          [-0.779,  1.027,  0.108,  0.846], 
          [-0.552,  1.133,  1.623,  0.709], 
          [-0.587,  1.182,  1.617,  0.846], 
          [-0.610,  1.045,  1.635,  0.712], 
          [-0.685,  1.184,  1.614,  0.809], 
          [-0.676,  1.157,  0.031,  0.749], 
          [-0.734,  1.155,  0.034,  0.783], 
          [-0.794,  0.995,  0.059,  0.702], 
          [-0.614,  0.907,  0.030,  0.661], 
          [-0.598,  0.866,  0.050,  0.624], 
          [-0.721,  0.808,  0.145,  0.659]
        ]
    }
]
