[
    {
        "id": 0,
        "keypoints3d": [
          [ 1.016, -1.338,  1.581,  0.881], 
          [ 1.132, -1.411,  1.388,  0.855], 
          [ 1.250, -1.297,  1.392,  0.822], 
          [ 1.134, -1.162,  1.188,  0.810], 
          [ 0.976, -1.361,  1.197,  0.819], 
          [ 1.001, -1.525,  1.377,  0.828], 
          [ 0.916, -1.452,  1.143,  0.854], 
          [ 1.063, -1.254,  1.175,  0.755], 
          [ 1.093, -1.359,  0.863,  0.734], 
          [ 1.152, -1.282,  0.869,  0.721], 
          [ 1.173, -1.308,  0.476,  0.777], 
          [ 1.240, -1.351,  0.083,  0.778], 
          [ 1.024, -1.434,  0.863,  0.719], 
          [ 1.039, -1.441,  0.471,  0.681], 
          [ 1.071, -1.466,  0.103,  0.840], 
          [ 1.071, -1.298,  1.621,  0.897], 
          [ 1.010, -1.362,  1.612,  0.866], 
          [ 1.161, -1.342,  1.601,  0.900], 
          [ 1.044, -1.463,  1.584,  0.830], 
          [ 0.977, -1.360,  0.062,  0.713], 
          [ 0.959, -1.433,  0.057,  0.725], 
          [ 1.107, -1.477,  0.053,  0.698], 
          [ 1.119, -1.244,  0.045,  0.720], 
          [ 1.185, -1.224,  0.041,  0.725], 
          [ 1.253, -1.388,  0.038,  0.673]
        ]
    },
    {
        "id": 2,
        "keypoints3d": [
          [-1.259, -1.147,  1.527,  0.871], 
          [-1.194, -1.277,  1.345,  0.897], 
          [-1.036, -1.267,  1.351,  0.864], 
          [-1.011, -1.330,  1.077,  0.789], 
          [-1.076, -1.370,  0.867,  0.831], 
          [-1.364, -1.277,  1.345,  0.847], 
          [-1.380, -1.329,  1.087,  0.758], 
          [-1.311, -1.353,  0.864,  0.572], 
          [-1.197, -1.232,  0.823,  0.743], 
          [-1.094, -1.230,  0.828,  0.736], 
          [-1.070, -1.226,  0.460,  0.817], 
          [-1.083, -1.296,  0.113,  0.841], 
          [-1.297, -1.248,  0.819,  0.727], 
          [-1.261, -1.268,  0.448,  0.777], 
          [-1.220, -1.306,  0.081,  0.836], 
          [-1.226, -1.163,  1.559,  0.901], 
          [-1.291, -1.194,  1.564,  0.801], 
          [-1.126, -1.187,  1.546,  0.861], 
          [-1.278, -1.287,  1.545,  0.842], 
          [-1.207, -1.150,  0.039,  0.746], 
          [-1.243, -1.173,  0.042,  0.762], 
          [-1.210, -1.355,  0.045,  0.613], 
          [-0.986, -1.186,  0.088,  0.700], 
          [-0.969, -1.230,  0.091,  0.688], 
          [-1.093, -1.326,  0.064,  0.727]
        ]
    },
    {
        "id": 4,
        "keypoints3d": [
          [-0.549,  0.188,  0.977,  0.739], 
          [-0.338,  0.127,  0.908,  0.845], 
          [-0.276,  0.267,  0.907,  0.821], 
          [-0.057,  0.317,  0.852,  0.785], 
          [-0.106,  0.291,  0.653,  0.756], 
          [-0.403, -0.012,  0.906,  0.801], 
          [-0.395, -0.230,  0.829,  0.736], 
          [-0.468, -0.138,  0.638,  0.719], 
          [-0.311,  0.099,  0.442,  0.718], 
          [-0.256,  0.191,  0.449,  0.719], 
          [-0.516,  0.499,  0.424,  0.764], 
          [-0.341,  0.488,  0.100,  0.800], 
          [-0.375,  0.002,  0.443,  0.689], 
          [-0.747,  0.128,  0.440,  0.849], 
          [-0.668,  0.194,  0.099,  0.792], 
          [-0.520,  0.208,  1.010,  0.763], 
          [-0.555,  0.166,  1.023,  0.816], 
          [-0.453,  0.265,  1.023,  0.731], 
          [-0.460,  0.105,  1.040,  0.785], 
          [-0.826,  0.231,  0.040,  0.713], 
          [-0.795,  0.183,  0.039,  0.717], 
          [-0.631,  0.222,  0.052,  0.657], 
          [-0.377,  0.630,  0.062,  0.671], 
          [-0.337,  0.619,  0.068,  0.695], 
          [-0.318,  0.447,  0.060,  0.656]
        ]
    },
    {
        "id": 6,
        "keypoints3d": [
          [-0.128,  1.168,  1.587,  0.771], 
          [-0.322,  1.208,  1.421,  0.849], 
          [-0.329,  1.040,  1.413,  0.798], 
          [-0.317,  1.013,  1.129,  0.857], 
          [-0.225,  1.013,  0.910,  0.861], 
          [-0.310,  1.359,  1.427,  0.826], 
          [-0.386,  1.436,  1.164,  0.835], 
          [-0.369,  1.464,  0.914,  0.865], 
          [-0.321,  1.227,  0.879,  0.717], 
          [-0.316,  1.139,  0.871,  0.715], 
          [-0.321,  1.162,  0.487,  0.817], 
          [-0.364,  1.216,  0.100,  0.792], 
          [-0.311,  1.335,  0.890,  0.726], 
          [-0.247,  1.346,  0.511,  0.835], 
          [-0.474,  1.293,  0.216,  0.782], 
          [-0.160,  1.139,  1.623,  0.761], 
          [-0.129,  1.198,  1.622,  0.886], 
          [-0.239,  1.096,  1.627,  0.807], 
          [-0.207,  1.254,  1.637,  0.766], 
          [-0.379,  1.356,  0.063,  0.634], 
          [-0.420,  1.379,  0.084,  0.623], 
          [-0.518,  1.284,  0.194,  0.712], 
          [-0.201,  1.247,  0.048,  0.717], 
          [-0.239,  1.195,  0.041,  0.723], 
          [-0.399,  1.221,  0.065,  0.671]
        ]
    }
]
