[
    {
        "id": 0,
        "keypoints3d": [
          [ 1.031, -1.329,  1.582,  0.882], 
          [ 1.132, -1.406,  1.388,  0.860], 
          [ 1.250, -1.296,  1.392,  0.828], 
          [ 1.134, -1.160,  1.183,  0.807], 
          [ 0.972, -1.356,  1.194,  0.815], 
          [ 0.998, -1.522,  1.378,  0.825], 
          [ 0.909, -1.449,  1.146,  0.855], 
          [ 1.060, -1.248,  1.180,  0.749], 
          [ 1.090, -1.357,  0.857,  0.724], 
          [ 1.153, -1.279,  0.865,  0.709], 
          [ 1.174, -1.311,  0.473,  0.756], 
          [ 1.235, -1.348,  0.082,  0.776], 
          [ 1.023, -1.434,  0.856,  0.713], 
          [ 1.040, -1.438,  0.469,  0.705], 
          [ 1.073, -1.466,  0.099,  0.803], 
          [ 1.077, -1.312,  1.618,  0.908], 
          [ 1.016, -1.365,  1.610,  0.874], 
          [ 1.168, -1.334,  1.603,  0.891], 
          [ 1.048, -1.464,  1.589,  0.838], 
          [ 0.976, -1.355,  0.060,  0.714], 
          [ 0.958, -1.432,  0.058,  0.731], 
          [ 1.103, -1.481,  0.051,  0.639], 
          [ 1.117, -1.246,  0.048,  0.726], 
          [ 1.184, -1.222,  0.042,  0.732], 
          [ 1.252, -1.387,  0.038,  0.673]
        ]
    },
    {
        "id": 2,
        "keypoints3d": [
          [-0.958, -1.136,  1.523,  0.807], 
          [-1.017, -1.273,  1.356,  0.856], 
          [-0.866, -1.341,  1.340,  0.852], 
          [-0.891, -1.406,  1.071,  0.733], 
          [-0.979, -1.429,  0.873,  0.685], 
          [-1.170, -1.214,  1.366,  0.840], 
          [-1.222, -1.266,  1.108,  0.798], 
          [-1.173, -1.341,  0.890,  0.706], 
          [-1.044, -1.269,  0.839,  0.763], 
          [-0.952, -1.305,  0.832,  0.744], 
          [-1.013, -1.340,  0.452,  0.793], 
          [-1.065, -1.358,  0.104,  0.825], 
          [-1.138, -1.234,  0.844,  0.739], 
          [-1.167, -1.252,  0.456,  0.765], 
          [-1.216, -1.303,  0.084,  0.775], 
          [-0.934, -1.146,  1.559,  0.811], 
          [-1.002, -1.142,  1.564,  0.857], 
          [-0.915, -1.249,  1.540,  0.794], 
          [-1.076, -1.191,  1.556,  0.833], 
          [-1.197, -1.139,  0.049,  0.704], 
          [-1.245, -1.167,  0.049,  0.743], 
          [-1.216, -1.333,  0.049,  0.686], 
          [-0.976, -1.248,  0.077,  0.805], 
          [-0.952, -1.305,  0.075,  0.777], 
          [-1.075, -1.373,  0.048,  0.665]
        ]
    },
    {
        "id": 4,
        "keypoints3d": [
          [-0.316,  0.505,  1.413,  0.920], 
          [-0.199,  0.647,  1.288,  0.856], 
          [-0.288,  0.769,  1.303,  0.839], 
          [-0.290,  0.813,  1.070,  0.842], 
          [-0.333,  0.822,  0.830,  0.842], 
          [-0.109,  0.537,  1.279,  0.825], 
          [-0.092,  0.450,  1.048,  0.848], 
          [-0.171,  0.366,  0.868,  0.818], 
          [-0.255,  0.656,  0.788,  0.767], 
          [-0.300,  0.743,  0.785,  0.748], 
          [-0.334,  0.733,  0.392,  0.794], 
          [-0.231,  0.683,  0.070,  0.747], 
          [-0.209,  0.580,  0.788,  0.750], 
          [-0.317,  0.545,  0.442,  0.723], 
          [-0.225,  0.613,  0.187,  0.681], 
          [-0.320,  0.529,  1.460,  0.868], 
          [-0.261,  0.487,  1.453,  0.717], 
          [-0.323,  0.617,  1.479,  0.888], 
          [-0.185,  0.536,  1.464,  0.814], 
          [-0.331,  0.574,  0.099,  0.616], 
          [-0.296,  0.561,  0.099,  0.603], 
          [-0.191,  0.636,  0.150,  0.679], 
          [-0.362,  0.643, -0.039,  0.552], 
          [-0.342,  0.656, -0.041,  0.607], 
          [-0.211,  0.665,  0.018,  0.705]
        ]
    },
    {
        "id": 6,
        "keypoints3d": [
          [-0.594,  1.102,  1.574,  0.876], 
          [-0.696,  0.959,  1.414,  0.887], 
          [-0.576,  0.862,  1.436,  0.800], 
          [-0.547,  0.737,  1.173,  0.670], 
          [-0.538,  0.719,  0.935,  0.869], 
          [-0.823,  1.052,  1.402,  0.854], 
          [-0.904,  1.052,  1.114,  0.870], 
          [-0.901,  1.088,  0.853,  0.859], 
          [-0.688,  0.938,  0.899,  0.706], 
          [-0.577,  0.889,  0.905,  0.705], 
          [-0.599,  0.872,  0.506,  0.733], 
          [-0.676,  0.662,  0.220,  0.885], 
          [-0.769,  0.997,  0.891,  0.724], 
          [-0.780,  1.027,  0.494,  0.838], 
          [-0.781,  1.027,  0.108,  0.833], 
          [-0.580,  1.088,  1.607,  0.677], 
          [-0.621,  1.113,  1.600,  0.781], 
          [-0.600,  0.982,  1.624,  0.892], 
          [-0.710,  1.093,  1.609,  0.810], 
          [-0.681,  1.155,  0.032,  0.730], 
          [-0.741,  1.154,  0.035,  0.741], 
          [-0.794,  0.997,  0.053,  0.678], 
          [-0.649,  0.766,  0.083,  0.716], 
          [-0.619,  0.730,  0.094,  0.680], 
          [-0.701,  0.616,  0.208,  0.789]
        ]
    }
]
