[
    {
        "id": 0,
        "keypoints3d": [
          [ 1.031, -1.329,  1.582,  0.882], 
          [ 1.133, -1.407,  1.388,  0.861], 
          [ 1.250, -1.296,  1.392,  0.829], 
          [ 1.134, -1.160,  1.183,  0.807], 
          [ 0.972, -1.356,  1.194,  0.815], 
          [ 0.998, -1.522,  1.378,  0.824], 
          [ 0.909, -1.449,  1.146,  0.854], 
          [ 1.060, -1.248,  1.180,  0.750], 
          [ 1.090, -1.358,  0.857,  0.723], 
          [ 1.153, -1.279,  0.865,  0.709], 
          [ 1.174, -1.311,  0.473,  0.756], 
          [ 1.235, -1.348,  0.082,  0.776], 
          [ 1.023, -1.434,  0.856,  0.713], 
          [ 1.040, -1.438,  0.469,  0.703], 
          [ 1.073, -1.466,  0.099,  0.803], 
          [ 1.077, -1.312,  1.618,  0.908], 
          [ 1.016, -1.364,  1.611,  0.874], 
          [ 1.168, -1.334,  1.603,  0.891], 
          [ 1.048, -1.464,  1.589,  0.839], 
          [ 0.976, -1.355,  0.060,  0.714], 
          [ 0.958, -1.432,  0.058,  0.731], 
          [ 1.103, -1.481,  0.051,  0.639], 
          [ 1.117, -1.246,  0.048,  0.726], 
          [ 1.184, -1.222,  0.042,  0.732], 
          [ 1.252, -1.387,  0.038,  0.673]
        ]
    },
    {
        "id": 2,
        "keypoints3d": [
          [-0.961, -1.136,  1.523,  0.901], 
          [-1.018, -1.274,  1.355,  0.856], 
          [-0.866, -1.341,  1.340,  0.851], 
          [-0.889, -1.406,  1.071,  0.734], 
          [-0.980, -1.430,  0.872,  0.689], 
          [-1.172, -1.215,  1.365,  0.842], 
          [-1.222, -1.266,  1.108,  0.800], 
          [-1.173, -1.342,  0.889,  0.707], 
          [-1.044, -1.269,  0.839,  0.764], 
          [-0.952, -1.306,  0.831,  0.746], 
          [-1.012, -1.339,  0.453,  0.797], 
          [-1.065, -1.358,  0.104,  0.825], 
          [-1.139, -1.235,  0.843,  0.739], 
          [-1.168, -1.252,  0.456,  0.774], 
          [-1.216, -1.303,  0.084,  0.775], 
          [-0.936, -1.146,  1.559,  0.799], 
          [-1.002, -1.142,  1.564,  0.857], 
          [-0.918, -1.250,  1.539,  0.798], 
          [-1.076, -1.191,  1.556,  0.833], 
          [-1.197, -1.139,  0.049,  0.704], 
          [-1.245, -1.167,  0.049,  0.743], 
          [-1.216, -1.333,  0.049,  0.686], 
          [-0.976, -1.248,  0.077,  0.805], 
          [-0.952, -1.305,  0.075,  0.777], 
          [-1.075, -1.373,  0.048,  0.665]
        ]
    },
    {
        "id": 4,
        "keypoints3d": [
          [-0.320,  0.505,  1.413,  0.930], 
          [-0.203,  0.646,  1.287,  0.847], 
          [-0.291,  0.769,  1.303,  0.839], 
          [-0.290,  0.813,  1.070,  0.842], 
          [-0.333,  0.822,  0.830,  0.842], 
          [-0.112,  0.537,  1.279,  0.826], 
          [-0.095,  0.449,  1.047,  0.846], 
          [-0.188,  0.364,  0.865,  0.818], 
          [-0.251,  0.657,  0.788,  0.757], 
          [-0.292,  0.743,  0.783,  0.740], 
          [-0.336,  0.734,  0.394,  0.794], 
          [-0.234,  0.675,  0.059,  0.812], 
          [-0.210,  0.580,  0.788,  0.741], 
          [-0.322,  0.542,  0.437,  0.704], 
          [-0.234,  0.605,  0.176,  0.734], 
          [-0.332,  0.525,  1.460,  0.841], 
          [-0.281,  0.486,  1.454,  0.716], 
          [-0.323,  0.617,  1.479,  0.888], 
          [-0.189,  0.536,  1.464,  0.804], 
          [-0.331,  0.574,  0.099,  0.616], 
          [-0.296,  0.561,  0.099,  0.603], 
          [-0.191,  0.636,  0.150,  0.679], 
          [-0.362,  0.643, -0.039,  0.552], 
          [-0.342,  0.656, -0.041,  0.607], 
          [-0.211,  0.665,  0.018,  0.705]
        ]
    },
    {
        "id": 6,
        "keypoints3d": [
          [-0.591,  1.103,  1.575,  0.773], 
          [-0.696,  0.960,  1.415,  0.883], 
          [-0.578,  0.862,  1.437,  0.797], 
          [-0.551,  0.733,  1.174,  0.663], 
          [-0.567,  0.691,  0.937,  0.850], 
          [-0.820,  1.055,  1.404,  0.849], 
          [-0.903,  1.054,  1.116,  0.860], 
          [-0.898,  1.089,  0.853,  0.856], 
          [-0.689,  0.939,  0.902,  0.698], 
          [-0.579,  0.890,  0.908,  0.693], 
          [-0.592,  0.881,  0.513,  0.732], 
          [-0.679,  0.661,  0.220,  0.884], 
          [-0.767,  0.999,  0.893,  0.719], 
          [-0.780,  1.028,  0.496,  0.840], 
          [-0.782,  1.022,  0.101,  0.827], 
          [-0.577,  1.089,  1.607,  0.725], 
          [-0.621,  1.113,  1.600,  0.781], 
          [-0.600,  0.982,  1.624,  0.887], 
          [-0.710,  1.093,  1.609,  0.810], 
          [-0.681,  1.155,  0.032,  0.730], 
          [-0.741,  1.154,  0.035,  0.741], 
          [-0.795,  0.994,  0.049,  0.676], 
          [-0.651,  0.760,  0.077,  0.707], 
          [-0.622,  0.723,  0.087,  0.670], 
          [-0.704,  0.614,  0.207,  0.784]
        ]
    }
]
