[
    {
        "id": 0,
        "keypoints3d": [
          [ 1.021, -1.335,  1.584,  0.883], 
          [ 1.134, -1.406,  1.388,  0.859], 
          [ 1.250, -1.295,  1.393,  0.830], 
          [ 1.133, -1.162,  1.188,  0.788], 
          [ 0.970, -1.357,  1.190,  0.805], 
          [ 0.998, -1.523,  1.378,  0.823], 
          [ 0.913, -1.450,  1.145,  0.853], 
          [ 1.062, -1.246,  1.178,  0.749], 
          [ 1.092, -1.356,  0.856,  0.723], 
          [ 1.155, -1.277,  0.865,  0.710], 
          [ 1.175, -1.308,  0.473,  0.760], 
          [ 1.237, -1.349,  0.081,  0.781], 
          [ 1.022, -1.433,  0.853,  0.709], 
          [ 1.039, -1.436,  0.467,  0.698], 
          [ 1.072, -1.465,  0.097,  0.779], 
          [ 1.077, -1.312,  1.618,  0.907], 
          [ 1.014, -1.363,  1.611,  0.871], 
          [ 1.167, -1.336,  1.603,  0.890], 
          [ 1.047, -1.464,  1.584,  0.836], 
          [ 0.977, -1.356,  0.060,  0.713], 
          [ 0.959, -1.432,  0.057,  0.733], 
          [ 1.101, -1.477,  0.052,  0.708], 
          [ 1.116, -1.248,  0.045,  0.726], 
          [ 1.185, -1.223,  0.041,  0.734], 
          [ 1.252, -1.389,  0.038,  0.672]
        ]
    },
    {
        "id": 2,
        "keypoints3d": [
          [-0.980, -1.126,  1.533,  0.877], 
          [-1.038, -1.270,  1.356,  0.877], 
          [-0.878, -1.332,  1.344,  0.849], 
          [-0.893, -1.393,  1.075,  0.700], 
          [-0.996, -1.416,  0.863,  0.677], 
          [-1.201, -1.215,  1.366,  0.847], 
          [-1.236, -1.264,  1.106,  0.776], 
          [-1.182, -1.354,  0.894,  0.697], 
          [-1.052, -1.262,  0.837,  0.758], 
          [-0.951, -1.300,  0.832,  0.741], 
          [-1.015, -1.338,  0.452,  0.805], 
          [-1.049, -1.364,  0.101,  0.828], 
          [-1.148, -1.231,  0.843,  0.742], 
          [-1.172, -1.250,  0.452,  0.731], 
          [-1.216, -1.302,  0.088,  0.761], 
          [-0.953, -1.136,  1.568,  0.828], 
          [-1.035, -1.117,  1.567,  0.890], 
          [-0.938, -1.235,  1.546,  0.764], 
          [-1.105, -1.190,  1.553,  0.804], 
          [-1.203, -1.140,  0.044,  0.707], 
          [-1.249, -1.168,  0.048,  0.746], 
          [-1.216, -1.332,  0.046,  0.689], 
          [-0.974, -1.243,  0.075,  0.794], 
          [-0.952, -1.302,  0.073,  0.761], 
          [-1.065, -1.376,  0.045,  0.694]
        ]
    },
    {
        "id": 4,
        "keypoints3d": [
          [-0.360,  0.474,  1.419,  0.924], 
          [-0.243,  0.610,  1.289,  0.834], 
          [-0.311,  0.735,  1.297,  0.832], 
          [-0.291,  0.827,  1.071,  0.795], 
          [-0.317,  0.874,  0.841,  0.804], 
          [-0.173,  0.473,  1.285,  0.822], 
          [-0.138,  0.372,  1.061,  0.847], 
          [-0.228,  0.284,  0.894,  0.830], 
          [-0.295,  0.603,  0.787,  0.745], 
          [-0.324,  0.692,  0.785,  0.735], 
          [-0.337,  0.693,  0.433,  0.719], 
          [-0.220,  0.720,  0.129,  0.750], 
          [-0.271,  0.505,  0.794,  0.709], 
          [-0.465,  0.468,  0.493,  0.757], 
          [-0.488,  0.460,  0.161,  0.624], 
          [-0.394,  0.468,  1.458,  0.724], 
          [-0.318,  0.473,  1.439,  0.743], 
          [-0.368,  0.578,  1.479,  0.881], 
          [-0.233,  0.495,  1.478,  0.867], 
          [-0.593,  0.413,  0.085,  0.615], 
          [-0.581,  0.387,  0.090,  0.655], 
          [-0.486,  0.475,  0.124,  0.616], 
          [-0.337,  0.644,  0.038,  0.650], 
          [-0.304,  0.694,  0.043,  0.583], 
          [-0.149,  0.701,  0.056,  0.713]
        ]
    },
    {
        "id": 6,
        "keypoints3d": [
          [-0.564,  1.144,  1.582,  0.780], 
          [-0.710,  1.019,  1.420,  0.857], 
          [-0.599,  0.901,  1.453,  0.808], 
          [-0.573,  0.830,  1.192,  0.758], 
          [-0.555,  0.832,  0.944,  0.794], 
          [-0.821,  1.131,  1.401,  0.831], 
          [-0.879,  1.165,  1.117,  0.769], 
          [-0.839,  1.212,  0.860,  0.842], 
          [-0.677,  0.958,  0.907,  0.733], 
          [-0.601,  0.901,  0.915,  0.688], 
          [-0.567,  0.895,  0.488,  0.792], 
          [-0.646,  0.782,  0.135,  0.806], 
          [-0.752,  1.023,  0.897,  0.724], 
          [-0.764,  1.045,  0.497,  0.835], 
          [-0.782,  1.025,  0.102,  0.849], 
          [-0.561,  1.118,  1.617,  0.695], 
          [-0.600,  1.164,  1.608,  0.785], 
          [-0.613,  1.037,  1.631,  0.801], 
          [-0.709,  1.155,  1.613,  0.838], 
          [-0.691,  1.157,  0.030,  0.689], 
          [-0.747,  1.151,  0.032,  0.720], 
          [-0.788,  0.989,  0.054,  0.698], 
          [-0.635,  0.807,  0.004,  0.677], 
          [-0.621,  0.798,  0.022,  0.584], 
          [-0.665,  0.762,  0.101,  0.709]
        ]
    }
]
