[
    {
        "id": 0,
        "keypoints3d": [
          [ 1.031, -1.330,  1.584,  0.884], 
          [ 1.130, -1.408,  1.386,  0.854], 
          [ 1.247, -1.296,  1.392,  0.819], 
          [ 1.136, -1.156,  1.188,  0.768], 
          [ 0.969, -1.358,  1.196,  0.815], 
          [ 1.002, -1.518,  1.380,  0.820], 
          [ 0.907, -1.447,  1.149,  0.845], 
          [ 1.034, -1.269,  1.174,  0.746], 
          [ 1.093, -1.359,  0.859,  0.681], 
          [ 1.152, -1.279,  0.867,  0.667], 
          [ 1.175, -1.308,  0.474,  0.816], 
          [ 1.236, -1.349,  0.082,  0.777], 
          [ 1.022, -1.435,  0.860,  0.676], 
          [ 1.040, -1.435,  0.471,  0.702], 
          [ 1.074, -1.468,  0.104,  0.844], 
          [ 1.077, -1.311,  1.621,  0.791], 
          [ 1.016, -1.363,  1.615,  0.863], 
          [ 1.169, -1.333,  1.604,  0.891], 
          [ 1.066, -1.445,  1.578,  0.847], 
          [ 0.976, -1.360,  0.063,  0.720], 
          [ 0.958, -1.430,  0.061,  0.726], 
          [ 1.106, -1.481,  0.053,  0.705], 
          [ 1.116, -1.247,  0.051,  0.725], 
          [ 1.182, -1.220,  0.049,  0.733], 
          [ 1.248, -1.388,  0.039,  0.675]
        ]
    },
    {
        "id": 2,
        "keypoints3d": [
          [ 0.000,  0.000,  0.000,  0.000], 
          [-0.675,  0.714,  1.408,  0.922], 
          [-0.508,  0.674,  1.412,  0.858], 
          [-0.472,  0.674,  1.136,  0.824], 
          [-0.440,  0.710,  0.915,  0.706], 
          [-0.838,  0.737,  1.397,  0.894], 
          [-0.874,  0.728,  1.133,  0.852], 
          [-0.874,  0.868,  0.882,  0.841], 
          [-0.669,  0.697,  0.887,  0.780], 
          [-0.571,  0.662,  0.896,  0.769], 
          [-0.584,  0.663,  0.503,  0.759], 
          [-0.604,  0.591,  0.135,  0.621], 
          [-0.775,  0.714,  0.893,  0.770], 
          [-0.798,  0.808,  0.506,  0.761], 
          [-0.782,  0.914,  0.106,  0.875], 
          [ 0.000,  0.000,  0.000,  0.000], 
          [ 0.000,  0.000,  0.000,  0.000], 
          [-0.576,  0.807,  1.626,  0.782], 
          [-0.745,  0.841,  1.611,  0.834], 
          [ 0.000,  0.000,  0.000,  0.000], 
          [-0.819,  1.005,  0.075,  0.553], 
          [-0.787,  0.896,  0.056,  0.800], 
          [ 0.000,  0.000,  0.000,  0.000], 
          [ 0.000,  0.000,  0.000,  0.000], 
          [-0.639,  0.484,  0.094,  0.697]
        ]
    },
    {
        "id": 4,
        "keypoints3d": [
          [-0.224,  0.718,  1.427,  0.837], 
          [-0.110,  0.784,  1.288,  0.816], 
          [-0.230,  0.858,  1.294,  0.825], 
          [-0.281,  0.932,  1.058,  0.828], 
          [-0.323,  0.923,  0.820,  0.821], 
          [-0.000,  0.704,  1.273,  0.806], 
          [ 0.029,  0.662,  0.989,  0.831], 
          [-0.053,  0.676,  0.736,  0.810], 
          [-0.131,  0.803,  0.777,  0.708], 
          [-0.212,  0.829,  0.775,  0.717], 
          [-0.271,  0.764,  0.435,  0.748], 
          [-0.202,  0.726,  0.100,  0.713], 
          [-0.041,  0.765,  0.774,  0.716], 
          [-0.021,  0.802,  0.427,  0.759], 
          [ 0.048,  0.936,  0.085,  0.718], 
          [-0.182,  0.589,  1.467,  0.839], 
          [-0.177,  0.732,  1.447,  0.870], 
          [-0.222,  0.745,  1.498,  0.843], 
          [-0.058,  0.700,  1.470,  0.906], 
          [ 0.053,  0.794,  0.042,  0.666], 
          [ 0.094,  0.825,  0.047,  0.673], 
          [ 0.068,  0.979,  0.067,  0.701], 
          [-0.337,  0.657,  0.045,  0.681], 
          [-0.315,  0.690,  0.055,  0.695], 
          [-0.165,  0.721,  0.063,  0.658]
        ]
    },
    {
        "id": 6,
        "keypoints3d": [
          [-0.941, -1.142,  1.523,  0.903], 
          [-1.011, -1.276,  1.353,  0.856], 
          [-0.868, -1.355,  1.338,  0.850], 
          [-0.912, -1.423,  1.072,  0.775], 
          [-1.010, -1.421,  0.861,  0.788], 
          [-1.149, -1.193,  1.368,  0.854], 
          [-1.221, -1.235,  1.110,  0.780], 
          [-1.134, -1.347,  0.883,  0.770], 
          [-1.032, -1.265,  0.828,  0.760], 
          [-0.947, -1.324,  0.825,  0.722], 
          [-1.004, -1.344,  0.441,  0.784], 
          [-1.054, -1.359,  0.095,  0.789], 
          [-1.119, -1.221,  0.831,  0.730], 
          [-1.149, -1.225,  0.456,  0.813], 
          [-1.225, -1.286,  0.095,  0.767], 
          [-0.910, -1.180,  1.546,  0.826], 
          [-0.968, -1.147,  1.566,  0.883], 
          [-0.888, -1.261,  1.538,  0.812], 
          [-1.046, -1.192,  1.556,  0.865], 
          [-1.193, -1.142,  0.040,  0.757], 
          [-1.239, -1.158,  0.044,  0.788], 
          [-1.229, -1.330,  0.054,  0.734], 
          [-0.970, -1.254,  0.068,  0.818], 
          [-0.949, -1.316,  0.069,  0.793], 
          [-1.075, -1.371,  0.043,  0.636]
        ]
    },
    {
        "id": 8,
        "keypoints3d": [
          [-0.647,  0.899,  1.597,  0.848], 
          [-0.672,  0.733,  1.405,  0.890], 
          [-0.510,  0.718,  1.428,  0.873], 
          [-0.465,  0.688,  1.147,  0.806], 
          [-0.475,  0.726,  0.920,  0.744], 
          [-0.837,  0.761,  1.409,  0.851], 
          [-0.894,  0.724,  1.121,  0.844], 
          [-0.898,  0.814,  0.891,  0.857], 
          [-0.663,  0.739,  0.883,  0.752], 
          [-0.571,  0.728,  0.879,  0.733], 
          [-0.588,  0.655,  0.494,  0.772], 
          [-0.649,  0.526,  0.115,  0.866], 
          [-0.763,  0.774,  0.900,  0.718], 
          [-0.779,  0.866,  0.513,  0.846], 
          [-0.793,  0.913,  0.094,  0.831], 
          [-0.626,  0.851,  1.612,  0.837], 
          [-0.679,  0.899,  1.625,  0.854], 
          [-0.574,  0.799,  1.617,  0.866], 
          [-0.737,  0.802,  1.625,  0.737], 
          [-0.740,  1.075,  0.033,  0.812], 
          [-0.799,  1.045,  0.029,  0.839], 
          [-0.796,  0.867,  0.019,  0.746], 
          [-0.680,  0.659,  0.040,  0.782], 
          [-0.642,  0.610,  0.024,  0.791], 
          [-0.652,  0.472,  0.072,  0.749]
        ]
    }
]
