[
    {
        "id": 0,
        "keypoints3d": [
          [ 1.017, -1.338,  1.582,  0.880], 
          [ 1.134, -1.408,  1.388,  0.858], 
          [ 1.247, -1.296,  1.393,  0.827], 
          [ 1.133, -1.157,  1.185,  0.833], 
          [ 0.971, -1.357,  1.198,  0.815], 
          [ 1.003, -1.522,  1.378,  0.827], 
          [ 0.914, -1.448,  1.142,  0.860], 
          [ 1.060, -1.252,  1.178,  0.751], 
          [ 1.093, -1.359,  0.862,  0.729], 
          [ 1.150, -1.279,  0.867,  0.712], 
          [ 1.178, -1.307,  0.470,  0.797], 
          [ 1.236, -1.348,  0.081,  0.774], 
          [ 1.025, -1.436,  0.861,  0.722], 
          [ 1.043, -1.446,  0.473,  0.690], 
          [ 1.070, -1.467,  0.101,  0.842], 
          [ 1.073, -1.303,  1.620,  0.898], 
          [ 1.011, -1.364,  1.611,  0.869], 
          [ 1.167, -1.336,  1.602,  0.898], 
          [ 1.044, -1.463,  1.583,  0.827], 
          [ 0.978, -1.357,  0.060,  0.716], 
          [ 0.959, -1.434,  0.055,  0.732], 
          [ 1.103, -1.479,  0.051,  0.702], 
          [ 1.119, -1.244,  0.045,  0.725], 
          [ 1.185, -1.223,  0.041,  0.732], 
          [ 1.252, -1.387,  0.038,  0.676]
        ]
    },
    {
        "id": 2,
        "keypoints3d": [
          [-1.206, -1.120,  1.525,  0.731], 
          [-1.167, -1.280,  1.342,  0.887], 
          [-1.012, -1.289,  1.348,  0.861], 
          [-1.001, -1.344,  1.072,  0.823], 
          [-1.048, -1.368,  0.865,  0.778], 
          [-1.319, -1.252,  1.341,  0.843], 
          [-1.347, -1.310,  1.082,  0.739], 
          [-1.282, -1.384,  0.895,  0.681], 
          [-1.164, -1.238,  0.824,  0.758], 
          [-1.063, -1.251,  0.827,  0.762], 
          [-1.029, -1.248,  0.465,  0.852], 
          [-1.058, -1.344,  0.110,  0.855], 
          [-1.264, -1.245,  0.825,  0.746], 
          [-1.258, -1.261,  0.454,  0.818], 
          [-1.225, -1.301,  0.085,  0.845], 
          [-1.170, -1.130,  1.560,  0.822], 
          [-1.223, -1.172,  1.560,  0.727], 
          [-1.101, -1.183,  1.536,  0.840], 
          [-1.251, -1.257,  1.534,  0.762], 
          [-1.205, -1.143,  0.031,  0.764], 
          [-1.253, -1.173,  0.042,  0.787], 
          [-1.217, -1.335,  0.039,  0.692], 
          [-0.986, -1.231,  0.071,  0.688], 
          [-0.955, -1.275,  0.077,  0.679], 
          [-1.064, -1.368,  0.065,  0.706]
        ]
    },
    {
        "id": 4,
        "keypoints3d": [
          [-0.327,  1.159,  1.569,  0.877], 
          [-0.498,  1.158,  1.408,  0.860], 
          [-0.460,  1.000,  1.409,  0.813], 
          [-0.447,  0.937,  1.161,  0.776], 
          [-0.462,  0.927,  0.962,  0.766], 
          [-0.525,  1.314,  1.406,  0.831], 
          [-0.556,  1.369,  1.135,  0.781], 
          [-0.460,  1.384,  0.905,  0.866], 
          [-0.511,  1.151,  0.879,  0.741], 
          [-0.477,  1.069,  0.881,  0.718], 
          [-0.416,  1.134,  0.488,  0.835], 
          [-0.376,  1.220,  0.104,  0.819], 
          [-0.538,  1.250,  0.885,  0.711], 
          [-0.629,  1.203,  0.489,  0.817], 
          [-0.765,  1.053,  0.124,  0.842], 
          [-0.327,  1.132,  1.617,  0.804], 
          [-0.326,  1.208,  1.607,  0.853], 
          [-0.435,  1.097,  1.612,  0.842], 
          [-0.403,  1.237,  1.615,  0.744], 
          [-0.669,  1.166,  0.033,  0.729], 
          [-0.723,  1.163,  0.039,  0.742], 
          [-0.795,  1.004,  0.099,  0.750], 
          [-0.206,  1.250,  0.057,  0.672], 
          [-0.231,  1.198,  0.051,  0.689], 
          [-0.399,  1.232,  0.052,  0.740]
        ]
    },
    {
        "id": 6,
        "keypoints3d": [
          [-0.650,  0.356,  1.215,  0.854], 
          [-0.431,  0.313,  1.094,  0.871], 
          [-0.374,  0.454,  1.080,  0.840], 
          [-0.175,  0.446,  0.961,  0.801], 
          [-0.149,  0.406,  0.725,  0.810], 
          [-0.479,  0.164,  1.110,  0.849], 
          [-0.471,  0.005,  0.935,  0.791], 
          [-0.500, -0.068,  0.718,  0.743], 
          [-0.417,  0.218,  0.613,  0.777], 
          [-0.388,  0.318,  0.617,  0.761], 
          [-0.550,  0.535,  0.383,  0.789], 
          [-0.290,  0.524,  0.116,  0.817], 
          [-0.454,  0.118,  0.618,  0.747], 
          [-0.751,  0.210,  0.444,  0.882], 
          [-0.661,  0.208,  0.082,  0.713], 
          [-0.661,  0.385,  1.246,  0.858], 
          [-0.639,  0.318,  1.256,  0.747], 
          [-0.548,  0.438,  1.232,  0.628], 
          [-0.557,  0.293,  1.270,  0.801], 
          [-0.828,  0.236,  0.041,  0.822], 
          [-0.795,  0.179,  0.045,  0.815], 
          [-0.635,  0.223,  0.043,  0.766], 
          [-0.334,  0.651,  0.054,  0.767], 
          [-0.272,  0.635,  0.063,  0.710], 
          [-0.258,  0.490,  0.094,  0.674]
        ]
    }
]
