[
    {
        "id": 0,
        "keypoints3d": [
          [-0.952, -1.150,  1.526,  0.896], 
          [-1.023, -1.278,  1.351,  0.863], 
          [-0.881, -1.364,  1.334,  0.850], 
          [-0.931, -1.434,  1.068,  0.785], 
          [-1.017, -1.430,  0.859,  0.726], 
          [-1.160, -1.188,  1.362,  0.848], 
          [-1.220, -1.228,  1.101,  0.758], 
          [-1.151, -1.347,  0.881,  0.612], 
          [-1.033, -1.277,  0.830,  0.737], 
          [-0.947, -1.330,  0.823,  0.694], 
          [-1.005, -1.352,  0.436,  0.790], 
          [-1.061, -1.359,  0.104,  0.780], 
          [-1.125, -1.221,  0.832,  0.722], 
          [-1.153, -1.218,  0.457,  0.751], 
          [-1.226, -1.288,  0.099,  0.849], 
          [-0.919, -1.186,  1.550,  0.755], 
          [-0.972, -1.152,  1.564,  0.884], 
          [-0.903, -1.270,  1.535,  0.783], 
          [-1.052, -1.200,  1.557,  0.861], 
          [-1.190, -1.143,  0.038,  0.756], 
          [-1.238, -1.157,  0.046,  0.789], 
          [-1.223, -1.328,  0.048,  0.727], 
          [-0.970, -1.260,  0.062,  0.832], 
          [-0.951, -1.325,  0.065,  0.809], 
          [-1.070, -1.372,  0.049,  0.704]
        ]
    },
    {
        "id": 2,
        "keypoints3d": [
          [-0.113,  0.701,  1.459,  0.841], 
          [-0.055,  0.871,  1.299,  0.869], 
          [-0.198,  0.894,  1.304,  0.841], 
          [-0.283,  0.927,  1.058,  0.840], 
          [-0.315,  0.880,  0.840,  0.853], 
          [ 0.087,  0.850,  1.296,  0.860], 
          [ 0.159,  0.870,  1.061,  0.841], 
          [ 0.158,  0.823,  0.835,  0.864], 
          [-0.071,  0.889,  0.791,  0.767], 
          [-0.173,  0.897,  0.794,  0.755], 
          [-0.146,  0.865,  0.427,  0.797], 
          [-0.109,  0.939,  0.101,  0.777], 
          [ 0.033,  0.882,  0.790,  0.743], 
          [ 0.040,  0.877,  0.435,  0.829], 
          [ 0.063,  0.940,  0.092,  0.824], 
          [-0.133,  0.720,  1.495,  0.723], 
          [-0.067,  0.710,  1.487,  0.877], 
          [-0.159,  0.826,  1.505,  0.873], 
          [ 0.009,  0.772,  1.507,  0.846], 
          [ 0.042,  0.806,  0.051,  0.698], 
          [ 0.089,  0.832,  0.050,  0.715], 
          [ 0.068,  0.987,  0.068,  0.683], 
          [-0.151,  0.813,  0.053,  0.701], 
          [-0.175,  0.848,  0.060,  0.709], 
          [-0.080,  0.962,  0.062,  0.675]
        ]
    },
    {
        "id": 4,
        "keypoints3d": [
          [ 1.032, -1.324,  1.580,  0.880], 
          [ 1.133, -1.407,  1.390,  0.856], 
          [ 1.249, -1.287,  1.393,  0.806], 
          [ 1.133, -1.157,  1.190,  0.765], 
          [ 0.964, -1.358,  1.197,  0.815], 
          [ 1.005, -1.518,  1.382,  0.807], 
          [ 0.910, -1.443,  1.143,  0.841], 
          [ 1.054, -1.244,  1.176,  0.745], 
          [ 1.092, -1.355,  0.858,  0.706], 
          [ 1.150, -1.278,  0.865,  0.697], 
          [ 1.177, -1.309,  0.473,  0.743], 
          [ 1.234, -1.349,  0.086,  0.784], 
          [ 1.020, -1.433,  0.861,  0.688], 
          [ 1.039, -1.432,  0.474,  0.706], 
          [ 1.072, -1.467,  0.106,  0.842], 
          [ 1.080, -1.298,  1.618,  0.764], 
          [ 1.023, -1.354,  1.609,  0.847], 
          [ 1.178, -1.324,  1.611,  0.832], 
          [ 1.074, -1.439,  1.573,  0.882], 
          [ 0.981, -1.355,  0.059,  0.716], 
          [ 0.959, -1.432,  0.058,  0.728], 
          [ 1.109, -1.481,  0.052,  0.703], 
          [ 1.116, -1.247,  0.051,  0.722], 
          [ 1.182, -1.222,  0.047,  0.727], 
          [ 1.248, -1.387,  0.039,  0.674]
        ]
    },
    {
        "id": 6,
        "keypoints3d": [
          [-0.685,  0.768,  1.586,  0.850], 
          [-0.644,  0.579,  1.421,  0.872], 
          [-0.500,  0.635,  1.422,  0.850], 
          [-0.453,  0.662,  1.158,  0.800], 
          [-0.495,  0.715,  0.904,  0.841], 
          [-0.794,  0.532,  1.419,  0.840], 
          [-0.833,  0.530,  1.127,  0.794], 
          [-0.826,  0.616,  0.902,  0.837], 
          [-0.659,  0.584,  0.885,  0.770], 
          [-0.575,  0.616,  0.888,  0.739], 
          [-0.596,  0.584,  0.508,  0.805], 
          [-0.641,  0.519,  0.106,  0.810], 
          [-0.755,  0.551,  0.884,  0.729], 
          [-0.791,  0.559,  0.504,  0.826], 
          [-0.763,  0.463,  0.119,  0.819], 
          [-0.656,  0.784,  1.626,  0.816], 
          [-0.708,  0.742,  1.623,  0.759], 
          [-0.585,  0.693,  1.628,  0.872], 
          [-0.751,  0.653,  1.634,  0.827], 
          [-0.859,  0.569,  0.036,  0.778], 
          [-0.870,  0.529,  0.044,  0.798], 
          [-0.738,  0.430,  0.069,  0.688], 
          [-0.683,  0.663,  0.046,  0.835], 
          [-0.634,  0.640,  0.037,  0.825], 
          [-0.636,  0.483,  0.061,  0.711]
        ]
    }
]
