[
    {
        "id": 0,
        "keypoints3d": [
          [-0.949, -1.149,  1.526,  0.897], 
          [-1.023, -1.278,  1.351,  0.863], 
          [-0.880, -1.364,  1.334,  0.848], 
          [-0.929, -1.434,  1.067,  0.780], 
          [-1.017, -1.430,  0.859,  0.721], 
          [-1.157, -1.186,  1.362,  0.848], 
          [-1.220, -1.224,  1.106,  0.715], 
          [-1.150, -1.348,  0.883,  0.644], 
          [-1.033, -1.277,  0.830,  0.736], 
          [-0.947, -1.331,  0.822,  0.693], 
          [-1.005, -1.352,  0.436,  0.787], 
          [-1.061, -1.359,  0.104,  0.780], 
          [-1.124, -1.220,  0.833,  0.718], 
          [-1.154, -1.216,  0.459,  0.745], 
          [-1.226, -1.288,  0.099,  0.850], 
          [-0.923, -1.188,  1.551,  0.818], 
          [-0.972, -1.152,  1.564,  0.885], 
          [-0.891, -1.265,  1.536,  0.793], 
          [-1.052, -1.200,  1.559,  0.860], 
          [-1.190, -1.143,  0.038,  0.759], 
          [-1.238, -1.157,  0.046,  0.792], 
          [-1.227, -1.329,  0.049,  0.727], 
          [-0.966, -1.260,  0.062,  0.832], 
          [-0.951, -1.325,  0.065,  0.810], 
          [-1.070, -1.372,  0.049,  0.702]
        ]
    },
    {
        "id": 2,
        "keypoints3d": [
          [-0.118,  0.700,  1.455,  0.839], 
          [-0.055,  0.869,  1.303,  0.864], 
          [-0.197,  0.892,  1.306,  0.839], 
          [-0.280,  0.929,  1.056,  0.840], 
          [-0.314,  0.884,  0.843,  0.853], 
          [ 0.086,  0.847,  1.297,  0.860], 
          [ 0.161,  0.869,  1.060,  0.844], 
          [ 0.156,  0.822,  0.833,  0.860], 
          [-0.069,  0.888,  0.790,  0.763], 
          [-0.172,  0.898,  0.791,  0.752], 
          [-0.150,  0.859,  0.425,  0.794], 
          [-0.108,  0.937,  0.110,  0.826], 
          [ 0.031,  0.876,  0.787,  0.741], 
          [ 0.039,  0.875,  0.434,  0.814], 
          [ 0.063,  0.941,  0.090,  0.814], 
          [-0.142,  0.710,  1.494,  0.717], 
          [-0.072,  0.711,  1.487,  0.882], 
          [-0.166,  0.818,  1.506,  0.873], 
          [ 0.009,  0.771,  1.505,  0.842], 
          [ 0.041,  0.806,  0.052,  0.687], 
          [ 0.089,  0.832,  0.050,  0.703], 
          [ 0.068,  0.988,  0.067,  0.674], 
          [-0.158,  0.809,  0.051,  0.714], 
          [-0.184,  0.841,  0.058,  0.716], 
          [-0.084,  0.957,  0.064,  0.671]
        ]
    },
    {
        "id": 4,
        "keypoints3d": [
          [ 1.032, -1.324,  1.580,  0.880], 
          [ 1.133, -1.407,  1.390,  0.856], 
          [ 1.249, -1.287,  1.394,  0.807], 
          [ 1.133, -1.157,  1.190,  0.765], 
          [ 0.964, -1.358,  1.197,  0.815], 
          [ 1.004, -1.517,  1.382,  0.807], 
          [ 0.910, -1.443,  1.143,  0.842], 
          [ 1.054, -1.244,  1.176,  0.747], 
          [ 1.092, -1.355,  0.858,  0.706], 
          [ 1.150, -1.278,  0.865,  0.697], 
          [ 1.177, -1.309,  0.473,  0.745], 
          [ 1.235, -1.349,  0.086,  0.785], 
          [ 1.020, -1.433,  0.860,  0.687], 
          [ 1.039, -1.432,  0.474,  0.707], 
          [ 1.072, -1.467,  0.106,  0.842], 
          [ 1.080, -1.298,  1.618,  0.764], 
          [ 1.023, -1.354,  1.609,  0.847], 
          [ 1.178, -1.324,  1.611,  0.832], 
          [ 1.074, -1.439,  1.573,  0.882], 
          [ 0.981, -1.355,  0.059,  0.716], 
          [ 0.959, -1.432,  0.058,  0.728], 
          [ 1.109, -1.481,  0.052,  0.703], 
          [ 1.116, -1.247,  0.051,  0.722], 
          [ 1.182, -1.222,  0.047,  0.727], 
          [ 1.248, -1.387,  0.039,  0.674]
        ]
    },
    {
        "id": 6,
        "keypoints3d": [
          [-0.675,  0.774,  1.589,  0.851], 
          [-0.647,  0.579,  1.421,  0.873], 
          [-0.499,  0.637,  1.421,  0.846], 
          [-0.459,  0.665,  1.157,  0.798], 
          [-0.492,  0.719,  0.904,  0.822], 
          [-0.795,  0.532,  1.417,  0.840], 
          [-0.830,  0.535,  1.126,  0.798], 
          [-0.811,  0.627,  0.900,  0.820], 
          [-0.658,  0.586,  0.885,  0.770], 
          [-0.574,  0.618,  0.887,  0.736], 
          [-0.595,  0.586,  0.507,  0.805], 
          [-0.645,  0.515,  0.101,  0.806], 
          [-0.749,  0.558,  0.886,  0.739], 
          [-0.779,  0.573,  0.506,  0.827], 
          [-0.765,  0.473,  0.113,  0.821], 
          [-0.648,  0.788,  1.633,  0.823], 
          [-0.705,  0.745,  1.631,  0.754], 
          [-0.585,  0.693,  1.628,  0.883], 
          [-0.743,  0.658,  1.635,  0.819], 
          [-0.845,  0.594,  0.026,  0.738], 
          [-0.866,  0.553,  0.042,  0.766], 
          [-0.747,  0.443,  0.074,  0.695], 
          [-0.682,  0.665,  0.044,  0.831], 
          [-0.633,  0.642,  0.035,  0.821], 
          [-0.638,  0.484,  0.061,  0.721]
        ]
    }
]
