[
    {
        "id": 0,
        "keypoints3d": [
          [-1.027, -1.120,  1.526,  0.808], 
          [-1.064, -1.270,  1.359,  0.877], 
          [-0.903, -1.329,  1.355,  0.839], 
          [-0.914, -1.377,  1.080,  0.767], 
          [-1.003, -1.403,  0.865,  0.786], 
          [-1.226, -1.211,  1.363,  0.855], 
          [-1.272, -1.259,  1.100,  0.784], 
          [-1.239, -1.320,  0.893,  0.707], 
          [-1.068, -1.254,  0.833,  0.761], 
          [-0.978, -1.283,  0.827,  0.747], 
          [-1.021, -1.334,  0.458,  0.768], 
          [-1.043, -1.370,  0.104,  0.839], 
          [-1.164, -1.229,  0.840,  0.740], 
          [-1.187, -1.252,  0.453,  0.813], 
          [-1.223, -1.300,  0.096,  0.825], 
          [-1.008, -1.163,  1.562,  0.827], 
          [-1.062, -1.122,  1.562,  0.874], 
          [-0.986, -1.249,  1.557,  0.692], 
          [-1.132, -1.192,  1.545,  0.830], 
          [-1.199, -1.148,  0.056,  0.648], 
          [-1.245, -1.174,  0.057,  0.676], 
          [-1.220, -1.334,  0.053,  0.667], 
          [-0.987, -1.238,  0.082,  0.724], 
          [-0.958, -1.297,  0.079,  0.703], 
          [-1.058, -1.383,  0.048,  0.705]
        ]
    },
    {
        "id": 2,
        "keypoints3d": [
          [ 1.021, -1.335,  1.582,  0.882], 
          [ 1.133, -1.407,  1.388,  0.857], 
          [ 1.250, -1.295,  1.393,  0.828], 
          [ 1.137, -1.159,  1.192,  0.798], 
          [ 0.970, -1.356,  1.201,  0.799], 
          [ 0.998, -1.522,  1.377,  0.826], 
          [ 0.912, -1.449,  1.143,  0.856], 
          [ 1.060, -1.249,  1.183,  0.748], 
          [ 1.084, -1.365,  0.855,  0.712], 
          [ 1.146, -1.285,  0.863,  0.695], 
          [ 1.174, -1.310,  0.473,  0.818], 
          [ 1.236, -1.348,  0.081,  0.777], 
          [ 1.016, -1.439,  0.855,  0.698], 
          [ 1.037, -1.439,  0.469,  0.661], 
          [ 1.070, -1.467,  0.101,  0.844], 
          [ 1.077, -1.312,  1.618,  0.906], 
          [ 1.011, -1.362,  1.614,  0.869], 
          [ 1.164, -1.341,  1.602,  0.890], 
          [ 1.043, -1.463,  1.581,  0.828], 
          [ 0.977, -1.356,  0.059,  0.715], 
          [ 0.958, -1.434,  0.056,  0.733], 
          [ 1.101, -1.479,  0.052,  0.708], 
          [ 1.117, -1.247,  0.047,  0.729], 
          [ 1.185, -1.223,  0.041,  0.736], 
          [ 1.252, -1.389,  0.037,  0.674]
        ]
    },
    {
        "id": 4,
        "keypoints3d": [
          [-0.452,  0.417,  1.391,  0.881], 
          [-0.301,  0.529,  1.257,  0.830], 
          [-0.328,  0.680,  1.269,  0.790], 
          [-0.269,  0.766,  1.051,  0.704], 
          [-0.284,  0.798,  0.819,  0.858], 
          [-0.265,  0.389,  1.257,  0.836], 
          [-0.255,  0.258,  1.055,  0.761], 
          [-0.343,  0.185,  0.868,  0.797], 
          [-0.351,  0.540,  0.761,  0.718], 
          [-0.366,  0.633,  0.760,  0.722], 
          [-0.385,  0.636,  0.385,  0.718], 
          [-0.198,  0.710,  0.125,  0.718], 
          [-0.337,  0.441,  0.765,  0.702], 
          [-0.492,  0.443,  0.426,  0.717], 
          [-0.539,  0.459,  0.066,  0.657], 
          [-0.487,  0.450,  1.438,  0.809], 
          [-0.433,  0.408,  1.431,  0.741], 
          [-0.436,  0.531,  1.453,  0.860], 
          [-0.344,  0.423,  1.449,  0.781], 
          [-0.734,  0.389,  0.048,  0.626], 
          [-0.685,  0.409,  0.018,  0.659], 
          [-0.454,  0.543, -0.070,  0.721], 
          [-0.332,  0.689,  0.045,  0.635], 
          [-0.298,  0.726,  0.040,  0.649], 
          [-0.142,  0.724,  0.108,  0.673]
        ]
    },
    {
        "id": 6,
        "keypoints3d": [
          [-0.530,  1.170,  1.592,  0.837], 
          [-0.691,  1.061,  1.431,  0.885], 
          [-0.605,  0.930,  1.463,  0.848], 
          [-0.634,  0.806,  1.218,  0.831], 
          [-0.663,  0.781,  0.979,  0.755], 
          [-0.773,  1.199,  1.410,  0.844], 
          [-0.809,  1.265,  1.128,  0.764], 
          [-0.727,  1.305,  0.888,  0.866], 
          [-0.664,  1.010,  0.927,  0.737], 
          [-0.600,  0.931,  0.936,  0.705], 
          [-0.542,  0.982,  0.531,  0.737], 
          [-0.628,  0.940,  0.152,  0.845], 
          [-0.738,  1.083,  0.920,  0.721], 
          [-0.741,  1.083,  0.502,  0.824], 
          [-0.772,  1.032,  0.109,  0.831], 
          [-0.531,  1.160,  1.632,  0.846], 
          [-0.552,  1.216,  1.632,  0.778], 
          [-0.599,  1.062,  1.644,  0.812], 
          [-0.667,  1.205,  1.614,  0.759], 
          [-0.676,  1.159,  0.031,  0.694], 
          [-0.734,  1.153,  0.035,  0.691], 
          [-0.782,  1.003,  0.069,  0.658], 
          [-0.515,  1.042,  0.069,  0.675], 
          [-0.516,  0.987,  0.063,  0.638], 
          [-0.665,  0.920,  0.111,  0.756]
        ]
    }
]
