[
    {
        "id": 0,
        "keypoints3d": [
          [-0.947, -1.139,  1.529,  0.836], 
          [-1.003, -1.279,  1.360,  0.859], 
          [-0.865, -1.350,  1.343,  0.856], 
          [-0.895, -1.416,  1.077,  0.724], 
          [-0.978, -1.426,  0.860,  0.710], 
          [-1.146, -1.198,  1.367,  0.849], 
          [-1.217, -1.250,  1.108,  0.792], 
          [-1.159, -1.326,  0.889,  0.598], 
          [-1.029, -1.268,  0.834,  0.779], 
          [-0.940, -1.321,  0.827,  0.749], 
          [-1.013, -1.345,  0.448,  0.811], 
          [-1.069, -1.353,  0.100,  0.814], 
          [-1.130, -1.227,  0.845,  0.756], 
          [-1.158, -1.233,  0.460,  0.793], 
          [-1.225, -1.293,  0.096,  0.757], 
          [-0.920, -1.165,  1.559,  0.814], 
          [-0.980, -1.145,  1.567,  0.869], 
          [-0.907, -1.267,  1.541,  0.720], 
          [-1.055, -1.194,  1.558,  0.865], 
          [-1.194, -1.144,  0.038,  0.751], 
          [-1.241, -1.160,  0.042,  0.793], 
          [-1.224, -1.331,  0.052,  0.720], 
          [-0.969, -1.257,  0.065,  0.822], 
          [-0.952, -1.316,  0.069,  0.792], 
          [-1.083, -1.366,  0.042,  0.658]
        ]
    },
    {
        "id": 2,
        "keypoints3d": [
          [ 1.025, -1.333,  1.584,  0.885], 
          [ 1.132, -1.406,  1.388,  0.861], 
          [ 1.250, -1.296,  1.392,  0.829], 
          [ 1.135, -1.155,  1.186,  0.779], 
          [ 0.969, -1.357,  1.190,  0.817], 
          [ 1.000, -1.523,  1.378,  0.825], 
          [ 0.913, -1.447,  1.145,  0.846], 
          [ 1.057, -1.247,  1.173,  0.755], 
          [ 1.086, -1.358,  0.849,  0.722], 
          [ 1.151, -1.278,  0.857,  0.705], 
          [ 1.175, -1.310,  0.472,  0.816], 
          [ 1.239, -1.349,  0.082,  0.776], 
          [ 1.016, -1.436,  0.848,  0.707], 
          [ 1.040, -1.439,  0.468,  0.650], 
          [ 1.071, -1.466,  0.103,  0.846], 
          [ 1.077, -1.312,  1.619,  0.901], 
          [ 1.016, -1.363,  1.615,  0.871], 
          [ 1.172, -1.328,  1.609,  0.896], 
          [ 1.048, -1.464,  1.588,  0.832], 
          [ 0.976, -1.360,  0.063,  0.719], 
          [ 0.959, -1.431,  0.063,  0.732], 
          [ 1.108, -1.482,  0.052,  0.710], 
          [ 1.117, -1.247,  0.048,  0.727], 
          [ 1.184, -1.222,  0.042,  0.735], 
          [ 1.251, -1.387,  0.040,  0.674]
        ]
    },
    {
        "id": 4,
        "keypoints3d": [
          [-0.627,  0.844,  1.549,  0.830], 
          [-0.701,  0.835,  1.405,  0.882], 
          [-0.551,  0.776,  1.410,  0.855], 
          [-0.503,  0.694,  1.154,  0.786], 
          [-0.487,  0.704,  0.921,  0.857], 
          [-0.856,  0.891,  1.394,  0.845], 
          [-0.914,  0.915,  1.125,  0.859], 
          [-0.924,  0.958,  0.863,  0.870], 
          [-0.696,  0.808,  0.886,  0.736], 
          [-0.601,  0.782,  0.892,  0.721], 
          [-0.624,  0.735,  0.503,  0.801], 
          [-0.648,  0.564,  0.144,  0.783], 
          [-0.796,  0.850,  0.894,  0.721], 
          [-0.787,  0.948,  0.496,  0.795], 
          [-0.781,  1.014,  0.108,  0.860], 
          [-0.646,  0.816,  1.597,  0.844], 
          [-0.651,  1.013,  1.608,  0.818], 
          [-0.620,  0.825,  1.614,  0.876], 
          [-0.730,  0.969,  1.618,  0.745], 
          [-0.687,  1.150,  0.030,  0.664], 
          [-0.740,  1.138,  0.032,  0.717], 
          [-0.786,  0.990,  0.050,  0.714], 
          [-0.670,  0.676,  0.038,  0.790], 
          [-0.634,  0.645,  0.046,  0.774], 
          [-0.673,  0.508,  0.111,  0.653]
        ]
    },
    {
        "id": 6,
        "keypoints3d": [
          [-0.247,  0.573,  1.401,  0.878], 
          [-0.158,  0.715,  1.270,  0.856], 
          [-0.267,  0.818,  1.275,  0.843], 
          [-0.269,  0.904,  1.054,  0.715], 
          [-0.292,  0.920,  0.830,  0.764], 
          [-0.046,  0.617,  1.271,  0.832], 
          [-0.007,  0.563,  1.031,  0.790], 
          [-0.090,  0.478,  0.822,  0.788], 
          [-0.200,  0.713,  0.752,  0.766], 
          [-0.269,  0.770,  0.753,  0.712], 
          [-0.299,  0.723,  0.416,  0.785], 
          [-0.198,  0.723,  0.101,  0.758], 
          [-0.136,  0.649,  0.754,  0.743], 
          [-0.166,  0.631,  0.406,  0.786], 
          [-0.003,  0.806,  0.199,  0.785], 
          [-0.256,  0.595,  1.445,  0.888], 
          [-0.197,  0.565,  1.448,  0.790], 
          [-0.280,  0.670,  1.475,  0.759], 
          [-0.105,  0.603,  1.469,  0.904], 
          [-0.040,  0.754,  0.081,  0.549], 
          [ 0.019,  0.746,  0.109,  0.594], 
          [ 0.032,  0.852,  0.219,  0.770], 
          [-0.320,  0.652,  0.041,  0.641], 
          [-0.305,  0.684,  0.049,  0.683], 
          [-0.159,  0.715,  0.059,  0.722]
        ]
    }
]
