[
    {
        "id": 0,
        "keypoints3d": [
          [ 1.018, -1.337,  1.585,  0.879], 
          [ 1.134, -1.408,  1.389,  0.857], 
          [ 1.249, -1.297,  1.392,  0.829], 
          [ 1.134, -1.157,  1.185,  0.816], 
          [ 0.971, -1.356,  1.194,  0.813], 
          [ 0.998, -1.523,  1.376,  0.827], 
          [ 0.913, -1.447,  1.142,  0.858], 
          [ 1.060, -1.249,  1.178,  0.748], 
          [ 1.089, -1.357,  0.863,  0.716], 
          [ 1.152, -1.279,  0.870,  0.702], 
          [ 1.174, -1.310,  0.472,  0.818], 
          [ 1.237, -1.349,  0.081,  0.782], 
          [ 1.022, -1.434,  0.864,  0.700], 
          [ 1.039, -1.438,  0.473,  0.699], 
          [ 1.070, -1.467,  0.101,  0.843], 
          [ 1.075, -1.307,  1.620,  0.898], 
          [ 1.011, -1.362,  1.615,  0.862], 
          [ 1.167, -1.338,  1.602,  0.890], 
          [ 1.043, -1.463,  1.581,  0.826], 
          [ 0.978, -1.355,  0.063,  0.720], 
          [ 0.958, -1.433,  0.056,  0.734], 
          [ 1.102, -1.481,  0.050,  0.708], 
          [ 1.119, -1.242,  0.048,  0.730], 
          [ 1.185, -1.223,  0.041,  0.736], 
          [ 1.252, -1.390,  0.037,  0.676]
        ]
    },
    {
        "id": 2,
        "keypoints3d": [
          [-1.084, -1.130,  1.525,  0.870], 
          [-1.103, -1.268,  1.355,  0.848], 
          [-0.953, -1.309,  1.354,  0.872], 
          [-0.933, -1.363,  1.079,  0.810], 
          [-1.014, -1.384,  0.862,  0.730], 
          [-1.267, -1.232,  1.359,  0.833], 
          [-1.308, -1.287,  1.095,  0.754], 
          [-1.272, -1.328,  0.894,  0.685], 
          [-1.107, -1.246,  0.836,  0.745], 
          [-1.012, -1.271,  0.836,  0.749], 
          [-1.031, -1.324,  0.456,  0.815], 
          [-1.051, -1.363,  0.099,  0.769], 
          [-1.205, -1.229,  0.838,  0.717], 
          [-1.204, -1.257,  0.462,  0.838], 
          [-1.235, -1.295,  0.094,  0.850], 
          [-1.057, -1.147,  1.564,  0.810], 
          [-1.118, -1.137,  1.560,  0.811], 
          [-1.022, -1.244,  1.563,  0.764], 
          [-1.193, -1.177,  1.548,  0.792], 
          [-1.205, -1.144,  0.050,  0.698], 
          [-1.247, -1.173,  0.050,  0.723], 
          [-1.232, -1.327,  0.055,  0.664], 
          [-0.985, -1.241,  0.077,  0.694], 
          [-0.957, -1.291,  0.080,  0.674], 
          [-1.061, -1.383,  0.047,  0.700]
        ]
    },
    {
        "id": 4,
        "keypoints3d": [
          [-0.470,  1.192,  1.585,  0.815], 
          [-0.641,  1.117,  1.428,  0.864], 
          [-0.592,  0.963,  1.450,  0.831], 
          [-0.635,  0.876,  1.195,  0.710], 
          [-0.666,  0.870,  0.941,  0.752], 
          [-0.694,  1.270,  1.408,  0.799], 
          [-0.697,  1.337,  1.126,  0.829], 
          [-0.587,  1.366,  0.892,  0.831], 
          [-0.628,  1.069,  0.912,  0.684], 
          [-0.593,  0.979,  0.916,  0.632], 
          [-0.513,  1.051,  0.541,  0.658], 
          [-0.487,  1.101,  0.117,  0.676], 
          [-0.662,  1.161,  0.902,  0.651], 
          [-0.701,  1.129,  0.500,  0.717], 
          [-0.763,  1.054,  0.110,  0.804], 
          [-0.473,  1.149,  1.637,  0.876], 
          [-0.486,  1.227,  1.631,  0.774], 
          [-0.553,  1.089,  1.638,  0.854], 
          [-0.574,  1.237,  1.618,  0.873], 
          [-0.656,  1.176,  0.022,  0.659], 
          [-0.709,  1.167,  0.026,  0.680], 
          [-0.804,  0.987,  0.067,  0.726], 
          [-0.307,  1.180,  0.071,  0.629], 
          [-0.319,  1.131,  0.059,  0.620], 
          [-0.495,  1.111,  0.073,  0.676]
        ]
    },
    {
        "id": 6,
        "keypoints3d": [
          [-0.577,  0.383,  1.329,  0.799], 
          [-0.408,  0.432,  1.189,  0.860], 
          [-0.386,  0.576,  1.183,  0.830], 
          [-0.269,  0.625,  0.984,  0.837], 
          [-0.267,  0.604,  0.755,  0.845], 
          [-0.435,  0.278,  1.201,  0.806], 
          [-0.402,  0.127,  0.993,  0.810], 
          [-0.451,  0.047,  0.788,  0.828], 
          [-0.439,  0.383,  0.672,  0.736], 
          [-0.420,  0.491,  0.672,  0.746], 
          [-0.477,  0.592,  0.338,  0.681], 
          [-0.248,  0.580,  0.122,  0.669], 
          [-0.465,  0.277,  0.685,  0.683], 
          [-0.677,  0.288,  0.399,  0.635], 
          [-0.602,  0.251,  0.043,  0.727], 
          [-0.578,  0.407,  1.368,  0.878], 
          [-0.561,  0.359,  1.364,  0.688], 
          [-0.500,  0.494,  1.381,  0.791], 
          [-0.462,  0.366,  1.381,  0.771], 
          [-0.765,  0.267, -0.006,  0.749], 
          [-0.748,  0.216,  0.004,  0.764], 
          [-0.583,  0.254,  0.018,  0.708], 
          [-0.328,  0.632,  0.020,  0.630], 
          [-0.283,  0.644,  0.037,  0.597], 
          [-0.188,  0.565,  0.093,  0.630]
        ]
    }
]
