[
    {
        "id": 0,
        "keypoints3d": [
          [ 1.016, -1.338,  1.581,  0.881], 
          [ 1.133, -1.408,  1.388,  0.855], 
          [ 1.250, -1.296,  1.393,  0.820], 
          [ 1.134, -1.161,  1.187,  0.812], 
          [ 0.975, -1.361,  1.197,  0.818], 
          [ 1.001, -1.524,  1.378,  0.827], 
          [ 0.916, -1.452,  1.143,  0.853], 
          [ 1.062, -1.253,  1.176,  0.756], 
          [ 1.090, -1.361,  0.863,  0.731], 
          [ 1.152, -1.282,  0.866,  0.718], 
          [ 1.172, -1.311,  0.476,  0.729], 
          [ 1.237, -1.350,  0.083,  0.787], 
          [ 1.023, -1.434,  0.864,  0.718], 
          [ 1.041, -1.442,  0.473,  0.686], 
          [ 1.071, -1.466,  0.103,  0.841], 
          [ 1.071, -1.298,  1.621,  0.897], 
          [ 1.010, -1.362,  1.612,  0.865], 
          [ 1.161, -1.342,  1.601,  0.900], 
          [ 1.044, -1.463,  1.584,  0.829], 
          [ 0.978, -1.355,  0.063,  0.714], 
          [ 0.959, -1.433,  0.057,  0.729], 
          [ 1.107, -1.477,  0.053,  0.700], 
          [ 1.119, -1.242,  0.048,  0.721], 
          [ 1.184, -1.224,  0.041,  0.725], 
          [ 1.252, -1.388,  0.038,  0.673]
        ]
    },
    {
        "id": 2,
        "keypoints3d": [
          [-1.256, -1.151,  1.524,  0.876], 
          [-1.192, -1.277,  1.344,  0.897], 
          [-1.036, -1.267,  1.349,  0.858], 
          [-1.013, -1.328,  1.072,  0.784], 
          [-1.075, -1.365,  0.856,  0.777], 
          [-1.359, -1.277,  1.344,  0.850], 
          [-1.379, -1.327,  1.088,  0.795], 
          [-1.332, -1.341,  0.854,  0.669], 
          [-1.188, -1.228,  0.822,  0.747], 
          [-1.090, -1.232,  0.823,  0.736], 
          [-1.071, -1.230,  0.457,  0.812], 
          [-1.075, -1.299,  0.112,  0.849], 
          [-1.288, -1.247,  0.819,  0.729], 
          [-1.259, -1.270,  0.446,  0.774], 
          [-1.220, -1.302,  0.083,  0.837], 
          [-1.223, -1.161,  1.559,  0.904], 
          [-1.285, -1.197,  1.565,  0.779], 
          [-1.121, -1.181,  1.544,  0.864], 
          [-1.278, -1.284,  1.546,  0.725], 
          [-1.202, -1.148,  0.037,  0.747], 
          [-1.244, -1.173,  0.041,  0.761], 
          [-1.209, -1.352,  0.041,  0.614], 
          [-0.974, -1.194,  0.081,  0.709], 
          [-0.954, -1.238,  0.086,  0.695], 
          [-1.087, -1.327,  0.062,  0.751]
        ]
    },
    {
        "id": 4,
        "keypoints3d": [
          [-0.574,  0.211,  0.991,  0.770], 
          [-0.366,  0.151,  0.903,  0.878], 
          [-0.298,  0.285,  0.901,  0.820], 
          [-0.065,  0.313,  0.863,  0.886], 
          [-0.107,  0.289,  0.667,  0.855], 
          [-0.428,  0.008,  0.900,  0.818], 
          [-0.396, -0.221,  0.836,  0.753], 
          [-0.468, -0.136,  0.637,  0.742], 
          [-0.332,  0.116,  0.450,  0.719], 
          [-0.284,  0.215,  0.453,  0.722], 
          [-0.518,  0.515,  0.416,  0.794], 
          [-0.344,  0.496,  0.105,  0.826], 
          [-0.391,  0.024,  0.448,  0.678], 
          [-0.746,  0.138,  0.442,  0.848], 
          [-0.683,  0.207,  0.096,  0.823], 
          [-0.553,  0.236,  1.024,  0.672], 
          [-0.577,  0.184,  1.042,  0.820], 
          [-0.452,  0.282,  1.020,  0.774], 
          [-0.482,  0.129,  1.042,  0.794], 
          [-0.827,  0.237,  0.036,  0.772], 
          [-0.802,  0.193,  0.038,  0.762], 
          [-0.641,  0.226,  0.048,  0.683], 
          [-0.358,  0.630,  0.064,  0.674], 
          [-0.316,  0.614,  0.071,  0.708], 
          [-0.316,  0.458,  0.069,  0.670]
        ]
    },
    {
        "id": 6,
        "keypoints3d": [
          [-0.149,  1.171,  1.581,  0.853], 
          [-0.338,  1.197,  1.421,  0.838], 
          [-0.335,  1.032,  1.410,  0.783], 
          [-0.331,  1.007,  1.133,  0.820], 
          [-0.262,  1.004,  0.891,  0.856], 
          [-0.343,  1.357,  1.428,  0.826], 
          [-0.410,  1.415,  1.155,  0.818], 
          [-0.394,  1.452,  0.911,  0.826], 
          [-0.337,  1.218,  0.886,  0.720], 
          [-0.324,  1.127,  0.880,  0.670], 
          [-0.319,  1.159,  0.479,  0.845], 
          [-0.373,  1.216,  0.098,  0.816], 
          [-0.343,  1.322,  0.894,  0.710], 
          [-0.290,  1.353,  0.504,  0.824], 
          [-0.537,  1.267,  0.223,  0.799], 
          [-0.182,  1.130,  1.619,  0.686], 
          [-0.149,  1.192,  1.619,  0.853], 
          [-0.247,  1.090,  1.621,  0.752], 
          [-0.219,  1.245,  1.632,  0.781], 
          [-0.466,  1.305,  0.076,  0.558], 
          [-0.518,  1.322,  0.101,  0.559], 
          [-0.593,  1.242,  0.210,  0.680], 
          [-0.202,  1.252,  0.048,  0.713], 
          [-0.235,  1.203,  0.046,  0.723], 
          [-0.407,  1.222,  0.060,  0.733]
        ]
    }
]
