[
    {
        "id": 0,
        "keypoints3d": [
          [-0.952, -1.150,  1.526,  0.890], 
          [-1.025, -1.280,  1.350,  0.864], 
          [-0.880, -1.366,  1.336,  0.852], 
          [-0.932, -1.437,  1.069,  0.778], 
          [-1.020, -1.430,  0.857,  0.694], 
          [-1.162, -1.192,  1.362,  0.846], 
          [-1.227, -1.229,  1.103,  0.752], 
          [-1.165, -1.344,  0.888,  0.600], 
          [-1.037, -1.279,  0.828,  0.737], 
          [-0.949, -1.331,  0.822,  0.701], 
          [-1.007, -1.354,  0.437,  0.784], 
          [-1.065, -1.361,  0.100,  0.810], 
          [-1.130, -1.222,  0.831,  0.731], 
          [-1.148, -1.221,  0.458,  0.800], 
          [-1.224, -1.294,  0.094,  0.774], 
          [-0.918, -1.179,  1.552,  0.754], 
          [-0.975, -1.152,  1.564,  0.876], 
          [-0.902, -1.263,  1.536,  0.780], 
          [-1.053, -1.200,  1.559,  0.856], 
          [-1.191, -1.147,  0.035,  0.732], 
          [-1.237, -1.161,  0.043,  0.776], 
          [-1.226, -1.330,  0.048,  0.700], 
          [-0.970, -1.261,  0.061,  0.832], 
          [-0.949, -1.325,  0.065,  0.802], 
          [-1.075, -1.376,  0.049,  0.648]
        ]
    },
    {
        "id": 2,
        "keypoints3d": [
          [-0.107,  0.729,  1.461,  0.851], 
          [-0.062,  0.888,  1.301,  0.862], 
          [-0.200,  0.900,  1.305,  0.837], 
          [-0.284,  0.925,  1.058,  0.841], 
          [-0.316,  0.866,  0.847,  0.783], 
          [ 0.090,  0.870,  1.302,  0.832], 
          [ 0.166,  0.904,  1.058,  0.864], 
          [ 0.163,  0.862,  0.835,  0.861], 
          [-0.069,  0.903,  0.786,  0.757], 
          [-0.170,  0.904,  0.784,  0.767], 
          [-0.141,  0.882,  0.424,  0.782], 
          [-0.115,  0.953,  0.094,  0.765], 
          [ 0.034,  0.902,  0.786,  0.732], 
          [ 0.038,  0.884,  0.438,  0.826], 
          [ 0.063,  0.943,  0.093,  0.821], 
          [-0.125,  0.737,  1.497,  0.805], 
          [-0.067,  0.725,  1.492,  0.874], 
          [-0.156,  0.831,  1.508,  0.859], 
          [ 0.008,  0.794,  1.515,  0.779], 
          [ 0.034,  0.811,  0.054,  0.685], 
          [ 0.086,  0.828,  0.047,  0.693], 
          [ 0.069,  0.982,  0.069,  0.690], 
          [-0.122,  0.812,  0.044,  0.680], 
          [-0.155,  0.852,  0.041,  0.655], 
          [-0.086,  0.979,  0.058,  0.646]
        ]
    },
    {
        "id": 4,
        "keypoints3d": [
          [ 1.032, -1.324,  1.580,  0.881], 
          [ 1.131, -1.403,  1.390,  0.854], 
          [ 1.247, -1.282,  1.392,  0.805], 
          [ 1.133, -1.158,  1.187,  0.765], 
          [ 0.966, -1.363,  1.196,  0.814], 
          [ 1.005, -1.519,  1.381,  0.804], 
          [ 0.910, -1.443,  1.143,  0.842], 
          [ 1.055, -1.244,  1.176,  0.750], 
          [ 1.090, -1.357,  0.861,  0.707], 
          [ 1.147, -1.274,  0.867,  0.697], 
          [ 1.176, -1.310,  0.474,  0.743], 
          [ 1.236, -1.349,  0.084,  0.785], 
          [ 1.021, -1.433,  0.860,  0.689], 
          [ 1.041, -1.436,  0.474,  0.707], 
          [ 1.074, -1.468,  0.104,  0.842], 
          [ 1.080, -1.299,  1.617,  0.784], 
          [ 1.023, -1.354,  1.609,  0.845], 
          [ 1.178, -1.324,  1.611,  0.830], 
          [ 1.073, -1.439,  1.569,  0.884], 
          [ 0.983, -1.360,  0.058,  0.714], 
          [ 0.960, -1.434,  0.059,  0.724], 
          [ 1.109, -1.481,  0.052,  0.700], 
          [ 1.116, -1.248,  0.051,  0.723], 
          [ 1.182, -1.223,  0.046,  0.725], 
          [ 1.247, -1.386,  0.039,  0.675]
        ]
    },
    {
        "id": 6,
        "keypoints3d": [
          [-0.687,  0.748,  1.599,  0.779], 
          [-0.640,  0.561,  1.419,  0.886], 
          [-0.492,  0.627,  1.419,  0.858], 
          [-0.453,  0.646,  1.154,  0.791], 
          [-0.490,  0.701,  0.901,  0.806], 
          [-0.785,  0.496,  1.414,  0.846], 
          [-0.836,  0.509,  1.144,  0.763], 
          [-0.828,  0.593,  0.902,  0.834], 
          [-0.663,  0.563,  0.889,  0.763], 
          [-0.575,  0.603,  0.895,  0.735], 
          [-0.592,  0.585,  0.512,  0.779], 
          [-0.641,  0.518,  0.111,  0.807], 
          [-0.758,  0.519,  0.885,  0.734], 
          [-0.795,  0.536,  0.508,  0.819], 
          [-0.733,  0.416,  0.124,  0.826], 
          [-0.657,  0.758,  1.624,  0.762], 
          [-0.707,  0.722,  1.623,  0.729], 
          [-0.587,  0.677,  1.626,  0.881], 
          [-0.746,  0.618,  1.628,  0.812], 
          [-0.849,  0.514,  0.047,  0.783], 
          [-0.859,  0.470,  0.057,  0.813], 
          [-0.712,  0.386,  0.082,  0.671], 
          [-0.686,  0.658,  0.044,  0.804], 
          [-0.637,  0.645,  0.036,  0.802], 
          [-0.633,  0.483,  0.060,  0.727]
        ]
    }
]
