[
    {
        "id": 0,
        "keypoints3d": [
          [ 1.028, -1.329,  1.582,  0.881], 
          [ 1.133, -1.407,  1.388,  0.861], 
          [ 1.250, -1.296,  1.392,  0.829], 
          [ 1.134, -1.160,  1.183,  0.806], 
          [ 0.973, -1.356,  1.192,  0.811], 
          [ 0.998, -1.522,  1.378,  0.825], 
          [ 0.910, -1.445,  1.145,  0.854], 
          [ 1.060, -1.248,  1.180,  0.749], 
          [ 1.089, -1.357,  0.857,  0.723], 
          [ 1.153, -1.279,  0.865,  0.709], 
          [ 1.174, -1.311,  0.473,  0.756], 
          [ 1.235, -1.348,  0.082,  0.776], 
          [ 1.023, -1.434,  0.856,  0.713], 
          [ 1.043, -1.439,  0.469,  0.703], 
          [ 1.073, -1.466,  0.099,  0.804], 
          [ 1.077, -1.312,  1.618,  0.909], 
          [ 1.015, -1.364,  1.611,  0.872], 
          [ 1.168, -1.334,  1.603,  0.891], 
          [ 1.048, -1.464,  1.589,  0.839], 
          [ 0.976, -1.355,  0.060,  0.714], 
          [ 0.958, -1.432,  0.058,  0.732], 
          [ 1.103, -1.481,  0.051,  0.639], 
          [ 1.117, -1.246,  0.048,  0.725], 
          [ 1.184, -1.222,  0.042,  0.732], 
          [ 1.252, -1.387,  0.038,  0.673]
        ]
    },
    {
        "id": 2,
        "keypoints3d": [
          [-0.968, -1.132,  1.532,  0.897], 
          [-1.027, -1.273,  1.356,  0.867], 
          [-0.868, -1.337,  1.342,  0.858], 
          [-0.899, -1.400,  1.068,  0.743], 
          [-0.978, -1.429,  0.863,  0.701], 
          [-1.176, -1.214,  1.366,  0.837], 
          [-1.225, -1.266,  1.103,  0.791], 
          [-1.181, -1.339,  0.890,  0.724], 
          [-1.044, -1.264,  0.827,  0.761], 
          [-0.945, -1.303,  0.820,  0.742], 
          [-1.013, -1.336,  0.452,  0.790], 
          [-1.063, -1.360,  0.104,  0.799], 
          [-1.143, -1.230,  0.832,  0.751], 
          [-1.166, -1.258,  0.453,  0.710], 
          [-1.216, -1.303,  0.086,  0.841], 
          [-0.939, -1.146,  1.564,  0.833], 
          [-1.011, -1.133,  1.565,  0.878], 
          [-0.921, -1.247,  1.540,  0.727], 
          [-1.083, -1.190,  1.556,  0.835], 
          [-1.197, -1.140,  0.048,  0.701], 
          [-1.247, -1.164,  0.049,  0.740], 
          [-1.216, -1.333,  0.049,  0.690], 
          [-0.974, -1.245,  0.078,  0.807], 
          [-0.955, -1.303,  0.078,  0.775], 
          [-1.073, -1.375,  0.045,  0.651]
        ]
    },
    {
        "id": 4,
        "keypoints3d": [
          [-0.590,  1.115,  1.575,  0.769], 
          [-0.703,  0.971,  1.416,  0.872], 
          [-0.582,  0.875,  1.442,  0.794], 
          [-0.562,  0.753,  1.179,  0.728], 
          [-0.573,  0.710,  0.940,  0.857], 
          [-0.828,  1.073,  1.404,  0.846], 
          [-0.906,  1.073,  1.111,  0.783], 
          [-0.893,  1.123,  0.853,  0.791], 
          [-0.688,  0.945,  0.903,  0.711], 
          [-0.584,  0.902,  0.908,  0.688], 
          [-0.577,  0.865,  0.473,  0.809], 
          [-0.648,  0.732,  0.158,  0.839], 
          [-0.766,  1.005,  0.897,  0.719], 
          [-0.778,  1.032,  0.497,  0.847], 
          [-0.781,  1.028,  0.099,  0.832], 
          [-0.576,  1.113,  1.610,  0.750], 
          [-0.630,  1.138,  1.606,  0.725], 
          [-0.606,  1.001,  1.630,  0.857], 
          [-0.717,  1.114,  1.613,  0.822], 
          [-0.687,  1.153,  0.031,  0.747], 
          [-0.739,  1.158,  0.034,  0.760], 
          [-0.796,  0.992,  0.047,  0.692], 
          [-0.645,  0.757,  0.046,  0.654], 
          [-0.609,  0.738,  0.055,  0.635], 
          [-0.673,  0.701,  0.141,  0.742]
        ]
    },
    {
        "id": 6,
        "keypoints3d": [
          [-0.320,  0.505,  1.414,  0.817], 
          [-0.211,  0.635,  1.288,  0.844], 
          [-0.304,  0.748,  1.299,  0.835], 
          [-0.264,  0.868,  1.104,  0.824], 
          [-0.309,  0.888,  0.856,  0.865], 
          [-0.118,  0.530,  1.284,  0.844], 
          [-0.081,  0.435,  1.059,  0.875], 
          [-0.188,  0.344,  0.878,  0.773], 
          [-0.260,  0.660,  0.789,  0.772], 
          [-0.296,  0.739,  0.790,  0.741], 
          [-0.334,  0.712,  0.442,  0.703], 
          [-0.194,  0.725,  0.137,  0.724], 
          [-0.215,  0.586,  0.799,  0.734], 
          [-0.355,  0.551,  0.468,  0.683], 
          [-0.278,  0.586,  0.169,  0.739], 
          [-0.338,  0.523,  1.462,  0.672], 
          [-0.286,  0.489,  1.452,  0.792], 
          [-0.349,  0.593,  1.479,  0.882], 
          [-0.194,  0.534,  1.470,  0.796], 
          [-0.400,  0.591,  0.085,  0.618], 
          [-0.374,  0.570,  0.087,  0.595], 
          [-0.242,  0.608,  0.140,  0.626], 
          [-0.315,  0.655,  0.035,  0.503], 
          [-0.282,  0.705,  0.044,  0.590], 
          [-0.156,  0.737,  0.103,  0.585]
        ]
    }
]
