[
    {
        "id": 0,
        "keypoints3d": [
          [-0.999, -1.121,  1.529,  0.813], 
          [-1.051, -1.274,  1.357,  0.877], 
          [-0.891, -1.331,  1.352,  0.843], 
          [-0.904, -1.383,  1.079,  0.765], 
          [-0.999, -1.409,  0.859,  0.754], 
          [-1.209, -1.215,  1.366,  0.855], 
          [-1.247, -1.257,  1.105,  0.773], 
          [-1.205, -1.332,  0.894,  0.705], 
          [-1.063, -1.257,  0.837,  0.766], 
          [-0.968, -1.291,  0.832,  0.746], 
          [-1.021, -1.335,  0.460,  0.748], 
          [-1.041, -1.370,  0.105,  0.841], 
          [-1.155, -1.227,  0.846,  0.744], 
          [-1.181, -1.249,  0.454,  0.786], 
          [-1.219, -1.304,  0.093,  0.797], 
          [-0.968, -1.148,  1.565,  0.821], 
          [-1.043, -1.116,  1.564,  0.886], 
          [-0.966, -1.244,  1.552,  0.755], 
          [-1.114, -1.192,  1.547,  0.833], 
          [-1.204, -1.138,  0.047,  0.703], 
          [-1.249, -1.168,  0.053,  0.743], 
          [-1.219, -1.333,  0.051,  0.634], 
          [-0.977, -1.245,  0.079,  0.717], 
          [-0.957, -1.303,  0.076,  0.705], 
          [-1.060, -1.383,  0.047,  0.698]
        ]
    },
    {
        "id": 2,
        "keypoints3d": [
          [ 1.021, -1.335,  1.583,  0.882], 
          [ 1.133, -1.405,  1.389,  0.858], 
          [ 1.250, -1.296,  1.392,  0.831], 
          [ 1.137, -1.158,  1.185,  0.797], 
          [ 0.969, -1.358,  1.191,  0.775], 
          [ 0.998, -1.523,  1.378,  0.825], 
          [ 0.911, -1.452,  1.144,  0.853], 
          [ 1.051, -1.253,  1.176,  0.729], 
          [ 1.087, -1.361,  0.853,  0.701], 
          [ 1.148, -1.281,  0.861,  0.689], 
          [ 1.174, -1.309,  0.472,  0.816], 
          [ 1.237, -1.349,  0.081,  0.782], 
          [ 1.018, -1.436,  0.850,  0.691], 
          [ 1.040, -1.437,  0.473,  0.703], 
          [ 1.070, -1.467,  0.101,  0.843], 
          [ 1.077, -1.313,  1.618,  0.907], 
          [ 1.011, -1.362,  1.614,  0.869], 
          [ 1.165, -1.339,  1.603,  0.890], 
          [ 1.047, -1.464,  1.584,  0.828], 
          [ 0.977, -1.356,  0.060,  0.714], 
          [ 0.959, -1.432,  0.057,  0.731], 
          [ 1.099, -1.483,  0.052,  0.707], 
          [ 1.117, -1.248,  0.045,  0.727], 
          [ 1.185, -1.223,  0.041,  0.735], 
          [ 1.252, -1.389,  0.038,  0.671]
        ]
    },
    {
        "id": 4,
        "keypoints3d": [
          [-0.626,  1.078,  1.580,  0.858], 
          [-0.703,  1.036,  1.426,  0.880], 
          [-0.615,  0.900,  1.458,  0.850], 
          [-0.617,  0.791,  1.217,  0.811], 
          [-0.621,  0.792,  0.967,  0.752], 
          [-0.801,  1.163,  1.406,  0.837], 
          [-0.851,  1.215,  1.123,  0.837], 
          [-0.801,  1.245,  0.865,  0.843], 
          [-0.684,  0.959,  0.916,  0.730], 
          [-0.616,  0.892,  0.929,  0.683], 
          [-0.571,  0.939,  0.536,  0.712], 
          [-0.679,  0.839,  0.172,  0.814], 
          [-0.750,  1.037,  0.908,  0.719], 
          [-0.756,  1.060,  0.503,  0.825], 
          [-0.779,  1.028,  0.112,  0.854], 
          [-0.643,  1.058,  1.610,  0.731], 
          [-0.585,  1.184,  1.619,  0.797], 
          [-0.645,  1.020,  1.632,  0.709], 
          [-0.682,  1.188,  1.614,  0.809], 
          [-0.682,  1.155,  0.032,  0.685], 
          [-0.740,  1.153,  0.033,  0.712], 
          [-0.792,  0.999,  0.072,  0.705], 
          [-0.609,  0.911,  0.031,  0.663], 
          [-0.595,  0.871,  0.049,  0.629], 
          [-0.707,  0.817,  0.141,  0.695]
        ]
    },
    {
        "id": 6,
        "keypoints3d": [
          [-0.410,  0.450,  1.417,  0.766], 
          [-0.264,  0.577,  1.279,  0.845], 
          [-0.321,  0.712,  1.288,  0.846], 
          [-0.286,  0.815,  1.061,  0.765], 
          [-0.309,  0.832,  0.832,  0.758], 
          [-0.206,  0.443,  1.275,  0.829], 
          [-0.188,  0.318,  1.062,  0.857], 
          [-0.272,  0.259,  0.873,  0.740], 
          [-0.319,  0.584,  0.776,  0.732], 
          [-0.347,  0.675,  0.774,  0.722], 
          [-0.340,  0.673,  0.405,  0.724], 
          [-0.185,  0.730,  0.120,  0.726], 
          [-0.298,  0.492,  0.783,  0.705], 
          [-0.466,  0.486,  0.463,  0.784], 
          [-0.478,  0.521,  0.120,  0.731], 
          [-0.434,  0.460,  1.450,  0.772], 
          [-0.381,  0.434,  1.446,  0.745], 
          [-0.397,  0.565,  1.480,  0.892], 
          [-0.281,  0.464,  1.471,  0.833], 
          [-0.622,  0.467,  0.048,  0.577], 
          [-0.588,  0.441,  0.052,  0.595], 
          [-0.425,  0.557,  0.036,  0.687], 
          [-0.336,  0.656,  0.028,  0.591], 
          [-0.300,  0.697,  0.029,  0.659], 
          [-0.135,  0.740,  0.096,  0.680]
        ]
    }
]
