[
    {
        "id": 0,
        "keypoints3d": [
          [-0.956, -1.152,  1.522,  0.898], 
          [-1.041, -1.282,  1.347,  0.866], 
          [-0.891, -1.361,  1.327,  0.848], 
          [-0.950, -1.430,  1.061,  0.793], 
          [-1.034, -1.423,  0.850,  0.769], 
          [-1.181, -1.196,  1.357,  0.849], 
          [-1.243, -1.235,  1.097,  0.785], 
          [-1.168, -1.364,  0.882,  0.780], 
          [-1.044, -1.274,  0.828,  0.749], 
          [-0.956, -1.331,  0.825,  0.720], 
          [-1.010, -1.347,  0.441,  0.785], 
          [-1.061, -1.361,  0.102,  0.823], 
          [-1.136, -1.224,  0.831,  0.739], 
          [-1.139, -1.203,  0.462,  0.814], 
          [-1.223, -1.292,  0.103,  0.794], 
          [-0.932, -1.184,  1.543,  0.742], 
          [-0.985, -1.159,  1.559,  0.862], 
          [-0.911, -1.264,  1.530,  0.767], 
          [-1.067, -1.201,  1.561,  0.851], 
          [-1.190, -1.145,  0.048,  0.752], 
          [-1.231, -1.160,  0.051,  0.773], 
          [-1.228, -1.331,  0.052,  0.705], 
          [-0.968, -1.262,  0.065,  0.824], 
          [-0.951, -1.324,  0.070,  0.707], 
          [-1.072, -1.380,  0.050,  0.666]
        ]
    },
    {
        "id": 2,
        "keypoints3d": [
          [ 1.033, -1.324,  1.581,  0.881], 
          [ 1.133, -1.402,  1.390,  0.852], 
          [ 1.241, -1.282,  1.392,  0.809], 
          [ 1.131, -1.156,  1.189,  0.837], 
          [ 1.004, -1.324,  1.197,  0.796], 
          [ 1.002, -1.522,  1.381,  0.803], 
          [ 0.913, -1.444,  1.143,  0.843], 
          [ 1.062, -1.250,  1.173,  0.739], 
          [ 1.095, -1.354,  0.864,  0.699], 
          [ 1.150, -1.272,  0.871,  0.699], 
          [ 1.178, -1.305,  0.476,  0.763], 
          [ 1.237, -1.348,  0.086,  0.794], 
          [ 1.021, -1.435,  0.862,  0.676], 
          [ 1.042, -1.434,  0.476,  0.720], 
          [ 1.075, -1.466,  0.107,  0.766], 
          [ 1.078, -1.302,  1.615,  0.808], 
          [ 1.016, -1.362,  1.608,  0.867], 
          [ 1.172, -1.328,  1.605,  0.894], 
          [ 1.064, -1.439,  1.577,  0.846], 
          [ 0.981, -1.356,  0.059,  0.716], 
          [ 0.959, -1.431,  0.060,  0.722], 
          [ 1.108, -1.486,  0.052,  0.701], 
          [ 1.115, -1.246,  0.053,  0.652], 
          [ 1.181, -1.222,  0.047,  0.724], 
          [ 1.247, -1.387,  0.039,  0.670]
        ]
    },
    {
        "id": 4,
        "keypoints3d": [
          [-0.659,  0.594,  1.588,  0.885], 
          [-0.624,  0.506,  1.421,  0.864], 
          [-0.496,  0.596,  1.420,  0.840], 
          [-0.457,  0.628,  1.148,  0.765], 
          [-0.485,  0.666,  0.896,  0.827], 
          [-0.740,  0.390,  1.422,  0.859], 
          [-0.783,  0.387,  1.162,  0.774], 
          [-0.795,  0.463,  0.947,  0.718], 
          [-0.650,  0.505,  0.883,  0.728], 
          [-0.563,  0.563,  0.879,  0.689], 
          [-0.594,  0.571,  0.495,  0.739], 
          [-0.636,  0.513,  0.109,  0.766], 
          [-0.734,  0.455,  0.888,  0.740], 
          [-0.809,  0.428,  0.520,  0.787], 
          [-0.699,  0.296,  0.151,  0.697], 
          [-0.630,  0.582,  1.617,  0.754], 
          [-0.603,  0.512,  1.596,  0.841], 
          [-0.589,  0.598,  1.621,  0.852], 
          [-0.760,  0.563,  1.629,  0.857], 
          [-0.805,  0.338,  0.025,  0.781], 
          [-0.798,  0.290,  0.040,  0.766], 
          [-0.648,  0.272,  0.114,  0.606], 
          [-0.686,  0.660,  0.048,  0.727], 
          [-0.646,  0.648,  0.040,  0.747], 
          [-0.632,  0.471,  0.060,  0.662]
        ]
    },
    {
        "id": 6,
        "keypoints3d": [
          [-0.111,  0.757,  1.472,  0.871], 
          [-0.074,  0.917,  1.306,  0.848], 
          [-0.215,  0.914,  1.307,  0.840], 
          [-0.287,  0.920,  1.065,  0.793], 
          [-0.308,  0.847,  0.851,  0.829], 
          [ 0.080,  0.948,  1.321,  0.801], 
          [ 0.156,  0.972,  1.080,  0.867], 
          [ 0.178,  0.920,  0.855,  0.875], 
          [-0.071,  0.917,  0.783,  0.756], 
          [-0.173,  0.913,  0.785,  0.757], 
          [-0.136,  0.920,  0.419,  0.813], 
          [-0.114,  0.959,  0.077,  0.803], 
          [ 0.028,  0.932,  0.788,  0.730], 
          [ 0.033,  0.903,  0.433,  0.803], 
          [ 0.053,  0.947,  0.089,  0.818], 
          [-0.137,  0.762,  1.509,  0.775], 
          [-0.087,  0.784,  1.511,  0.844], 
          [-0.169,  0.871,  1.519,  0.767], 
          [-0.001,  0.847,  1.520,  0.819], 
          [ 0.052,  0.794,  0.061,  0.671], 
          [ 0.102,  0.826,  0.056,  0.677], 
          [ 0.055,  0.989,  0.063,  0.741], 
          [-0.108,  0.824,  0.048,  0.660], 
          [-0.142,  0.854,  0.035,  0.638], 
          [-0.096,  0.991,  0.042,  0.636]
        ]
    }
]
