[
    {
        "id": 0,
        "keypoints3d": [
          [-1.032, -1.121,  1.522,  0.807], 
          [-1.068, -1.269,  1.357,  0.869], 
          [-0.910, -1.326,  1.356,  0.845], 
          [-0.915, -1.376,  1.085,  0.764], 
          [-1.004, -1.398,  0.861,  0.774], 
          [-1.229, -1.212,  1.360,  0.843], 
          [-1.277, -1.257,  1.092,  0.777], 
          [-1.240, -1.321,  0.887,  0.684], 
          [-1.070, -1.254,  0.830,  0.763], 
          [-0.980, -1.285,  0.823,  0.755], 
          [-1.021, -1.336,  0.459,  0.771], 
          [-1.044, -1.369,  0.106,  0.843], 
          [-1.164, -1.234,  0.837,  0.739], 
          [-1.189, -1.256,  0.451,  0.815], 
          [-1.224, -1.301,  0.089,  0.757], 
          [-1.012, -1.162,  1.564,  0.830], 
          [-1.072, -1.128,  1.561,  0.874], 
          [-0.985, -1.247,  1.557,  0.708], 
          [-1.137, -1.195,  1.545,  0.831], 
          [-1.199, -1.148,  0.056,  0.656], 
          [-1.247, -1.176,  0.058,  0.679], 
          [-1.222, -1.333,  0.052,  0.664], 
          [-0.989, -1.237,  0.085,  0.725], 
          [-0.958, -1.297,  0.079,  0.703], 
          [-1.057, -1.381,  0.050,  0.714]
        ]
    },
    {
        "id": 2,
        "keypoints3d": [
          [ 1.021, -1.335,  1.582,  0.882], 
          [ 1.133, -1.407,  1.389,  0.857], 
          [ 1.250, -1.295,  1.393,  0.829], 
          [ 1.136, -1.155,  1.192,  0.807], 
          [ 0.970, -1.356,  1.201,  0.799], 
          [ 0.998, -1.522,  1.377,  0.826], 
          [ 0.910, -1.446,  1.143,  0.856], 
          [ 1.060, -1.249,  1.183,  0.746], 
          [ 1.083, -1.365,  0.856,  0.712], 
          [ 1.145, -1.286,  0.862,  0.695], 
          [ 1.174, -1.310,  0.473,  0.818], 
          [ 1.236, -1.348,  0.081,  0.778], 
          [ 1.016, -1.439,  0.855,  0.698], 
          [ 1.037, -1.439,  0.469,  0.662], 
          [ 1.070, -1.467,  0.101,  0.843], 
          [ 1.077, -1.312,  1.618,  0.906], 
          [ 1.011, -1.362,  1.614,  0.869], 
          [ 1.164, -1.341,  1.602,  0.891], 
          [ 1.042, -1.463,  1.582,  0.829], 
          [ 0.977, -1.358,  0.057,  0.716], 
          [ 0.958, -1.434,  0.056,  0.732], 
          [ 1.104, -1.478,  0.052,  0.707], 
          [ 1.117, -1.247,  0.047,  0.730], 
          [ 1.185, -1.223,  0.041,  0.736], 
          [ 1.252, -1.389,  0.037,  0.674]
        ]
    },
    {
        "id": 4,
        "keypoints3d": [
          [-0.522,  1.173,  1.587,  0.846], 
          [-0.684,  1.074,  1.431,  0.879], 
          [-0.602,  0.943,  1.458,  0.857], 
          [-0.640,  0.819,  1.218,  0.758], 
          [-0.669,  0.802,  0.981,  0.763], 
          [-0.759,  1.216,  1.412,  0.835], 
          [-0.792,  1.271,  1.125,  0.739], 
          [-0.706,  1.311,  0.889,  0.843], 
          [-0.660,  1.017,  0.923,  0.708], 
          [-0.600,  0.937,  0.933,  0.676], 
          [-0.554,  0.989,  0.532,  0.731], 
          [-0.625,  0.955,  0.159,  0.840], 
          [-0.720,  1.109,  0.912,  0.720], 
          [-0.729,  1.098,  0.501,  0.799], 
          [-0.760,  1.048,  0.107,  0.801], 
          [-0.529,  1.160,  1.633,  0.761], 
          [-0.548,  1.216,  1.629,  0.725], 
          [-0.593,  1.070,  1.644,  0.810], 
          [-0.656,  1.208,  1.614,  0.698], 
          [-0.679,  1.155,  0.028,  0.702], 
          [-0.732,  1.155,  0.030,  0.641], 
          [-0.775,  1.011,  0.064,  0.634], 
          [-0.515,  1.042,  0.084,  0.641], 
          [-0.513,  0.985,  0.082,  0.630], 
          [-0.666,  0.930,  0.112,  0.716]
        ]
    },
    {
        "id": 6,
        "keypoints3d": [
          [-0.466,  0.408,  1.382,  0.899], 
          [-0.325,  0.514,  1.244,  0.826], 
          [-0.350,  0.652,  1.254,  0.813], 
          [-0.273,  0.749,  1.034,  0.800], 
          [-0.298,  0.776,  0.799,  0.863], 
          [-0.287,  0.365,  1.248,  0.811], 
          [-0.285,  0.229,  1.038,  0.760], 
          [-0.363,  0.166,  0.849,  0.866], 
          [-0.371,  0.511,  0.750,  0.723], 
          [-0.377,  0.611,  0.748,  0.723], 
          [-0.413,  0.640,  0.371,  0.736], 
          [-0.308,  0.743,  0.091,  0.788], 
          [-0.366,  0.415,  0.749,  0.701], 
          [-0.534,  0.383,  0.407,  0.676], 
          [-0.563,  0.307,  0.048,  0.639], 
          [-0.509,  0.433,  1.427,  0.860], 
          [-0.445,  0.398,  1.419,  0.788], 
          [-0.452,  0.518,  1.442,  0.800], 
          [-0.350,  0.416,  1.437,  0.798], 
          [-0.710,  0.344,  0.010,  0.642], 
          [-0.699,  0.284,  0.010,  0.630], 
          [-0.526,  0.313, -0.016,  0.642], 
          [-0.358,  0.740, -0.003,  0.634], 
          [-0.329,  0.765,  0.006,  0.644], 
          [-0.314,  0.761,  0.052,  0.699]
        ]
    }
]
