[
    {
        "id": 0,
        "keypoints3d": [
          [ 1.031, -1.329,  1.581,  0.883], 
          [ 1.132, -1.406,  1.388,  0.861], 
          [ 1.250, -1.296,  1.392,  0.829], 
          [ 1.135, -1.160,  1.186,  0.797], 
          [ 0.969, -1.356,  1.196,  0.814], 
          [ 0.998, -1.522,  1.377,  0.825], 
          [ 0.909, -1.448,  1.146,  0.849], 
          [ 1.057, -1.250,  1.177,  0.747], 
          [ 1.088, -1.357,  0.858,  0.723], 
          [ 1.153, -1.279,  0.867,  0.708], 
          [ 1.175, -1.310,  0.472,  0.815], 
          [ 1.235, -1.348,  0.082,  0.776], 
          [ 1.022, -1.434,  0.857,  0.707], 
          [ 1.037, -1.439,  0.469,  0.663], 
          [ 1.072, -1.467,  0.101,  0.845], 
          [ 1.080, -1.306,  1.620,  0.909], 
          [ 1.016, -1.365,  1.613,  0.873], 
          [ 1.170, -1.335,  1.604,  0.893], 
          [ 1.048, -1.464,  1.589,  0.838], 
          [ 0.976, -1.360,  0.063,  0.717], 
          [ 0.958, -1.432,  0.058,  0.730], 
          [ 1.102, -1.482,  0.052,  0.706], 
          [ 1.117, -1.246,  0.048,  0.725], 
          [ 1.184, -1.222,  0.042,  0.729], 
          [ 1.253, -1.388,  0.038,  0.673]
        ]
    },
    {
        "id": 2,
        "keypoints3d": [
          [-0.954, -1.135,  1.523,  0.815], 
          [-1.010, -1.276,  1.358,  0.855], 
          [-0.860, -1.343,  1.344,  0.855], 
          [-0.887, -1.406,  1.073,  0.723], 
          [-0.992, -1.420,  0.865,  0.733], 
          [-1.163, -1.210,  1.367,  0.838], 
          [-1.222, -1.265,  1.108,  0.808], 
          [-1.174, -1.343,  0.888,  0.708], 
          [-1.042, -1.270,  0.839,  0.764], 
          [-0.947, -1.310,  0.833,  0.741], 
          [-1.010, -1.338,  0.449,  0.791], 
          [-1.069, -1.353,  0.091,  0.825], 
          [-1.135, -1.237,  0.843,  0.741], 
          [-1.165, -1.253,  0.459,  0.766], 
          [-1.213, -1.300,  0.084,  0.772], 
          [-0.931, -1.156,  1.556,  0.807], 
          [-0.995, -1.146,  1.564,  0.864], 
          [-0.920, -1.259,  1.540,  0.804], 
          [-1.070, -1.196,  1.554,  0.839], 
          [-1.193, -1.139,  0.051,  0.703], 
          [-1.249, -1.166,  0.051,  0.742], 
          [-1.218, -1.331,  0.050,  0.697], 
          [-0.976, -1.248,  0.078,  0.801], 
          [-0.955, -1.303,  0.078,  0.776], 
          [-1.084, -1.366,  0.034,  0.672]
        ]
    },
    {
        "id": 4,
        "keypoints3d": [
          [-0.259,  0.568,  1.414,  0.793], 
          [-0.210,  0.643,  1.283,  0.838], 
          [-0.298,  0.766,  1.297,  0.803], 
          [-0.288,  0.823,  1.065,  0.789], 
          [-0.313,  0.805,  0.818,  0.791], 
          [-0.137,  0.522,  1.266,  0.846], 
          [-0.129,  0.463,  1.014,  0.784], 
          [-0.214,  0.431,  0.802,  0.743], 
          [-0.262,  0.656,  0.780,  0.725], 
          [-0.306,  0.742,  0.779,  0.697], 
          [-0.333,  0.726,  0.397,  0.762], 
          [-0.247,  0.682,  0.081,  0.696], 
          [-0.216,  0.579,  0.769,  0.730], 
          [-0.311,  0.573,  0.393,  0.742], 
          [-0.270,  0.697,  0.107,  0.715], 
          [-0.318,  0.546,  1.463,  0.779], 
          [-0.214,  0.558,  1.449,  0.806], 
          [-0.306,  0.639,  1.479,  0.917], 
          [-0.179,  0.556,  1.464,  0.809], 
          [-0.373,  0.760, -0.092,  0.625], 
          [-0.383,  0.759, -0.110,  0.619], 
          [-0.253,  0.722,  0.088,  0.608], 
          [-0.355,  0.634, -0.041,  0.578], 
          [-0.339,  0.650, -0.023,  0.588], 
          [-0.223,  0.642,  0.004,  0.629]
        ]
    },
    {
        "id": 6,
        "keypoints3d": [
          [-0.591,  1.090,  1.585,  0.873], 
          [-0.697,  0.931,  1.415,  0.928], 
          [-0.572,  0.836,  1.433,  0.864], 
          [-0.527,  0.729,  1.165,  0.823], 
          [-0.458,  0.775,  0.864,  0.785], 
          [-0.838,  1.009,  1.404,  0.882], 
          [-0.910,  1.022,  1.119,  0.855], 
          [-0.913,  1.052,  0.860,  0.860], 
          [-0.690,  0.889,  0.895,  0.744], 
          [-0.591,  0.844,  0.891,  0.762], 
          [-0.608,  0.848,  0.507,  0.845], 
          [-0.666,  0.651,  0.212,  0.854], 
          [-0.783,  0.946,  0.889,  0.733], 
          [-0.783,  1.009,  0.487,  0.866], 
          [-0.777,  1.022,  0.111,  0.845], 
          [-0.575,  1.041,  1.602,  0.608], 
          [-0.630,  1.082,  1.597,  0.844], 
          [-0.599,  0.959,  1.622,  0.855], 
          [-0.720,  1.055,  1.612,  0.740], 
          [-0.681,  1.135,  0.023,  0.687], 
          [-0.740,  1.140,  0.031,  0.719], 
          [-0.788,  1.001,  0.047,  0.701], 
          [-0.640,  0.747,  0.081,  0.706], 
          [-0.606,  0.710,  0.098,  0.695], 
          [-0.680,  0.591,  0.187,  0.768]
        ]
    }
]
