[
    {
        "id": 0,
        "keypoints3d": [
          [ 1.032, -1.330,  1.586,  0.884], 
          [ 1.130, -1.409,  1.388,  0.854], 
          [ 1.245, -1.293,  1.392,  0.820], 
          [ 1.135, -1.153,  1.188,  0.772], 
          [ 0.968, -1.357,  1.200,  0.821], 
          [ 1.002, -1.518,  1.380,  0.821], 
          [ 0.907, -1.447,  1.149,  0.846], 
          [ 1.037, -1.268,  1.174,  0.748], 
          [ 1.092, -1.359,  0.859,  0.680], 
          [ 1.152, -1.279,  0.865,  0.668], 
          [ 1.175, -1.308,  0.474,  0.817], 
          [ 1.236, -1.349,  0.085,  0.777], 
          [ 1.022, -1.435,  0.860,  0.674], 
          [ 1.039, -1.435,  0.472,  0.703], 
          [ 1.071, -1.466,  0.103,  0.842], 
          [ 1.077, -1.311,  1.621,  0.788], 
          [ 1.016, -1.363,  1.615,  0.863], 
          [ 1.170, -1.331,  1.604,  0.891], 
          [ 1.054, -1.461,  1.588,  0.835], 
          [ 0.975, -1.360,  0.059,  0.717], 
          [ 0.958, -1.430,  0.061,  0.723], 
          [ 1.109, -1.480,  0.053,  0.706], 
          [ 1.117, -1.247,  0.048,  0.726], 
          [ 1.183, -1.223,  0.045,  0.732], 
          [ 1.248, -1.387,  0.039,  0.673]
        ]
    },
    {
        "id": 2,
        "keypoints3d": [
          [-0.941, -1.148,  1.524,  0.894], 
          [-1.010, -1.278,  1.354,  0.854], 
          [-0.867, -1.356,  1.339,  0.848], 
          [-0.915, -1.424,  1.071,  0.777], 
          [-1.012, -1.414,  0.853,  0.775], 
          [-1.149, -1.191,  1.367,  0.853], 
          [-1.209, -1.228,  1.108,  0.776], 
          [-1.131, -1.345,  0.883,  0.770], 
          [-1.033, -1.267,  0.826,  0.757], 
          [-0.947, -1.325,  0.822,  0.717], 
          [-1.009, -1.346,  0.438,  0.786], 
          [-1.055, -1.359,  0.090,  0.791], 
          [-1.116, -1.218,  0.827,  0.730], 
          [-1.147, -1.226,  0.455,  0.818], 
          [-1.222, -1.290,  0.092,  0.784], 
          [-0.902, -1.179,  1.546,  0.820], 
          [-0.967, -1.148,  1.563,  0.876], 
          [-0.889, -1.258,  1.539,  0.790], 
          [-1.041, -1.196,  1.556,  0.854], 
          [-1.193, -1.142,  0.041,  0.765], 
          [-1.238, -1.158,  0.044,  0.793], 
          [-1.230, -1.330,  0.053,  0.728], 
          [-0.968, -1.252,  0.068,  0.820], 
          [-0.949, -1.316,  0.069,  0.793], 
          [-1.074, -1.370,  0.037,  0.646]
        ]
    },
    {
        "id": 4,
        "keypoints3d": [
          [-0.219,  0.719,  1.429,  0.792], 
          [-0.101,  0.793,  1.291,  0.814], 
          [-0.231,  0.868,  1.298,  0.800], 
          [-0.279,  0.931,  1.050,  0.753], 
          [-0.323,  0.914,  0.820,  0.768], 
          [ 0.009,  0.695,  1.271,  0.811], 
          [ 0.047,  0.668,  0.997,  0.832], 
          [-0.051,  0.695,  0.733,  0.749], 
          [-0.118,  0.818,  0.779,  0.720], 
          [-0.203,  0.849,  0.782,  0.712], 
          [-0.268,  0.765,  0.439,  0.721], 
          [-0.197,  0.727,  0.098,  0.773], 
          [-0.029,  0.782,  0.779,  0.703], 
          [-0.011,  0.827,  0.426,  0.769], 
          [ 0.052,  0.943,  0.082,  0.744], 
          [-0.182,  0.589,  1.467,  0.839], 
          [-0.165,  0.727,  1.443,  0.847], 
          [-0.219,  0.746,  1.496,  0.840], 
          [-0.051,  0.698,  1.471,  0.917], 
          [ 0.056,  0.791,  0.043,  0.662], 
          [ 0.099,  0.823,  0.045,  0.671], 
          [ 0.068,  0.985,  0.062,  0.707], 
          [-0.333,  0.661,  0.046,  0.720], 
          [-0.310,  0.695,  0.054,  0.754], 
          [-0.164,  0.729,  0.064,  0.704]
        ]
    },
    {
        "id": 6,
        "keypoints3d": [
          [-0.632,  0.883,  1.588,  0.757], 
          [-0.670,  0.705,  1.416,  0.882], 
          [-0.514,  0.699,  1.428,  0.834], 
          [-0.463,  0.666,  1.147,  0.821], 
          [-0.460,  0.713,  0.910,  0.782], 
          [-0.828,  0.706,  1.406,  0.825], 
          [-0.881,  0.710,  1.126,  0.818], 
          [-0.875,  0.804,  0.905,  0.814], 
          [-0.671,  0.698,  0.884,  0.770], 
          [-0.577,  0.709,  0.889,  0.735], 
          [-0.584,  0.662,  0.508,  0.754], 
          [-0.630,  0.548,  0.141,  0.739], 
          [-0.766,  0.691,  0.881,  0.743], 
          [-0.781,  0.788,  0.478,  0.738], 
          [-0.782,  0.835,  0.095,  0.778], 
          [-0.616,  0.870,  1.621,  0.767], 
          [-0.679,  0.892,  1.626,  0.880], 
          [-0.575,  0.790,  1.628,  0.864], 
          [-0.738,  0.801,  1.622,  0.745], 
          [-0.756,  1.012,  0.032,  0.672], 
          [-0.803,  1.015,  0.039,  0.697], 
          [-0.779,  0.852,  0.050,  0.724], 
          [-0.677,  0.654,  0.024,  0.758], 
          [-0.638,  0.625,  0.031,  0.751], 
          [-0.646,  0.489,  0.090,  0.692]
        ]
    }
]
