[
    {
        "id": 0,
        "keypoints3d": [
          [ 1.028, -1.330,  1.586,  0.887], 
          [ 1.132, -1.406,  1.388,  0.858], 
          [ 1.248, -1.292,  1.391,  0.824], 
          [ 1.137, -1.156,  1.185,  0.765], 
          [ 0.973, -1.357,  1.194,  0.806], 
          [ 0.997, -1.519,  1.380,  0.821], 
          [ 0.914, -1.449,  1.146,  0.842], 
          [ 1.054, -1.247,  1.174,  0.751], 
          [ 1.081, -1.364,  0.851,  0.720], 
          [ 1.146, -1.283,  0.859,  0.705], 
          [ 1.177, -1.310,  0.473,  0.746], 
          [ 1.235, -1.350,  0.082,  0.789], 
          [ 1.011, -1.442,  0.852,  0.703], 
          [ 1.032, -1.442,  0.469,  0.677], 
          [ 1.072, -1.467,  0.106,  0.845], 
          [ 1.077, -1.311,  1.624,  0.790], 
          [ 1.015, -1.363,  1.615,  0.863], 
          [ 1.168, -1.331,  1.604,  0.898], 
          [ 1.062, -1.447,  1.577,  0.839], 
          [ 0.977, -1.361,  0.062,  0.719], 
          [ 0.959, -1.431,  0.062,  0.728], 
          [ 1.105, -1.483,  0.052,  0.705], 
          [ 1.116, -1.247,  0.048,  0.728], 
          [ 1.183, -1.223,  0.045,  0.738], 
          [ 1.248, -1.388,  0.039,  0.673]
        ]
    },
    {
        "id": 2,
        "keypoints3d": [
          [-0.946, -1.142,  1.521,  0.904], 
          [-1.012, -1.275,  1.355,  0.860], 
          [-0.865, -1.352,  1.340,  0.856], 
          [-0.903, -1.421,  1.073,  0.798], 
          [-0.995, -1.421,  0.859,  0.798], 
          [-1.146, -1.193,  1.365,  0.849], 
          [-1.220, -1.236,  1.110,  0.800], 
          [-1.145, -1.329,  0.888,  0.646], 
          [-1.035, -1.265,  0.830,  0.767], 
          [-0.952, -1.320,  0.827,  0.729], 
          [-1.007, -1.341,  0.444,  0.807], 
          [-1.062, -1.354,  0.094,  0.807], 
          [-1.130, -1.224,  0.833,  0.746], 
          [-1.158, -1.231,  0.455,  0.813], 
          [-1.222, -1.286,  0.093,  0.775], 
          [-0.915, -1.177,  1.552,  0.854], 
          [-0.976, -1.147,  1.561,  0.784], 
          [-0.897, -1.266,  1.543,  0.795], 
          [-1.054, -1.195,  1.556,  0.863], 
          [-1.191, -1.143,  0.037,  0.758], 
          [-1.239, -1.158,  0.043,  0.792], 
          [-1.227, -1.328,  0.050,  0.733], 
          [-0.969, -1.256,  0.065,  0.825], 
          [-0.956, -1.320,  0.068,  0.794], 
          [-1.082, -1.368,  0.038,  0.654]
        ]
    },
    {
        "id": 4,
        "keypoints3d": [
          [-0.228,  0.594,  1.403,  0.788], 
          [-0.141,  0.732,  1.270,  0.850], 
          [-0.249,  0.842,  1.276,  0.839], 
          [-0.277,  0.928,  1.045,  0.729], 
          [-0.300,  0.932,  0.814,  0.797], 
          [-0.034,  0.652,  1.270,  0.829], 
          [ 0.019,  0.601,  1.030,  0.808], 
          [-0.046,  0.529,  0.824,  0.870], 
          [-0.171,  0.738,  0.753,  0.747], 
          [-0.245,  0.791,  0.755,  0.722], 
          [-0.287,  0.728,  0.417,  0.744], 
          [-0.193,  0.714,  0.095,  0.758], 
          [-0.092,  0.682,  0.751,  0.740], 
          [-0.089,  0.700,  0.397,  0.784], 
          [ 0.028,  0.883,  0.145,  0.834], 
          [-0.249,  0.600,  1.451,  0.722], 
          [-0.180,  0.580,  1.448,  0.894], 
          [-0.262,  0.691,  1.479,  0.863], 
          [-0.098,  0.628,  1.462,  0.929], 
          [ 0.000,  0.794,  0.036,  0.570], 
          [ 0.065,  0.813,  0.057,  0.604], 
          [ 0.064,  0.933,  0.142,  0.706], 
          [-0.324,  0.647,  0.036,  0.662], 
          [-0.307,  0.681,  0.042,  0.703], 
          [-0.154,  0.713,  0.056,  0.756]
        ]
    },
    {
        "id": 6,
        "keypoints3d": [
          [-0.628,  0.967,  1.565,  0.780], 
          [-0.681,  0.792,  1.406,  0.876], 
          [-0.532,  0.742,  1.408,  0.817], 
          [-0.482,  0.693,  1.156,  0.839], 
          [-0.459,  0.718,  0.904,  0.871], 
          [-0.841,  0.834,  1.399,  0.840], 
          [-0.895,  0.830,  1.119,  0.844], 
          [-0.913,  0.902,  0.876,  0.875], 
          [-0.678,  0.765,  0.875,  0.728], 
          [-0.580,  0.728,  0.871,  0.708], 
          [-0.609,  0.694,  0.501,  0.774], 
          [-0.642,  0.562,  0.144,  0.790], 
          [-0.779,  0.797,  0.880,  0.720], 
          [-0.782,  0.894,  0.496,  0.822], 
          [-0.785,  1.004,  0.112,  0.842], 
          [-0.601,  0.972,  1.614,  0.793], 
          [-0.659,  0.958,  1.607,  0.792], 
          [-0.580,  0.848,  1.623,  0.761], 
          [-0.733,  0.900,  1.623,  0.799], 
          [-0.684,  1.143,  0.034,  0.659], 
          [-0.742,  1.132,  0.038,  0.696], 
          [-0.791,  0.985,  0.051,  0.707], 
          [-0.673,  0.677,  0.041,  0.715], 
          [-0.637,  0.642,  0.049,  0.702], 
          [-0.654,  0.489,  0.100,  0.670]
        ]
    }
]
