[
    {
        "id": 0,
        "keypoints3d": [
          [ 1.018, -1.337,  1.583,  0.881], 
          [ 1.133, -1.407,  1.389,  0.856], 
          [ 1.250, -1.295,  1.393,  0.828], 
          [ 1.134, -1.156,  1.188,  0.813], 
          [ 0.971, -1.356,  1.199,  0.816], 
          [ 0.999, -1.523,  1.377,  0.825], 
          [ 0.913, -1.444,  1.143,  0.856], 
          [ 1.061, -1.249,  1.181,  0.736], 
          [ 1.083, -1.362,  0.859,  0.700], 
          [ 1.151, -1.281,  0.866,  0.687], 
          [ 1.174, -1.310,  0.472,  0.819], 
          [ 1.237, -1.349,  0.081,  0.782], 
          [ 1.017, -1.439,  0.860,  0.690], 
          [ 1.040, -1.438,  0.472,  0.702], 
          [ 1.069, -1.468,  0.101,  0.843], 
          [ 1.076, -1.308,  1.619,  0.903], 
          [ 1.012, -1.362,  1.614,  0.869], 
          [ 1.167, -1.337,  1.603,  0.889], 
          [ 1.043, -1.463,  1.581,  0.822], 
          [ 0.978, -1.355,  0.063,  0.719], 
          [ 0.958, -1.433,  0.056,  0.733], 
          [ 1.104, -1.479,  0.052,  0.709], 
          [ 1.118, -1.242,  0.048,  0.728], 
          [ 1.185, -1.223,  0.041,  0.733], 
          [ 1.252, -1.389,  0.038,  0.676]
        ]
    },
    {
        "id": 2,
        "keypoints3d": [
          [-0.498,  1.188,  1.582,  0.832], 
          [-0.656,  1.106,  1.430,  0.875], 
          [-0.598,  0.954,  1.455,  0.842], 
          [-0.642,  0.867,  1.202,  0.787], 
          [-0.673,  0.858,  0.945,  0.757], 
          [-0.726,  1.254,  1.407,  0.849], 
          [-0.730,  1.315,  1.120,  0.840], 
          [-0.624,  1.352,  0.889,  0.825], 
          [-0.648,  1.062,  0.914,  0.712], 
          [-0.609,  0.961,  0.923,  0.659], 
          [-0.548,  0.998,  0.537,  0.694], 
          [-0.551,  1.038,  0.139,  0.710], 
          [-0.696,  1.151,  0.907,  0.685], 
          [-0.708,  1.120,  0.495,  0.781], 
          [-0.744,  1.066,  0.102,  0.791], 
          [-0.488,  1.146,  1.637,  0.869], 
          [-0.498,  1.221,  1.629,  0.729], 
          [-0.564,  1.086,  1.640,  0.848], 
          [-0.609,  1.229,  1.618,  0.733], 
          [-0.635,  1.182,  0.011,  0.711], 
          [-0.675,  1.198,  0.021,  0.729], 
          [-0.774,  1.014,  0.063,  0.720], 
          [-0.399,  1.105,  0.066,  0.585], 
          [-0.418,  1.052,  0.075,  0.579], 
          [-0.574,  1.050,  0.079,  0.655]
        ]
    },
    {
        "id": 4,
        "keypoints3d": [
          [-1.058, -1.123,  1.525,  0.812], 
          [-1.087, -1.264,  1.352,  0.854], 
          [-0.942, -1.312,  1.355,  0.853], 
          [-0.930, -1.370,  1.085,  0.776], 
          [-1.026, -1.399,  0.866,  0.778], 
          [-1.247, -1.218,  1.355,  0.840], 
          [-1.298, -1.281,  1.096,  0.806], 
          [-1.242, -1.317,  0.874,  0.726], 
          [-1.086, -1.247,  0.839,  0.745], 
          [-0.995, -1.271,  0.835,  0.745], 
          [-1.026, -1.324,  0.460,  0.797], 
          [-1.055, -1.363,  0.104,  0.767], 
          [-1.187, -1.225,  0.840,  0.722], 
          [-1.199, -1.257,  0.459,  0.837], 
          [-1.234, -1.293,  0.094,  0.840], 
          [-1.037, -1.150,  1.568,  0.848], 
          [-1.097, -1.142,  1.559,  0.851], 
          [-1.018, -1.248,  1.564,  0.708], 
          [-1.163, -1.193,  1.542,  0.800], 
          [-1.198, -1.140,  0.049,  0.647], 
          [-1.248, -1.169,  0.048,  0.680], 
          [-1.231, -1.326,  0.049,  0.651], 
          [-0.982, -1.232,  0.085,  0.705], 
          [-0.958, -1.289,  0.076,  0.680], 
          [-1.066, -1.382,  0.049,  0.708]
        ]
    },
    {
        "id": 6,
        "keypoints3d": [
          [-0.532,  0.386,  1.359,  0.848], 
          [-0.384,  0.452,  1.208,  0.852], 
          [-0.389,  0.586,  1.200,  0.775], 
          [-0.313,  0.668,  0.998,  0.779], 
          [-0.320,  0.645,  0.762,  0.819], 
          [-0.364,  0.299,  1.218,  0.850], 
          [-0.354,  0.155,  1.008,  0.832], 
          [-0.426,  0.081,  0.811,  0.859], 
          [-0.424,  0.420,  0.696,  0.736], 
          [-0.420,  0.520,  0.696,  0.707], 
          [-0.379,  0.665,  0.346,  0.728], 
          [-0.231,  0.655,  0.060,  0.775], 
          [-0.439,  0.315,  0.708,  0.741], 
          [-0.636,  0.301,  0.415,  0.667], 
          [-0.659,  0.230,  0.083,  0.848], 
          [-0.533,  0.426,  1.394,  0.902], 
          [-0.500,  0.372,  1.391,  0.826], 
          [-0.477,  0.510,  1.404,  0.754], 
          [-0.410,  0.367,  1.403,  0.762], 
          [-0.828,  0.238,  0.041,  0.789], 
          [-0.794,  0.190,  0.049,  0.811], 
          [-0.631,  0.236,  0.045,  0.765], 
          [-0.271,  0.775, -0.010,  0.722], 
          [-0.242,  0.766, -0.006,  0.740], 
          [-0.204,  0.638,  0.029,  0.689]
        ]
    }
]
