[
    {
        "id": 0,
        "keypoints3d": [
          [ 1.016, -1.338,  1.581,  0.879], 
          [ 1.132, -1.410,  1.388,  0.855], 
          [ 1.249, -1.296,  1.393,  0.822], 
          [ 1.134, -1.159,  1.186,  0.813], 
          [ 0.974, -1.356,  1.199,  0.820], 
          [ 1.001, -1.523,  1.378,  0.827], 
          [ 0.914, -1.448,  1.142,  0.857], 
          [ 1.060, -1.248,  1.177,  0.751], 
          [ 1.090, -1.361,  0.862,  0.726], 
          [ 1.148, -1.282,  0.867,  0.711], 
          [ 1.173, -1.310,  0.475,  0.753], 
          [ 1.240, -1.351,  0.083,  0.783], 
          [ 1.021, -1.437,  0.859,  0.715], 
          [ 1.036, -1.439,  0.472,  0.702], 
          [ 1.070, -1.466,  0.103,  0.841], 
          [ 1.072, -1.299,  1.620,  0.896], 
          [ 1.010, -1.362,  1.612,  0.865], 
          [ 1.161, -1.342,  1.601,  0.900], 
          [ 1.044, -1.463,  1.584,  0.829], 
          [ 0.978, -1.355,  0.063,  0.716], 
          [ 0.959, -1.433,  0.057,  0.730], 
          [ 1.107, -1.477,  0.053,  0.702], 
          [ 1.117, -1.248,  0.047,  0.721], 
          [ 1.184, -1.224,  0.041,  0.728], 
          [ 1.253, -1.388,  0.038,  0.670]
        ]
    },
    {
        "id": 2,
        "keypoints3d": [
          [-1.254, -1.146,  1.526,  0.868], 
          [-1.190, -1.277,  1.346,  0.897], 
          [-1.034, -1.272,  1.352,  0.860], 
          [-1.011, -1.330,  1.074,  0.797], 
          [-1.062, -1.368,  0.867,  0.723], 
          [-1.356, -1.273,  1.347,  0.843], 
          [-1.379, -1.327,  1.086,  0.760], 
          [-1.326, -1.351,  0.855,  0.633], 
          [-1.179, -1.231,  0.820,  0.754], 
          [-1.085, -1.233,  0.820,  0.745], 
          [-1.065, -1.227,  0.459,  0.822], 
          [-1.079, -1.299,  0.113,  0.847], 
          [-1.280, -1.249,  0.818,  0.735], 
          [-1.260, -1.268,  0.446,  0.790], 
          [-1.219, -1.304,  0.083,  0.833], 
          [-1.219, -1.154,  1.559,  0.901], 
          [-1.274, -1.186,  1.563,  0.773], 
          [-1.120, -1.181,  1.542,  0.862], 
          [-1.266, -1.283,  1.540,  0.811], 
          [-1.203, -1.152,  0.037,  0.737], 
          [-1.247, -1.172,  0.041,  0.754], 
          [-1.209, -1.350,  0.042,  0.610], 
          [-0.989, -1.194,  0.081,  0.704], 
          [-0.968, -1.237,  0.090,  0.699], 
          [-1.093, -1.326,  0.070,  0.723]
        ]
    },
    {
        "id": 4,
        "keypoints3d": [
          [-0.162,  1.164,  1.582,  0.769], 
          [-0.368,  1.184,  1.413,  0.838], 
          [-0.357,  1.027,  1.408,  0.798], 
          [-0.377,  0.997,  1.127,  0.800], 
          [-0.311,  1.005,  0.891,  0.819], 
          [-0.377,  1.344,  1.422,  0.845], 
          [-0.436,  1.396,  1.142,  0.726], 
          [-0.409,  1.439,  0.909,  0.834], 
          [-0.365,  1.210,  0.880,  0.720], 
          [-0.354,  1.110,  0.872,  0.680], 
          [-0.336,  1.159,  0.476,  0.855], 
          [-0.382,  1.213,  0.094,  0.832], 
          [-0.386,  1.299,  0.882,  0.702], 
          [-0.349,  1.337,  0.495,  0.839], 
          [-0.601,  1.234,  0.246,  0.809], 
          [-0.202,  1.129,  1.620,  0.757], 
          [-0.172,  1.194,  1.619,  0.866], 
          [-0.277,  1.092,  1.614,  0.719], 
          [-0.250,  1.238,  1.627,  0.850], 
          [-0.561,  1.248,  0.052,  0.624], 
          [-0.589,  1.262,  0.083,  0.616], 
          [-0.643,  1.206,  0.235,  0.631], 
          [-0.199,  1.244,  0.054,  0.776], 
          [-0.236,  1.195,  0.041,  0.729], 
          [-0.407,  1.229,  0.053,  0.780]
        ]
    },
    {
        "id": 6,
        "keypoints3d": [
          [-0.586,  0.238,  1.033,  0.880], 
          [-0.373,  0.165,  0.923,  0.868], 
          [-0.313,  0.307,  0.918,  0.838], 
          [-0.079,  0.321,  0.874,  0.786], 
          [-0.118,  0.294,  0.669,  0.769], 
          [-0.436,  0.029,  0.941,  0.793], 
          [-0.410, -0.179,  0.849,  0.766], 
          [-0.468, -0.129,  0.658,  0.826], 
          [-0.342,  0.128,  0.460,  0.726], 
          [-0.304,  0.217,  0.468,  0.726], 
          [-0.546,  0.511,  0.400,  0.803], 
          [-0.340,  0.501,  0.100,  0.772], 
          [-0.392,  0.027,  0.465,  0.681], 
          [-0.746,  0.145,  0.434,  0.840], 
          [-0.682,  0.203,  0.099,  0.817], 
          [-0.572,  0.274,  1.049,  0.746], 
          [-0.572,  0.209,  1.062,  0.766], 
          [-0.476,  0.319,  1.056,  0.741], 
          [-0.502,  0.151,  1.069,  0.829], 
          [-0.830,  0.236,  0.036,  0.755], 
          [-0.800,  0.190,  0.038,  0.743], 
          [-0.640,  0.222,  0.049,  0.684], 
          [-0.337,  0.647,  0.066,  0.713], 
          [-0.285,  0.618,  0.067,  0.765], 
          [-0.307,  0.455,  0.054,  0.702]
        ]
    }
]
