[
    {
        "id": 0,
        "keypoints3d": [
          [ 1.016, -1.338,  1.581,  0.883], 
          [ 1.133, -1.408,  1.388,  0.856], 
          [ 1.250, -1.295,  1.393,  0.824], 
          [ 1.135, -1.160,  1.185,  0.814], 
          [ 0.971, -1.357,  1.199,  0.815], 
          [ 1.001, -1.523,  1.378,  0.828], 
          [ 0.914, -1.448,  1.142,  0.857], 
          [ 1.059, -1.252,  1.178,  0.752], 
          [ 1.091, -1.362,  0.862,  0.727], 
          [ 1.148, -1.283,  0.866,  0.712], 
          [ 1.173, -1.310,  0.475,  0.754], 
          [ 1.236, -1.350,  0.083,  0.786], 
          [ 1.021, -1.437,  0.859,  0.715], 
          [ 1.039, -1.440,  0.472,  0.704], 
          [ 1.070, -1.466,  0.103,  0.842], 
          [ 1.072, -1.299,  1.620,  0.898], 
          [ 1.011, -1.363,  1.612,  0.865], 
          [ 1.161, -1.342,  1.601,  0.898], 
          [ 1.044, -1.463,  1.584,  0.830], 
          [ 0.978, -1.355,  0.063,  0.715], 
          [ 0.959, -1.433,  0.057,  0.730], 
          [ 1.107, -1.477,  0.053,  0.702], 
          [ 1.117, -1.249,  0.047,  0.720], 
          [ 1.184, -1.224,  0.041,  0.725], 
          [ 1.253, -1.388,  0.038,  0.671]
        ]
    },
    {
        "id": 2,
        "keypoints3d": [
          [-1.242, -1.143,  1.523,  0.865], 
          [-1.188, -1.277,  1.346,  0.895], 
          [-1.029, -1.271,  1.352,  0.870], 
          [-1.006, -1.332,  1.069,  0.801], 
          [-1.059, -1.364,  0.855,  0.711], 
          [-1.353, -1.275,  1.344,  0.840], 
          [-1.377, -1.324,  1.081,  0.747], 
          [-1.316, -1.359,  0.857,  0.691], 
          [-1.179, -1.227,  0.823,  0.760], 
          [-1.081, -1.235,  0.824,  0.746], 
          [-1.051, -1.222,  0.460,  0.831], 
          [-1.083, -1.300,  0.113,  0.852], 
          [-1.279, -1.245,  0.819,  0.736], 
          [-1.261, -1.264,  0.438,  0.798], 
          [-1.221, -1.300,  0.083,  0.845], 
          [-1.210, -1.144,  1.557,  0.897], 
          [-1.267, -1.177,  1.560,  0.771], 
          [-1.120, -1.178,  1.541,  0.864], 
          [-1.266, -1.278,  1.539,  0.686], 
          [-1.205, -1.147,  0.040,  0.761], 
          [-1.247, -1.171,  0.044,  0.777], 
          [-1.211, -1.341,  0.043,  0.613], 
          [-0.985, -1.198,  0.082,  0.694], 
          [-0.968, -1.237,  0.093,  0.687], 
          [-1.098, -1.323,  0.070,  0.733]
        ]
    },
    {
        "id": 4,
        "keypoints3d": [
          [-0.193,  1.160,  1.579,  0.755], 
          [-0.375,  1.179,  1.412,  0.870], 
          [-0.365,  1.027,  1.409,  0.821], 
          [-0.377,  0.984,  1.137,  0.716], 
          [-0.320,  0.968,  0.928,  0.715], 
          [-0.398,  1.343,  1.421,  0.842], 
          [-0.467,  1.400,  1.150,  0.759], 
          [-0.427,  1.427,  0.911,  0.864], 
          [-0.386,  1.207,  0.883,  0.721], 
          [-0.367,  1.099,  0.878,  0.705], 
          [-0.344,  1.158,  0.481,  0.847], 
          [-0.377,  1.222,  0.097,  0.812], 
          [-0.417,  1.304,  0.888,  0.712], 
          [-0.409,  1.329,  0.494,  0.833], 
          [-0.644,  1.190,  0.242,  0.805], 
          [-0.205,  1.121,  1.618,  0.709], 
          [-0.185,  1.199,  1.617,  0.853], 
          [-0.306,  1.093,  1.609,  0.733], 
          [-0.270,  1.246,  1.631,  0.817], 
          [-0.596,  1.217,  0.064,  0.642], 
          [-0.631,  1.243,  0.087,  0.641], 
          [-0.693,  1.148,  0.232,  0.693], 
          [-0.199,  1.247,  0.060,  0.756], 
          [-0.231,  1.197,  0.052,  0.772], 
          [-0.405,  1.234,  0.051,  0.738]
        ]
    },
    {
        "id": 6,
        "keypoints3d": [
          [-0.601,  0.274,  1.066,  0.851], 
          [-0.403,  0.196,  0.961,  0.866], 
          [-0.331,  0.337,  0.948,  0.824], 
          [-0.111,  0.325,  0.868,  0.784], 
          [-0.123,  0.288,  0.677,  0.789], 
          [-0.459,  0.057,  0.973,  0.817], 
          [-0.413, -0.154,  0.863,  0.768], 
          [-0.458, -0.125,  0.668,  0.735], 
          [-0.363,  0.143,  0.492,  0.729], 
          [-0.314,  0.232,  0.490,  0.721], 
          [-0.545,  0.517,  0.402,  0.811], 
          [-0.330,  0.497,  0.097,  0.791], 
          [-0.431,  0.044,  0.499,  0.689], 
          [-0.756,  0.162,  0.437,  0.869], 
          [-0.685,  0.202,  0.104,  0.820], 
          [-0.581,  0.288,  1.082,  0.732], 
          [-0.595,  0.244,  1.112,  0.791], 
          [-0.486,  0.334,  1.074,  0.682], 
          [-0.499,  0.187,  1.120,  0.807], 
          [-0.831,  0.237,  0.037,  0.749], 
          [-0.802,  0.189,  0.043,  0.739], 
          [-0.638,  0.222,  0.051,  0.673], 
          [-0.331,  0.649,  0.066,  0.731], 
          [-0.279,  0.617,  0.066,  0.778], 
          [-0.305,  0.466,  0.061,  0.659]
        ]
    }
]
