[
    {
        "id": 0,
        "keypoints3d": [
          [ 1.016, -1.338,  1.584,  0.884], 
          [ 1.133, -1.407,  1.389,  0.858], 
          [ 1.250, -1.295,  1.393,  0.830], 
          [ 1.133, -1.159,  1.187,  0.811], 
          [ 0.971, -1.357,  1.196,  0.815], 
          [ 1.001, -1.523,  1.377,  0.828], 
          [ 0.914, -1.448,  1.142,  0.859], 
          [ 1.059, -1.252,  1.178,  0.749], 
          [ 1.090, -1.360,  0.860,  0.724], 
          [ 1.151, -1.281,  0.864,  0.709], 
          [ 1.171, -1.313,  0.467,  0.777], 
          [ 1.237, -1.348,  0.081,  0.783], 
          [ 1.021, -1.437,  0.858,  0.715], 
          [ 1.040, -1.437,  0.469,  0.672], 
          [ 1.070, -1.466,  0.103,  0.843], 
          [ 1.073, -1.303,  1.620,  0.896], 
          [ 1.011, -1.363,  1.612,  0.864], 
          [ 1.161, -1.342,  1.604,  0.900], 
          [ 1.044, -1.463,  1.584,  0.831], 
          [ 0.978, -1.357,  0.060,  0.718], 
          [ 0.958, -1.433,  0.056,  0.734], 
          [ 1.102, -1.480,  0.050,  0.703], 
          [ 1.118, -1.243,  0.051,  0.724], 
          [ 1.184, -1.224,  0.044,  0.730], 
          [ 1.252, -1.387,  0.038,  0.673]
        ]
    },
    {
        "id": 2,
        "keypoints3d": [
          [-1.237, -1.130,  1.518,  0.857], 
          [-1.184, -1.278,  1.343,  0.897], 
          [-1.026, -1.282,  1.347,  0.873], 
          [-1.001, -1.333,  1.066,  0.828], 
          [-1.051, -1.362,  0.860,  0.797], 
          [-1.345, -1.264,  1.343,  0.838], 
          [-1.367, -1.314,  1.080,  0.769], 
          [-1.295, -1.356,  0.853,  0.651], 
          [-1.177, -1.233,  0.822,  0.756], 
          [-1.079, -1.234,  0.827,  0.749], 
          [-1.031, -1.212,  0.467,  0.832], 
          [-1.070, -1.315,  0.115,  0.853], 
          [-1.280, -1.240,  0.814,  0.734], 
          [-1.264, -1.267,  0.442,  0.834], 
          [-1.216, -1.315,  0.074,  0.820], 
          [-1.201, -1.138,  1.555,  0.897], 
          [-1.262, -1.166,  1.555,  0.819], 
          [-1.110, -1.179,  1.537,  0.876], 
          [-1.257, -1.266,  1.538,  0.817], 
          [-1.208, -1.154,  0.032,  0.708], 
          [-1.245, -1.180,  0.032,  0.708], 
          [-1.202, -1.361,  0.034,  0.621], 
          [-0.989, -1.183,  0.084,  0.729], 
          [-0.970, -1.232,  0.092,  0.723], 
          [-1.088, -1.344,  0.064,  0.703]
        ]
    },
    {
        "id": 4,
        "keypoints3d": [
          [-0.622,  0.310,  1.154,  0.813], 
          [-0.412,  0.243,  1.032,  0.887], 
          [-0.361,  0.388,  1.019,  0.823], 
          [-0.139,  0.366,  0.910,  0.762], 
          [-0.149,  0.308,  0.699,  0.729], 
          [-0.462,  0.101,  1.040,  0.849], 
          [-0.429, -0.073,  0.887,  0.804], 
          [-0.457, -0.121,  0.684,  0.831], 
          [-0.403,  0.175,  0.565,  0.774], 
          [-0.370,  0.273,  0.567,  0.760], 
          [-0.552,  0.532,  0.400,  0.806], 
          [-0.332,  0.508,  0.107,  0.801], 
          [-0.450,  0.072,  0.569,  0.729], 
          [-0.754,  0.192,  0.440,  0.874], 
          [-0.681,  0.211,  0.095,  0.807], 
          [-0.618,  0.342,  1.171,  0.828], 
          [-0.604,  0.287,  1.180,  0.792], 
          [-0.516,  0.391,  1.164,  0.694], 
          [-0.523,  0.236,  1.202,  0.812], 
          [-0.831,  0.234,  0.043,  0.721], 
          [-0.800,  0.183,  0.046,  0.708], 
          [-0.639,  0.221,  0.047,  0.683], 
          [-0.335,  0.654,  0.058,  0.737], 
          [-0.287,  0.618,  0.061,  0.780], 
          [-0.304,  0.474,  0.080,  0.657]
        ]
    },
    {
        "id": 6,
        "keypoints3d": [
          [-0.240,  1.163,  1.582,  0.863], 
          [-0.425,  1.176,  1.412,  0.872], 
          [-0.391,  1.024,  1.409,  0.828], 
          [-0.489,  0.983,  1.127,  0.759], 
          [-0.469,  0.970,  0.905,  0.752], 
          [-0.462,  1.334,  1.418,  0.852], 
          [-0.510,  1.390,  1.146,  0.853], 
          [-0.440,  1.405,  0.910,  0.757], 
          [-0.447,  1.196,  0.886,  0.745], 
          [-0.423,  1.099,  0.879,  0.710], 
          [-0.373,  1.153,  0.480,  0.823], 
          [-0.378,  1.222,  0.098,  0.818], 
          [-0.467,  1.285,  0.893,  0.719], 
          [-0.500,  1.304,  0.496,  0.831], 
          [-0.719,  1.106,  0.187,  0.833], 
          [-0.241,  1.133,  1.625,  0.652], 
          [-0.257,  1.201,  1.617,  0.844], 
          [-0.333,  1.101,  1.607,  0.771], 
          [-0.324,  1.249,  1.631,  0.818], 
          [-0.663,  1.177,  0.035,  0.743], 
          [-0.704,  1.191,  0.050,  0.742], 
          [-0.759,  1.059,  0.173,  0.754], 
          [-0.195,  1.248,  0.062,  0.753], 
          [-0.231,  1.201,  0.049,  0.699], 
          [-0.405,  1.236,  0.049,  0.753]
        ]
    }
]
