[
    {
        "id": 0,
        "keypoints3d": [
          [ 1.026, -1.332,  1.582,  0.883], 
          [ 1.134, -1.406,  1.388,  0.859], 
          [ 1.251, -1.296,  1.392,  0.829], 
          [ 1.132, -1.162,  1.186,  0.794], 
          [ 0.969, -1.359,  1.190,  0.813], 
          [ 0.998, -1.523,  1.378,  0.824], 
          [ 0.910, -1.445,  1.145,  0.853], 
          [ 1.060, -1.248,  1.180,  0.750], 
          [ 1.088, -1.360,  0.860,  0.726], 
          [ 1.151, -1.281,  0.867,  0.714], 
          [ 1.174, -1.311,  0.473,  0.699], 
          [ 1.237, -1.349,  0.081,  0.784], 
          [ 1.020, -1.435,  0.860,  0.710], 
          [ 1.041, -1.438,  0.473,  0.693], 
          [ 1.071, -1.465,  0.101,  0.767], 
          [ 1.077, -1.312,  1.618,  0.910], 
          [ 1.015, -1.364,  1.611,  0.874], 
          [ 1.167, -1.336,  1.603,  0.893], 
          [ 1.048, -1.464,  1.589,  0.838], 
          [ 0.977, -1.356,  0.060,  0.715], 
          [ 0.959, -1.432,  0.058,  0.734], 
          [ 1.100, -1.482,  0.052,  0.709], 
          [ 1.117, -1.247,  0.047,  0.725], 
          [ 1.185, -1.223,  0.041,  0.734], 
          [ 1.252, -1.389,  0.038,  0.671]
        ]
    },
    {
        "id": 2,
        "keypoints3d": [
          [-0.971, -1.131,  1.529,  0.889], 
          [-1.033, -1.271,  1.356,  0.871], 
          [-0.871, -1.337,  1.343,  0.856], 
          [-0.893, -1.398,  1.071,  0.664], 
          [-0.992, -1.419,  0.864,  0.672], 
          [-1.189, -1.215,  1.367,  0.835], 
          [-1.227, -1.269,  1.098,  0.788], 
          [-1.186, -1.337,  0.890,  0.715], 
          [-1.047, -1.264,  0.830,  0.753], 
          [-0.946, -1.302,  0.824,  0.736], 
          [-1.015, -1.337,  0.448,  0.801], 
          [-1.059, -1.361,  0.103,  0.810], 
          [-1.145, -1.232,  0.832,  0.739], 
          [-1.168, -1.252,  0.450,  0.720], 
          [-1.217, -1.301,  0.086,  0.765], 
          [-0.949, -1.142,  1.565,  0.822], 
          [-1.027, -1.126,  1.566,  0.884], 
          [-0.927, -1.242,  1.541,  0.709], 
          [-1.091, -1.189,  1.552,  0.810], 
          [-1.196, -1.139,  0.048,  0.703], 
          [-1.249, -1.168,  0.048,  0.744], 
          [-1.215, -1.332,  0.048,  0.702], 
          [-0.974, -1.245,  0.078,  0.804], 
          [-0.952, -1.305,  0.075,  0.776], 
          [-1.076, -1.375,  0.046,  0.673]
        ]
    },
    {
        "id": 4,
        "keypoints3d": [
          [-0.578,  1.143,  1.574,  0.746], 
          [-0.713,  0.992,  1.418,  0.856], 
          [-0.596,  0.887,  1.451,  0.789], 
          [-0.549,  0.843,  1.199,  0.669], 
          [-0.539,  0.826,  0.930,  0.792], 
          [-0.831,  1.107,  1.403,  0.834], 
          [-0.899,  1.113,  1.119,  0.805], 
          [-0.872,  1.170,  0.867,  0.803], 
          [-0.691,  0.949,  0.907,  0.718], 
          [-0.616,  0.891,  0.911,  0.687], 
          [-0.588,  0.905,  0.507,  0.777], 
          [-0.698,  0.738,  0.217,  0.754], 
          [-0.761,  1.014,  0.905,  0.712], 
          [-0.772,  1.041,  0.498,  0.848], 
          [-0.781,  1.024,  0.102,  0.843], 
          [-0.565,  1.120,  1.614,  0.700], 
          [-0.613,  1.154,  1.608,  0.745], 
          [-0.606,  1.028,  1.630,  0.851], 
          [-0.717,  1.142,  1.610,  0.839], 
          [-0.685,  1.156,  0.030,  0.744], 
          [-0.739,  1.149,  0.035,  0.780], 
          [-0.796,  0.989,  0.050,  0.704], 
          [-0.646,  0.788,  0.047,  0.644], 
          [-0.623,  0.751,  0.069,  0.625], 
          [-0.737,  0.692,  0.202,  0.712]
        ]
    },
    {
        "id": 6,
        "keypoints3d": [
          [-0.346,  0.480,  1.421,  0.901], 
          [-0.233,  0.619,  1.296,  0.855], 
          [-0.308,  0.745,  1.301,  0.831], 
          [-0.291,  0.796,  1.081,  0.824], 
          [-0.334,  0.817,  0.838,  0.824], 
          [-0.152,  0.486,  1.286,  0.828], 
          [-0.117,  0.391,  1.066,  0.837], 
          [-0.214,  0.314,  0.889,  0.859], 
          [-0.282,  0.625,  0.785,  0.755], 
          [-0.319,  0.707,  0.787,  0.745], 
          [-0.324,  0.689,  0.423,  0.755], 
          [-0.187,  0.711,  0.106,  0.787], 
          [-0.256,  0.530,  0.795,  0.716], 
          [-0.421,  0.496,  0.474,  0.724], 
          [-0.388,  0.506,  0.169,  0.648], 
          [-0.375,  0.493,  1.474,  0.718], 
          [-0.305,  0.470,  1.455,  0.752], 
          [-0.354,  0.591,  1.483,  0.879], 
          [-0.223,  0.500,  1.484,  0.823], 
          [-0.505,  0.470,  0.089,  0.680], 
          [-0.485,  0.447,  0.099,  0.655], 
          [-0.362,  0.524,  0.135,  0.566], 
          [-0.337,  0.662,  0.043,  0.576], 
          [-0.304,  0.705,  0.064,  0.547], 
          [-0.151,  0.712,  0.075,  0.657]
        ]
    }
]
