[
    {
        "id": 0,
        "keypoints3d": [
          [ 1.017, -1.337,  1.583,  0.879], 
          [ 1.134, -1.408,  1.389,  0.856], 
          [ 1.249, -1.297,  1.393,  0.828], 
          [ 1.134, -1.157,  1.185,  0.819], 
          [ 0.971, -1.356,  1.191,  0.819], 
          [ 0.998, -1.523,  1.378,  0.827], 
          [ 0.915, -1.445,  1.142,  0.860], 
          [ 1.060, -1.249,  1.178,  0.748], 
          [ 1.089, -1.358,  0.862,  0.712], 
          [ 1.153, -1.280,  0.869,  0.698], 
          [ 1.174, -1.310,  0.472,  0.817], 
          [ 1.237, -1.349,  0.081,  0.782], 
          [ 1.022, -1.434,  0.861,  0.697], 
          [ 1.040, -1.440,  0.471,  0.700], 
          [ 1.070, -1.467,  0.101,  0.843], 
          [ 1.075, -1.307,  1.620,  0.898], 
          [ 1.011, -1.362,  1.612,  0.860], 
          [ 1.167, -1.336,  1.602,  0.890], 
          [ 1.043, -1.464,  1.581,  0.824], 
          [ 0.977, -1.356,  0.059,  0.720], 
          [ 0.958, -1.434,  0.056,  0.734], 
          [ 1.102, -1.481,  0.050,  0.708], 
          [ 1.118, -1.243,  0.051,  0.730], 
          [ 1.185, -1.223,  0.041,  0.738], 
          [ 1.252, -1.390,  0.037,  0.676]
        ]
    },
    {
        "id": 2,
        "keypoints3d": [
          [-1.095, -1.134,  1.524,  0.874], 
          [-1.120, -1.264,  1.356,  0.847], 
          [-0.960, -1.308,  1.353,  0.876], 
          [-0.952, -1.362,  1.080,  0.811], 
          [-1.019, -1.386,  0.858,  0.762], 
          [-1.275, -1.232,  1.355,  0.834], 
          [-1.316, -1.291,  1.090,  0.832], 
          [-1.255, -1.353,  0.897,  0.619], 
          [-1.121, -1.246,  0.835,  0.756], 
          [-1.023, -1.267,  0.837,  0.756], 
          [-1.036, -1.321,  0.455,  0.815], 
          [-1.052, -1.362,  0.104,  0.795], 
          [-1.221, -1.227,  0.838,  0.725], 
          [-1.207, -1.258,  0.460,  0.845], 
          [-1.236, -1.291,  0.092,  0.845], 
          [-1.066, -1.137,  1.562,  0.823], 
          [-1.131, -1.144,  1.558,  0.778], 
          [-1.029, -1.235,  1.559,  0.771], 
          [-1.200, -1.186,  1.549,  0.818], 
          [-1.202, -1.145,  0.047,  0.715], 
          [-1.246, -1.168,  0.049,  0.741], 
          [-1.233, -1.323,  0.051,  0.673], 
          [-0.986, -1.240,  0.080,  0.693], 
          [-0.959, -1.289,  0.083,  0.674], 
          [-1.064, -1.383,  0.051,  0.647]
        ]
    },
    {
        "id": 4,
        "keypoints3d": [
          [-0.454,  1.190,  1.587,  0.838], 
          [-0.629,  1.133,  1.424,  0.847], 
          [-0.585,  0.972,  1.442,  0.838], 
          [-0.620,  0.888,  1.190,  0.681], 
          [-0.664,  0.883,  0.948,  0.676], 
          [-0.670,  1.284,  1.404,  0.798], 
          [-0.673,  1.348,  1.125,  0.829], 
          [-0.562,  1.370,  0.897,  0.819], 
          [-0.620,  1.082,  0.909,  0.680], 
          [-0.584,  0.999,  0.913,  0.653], 
          [-0.503,  1.070,  0.542,  0.698], 
          [-0.450,  1.138,  0.134,  0.760], 
          [-0.647,  1.181,  0.906,  0.660], 
          [-0.717,  1.116,  0.494,  0.720], 
          [-0.782,  1.035,  0.110,  0.828], 
          [-0.465,  1.148,  1.636,  0.859], 
          [-0.465,  1.224,  1.634,  0.775], 
          [-0.544,  1.095,  1.638,  0.850], 
          [-0.557,  1.245,  1.617,  0.848], 
          [-0.684,  1.153,  0.025,  0.669], 
          [-0.738,  1.147,  0.030,  0.688], 
          [-0.798,  0.984,  0.071,  0.705], 
          [-0.275,  1.199,  0.081,  0.697], 
          [-0.291,  1.148,  0.080,  0.692], 
          [-0.460,  1.147,  0.079,  0.723]
        ]
    },
    {
        "id": 6,
        "keypoints3d": [
          [-0.603,  0.377,  1.315,  0.896], 
          [-0.421,  0.408,  1.169,  0.869], 
          [-0.389,  0.559,  1.159,  0.843], 
          [-0.273,  0.609,  0.974,  0.822], 
          [-0.243,  0.562,  0.755,  0.844], 
          [-0.439,  0.263,  1.183,  0.842], 
          [-0.414,  0.098,  0.990,  0.844], 
          [-0.479,  0.021,  0.789,  0.804], 
          [-0.447,  0.371,  0.666,  0.766], 
          [-0.421,  0.465,  0.666,  0.751], 
          [-0.501,  0.578,  0.340,  0.712], 
          [-0.260,  0.569,  0.118,  0.661], 
          [-0.482,  0.260,  0.675,  0.737], 
          [-0.714,  0.256,  0.438,  0.690], 
          [-0.669,  0.229,  0.085,  0.841], 
          [-0.608,  0.415,  1.343,  0.883], 
          [-0.582,  0.352,  1.350,  0.754], 
          [-0.550,  0.498,  1.348,  0.800], 
          [-0.489,  0.345,  1.366,  0.769], 
          [-0.833,  0.236,  0.042,  0.804], 
          [-0.801,  0.187,  0.049,  0.807], 
          [-0.637,  0.227,  0.046,  0.768], 
          [-0.321,  0.660,  0.053,  0.666], 
          [-0.268,  0.660,  0.055,  0.713], 
          [-0.214,  0.538,  0.093,  0.565]
        ]
    }
]
