[
    {
        "id": 0,
        "keypoints3d": [
          [ 1.016, -1.338,  1.583,  0.883], 
          [ 1.133, -1.408,  1.388,  0.857], 
          [ 1.248, -1.295,  1.393,  0.823], 
          [ 1.134, -1.160,  1.186,  0.813], 
          [ 0.971, -1.357,  1.196,  0.816], 
          [ 1.001, -1.523,  1.378,  0.828], 
          [ 0.914, -1.448,  1.142,  0.857], 
          [ 1.059, -1.252,  1.178,  0.750], 
          [ 1.093, -1.359,  0.857,  0.727], 
          [ 1.153, -1.279,  0.862,  0.710], 
          [ 1.175, -1.308,  0.472,  0.760], 
          [ 1.236, -1.350,  0.083,  0.786], 
          [ 1.024, -1.435,  0.856,  0.715], 
          [ 1.039, -1.439,  0.470,  0.662], 
          [ 1.070, -1.466,  0.103,  0.842], 
          [ 1.072, -1.299,  1.620,  0.896], 
          [ 1.011, -1.363,  1.612,  0.863], 
          [ 1.161, -1.342,  1.604,  0.898], 
          [ 1.043, -1.463,  1.581,  0.829], 
          [ 0.978, -1.355,  0.063,  0.716], 
          [ 0.959, -1.433,  0.057,  0.732], 
          [ 1.107, -1.477,  0.053,  0.702], 
          [ 1.117, -1.249,  0.050,  0.720], 
          [ 1.184, -1.224,  0.041,  0.725], 
          [ 1.253, -1.388,  0.038,  0.671]
        ]
    },
    {
        "id": 2,
        "keypoints3d": [
          [-1.242, -1.145,  1.523,  0.862], 
          [-1.187, -1.277,  1.344,  0.896], 
          [-1.028, -1.274,  1.351,  0.870], 
          [-1.004, -1.336,  1.068,  0.800], 
          [-1.053, -1.364,  0.857,  0.777], 
          [-1.355, -1.271,  1.341,  0.843], 
          [-1.377, -1.325,  1.084,  0.747], 
          [-1.307, -1.358,  0.861,  0.668], 
          [-1.178, -1.228,  0.826,  0.756], 
          [-1.082, -1.234,  0.829,  0.744], 
          [-1.045, -1.220,  0.464,  0.843], 
          [-1.078, -1.302,  0.105,  0.848], 
          [-1.282, -1.242,  0.817,  0.733], 
          [-1.268, -1.265,  0.441,  0.823], 
          [-1.215, -1.306,  0.073,  0.825], 
          [-1.210, -1.146,  1.556,  0.896], 
          [-1.267, -1.174,  1.561,  0.779], 
          [-1.117, -1.180,  1.540,  0.873], 
          [-1.265, -1.277,  1.541,  0.689], 
          [-1.200, -1.155,  0.031,  0.704], 
          [-1.243, -1.177,  0.036,  0.718], 
          [-1.204, -1.347,  0.032,  0.610], 
          [-0.987, -1.178,  0.085,  0.725], 
          [-0.970, -1.221,  0.094,  0.721], 
          [-1.089, -1.326,  0.061,  0.735]
        ]
    },
    {
        "id": 4,
        "keypoints3d": [
          [-0.216,  1.164,  1.580,  0.862], 
          [-0.396,  1.184,  1.413,  0.857], 
          [-0.378,  1.028,  1.412,  0.836], 
          [-0.413,  0.980,  1.136,  0.817], 
          [-0.359,  0.961,  0.950,  0.747], 
          [-0.424,  1.342,  1.421,  0.839], 
          [-0.488,  1.394,  1.153,  0.753], 
          [-0.437,  1.417,  0.907,  0.869], 
          [-0.412,  1.205,  0.887,  0.726], 
          [-0.390,  1.103,  0.881,  0.720], 
          [-0.348,  1.156,  0.482,  0.847], 
          [-0.380,  1.222,  0.096,  0.825], 
          [-0.436,  1.308,  0.891,  0.725], 
          [-0.449,  1.322,  0.500,  0.825], 
          [-0.678,  1.163,  0.223,  0.816], 
          [-0.220,  1.131,  1.625,  0.678], 
          [-0.204,  1.201,  1.622,  0.867], 
          [-0.321,  1.099,  1.609,  0.762], 
          [-0.292,  1.246,  1.630,  0.820], 
          [-0.630,  1.197,  0.050,  0.659], 
          [-0.666,  1.215,  0.068,  0.663], 
          [-0.717,  1.130,  0.222,  0.703], 
          [-0.194,  1.245,  0.062,  0.759], 
          [-0.229,  1.198,  0.052,  0.766], 
          [-0.405,  1.233,  0.050,  0.757]
        ]
    },
    {
        "id": 6,
        "keypoints3d": [
          [-0.612,  0.288,  1.091,  0.835], 
          [-0.414,  0.204,  0.978,  0.876], 
          [-0.343,  0.350,  0.962,  0.825], 
          [-0.125,  0.340,  0.871,  0.787], 
          [-0.125,  0.289,  0.672,  0.774], 
          [-0.475,  0.065,  0.994,  0.854], 
          [-0.422, -0.131,  0.866,  0.779], 
          [-0.458, -0.120,  0.671,  0.755], 
          [-0.376,  0.150,  0.513,  0.725], 
          [-0.335,  0.243,  0.518,  0.726], 
          [-0.564,  0.531,  0.411,  0.793], 
          [-0.331,  0.502,  0.101,  0.782], 
          [-0.440,  0.052,  0.518,  0.688], 
          [-0.761,  0.172,  0.440,  0.870], 
          [-0.684,  0.203,  0.100,  0.811], 
          [-0.610,  0.307,  1.130,  0.796], 
          [-0.597,  0.252,  1.136,  0.856], 
          [-0.491,  0.344,  1.108,  0.672], 
          [-0.509,  0.206,  1.135,  0.811], 
          [-0.831,  0.233,  0.042,  0.810], 
          [-0.796,  0.183,  0.042,  0.806], 
          [-0.638,  0.218,  0.045,  0.670], 
          [-0.327,  0.646,  0.067,  0.719], 
          [-0.280,  0.614,  0.063,  0.761], 
          [-0.308,  0.470,  0.062,  0.639]
        ]
    }
]
