[
    {
        "id": 0,
        "keypoints3d": [
          [ 1.016, -1.338,  1.584,  0.884], 
          [ 1.133, -1.407,  1.389,  0.858], 
          [ 1.250, -1.295,  1.393,  0.829], 
          [ 1.133, -1.159,  1.187,  0.810], 
          [ 0.971, -1.357,  1.196,  0.816], 
          [ 1.001, -1.523,  1.377,  0.828], 
          [ 0.914, -1.448,  1.142,  0.859], 
          [ 1.060, -1.248,  1.177,  0.749], 
          [ 1.090, -1.361,  0.859,  0.724], 
          [ 1.150, -1.281,  0.864,  0.708], 
          [ 1.171, -1.313,  0.467,  0.778], 
          [ 1.237, -1.348,  0.081,  0.786], 
          [ 1.021, -1.437,  0.858,  0.715], 
          [ 1.039, -1.440,  0.469,  0.673], 
          [ 1.070, -1.466,  0.103,  0.843], 
          [ 1.073, -1.303,  1.620,  0.896], 
          [ 1.011, -1.363,  1.612,  0.864], 
          [ 1.161, -1.342,  1.604,  0.900], 
          [ 1.044, -1.463,  1.584,  0.831], 
          [ 0.978, -1.357,  0.060,  0.717], 
          [ 0.958, -1.433,  0.056,  0.734], 
          [ 1.102, -1.480,  0.050,  0.703], 
          [ 1.118, -1.243,  0.051,  0.724], 
          [ 1.184, -1.225,  0.044,  0.732], 
          [ 1.252, -1.387,  0.038,  0.673]
        ]
    },
    {
        "id": 2,
        "keypoints3d": [
          [-1.243, -1.140,  1.519,  0.858], 
          [-1.185, -1.278,  1.343,  0.898], 
          [-1.025, -1.279,  1.348,  0.873], 
          [-1.001, -1.332,  1.067,  0.826], 
          [-1.051, -1.361,  0.860,  0.794], 
          [-1.346, -1.265,  1.343,  0.840], 
          [-1.371, -1.323,  1.084,  0.777], 
          [-1.295, -1.360,  0.861,  0.668], 
          [-1.175, -1.231,  0.821,  0.757], 
          [-1.078, -1.235,  0.826,  0.748], 
          [-1.034, -1.217,  0.465,  0.844], 
          [-1.072, -1.315,  0.111,  0.848], 
          [-1.280, -1.241,  0.814,  0.735], 
          [-1.266, -1.268,  0.439,  0.833], 
          [-1.217, -1.315,  0.073,  0.823], 
          [-1.203, -1.142,  1.554,  0.892], 
          [-1.264, -1.171,  1.555,  0.811], 
          [-1.112, -1.180,  1.537,  0.875], 
          [-1.265, -1.277,  1.542,  0.800], 
          [-1.209, -1.154,  0.031,  0.710], 
          [-1.243, -1.177,  0.032,  0.715], 
          [-1.205, -1.361,  0.031,  0.627], 
          [-0.989, -1.183,  0.085,  0.731], 
          [-0.968, -1.228,  0.092,  0.721], 
          [-1.088, -1.343,  0.063,  0.719]
        ]
    },
    {
        "id": 4,
        "keypoints3d": [
          [-0.625,  0.303,  1.138,  0.883], 
          [-0.415,  0.238,  1.021,  0.876], 
          [-0.363,  0.376,  1.003,  0.835], 
          [-0.147,  0.349,  0.893,  0.789], 
          [-0.135,  0.308,  0.707,  0.786], 
          [-0.465,  0.093,  1.027,  0.848], 
          [-0.431, -0.089,  0.883,  0.799], 
          [-0.451, -0.124,  0.679,  0.826], 
          [-0.397,  0.170,  0.556,  0.770], 
          [-0.362,  0.268,  0.563,  0.768], 
          [-0.552,  0.530,  0.400,  0.815], 
          [-0.333,  0.508,  0.105,  0.800], 
          [-0.446,  0.069,  0.559,  0.736], 
          [-0.761,  0.182,  0.440,  0.872], 
          [-0.683,  0.205,  0.096,  0.812], 
          [-0.622,  0.336,  1.158,  0.799], 
          [-0.602,  0.274,  1.171,  0.815], 
          [-0.519,  0.390,  1.161,  0.665], 
          [-0.524,  0.232,  1.190,  0.857], 
          [-0.832,  0.234,  0.041,  0.721], 
          [-0.801,  0.184,  0.044,  0.707], 
          [-0.637,  0.220,  0.049,  0.673], 
          [-0.333,  0.654,  0.060,  0.735], 
          [-0.287,  0.616,  0.060,  0.783], 
          [-0.310,  0.476,  0.074,  0.666]
        ]
    },
    {
        "id": 6,
        "keypoints3d": [
          [-0.240,  1.163,  1.582,  0.863], 
          [-0.424,  1.178,  1.414,  0.869], 
          [-0.389,  1.025,  1.412,  0.830], 
          [-0.487,  0.987,  1.128,  0.760], 
          [-0.468,  0.972,  0.907,  0.746], 
          [-0.461,  1.334,  1.419,  0.858], 
          [-0.508,  1.392,  1.150,  0.856], 
          [-0.442,  1.406,  0.908,  0.765], 
          [-0.445,  1.197,  0.888,  0.747], 
          [-0.422,  1.099,  0.881,  0.710], 
          [-0.374,  1.153,  0.479,  0.824], 
          [-0.378,  1.222,  0.097,  0.831], 
          [-0.466,  1.287,  0.894,  0.717], 
          [-0.497,  1.307,  0.500,  0.829], 
          [-0.711,  1.117,  0.198,  0.835], 
          [-0.241,  1.133,  1.625,  0.652], 
          [-0.257,  1.201,  1.617,  0.844], 
          [-0.331,  1.098,  1.609,  0.765], 
          [-0.324,  1.249,  1.631,  0.821], 
          [-0.660,  1.176,  0.038,  0.720], 
          [-0.699,  1.194,  0.056,  0.724], 
          [-0.752,  1.069,  0.182,  0.745], 
          [-0.195,  1.248,  0.062,  0.753], 
          [-0.227,  1.199,  0.053,  0.762], 
          [-0.405,  1.237,  0.050,  0.746]
        ]
    }
]
