[
    {
        "id": 0,
        "keypoints3d": [
          [ 1.032, -1.330,  1.582,  0.885], 
          [ 1.132, -1.406,  1.388,  0.862], 
          [ 1.250, -1.296,  1.392,  0.831], 
          [ 1.137, -1.158,  1.184,  0.793], 
          [ 0.969, -1.356,  1.191,  0.813], 
          [ 0.998, -1.522,  1.377,  0.824], 
          [ 0.909, -1.449,  1.145,  0.851], 
          [ 1.060, -1.248,  1.177,  0.748], 
          [ 1.091, -1.354,  0.850,  0.726], 
          [ 1.154, -1.277,  0.861,  0.708], 
          [ 1.175, -1.310,  0.472,  0.816], 
          [ 1.237, -1.349,  0.081,  0.774], 
          [ 1.021, -1.433,  0.847,  0.712], 
          [ 1.037, -1.438,  0.464,  0.687], 
          [ 1.071, -1.466,  0.101,  0.755], 
          [ 1.080, -1.306,  1.620,  0.907], 
          [ 1.016, -1.364,  1.614,  0.872], 
          [ 1.170, -1.334,  1.605,  0.891], 
          [ 1.048, -1.464,  1.589,  0.840], 
          [ 0.976, -1.360,  0.063,  0.718], 
          [ 0.958, -1.431,  0.058,  0.731], 
          [ 1.102, -1.484,  0.054,  0.711], 
          [ 1.116, -1.246,  0.048,  0.724], 
          [ 1.184, -1.222,  0.042,  0.729], 
          [ 1.253, -1.388,  0.038,  0.672]
        ]
    },
    {
        "id": 2,
        "keypoints3d": [
          [-0.957, -1.135,  1.526,  0.903], 
          [-1.008, -1.275,  1.359,  0.858], 
          [-0.860, -1.343,  1.343,  0.856], 
          [-0.890, -1.408,  1.074,  0.728], 
          [-0.978, -1.432,  0.875,  0.653], 
          [-1.157, -1.204,  1.368,  0.834], 
          [-1.218, -1.262,  1.111,  0.811], 
          [-1.179, -1.331,  0.893,  0.725], 
          [-1.038, -1.273,  0.839,  0.768], 
          [-0.947, -1.315,  0.830,  0.744], 
          [-1.010, -1.344,  0.456,  0.797], 
          [-1.066, -1.355,  0.099,  0.813], 
          [-1.135, -1.236,  0.846,  0.746], 
          [-1.159, -1.245,  0.465,  0.782], 
          [-1.217, -1.299,  0.093,  0.748], 
          [-0.925, -1.156,  1.559,  0.789], 
          [-0.990, -1.150,  1.563,  0.863], 
          [-0.909, -1.255,  1.539,  0.803], 
          [-1.072, -1.200,  1.559,  0.848], 
          [-1.192, -1.142,  0.049,  0.708], 
          [-1.244, -1.164,  0.049,  0.745], 
          [-1.220, -1.333,  0.051,  0.708], 
          [-0.973, -1.254,  0.071,  0.805], 
          [-0.953, -1.308,  0.074,  0.779], 
          [-1.077, -1.368,  0.039,  0.651]
        ]
    },
    {
        "id": 4,
        "keypoints3d": [
          [-0.283,  0.533,  1.411,  0.781], 
          [-0.174,  0.674,  1.284,  0.856], 
          [-0.273,  0.785,  1.292,  0.837], 
          [-0.303,  0.844,  1.069,  0.825], 
          [-0.340,  0.828,  0.828,  0.837], 
          [-0.081,  0.563,  1.273,  0.844], 
          [-0.057,  0.492,  1.036,  0.791], 
          [-0.141,  0.403,  0.854,  0.757], 
          [-0.228,  0.667,  0.774,  0.731], 
          [-0.282,  0.752,  0.774,  0.714], 
          [-0.322,  0.718,  0.391,  0.761], 
          [-0.247,  0.668,  0.065,  0.812], 
          [-0.178,  0.594,  0.771,  0.731], 
          [-0.246,  0.562,  0.421,  0.743], 
          [-0.131,  0.685,  0.199,  0.729], 
          [-0.314,  0.547,  1.462,  0.770], 
          [-0.235,  0.529,  1.449,  0.821], 
          [-0.305,  0.640,  1.482,  0.915], 
          [-0.159,  0.562,  1.461,  0.794], 
          [-0.191,  0.676,  0.074,  0.558], 
          [-0.154,  0.675,  0.097,  0.575], 
          [-0.077,  0.727,  0.210,  0.575], 
          [-0.372,  0.643, -0.028,  0.678], 
          [-0.347,  0.665, -0.010,  0.703], 
          [-0.219,  0.647,  0.006,  0.719]
        ]
    },
    {
        "id": 6,
        "keypoints3d": [
          [-0.589,  1.059,  1.582,  0.867], 
          [-0.695,  0.915,  1.409,  0.874], 
          [-0.559,  0.833,  1.420,  0.811], 
          [-0.522,  0.740,  1.169,  0.819], 
          [-0.461,  0.785,  0.846,  0.739], 
          [-0.843,  0.984,  1.406,  0.857], 
          [-0.898,  0.962,  1.120,  0.871], 
          [-0.923,  1.030,  0.859,  0.863], 
          [-0.688,  0.864,  0.885,  0.728], 
          [-0.563,  0.884,  0.897,  0.743], 
          [-0.587,  0.849,  0.515,  0.816], 
          [-0.589,  0.731,  0.202,  0.851], 
          [-0.788,  0.914,  0.893,  0.717], 
          [-0.787,  0.996,  0.493,  0.840], 
          [-0.780,  1.021,  0.107,  0.854], 
          [-0.575,  1.023,  1.613,  0.614], 
          [-0.629,  1.065,  1.608,  0.850], 
          [-0.595,  0.936,  1.619,  0.858], 
          [-0.719,  1.035,  1.619,  0.797], 
          [-0.677,  1.141,  0.025,  0.718], 
          [-0.735,  1.141,  0.024,  0.755], 
          [-0.793,  0.999,  0.055,  0.700], 
          [-0.608,  0.791,  0.108,  0.653], 
          [-0.566,  0.759,  0.122,  0.659], 
          [-0.597,  0.713,  0.181,  0.757]
        ]
    }
]
