[
    {
        "id": 0,
        "keypoints3d": [
          [ 1.026, -1.332,  1.582,  0.882], 
          [ 1.133, -1.407,  1.388,  0.860], 
          [ 1.250, -1.296,  1.392,  0.830], 
          [ 1.133, -1.162,  1.186,  0.798], 
          [ 0.970, -1.358,  1.192,  0.810], 
          [ 0.998, -1.522,  1.378,  0.824], 
          [ 0.910, -1.445,  1.145,  0.853], 
          [ 1.060, -1.248,  1.180,  0.750], 
          [ 1.087, -1.359,  0.861,  0.725], 
          [ 1.152, -1.282,  0.867,  0.714], 
          [ 1.175, -1.311,  0.473,  0.699], 
          [ 1.237, -1.349,  0.081,  0.784], 
          [ 1.020, -1.435,  0.860,  0.710], 
          [ 1.041, -1.438,  0.473,  0.695], 
          [ 1.073, -1.467,  0.100,  0.769], 
          [ 1.077, -1.312,  1.618,  0.909], 
          [ 1.015, -1.364,  1.611,  0.873], 
          [ 1.168, -1.334,  1.604,  0.893], 
          [ 1.047, -1.464,  1.589,  0.837], 
          [ 0.976, -1.355,  0.060,  0.714], 
          [ 0.959, -1.432,  0.058,  0.733], 
          [ 1.102, -1.482,  0.052,  0.708], 
          [ 1.117, -1.247,  0.048,  0.724], 
          [ 1.185, -1.223,  0.041,  0.733], 
          [ 1.252, -1.389,  0.038,  0.673]
        ]
    },
    {
        "id": 2,
        "keypoints3d": [
          [-0.969, -1.132,  1.530,  0.894], 
          [-1.028, -1.272,  1.355,  0.866], 
          [-0.870, -1.335,  1.341,  0.855], 
          [-0.899, -1.397,  1.070,  0.741], 
          [-0.979, -1.429,  0.867,  0.702], 
          [-1.178, -1.215,  1.367,  0.840], 
          [-1.226, -1.267,  1.101,  0.795], 
          [-1.183, -1.336,  0.890,  0.736], 
          [-1.046, -1.265,  0.828,  0.759], 
          [-0.947, -1.304,  0.822,  0.741], 
          [-1.015, -1.339,  0.452,  0.794], 
          [-1.063, -1.360,  0.104,  0.797], 
          [-1.144, -1.232,  0.832,  0.748], 
          [-1.166, -1.257,  0.454,  0.715], 
          [-1.215, -1.301,  0.086,  0.845], 
          [-0.943, -1.149,  1.562,  0.814], 
          [-1.012, -1.134,  1.562,  0.882], 
          [-0.920, -1.246,  1.541,  0.722], 
          [-1.083, -1.190,  1.554,  0.836], 
          [-1.196, -1.140,  0.048,  0.709], 
          [-1.251, -1.165,  0.049,  0.750], 
          [-1.215, -1.332,  0.048,  0.698], 
          [-0.973, -1.245,  0.078,  0.805], 
          [-0.955, -1.303,  0.078,  0.775], 
          [-1.074, -1.374,  0.042,  0.652]
        ]
    },
    {
        "id": 4,
        "keypoints3d": [
          [-0.585,  1.121,  1.574,  0.761], 
          [-0.701,  0.974,  1.418,  0.863], 
          [-0.581,  0.879,  1.445,  0.790], 
          [-0.534,  0.812,  1.187,  0.665], 
          [-0.527,  0.805,  0.932,  0.791], 
          [-0.821,  1.077,  1.404,  0.838], 
          [-0.901,  1.083,  1.116,  0.796], 
          [-0.873,  1.153,  0.860,  0.788], 
          [-0.686,  0.949,  0.909,  0.722], 
          [-0.600,  0.893,  0.908,  0.686], 
          [-0.571,  0.871,  0.470,  0.835], 
          [-0.648,  0.738,  0.152,  0.824], 
          [-0.761,  1.010,  0.903,  0.720], 
          [-0.771,  1.040,  0.498,  0.853], 
          [-0.783,  1.031,  0.101,  0.838], 
          [-0.574,  1.113,  1.612,  0.765], 
          [-0.624,  1.147,  1.608,  0.723], 
          [-0.606,  1.001,  1.633,  0.852], 
          [-0.710,  1.129,  1.611,  0.837], 
          [-0.689,  1.151,  0.030,  0.755], 
          [-0.739,  1.157,  0.036,  0.767], 
          [-0.797,  0.995,  0.048,  0.688], 
          [-0.646,  0.755,  0.035,  0.619], 
          [-0.606,  0.738,  0.047,  0.595], 
          [-0.675,  0.701,  0.135,  0.734]
        ]
    },
    {
        "id": 6,
        "keypoints3d": [
          [-0.337,  0.498,  1.418,  0.797], 
          [-0.220,  0.633,  1.290,  0.850], 
          [-0.305,  0.749,  1.300,  0.844], 
          [-0.264,  0.868,  1.104,  0.824], 
          [-0.309,  0.888,  0.856,  0.865], 
          [-0.130,  0.519,  1.283,  0.832], 
          [-0.098,  0.425,  1.060,  0.855], 
          [-0.197,  0.339,  0.882,  0.765], 
          [-0.268,  0.654,  0.783,  0.775], 
          [-0.301,  0.737,  0.785,  0.739], 
          [-0.325,  0.716,  0.441,  0.687], 
          [-0.191,  0.723,  0.130,  0.734], 
          [-0.236,  0.569,  0.790,  0.722], 
          [-0.394,  0.541,  0.468,  0.742], 
          [-0.312,  0.555,  0.166,  0.625], 
          [-0.365,  0.498,  1.469,  0.623], 
          [-0.303,  0.478,  1.459,  0.818], 
          [-0.349,  0.593,  1.479,  0.882], 
          [-0.219,  0.522,  1.472,  0.809], 
          [-0.422,  0.568,  0.092,  0.540], 
          [-0.408,  0.537,  0.096,  0.526], 
          [-0.309,  0.555,  0.133,  0.553], 
          [-0.305,  0.670,  0.040,  0.540], 
          [-0.284,  0.703,  0.046,  0.546], 
          [-0.155,  0.725,  0.086,  0.627]
        ]
    }
]
