[
    {
        "id": 0,
        "keypoints3d": [
          [ 1.017, -1.338,  1.582,  0.878], 
          [ 1.134, -1.408,  1.388,  0.860], 
          [ 1.248, -1.296,  1.393,  0.829], 
          [ 1.133, -1.157,  1.185,  0.834], 
          [ 0.971, -1.357,  1.198,  0.816], 
          [ 1.003, -1.522,  1.378,  0.827], 
          [ 0.915, -1.445,  1.143,  0.860], 
          [ 1.061, -1.248,  1.178,  0.750], 
          [ 1.093, -1.359,  0.863,  0.730], 
          [ 1.151, -1.280,  0.869,  0.715], 
          [ 1.178, -1.307,  0.470,  0.796], 
          [ 1.237, -1.349,  0.081,  0.779], 
          [ 1.024, -1.435,  0.861,  0.720], 
          [ 1.043, -1.445,  0.474,  0.695], 
          [ 1.070, -1.467,  0.101,  0.842], 
          [ 1.073, -1.303,  1.620,  0.897], 
          [ 1.011, -1.364,  1.611,  0.869], 
          [ 1.167, -1.336,  1.602,  0.898], 
          [ 1.044, -1.464,  1.584,  0.828], 
          [ 0.978, -1.357,  0.060,  0.716], 
          [ 0.959, -1.434,  0.055,  0.733], 
          [ 1.103, -1.479,  0.051,  0.702], 
          [ 1.118, -1.250,  0.044,  0.726], 
          [ 1.185, -1.223,  0.041,  0.732], 
          [ 1.252, -1.387,  0.038,  0.676]
        ]
    },
    {
        "id": 2,
        "keypoints3d": [
          [-1.195, -1.131,  1.528,  0.737], 
          [-1.164, -1.280,  1.344,  0.883], 
          [-1.004, -1.290,  1.348,  0.860], 
          [-1.000, -1.343,  1.075,  0.819], 
          [-1.043, -1.365,  0.865,  0.774], 
          [-1.312, -1.250,  1.342,  0.847], 
          [-1.350, -1.302,  1.086,  0.758], 
          [-1.270, -1.382,  0.890,  0.680], 
          [-1.160, -1.238,  0.821,  0.766], 
          [-1.058, -1.251,  0.825,  0.772], 
          [-1.032, -1.254,  0.463,  0.851], 
          [-1.057, -1.348,  0.111,  0.855], 
          [-1.262, -1.243,  0.824,  0.752], 
          [-1.253, -1.262,  0.453,  0.808], 
          [-1.224, -1.301,  0.086,  0.844], 
          [-1.164, -1.133,  1.565,  0.809], 
          [-1.217, -1.166,  1.557,  0.771], 
          [-1.102, -1.185,  1.538,  0.833], 
          [-1.250, -1.253,  1.537,  0.741], 
          [-1.205, -1.144,  0.031,  0.769], 
          [-1.251, -1.170,  0.042,  0.788], 
          [-1.219, -1.337,  0.039,  0.688], 
          [-0.989, -1.234,  0.071,  0.688], 
          [-0.958, -1.278,  0.077,  0.680], 
          [-1.063, -1.371,  0.065,  0.710]
        ]
    },
    {
        "id": 4,
        "keypoints3d": [
          [-0.332,  1.164,  1.566,  0.880], 
          [-0.507,  1.162,  1.407,  0.863], 
          [-0.467,  1.004,  1.408,  0.822], 
          [-0.447,  0.935,  1.164,  0.767], 
          [-0.470,  0.925,  0.948,  0.755], 
          [-0.534,  1.318,  1.405,  0.829], 
          [-0.563,  1.373,  1.132,  0.774], 
          [-0.460,  1.384,  0.903,  0.877], 
          [-0.518,  1.148,  0.883,  0.732], 
          [-0.481,  1.063,  0.882,  0.720], 
          [-0.418,  1.137,  0.490,  0.802], 
          [-0.377,  1.219,  0.106,  0.829], 
          [-0.546,  1.247,  0.885,  0.708], 
          [-0.635,  1.197,  0.488,  0.808], 
          [-0.766,  1.047,  0.124,  0.840], 
          [-0.335,  1.137,  1.616,  0.785], 
          [-0.334,  1.217,  1.602,  0.865], 
          [-0.434,  1.096,  1.613,  0.846], 
          [-0.424,  1.255,  1.617,  0.742], 
          [-0.666,  1.162,  0.032,  0.737], 
          [-0.723,  1.161,  0.040,  0.749], 
          [-0.796,  1.000,  0.097,  0.749], 
          [-0.210,  1.246,  0.050,  0.708], 
          [-0.235,  1.199,  0.046,  0.719], 
          [-0.400,  1.231,  0.054,  0.753]
        ]
    },
    {
        "id": 6,
        "keypoints3d": [
          [-0.650,  0.361,  1.220,  0.845], 
          [-0.435,  0.316,  1.105,  0.883], 
          [-0.389,  0.462,  1.089,  0.835], 
          [-0.184,  0.454,  0.963,  0.820], 
          [-0.155,  0.412,  0.728,  0.841], 
          [-0.479,  0.165,  1.115,  0.858], 
          [-0.459,  0.001,  0.940,  0.801], 
          [-0.472, -0.073,  0.722,  0.761], 
          [-0.420,  0.229,  0.621,  0.777], 
          [-0.388,  0.327,  0.625,  0.755], 
          [-0.547,  0.537,  0.384,  0.767], 
          [-0.289,  0.527,  0.114,  0.816], 
          [-0.458,  0.124,  0.627,  0.750], 
          [-0.748,  0.214,  0.447,  0.870], 
          [-0.661,  0.212,  0.082,  0.708], 
          [-0.657,  0.397,  1.250,  0.862], 
          [-0.634,  0.336,  1.263,  0.742], 
          [-0.551,  0.444,  1.236,  0.634], 
          [-0.558,  0.299,  1.277,  0.887], 
          [-0.828,  0.236,  0.041,  0.822], 
          [-0.795,  0.182,  0.044,  0.816], 
          [-0.636,  0.224,  0.040,  0.769], 
          [-0.333,  0.654,  0.055,  0.772], 
          [-0.271,  0.637,  0.064,  0.717], 
          [-0.256,  0.489,  0.088,  0.684]
        ]
    }
]
