[
    {
        "id": 0,
        "keypoints3d": [
          [ 1.020, -1.335,  1.583,  0.882], 
          [ 1.133, -1.407,  1.389,  0.856], 
          [ 1.250, -1.296,  1.393,  0.828], 
          [ 1.134, -1.156,  1.188,  0.812], 
          [ 0.971, -1.356,  1.196,  0.812], 
          [ 0.998, -1.523,  1.378,  0.825], 
          [ 0.910, -1.446,  1.143,  0.859], 
          [ 1.061, -1.249,  1.185,  0.750], 
          [ 1.083, -1.362,  0.856,  0.707], 
          [ 1.149, -1.279,  0.863,  0.688], 
          [ 1.174, -1.310,  0.473,  0.819], 
          [ 1.237, -1.349,  0.081,  0.780], 
          [ 1.016, -1.439,  0.855,  0.697], 
          [ 1.035, -1.441,  0.466,  0.666], 
          [ 1.070, -1.467,  0.101,  0.843], 
          [ 1.077, -1.312,  1.619,  0.905], 
          [ 1.012, -1.361,  1.615,  0.870], 
          [ 1.167, -1.338,  1.602,  0.890], 
          [ 1.042, -1.463,  1.582,  0.825], 
          [ 0.977, -1.358,  0.057,  0.716], 
          [ 0.959, -1.434,  0.056,  0.730], 
          [ 1.104, -1.479,  0.052,  0.707], 
          [ 1.117, -1.249,  0.045,  0.730], 
          [ 1.185, -1.223,  0.041,  0.736], 
          [ 1.252, -1.390,  0.037,  0.674]
        ]
    },
    {
        "id": 2,
        "keypoints3d": [
          [-1.053, -1.120,  1.524,  0.889], 
          [-1.079, -1.265,  1.352,  0.865], 
          [-0.927, -1.313,  1.356,  0.852], 
          [-0.923, -1.368,  1.082,  0.761], 
          [-1.020, -1.398,  0.864,  0.771], 
          [-1.238, -1.211,  1.357,  0.847], 
          [-1.286, -1.267,  1.095,  0.755], 
          [-1.234, -1.317,  0.877,  0.721], 
          [-1.079, -1.244,  0.829,  0.750], 
          [-0.989, -1.273,  0.826,  0.750], 
          [-1.027, -1.329,  0.455,  0.772], 
          [-1.052, -1.365,  0.104,  0.846], 
          [-1.175, -1.224,  0.834,  0.730], 
          [-1.195, -1.251,  0.451,  0.824], 
          [-1.240, -1.293,  0.093,  0.803], 
          [-1.023, -1.158,  1.564,  0.830], 
          [-1.086, -1.124,  1.559,  0.820], 
          [-1.003, -1.249,  1.558,  0.711], 
          [-1.147, -1.187,  1.543,  0.805], 
          [-1.204, -1.145,  0.048,  0.706], 
          [-1.251, -1.171,  0.053,  0.737], 
          [-1.238, -1.327,  0.055,  0.671], 
          [-0.985, -1.240,  0.081,  0.704], 
          [-0.957, -1.301,  0.079,  0.690], 
          [-1.065, -1.381,  0.047,  0.717]
        ]
    },
    {
        "id": 4,
        "keypoints3d": [
          [-0.503,  0.412,  1.375,  0.876], 
          [-0.353,  0.480,  1.231,  0.837], 
          [-0.365,  0.634,  1.236,  0.805], 
          [-0.307,  0.671,  1.023,  0.796], 
          [-0.312,  0.658,  0.765,  0.861], 
          [-0.328,  0.329,  1.235,  0.826], 
          [-0.317,  0.194,  1.023,  0.812], 
          [-0.385,  0.125,  0.831,  0.843], 
          [-0.393,  0.460,  0.723,  0.716], 
          [-0.390,  0.565,  0.726,  0.707], 
          [-0.436,  0.623,  0.367,  0.676], 
          [-0.314,  0.726,  0.079,  0.736], 
          [-0.401,  0.366,  0.728,  0.694], 
          [-0.589,  0.321,  0.414,  0.667], 
          [-0.648,  0.229,  0.094,  0.833], 
          [-0.511,  0.434,  1.399,  0.756], 
          [-0.470,  0.389,  1.395,  0.826], 
          [-0.454,  0.530,  1.430,  0.725], 
          [-0.369,  0.392,  1.421,  0.732], 
          [-0.820,  0.236,  0.054,  0.772], 
          [-0.789,  0.187,  0.053,  0.812], 
          [-0.621,  0.235,  0.045,  0.754], 
          [-0.349,  0.731, -0.027,  0.704], 
          [-0.320,  0.746, -0.007,  0.732], 
          [-0.293,  0.728,  0.040,  0.695]
        ]
    },
    {
        "id": 6,
        "keypoints3d": [
          [-0.512,  1.187,  1.583,  0.856], 
          [-0.673,  1.093,  1.430,  0.887], 
          [-0.599,  0.949,  1.456,  0.855], 
          [-0.639,  0.833,  1.218,  0.682], 
          [-0.677,  0.831,  0.971,  0.761], 
          [-0.736,  1.249,  1.406,  0.840], 
          [-0.752,  1.304,  1.115,  0.828], 
          [-0.664,  1.333,  0.879,  0.824], 
          [-0.644,  1.041,  0.913,  0.709], 
          [-0.594,  0.945,  0.924,  0.681], 
          [-0.559,  0.988,  0.489,  0.707], 
          [-0.570,  1.003,  0.080,  0.806], 
          [-0.703,  1.128,  0.899,  0.695], 
          [-0.710,  1.114,  0.492,  0.809], 
          [-0.751,  1.055,  0.103,  0.804], 
          [-0.518,  1.164,  1.634,  0.858], 
          [-0.533,  1.226,  1.620,  0.787], 
          [-0.579,  1.088,  1.642,  0.848], 
          [-0.635,  1.222,  1.621,  0.720], 
          [-0.653,  1.174,  0.012,  0.629], 
          [-0.694,  1.178,  0.020,  0.683], 
          [-0.770,  1.021,  0.070,  0.684], 
          [-0.454,  1.070,  0.029,  0.585], 
          [-0.456,  1.018,  0.034,  0.639], 
          [-0.599,  1.006,  0.047,  0.683]
        ]
    }
]
