[
    {
        "id": 0,
        "keypoints3d": [
          [-0.658,  0.832,  1.587,  0.773], 
          [-0.655,  0.647,  1.421,  0.882], 
          [-0.500,  0.659,  1.419,  0.829], 
          [-0.455,  0.668,  1.169,  0.787], 
          [-0.477,  0.717,  0.906,  0.923], 
          [-0.821,  0.627,  1.414,  0.830], 
          [-0.852,  0.625,  1.129,  0.836], 
          [-0.844,  0.721,  0.900,  0.813], 
          [-0.672,  0.647,  0.893,  0.744], 
          [-0.571,  0.665,  0.899,  0.711], 
          [-0.592,  0.621,  0.502,  0.773], 
          [-0.645,  0.510,  0.096,  0.821], 
          [-0.768,  0.636,  0.893,  0.730], 
          [-0.779,  0.725,  0.513,  0.793], 
          [-0.793,  0.684,  0.115,  0.777], 
          [-0.634,  0.836,  1.624,  0.758], 
          [-0.699,  0.817,  1.616,  0.834], 
          [-0.588,  0.748,  1.630,  0.848], 
          [-0.742,  0.731,  1.629,  0.792], 
          [-0.810,  0.840,  0.057,  0.705], 
          [-0.854,  0.806,  0.063,  0.709], 
          [-0.798,  0.649,  0.070,  0.685], 
          [-0.663,  0.658,  0.046,  0.690], 
          [-0.618,  0.637,  0.048,  0.626], 
          [-0.644,  0.469,  0.061,  0.678]
        ]
    },
    {
        "id": 2,
        "keypoints3d": [
          [ 1.030, -1.329,  1.583,  0.880], 
          [ 1.133, -1.407,  1.390,  0.857], 
          [ 1.250, -1.288,  1.394,  0.809], 
          [ 1.136, -1.152,  1.192,  0.772], 
          [ 0.971, -1.358,  1.197,  0.816], 
          [ 1.003, -1.517,  1.382,  0.812], 
          [ 0.911, -1.446,  1.146,  0.841], 
          [ 1.060, -1.243,  1.176,  0.745], 
          [ 1.088, -1.359,  0.857,  0.711], 
          [ 1.149, -1.279,  0.863,  0.701], 
          [ 1.176, -1.309,  0.474,  0.751], 
          [ 1.236, -1.350,  0.084,  0.787], 
          [ 1.021, -1.434,  0.858,  0.689], 
          [ 1.040, -1.434,  0.473,  0.711], 
          [ 1.073, -1.468,  0.101,  0.843], 
          [ 1.081, -1.303,  1.621,  0.762], 
          [ 1.022, -1.355,  1.612,  0.845], 
          [ 1.179, -1.318,  1.607,  0.900], 
          [ 1.051, -1.461,  1.588,  0.855], 
          [ 0.977, -1.356,  0.059,  0.716], 
          [ 0.958, -1.432,  0.058,  0.722], 
          [ 1.105, -1.481,  0.052,  0.702], 
          [ 1.117, -1.248,  0.051,  0.725], 
          [ 1.183, -1.222,  0.046,  0.732], 
          [ 1.248, -1.387,  0.039,  0.675]
        ]
    },
    {
        "id": 4,
        "keypoints3d": [
          [-0.941, -1.148,  1.524,  0.895], 
          [-1.015, -1.280,  1.350,  0.860], 
          [-0.873, -1.360,  1.334,  0.846], 
          [-0.920, -1.432,  1.069,  0.781], 
          [-1.028, -1.418,  0.855,  0.774], 
          [-1.154, -1.192,  1.364,  0.848], 
          [-1.212, -1.226,  1.104,  0.738], 
          [-1.154, -1.330,  0.873,  0.667], 
          [-1.035, -1.270,  0.827,  0.756], 
          [-0.950, -1.327,  0.822,  0.719], 
          [-1.008, -1.349,  0.436,  0.810], 
          [-1.053, -1.359,  0.095,  0.802], 
          [-1.121, -1.222,  0.826,  0.734], 
          [-1.146, -1.225,  0.453,  0.818], 
          [-1.222, -1.292,  0.089,  0.787], 
          [-0.905, -1.187,  1.548,  0.820], 
          [-0.969, -1.151,  1.566,  0.874], 
          [-0.891, -1.265,  1.539,  0.790], 
          [-1.045, -1.197,  1.559,  0.852], 
          [-1.189, -1.143,  0.041,  0.753], 
          [-1.235, -1.158,  0.046,  0.781], 
          [-1.224, -1.329,  0.043,  0.667], 
          [-0.969, -1.257,  0.063,  0.826], 
          [-0.954, -1.321,  0.072,  0.806], 
          [-1.074, -1.373,  0.046,  0.650]
        ]
    },
    {
        "id": 6,
        "keypoints3d": [
          [-0.126,  0.663,  1.431,  0.771], 
          [-0.067,  0.830,  1.297,  0.828], 
          [-0.199,  0.886,  1.305,  0.813], 
          [-0.276,  0.948,  1.058,  0.759], 
          [-0.316,  0.904,  0.841,  0.846], 
          [ 0.062,  0.785,  1.296,  0.778], 
          [ 0.141,  0.785,  1.063,  0.814], 
          [ 0.109,  0.701,  0.834,  0.795], 
          [-0.086,  0.846,  0.780,  0.731], 
          [-0.180,  0.876,  0.787,  0.697], 
          [-0.203,  0.796,  0.430,  0.751], 
          [-0.139,  0.810,  0.110,  0.768], 
          [ 0.007,  0.827,  0.785,  0.714], 
          [ 0.031,  0.860,  0.446,  0.756], 
          [ 0.056,  0.951,  0.089,  0.804], 
          [-0.161,  0.678,  1.488,  0.746], 
          [-0.109,  0.664,  1.474,  0.842], 
          [-0.178,  0.793,  1.512,  0.826], 
          [-0.025,  0.711,  1.486,  0.912], 
          [ 0.056,  0.793,  0.048,  0.627], 
          [ 0.106,  0.838,  0.058,  0.650], 
          [ 0.064,  0.985,  0.055,  0.699], 
          [-0.243,  0.714,  0.059,  0.743], 
          [-0.252,  0.753,  0.062,  0.733], 
          [-0.114,  0.818,  0.068,  0.755]
        ]
    }
]
