[
    {
        "id": 0,
        "keypoints3d": [
          [-1.040, -1.112,  1.525,  0.813], 
          [-1.068, -1.269,  1.356,  0.868], 
          [-0.917, -1.320,  1.356,  0.843], 
          [-0.916, -1.373,  1.084,  0.770], 
          [-1.006, -1.398,  0.869,  0.796], 
          [-1.232, -1.210,  1.359,  0.845], 
          [-1.275, -1.267,  1.091,  0.738], 
          [-1.237, -1.322,  0.885,  0.686], 
          [-1.073, -1.250,  0.831,  0.761], 
          [-0.984, -1.279,  0.823,  0.753], 
          [-1.022, -1.335,  0.457,  0.773], 
          [-1.048, -1.366,  0.104,  0.849], 
          [-1.166, -1.230,  0.834,  0.737], 
          [-1.192, -1.254,  0.452,  0.815], 
          [-1.237, -1.295,  0.095,  0.761], 
          [-1.016, -1.156,  1.564,  0.825], 
          [-1.076, -1.124,  1.562,  0.882], 
          [-0.991, -1.241,  1.558,  0.712], 
          [-1.139, -1.193,  1.546,  0.821], 
          [-1.204, -1.143,  0.051,  0.708], 
          [-1.252, -1.171,  0.055,  0.734], 
          [-1.233, -1.328,  0.058,  0.670], 
          [-0.991, -1.235,  0.087,  0.733], 
          [-0.963, -1.294,  0.080,  0.706], 
          [-1.060, -1.380,  0.050,  0.721]
        ]
    },
    {
        "id": 2,
        "keypoints3d": [
          [ 1.021, -1.335,  1.583,  0.882], 
          [ 1.133, -1.407,  1.389,  0.857], 
          [ 1.250, -1.295,  1.393,  0.829], 
          [ 1.136, -1.155,  1.192,  0.807], 
          [ 0.970, -1.356,  1.201,  0.801], 
          [ 0.999, -1.523,  1.377,  0.825], 
          [ 0.910, -1.446,  1.143,  0.856], 
          [ 1.060, -1.249,  1.183,  0.746], 
          [ 1.083, -1.365,  0.856,  0.713], 
          [ 1.145, -1.285,  0.861,  0.696], 
          [ 1.174, -1.310,  0.473,  0.818], 
          [ 1.236, -1.348,  0.081,  0.778], 
          [ 1.016, -1.439,  0.855,  0.699], 
          [ 1.037, -1.440,  0.469,  0.662], 
          [ 1.070, -1.467,  0.101,  0.843], 
          [ 1.077, -1.312,  1.618,  0.905], 
          [ 1.011, -1.362,  1.614,  0.871], 
          [ 1.164, -1.341,  1.602,  0.890], 
          [ 1.042, -1.463,  1.582,  0.829], 
          [ 0.977, -1.358,  0.057,  0.715], 
          [ 0.958, -1.434,  0.056,  0.732], 
          [ 1.104, -1.478,  0.052,  0.707], 
          [ 1.117, -1.247,  0.047,  0.730], 
          [ 1.185, -1.223,  0.041,  0.735], 
          [ 1.252, -1.389,  0.037,  0.674]
        ]
    },
    {
        "id": 4,
        "keypoints3d": [
          [-0.523,  1.181,  1.591,  0.846], 
          [-0.681,  1.084,  1.429,  0.879], 
          [-0.601,  0.946,  1.457,  0.856], 
          [-0.641,  0.822,  1.221,  0.729], 
          [-0.672,  0.809,  0.976,  0.812], 
          [-0.755,  1.227,  1.411,  0.831], 
          [-0.788,  1.278,  1.123,  0.739], 
          [-0.699,  1.320,  0.885,  0.851], 
          [-0.659,  1.021,  0.921,  0.698], 
          [-0.600,  0.941,  0.931,  0.674], 
          [-0.553,  0.996,  0.523,  0.738], 
          [-0.612,  0.968,  0.145,  0.840], 
          [-0.721,  1.115,  0.911,  0.707], 
          [-0.728,  1.101,  0.496,  0.803], 
          [-0.758,  1.052,  0.103,  0.811], 
          [-0.529,  1.161,  1.637,  0.760], 
          [-0.542,  1.220,  1.632,  0.747], 
          [-0.592,  1.081,  1.643,  0.816], 
          [-0.656,  1.209,  1.612,  0.695], 
          [-0.679,  1.148,  0.020,  0.678], 
          [-0.729,  1.150,  0.025,  0.628], 
          [-0.773,  1.012,  0.063,  0.629], 
          [-0.496,  1.061,  0.059,  0.647], 
          [-0.503,  1.000,  0.065,  0.635], 
          [-0.642,  0.955,  0.087,  0.730]
        ]
    },
    {
        "id": 6,
        "keypoints3d": [
          [-0.466,  0.408,  1.382,  0.899], 
          [-0.322,  0.510,  1.242,  0.835], 
          [-0.351,  0.642,  1.250,  0.807], 
          [-0.270,  0.733,  1.032,  0.810], 
          [-0.289,  0.742,  0.784,  0.842], 
          [-0.289,  0.354,  1.248,  0.804], 
          [-0.282,  0.215,  1.037,  0.846], 
          [-0.365,  0.148,  0.851,  0.872], 
          [-0.372,  0.503,  0.746,  0.727], 
          [-0.377,  0.607,  0.744,  0.720], 
          [-0.416,  0.634,  0.371,  0.737], 
          [-0.303,  0.735,  0.089,  0.797], 
          [-0.371,  0.404,  0.744,  0.697], 
          [-0.526,  0.380,  0.395,  0.684], 
          [-0.535,  0.314,  0.022,  0.757], 
          [-0.509,  0.433,  1.427,  0.860], 
          [-0.445,  0.398,  1.419,  0.788], 
          [-0.455,  0.522,  1.441,  0.804], 
          [-0.350,  0.410,  1.434,  0.794], 
          [-0.699,  0.345, -0.001,  0.708], 
          [-0.688,  0.281,  0.002,  0.697], 
          [-0.526,  0.313, -0.016,  0.642], 
          [-0.356,  0.737, -0.004,  0.638], 
          [-0.326,  0.762,  0.003,  0.647], 
          [-0.306,  0.749,  0.052,  0.712]
        ]
    }
]
