[
    {
        "id": 0,
        "keypoints3d": [
          [ 1.016, -1.338,  1.581,  0.883], 
          [ 1.133, -1.409,  1.387,  0.855], 
          [ 1.251, -1.298,  1.392,  0.824], 
          [ 1.134, -1.162,  1.188,  0.809], 
          [ 0.976, -1.360,  1.196,  0.816], 
          [ 1.000, -1.525,  1.377,  0.829], 
          [ 0.916, -1.452,  1.143,  0.853], 
          [ 1.061, -1.253,  1.176,  0.753], 
          [ 1.093, -1.360,  0.863,  0.734], 
          [ 1.152, -1.282,  0.866,  0.722], 
          [ 1.175, -1.309,  0.475,  0.719], 
          [ 1.238, -1.351,  0.083,  0.780], 
          [ 1.024, -1.435,  0.863,  0.719], 
          [ 1.039, -1.441,  0.470,  0.683], 
          [ 1.071, -1.466,  0.103,  0.840], 
          [ 1.071, -1.298,  1.621,  0.896], 
          [ 1.010, -1.362,  1.612,  0.866], 
          [ 1.161, -1.342,  1.601,  0.900], 
          [ 1.044, -1.464,  1.584,  0.830], 
          [ 0.978, -1.355,  0.063,  0.713], 
          [ 0.960, -1.432,  0.061,  0.724], 
          [ 1.106, -1.481,  0.053,  0.697], 
          [ 1.118, -1.248,  0.047,  0.716], 
          [ 1.185, -1.223,  0.041,  0.716], 
          [ 1.252, -1.388,  0.038,  0.675]
        ]
    },
    {
        "id": 2,
        "keypoints3d": [
          [-1.259, -1.150,  1.526,  0.876], 
          [-1.194, -1.276,  1.345,  0.897], 
          [-1.038, -1.266,  1.350,  0.861], 
          [-1.010, -1.326,  1.076,  0.792], 
          [-1.076, -1.369,  0.864,  0.763], 
          [-1.363, -1.276,  1.344,  0.850], 
          [-1.383, -1.328,  1.085,  0.761], 
          [-1.321, -1.355,  0.862,  0.624], 
          [-1.197, -1.233,  0.824,  0.743], 
          [-1.096, -1.228,  0.827,  0.737], 
          [-1.069, -1.219,  0.461,  0.824], 
          [-1.078, -1.299,  0.116,  0.833], 
          [-1.297, -1.247,  0.818,  0.727], 
          [-1.264, -1.268,  0.449,  0.788], 
          [-1.216, -1.304,  0.081,  0.837], 
          [-1.226, -1.163,  1.559,  0.898], 
          [-1.291, -1.194,  1.562,  0.797], 
          [-1.126, -1.187,  1.546,  0.857], 
          [-1.285, -1.277,  1.545,  0.845], 
          [-1.206, -1.151,  0.037,  0.746], 
          [-1.241, -1.176,  0.041,  0.763], 
          [-1.209, -1.356,  0.044,  0.611], 
          [-0.986, -1.186,  0.087,  0.693], 
          [-0.966, -1.234,  0.089,  0.682], 
          [-1.089, -1.328,  0.065,  0.737]
        ]
    },
    {
        "id": 4,
        "keypoints3d": [
          [-0.118,  1.158,  1.589,  0.796], 
          [-0.314,  1.206,  1.422,  0.839], 
          [-0.319,  1.040,  1.415,  0.796], 
          [-0.315,  1.016,  1.129,  0.849], 
          [-0.207,  1.022,  0.921,  0.779], 
          [-0.304,  1.362,  1.428,  0.816], 
          [-0.374,  1.437,  1.165,  0.812], 
          [-0.350,  1.468,  0.910,  0.859], 
          [-0.311,  1.230,  0.884,  0.715], 
          [-0.312,  1.137,  0.877,  0.713], 
          [-0.317,  1.161,  0.488,  0.835], 
          [-0.361,  1.215,  0.098,  0.815], 
          [-0.303,  1.330,  0.891,  0.718], 
          [-0.239,  1.342,  0.514,  0.851], 
          [-0.448,  1.294,  0.190,  0.819], 
          [-0.142,  1.110,  1.625,  0.680], 
          [-0.132,  1.187,  1.623,  0.869], 
          [-0.233,  1.094,  1.627,  0.802], 
          [-0.203,  1.252,  1.638,  0.827], 
          [-0.300,  1.353,  0.054,  0.588], 
          [-0.338,  1.380,  0.077,  0.619], 
          [-0.490,  1.286,  0.167,  0.730], 
          [-0.202,  1.245,  0.052,  0.735], 
          [-0.240,  1.194,  0.044,  0.738], 
          [-0.394,  1.220,  0.064,  0.675]
        ]
    },
    {
        "id": 6,
        "keypoints3d": [
          [-0.542,  0.172,  0.991,  0.827], 
          [-0.325,  0.109,  0.915,  0.861], 
          [-0.262,  0.253,  0.909,  0.818], 
          [-0.058,  0.311,  0.847,  0.813], 
          [-0.124,  0.297,  0.644,  0.786], 
          [-0.388, -0.029,  0.913,  0.797], 
          [-0.391, -0.251,  0.825,  0.686], 
          [-0.464, -0.141,  0.651,  0.683], 
          [-0.301,  0.091,  0.447,  0.734], 
          [-0.251,  0.186,  0.449,  0.723], 
          [-0.508,  0.490,  0.437,  0.794], 
          [-0.354,  0.481,  0.103,  0.804], 
          [-0.375,  0.009,  0.444,  0.686], 
          [-0.751,  0.133,  0.442,  0.853], 
          [-0.675,  0.201,  0.097,  0.815], 
          [-0.511,  0.197,  1.011,  0.959], 
          [-0.531,  0.146,  1.024,  0.826], 
          [-0.437,  0.245,  1.037,  0.702], 
          [-0.454,  0.089,  1.044,  0.835], 
          [-0.824,  0.230,  0.036,  0.730], 
          [-0.796,  0.185,  0.039,  0.739], 
          [-0.633,  0.220,  0.053,  0.687], 
          [-0.404,  0.620,  0.065,  0.669], 
          [-0.358,  0.610,  0.063,  0.713], 
          [-0.346,  0.447,  0.064,  0.693]
        ]
    }
]
