[
    {
        "id": 0,
        "keypoints3d": [
          [ 1.032, -1.330,  1.584,  0.885], 
          [ 1.132, -1.406,  1.388,  0.862], 
          [ 1.250, -1.296,  1.392,  0.831], 
          [ 1.137, -1.158,  1.185,  0.793], 
          [ 0.969, -1.356,  1.191,  0.812], 
          [ 0.998, -1.522,  1.377,  0.824], 
          [ 0.909, -1.449,  1.145,  0.849], 
          [ 1.060, -1.248,  1.177,  0.748], 
          [ 1.091, -1.355,  0.850,  0.726], 
          [ 1.154, -1.276,  0.861,  0.709], 
          [ 1.175, -1.310,  0.472,  0.815], 
          [ 1.237, -1.349,  0.081,  0.773], 
          [ 1.021, -1.433,  0.847,  0.712], 
          [ 1.038, -1.438,  0.464,  0.687], 
          [ 1.071, -1.466,  0.101,  0.755], 
          [ 1.080, -1.306,  1.620,  0.905], 
          [ 1.016, -1.364,  1.614,  0.872], 
          [ 1.172, -1.333,  1.606,  0.892], 
          [ 1.048, -1.464,  1.589,  0.840], 
          [ 0.976, -1.360,  0.063,  0.717], 
          [ 0.959, -1.431,  0.062,  0.737], 
          [ 1.106, -1.483,  0.054,  0.711], 
          [ 1.116, -1.247,  0.048,  0.724], 
          [ 1.184, -1.222,  0.042,  0.734], 
          [ 1.253, -1.388,  0.038,  0.673]
        ]
    },
    {
        "id": 2,
        "keypoints3d": [
          [-0.955, -1.138,  1.526,  0.901], 
          [-1.008, -1.275,  1.359,  0.857], 
          [-0.860, -1.343,  1.343,  0.855], 
          [-0.891, -1.408,  1.076,  0.731], 
          [-0.980, -1.426,  0.868,  0.699], 
          [-1.156, -1.204,  1.367,  0.836], 
          [-1.216, -1.259,  1.109,  0.802], 
          [-1.178, -1.328,  0.891,  0.715], 
          [-1.037, -1.273,  0.837,  0.766], 
          [-0.947, -1.315,  0.830,  0.742], 
          [-1.014, -1.349,  0.456,  0.801], 
          [-1.066, -1.355,  0.099,  0.814], 
          [-1.134, -1.231,  0.845,  0.745], 
          [-1.160, -1.244,  0.466,  0.783], 
          [-1.220, -1.294,  0.094,  0.749], 
          [-0.925, -1.156,  1.559,  0.788], 
          [-0.990, -1.150,  1.561,  0.861], 
          [-0.909, -1.255,  1.539,  0.803], 
          [-1.070, -1.196,  1.558,  0.850], 
          [-1.190, -1.144,  0.046,  0.712], 
          [-1.241, -1.162,  0.049,  0.752], 
          [-1.220, -1.332,  0.050,  0.708], 
          [-0.975, -1.252,  0.074,  0.805], 
          [-0.950, -1.311,  0.074,  0.782], 
          [-1.081, -1.368,  0.044,  0.651]
        ]
    },
    {
        "id": 4,
        "keypoints3d": [
          [-0.248,  0.588,  1.415,  0.815], 
          [-0.197,  0.655,  1.277,  0.851], 
          [-0.289,  0.783,  1.284,  0.795], 
          [-0.280,  0.902,  1.074,  0.844], 
          [-0.309,  0.898,  0.818,  0.915], 
          [-0.118,  0.543,  1.264,  0.837], 
          [-0.126,  0.485,  1.010,  0.858], 
          [-0.240,  0.470,  0.768,  0.859], 
          [-0.247,  0.670,  0.751,  0.731], 
          [-0.275,  0.767,  0.762,  0.714], 
          [-0.312,  0.709,  0.405,  0.757], 
          [-0.193,  0.719,  0.105,  0.809], 
          [-0.201,  0.594,  0.749,  0.721], 
          [-0.274,  0.588,  0.372,  0.784], 
          [-0.230,  0.739,  0.084,  0.784], 
          [-0.303,  0.561,  1.457,  0.867], 
          [-0.212,  0.549,  1.456,  0.872], 
          [-0.303,  0.642,  1.478,  0.915], 
          [-0.170,  0.553,  1.467,  0.818], 
          [-0.311,  0.816, -0.100,  0.572], 
          [-0.331,  0.826, -0.107,  0.599], 
          [-0.201,  0.786,  0.080,  0.655], 
          [-0.316,  0.657,  0.039,  0.596], 
          [-0.303,  0.693,  0.044,  0.635], 
          [-0.151,  0.710,  0.055,  0.719]
        ]
    },
    {
        "id": 6,
        "keypoints3d": [
          [-0.594,  1.050,  1.579,  0.874], 
          [-0.698,  0.906,  1.412,  0.899], 
          [-0.562,  0.821,  1.427,  0.862], 
          [-0.529,  0.736,  1.167,  0.859], 
          [-0.466,  0.766,  0.858,  0.877], 
          [-0.849,  0.973,  1.406,  0.869], 
          [-0.904,  0.953,  1.118,  0.878], 
          [-0.925,  1.020,  0.865,  0.867], 
          [-0.694,  0.847,  0.895,  0.749], 
          [-0.598,  0.809,  0.905,  0.760], 
          [-0.623,  0.784,  0.520,  0.832], 
          [-0.652,  0.605,  0.183,  0.858], 
          [-0.803,  0.887,  0.896,  0.738], 
          [-0.790,  0.991,  0.493,  0.838], 
          [-0.777,  1.020,  0.113,  0.852], 
          [-0.577,  1.020,  1.614,  0.649], 
          [-0.630,  1.066,  1.601,  0.828], 
          [-0.595,  0.936,  1.619,  0.858], 
          [-0.729,  1.016,  1.615,  0.795], 
          [-0.688,  1.127,  0.024,  0.689], 
          [-0.742,  1.132,  0.027,  0.727], 
          [-0.783,  1.009,  0.057,  0.702], 
          [-0.651,  0.730,  0.078,  0.681], 
          [-0.611,  0.691,  0.093,  0.690], 
          [-0.668,  0.574,  0.161,  0.776]
        ]
    }
]
