[
    {
        "id": 0,
        "keypoints3d": [
          [ 1.026, -1.332,  1.582,  0.882], 
          [ 1.133, -1.407,  1.388,  0.860], 
          [ 1.250, -1.296,  1.392,  0.830], 
          [ 1.133, -1.162,  1.186,  0.799], 
          [ 0.967, -1.359,  1.192,  0.810], 
          [ 0.998, -1.522,  1.378,  0.825], 
          [ 0.910, -1.445,  1.145,  0.854], 
          [ 1.060, -1.248,  1.180,  0.750], 
          [ 1.087, -1.359,  0.861,  0.725], 
          [ 1.152, -1.282,  0.867,  0.714], 
          [ 1.175, -1.311,  0.473,  0.699], 
          [ 1.237, -1.349,  0.081,  0.783], 
          [ 1.020, -1.435,  0.860,  0.709], 
          [ 1.041, -1.438,  0.473,  0.694], 
          [ 1.073, -1.467,  0.100,  0.768], 
          [ 1.077, -1.312,  1.618,  0.909], 
          [ 1.015, -1.364,  1.611,  0.873], 
          [ 1.168, -1.334,  1.604,  0.893], 
          [ 1.047, -1.464,  1.589,  0.836], 
          [ 0.976, -1.355,  0.060,  0.713], 
          [ 0.959, -1.432,  0.058,  0.733], 
          [ 1.102, -1.483,  0.050,  0.708], 
          [ 1.116, -1.246,  0.048,  0.726], 
          [ 1.185, -1.223,  0.041,  0.735], 
          [ 1.252, -1.389,  0.038,  0.673]
        ]
    },
    {
        "id": 2,
        "keypoints3d": [
          [-0.969, -1.132,  1.530,  0.891], 
          [-1.029, -1.271,  1.355,  0.871], 
          [-0.870, -1.336,  1.343,  0.857], 
          [-0.897, -1.396,  1.068,  0.690], 
          [-0.985, -1.422,  0.864,  0.702], 
          [-1.181, -1.213,  1.366,  0.840], 
          [-1.227, -1.268,  1.100,  0.796], 
          [-1.186, -1.333,  0.888,  0.736], 
          [-1.045, -1.265,  0.832,  0.756], 
          [-0.944, -1.305,  0.827,  0.738], 
          [-1.015, -1.339,  0.452,  0.796], 
          [-1.062, -1.359,  0.106,  0.800], 
          [-1.143, -1.233,  0.834,  0.744], 
          [-1.167, -1.256,  0.454,  0.717], 
          [-1.215, -1.301,  0.086,  0.846], 
          [-0.947, -1.149,  1.562,  0.814], 
          [-1.016, -1.133,  1.563,  0.886], 
          [-0.923, -1.244,  1.540,  0.710], 
          [-1.089, -1.185,  1.553,  0.834], 
          [-1.197, -1.140,  0.048,  0.709], 
          [-1.251, -1.165,  0.049,  0.748], 
          [-1.215, -1.332,  0.048,  0.702], 
          [-0.973, -1.245,  0.078,  0.805], 
          [-0.955, -1.303,  0.078,  0.775], 
          [-1.071, -1.374,  0.044,  0.656]
        ]
    },
    {
        "id": 4,
        "keypoints3d": [
          [-0.583,  1.121,  1.574,  0.745], 
          [-0.708,  0.983,  1.417,  0.860], 
          [-0.589,  0.888,  1.447,  0.787], 
          [-0.539,  0.836,  1.196,  0.649], 
          [-0.529,  0.809,  0.931,  0.796], 
          [-0.828,  1.087,  1.402,  0.836], 
          [-0.900,  1.090,  1.115,  0.787], 
          [-0.869,  1.162,  0.866,  0.789], 
          [-0.687,  0.951,  0.909,  0.726], 
          [-0.606,  0.904,  0.911,  0.685], 
          [-0.571,  0.879,  0.475,  0.818], 
          [-0.649,  0.758,  0.156,  0.830], 
          [-0.759,  1.014,  0.906,  0.722], 
          [-0.771,  1.043,  0.496,  0.839], 
          [-0.781,  1.029,  0.102,  0.837], 
          [-0.568,  1.114,  1.614,  0.698], 
          [-0.614,  1.148,  1.608,  0.711], 
          [-0.610,  1.004,  1.629,  0.862], 
          [-0.710,  1.131,  1.609,  0.839], 
          [-0.686,  1.148,  0.029,  0.744], 
          [-0.736,  1.152,  0.034,  0.759], 
          [-0.797,  0.997,  0.051,  0.692], 
          [-0.635,  0.770,  0.032,  0.616], 
          [-0.600,  0.748,  0.050,  0.601], 
          [-0.681,  0.726,  0.130,  0.727]
        ]
    },
    {
        "id": 6,
        "keypoints3d": [
          [-0.340,  0.503,  1.417,  0.798], 
          [-0.227,  0.630,  1.290,  0.843], 
          [-0.310,  0.747,  1.298,  0.849], 
          [-0.264,  0.868,  1.105,  0.830], 
          [-0.307,  0.887,  0.860,  0.843], 
          [-0.137,  0.513,  1.282,  0.818], 
          [-0.096,  0.422,  1.060,  0.856], 
          [-0.205,  0.338,  0.866,  0.756], 
          [-0.273,  0.654,  0.781,  0.767], 
          [-0.306,  0.737,  0.783,  0.740], 
          [-0.327,  0.719,  0.440,  0.701], 
          [-0.194,  0.723,  0.129,  0.737], 
          [-0.238,  0.566,  0.790,  0.708], 
          [-0.395,  0.541,  0.468,  0.738], 
          [-0.337,  0.550,  0.148,  0.636], 
          [-0.375,  0.489,  1.478,  0.666], 
          [-0.303,  0.478,  1.459,  0.815], 
          [-0.358,  0.585,  1.477,  0.900], 
          [-0.219,  0.522,  1.473,  0.832], 
          [-0.442,  0.547,  0.065,  0.563], 
          [-0.431,  0.519,  0.071,  0.552], 
          [-0.328,  0.556,  0.120,  0.609], 
          [-0.317,  0.668,  0.032,  0.563], 
          [-0.287,  0.704,  0.044,  0.556], 
          [-0.155,  0.725,  0.085,  0.646]
        ]
    }
]
