[
    {
        "id": 0,
        "keypoints3d": [
          [-0.942, -1.148,  1.524,  0.888], 
          [-1.015, -1.280,  1.350,  0.858], 
          [-0.872, -1.358,  1.335,  0.845], 
          [-0.920, -1.432,  1.069,  0.782], 
          [-1.028, -1.419,  0.855,  0.776], 
          [-1.153, -1.191,  1.364,  0.848], 
          [-1.212, -1.226,  1.104,  0.738], 
          [-1.154, -1.330,  0.873,  0.667], 
          [-1.035, -1.270,  0.827,  0.757], 
          [-0.949, -1.327,  0.822,  0.718], 
          [-1.007, -1.347,  0.436,  0.809], 
          [-1.053, -1.359,  0.095,  0.804], 
          [-1.120, -1.220,  0.826,  0.735], 
          [-1.146, -1.223,  0.453,  0.816], 
          [-1.223, -1.289,  0.092,  0.789], 
          [-0.901, -1.179,  1.549,  0.809], 
          [-0.969, -1.151,  1.566,  0.874], 
          [-0.887, -1.258,  1.539,  0.785], 
          [-1.045, -1.197,  1.559,  0.852], 
          [-1.189, -1.143,  0.040,  0.758], 
          [-1.234, -1.158,  0.046,  0.788], 
          [-1.223, -1.328,  0.044,  0.671], 
          [-0.969, -1.260,  0.062,  0.834], 
          [-0.954, -1.324,  0.071,  0.811], 
          [-1.075, -1.372,  0.048,  0.651]
        ]
    },
    {
        "id": 2,
        "keypoints3d": [
          [ 1.030, -1.329,  1.583,  0.880], 
          [ 1.133, -1.407,  1.390,  0.856], 
          [ 1.250, -1.288,  1.394,  0.809], 
          [ 1.136, -1.152,  1.192,  0.771], 
          [ 0.971, -1.358,  1.197,  0.816], 
          [ 1.003, -1.517,  1.382,  0.812], 
          [ 0.912, -1.447,  1.145,  0.844], 
          [ 1.060, -1.243,  1.176,  0.745], 
          [ 1.088, -1.358,  0.858,  0.711], 
          [ 1.150, -1.279,  0.863,  0.701], 
          [ 1.176, -1.309,  0.474,  0.751], 
          [ 1.236, -1.350,  0.084,  0.787], 
          [ 1.021, -1.434,  0.858,  0.689], 
          [ 1.040, -1.432,  0.474,  0.711], 
          [ 1.073, -1.468,  0.101,  0.843], 
          [ 1.081, -1.303,  1.621,  0.762], 
          [ 1.022, -1.355,  1.612,  0.845], 
          [ 1.179, -1.318,  1.607,  0.899], 
          [ 1.051, -1.461,  1.588,  0.856], 
          [ 0.977, -1.356,  0.059,  0.717], 
          [ 0.958, -1.432,  0.058,  0.723], 
          [ 1.105, -1.481,  0.052,  0.702], 
          [ 1.116, -1.248,  0.051,  0.725], 
          [ 1.182, -1.222,  0.046,  0.731], 
          [ 1.248, -1.387,  0.039,  0.676]
        ]
    },
    {
        "id": 4,
        "keypoints3d": [
          [-0.661,  0.829,  1.585,  0.847], 
          [-0.657,  0.644,  1.420,  0.871], 
          [-0.499,  0.658,  1.417,  0.821], 
          [-0.455,  0.672,  1.175,  0.771], 
          [-0.478,  0.719,  0.909,  0.919], 
          [-0.819,  0.630,  1.415,  0.830], 
          [-0.852,  0.625,  1.129,  0.836], 
          [-0.844,  0.721,  0.900,  0.813], 
          [-0.664,  0.650,  0.883,  0.729], 
          [-0.565,  0.663,  0.887,  0.698], 
          [-0.593,  0.613,  0.491,  0.786], 
          [-0.645,  0.510,  0.096,  0.821], 
          [-0.759,  0.644,  0.887,  0.715], 
          [-0.773,  0.732,  0.513,  0.821], 
          [-0.793,  0.684,  0.115,  0.777], 
          [-0.638,  0.832,  1.622,  0.800], 
          [-0.699,  0.817,  1.616,  0.834], 
          [-0.587,  0.750,  1.629,  0.839], 
          [-0.742,  0.731,  1.629,  0.792], 
          [-0.810,  0.840,  0.057,  0.705], 
          [-0.854,  0.806,  0.063,  0.709], 
          [-0.798,  0.649,  0.070,  0.685], 
          [-0.663,  0.658,  0.046,  0.690], 
          [-0.618,  0.637,  0.048,  0.626], 
          [-0.644,  0.469,  0.061,  0.678]
        ]
    },
    {
        "id": 6,
        "keypoints3d": [
          [-0.125,  0.668,  1.438,  0.785], 
          [-0.066,  0.833,  1.300,  0.837], 
          [-0.201,  0.884,  1.305,  0.817], 
          [-0.277,  0.950,  1.060,  0.793], 
          [-0.316,  0.905,  0.842,  0.811], 
          [ 0.063,  0.791,  1.302,  0.780], 
          [ 0.145,  0.794,  1.072,  0.824], 
          [ 0.122,  0.720,  0.842,  0.802], 
          [-0.083,  0.855,  0.786,  0.730], 
          [-0.180,  0.878,  0.789,  0.703], 
          [-0.204,  0.801,  0.436,  0.757], 
          [-0.133,  0.816,  0.113,  0.766], 
          [ 0.008,  0.830,  0.788,  0.711], 
          [ 0.030,  0.864,  0.452,  0.758], 
          [ 0.056,  0.951,  0.089,  0.805], 
          [-0.161,  0.678,  1.488,  0.746], 
          [-0.100,  0.680,  1.476,  0.821], 
          [-0.178,  0.793,  1.512,  0.826], 
          [-0.012,  0.726,  1.492,  0.910], 
          [ 0.054,  0.795,  0.054,  0.621], 
          [ 0.106,  0.838,  0.058,  0.641], 
          [ 0.065,  0.984,  0.053,  0.698], 
          [-0.229,  0.726,  0.062,  0.744], 
          [-0.244,  0.763,  0.066,  0.731], 
          [-0.101,  0.834,  0.078,  0.751]
        ]
    }
]
