[
    {
        "id": 0,
        "keypoints3d": [
          [-1.047, -1.118,  1.525,  0.889], 
          [-1.073, -1.272,  1.352,  0.875], 
          [-0.917, -1.319,  1.356,  0.844], 
          [-0.918, -1.374,  1.084,  0.768], 
          [-1.011, -1.400,  0.869,  0.804], 
          [-1.237, -1.212,  1.359,  0.842], 
          [-1.280, -1.272,  1.091,  0.750], 
          [-1.236, -1.318,  0.880,  0.727], 
          [-1.075, -1.250,  0.829,  0.756], 
          [-0.984, -1.279,  0.821,  0.749], 
          [-1.021, -1.334,  0.456,  0.771], 
          [-1.048, -1.366,  0.103,  0.849], 
          [-1.169, -1.230,  0.831,  0.738], 
          [-1.194, -1.255,  0.449,  0.813], 
          [-1.238, -1.296,  0.094,  0.762], 
          [-1.018, -1.157,  1.562,  0.825], 
          [-1.081, -1.130,  1.561,  0.886], 
          [-0.997, -1.244,  1.557,  0.710], 
          [-1.142, -1.195,  1.546,  0.815], 
          [-1.204, -1.143,  0.052,  0.714], 
          [-1.252, -1.171,  0.055,  0.741], 
          [-1.235, -1.328,  0.057,  0.665], 
          [-0.990, -1.238,  0.087,  0.723], 
          [-0.961, -1.296,  0.080,  0.702], 
          [-1.061, -1.379,  0.047,  0.722]
        ]
    },
    {
        "id": 2,
        "keypoints3d": [
          [ 1.021, -1.335,  1.583,  0.881], 
          [ 1.133, -1.407,  1.389,  0.856], 
          [ 1.250, -1.296,  1.393,  0.828], 
          [ 1.135, -1.156,  1.187,  0.822], 
          [ 0.970, -1.356,  1.197,  0.811], 
          [ 0.999, -1.523,  1.377,  0.827], 
          [ 0.910, -1.446,  1.143,  0.858], 
          [ 1.061, -1.249,  1.185,  0.751], 
          [ 1.085, -1.363,  0.856,  0.706], 
          [ 1.150, -1.281,  0.862,  0.688], 
          [ 1.174, -1.310,  0.473,  0.818], 
          [ 1.237, -1.349,  0.081,  0.780], 
          [ 1.016, -1.439,  0.855,  0.696], 
          [ 1.035, -1.441,  0.467,  0.664], 
          [ 1.070, -1.467,  0.101,  0.843], 
          [ 1.077, -1.312,  1.619,  0.905], 
          [ 1.012, -1.361,  1.615,  0.870], 
          [ 1.166, -1.337,  1.603,  0.890], 
          [ 1.042, -1.463,  1.582,  0.826], 
          [ 0.977, -1.358,  0.057,  0.715], 
          [ 0.958, -1.434,  0.056,  0.731], 
          [ 1.104, -1.478,  0.052,  0.707], 
          [ 1.117, -1.247,  0.047,  0.729], 
          [ 1.185, -1.223,  0.041,  0.735], 
          [ 1.252, -1.389,  0.037,  0.674]
        ]
    },
    {
        "id": 4,
        "keypoints3d": [
          [-0.487,  0.401,  1.377,  0.884], 
          [-0.340,  0.493,  1.238,  0.837], 
          [-0.359,  0.633,  1.251,  0.803], 
          [-0.307,  0.697,  1.023,  0.787], 
          [-0.332,  0.703,  0.777,  0.833], 
          [-0.312,  0.344,  1.242,  0.824], 
          [-0.311,  0.209,  1.028,  0.830], 
          [-0.386,  0.134,  0.840,  0.863], 
          [-0.396,  0.483,  0.741,  0.726], 
          [-0.392,  0.586,  0.739,  0.721], 
          [-0.421,  0.620,  0.359,  0.706], 
          [-0.308,  0.725,  0.081,  0.785], 
          [-0.401,  0.387,  0.736,  0.703], 
          [-0.564,  0.337,  0.399,  0.701], 
          [-0.578,  0.264,  0.043,  0.791], 
          [-0.507,  0.434,  1.411,  0.746], 
          [-0.461,  0.389,  1.407,  0.820], 
          [-0.453,  0.523,  1.439,  0.807], 
          [-0.361,  0.409,  1.432,  0.802], 
          [-0.745,  0.287,  0.008,  0.712], 
          [-0.740,  0.223,  0.013,  0.725], 
          [-0.573,  0.267,  0.009,  0.679], 
          [-0.364,  0.731, -0.015,  0.689], 
          [-0.332,  0.754, -0.004,  0.705], 
          [-0.312,  0.737,  0.042,  0.703]
        ]
    },
    {
        "id": 6,
        "keypoints3d": [
          [-0.517,  1.181,  1.591,  0.847], 
          [-0.678,  1.087,  1.430,  0.879], 
          [-0.600,  0.947,  1.458,  0.855], 
          [-0.639,  0.830,  1.222,  0.708], 
          [-0.672,  0.814,  0.976,  0.808], 
          [-0.747,  1.235,  1.411,  0.839], 
          [-0.781,  1.290,  1.125,  0.795], 
          [-0.696,  1.322,  0.888,  0.842], 
          [-0.656,  1.026,  0.923,  0.688], 
          [-0.601,  0.942,  0.932,  0.672], 
          [-0.552,  0.999,  0.525,  0.720], 
          [-0.608,  0.975,  0.146,  0.811], 
          [-0.719,  1.116,  0.913,  0.703], 
          [-0.725,  1.103,  0.497,  0.790], 
          [-0.758,  1.053,  0.103,  0.796], 
          [-0.526,  1.161,  1.637,  0.756], 
          [-0.542,  1.220,  1.632,  0.747], 
          [-0.584,  1.081,  1.644,  0.839], 
          [-0.649,  1.216,  1.622,  0.695], 
          [-0.681,  1.149,  0.019,  0.664], 
          [-0.727,  1.152,  0.027,  0.667], 
          [-0.776,  1.017,  0.066,  0.609], 
          [-0.496,  1.061,  0.059,  0.647], 
          [-0.503,  1.000,  0.065,  0.635], 
          [-0.638,  0.964,  0.087,  0.652]
        ]
    }
]
