[
    {
        "id": 0,
        "keypoints3d": [
          [ 1.017, -1.337,  1.582,  0.878], 
          [ 1.134, -1.408,  1.389,  0.856], 
          [ 1.249, -1.297,  1.393,  0.829], 
          [ 1.134, -1.157,  1.185,  0.820], 
          [ 0.971, -1.356,  1.191,  0.820], 
          [ 1.001, -1.523,  1.377,  0.827], 
          [ 0.915, -1.444,  1.142,  0.860], 
          [ 1.061, -1.249,  1.179,  0.747], 
          [ 1.089, -1.358,  0.862,  0.711], 
          [ 1.152, -1.279,  0.869,  0.696], 
          [ 1.174, -1.310,  0.472,  0.817], 
          [ 1.237, -1.349,  0.081,  0.782], 
          [ 1.022, -1.435,  0.861,  0.697], 
          [ 1.040, -1.440,  0.471,  0.697], 
          [ 1.070, -1.467,  0.101,  0.843], 
          [ 1.075, -1.307,  1.620,  0.898], 
          [ 1.011, -1.362,  1.612,  0.866], 
          [ 1.167, -1.336,  1.602,  0.890], 
          [ 1.043, -1.464,  1.581,  0.824], 
          [ 0.977, -1.356,  0.059,  0.720], 
          [ 0.958, -1.434,  0.056,  0.734], 
          [ 1.102, -1.481,  0.050,  0.708], 
          [ 1.118, -1.243,  0.051,  0.729], 
          [ 1.185, -1.223,  0.041,  0.737], 
          [ 1.252, -1.390,  0.037,  0.676]
        ]
    },
    {
        "id": 2,
        "keypoints3d": [
          [-1.097, -1.129,  1.526,  0.874], 
          [-1.126, -1.264,  1.356,  0.850], 
          [-0.965, -1.309,  1.353,  0.875], 
          [-0.958, -1.361,  1.084,  0.802], 
          [-1.028, -1.384,  0.865,  0.758], 
          [-1.278, -1.236,  1.355,  0.834], 
          [-1.315, -1.294,  1.093,  0.820], 
          [-1.251, -1.360,  0.902,  0.598], 
          [-1.127, -1.248,  0.839,  0.765], 
          [-1.028, -1.268,  0.839,  0.763], 
          [-1.043, -1.315,  0.465,  0.807], 
          [-1.058, -1.360,  0.111,  0.808], 
          [-1.222, -1.229,  0.843,  0.729], 
          [-1.211, -1.257,  0.460,  0.836], 
          [-1.239, -1.290,  0.093,  0.858], 
          [-1.072, -1.135,  1.563,  0.801], 
          [-1.135, -1.123,  1.565,  0.794], 
          [-1.037, -1.234,  1.559,  0.772], 
          [-1.203, -1.196,  1.550,  0.804], 
          [-1.201, -1.145,  0.049,  0.715], 
          [-1.246, -1.168,  0.049,  0.741], 
          [-1.238, -1.321,  0.053,  0.690], 
          [-0.990, -1.239,  0.084,  0.715], 
          [-0.965, -1.286,  0.086,  0.695], 
          [-1.067, -1.383,  0.056,  0.659]
        ]
    },
    {
        "id": 4,
        "keypoints3d": [
          [-0.446,  1.187,  1.592,  0.827], 
          [-0.626,  1.136,  1.420,  0.857], 
          [-0.576,  0.973,  1.436,  0.833], 
          [-0.619,  0.891,  1.187,  0.735], 
          [-0.659,  0.887,  0.947,  0.715], 
          [-0.660,  1.284,  1.402,  0.826], 
          [-0.665,  1.351,  1.127,  0.830], 
          [-0.555,  1.369,  0.902,  0.817], 
          [-0.617,  1.089,  0.903,  0.712], 
          [-0.577,  1.000,  0.908,  0.683], 
          [-0.487,  1.071,  0.533,  0.776], 
          [-0.438,  1.143,  0.125,  0.819], 
          [-0.640,  1.184,  0.903,  0.701], 
          [-0.710,  1.124,  0.500,  0.786], 
          [-0.779,  1.032,  0.112,  0.830], 
          [-0.456,  1.144,  1.640,  0.844], 
          [-0.448,  1.211,  1.635,  0.775], 
          [-0.546,  1.094,  1.635,  0.852], 
          [-0.553,  1.243,  1.616,  0.844], 
          [-0.686,  1.157,  0.027,  0.669], 
          [-0.738,  1.147,  0.030,  0.689], 
          [-0.793,  0.981,  0.071,  0.706], 
          [-0.269,  1.204,  0.085,  0.706], 
          [-0.287,  1.148,  0.080,  0.692], 
          [-0.459,  1.154,  0.071,  0.743]
        ]
    },
    {
        "id": 6,
        "keypoints3d": [
          [-0.615,  0.367,  1.308,  0.891], 
          [-0.427,  0.405,  1.164,  0.852], 
          [-0.393,  0.552,  1.153,  0.840], 
          [-0.256,  0.584,  0.966,  0.836], 
          [-0.236,  0.534,  0.749,  0.833], 
          [-0.445,  0.261,  1.177,  0.848], 
          [-0.430,  0.090,  0.989,  0.847], 
          [-0.482,  0.012,  0.781,  0.799], 
          [-0.456,  0.360,  0.662,  0.758], 
          [-0.411,  0.449,  0.661,  0.747], 
          [-0.511,  0.584,  0.349,  0.773], 
          [-0.266,  0.550,  0.105,  0.717], 
          [-0.494,  0.262,  0.666,  0.742], 
          [-0.730,  0.256,  0.441,  0.679], 
          [-0.669,  0.225,  0.083,  0.778], 
          [-0.613,  0.414,  1.332,  0.887], 
          [-0.598,  0.350,  1.346,  0.737], 
          [-0.544,  0.492,  1.336,  0.680], 
          [-0.500,  0.344,  1.360,  0.891], 
          [-0.834,  0.237,  0.040,  0.809], 
          [-0.801,  0.187,  0.049,  0.810], 
          [-0.636,  0.225,  0.043,  0.769], 
          [-0.324,  0.656,  0.051,  0.707], 
          [-0.264,  0.660,  0.059,  0.750], 
          [-0.223,  0.523,  0.080,  0.629]
        ]
    }
]
