[
    {
        "id": 0,
        "keypoints3d": [
          [ 1.028, -1.330,  1.584,  0.887], 
          [ 1.132, -1.406,  1.388,  0.859], 
          [ 1.250, -1.296,  1.392,  0.824], 
          [ 1.136, -1.156,  1.186,  0.756], 
          [ 0.969, -1.357,  1.193,  0.804], 
          [ 0.996, -1.519,  1.378,  0.822], 
          [ 0.912, -1.446,  1.146,  0.845], 
          [ 1.051, -1.248,  1.174,  0.751], 
          [ 1.080, -1.364,  0.851,  0.720], 
          [ 1.146, -1.283,  0.859,  0.706], 
          [ 1.176, -1.309,  0.474,  0.748], 
          [ 1.239, -1.349,  0.081,  0.789], 
          [ 1.011, -1.442,  0.852,  0.704], 
          [ 1.035, -1.442,  0.468,  0.679], 
          [ 1.072, -1.467,  0.106,  0.847], 
          [ 1.077, -1.312,  1.622,  0.900], 
          [ 1.016, -1.363,  1.615,  0.873], 
          [ 1.169, -1.329,  1.605,  0.895], 
          [ 1.060, -1.449,  1.578,  0.837], 
          [ 0.976, -1.360,  0.063,  0.719], 
          [ 0.959, -1.431,  0.062,  0.731], 
          [ 1.107, -1.486,  0.052,  0.709], 
          [ 1.117, -1.247,  0.048,  0.729], 
          [ 1.184, -1.222,  0.042,  0.738], 
          [ 1.251, -1.387,  0.039,  0.674]
        ]
    },
    {
        "id": 2,
        "keypoints3d": [
          [-0.950, -1.140,  1.524,  0.905], 
          [-1.009, -1.274,  1.356,  0.858], 
          [-0.864, -1.350,  1.341,  0.852], 
          [-0.899, -1.420,  1.076,  0.802], 
          [-0.976, -1.430,  0.864,  0.692], 
          [-1.145, -1.196,  1.366,  0.848], 
          [-1.215, -1.243,  1.108,  0.789], 
          [-1.152, -1.325,  0.890,  0.644], 
          [-1.034, -1.271,  0.837,  0.768], 
          [-0.949, -1.320,  0.830,  0.731], 
          [-1.010, -1.344,  0.448,  0.808], 
          [-1.066, -1.354,  0.102,  0.818], 
          [-1.128, -1.229,  0.842,  0.748], 
          [-1.158, -1.233,  0.462,  0.801], 
          [-1.225, -1.291,  0.096,  0.772], 
          [-0.919, -1.170,  1.555,  0.850], 
          [-0.978, -1.146,  1.563,  0.874], 
          [-0.898, -1.262,  1.542,  0.785], 
          [-1.058, -1.192,  1.557,  0.868], 
          [-1.191, -1.143,  0.038,  0.745], 
          [-1.238, -1.161,  0.041,  0.785], 
          [-1.222, -1.329,  0.051,  0.732], 
          [-0.968, -1.257,  0.065,  0.819], 
          [-0.956, -1.317,  0.068,  0.789], 
          [-1.084, -1.367,  0.044,  0.659]
        ]
    },
    {
        "id": 4,
        "keypoints3d": [
          [-0.243,  0.570,  1.406,  0.752], 
          [-0.150,  0.725,  1.272,  0.853], 
          [-0.259,  0.833,  1.275,  0.841], 
          [-0.277,  0.916,  1.031,  0.742], 
          [-0.298,  0.923,  0.809,  0.829], 
          [-0.044,  0.631,  1.275,  0.836], 
          [ 0.009,  0.585,  1.030,  0.797], 
          [-0.067,  0.493,  0.825,  0.863], 
          [-0.185,  0.727,  0.752,  0.749], 
          [-0.261,  0.792,  0.754,  0.722], 
          [-0.289,  0.722,  0.411,  0.777], 
          [-0.194,  0.712,  0.093,  0.767], 
          [-0.116,  0.658,  0.750,  0.739], 
          [-0.120,  0.647,  0.408,  0.793], 
          [ 0.010,  0.841,  0.188,  0.810], 
          [-0.247,  0.603,  1.451,  0.927], 
          [-0.185,  0.570,  1.453,  0.838], 
          [-0.264,  0.689,  1.478,  0.872], 
          [-0.106,  0.620,  1.466,  0.904], 
          [-0.006,  0.770,  0.067,  0.601], 
          [ 0.029,  0.779,  0.084,  0.599], 
          [ 0.046,  0.897,  0.183,  0.715], 
          [-0.323,  0.654,  0.036,  0.638], 
          [-0.306,  0.683,  0.043,  0.670], 
          [-0.157,  0.712,  0.057,  0.764]
        ]
    },
    {
        "id": 6,
        "keypoints3d": [
          [-0.621,  0.977,  1.571,  0.808], 
          [-0.692,  0.814,  1.410,  0.891], 
          [-0.542,  0.758,  1.413,  0.842], 
          [-0.483,  0.683,  1.164,  0.776], 
          [-0.442,  0.638,  0.927,  0.809], 
          [-0.852,  0.859,  1.395,  0.861], 
          [-0.912,  0.872,  1.124,  0.829], 
          [-0.922,  0.921,  0.873,  0.864], 
          [-0.686,  0.780,  0.883,  0.733], 
          [-0.585,  0.748,  0.880,  0.729], 
          [-0.614,  0.704,  0.494,  0.761], 
          [-0.646,  0.555,  0.137,  0.777], 
          [-0.783,  0.826,  0.883,  0.719], 
          [-0.786,  0.919,  0.496,  0.796], 
          [-0.785,  1.010,  0.110,  0.858], 
          [-0.595,  0.972,  1.613,  0.808], 
          [-0.657,  0.979,  1.610,  0.820], 
          [-0.589,  0.878,  1.621,  0.827], 
          [-0.741,  0.926,  1.623,  0.790], 
          [-0.688,  1.152,  0.028,  0.662], 
          [-0.743,  1.139,  0.035,  0.704], 
          [-0.789,  0.988,  0.050,  0.709], 
          [-0.674,  0.673,  0.038,  0.716], 
          [-0.636,  0.643,  0.045,  0.705], 
          [-0.659,  0.486,  0.096,  0.659]
        ]
    }
]
