[
    {
        "id": 0,
        "keypoints3d": [
          [-0.955, -1.157,  1.522,  0.898], 
          [-1.038, -1.279,  1.349,  0.866], 
          [-0.889, -1.362,  1.333,  0.849], 
          [-0.948, -1.429,  1.063,  0.791], 
          [-1.032, -1.421,  0.848,  0.811], 
          [-1.180, -1.194,  1.358,  0.847], 
          [-1.243, -1.234,  1.099,  0.784], 
          [-1.168, -1.363,  0.881,  0.795], 
          [-1.042, -1.273,  0.832,  0.750], 
          [-0.954, -1.327,  0.827,  0.718], 
          [-1.007, -1.349,  0.440,  0.783], 
          [-1.062, -1.359,  0.106,  0.821], 
          [-1.133, -1.218,  0.833,  0.738], 
          [-1.137, -1.204,  0.462,  0.811], 
          [-1.226, -1.289,  0.102,  0.793], 
          [-0.930, -1.191,  1.545,  0.747], 
          [-0.982, -1.157,  1.561,  0.863], 
          [-0.913, -1.276,  1.533,  0.797], 
          [-1.067, -1.201,  1.561,  0.852], 
          [-1.193, -1.142,  0.045,  0.749], 
          [-1.236, -1.159,  0.049,  0.777], 
          [-1.228, -1.330,  0.051,  0.707], 
          [-0.968, -1.261,  0.065,  0.831], 
          [-0.955, -1.321,  0.070,  0.712], 
          [-1.074, -1.378,  0.052,  0.666]
        ]
    },
    {
        "id": 2,
        "keypoints3d": [
          [-0.655,  0.607,  1.590,  0.791], 
          [-0.616,  0.508,  1.423,  0.861], 
          [-0.494,  0.605,  1.422,  0.853], 
          [-0.454,  0.647,  1.150,  0.762], 
          [-0.484,  0.680,  0.899,  0.815], 
          [-0.733,  0.400,  1.427,  0.862], 
          [-0.766,  0.376,  1.158,  0.779], 
          [-0.773,  0.451,  0.943,  0.716], 
          [-0.654,  0.518,  0.882,  0.719], 
          [-0.565,  0.569,  0.882,  0.693], 
          [-0.589,  0.574,  0.502,  0.694], 
          [-0.635,  0.512,  0.107,  0.766], 
          [-0.736,  0.461,  0.886,  0.733], 
          [-0.805,  0.454,  0.519,  0.788], 
          [-0.706,  0.313,  0.151,  0.743], 
          [-0.616,  0.607,  1.616,  0.770], 
          [-0.599,  0.519,  1.591,  0.854], 
          [-0.577,  0.615,  1.627,  0.841], 
          [-0.747,  0.572,  1.632,  0.852], 
          [-0.812,  0.364,  0.030,  0.754], 
          [-0.808,  0.316,  0.038,  0.757], 
          [-0.661,  0.291,  0.102,  0.593], 
          [-0.686,  0.660,  0.048,  0.732], 
          [-0.644,  0.647,  0.037,  0.753], 
          [-0.632,  0.471,  0.060,  0.665]
        ]
    },
    {
        "id": 4,
        "keypoints3d": [
          [ 1.032, -1.325,  1.578,  0.879], 
          [ 1.130, -1.402,  1.391,  0.855], 
          [ 1.245, -1.281,  1.394,  0.802], 
          [ 1.133, -1.158,  1.185,  0.758], 
          [ 0.967, -1.365,  1.197,  0.811], 
          [ 1.005, -1.518,  1.383,  0.806], 
          [ 0.913, -1.444,  1.143,  0.839], 
          [ 1.061, -1.245,  1.175,  0.752], 
          [ 1.092, -1.354,  0.858,  0.712], 
          [ 1.148, -1.274,  0.866,  0.699], 
          [ 1.178, -1.306,  0.474,  0.762], 
          [ 1.237, -1.348,  0.086,  0.794], 
          [ 1.022, -1.433,  0.861,  0.693], 
          [ 1.041, -1.433,  0.477,  0.721], 
          [ 1.075, -1.466,  0.107,  0.766], 
          [ 1.080, -1.298,  1.617,  0.784], 
          [ 1.023, -1.353,  1.607,  0.849], 
          [ 1.180, -1.316,  1.608,  0.904], 
          [ 1.073, -1.433,  1.571,  0.885], 
          [ 0.983, -1.360,  0.058,  0.716], 
          [ 0.960, -1.434,  0.060,  0.722], 
          [ 1.108, -1.486,  0.052,  0.701], 
          [ 1.115, -1.246,  0.053,  0.652], 
          [ 1.181, -1.221,  0.047,  0.724], 
          [ 1.247, -1.386,  0.039,  0.672]
        ]
    },
    {
        "id": 6,
        "keypoints3d": [
          [-0.112,  0.748,  1.469,  0.887], 
          [-0.076,  0.910,  1.306,  0.853], 
          [-0.214,  0.916,  1.306,  0.830], 
          [-0.285,  0.922,  1.059,  0.782], 
          [-0.307,  0.851,  0.847,  0.841], 
          [ 0.075,  0.928,  1.319,  0.797], 
          [ 0.154,  0.962,  1.078,  0.882], 
          [ 0.175,  0.909,  0.849,  0.864], 
          [-0.071,  0.914,  0.781,  0.765], 
          [-0.172,  0.909,  0.781,  0.762], 
          [-0.133,  0.911,  0.420,  0.808], 
          [-0.116,  0.954,  0.078,  0.807], 
          [ 0.028,  0.925,  0.787,  0.735], 
          [ 0.035,  0.900,  0.434,  0.811], 
          [ 0.054,  0.944,  0.086,  0.816], 
          [-0.138,  0.759,  1.508,  0.760], 
          [-0.082,  0.758,  1.504,  0.849], 
          [-0.169,  0.871,  1.519,  0.763], 
          [-0.007,  0.829,  1.518,  0.819], 
          [ 0.055,  0.787,  0.055,  0.675], 
          [ 0.101,  0.821,  0.053,  0.682], 
          [ 0.057,  0.993,  0.055,  0.737], 
          [-0.106,  0.814,  0.047,  0.670], 
          [-0.135,  0.843,  0.033,  0.635], 
          [-0.097,  0.987,  0.041,  0.637]
        ]
    }
]
