[
    {
        "id": 0,
        "keypoints3d": [
          [ 1.029, -1.331,  1.586,  0.886], 
          [ 1.132, -1.406,  1.388,  0.858], 
          [ 1.248, -1.291,  1.390,  0.824], 
          [ 1.139, -1.155,  1.186,  0.744], 
          [ 0.973, -1.357,  1.196,  0.758], 
          [ 0.997, -1.519,  1.380,  0.820], 
          [ 0.912, -1.451,  1.146,  0.835], 
          [ 1.038, -1.264,  1.175,  0.742], 
          [ 1.082, -1.364,  0.854,  0.712], 
          [ 1.147, -1.283,  0.861,  0.699], 
          [ 1.177, -1.310,  0.473,  0.752], 
          [ 1.236, -1.351,  0.081,  0.787], 
          [ 1.015, -1.439,  0.857,  0.694], 
          [ 1.038, -1.437,  0.474,  0.709], 
          [ 1.072, -1.467,  0.106,  0.845], 
          [ 1.080, -1.305,  1.625,  0.791], 
          [ 1.015, -1.363,  1.615,  0.863], 
          [ 1.169, -1.331,  1.604,  0.895], 
          [ 1.061, -1.447,  1.579,  0.842], 
          [ 0.977, -1.361,  0.062,  0.719], 
          [ 0.959, -1.431,  0.062,  0.728], 
          [ 1.105, -1.483,  0.052,  0.705], 
          [ 1.116, -1.247,  0.048,  0.728], 
          [ 1.183, -1.223,  0.045,  0.738], 
          [ 1.248, -1.388,  0.039,  0.673]
        ]
    },
    {
        "id": 2,
        "keypoints3d": [
          [-0.946, -1.142,  1.521,  0.905], 
          [-1.010, -1.275,  1.355,  0.859], 
          [-0.865, -1.352,  1.340,  0.856], 
          [-0.903, -1.421,  1.073,  0.799], 
          [-0.995, -1.421,  0.859,  0.796], 
          [-1.145, -1.192,  1.368,  0.854], 
          [-1.218, -1.235,  1.113,  0.792], 
          [-1.146, -1.331,  0.888,  0.633], 
          [-1.035, -1.265,  0.830,  0.766], 
          [-0.952, -1.320,  0.827,  0.729], 
          [-1.008, -1.341,  0.444,  0.804], 
          [-1.062, -1.354,  0.094,  0.806], 
          [-1.128, -1.223,  0.833,  0.743], 
          [-1.155, -1.231,  0.454,  0.814], 
          [-1.222, -1.286,  0.093,  0.776], 
          [-0.913, -1.177,  1.549,  0.747], 
          [-0.972, -1.145,  1.561,  0.785], 
          [-0.897, -1.267,  1.542,  0.798], 
          [-1.050, -1.193,  1.556,  0.863], 
          [-1.191, -1.143,  0.037,  0.757], 
          [-1.239, -1.158,  0.044,  0.788], 
          [-1.227, -1.328,  0.050,  0.736], 
          [-0.969, -1.256,  0.065,  0.827], 
          [-0.955, -1.320,  0.071,  0.797], 
          [-1.080, -1.368,  0.041,  0.654]
        ]
    },
    {
        "id": 4,
        "keypoints3d": [
          [-0.215,  0.596,  1.412,  0.774], 
          [-0.132,  0.740,  1.270,  0.851], 
          [-0.244,  0.846,  1.279,  0.835], 
          [-0.275,  0.929,  1.046,  0.748], 
          [-0.300,  0.932,  0.812,  0.799], 
          [-0.026,  0.657,  1.270,  0.813], 
          [ 0.021,  0.600,  1.028,  0.806], 
          [-0.036,  0.531,  0.826,  0.874], 
          [-0.162,  0.744,  0.753,  0.753], 
          [-0.240,  0.790,  0.755,  0.719], 
          [-0.283,  0.732,  0.418,  0.746], 
          [-0.193,  0.716,  0.095,  0.773], 
          [-0.076,  0.701,  0.753,  0.737], 
          [-0.078,  0.718,  0.402,  0.794], 
          [ 0.033,  0.900,  0.137,  0.829], 
          [-0.241,  0.607,  1.453,  0.728], 
          [-0.176,  0.580,  1.451,  0.910], 
          [-0.250,  0.710,  1.481,  0.867], 
          [-0.090,  0.629,  1.469,  0.916], 
          [ 0.002,  0.801,  0.034,  0.559], 
          [ 0.070,  0.823,  0.054,  0.591], 
          [ 0.062,  0.948,  0.130,  0.699], 
          [-0.326,  0.646,  0.034,  0.667], 
          [-0.309,  0.679,  0.041,  0.705], 
          [-0.157,  0.717,  0.058,  0.694]
        ]
    },
    {
        "id": 6,
        "keypoints3d": [
          [-0.628,  0.966,  1.567,  0.782], 
          [-0.685,  0.785,  1.405,  0.872], 
          [-0.531,  0.739,  1.405,  0.819], 
          [-0.485,  0.700,  1.141,  0.794], 
          [-0.457,  0.711,  0.888,  0.852], 
          [-0.843,  0.830,  1.400,  0.846], 
          [-0.910,  0.814,  1.116,  0.852], 
          [-0.911,  0.897,  0.873,  0.848], 
          [-0.680,  0.759,  0.870,  0.732], 
          [-0.585,  0.720,  0.865,  0.716], 
          [-0.605,  0.691,  0.495,  0.784], 
          [-0.643,  0.561,  0.143,  0.788], 
          [-0.782,  0.792,  0.877,  0.721], 
          [-0.788,  0.884,  0.495,  0.821], 
          [-0.783,  1.002,  0.110,  0.828], 
          [-0.602,  0.968,  1.616,  0.816], 
          [-0.665,  0.951,  1.611,  0.820], 
          [-0.580,  0.848,  1.620,  0.762], 
          [-0.739,  0.894,  1.625,  0.842], 
          [-0.680,  1.143,  0.041,  0.725], 
          [-0.740,  1.131,  0.043,  0.695], 
          [-0.792,  0.977,  0.046,  0.718], 
          [-0.674,  0.674,  0.046,  0.790], 
          [-0.637,  0.642,  0.049,  0.780], 
          [-0.656,  0.491,  0.099,  0.671]
        ]
    }
]
