[
    {
        "id": 0,
        "keypoints3d": [
          [ 1.029, -1.331,  1.584,  0.887], 
          [ 1.133, -1.407,  1.390,  0.859], 
          [ 1.249, -1.294,  1.390,  0.825], 
          [ 1.138, -1.154,  1.187,  0.742], 
          [ 0.972, -1.357,  1.195,  0.760], 
          [ 0.997, -1.519,  1.380,  0.820], 
          [ 0.910, -1.448,  1.146,  0.836], 
          [ 1.035, -1.265,  1.175,  0.740], 
          [ 1.082, -1.363,  0.854,  0.712], 
          [ 1.147, -1.284,  0.861,  0.697], 
          [ 1.177, -1.310,  0.473,  0.752], 
          [ 1.236, -1.351,  0.084,  0.787], 
          [ 1.015, -1.440,  0.855,  0.695], 
          [ 1.038, -1.437,  0.474,  0.710], 
          [ 1.072, -1.467,  0.106,  0.844], 
          [ 1.079, -1.305,  1.622,  0.793], 
          [ 1.015, -1.363,  1.615,  0.865], 
          [ 1.169, -1.331,  1.604,  0.894], 
          [ 1.049, -1.463,  1.592,  0.832], 
          [ 0.978, -1.355,  0.063,  0.719], 
          [ 0.958, -1.430,  0.061,  0.724], 
          [ 1.105, -1.483,  0.052,  0.705], 
          [ 1.117, -1.248,  0.050,  0.730], 
          [ 1.183, -1.221,  0.048,  0.736], 
          [ 1.248, -1.387,  0.039,  0.676]
        ]
    },
    {
        "id": 2,
        "keypoints3d": [
          [-0.951, -1.143,  1.521,  0.895], 
          [-1.007, -1.277,  1.357,  0.858], 
          [-0.865, -1.353,  1.340,  0.854], 
          [-0.908, -1.420,  1.075,  0.775], 
          [-1.000, -1.422,  0.862,  0.788], 
          [-1.145, -1.192,  1.369,  0.853], 
          [-1.221, -1.235,  1.113,  0.785], 
          [-1.135, -1.344,  0.890,  0.752], 
          [-1.035, -1.265,  0.831,  0.766], 
          [-0.952, -1.319,  0.826,  0.728], 
          [-1.006, -1.343,  0.440,  0.802], 
          [-1.059, -1.356,  0.096,  0.792], 
          [-1.125, -1.220,  0.835,  0.741], 
          [-1.150, -1.231,  0.454,  0.806], 
          [-1.223, -1.292,  0.091,  0.774], 
          [-0.913, -1.185,  1.547,  0.746], 
          [-0.971, -1.145,  1.562,  0.797], 
          [-0.897, -1.267,  1.542,  0.803], 
          [-1.049, -1.194,  1.556,  0.847], 
          [-1.187, -1.142,  0.037,  0.759], 
          [-1.238, -1.158,  0.044,  0.796], 
          [-1.226, -1.332,  0.050,  0.738], 
          [-0.966, -1.253,  0.065,  0.821], 
          [-0.949, -1.319,  0.068,  0.792], 
          [-1.079, -1.369,  0.042,  0.649]
        ]
    },
    {
        "id": 4,
        "keypoints3d": [
          [-0.630,  0.954,  1.582,  0.845], 
          [-0.676,  0.757,  1.404,  0.892], 
          [-0.514,  0.710,  1.403,  0.845], 
          [-0.478,  0.689,  1.135,  0.818], 
          [-0.463,  0.712,  0.897,  0.815], 
          [-0.835,  0.789,  1.396,  0.862], 
          [-0.903,  0.795,  1.115,  0.838], 
          [-0.898,  0.874,  0.880,  0.856], 
          [-0.675,  0.748,  0.877,  0.756], 
          [-0.587,  0.716,  0.869,  0.753], 
          [-0.595,  0.687,  0.501,  0.784], 
          [-0.630,  0.592,  0.158,  0.789], 
          [-0.778,  0.766,  0.877,  0.739], 
          [-0.792,  0.864,  0.497,  0.831], 
          [-0.784,  0.984,  0.113,  0.755], 
          [-0.597,  0.945,  1.621,  0.801], 
          [-0.666,  0.927,  1.617,  0.819], 
          [-0.572,  0.810,  1.622,  0.756], 
          [-0.736,  0.867,  1.622,  0.818], 
          [-0.697,  1.132,  0.052,  0.718], 
          [-0.745,  1.125,  0.049,  0.691], 
          [-0.779,  0.957,  0.048,  0.719], 
          [-0.674,  0.674,  0.046,  0.789], 
          [-0.632,  0.650,  0.049,  0.783], 
          [-0.642,  0.524,  0.110,  0.676]
        ]
    },
    {
        "id": 6,
        "keypoints3d": [
          [-0.203,  0.604,  1.420,  0.712], 
          [-0.124,  0.761,  1.276,  0.835], 
          [-0.239,  0.854,  1.284,  0.836], 
          [-0.272,  0.934,  1.049,  0.686], 
          [-0.313,  0.950,  0.822,  0.749], 
          [-0.015,  0.673,  1.279,  0.810], 
          [ 0.044,  0.634,  1.039,  0.801], 
          [-0.016,  0.560,  0.811,  0.842], 
          [-0.162,  0.757,  0.753,  0.742], 
          [-0.239,  0.805,  0.757,  0.723], 
          [-0.280,  0.738,  0.408,  0.782], 
          [-0.196,  0.720,  0.098,  0.766], 
          [-0.072,  0.723,  0.762,  0.729], 
          [-0.057,  0.753,  0.408,  0.815], 
          [ 0.056,  0.912,  0.117,  0.838], 
          [-0.239,  0.617,  1.452,  0.624], 
          [-0.178,  0.598,  1.451,  0.852], 
          [-0.238,  0.727,  1.495,  0.825], 
          [-0.086,  0.636,  1.470,  0.890], 
          [ 0.035,  0.787,  0.031,  0.664], 
          [ 0.092,  0.819,  0.045,  0.662], 
          [ 0.078,  0.970,  0.095,  0.749], 
          [-0.340,  0.655,  0.040,  0.696], 
          [-0.319,  0.689,  0.051,  0.696], 
          [-0.161,  0.720,  0.064,  0.709]
        ]
    }
]
