[
    {
        "id": 0,
        "keypoints3d": [
          [ 1.016, -1.338,  1.581,  0.881], 
          [ 1.133, -1.408,  1.388,  0.855], 
          [ 1.249, -1.296,  1.393,  0.822], 
          [ 1.135, -1.161,  1.186,  0.815], 
          [ 0.975, -1.360,  1.200,  0.819], 
          [ 1.001, -1.524,  1.378,  0.828], 
          [ 0.916, -1.452,  1.143,  0.856], 
          [ 1.062, -1.253,  1.175,  0.756], 
          [ 1.090, -1.361,  0.863,  0.729], 
          [ 1.149, -1.284,  0.866,  0.716], 
          [ 1.175, -1.310,  0.474,  0.724], 
          [ 1.237, -1.350,  0.083,  0.787], 
          [ 1.021, -1.436,  0.860,  0.716], 
          [ 1.041, -1.442,  0.473,  0.677], 
          [ 1.070, -1.466,  0.103,  0.841], 
          [ 1.071, -1.298,  1.621,  0.897], 
          [ 1.010, -1.362,  1.612,  0.865], 
          [ 1.161, -1.342,  1.601,  0.900], 
          [ 1.044, -1.463,  1.584,  0.830], 
          [ 0.978, -1.355,  0.063,  0.715], 
          [ 0.959, -1.433,  0.057,  0.730], 
          [ 1.107, -1.477,  0.053,  0.702], 
          [ 1.118, -1.242,  0.048,  0.720], 
          [ 1.184, -1.224,  0.041,  0.725], 
          [ 1.252, -1.388,  0.038,  0.672]
        ]
    },
    {
        "id": 2,
        "keypoints3d": [
          [-1.254, -1.149,  1.525,  0.870], 
          [-1.190, -1.276,  1.345,  0.895], 
          [-1.034, -1.268,  1.350,  0.857], 
          [-1.011, -1.328,  1.072,  0.785], 
          [-1.070, -1.369,  0.859,  0.795], 
          [-1.359, -1.274,  1.346,  0.844], 
          [-1.380, -1.326,  1.088,  0.774], 
          [-1.332, -1.341,  0.852,  0.635], 
          [-1.188, -1.228,  0.822,  0.751], 
          [-1.088, -1.230,  0.821,  0.739], 
          [-1.071, -1.230,  0.457,  0.807], 
          [-1.078, -1.300,  0.112,  0.849], 
          [-1.284, -1.246,  0.818,  0.731], 
          [-1.259, -1.271,  0.448,  0.773], 
          [-1.220, -1.302,  0.083,  0.839], 
          [-1.223, -1.161,  1.561,  0.900], 
          [-1.282, -1.195,  1.565,  0.772], 
          [-1.121, -1.181,  1.544,  0.857], 
          [-1.275, -1.285,  1.543,  0.833], 
          [-1.202, -1.148,  0.037,  0.753], 
          [-1.248, -1.172,  0.042,  0.767], 
          [-1.213, -1.350,  0.042,  0.612], 
          [-0.981, -1.196,  0.082,  0.704], 
          [-0.960, -1.241,  0.085,  0.694], 
          [-1.089, -1.329,  0.066,  0.730]
        ]
    },
    {
        "id": 4,
        "keypoints3d": [
          [-0.156,  1.168,  1.582,  0.859], 
          [-0.356,  1.186,  1.419,  0.846], 
          [-0.343,  1.026,  1.408,  0.785], 
          [-0.353,  0.995,  1.131,  0.807], 
          [-0.272,  0.999,  0.894,  0.851], 
          [-0.365,  1.344,  1.429,  0.844], 
          [-0.419,  1.411,  1.150,  0.777], 
          [-0.404,  1.443,  0.908,  0.813], 
          [-0.344,  1.214,  0.883,  0.716], 
          [-0.332,  1.120,  0.873,  0.681], 
          [-0.324,  1.155,  0.479,  0.851], 
          [-0.380,  1.213,  0.095,  0.829], 
          [-0.364,  1.309,  0.888,  0.702], 
          [-0.326,  1.340,  0.497,  0.822], 
          [-0.572,  1.242,  0.231,  0.801], 
          [-0.195,  1.130,  1.622,  0.691], 
          [-0.158,  1.189,  1.616,  0.860], 
          [-0.260,  1.085,  1.620,  0.773], 
          [-0.241,  1.235,  1.629,  0.790], 
          [-0.505,  1.280,  0.072,  0.597], 
          [-0.547,  1.304,  0.100,  0.605], 
          [-0.626,  1.220,  0.225,  0.673], 
          [-0.208,  1.246,  0.046,  0.712], 
          [-0.238,  1.200,  0.041,  0.732], 
          [-0.409,  1.226,  0.057,  0.775]
        ]
    },
    {
        "id": 6,
        "keypoints3d": [
          [-0.574,  0.210,  0.993,  0.774], 
          [-0.369,  0.150,  0.908,  0.877], 
          [-0.303,  0.282,  0.904,  0.810], 
          [-0.068,  0.313,  0.865,  0.895], 
          [-0.115,  0.285,  0.663,  0.808], 
          [-0.428,  0.010,  0.905,  0.811], 
          [-0.395, -0.213,  0.831,  0.735], 
          [-0.466, -0.136,  0.639,  0.803], 
          [-0.339,  0.116,  0.453,  0.714], 
          [-0.292,  0.214,  0.460,  0.715], 
          [-0.528,  0.505,  0.407,  0.785], 
          [-0.347,  0.498,  0.099,  0.818], 
          [-0.397,  0.026,  0.447,  0.678], 
          [-0.744,  0.142,  0.439,  0.843], 
          [-0.683,  0.206,  0.098,  0.824], 
          [-0.552,  0.236,  1.025,  0.675], 
          [-0.575,  0.185,  1.042,  0.817], 
          [-0.453,  0.279,  1.022,  0.735], 
          [-0.482,  0.132,  1.048,  0.782], 
          [-0.827,  0.237,  0.036,  0.772], 
          [-0.802,  0.193,  0.038,  0.762], 
          [-0.641,  0.226,  0.048,  0.679], 
          [-0.351,  0.634,  0.064,  0.680], 
          [-0.309,  0.620,  0.068,  0.706], 
          [-0.318,  0.458,  0.062,  0.667]
        ]
    }
]
