[
    {
        "id": 0,
        "keypoints3d": [
          [ 1.017, -1.338,  1.582,  0.881], 
          [ 1.134, -1.408,  1.388,  0.858], 
          [ 1.248, -1.296,  1.393,  0.828], 
          [ 1.132, -1.158,  1.188,  0.814], 
          [ 0.971, -1.357,  1.198,  0.815], 
          [ 1.001, -1.523,  1.378,  0.827], 
          [ 0.914, -1.448,  1.142,  0.858], 
          [ 1.060, -1.252,  1.178,  0.749], 
          [ 1.094, -1.360,  0.861,  0.728], 
          [ 1.149, -1.280,  0.866,  0.711], 
          [ 1.172, -1.312,  0.469,  0.791], 
          [ 1.236, -1.348,  0.081,  0.774], 
          [ 1.024, -1.436,  0.861,  0.719], 
          [ 1.041, -1.442,  0.471,  0.675], 
          [ 1.071, -1.466,  0.103,  0.842], 
          [ 1.073, -1.303,  1.620,  0.898], 
          [ 1.011, -1.364,  1.611,  0.869], 
          [ 1.167, -1.338,  1.602,  0.896], 
          [ 1.044, -1.463,  1.583,  0.825], 
          [ 0.978, -1.357,  0.060,  0.717], 
          [ 0.959, -1.434,  0.055,  0.732], 
          [ 1.103, -1.479,  0.051,  0.702], 
          [ 1.119, -1.245,  0.045,  0.722], 
          [ 1.184, -1.225,  0.044,  0.729], 
          [ 1.254, -1.389,  0.037,  0.673]
        ]
    },
    {
        "id": 2,
        "keypoints3d": [
          [-1.216, -1.116,  1.524,  0.762], 
          [-1.174, -1.279,  1.341,  0.890], 
          [-1.015, -1.288,  1.347,  0.867], 
          [-1.005, -1.342,  1.066,  0.822], 
          [-1.046, -1.366,  0.861,  0.787], 
          [-1.327, -1.252,  1.338,  0.836], 
          [-1.354, -1.311,  1.081,  0.745], 
          [-1.272, -1.362,  0.862,  0.586], 
          [-1.163, -1.237,  0.821,  0.761], 
          [-1.065, -1.247,  0.824,  0.757], 
          [-1.023, -1.237,  0.464,  0.841], 
          [-1.064, -1.339,  0.114,  0.834], 
          [-1.263, -1.247,  0.820,  0.741], 
          [-1.260, -1.269,  0.450,  0.817], 
          [-1.217, -1.311,  0.078,  0.818], 
          [-1.186, -1.129,  1.555,  0.821], 
          [-1.239, -1.165,  1.554,  0.747], 
          [-1.104, -1.183,  1.536,  0.852], 
          [-1.255, -1.262,  1.538,  0.798], 
          [-1.212, -1.147,  0.039,  0.718], 
          [-1.254, -1.179,  0.043,  0.737], 
          [-1.207, -1.354,  0.039,  0.602], 
          [-0.994, -1.209,  0.087,  0.703], 
          [-0.961, -1.259,  0.092,  0.717], 
          [-1.070, -1.366,  0.065,  0.702]
        ]
    },
    {
        "id": 4,
        "keypoints3d": [
          [-0.298,  1.181,  1.576,  0.863], 
          [-0.476,  1.168,  1.408,  0.855], 
          [-0.440,  1.008,  1.407,  0.821], 
          [-0.418,  0.937,  1.159,  0.803], 
          [-0.430,  0.926,  0.947,  0.778], 
          [-0.511,  1.318,  1.409,  0.840], 
          [-0.550,  1.372,  1.136,  0.763], 
          [-0.455,  1.384,  0.904,  0.863], 
          [-0.486,  1.174,  0.879,  0.750], 
          [-0.464,  1.082,  0.877,  0.726], 
          [-0.402,  1.136,  0.484,  0.822], 
          [-0.373,  1.216,  0.100,  0.817], 
          [-0.521,  1.265,  0.884,  0.727], 
          [-0.598,  1.231,  0.494,  0.817], 
          [-0.758,  1.066,  0.145,  0.830], 
          [-0.313,  1.137,  1.611,  0.692], 
          [-0.309,  1.215,  1.613,  0.855], 
          [-0.385,  1.095,  1.608,  0.838], 
          [-0.379,  1.244,  1.622,  0.745], 
          [-0.674,  1.167,  0.033,  0.744], 
          [-0.720,  1.169,  0.039,  0.759], 
          [-0.792,  1.012,  0.108,  0.740], 
          [-0.203,  1.248,  0.059,  0.690], 
          [-0.231,  1.197,  0.051,  0.703], 
          [-0.398,  1.229,  0.051,  0.739]
        ]
    },
    {
        "id": 6,
        "keypoints3d": [
          [-0.643,  0.350,  1.193,  0.866], 
          [-0.432,  0.295,  1.080,  0.872], 
          [-0.382,  0.438,  1.063,  0.828], 
          [-0.184,  0.425,  0.953,  0.764], 
          [-0.153,  0.354,  0.746,  0.785], 
          [-0.477,  0.152,  1.098,  0.852], 
          [-0.466, -0.021,  0.913,  0.772], 
          [-0.489, -0.089,  0.703,  0.743], 
          [-0.407,  0.199,  0.600,  0.774], 
          [-0.383,  0.298,  0.603,  0.737], 
          [-0.560,  0.527,  0.391,  0.774], 
          [-0.301,  0.518,  0.115,  0.733], 
          [-0.442,  0.102,  0.604,  0.742], 
          [-0.752,  0.203,  0.444,  0.874], 
          [-0.663,  0.211,  0.083,  0.706], 
          [-0.646,  0.374,  1.233,  0.767], 
          [-0.639,  0.318,  1.251,  0.757], 
          [-0.546,  0.432,  1.223,  0.727], 
          [-0.554,  0.284,  1.257,  0.791], 
          [-0.831,  0.237,  0.045,  0.815], 
          [-0.798,  0.181,  0.042,  0.803], 
          [-0.635,  0.222,  0.040,  0.756], 
          [-0.335,  0.653,  0.052,  0.695], 
          [-0.278,  0.628,  0.063,  0.728], 
          [-0.267,  0.485,  0.095,  0.602]
        ]
    }
]
