[
    {
        "id": 0,
        "keypoints3d": [
          [-0.123,  0.672,  1.440,  0.820], 
          [-0.056,  0.838,  1.297,  0.857], 
          [-0.197,  0.890,  1.310,  0.826], 
          [-0.268,  0.940,  1.057,  0.761], 
          [-0.311,  0.899,  0.846,  0.839], 
          [ 0.077,  0.807,  1.293,  0.824], 
          [ 0.145,  0.805,  1.053,  0.862], 
          [ 0.132,  0.745,  0.837,  0.865], 
          [-0.069,  0.864,  0.781,  0.752], 
          [-0.175,  0.889,  0.786,  0.741], 
          [-0.181,  0.815,  0.433,  0.782], 
          [-0.164,  0.852,  0.062,  0.784], 
          [ 0.026,  0.834,  0.779,  0.738], 
          [ 0.030,  0.865,  0.437,  0.809], 
          [ 0.063,  0.942,  0.092,  0.823], 
          [-0.146,  0.693,  1.491,  0.825], 
          [-0.087,  0.673,  1.482,  0.878], 
          [-0.170,  0.800,  1.505,  0.780], 
          [-0.005,  0.731,  1.495,  0.793], 
          [ 0.044,  0.810,  0.054,  0.636], 
          [ 0.096,  0.847,  0.051,  0.681], 
          [ 0.072,  0.974,  0.059,  0.707], 
          [-0.232,  0.761,  0.036,  0.658], 
          [-0.224,  0.789,  0.044,  0.652], 
          [-0.150,  0.877, -0.011,  0.775]
        ]
    },
    {
        "id": 2,
        "keypoints3d": [
          [-0.946, -1.147,  1.522,  0.896], 
          [-1.018, -1.281,  1.350,  0.861], 
          [-0.875, -1.363,  1.334,  0.844], 
          [-0.923, -1.434,  1.067,  0.786], 
          [-1.018, -1.429,  0.863,  0.693], 
          [-1.155, -1.188,  1.362,  0.853], 
          [-1.212, -1.222,  1.108,  0.728], 
          [-1.142, -1.345,  0.882,  0.617], 
          [-1.038, -1.271,  0.829,  0.756], 
          [-0.952, -1.328,  0.823,  0.720], 
          [-1.007, -1.350,  0.437,  0.800], 
          [-1.052, -1.358,  0.098,  0.805], 
          [-1.125, -1.215,  0.828,  0.729], 
          [-1.149, -1.222,  0.453,  0.819], 
          [-1.224, -1.288,  0.093,  0.781], 
          [-0.907, -1.176,  1.551,  0.791], 
          [-0.970, -1.150,  1.566,  0.876], 
          [-0.887, -1.258,  1.536,  0.793], 
          [-1.049, -1.194,  1.558,  0.852], 
          [-1.189, -1.143,  0.040,  0.755], 
          [-1.234, -1.158,  0.045,  0.785], 
          [-1.225, -1.328,  0.051,  0.738], 
          [-0.969, -1.260,  0.062,  0.836], 
          [-0.954, -1.329,  0.068,  0.815], 
          [-1.070, -1.373,  0.052,  0.645]
        ]
    },
    {
        "id": 4,
        "keypoints3d": [
          [ 1.030, -1.328,  1.581,  0.881], 
          [ 1.133, -1.407,  1.390,  0.854], 
          [ 1.250, -1.288,  1.394,  0.809], 
          [ 1.136, -1.152,  1.190,  0.768], 
          [ 0.970, -1.358,  1.199,  0.811], 
          [ 1.003, -1.518,  1.381,  0.811], 
          [ 0.909, -1.446,  1.146,  0.844], 
          [ 1.056, -1.244,  1.176,  0.745], 
          [ 1.087, -1.358,  0.858,  0.707], 
          [ 1.150, -1.279,  0.863,  0.699], 
          [ 1.177, -1.307,  0.474,  0.745], 
          [ 1.236, -1.349,  0.082,  0.786], 
          [ 1.021, -1.434,  0.859,  0.688], 
          [ 1.038, -1.432,  0.474,  0.705], 
          [ 1.073, -1.468,  0.101,  0.842], 
          [ 1.079, -1.297,  1.619,  0.765], 
          [ 1.022, -1.355,  1.612,  0.846], 
          [ 1.179, -1.318,  1.608,  0.900], 
          [ 1.051, -1.461,  1.588,  0.855], 
          [ 0.977, -1.356,  0.059,  0.716], 
          [ 0.958, -1.432,  0.058,  0.722], 
          [ 1.108, -1.485,  0.052,  0.703], 
          [ 1.116, -1.248,  0.051,  0.726], 
          [ 1.182, -1.222,  0.046,  0.731], 
          [ 1.248, -1.387,  0.039,  0.675]
        ]
    },
    {
        "id": 6,
        "keypoints3d": [
          [-0.674,  0.812,  1.578,  0.843], 
          [-0.660,  0.627,  1.420,  0.887], 
          [-0.503,  0.662,  1.421,  0.803], 
          [-0.454,  0.671,  1.171,  0.700], 
          [-0.482,  0.721,  0.905,  0.828], 
          [-0.806,  0.587,  1.417,  0.842], 
          [-0.848,  0.590,  1.126,  0.847], 
          [-0.826,  0.684,  0.899,  0.810], 
          [-0.666,  0.629,  0.887,  0.726], 
          [-0.578,  0.648,  0.891,  0.698], 
          [-0.591,  0.609,  0.494,  0.781], 
          [-0.648,  0.512,  0.102,  0.815], 
          [-0.759,  0.609,  0.885,  0.712], 
          [-0.788,  0.665,  0.504,  0.817], 
          [-0.789,  0.589,  0.110,  0.812], 
          [-0.648,  0.806,  1.616,  0.830], 
          [-0.704,  0.787,  1.606,  0.817], 
          [-0.587,  0.724,  1.626,  0.845], 
          [-0.741,  0.707,  1.634,  0.740], 
          [-0.808,  0.726,  0.022,  0.690], 
          [-0.861,  0.704,  0.032,  0.728], 
          [-0.777,  0.554,  0.067,  0.722], 
          [-0.683,  0.658,  0.024,  0.726], 
          [-0.630,  0.639,  0.032,  0.721], 
          [-0.647,  0.474,  0.055,  0.668]
        ]
    }
]
