[
    {
        "id": 0,
        "keypoints3d": [
          [-0.946, -1.150,  1.523,  0.901], 
          [-1.021, -1.277,  1.350,  0.861], 
          [-0.878, -1.363,  1.335,  0.850], 
          [-0.925, -1.435,  1.066,  0.789], 
          [-1.019, -1.428,  0.861,  0.704], 
          [-1.153, -1.188,  1.363,  0.853], 
          [-1.213, -1.225,  1.110,  0.742], 
          [-1.147, -1.345,  0.882,  0.600], 
          [-1.033, -1.274,  0.835,  0.747], 
          [-0.947, -1.329,  0.831,  0.708], 
          [-1.007, -1.351,  0.435,  0.794], 
          [-1.059, -1.356,  0.103,  0.776], 
          [-1.125, -1.222,  0.839,  0.730], 
          [-1.154, -1.220,  0.456,  0.768], 
          [-1.230, -1.286,  0.096,  0.704], 
          [-0.919, -1.189,  1.548,  0.839], 
          [-0.968, -1.150,  1.566,  0.888], 
          [-0.894, -1.272,  1.534,  0.803], 
          [-1.048, -1.194,  1.556,  0.871], 
          [-1.189, -1.143,  0.041,  0.751], 
          [-1.231, -1.158,  0.045,  0.779], 
          [-1.222, -1.330,  0.047,  0.732], 
          [-0.969, -1.257,  0.063,  0.832], 
          [-0.951, -1.323,  0.069,  0.811], 
          [-1.067, -1.375,  0.055,  0.711]
        ]
    },
    {
        "id": 2,
        "keypoints3d": [
          [-0.126,  0.683,  1.444,  0.831], 
          [-0.054,  0.851,  1.300,  0.847], 
          [-0.198,  0.891,  1.309,  0.827], 
          [-0.276,  0.937,  1.061,  0.818], 
          [-0.311,  0.892,  0.846,  0.856], 
          [ 0.083,  0.831,  1.294,  0.843], 
          [ 0.150,  0.835,  1.047,  0.851], 
          [ 0.143,  0.780,  0.828,  0.849], 
          [-0.070,  0.870,  0.784,  0.744], 
          [-0.179,  0.888,  0.788,  0.725], 
          [-0.169,  0.834,  0.424,  0.802], 
          [-0.123,  0.894,  0.109,  0.774], 
          [ 0.028,  0.854,  0.781,  0.724], 
          [ 0.033,  0.870,  0.432,  0.812], 
          [ 0.058,  0.941,  0.090,  0.818], 
          [-0.145,  0.694,  1.490,  0.709], 
          [-0.077,  0.687,  1.483,  0.889], 
          [-0.169,  0.806,  1.511,  0.876], 
          [-0.001,  0.755,  1.498,  0.798], 
          [ 0.042,  0.805,  0.052,  0.605], 
          [ 0.092,  0.838,  0.052,  0.623], 
          [ 0.067,  0.981,  0.067,  0.696], 
          [-0.190,  0.789,  0.047,  0.693], 
          [-0.194,  0.821,  0.056,  0.710], 
          [-0.087,  0.920,  0.071,  0.710]
        ]
    },
    {
        "id": 4,
        "keypoints3d": [
          [ 1.030, -1.328,  1.581,  0.880], 
          [ 1.133, -1.407,  1.390,  0.854], 
          [ 1.250, -1.288,  1.393,  0.808], 
          [ 1.133, -1.157,  1.190,  0.764], 
          [ 0.965, -1.360,  1.197,  0.814], 
          [ 1.004, -1.517,  1.383,  0.810], 
          [ 0.910, -1.443,  1.143,  0.845], 
          [ 1.056, -1.245,  1.176,  0.747], 
          [ 1.092, -1.355,  0.858,  0.708], 
          [ 1.150, -1.279,  0.865,  0.699], 
          [ 1.176, -1.310,  0.474,  0.744], 
          [ 1.234, -1.349,  0.086,  0.785], 
          [ 1.020, -1.433,  0.860,  0.689], 
          [ 1.039, -1.432,  0.473,  0.706], 
          [ 1.072, -1.467,  0.106,  0.842], 
          [ 1.079, -1.297,  1.619,  0.764], 
          [ 1.023, -1.354,  1.609,  0.847], 
          [ 1.179, -1.318,  1.608,  0.900], 
          [ 1.051, -1.461,  1.587,  0.855], 
          [ 0.977, -1.356,  0.059,  0.719], 
          [ 0.958, -1.432,  0.058,  0.728], 
          [ 1.108, -1.485,  0.052,  0.704], 
          [ 1.116, -1.247,  0.051,  0.722], 
          [ 1.182, -1.222,  0.046,  0.729], 
          [ 1.248, -1.387,  0.039,  0.673]
        ]
    },
    {
        "id": 6,
        "keypoints3d": [
          [-0.675,  0.791,  1.584,  0.853], 
          [-0.657,  0.603,  1.418,  0.867], 
          [-0.503,  0.643,  1.424,  0.813], 
          [-0.456,  0.664,  1.170,  0.741], 
          [-0.483,  0.716,  0.906,  0.872], 
          [-0.804,  0.556,  1.416,  0.846], 
          [-0.833,  0.563,  1.121,  0.828], 
          [-0.814,  0.653,  0.895,  0.834], 
          [-0.656,  0.602,  0.882,  0.742], 
          [-0.568,  0.629,  0.887,  0.720], 
          [-0.584,  0.592,  0.504,  0.775], 
          [-0.646,  0.523,  0.109,  0.800], 
          [-0.749,  0.585,  0.880,  0.723], 
          [-0.785,  0.635,  0.501,  0.807], 
          [-0.771,  0.529,  0.113,  0.801], 
          [-0.649,  0.795,  1.624,  0.773], 
          [-0.707,  0.762,  1.618,  0.806], 
          [-0.585,  0.709,  1.632,  0.877], 
          [-0.734,  0.674,  1.635,  0.780], 
          [-0.808,  0.668,  0.015,  0.665], 
          [-0.854,  0.633,  0.031,  0.665], 
          [-0.758,  0.491,  0.074,  0.658], 
          [-0.684,  0.666,  0.039,  0.741], 
          [-0.629,  0.643,  0.033,  0.723], 
          [-0.643,  0.484,  0.061,  0.618]
        ]
    }
]
