[
    {
        "id": 0,
        "keypoints3d": [
          [-0.951, -1.140,  1.529,  0.909], 
          [-1.003, -1.279,  1.357,  0.857], 
          [-0.864, -1.348,  1.341,  0.858], 
          [-0.892, -1.410,  1.076,  0.721], 
          [-0.976, -1.424,  0.867,  0.707], 
          [-1.147, -1.200,  1.367,  0.846], 
          [-1.218, -1.252,  1.107,  0.797], 
          [-1.162, -1.329,  0.888,  0.612], 
          [-1.029, -1.269,  0.834,  0.777], 
          [-0.940, -1.321,  0.826,  0.751], 
          [-1.014, -1.344,  0.450,  0.810], 
          [-1.069, -1.353,  0.100,  0.815], 
          [-1.133, -1.231,  0.845,  0.759], 
          [-1.161, -1.233,  0.462,  0.792], 
          [-1.225, -1.291,  0.101,  0.756], 
          [-0.920, -1.161,  1.560,  0.795], 
          [-0.980, -1.145,  1.567,  0.871], 
          [-0.900, -1.257,  1.543,  0.712], 
          [-1.056, -1.195,  1.558,  0.866], 
          [-1.194, -1.144,  0.038,  0.752], 
          [-1.241, -1.159,  0.043,  0.791], 
          [-1.220, -1.329,  0.051,  0.720], 
          [-0.970, -1.252,  0.069,  0.818], 
          [-0.954, -1.317,  0.072,  0.791], 
          [-1.084, -1.365,  0.039,  0.660]
        ]
    },
    {
        "id": 2,
        "keypoints3d": [
          [ 1.029, -1.331,  1.584,  0.884], 
          [ 1.131, -1.406,  1.388,  0.861], 
          [ 1.251, -1.296,  1.392,  0.828], 
          [ 1.135, -1.155,  1.186,  0.786], 
          [ 0.969, -1.356,  1.193,  0.814], 
          [ 1.000, -1.523,  1.378,  0.826], 
          [ 0.913, -1.447,  1.145,  0.848], 
          [ 1.060, -1.244,  1.176,  0.755], 
          [ 1.089, -1.357,  0.853,  0.725], 
          [ 1.152, -1.278,  0.863,  0.708], 
          [ 1.175, -1.310,  0.472,  0.815], 
          [ 1.239, -1.349,  0.082,  0.774], 
          [ 1.019, -1.435,  0.852,  0.709], 
          [ 1.039, -1.441,  0.468,  0.652], 
          [ 1.071, -1.466,  0.103,  0.846], 
          [ 1.077, -1.312,  1.619,  0.902], 
          [ 1.016, -1.364,  1.614,  0.871], 
          [ 1.171, -1.328,  1.606,  0.895], 
          [ 1.048, -1.464,  1.588,  0.835], 
          [ 0.976, -1.360,  0.063,  0.718], 
          [ 0.959, -1.431,  0.062,  0.733], 
          [ 1.107, -1.481,  0.054,  0.711], 
          [ 1.117, -1.247,  0.048,  0.726], 
          [ 1.184, -1.222,  0.042,  0.735], 
          [ 1.251, -1.387,  0.039,  0.673]
        ]
    },
    {
        "id": 4,
        "keypoints3d": [
          [-0.263,  0.557,  1.401,  0.893], 
          [-0.163,  0.713,  1.272,  0.854], 
          [-0.268,  0.818,  1.277,  0.824], 
          [-0.267,  0.905,  1.057,  0.706], 
          [-0.292,  0.920,  0.830,  0.772], 
          [-0.057,  0.607,  1.270,  0.831], 
          [-0.018,  0.553,  1.029,  0.781], 
          [-0.111,  0.467,  0.824,  0.778], 
          [-0.205,  0.709,  0.749,  0.753], 
          [-0.269,  0.773,  0.753,  0.697], 
          [-0.310,  0.710,  0.404,  0.758], 
          [-0.196,  0.723,  0.103,  0.836], 
          [-0.143,  0.642,  0.750,  0.729], 
          [-0.183,  0.611,  0.397,  0.750], 
          [-0.019,  0.783,  0.199,  0.788], 
          [-0.294,  0.558,  1.459,  0.865], 
          [-0.227,  0.537,  1.450,  0.804], 
          [-0.283,  0.665,  1.475,  0.908], 
          [-0.137,  0.581,  1.463,  0.879], 
          [-0.069,  0.725,  0.089,  0.506], 
          [-0.003,  0.729,  0.119,  0.541], 
          [ 0.024,  0.836,  0.223,  0.772], 
          [-0.309,  0.659,  0.038,  0.637], 
          [-0.301,  0.688,  0.048,  0.686], 
          [-0.161,  0.716,  0.061,  0.693]
        ]
    },
    {
        "id": 6,
        "keypoints3d": [
          [-0.644,  0.821,  1.542,  0.861], 
          [-0.695,  0.847,  1.405,  0.870], 
          [-0.551,  0.777,  1.405,  0.838], 
          [-0.515,  0.684,  1.156,  0.761], 
          [-0.504,  0.694,  0.939,  0.861], 
          [-0.844,  0.913,  1.401,  0.841], 
          [-0.908,  0.924,  1.123,  0.855], 
          [-0.919,  0.969,  0.861,  0.857], 
          [-0.692,  0.818,  0.887,  0.720], 
          [-0.600,  0.779,  0.889,  0.705], 
          [-0.622,  0.735,  0.498,  0.818], 
          [-0.654,  0.556,  0.150,  0.849], 
          [-0.789,  0.863,  0.896,  0.699], 
          [-0.779,  0.963,  0.496,  0.834], 
          [-0.781,  1.014,  0.107,  0.856], 
          [-0.716,  0.727,  1.565,  0.862], 
          [-0.636,  1.030,  1.611,  0.807], 
          [-0.642,  0.796,  1.614,  0.883], 
          [-0.721,  0.980,  1.616,  0.805], 
          [-0.680,  1.153,  0.032,  0.731], 
          [-0.740,  1.138,  0.032,  0.709], 
          [-0.788,  0.986,  0.044,  0.719], 
          [-0.668,  0.678,  0.041,  0.791], 
          [-0.633,  0.652,  0.053,  0.702], 
          [-0.679,  0.506,  0.120,  0.726]
        ]
    }
]
