[
    {
        "id": 0,
        "keypoints3d": [
          [ 1.018, -1.337,  1.583,  0.882], 
          [ 1.133, -1.407,  1.389,  0.856], 
          [ 1.250, -1.295,  1.393,  0.828], 
          [ 1.134, -1.156,  1.188,  0.814], 
          [ 0.971, -1.356,  1.199,  0.813], 
          [ 0.998, -1.523,  1.378,  0.824], 
          [ 0.913, -1.444,  1.143,  0.857], 
          [ 1.061, -1.249,  1.181,  0.735], 
          [ 1.083, -1.362,  0.859,  0.701], 
          [ 1.151, -1.280,  0.867,  0.688], 
          [ 1.174, -1.310,  0.472,  0.820], 
          [ 1.237, -1.349,  0.081,  0.782], 
          [ 1.017, -1.439,  0.860,  0.690], 
          [ 1.040, -1.438,  0.472,  0.702], 
          [ 1.070, -1.467,  0.101,  0.843], 
          [ 1.077, -1.312,  1.619,  0.904], 
          [ 1.012, -1.362,  1.614,  0.869], 
          [ 1.167, -1.338,  1.602,  0.889], 
          [ 1.042, -1.463,  1.582,  0.822], 
          [ 0.978, -1.355,  0.063,  0.716], 
          [ 0.958, -1.433,  0.056,  0.732], 
          [ 1.104, -1.479,  0.052,  0.708], 
          [ 1.118, -1.242,  0.048,  0.728], 
          [ 1.185, -1.223,  0.041,  0.734], 
          [ 1.252, -1.389,  0.038,  0.675]
        ]
    },
    {
        "id": 2,
        "keypoints3d": [
          [-1.054, -1.125,  1.524,  0.813], 
          [-1.082, -1.264,  1.352,  0.859], 
          [-0.939, -1.314,  1.356,  0.851], 
          [-0.929, -1.370,  1.083,  0.777], 
          [-1.024, -1.397,  0.859,  0.772], 
          [-1.245, -1.216,  1.355,  0.847], 
          [-1.293, -1.275,  1.091,  0.759], 
          [-1.242, -1.317,  0.874,  0.726], 
          [-1.085, -1.244,  0.829,  0.752], 
          [-0.993, -1.269,  0.827,  0.750], 
          [-1.028, -1.325,  0.457,  0.765], 
          [-1.056, -1.364,  0.103,  0.844], 
          [-1.182, -1.225,  0.832,  0.725], 
          [-1.199, -1.253,  0.453,  0.825], 
          [-1.235, -1.292,  0.092,  0.804], 
          [-1.032, -1.155,  1.564,  0.851], 
          [-1.097, -1.132,  1.558,  0.822], 
          [-1.017, -1.251,  1.561,  0.716], 
          [-1.157, -1.196,  1.541,  0.798], 
          [-1.196, -1.140,  0.048,  0.706], 
          [-1.250, -1.168,  0.049,  0.735], 
          [-1.232, -1.327,  0.055,  0.671], 
          [-0.981, -1.234,  0.083,  0.707], 
          [-0.957, -1.292,  0.077,  0.682], 
          [-1.067, -1.380,  0.049,  0.706]
        ]
    },
    {
        "id": 4,
        "keypoints3d": [
          [-0.503,  1.181,  1.582,  0.860], 
          [-0.668,  1.097,  1.430,  0.874], 
          [-0.602,  0.949,  1.454,  0.844], 
          [-0.650,  0.848,  1.203,  0.761], 
          [-0.674,  0.855,  0.945,  0.719], 
          [-0.731,  1.250,  1.407,  0.846], 
          [-0.742,  1.303,  1.121,  0.833], 
          [-0.645,  1.340,  0.886,  0.818], 
          [-0.651,  1.050,  0.910,  0.704], 
          [-0.611,  0.949,  0.917,  0.655], 
          [-0.575,  0.980,  0.495,  0.658], 
          [-0.565,  0.996,  0.103,  0.703], 
          [-0.705,  1.135,  0.901,  0.680], 
          [-0.710,  1.115,  0.497,  0.784], 
          [-0.758,  1.049,  0.104,  0.780], 
          [-0.488,  1.147,  1.635,  0.873], 
          [-0.514,  1.214,  1.621,  0.817], 
          [-0.564,  1.086,  1.642,  0.855], 
          [-0.614,  1.228,  1.619,  0.735], 
          [-0.655,  1.168,  0.012,  0.696], 
          [-0.702,  1.172,  0.019,  0.702], 
          [-0.782,  1.008,  0.067,  0.710], 
          [-0.474,  1.050,  0.046,  0.536], 
          [-0.481,  1.001,  0.060,  0.554], 
          [-0.602,  1.007,  0.052,  0.690]
        ]
    },
    {
        "id": 6,
        "keypoints3d": [
          [-0.526,  0.396,  1.360,  0.868], 
          [-0.372,  0.467,  1.214,  0.831], 
          [-0.374,  0.608,  1.211,  0.793], 
          [-0.301,  0.669,  1.009,  0.795], 
          [-0.303,  0.649,  0.765,  0.829], 
          [-0.360,  0.313,  1.221,  0.815], 
          [-0.347,  0.176,  1.005,  0.819], 
          [-0.427,  0.098,  0.809,  0.859], 
          [-0.411,  0.446,  0.706,  0.709], 
          [-0.406,  0.548,  0.709,  0.697], 
          [-0.403,  0.692,  0.376,  0.740], 
          [-0.330,  0.717,  0.036,  0.753], 
          [-0.428,  0.347,  0.714,  0.698], 
          [-0.627,  0.315,  0.404,  0.660], 
          [-0.659,  0.230,  0.083,  0.848], 
          [-0.533,  0.426,  1.394,  0.902], 
          [-0.494,  0.381,  1.389,  0.859], 
          [-0.476,  0.512,  1.408,  0.712], 
          [-0.390,  0.392,  1.404,  0.682], 
          [-0.828,  0.238,  0.041,  0.789], 
          [-0.794,  0.190,  0.049,  0.811], 
          [-0.631,  0.236,  0.045,  0.765], 
          [-0.292,  0.806, -0.040,  0.774], 
          [-0.266,  0.796, -0.030,  0.775], 
          [-0.319,  0.705, -0.022,  0.729]
        ]
    }
]
