[
    {
        "id": 0,
        "keypoints3d": [
          [-0.941, -1.148,  1.524,  0.894], 
          [-1.011, -1.279,  1.354,  0.855], 
          [-0.869, -1.356,  1.337,  0.846], 
          [-0.916, -1.425,  1.070,  0.774], 
          [-1.015, -1.415,  0.853,  0.777], 
          [-1.149, -1.191,  1.367,  0.851], 
          [-1.210, -1.228,  1.108,  0.764], 
          [-1.129, -1.345,  0.881,  0.781], 
          [-1.034, -1.268,  0.825,  0.756], 
          [-0.947, -1.325,  0.822,  0.718], 
          [-1.009, -1.346,  0.438,  0.787], 
          [-1.055, -1.359,  0.090,  0.790], 
          [-1.117, -1.219,  0.826,  0.730], 
          [-1.147, -1.227,  0.454,  0.817], 
          [-1.222, -1.290,  0.092,  0.786], 
          [-0.902, -1.179,  1.546,  0.818], 
          [-0.967, -1.148,  1.563,  0.875], 
          [-0.889, -1.258,  1.539,  0.792], 
          [-1.041, -1.196,  1.559,  0.854], 
          [-1.192, -1.142,  0.040,  0.767], 
          [-1.235, -1.157,  0.043,  0.794], 
          [-1.231, -1.329,  0.049,  0.731], 
          [-0.968, -1.252,  0.068,  0.824], 
          [-0.949, -1.316,  0.068,  0.797], 
          [-1.074, -1.370,  0.037,  0.646]
        ]
    },
    {
        "id": 2,
        "keypoints3d": [
          [ 1.033, -1.328,  1.584,  0.883], 
          [ 1.131, -1.408,  1.392,  0.854], 
          [ 1.250, -1.289,  1.394,  0.811], 
          [ 1.135, -1.153,  1.188,  0.772], 
          [ 0.968, -1.357,  1.200,  0.821], 
          [ 1.003, -1.517,  1.383,  0.811], 
          [ 0.908, -1.446,  1.146,  0.842], 
          [ 1.063, -1.243,  1.175,  0.748], 
          [ 1.091, -1.359,  0.857,  0.712], 
          [ 1.150, -1.280,  0.862,  0.702], 
          [ 1.175, -1.308,  0.474,  0.817], 
          [ 1.235, -1.349,  0.085,  0.776], 
          [ 1.021, -1.435,  0.857,  0.691], 
          [ 1.039, -1.434,  0.472,  0.703], 
          [ 1.071, -1.466,  0.103,  0.842], 
          [ 1.081, -1.303,  1.621,  0.763], 
          [ 1.022, -1.355,  1.612,  0.849], 
          [ 1.180, -1.316,  1.608,  0.902], 
          [ 1.052, -1.461,  1.586,  0.856], 
          [ 0.975, -1.360,  0.059,  0.717], 
          [ 0.958, -1.430,  0.061,  0.723], 
          [ 1.109, -1.480,  0.053,  0.706], 
          [ 1.117, -1.247,  0.048,  0.726], 
          [ 1.183, -1.223,  0.045,  0.732], 
          [ 1.248, -1.387,  0.039,  0.673]
        ]
    },
    {
        "id": 4,
        "keypoints3d": [
          [-0.212,  0.720,  1.429,  0.792], 
          [-0.094,  0.799,  1.294,  0.833], 
          [-0.224,  0.870,  1.300,  0.796], 
          [-0.278,  0.935,  1.055,  0.759], 
          [-0.317,  0.915,  0.825,  0.774], 
          [ 0.020,  0.706,  1.276,  0.820], 
          [ 0.049,  0.667,  0.997,  0.828], 
          [-0.042,  0.694,  0.737,  0.761], 
          [-0.106,  0.822,  0.780,  0.723], 
          [-0.199,  0.851,  0.782,  0.715], 
          [-0.260,  0.765,  0.438,  0.733], 
          [-0.192,  0.730,  0.100,  0.766], 
          [-0.014,  0.782,  0.783,  0.707], 
          [ 0.005,  0.834,  0.432,  0.756], 
          [ 0.053,  0.944,  0.087,  0.773], 
          [-0.174,  0.607,  1.478,  0.825], 
          [-0.153,  0.725,  1.447,  0.850], 
          [-0.213,  0.761,  1.505,  0.833], 
          [-0.047,  0.697,  1.472,  0.924], 
          [ 0.056,  0.790,  0.043,  0.680], 
          [ 0.102,  0.824,  0.048,  0.693], 
          [ 0.067,  0.985,  0.064,  0.658], 
          [-0.320,  0.671,  0.061,  0.729], 
          [-0.307,  0.705,  0.057,  0.768], 
          [-0.156,  0.735,  0.068,  0.708]
        ]
    },
    {
        "id": 6,
        "keypoints3d": [
          [-0.636,  0.880,  1.586,  0.758], 
          [-0.670,  0.702,  1.418,  0.881], 
          [-0.515,  0.698,  1.429,  0.832], 
          [-0.461,  0.666,  1.147,  0.822], 
          [-0.463,  0.711,  0.909,  0.772], 
          [-0.830,  0.701,  1.407,  0.829], 
          [-0.886,  0.700,  1.124,  0.837], 
          [-0.879,  0.800,  0.908,  0.796], 
          [-0.674,  0.698,  0.880,  0.769], 
          [-0.580,  0.711,  0.887,  0.733], 
          [-0.589,  0.660,  0.505,  0.760], 
          [-0.633,  0.544,  0.138,  0.738], 
          [-0.772,  0.689,  0.878,  0.746], 
          [-0.792,  0.771,  0.480,  0.730], 
          [-0.798,  0.801,  0.089,  0.767], 
          [-0.617,  0.868,  1.620,  0.752], 
          [-0.695,  0.863,  1.620,  0.880], 
          [-0.578,  0.789,  1.626,  0.869], 
          [-0.738,  0.791,  1.622,  0.735], 
          [-0.779,  0.968,  0.026,  0.598], 
          [-0.824,  0.974,  0.042,  0.676], 
          [-0.788,  0.820,  0.058,  0.752], 
          [-0.682,  0.648,  0.023,  0.698], 
          [-0.635,  0.626,  0.037,  0.680], 
          [-0.645,  0.485,  0.089,  0.692]
        ]
    }
]
