[
    {
        "id": 0,
        "keypoints3d": [
          [ 1.020, -1.338,  1.580,  0.884], 
          [ 1.131, -1.409,  1.388,  0.860], 
          [ 1.248, -1.297,  1.393,  0.828], 
          [ 1.145, -1.166,  1.182,  0.824], 
          [ 0.974, -1.362,  1.199,  0.799], 
          [ 0.998, -1.522,  1.378,  0.827], 
          [ 0.918, -1.451,  1.145,  0.854], 
          [ 1.077, -1.257,  1.177,  0.768], 
          [ 1.090, -1.360,  0.860,  0.725], 
          [ 1.152, -1.282,  0.866,  0.719], 
          [ 1.179, -1.308,  0.475,  0.730], 
          [ 1.242, -1.352,  0.087,  0.710], 
          [ 1.020, -1.435,  0.860,  0.706], 
          [ 1.035, -1.434,  0.472,  0.682], 
          [ 1.070, -1.470,  0.107,  0.844], 
          [ 1.073, -1.323,  1.628,  0.807], 
          [ 1.012, -1.362,  1.610,  0.865], 
          [ 1.164, -1.334,  1.603,  0.895], 
          [ 1.042, -1.464,  1.580,  0.837], 
          [ 0.976, -1.363,  0.061,  0.699], 
          [ 0.959, -1.435,  0.067,  0.701], 
          [ 1.098, -1.481,  0.059,  0.675], 
          [ 1.133, -1.248,  0.046,  0.701], 
          [ 1.191, -1.228,  0.046,  0.707], 
          [ 1.253, -1.384,  0.042,  0.665]
        ]
    },
    {
        "id": 2,
        "keypoints3d": [
          [ 0.205,  1.204,  1.589,  0.886], 
          [ 0.052,  1.307,  1.414,  0.851], 
          [-0.016,  1.176,  1.423,  0.847], 
          [-0.064,  1.120,  1.164,  0.864], 
          [-0.052,  1.067,  0.915,  0.917], 
          [ 0.129,  1.454,  1.416,  0.830], 
          [ 0.113,  1.524,  1.143,  0.825], 
          [ 0.150,  1.521,  0.883,  0.823], 
          [ 0.053,  1.293,  0.872,  0.710], 
          [ 0.008,  1.196,  0.876,  0.721], 
          [ 0.001,  1.211,  0.494,  0.801], 
          [-0.265,  1.230,  0.176,  0.765], 
          [ 0.101,  1.385,  0.869,  0.713], 
          [ 0.156,  1.381,  0.484,  0.804], 
          [ 0.182,  1.369,  0.111,  0.784], 
          [ 0.179,  1.187,  1.624,  0.765], 
          [ 0.209,  1.243,  1.627,  0.844], 
          [ 0.086,  1.201,  1.624,  0.783], 
          [ 0.185,  1.336,  1.635,  0.786], 
          [ 0.331,  1.339,  0.035,  0.652], 
          [ 0.320,  1.389,  0.042,  0.634], 
          [ 0.165,  1.365,  0.066,  0.657], 
          [-0.164,  1.235,  0.047,  0.734], 
          [-0.207,  1.189,  0.057,  0.702], 
          [-0.337,  1.247,  0.158,  0.767]
        ]
    },
    {
        "id": 4,
        "keypoints3d": [
          [-1.194, -1.098,  1.520,  0.887], 
          [-1.217, -1.252,  1.347,  0.865], 
          [-1.062, -1.300,  1.356,  0.863], 
          [-1.039, -1.363,  1.087,  0.826], 
          [-1.093, -1.391,  0.868,  0.777], 
          [-1.377, -1.201,  1.340,  0.834], 
          [-1.410, -1.275,  1.077,  0.803], 
          [-1.318, -1.342,  0.849,  0.637], 
          [-1.176, -1.243,  0.830,  0.752], 
          [-1.080, -1.259,  0.840,  0.764], 
          [-1.054, -1.224,  0.471,  0.847], 
          [-1.069, -1.304,  0.110,  0.835], 
          [-1.276, -1.234,  0.826,  0.748], 
          [-1.252, -1.270,  0.449,  0.856], 
          [-1.221, -1.303,  0.084,  0.840], 
          [-1.174, -1.119,  1.558,  0.734], 
          [-1.241, -1.095,  1.556,  0.847], 
          [-1.131, -1.217,  1.542,  0.792], 
          [-1.301, -1.183,  1.537,  0.751], 
          [-1.209, -1.142,  0.041,  0.749], 
          [-1.252, -1.164,  0.049,  0.755], 
          [-1.216, -1.347,  0.043,  0.596], 
          [-0.985, -1.179,  0.076,  0.709], 
          [-0.961, -1.230,  0.081,  0.692], 
          [-1.092, -1.330,  0.064,  0.738]
        ]
    },
    {
        "id": 6,
        "keypoints3d": [
          [-0.216,  0.035,  0.995,  0.873], 
          [-0.082,  0.005,  0.847,  0.816], 
          [-0.041,  0.143,  0.843,  0.815], 
          [ 0.044,  0.317,  0.712,  0.792], 
          [-0.153,  0.344,  0.647,  0.833], 
          [-0.127, -0.153,  0.845,  0.800], 
          [-0.262, -0.286,  0.724,  0.833], 
          [-0.410, -0.168,  0.629,  0.801], 
          [-0.244,  0.024,  0.454,  0.717], 
          [-0.209,  0.121,  0.457,  0.684], 
          [-0.615,  0.346,  0.481,  0.873], 
          [-0.722,  0.336,  0.113,  0.810], 
          [-0.288, -0.084,  0.456,  0.682], 
          [-0.710,  0.022,  0.490,  0.890], 
          [-0.781,  0.121,  0.135,  0.841], 
          [-0.204,  0.056,  1.032,  0.839], 
          [-0.208, -0.006,  1.033,  0.871], 
          [-0.111,  0.085,  1.014,  0.855], 
          [-0.113, -0.085,  1.017,  0.749], 
          [-0.941,  0.135,  0.086,  0.796], 
          [-0.916,  0.087,  0.082,  0.792], 
          [-0.750,  0.133,  0.084,  0.731], 
          [-0.875,  0.425,  0.124,  0.772], 
          [-0.820,  0.450,  0.109,  0.754], 
          [-0.718,  0.317,  0.066,  0.714]
        ]
    }
]
