[
    {
        "id": 0,
        "keypoints3d": [
          [ 1.021, -1.337,  1.581,  0.885], 
          [ 1.133, -1.410,  1.389,  0.861], 
          [ 1.252, -1.295,  1.393,  0.826], 
          [ 1.149, -1.165,  1.185,  0.805], 
          [ 0.977, -1.360,  1.193,  0.790], 
          [ 0.998, -1.522,  1.379,  0.828], 
          [ 0.916, -1.447,  1.145,  0.848], 
          [ 1.066, -1.257,  1.176,  0.755], 
          [ 1.091, -1.357,  0.863,  0.706], 
          [ 1.158, -1.278,  0.867,  0.684], 
          [ 1.177, -1.304,  0.473,  0.763], 
          [ 1.241, -1.351,  0.087,  0.747], 
          [ 1.021, -1.434,  0.863,  0.698], 
          [ 1.036, -1.440,  0.471,  0.661], 
          [ 1.070, -1.466,  0.107,  0.829], 
          [ 1.072, -1.329,  1.628,  0.813], 
          [ 1.012, -1.362,  1.610,  0.863], 
          [ 1.168, -1.334,  1.604,  0.891], 
          [ 1.047, -1.463,  1.579,  0.834], 
          [ 0.979, -1.356,  0.061,  0.699], 
          [ 0.959, -1.434,  0.067,  0.703], 
          [ 1.102, -1.481,  0.061,  0.691], 
          [ 1.117, -1.245,  0.049,  0.675], 
          [ 1.185, -1.228,  0.044,  0.685], 
          [ 1.252, -1.387,  0.043,  0.643]
        ]
    },
    {
        "id": 2,
        "keypoints3d": [
          [ 0.358,  1.187,  1.596,  0.758], 
          [ 0.241,  1.324,  1.423,  0.844], 
          [ 0.124,  1.212,  1.441,  0.849], 
          [ 0.028,  1.206,  1.178,  0.847], 
          [ 0.023,  1.177,  0.930,  0.875], 
          [ 0.362,  1.437,  1.412,  0.800], 
          [ 0.406,  1.498,  1.142,  0.819], 
          [ 0.464,  1.459,  0.894,  0.839], 
          [ 0.226,  1.306,  0.888,  0.733], 
          [ 0.167,  1.227,  0.894,  0.721], 
          [ 0.232,  1.214,  0.520,  0.767], 
          [ 0.162,  1.258,  0.140,  0.702], 
          [ 0.292,  1.375,  0.877,  0.715], 
          [ 0.277,  1.376,  0.486,  0.751], 
          [ 0.207,  1.358,  0.110,  0.735], 
          [ 0.316,  1.183,  1.638,  0.839], 
          [ 0.382,  1.230,  1.639,  0.805], 
          [ 0.237,  1.226,  1.648,  0.874], 
          [ 0.387,  1.309,  1.628,  0.788], 
          [ 0.356,  1.327,  0.044,  0.754], 
          [ 0.332,  1.378,  0.044,  0.663], 
          [ 0.168,  1.358,  0.060,  0.696], 
          [ 0.289,  1.192,  0.042,  0.620], 
          [ 0.233,  1.167,  0.045,  0.606], 
          [ 0.135,  1.262,  0.094,  0.694]
        ]
    },
    {
        "id": 4,
        "keypoints3d": [
          [-1.171, -1.066,  1.515,  0.847], 
          [-1.208, -1.223,  1.348,  0.862], 
          [-1.069, -1.306,  1.364,  0.841], 
          [-1.032, -1.413,  1.109,  0.786], 
          [-1.072, -1.431,  0.881,  0.850], 
          [-1.343, -1.156,  1.327,  0.850], 
          [-1.389, -1.217,  1.066,  0.749], 
          [-1.291, -1.363,  0.852,  0.624], 
          [-1.154, -1.278,  0.846,  0.729], 
          [-1.060, -1.306,  0.851,  0.742], 
          [-0.984, -1.269,  0.486,  0.855], 
          [-1.038, -1.350,  0.112,  0.866], 
          [-1.252, -1.241,  0.841,  0.705], 
          [-1.232, -1.273,  0.449,  0.835], 
          [-1.223, -1.302,  0.083,  0.856], 
          [-1.156, -1.102,  1.547,  0.840], 
          [-1.223, -1.080,  1.547,  0.869], 
          [-1.141, -1.205,  1.543,  0.730], 
          [-1.296, -1.130,  1.529,  0.826], 
          [-1.201, -1.146,  0.040,  0.718], 
          [-1.245, -1.167,  0.047,  0.809], 
          [-1.221, -1.327,  0.044,  0.693], 
          [-0.956, -1.217,  0.063,  0.719], 
          [-0.935, -1.257,  0.070,  0.699], 
          [-1.051, -1.368,  0.071,  0.785]
        ]
    },
    {
        "id": 6,
        "keypoints3d": [
          [-0.074,  0.001,  1.030,  0.893], 
          [ 0.003, -0.017,  0.805,  0.860], 
          [ 0.037,  0.140,  0.806,  0.795], 
          [ 0.041,  0.313,  0.637,  0.821], 
          [-0.163,  0.327,  0.644,  0.796], 
          [-0.028, -0.162,  0.822,  0.804], 
          [-0.160, -0.334,  0.709,  0.847], 
          [-0.342, -0.232,  0.649,  0.849], 
          [-0.260,  0.023,  0.449,  0.722], 
          [-0.251,  0.144,  0.456,  0.718], 
          [-0.664,  0.270,  0.439,  0.829], 
          [-0.723,  0.348,  0.088,  0.684], 
          [-0.273, -0.084,  0.439,  0.708], 
          [-0.711, -0.088,  0.461,  0.909], 
          [-0.736, -0.150,  0.086,  0.839], 
          [-0.038,  0.011,  1.048,  0.899], 
          [-0.044, -0.056,  1.055,  0.845], 
          [ 0.039,  0.054,  0.997,  0.808], 
          [ 0.024, -0.093,  0.987,  0.692], 
          [-0.878, -0.220,  0.035,  0.788], 
          [-0.835, -0.253,  0.048,  0.792], 
          [-0.706, -0.130,  0.038,  0.679], 
          [-0.876,  0.398,  0.091,  0.800], 
          [-0.835,  0.442,  0.088,  0.785], 
          [-0.707,  0.352,  0.042,  0.670]
        ]
    }
]
