[
    {
        "id": 0,
        "keypoints3d": [
          [ 0.029,  1.184,  1.577,  0.755], 
          [-0.157,  1.247,  1.411,  0.853], 
          [-0.194,  1.099,  1.402,  0.823], 
          [-0.214,  1.066,  1.121,  0.804], 
          [-0.080,  1.087,  0.923,  0.835], 
          [-0.106,  1.411,  1.414,  0.817], 
          [-0.129,  1.479,  1.149,  0.814], 
          [-0.075,  1.466,  0.905,  0.805], 
          [-0.147,  1.272,  0.875,  0.753], 
          [-0.181,  1.175,  0.874,  0.737], 
          [-0.223,  1.178,  0.494,  0.796], 
          [-0.366,  1.220,  0.105,  0.823], 
          [-0.114,  1.368,  0.877,  0.728], 
          [-0.002,  1.360,  0.498,  0.818], 
          [ 0.103,  1.379,  0.117,  0.808], 
          [-0.007,  1.145,  1.624,  0.842], 
          [ 0.035,  1.209,  1.624,  0.771], 
          [-0.097,  1.132,  1.620,  0.799], 
          [-0.035,  1.281,  1.631,  0.792], 
          [ 0.227,  1.371,  0.048,  0.650], 
          [ 0.233,  1.409,  0.069,  0.647], 
          [ 0.087,  1.366,  0.067,  0.698], 
          [-0.208,  1.246,  0.061,  0.722], 
          [-0.246,  1.198,  0.047,  0.726], 
          [-0.402,  1.233,  0.065,  0.784]
        ]
    },
    {
        "id": 2,
        "keypoints3d": [
          [-1.215, -1.117,  1.523,  0.905], 
          [-1.203, -1.269,  1.347,  0.875], 
          [-1.050, -1.295,  1.352,  0.860], 
          [-1.025, -1.350,  1.083,  0.820], 
          [-1.082, -1.386,  0.888,  0.803], 
          [-1.380, -1.245,  1.344,  0.837], 
          [-1.395, -1.314,  1.087,  0.787], 
          [-1.314, -1.353,  0.867,  0.594], 
          [-1.204, -1.230,  0.833,  0.747], 
          [-1.094, -1.235,  0.836,  0.733], 
          [-1.069, -1.228,  0.465,  0.828], 
          [-1.077, -1.309,  0.105,  0.772], 
          [-1.304, -1.237,  0.827,  0.723], 
          [-1.261, -1.269,  0.443,  0.844], 
          [-1.220, -1.306,  0.078,  0.842], 
          [-1.199, -1.136,  1.560,  0.891], 
          [-1.262, -1.144,  1.560,  0.870], 
          [-1.131, -1.221,  1.548,  0.778], 
          [-1.309, -1.209,  1.541,  0.753], 
          [-1.212, -1.150,  0.040,  0.687], 
          [-1.248, -1.169,  0.045,  0.715], 
          [-1.214, -1.346,  0.042,  0.608], 
          [-0.968, -1.199,  0.073,  0.728], 
          [-0.950, -1.247,  0.081,  0.735], 
          [-1.092, -1.341,  0.056,  0.757]
        ]
    },
    {
        "id": 4,
        "keypoints3d": [
          [ 1.019, -1.337,  1.583,  0.887], 
          [ 1.126, -1.406,  1.390,  0.872], 
          [ 1.238, -1.289,  1.395,  0.846], 
          [ 1.141, -1.168,  1.181,  0.812], 
          [ 0.976, -1.363,  1.200,  0.796], 
          [ 0.993, -1.519,  1.376,  0.843], 
          [ 0.914, -1.452,  1.142,  0.859], 
          [ 1.075, -1.263,  1.173,  0.775], 
          [ 1.086, -1.357,  0.864,  0.758], 
          [ 1.143, -1.276,  0.870,  0.759], 
          [ 1.176, -1.305,  0.480,  0.787], 
          [ 1.241, -1.350,  0.083,  0.862], 
          [ 1.021, -1.435,  0.861,  0.739], 
          [ 1.035, -1.438,  0.470,  0.729], 
          [ 1.070, -1.467,  0.101,  0.843], 
          [ 1.068, -1.323,  1.628,  0.805], 
          [ 1.006, -1.352,  1.616,  0.860], 
          [ 1.163, -1.336,  1.603,  0.901], 
          [ 1.020, -1.456,  1.583,  0.827], 
          [ 0.976, -1.362,  0.059,  0.716], 
          [ 0.958, -1.433,  0.056,  0.733], 
          [ 1.104, -1.481,  0.053,  0.700], 
          [ 1.118, -1.250,  0.044,  0.714], 
          [ 1.185, -1.222,  0.041,  0.709], 
          [ 1.253, -1.385,  0.038,  0.676]
        ]
    },
    {
        "id": 6,
        "keypoints3d": [
          [-0.401,  0.085,  1.004,  0.840], 
          [-0.211,  0.045,  0.885,  0.829], 
          [-0.151,  0.178,  0.888,  0.794], 
          [ 0.028,  0.294,  0.770,  0.774], 
          [-0.145,  0.344,  0.646,  0.812], 
          [-0.269, -0.093,  0.884,  0.791], 
          [-0.336, -0.298,  0.783,  0.766], 
          [-0.450, -0.159,  0.641,  0.789], 
          [-0.300,  0.053,  0.459,  0.748], 
          [-0.255,  0.158,  0.461,  0.722], 
          [-0.520,  0.448,  0.464,  0.801], 
          [-0.620,  0.360,  0.121,  0.712], 
          [-0.360, -0.023,  0.455,  0.716], 
          [-0.742,  0.117,  0.472,  0.867], 
          [-0.680,  0.184,  0.106,  0.875], 
          [-0.371,  0.113,  1.034,  0.791], 
          [-0.397,  0.054,  1.039,  0.818], 
          [-0.275,  0.143,  1.034,  0.804], 
          [-0.326,  0.007,  1.044,  0.770], 
          [-0.816,  0.243,  0.042,  0.777], 
          [-0.804,  0.194,  0.045,  0.824], 
          [-0.642,  0.206,  0.076,  0.745], 
          [-0.712,  0.473,  0.091,  0.623], 
          [-0.667,  0.480,  0.086,  0.612], 
          [-0.614,  0.336,  0.084,  0.647]
        ]
    }
]
