[
    {
        "id": 0,
        "keypoints3d": [
          [-0.951, -1.169,  1.511,  0.887], 
          [-1.005, -1.317,  1.349,  0.881], 
          [-0.861, -1.388,  1.345,  0.866], 
          [-0.865, -1.471,  1.083,  0.832], 
          [-0.919, -1.484,  0.866,  0.716], 
          [-1.156, -1.253,  1.351,  0.849], 
          [-1.193, -1.311,  1.085,  0.770], 
          [-1.116, -1.425,  0.881,  0.692], 
          [-0.993, -1.322,  0.823,  0.749], 
          [-0.907, -1.372,  0.819,  0.742], 
          [-0.932, -1.381,  0.449,  0.779], 
          [-0.997, -1.398,  0.105,  0.771], 
          [-1.073, -1.279,  0.831,  0.742], 
          [-1.093, -1.242,  0.476,  0.822], 
          [-1.203, -1.296,  0.107,  0.829], 
          [-0.922, -1.205,  1.540,  0.824], 
          [-0.990, -1.182,  1.550,  0.858], 
          [-0.909, -1.294,  1.535,  0.729], 
          [-1.066, -1.248,  1.550,  0.841], 
          [-1.195, -1.143,  0.042,  0.759], 
          [-1.236, -1.165,  0.047,  0.738], 
          [-1.217, -1.331,  0.062,  0.709], 
          [-0.917, -1.291,  0.057,  0.745], 
          [-0.896, -1.332,  0.065,  0.719], 
          [-1.030, -1.413,  0.071,  0.720]
        ]
    },
    {
        "id": 2,
        "keypoints3d": [
          [ 1.039, -1.318,  1.581,  0.880], 
          [ 1.134, -1.407,  1.387,  0.862], 
          [ 1.252, -1.294,  1.391,  0.821], 
          [ 1.144, -1.171,  1.179,  0.795], 
          [ 0.978, -1.362,  1.189,  0.805], 
          [ 0.998, -1.517,  1.380,  0.820], 
          [ 0.913, -1.445,  1.145,  0.821], 
          [ 1.075, -1.260,  1.172,  0.775], 
          [ 1.090, -1.359,  0.855,  0.727], 
          [ 1.155, -1.282,  0.862,  0.718], 
          [ 1.179, -1.308,  0.471,  0.809], 
          [ 1.231, -1.356,  0.076,  0.758], 
          [ 1.022, -1.434,  0.862,  0.709], 
          [ 1.037, -1.439,  0.471,  0.719], 
          [ 1.067, -1.464,  0.102,  0.838], 
          [ 1.075, -1.294,  1.614,  0.805], 
          [ 1.018, -1.357,  1.607,  0.866], 
          [ 1.175, -1.320,  1.607,  0.900], 
          [ 1.049, -1.457,  1.587,  0.862], 
          [ 0.974, -1.364,  0.059,  0.664], 
          [ 0.955, -1.434,  0.057,  0.672], 
          [ 1.100, -1.483,  0.055,  0.660], 
          [ 1.112, -1.235,  0.055,  0.810], 
          [ 1.176, -1.219,  0.052,  0.800], 
          [ 1.245, -1.392,  0.036,  0.627]
        ]
    },
    {
        "id": 4,
        "keypoints3d": [
          [ 0.690,  0.984,  1.604,  0.804], 
          [ 0.736,  1.156,  1.422,  0.855], 
          [ 0.580,  1.169,  1.411,  0.843], 
          [ 0.540,  1.218,  1.138,  0.838], 
          [ 0.521,  1.183,  0.879,  0.861], 
          [ 0.903,  1.145,  1.424,  0.838], 
          [ 0.980,  1.167,  1.161,  0.849], 
          [ 0.978,  1.109,  0.925,  0.839], 
          [ 0.775,  1.137,  0.856,  0.712], 
          [ 0.667,  1.137,  0.854,  0.717], 
          [ 0.678,  1.130,  0.480,  0.817], 
          [ 0.634,  1.208,  0.109,  0.831], 
          [ 0.875,  1.145,  0.864,  0.698], 
          [ 0.958,  1.131,  0.497,  0.783], 
          [ 1.021,  1.188,  0.107,  0.778], 
          [ 0.648,  1.020,  1.648,  0.697], 
          [ 0.715,  1.003,  1.641,  0.897], 
          [ 0.632,  1.087,  1.639,  0.779], 
          [ 0.791,  1.066,  1.637,  0.866], 
          [ 1.036,  1.052,  0.050,  0.536], 
          [ 1.094,  1.081,  0.053,  0.547], 
          [ 1.019,  1.224,  0.069,  0.754], 
          [ 0.715,  1.094,  0.048,  0.695], 
          [ 0.664,  1.107,  0.039,  0.686], 
          [ 0.614,  1.240,  0.062,  0.706]
        ]
    },
    {
        "id": 6,
        "keypoints3d": [
          [-0.208,  0.193,  1.026,  0.812], 
          [-0.148,  0.236,  0.788,  0.832], 
          [-0.269,  0.325,  0.780,  0.772], 
          [-0.395,  0.329,  0.580,  0.863], 
          [-0.482,  0.153,  0.609,  0.867], 
          [-0.041,  0.129,  0.825,  0.773], 
          [ 0.078, -0.059,  0.718,  0.743], 
          [-0.094, -0.197,  0.629,  0.795], 
          [-0.272, -0.039,  0.452,  0.708], 
          [-0.355,  0.045,  0.439,  0.678], 
          [-0.571, -0.291,  0.496,  0.765], 
          [-0.806, -0.608,  0.420,  0.681], 
          [-0.193, -0.117,  0.458,  0.692], 
          [-0.363, -0.473,  0.438,  0.804], 
          [-0.586, -0.561,  0.141,  0.711], 
          [-0.206,  0.239,  1.035,  0.877], 
          [-0.153,  0.202,  1.038,  0.668], 
          [-0.199,  0.324,  0.989,  0.843], 
          [-0.071,  0.237,  0.992,  0.739], 
          [-0.633, -0.679,  0.133,  0.613], 
          [-0.586, -0.675,  0.119,  0.614], 
          [-0.606, -0.528,  0.094,  0.641], 
          [-0.875, -0.693,  0.563,  0.630], 
          [-0.880, -0.671,  0.521,  0.520], 
          [-0.828, -0.632,  0.393,  0.585]
        ]
    }
]
