[
    {
        "id": 0,
        "keypoints3d": [
          [ 1.028, -1.332,  1.581,  0.886], 
          [ 1.134, -1.410,  1.389,  0.862], 
          [ 1.250, -1.296,  1.394,  0.826], 
          [ 1.149, -1.166,  1.181,  0.807], 
          [ 0.976, -1.357,  1.192,  0.800], 
          [ 0.997, -1.522,  1.379,  0.829], 
          [ 0.914, -1.449,  1.144,  0.858], 
          [ 1.072, -1.256,  1.176,  0.763], 
          [ 1.090, -1.359,  0.861,  0.731], 
          [ 1.152, -1.281,  0.865,  0.712], 
          [ 1.164, -1.313,  0.475,  0.767], 
          [ 1.237, -1.354,  0.089,  0.689], 
          [ 1.022, -1.434,  0.862,  0.717], 
          [ 1.037, -1.439,  0.476,  0.692], 
          [ 1.069, -1.468,  0.111,  0.760], 
          [ 1.078, -1.302,  1.622,  0.795], 
          [ 1.016, -1.363,  1.610,  0.868], 
          [ 1.170, -1.332,  1.604,  0.889], 
          [ 1.048, -1.462,  1.581,  0.836], 
          [ 0.977, -1.360,  0.064,  0.699], 
          [ 0.958, -1.435,  0.062,  0.703], 
          [ 1.096, -1.487,  0.064,  0.619], 
          [ 1.117, -1.245,  0.049,  0.683], 
          [ 1.183, -1.225,  0.045,  0.694], 
          [ 1.252, -1.389,  0.041,  0.639]
        ]
    },
    {
        "id": 2,
        "keypoints3d": [
          [-1.153, -1.069,  1.519,  0.837], 
          [-1.183, -1.230,  1.349,  0.867], 
          [-1.042, -1.303,  1.368,  0.837], 
          [-1.004, -1.427,  1.120,  0.781], 
          [-1.068, -1.433,  0.903,  0.816], 
          [-1.320, -1.151,  1.331,  0.864], 
          [-1.353, -1.220,  1.068,  0.771], 
          [-1.302, -1.328,  0.878,  0.573], 
          [-1.144, -1.280,  0.837,  0.742], 
          [-1.049, -1.322,  0.840,  0.733], 
          [-1.028, -1.339,  0.458,  0.827], 
          [-1.020, -1.394,  0.095,  0.843], 
          [-1.237, -1.237,  0.836,  0.715], 
          [-1.216, -1.271,  0.454,  0.785], 
          [-1.222, -1.304,  0.082,  0.857], 
          [-1.125, -1.100,  1.548,  0.827], 
          [-1.183, -1.071,  1.543,  0.900], 
          [-1.107, -1.195,  1.548,  0.709], 
          [-1.272, -1.126,  1.527,  0.803], 
          [-1.201, -1.142,  0.041,  0.760], 
          [-1.246, -1.169,  0.044,  0.776], 
          [-1.221, -1.328,  0.042,  0.711], 
          [-0.910, -1.284,  0.066,  0.718], 
          [-0.892, -1.326,  0.068,  0.716], 
          [-1.034, -1.414,  0.053,  0.782]
        ]
    },
    {
        "id": 4,
        "keypoints3d": [
          [ 0.426,  1.141,  1.585,  0.876], 
          [ 0.347,  1.301,  1.411,  0.884], 
          [ 0.221,  1.204,  1.421,  0.842], 
          [ 0.122,  1.228,  1.168,  0.874], 
          [ 0.114,  1.215,  0.910,  0.861], 
          [ 0.468,  1.398,  1.404,  0.804], 
          [ 0.536,  1.441,  1.132,  0.792], 
          [ 0.603,  1.352,  0.910,  0.819], 
          [ 0.339,  1.295,  0.871,  0.747], 
          [ 0.269,  1.232,  0.872,  0.716], 
          [ 0.361,  1.230,  0.499,  0.799], 
          [ 0.431,  1.267,  0.124,  0.805], 
          [ 0.404,  1.357,  0.870,  0.722], 
          [ 0.360,  1.345,  0.488,  0.791], 
          [ 0.296,  1.311,  0.113,  0.773], 
          [ 0.390,  1.131,  1.617,  0.797], 
          [ 0.451,  1.175,  1.624,  0.878], 
          [ 0.318,  1.177,  1.639,  0.755], 
          [ 0.482,  1.258,  1.624,  0.778], 
          [ 0.483,  1.262,  0.098,  0.609], 
          [ 0.465,  1.304,  0.107,  0.595], 
          [ 0.241,  1.334,  0.066,  0.689], 
          [ 0.646,  1.109,  0.067,  0.655], 
          [ 0.581,  1.106,  0.064,  0.623], 
          [ 0.453,  1.270,  0.083,  0.666]
        ]
    },
    {
        "id": 6,
        "keypoints3d": [
          [-0.017, -0.009,  1.035,  0.902], 
          [ 0.020,  0.034,  0.802,  0.836], 
          [ 0.027,  0.182,  0.803,  0.810], 
          [-0.003,  0.333,  0.623,  0.865], 
          [-0.222,  0.308,  0.639,  0.759], 
          [ 0.007, -0.122,  0.820,  0.838], 
          [-0.087, -0.296,  0.693,  0.814], 
          [-0.295, -0.252,  0.644,  0.831], 
          [-0.307,  0.018,  0.497,  0.747], 
          [-0.313,  0.129,  0.502,  0.722], 
          [-0.726,  0.183,  0.440,  0.878], 
          [-0.725,  0.323,  0.086,  0.800], 
          [-0.320, -0.101,  0.497,  0.710], 
          [-0.690, -0.189,  0.458,  0.883], 
          [-0.715, -0.205,  0.082,  0.827], 
          [ 0.013,  0.034,  1.043,  0.826], 
          [ 0.023, -0.031,  1.042,  0.853], 
          [ 0.056,  0.113,  0.992,  0.886], 
          [ 0.082, -0.054,  0.968,  0.825], 
          [-0.840, -0.306,  0.041,  0.716], 
          [-0.791, -0.327,  0.037,  0.701], 
          [-0.680, -0.168,  0.037,  0.707], 
          [-0.874,  0.332,  0.092,  0.809], 
          [-0.846,  0.373,  0.085,  0.825], 
          [-0.700,  0.339,  0.049,  0.761]
        ]
    }
]
