[
    {
        "id": 0,
        "keypoints3d": [
          [ 1.029, -1.333,  1.581,  0.882], 
          [ 1.134, -1.407,  1.388,  0.859], 
          [ 1.250, -1.295,  1.393,  0.823], 
          [ 1.141, -1.164,  1.180,  0.823], 
          [ 0.976, -1.359,  1.194,  0.793], 
          [ 0.998, -1.522,  1.380,  0.825], 
          [ 0.913, -1.445,  1.142,  0.865], 
          [ 1.072, -1.250,  1.179,  0.771], 
          [ 1.091, -1.359,  0.861,  0.726], 
          [ 1.154, -1.285,  0.866,  0.712], 
          [ 1.172, -1.313,  0.475,  0.725], 
          [ 1.234, -1.358,  0.093,  0.687], 
          [ 1.024, -1.436,  0.864,  0.711], 
          [ 1.037, -1.440,  0.474,  0.718], 
          [ 1.069, -1.470,  0.109,  0.803], 
          [ 1.078, -1.302,  1.621,  0.800], 
          [ 1.016, -1.363,  1.610,  0.866], 
          [ 1.171, -1.330,  1.605,  0.896], 
          [ 1.048, -1.461,  1.582,  0.843], 
          [ 0.978, -1.361,  0.063,  0.695], 
          [ 0.958, -1.432,  0.067,  0.700], 
          [ 1.095, -1.491,  0.064,  0.615], 
          [ 1.111, -1.236,  0.055,  0.814], 
          [ 1.170, -1.220,  0.054,  0.806], 
          [ 1.251, -1.394,  0.042,  0.576]
        ]
    },
    {
        "id": 2,
        "keypoints3d": [
          [-1.095, -1.093,  1.522,  0.801], 
          [-1.134, -1.246,  1.356,  0.871], 
          [-0.989, -1.327,  1.366,  0.847], 
          [-0.977, -1.424,  1.113,  0.790], 
          [-1.060, -1.437,  0.898,  0.741], 
          [-1.280, -1.171,  1.338,  0.858], 
          [-1.315, -1.237,  1.089,  0.766], 
          [-1.266, -1.351,  0.919,  0.667], 
          [-1.108, -1.288,  0.830,  0.757], 
          [-1.019, -1.326,  0.834,  0.752], 
          [-1.020, -1.353,  0.448,  0.796], 
          [-1.014, -1.390,  0.093,  0.845], 
          [-1.198, -1.247,  0.821,  0.751], 
          [-1.197, -1.269,  0.453,  0.811], 
          [-1.224, -1.297,  0.074,  0.792], 
          [-1.078, -1.115,  1.560,  0.825], 
          [-1.143, -1.093,  1.549,  0.877], 
          [-1.058, -1.211,  1.560,  0.780], 
          [-1.207, -1.160,  1.530,  0.841], 
          [-1.205, -1.139,  0.044,  0.769], 
          [-1.254, -1.168,  0.047,  0.783], 
          [-1.219, -1.327,  0.038,  0.717], 
          [-0.901, -1.284,  0.068,  0.718], 
          [-0.883, -1.325,  0.068,  0.717], 
          [-1.031, -1.408,  0.052,  0.796]
        ]
    },
    {
        "id": 4,
        "keypoints3d": [
          [ 0.507,  1.080,  1.568,  0.881], 
          [ 0.439,  1.256,  1.404,  0.908], 
          [ 0.317,  1.166,  1.402,  0.836], 
          [ 0.243,  1.201,  1.136,  0.865], 
          [ 0.242,  1.197,  0.893,  0.886], 
          [ 0.586,  1.335,  1.398,  0.841], 
          [ 0.642,  1.375,  1.131,  0.790], 
          [ 0.703,  1.300,  0.922,  0.792], 
          [ 0.450,  1.269,  0.860,  0.731], 
          [ 0.372,  1.211,  0.865,  0.715], 
          [ 0.500,  1.197,  0.486,  0.769], 
          [ 0.609,  1.218,  0.094,  0.762], 
          [ 0.528,  1.323,  0.860,  0.712], 
          [ 0.433,  1.353,  0.477,  0.730], 
          [ 0.227,  1.369,  0.127,  0.747], 
          [ 0.488,  1.082,  1.606,  0.816], 
          [ 0.535,  1.097,  1.606,  0.759], 
          [ 0.406,  1.132,  1.612,  0.790], 
          [ 0.556,  1.196,  1.618,  0.862], 
          [ 0.350,  1.352,  0.045,  0.602], 
          [ 0.342,  1.373,  0.047,  0.569], 
          [ 0.176,  1.357,  0.100,  0.636], 
          [ 0.724,  1.112,  0.041,  0.680], 
          [ 0.677,  1.110,  0.034,  0.672], 
          [ 0.608,  1.239,  0.063,  0.659]
        ]
    },
    {
        "id": 6,
        "keypoints3d": [
          [-0.021,  0.074,  1.029,  0.890], 
          [ 0.014,  0.095,  0.796,  0.849], 
          [-0.025,  0.252,  0.798,  0.830], 
          [-0.122,  0.363,  0.619,  0.789], 
          [-0.325,  0.308,  0.630,  0.778], 
          [ 0.041, -0.062,  0.819,  0.800], 
          [-0.014, -0.253,  0.710,  0.764], 
          [-0.231, -0.244,  0.654,  0.798], 
          [-0.331, -0.007,  0.491,  0.777], 
          [-0.348,  0.101,  0.492,  0.719], 
          [-0.736,  0.079,  0.435,  0.900], 
          [-0.739,  0.208,  0.086,  0.831], 
          [-0.309, -0.110,  0.506,  0.738], 
          [-0.651, -0.271,  0.469,  0.852], 
          [-0.712, -0.214,  0.092,  0.765], 
          [-0.010,  0.117,  1.052,  0.833], 
          [ 0.022,  0.049,  1.042,  0.903], 
          [ 0.038,  0.183,  0.981,  0.753], 
          [ 0.096,  0.049,  0.974,  0.882], 
          [-0.851, -0.296,  0.055,  0.796], 
          [-0.803, -0.323,  0.046,  0.799], 
          [-0.688, -0.167,  0.055,  0.718], 
          [-0.901,  0.190,  0.066,  0.763], 
          [-0.875,  0.245,  0.060,  0.810], 
          [-0.702,  0.229,  0.036,  0.710]
        ]
    }
]
