[
    {
        "id": 0,
        "keypoints3d": [
          [ 1.024, -1.335,  1.581,  0.884], 
          [ 1.133, -1.410,  1.389,  0.862], 
          [ 1.252, -1.295,  1.393,  0.823], 
          [ 1.151, -1.164,  1.186,  0.811], 
          [ 0.980, -1.359,  1.193,  0.790], 
          [ 0.998, -1.522,  1.380,  0.828], 
          [ 0.916, -1.447,  1.145,  0.851], 
          [ 1.066, -1.256,  1.178,  0.762], 
          [ 1.091, -1.357,  0.862,  0.710], 
          [ 1.151, -1.283,  0.866,  0.687], 
          [ 1.168, -1.308,  0.467,  0.764], 
          [ 1.240, -1.351,  0.087,  0.750], 
          [ 1.020, -1.434,  0.860,  0.710], 
          [ 1.037, -1.438,  0.472,  0.677], 
          [ 1.069, -1.468,  0.104,  0.830], 
          [ 1.075, -1.326,  1.629,  0.812], 
          [ 1.012, -1.362,  1.610,  0.864], 
          [ 1.170, -1.332,  1.604,  0.893], 
          [ 1.047, -1.463,  1.579,  0.842], 
          [ 0.979, -1.356,  0.061,  0.698], 
          [ 0.959, -1.434,  0.067,  0.702], 
          [ 1.102, -1.481,  0.061,  0.692], 
          [ 1.117, -1.245,  0.049,  0.678], 
          [ 1.185, -1.229,  0.044,  0.688], 
          [ 1.252, -1.387,  0.043,  0.643]
        ]
    },
    {
        "id": 2,
        "keypoints3d": [
          [-1.170, -1.065,  1.516,  0.864], 
          [-1.205, -1.225,  1.350,  0.863], 
          [-1.065, -1.306,  1.368,  0.838], 
          [-1.019, -1.421,  1.117,  0.767], 
          [-1.073, -1.432,  0.881,  0.851], 
          [-1.339, -1.154,  1.326,  0.850], 
          [-1.377, -1.223,  1.059,  0.737], 
          [-1.278, -1.360,  0.849,  0.604], 
          [-1.150, -1.277,  0.845,  0.718], 
          [-1.053, -1.314,  0.850,  0.724], 
          [-0.988, -1.281,  0.487,  0.857], 
          [-1.028, -1.366,  0.108,  0.861], 
          [-1.247, -1.240,  0.840,  0.696], 
          [-1.224, -1.276,  0.454,  0.825], 
          [-1.221, -1.302,  0.083,  0.853], 
          [-1.149, -1.101,  1.551,  0.843], 
          [-1.206, -1.072,  1.543,  0.769], 
          [-1.138, -1.202,  1.548,  0.785], 
          [-1.291, -1.126,  1.527,  0.844], 
          [-1.202, -1.145,  0.037,  0.746], 
          [-1.247, -1.166,  0.044,  0.754], 
          [-1.220, -1.328,  0.039,  0.673], 
          [-0.938, -1.234,  0.063,  0.707], 
          [-0.914, -1.279,  0.072,  0.700], 
          [-1.039, -1.392,  0.061,  0.782]
        ]
    },
    {
        "id": 4,
        "keypoints3d": [
          [ 0.372,  1.182,  1.593,  0.842], 
          [ 0.272,  1.317,  1.421,  0.852], 
          [ 0.152,  1.215,  1.436,  0.846], 
          [ 0.058,  1.216,  1.176,  0.786], 
          [ 0.060,  1.190,  0.930,  0.855], 
          [ 0.401,  1.420,  1.414,  0.802], 
          [ 0.449,  1.481,  1.142,  0.825], 
          [ 0.527,  1.414,  0.905,  0.852], 
          [ 0.262,  1.299,  0.877,  0.730], 
          [ 0.192,  1.231,  0.886,  0.731], 
          [ 0.285,  1.228,  0.509,  0.753], 
          [ 0.230,  1.280,  0.113,  0.772], 
          [ 0.331,  1.364,  0.870,  0.703], 
          [ 0.317,  1.350,  0.499,  0.755], 
          [ 0.259,  1.327,  0.109,  0.805], 
          [ 0.347,  1.175,  1.638,  0.854], 
          [ 0.422,  1.203,  1.650,  0.749], 
          [ 0.262,  1.219,  1.646,  0.882], 
          [ 0.421,  1.291,  1.630,  0.756], 
          [ 0.426,  1.280,  0.059,  0.649], 
          [ 0.413,  1.325,  0.077,  0.626], 
          [ 0.214,  1.330,  0.056,  0.643], 
          [ 0.408,  1.199,  0.043,  0.654], 
          [ 0.356,  1.172,  0.043,  0.628], 
          [ 0.216,  1.283,  0.064,  0.658]
        ]
    },
    {
        "id": 6,
        "keypoints3d": [
          [-0.037, -0.012,  1.032,  0.898], 
          [ 0.013, -0.013,  0.805,  0.830], 
          [ 0.038,  0.142,  0.802,  0.809], 
          [ 0.033,  0.318,  0.631,  0.831], 
          [-0.174,  0.320,  0.643,  0.769], 
          [-0.008, -0.168,  0.818,  0.806], 
          [-0.142, -0.332,  0.709,  0.846], 
          [-0.328, -0.240,  0.640,  0.843], 
          [-0.267,  0.021,  0.457,  0.732], 
          [-0.264,  0.142,  0.461,  0.732], 
          [-0.679,  0.257,  0.433,  0.796], 
          [-0.725,  0.340,  0.083,  0.692], 
          [-0.279, -0.087,  0.452,  0.695], 
          [-0.703, -0.119,  0.458,  0.896], 
          [-0.718, -0.179,  0.070,  0.808], 
          [-0.000,  0.010,  1.043,  0.903], 
          [-0.010, -0.050,  1.048,  0.858], 
          [ 0.056,  0.067,  0.998,  0.792], 
          [ 0.066, -0.087,  0.978,  0.648], 
          [-0.837, -0.286,  0.034,  0.732], 
          [-0.791, -0.305,  0.036,  0.711], 
          [-0.685, -0.161,  0.029,  0.768], 
          [-0.880,  0.392,  0.095,  0.773], 
          [-0.842,  0.428,  0.088,  0.755], 
          [-0.701,  0.349,  0.038,  0.662]
        ]
    }
]
