[
    {
        "id": 0,
        "keypoints3d": [
          [ 1.025, -1.328,  1.582,  0.880], 
          [ 1.133, -1.405,  1.388,  0.859], 
          [ 1.248, -1.293,  1.393,  0.819], 
          [ 1.145, -1.167,  1.179,  0.813], 
          [ 0.980, -1.360,  1.191,  0.796], 
          [ 0.999, -1.520,  1.380,  0.825], 
          [ 0.916, -1.445,  1.144,  0.863], 
          [ 1.078, -1.254,  1.174,  0.776], 
          [ 1.088, -1.361,  0.861,  0.728], 
          [ 1.150, -1.287,  0.868,  0.713], 
          [ 1.169, -1.315,  0.478,  0.794], 
          [ 1.234, -1.360,  0.095,  0.716], 
          [ 1.024, -1.435,  0.862,  0.715], 
          [ 1.040, -1.444,  0.480,  0.726], 
          [ 1.069, -1.470,  0.110,  0.813], 
          [ 1.074, -1.318,  1.630,  0.809], 
          [ 1.014, -1.360,  1.612,  0.863], 
          [ 1.172, -1.327,  1.605,  0.901], 
          [ 1.047, -1.456,  1.586,  0.842], 
          [ 0.989, -1.356,  0.062,  0.722], 
          [ 0.957, -1.430,  0.060,  0.721], 
          [ 1.098, -1.488,  0.070,  0.645], 
          [ 1.108, -1.243,  0.055,  0.811], 
          [ 1.170, -1.220,  0.054,  0.804], 
          [ 1.248, -1.389,  0.040,  0.542]
        ]
    },
    {
        "id": 2,
        "keypoints3d": [
          [-1.053, -1.113,  1.520,  0.905], 
          [-1.103, -1.259,  1.356,  0.859], 
          [-0.964, -1.339,  1.361,  0.870], 
          [-0.956, -1.431,  1.110,  0.826], 
          [-0.974, -1.458,  0.925,  0.818], 
          [-1.244, -1.186,  1.347,  0.858], 
          [-1.292, -1.237,  1.091,  0.773], 
          [-1.281, -1.416,  1.011,  0.662], 
          [-1.074, -1.285,  0.839,  0.778], 
          [-0.987, -1.327,  0.840,  0.758], 
          [-0.991, -1.364,  0.458,  0.803], 
          [-1.008, -1.390,  0.095,  0.807], 
          [-1.166, -1.240,  0.833,  0.753], 
          [-1.184, -1.269,  0.460,  0.829], 
          [-1.219, -1.302,  0.080,  0.861], 
          [-1.034, -1.146,  1.555,  0.797], 
          [-1.089, -1.121,  1.553,  0.878], 
          [-1.013, -1.241,  1.552,  0.784], 
          [-1.161, -1.164,  1.540,  0.853], 
          [-1.201, -1.142,  0.041,  0.772], 
          [-1.252, -1.171,  0.041,  0.786], 
          [-1.218, -1.327,  0.041,  0.689], 
          [-0.900, -1.289,  0.063,  0.712], 
          [-0.881, -1.335,  0.066,  0.706], 
          [-1.033, -1.410,  0.057,  0.798]
        ]
    },
    {
        "id": 4,
        "keypoints3d": [
          [ 0.569,  1.034,  1.572,  0.923], 
          [ 0.526,  1.218,  1.405,  0.863], 
          [ 0.396,  1.128,  1.402,  0.855], 
          [ 0.329,  1.169,  1.134,  0.851], 
          [ 0.354,  1.169,  0.877,  0.875], 
          [ 0.658,  1.295,  1.413,  0.831], 
          [ 0.728,  1.354,  1.174,  0.759], 
          [ 0.768,  1.285,  0.931,  0.828], 
          [ 0.558,  1.241,  0.875,  0.741], 
          [ 0.477,  1.191,  0.872,  0.723], 
          [ 0.563,  1.171,  0.480,  0.808], 
          [ 0.592,  1.232,  0.097,  0.738], 
          [ 0.639,  1.297,  0.875,  0.737], 
          [ 0.614,  1.314,  0.485,  0.807], 
          [ 0.349,  1.393,  0.232,  0.763], 
          [ 0.543,  1.034,  1.601,  0.786], 
          [ 0.601,  1.048,  1.613,  0.718], 
          [ 0.468,  1.089,  1.610,  0.873], 
          [ 0.622,  1.137,  1.625,  0.846], 
          [ 0.389,  1.342,  0.068,  0.580], 
          [ 0.402,  1.371,  0.085,  0.580], 
          [ 0.284,  1.392,  0.219,  0.597], 
          [ 0.715,  1.122,  0.021,  0.699], 
          [ 0.661,  1.117,  0.021,  0.698], 
          [ 0.615,  1.236,  0.052,  0.681]
        ]
    },
    {
        "id": 6,
        "keypoints3d": [
          [-0.045,  0.139,  1.026,  0.887], 
          [-0.018,  0.156,  0.803,  0.826], 
          [-0.068,  0.301,  0.783,  0.844], 
          [-0.170,  0.370,  0.585,  0.836], 
          [-0.361,  0.285,  0.615,  0.867], 
          [ 0.026,  0.004,  0.826,  0.775], 
          [ 0.023, -0.218,  0.732,  0.697], 
          [-0.184, -0.242,  0.663,  0.745], 
          [-0.330, -0.015,  0.486,  0.782], 
          [-0.357,  0.090,  0.483,  0.743], 
          [-0.738,  0.013,  0.475,  0.897], 
          [-0.833, -0.011,  0.116,  0.825], 
          [-0.315, -0.115,  0.515,  0.750], 
          [-0.615, -0.320,  0.460,  0.880], 
          [-0.691, -0.244,  0.107,  0.847], 
          [-0.011,  0.190,  1.043,  0.827], 
          [-0.003,  0.119,  1.050,  0.895], 
          [ 0.021,  0.258,  0.975,  0.852], 
          [ 0.087,  0.133,  0.976,  0.887], 
          [-0.840, -0.291,  0.063,  0.730], 
          [-0.790, -0.319,  0.052,  0.719], 
          [-0.664, -0.209,  0.064,  0.674], 
          [-0.985, -0.058,  0.108,  0.770], 
          [-0.968, -0.005,  0.102,  0.810], 
          [-0.805, -0.019,  0.060,  0.761]
        ]
    }
]
