[
    {
        "id": 0,
        "keypoints3d": [
          [ 1.028, -1.332,  1.581,  0.885], 
          [ 1.135, -1.407,  1.388,  0.860], 
          [ 1.251, -1.295,  1.393,  0.824], 
          [ 1.146, -1.165,  1.183,  0.816], 
          [ 0.973, -1.354,  1.194,  0.798], 
          [ 0.997, -1.522,  1.379,  0.827], 
          [ 0.912, -1.446,  1.143,  0.860], 
          [ 1.072, -1.257,  1.174,  0.770], 
          [ 1.087, -1.360,  0.862,  0.727], 
          [ 1.149, -1.283,  0.867,  0.709], 
          [ 1.163, -1.314,  0.479,  0.794], 
          [ 1.233, -1.358,  0.094,  0.724], 
          [ 1.023, -1.434,  0.862,  0.716], 
          [ 1.040, -1.438,  0.479,  0.713], 
          [ 1.068, -1.468,  0.111,  0.729], 
          [ 1.078, -1.302,  1.621,  0.803], 
          [ 1.016, -1.363,  1.610,  0.868], 
          [ 1.171, -1.332,  1.604,  0.894], 
          [ 1.048, -1.462,  1.581,  0.834], 
          [ 0.977, -1.360,  0.064,  0.701], 
          [ 0.956, -1.431,  0.063,  0.706], 
          [ 1.091, -1.491,  0.067,  0.649], 
          [ 1.120, -1.239,  0.049,  0.690], 
          [ 1.183, -1.225,  0.045,  0.700], 
          [ 1.252, -1.389,  0.042,  0.638]
        ]
    },
    {
        "id": 2,
        "keypoints3d": [
          [-1.140, -1.075,  1.522,  0.820], 
          [-1.165, -1.238,  1.355,  0.863], 
          [-1.026, -1.310,  1.370,  0.840], 
          [-0.993, -1.430,  1.127,  0.759], 
          [-1.089, -1.429,  0.898,  0.834], 
          [-1.308, -1.161,  1.334,  0.863], 
          [-1.339, -1.232,  1.078,  0.757], 
          [-1.295, -1.329,  0.880,  0.608], 
          [-1.134, -1.281,  0.829,  0.731], 
          [-1.042, -1.324,  0.833,  0.733], 
          [-1.027, -1.355,  0.444,  0.819], 
          [-1.018, -1.390,  0.097,  0.843], 
          [-1.230, -1.241,  0.822,  0.708], 
          [-1.211, -1.276,  0.447,  0.784], 
          [-1.223, -1.305,  0.078,  0.850], 
          [-1.113, -1.110,  1.552,  0.831], 
          [-1.174, -1.073,  1.546,  0.908], 
          [-1.097, -1.203,  1.551,  0.800], 
          [-1.240, -1.137,  1.528,  0.793], 
          [-1.206, -1.140,  0.042,  0.760], 
          [-1.249, -1.167,  0.047,  0.774], 
          [-1.224, -1.327,  0.039,  0.703], 
          [-0.909, -1.278,  0.071,  0.702], 
          [-0.889, -1.322,  0.071,  0.705], 
          [-1.031, -1.413,  0.053,  0.788]
        ]
    },
    {
        "id": 4,
        "keypoints3d": [
          [ 0.452,  1.127,  1.579,  0.886], 
          [ 0.380,  1.292,  1.406,  0.887], 
          [ 0.258,  1.193,  1.415,  0.874], 
          [ 0.167,  1.218,  1.154,  0.798], 
          [ 0.159,  1.224,  0.902,  0.820], 
          [ 0.511,  1.374,  1.399,  0.827], 
          [ 0.573,  1.419,  1.128,  0.809], 
          [ 0.636,  1.333,  0.912,  0.825], 
          [ 0.379,  1.287,  0.861,  0.749], 
          [ 0.310,  1.224,  0.868,  0.730], 
          [ 0.440,  1.194,  0.490,  0.792], 
          [ 0.554,  1.203,  0.107,  0.833], 
          [ 0.448,  1.353,  0.858,  0.728], 
          [ 0.356,  1.359,  0.475,  0.780], 
          [ 0.217,  1.362,  0.119,  0.766], 
          [ 0.423,  1.119,  1.613,  0.825], 
          [ 0.488,  1.141,  1.611,  0.872], 
          [ 0.343,  1.166,  1.628,  0.784], 
          [ 0.513,  1.231,  1.625,  0.761], 
          [ 0.334,  1.334,  0.050,  0.571], 
          [ 0.330,  1.368,  0.056,  0.589], 
          [ 0.161,  1.365,  0.082,  0.700], 
          [ 0.683,  1.093,  0.057,  0.646], 
          [ 0.628,  1.092,  0.049,  0.648], 
          [ 0.566,  1.228,  0.064,  0.726]
        ]
    },
    {
        "id": 6,
        "keypoints3d": [
          [-0.017,  0.008,  1.035,  0.903], 
          [ 0.023,  0.050,  0.800,  0.841], 
          [ 0.016,  0.198,  0.799,  0.804], 
          [-0.046,  0.343,  0.629,  0.885], 
          [-0.268,  0.317,  0.635,  0.781], 
          [ 0.020, -0.107,  0.819,  0.847], 
          [-0.047, -0.298,  0.696,  0.787], 
          [-0.261, -0.269,  0.661,  0.811], 
          [-0.312,  0.019,  0.486,  0.748], 
          [-0.331,  0.130,  0.498,  0.725], 
          [-0.721,  0.141,  0.431,  0.881], 
          [-0.717,  0.299,  0.084,  0.807], 
          [-0.316, -0.102,  0.497,  0.709], 
          [-0.678, -0.209,  0.464,  0.855], 
          [-0.725, -0.206,  0.096,  0.820], 
          [ 0.005,  0.053,  1.046,  0.847], 
          [ 0.022, -0.016,  1.043,  0.831], 
          [ 0.052,  0.123,  0.990,  0.740], 
          [ 0.091, -0.035,  0.978,  0.873], 
          [-0.846, -0.296,  0.047,  0.716], 
          [-0.799, -0.315,  0.045,  0.701], 
          [-0.689, -0.159,  0.047,  0.798], 
          [-0.881,  0.302,  0.097,  0.774], 
          [-0.847,  0.355,  0.093,  0.817], 
          [-0.690,  0.312,  0.044,  0.682]
        ]
    }
]
