[
    {
        "id": 0,
        "keypoints3d": [
          [-0.009,  1.164,  1.581,  0.775], 
          [-0.176,  1.245,  1.417,  0.857], 
          [-0.217,  1.086,  1.412,  0.806], 
          [-0.237,  1.064,  1.124,  0.803], 
          [-0.093,  1.079,  0.934,  0.856], 
          [-0.144,  1.409,  1.420,  0.804], 
          [-0.180,  1.471,  1.161,  0.777], 
          [-0.123,  1.459,  0.912,  0.852], 
          [-0.172,  1.265,  0.877,  0.743], 
          [-0.194,  1.173,  0.877,  0.733], 
          [-0.241,  1.184,  0.490,  0.800], 
          [-0.365,  1.219,  0.102,  0.827], 
          [-0.137,  1.371,  0.883,  0.710], 
          [-0.024,  1.356,  0.506,  0.804], 
          [ 0.023,  1.372,  0.124,  0.837], 
          [-0.023,  1.142,  1.633,  0.863], 
          [ 0.001,  1.192,  1.626,  0.703], 
          [-0.126,  1.127,  1.627,  0.772], 
          [-0.060,  1.267,  1.630,  0.842], 
          [ 0.150,  1.375,  0.047,  0.659], 
          [ 0.155,  1.428,  0.059,  0.635], 
          [ 0.010,  1.378,  0.079,  0.674], 
          [-0.210,  1.248,  0.057,  0.730], 
          [-0.248,  1.202,  0.046,  0.721], 
          [-0.400,  1.231,  0.064,  0.786]
        ]
    },
    {
        "id": 2,
        "keypoints3d": [
          [-1.222, -1.113,  1.524,  0.889], 
          [-1.201, -1.273,  1.345,  0.877], 
          [-1.047, -1.292,  1.353,  0.861], 
          [-1.023, -1.349,  1.074,  0.827], 
          [-1.095, -1.378,  0.870,  0.734], 
          [-1.378, -1.252,  1.343,  0.840], 
          [-1.394, -1.316,  1.082,  0.792], 
          [-1.315, -1.353,  0.865,  0.619], 
          [-1.204, -1.232,  0.821,  0.748], 
          [-1.098, -1.231,  0.825,  0.733], 
          [-1.070, -1.231,  0.461,  0.816], 
          [-1.079, -1.304,  0.108,  0.767], 
          [-1.307, -1.238,  0.819,  0.728], 
          [-1.266, -1.266,  0.441,  0.840], 
          [-1.222, -1.303,  0.081,  0.842], 
          [-1.200, -1.135,  1.559,  0.884], 
          [-1.269, -1.134,  1.563,  0.867], 
          [-1.131, -1.218,  1.549,  0.871], 
          [-1.306, -1.214,  1.540,  0.743], 
          [-1.210, -1.149,  0.041,  0.701], 
          [-1.250, -1.168,  0.047,  0.726], 
          [-1.217, -1.347,  0.044,  0.616], 
          [-0.972, -1.198,  0.075,  0.720], 
          [-0.950, -1.247,  0.081,  0.729], 
          [-1.093, -1.341,  0.056,  0.751]
        ]
    },
    {
        "id": 4,
        "keypoints3d": [
          [-0.432,  0.106,  1.011,  0.843], 
          [-0.235,  0.062,  0.898,  0.825], 
          [-0.167,  0.179,  0.903,  0.778], 
          [ 0.022,  0.289,  0.783,  0.775], 
          [-0.125,  0.324,  0.634,  0.828], 
          [-0.304, -0.072,  0.896,  0.782], 
          [-0.359, -0.288,  0.793,  0.767], 
          [-0.459, -0.156,  0.641,  0.775], 
          [-0.302,  0.058,  0.464,  0.757], 
          [-0.247,  0.152,  0.468,  0.726], 
          [-0.519,  0.455,  0.462,  0.788], 
          [-0.580,  0.385,  0.111,  0.821], 
          [-0.360, -0.022,  0.461,  0.722], 
          [-0.744,  0.116,  0.465,  0.866], 
          [-0.672,  0.186,  0.102,  0.867], 
          [-0.394,  0.122,  1.034,  0.783], 
          [-0.434,  0.061,  1.051,  0.766], 
          [-0.304,  0.157,  1.044,  0.771], 
          [-0.349,  0.010,  1.055,  0.751], 
          [-0.826,  0.237,  0.044,  0.780], 
          [-0.802,  0.188,  0.044,  0.821], 
          [-0.640,  0.211,  0.062,  0.779], 
          [-0.648,  0.472,  0.039,  0.648], 
          [-0.598,  0.475,  0.043,  0.670], 
          [-0.578,  0.344,  0.070,  0.715]
        ]
    },
    {
        "id": 6,
        "keypoints3d": [
          [ 1.020, -1.337,  1.583,  0.888], 
          [ 1.127, -1.405,  1.390,  0.872], 
          [ 1.238, -1.289,  1.395,  0.846], 
          [ 1.141, -1.168,  1.180,  0.813], 
          [ 0.974, -1.359,  1.198,  0.797], 
          [ 0.993, -1.519,  1.376,  0.844], 
          [ 0.911, -1.447,  1.143,  0.863], 
          [ 1.075, -1.263,  1.173,  0.771], 
          [ 1.086, -1.357,  0.864,  0.758], 
          [ 1.143, -1.276,  0.870,  0.760], 
          [ 1.176, -1.305,  0.479,  0.787], 
          [ 1.241, -1.350,  0.083,  0.863], 
          [ 1.021, -1.435,  0.860,  0.738], 
          [ 1.036, -1.437,  0.470,  0.734], 
          [ 1.071, -1.466,  0.103,  0.843], 
          [ 1.068, -1.323,  1.628,  0.807], 
          [ 1.006, -1.352,  1.616,  0.858], 
          [ 1.163, -1.336,  1.603,  0.904], 
          [ 1.020, -1.456,  1.583,  0.829], 
          [ 0.973, -1.363,  0.060,  0.717], 
          [ 0.958, -1.433,  0.056,  0.731], 
          [ 1.104, -1.481,  0.053,  0.700], 
          [ 1.118, -1.249,  0.044,  0.714], 
          [ 1.185, -1.223,  0.044,  0.709], 
          [ 1.253, -1.384,  0.039,  0.676]
        ]
    }
]
