[
    {
        "id": 0,
        "keypoints3d": [
          [ 1.019, -1.337,  1.580,  0.885], 
          [ 1.132, -1.410,  1.388,  0.862], 
          [ 1.250, -1.297,  1.393,  0.826], 
          [ 1.148, -1.168,  1.184,  0.821], 
          [ 0.977, -1.361,  1.198,  0.796], 
          [ 0.997, -1.521,  1.379,  0.827], 
          [ 0.916, -1.451,  1.145,  0.852], 
          [ 1.059, -1.259,  1.180,  0.746], 
          [ 1.090, -1.363,  0.873,  0.710], 
          [ 1.151, -1.284,  0.874,  0.701], 
          [ 1.178, -1.304,  0.471,  0.717], 
          [ 1.247, -1.352,  0.087,  0.699], 
          [ 1.018, -1.438,  0.872,  0.692], 
          [ 1.034, -1.438,  0.476,  0.677], 
          [ 1.072, -1.469,  0.102,  0.831], 
          [ 1.072, -1.322,  1.628,  0.821], 
          [ 1.012, -1.362,  1.611,  0.858], 
          [ 1.167, -1.335,  1.603,  0.896], 
          [ 1.047, -1.463,  1.579,  0.837], 
          [ 0.976, -1.362,  0.061,  0.700], 
          [ 0.959, -1.434,  0.067,  0.702], 
          [ 1.100, -1.486,  0.061,  0.691], 
          [ 1.116, -1.250,  0.047,  0.679], 
          [ 1.183, -1.224,  0.044,  0.682], 
          [ 1.254, -1.384,  0.040,  0.645]
        ]
    },
    {
        "id": 2,
        "keypoints3d": [
          [ 0.278,  1.217,  1.605,  0.838], 
          [ 0.129,  1.323,  1.420,  0.849], 
          [ 0.045,  1.198,  1.436,  0.826], 
          [-0.055,  1.158,  1.176,  0.865], 
          [-0.073,  1.096,  0.954,  0.875], 
          [ 0.231,  1.458,  1.411,  0.809], 
          [ 0.244,  1.530,  1.143,  0.821], 
          [ 0.272,  1.513,  0.889,  0.841], 
          [ 0.136,  1.305,  0.877,  0.721], 
          [ 0.090,  1.214,  0.881,  0.712], 
          [ 0.130,  1.194,  0.510,  0.793], 
          [-0.094,  1.256,  0.232,  0.761], 
          [ 0.191,  1.395,  0.875,  0.718], 
          [ 0.196,  1.393,  0.485,  0.817], 
          [ 0.183,  1.371,  0.105,  0.769], 
          [ 0.239,  1.212,  1.640,  0.873], 
          [ 0.292,  1.247,  1.640,  0.852], 
          [ 0.145,  1.220,  1.640,  0.867], 
          [ 0.287,  1.320,  1.627,  0.797], 
          [ 0.340,  1.340,  0.044,  0.660], 
          [ 0.339,  1.380,  0.057,  0.728], 
          [ 0.163,  1.364,  0.061,  0.694], 
          [-0.045,  1.227,  0.051,  0.693], 
          [-0.091,  1.201,  0.077,  0.653], 
          [-0.164,  1.270,  0.218,  0.777]
        ]
    },
    {
        "id": 4,
        "keypoints3d": [
          [-1.186, -1.090,  1.522,  0.887], 
          [-1.217, -1.239,  1.348,  0.858], 
          [-1.063, -1.299,  1.361,  0.854], 
          [-1.043, -1.390,  1.095,  0.810], 
          [-1.079, -1.412,  0.881,  0.772], 
          [-1.372, -1.178,  1.336,  0.845], 
          [-1.400, -1.249,  1.074,  0.718], 
          [-1.298, -1.350,  0.848,  0.700], 
          [-1.161, -1.253,  0.830,  0.755], 
          [-1.069, -1.271,  0.837,  0.756], 
          [-1.052, -1.245,  0.467,  0.866], 
          [-1.067, -1.310,  0.106,  0.836], 
          [-1.264, -1.237,  0.820,  0.747], 
          [-1.245, -1.271,  0.446,  0.846], 
          [-1.222, -1.303,  0.084,  0.851], 
          [-1.167, -1.116,  1.559,  0.795], 
          [-1.233, -1.093,  1.553,  0.878], 
          [-1.136, -1.213,  1.545,  0.737], 
          [-1.301, -1.155,  1.536,  0.825], 
          [-1.200, -1.152,  0.038,  0.741], 
          [-1.245, -1.167,  0.047,  0.746], 
          [-1.216, -1.340,  0.038,  0.625], 
          [-0.981, -1.188,  0.075,  0.721], 
          [-0.960, -1.232,  0.082,  0.713], 
          [-1.093, -1.337,  0.053,  0.737]
        ]
    },
    {
        "id": 6,
        "keypoints3d": [
          [-0.163,  0.006,  1.003,  0.830], 
          [-0.041, -0.011,  0.820,  0.824], 
          [-0.007,  0.132,  0.830,  0.804], 
          [ 0.064,  0.320,  0.686,  0.834], 
          [-0.152,  0.341,  0.645,  0.870], 
          [-0.090, -0.155,  0.836,  0.791], 
          [-0.226, -0.302,  0.715,  0.779], 
          [-0.377, -0.179,  0.626,  0.808], 
          [-0.245,  0.021,  0.451,  0.703], 
          [-0.214,  0.123,  0.450,  0.679], 
          [-0.622,  0.314,  0.464,  0.847], 
          [-0.706,  0.362,  0.091,  0.824], 
          [-0.278, -0.090,  0.454,  0.693], 
          [-0.711, -0.023,  0.478,  0.868], 
          [-0.796,  0.032,  0.105,  0.858], 
          [-0.144,  0.033,  1.037,  0.822], 
          [-0.147, -0.033,  1.041,  0.874], 
          [-0.041,  0.063,  1.001,  0.836], 
          [-0.075, -0.083,  1.014,  0.847], 
          [-0.956,  0.004,  0.072,  0.800], 
          [-0.929, -0.041,  0.075,  0.800], 
          [-0.762,  0.052,  0.058,  0.774], 
          [-0.863,  0.413,  0.095,  0.788], 
          [-0.803,  0.452,  0.083,  0.665], 
          [-0.690,  0.345,  0.041,  0.701]
        ]
    }
]
