[
    {
        "id": 0,
        "keypoints3d": [
          [ 1.032, -1.327,  1.580,  0.882], 
          [ 1.134, -1.407,  1.388,  0.860], 
          [ 1.251, -1.295,  1.393,  0.826], 
          [ 1.146, -1.165,  1.182,  0.835], 
          [ 0.975, -1.358,  1.198,  0.792], 
          [ 0.997, -1.522,  1.379,  0.826], 
          [ 0.913, -1.443,  1.143,  0.865], 
          [ 1.073, -1.252,  1.179,  0.773], 
          [ 1.089, -1.358,  0.862,  0.727], 
          [ 1.152, -1.281,  0.866,  0.708], 
          [ 1.164, -1.313,  0.475,  0.789], 
          [ 1.234, -1.359,  0.092,  0.722], 
          [ 1.023, -1.435,  0.864,  0.715], 
          [ 1.040, -1.438,  0.473,  0.711], 
          [ 1.067, -1.464,  0.099,  0.758], 
          [ 1.075, -1.321,  1.629,  0.820], 
          [ 1.016, -1.363,  1.610,  0.867], 
          [ 1.171, -1.335,  1.607,  0.822], 
          [ 1.048, -1.462,  1.581,  0.838], 
          [ 0.979, -1.357,  0.061,  0.697], 
          [ 0.958, -1.435,  0.062,  0.707], 
          [ 1.091, -1.491,  0.068,  0.648], 
          [ 1.108, -1.243,  0.055,  0.810], 
          [ 1.170, -1.220,  0.054,  0.797], 
          [ 1.255, -1.383,  0.040,  0.640]
        ]
    },
    {
        "id": 2,
        "keypoints3d": [
          [-1.118, -1.083,  1.525,  0.806], 
          [-1.156, -1.238,  1.357,  0.866], 
          [-1.016, -1.309,  1.369,  0.844], 
          [-0.984, -1.427,  1.119,  0.785], 
          [-1.079, -1.431,  0.899,  0.848], 
          [-1.299, -1.164,  1.336,  0.864], 
          [-1.331, -1.231,  1.080,  0.765], 
          [-1.254, -1.326,  0.886,  0.635], 
          [-1.127, -1.275,  0.834,  0.736], 
          [-1.035, -1.324,  0.835,  0.741], 
          [-1.024, -1.359,  0.446,  0.823], 
          [-1.013, -1.393,  0.092,  0.844], 
          [-1.222, -1.238,  0.827,  0.734], 
          [-1.205, -1.273,  0.455,  0.782], 
          [-1.221, -1.303,  0.079,  0.858], 
          [-1.096, -1.110,  1.555,  0.813], 
          [-1.166, -1.076,  1.549,  0.900], 
          [-1.084, -1.204,  1.557,  0.743], 
          [-1.227, -1.147,  1.530,  0.816], 
          [-1.207, -1.138,  0.044,  0.770], 
          [-1.250, -1.166,  0.045,  0.791], 
          [-1.219, -1.326,  0.036,  0.720], 
          [-0.903, -1.286,  0.066,  0.716], 
          [-0.889, -1.323,  0.070,  0.719], 
          [-1.031, -1.410,  0.054,  0.790]
        ]
    },
    {
        "id": 4,
        "keypoints3d": [
          [ 0.489,  1.104,  1.572,  0.880], 
          [ 0.415,  1.280,  1.403,  0.889], 
          [ 0.274,  1.191,  1.407,  0.852], 
          [ 0.197,  1.212,  1.142,  0.816], 
          [ 0.202,  1.214,  0.896,  0.821], 
          [ 0.544,  1.366,  1.397,  0.825], 
          [ 0.610,  1.402,  1.136,  0.796], 
          [ 0.676,  1.313,  0.919,  0.850], 
          [ 0.405,  1.283,  0.862,  0.752], 
          [ 0.338,  1.220,  0.864,  0.730], 
          [ 0.435,  1.228,  0.487,  0.816], 
          [ 0.512,  1.288,  0.106,  0.793], 
          [ 0.480,  1.342,  0.863,  0.727], 
          [ 0.411,  1.333,  0.479,  0.777], 
          [ 0.310,  1.324,  0.112,  0.777], 
          [ 0.451,  1.110,  1.605,  0.805], 
          [ 0.507,  1.125,  1.611,  0.893], 
          [ 0.365,  1.154,  1.615,  0.807], 
          [ 0.523,  1.226,  1.620,  0.920], 
          [ 0.469,  1.275,  0.078,  0.577], 
          [ 0.459,  1.302,  0.084,  0.592], 
          [ 0.277,  1.324,  0.068,  0.646], 
          [ 0.707,  1.108,  0.043,  0.703], 
          [ 0.659,  1.114,  0.039,  0.694], 
          [ 0.548,  1.284,  0.071,  0.678]
        ]
    },
    {
        "id": 6,
        "keypoints3d": [
          [-0.015,  0.037,  1.033,  0.890], 
          [ 0.024,  0.067,  0.798,  0.874], 
          [-0.001,  0.218,  0.800,  0.831], 
          [-0.079,  0.336,  0.616,  0.795], 
          [-0.296,  0.296,  0.632,  0.792], 
          [ 0.040, -0.097,  0.819,  0.840], 
          [-0.029, -0.291,  0.698,  0.772], 
          [-0.256, -0.251,  0.641,  0.797], 
          [-0.312,  0.001,  0.493,  0.761], 
          [-0.333,  0.108,  0.500,  0.741], 
          [-0.735,  0.107,  0.425,  0.864], 
          [-0.721,  0.273,  0.082,  0.815], 
          [-0.306, -0.106,  0.506,  0.737], 
          [-0.664, -0.247,  0.471,  0.830], 
          [-0.721, -0.209,  0.091,  0.808], 
          [-0.005,  0.072,  1.050,  0.834], 
          [ 0.024,  0.000,  1.043,  0.770], 
          [ 0.042,  0.160,  0.990,  0.776], 
          [ 0.093, -0.011,  0.979,  0.863], 
          [-0.856, -0.297,  0.044,  0.703], 
          [-0.811, -0.318,  0.046,  0.690], 
          [-0.689, -0.162,  0.050,  0.703], 
          [-0.891,  0.282,  0.093,  0.733], 
          [-0.868,  0.320,  0.090,  0.746], 
          [-0.694,  0.299,  0.046,  0.709]
        ]
    }
]
