[
    {
        "id": 0,
        "keypoints3d": [
          [ 1.028, -1.328,  1.581,  0.880], 
          [ 1.132, -1.408,  1.388,  0.860], 
          [ 1.248, -1.292,  1.392,  0.816], 
          [ 1.144, -1.167,  1.179,  0.805], 
          [ 0.976, -1.364,  1.190,  0.789], 
          [ 0.999, -1.520,  1.379,  0.824], 
          [ 0.915, -1.445,  1.142,  0.861], 
          [ 1.074, -1.253,  1.177,  0.781], 
          [ 1.089, -1.362,  0.860,  0.729], 
          [ 1.151, -1.285,  0.866,  0.716], 
          [ 1.169, -1.315,  0.479,  0.796], 
          [ 1.233, -1.361,  0.097,  0.725], 
          [ 1.024, -1.435,  0.861,  0.717], 
          [ 1.040, -1.442,  0.478,  0.726], 
          [ 1.069, -1.470,  0.110,  0.808], 
          [ 1.076, -1.296,  1.624,  0.900], 
          [ 1.014, -1.360,  1.612,  0.863], 
          [ 1.172, -1.327,  1.605,  0.900], 
          [ 1.048, -1.455,  1.586,  0.842], 
          [ 0.988, -1.356,  0.059,  0.716], 
          [ 0.961, -1.430,  0.059,  0.719], 
          [ 1.105, -1.487,  0.067,  0.636], 
          [ 1.108, -1.242,  0.055,  0.811], 
          [ 1.170, -1.220,  0.054,  0.803], 
          [ 1.246, -1.390,  0.041,  0.548]
        ]
    },
    {
        "id": 2,
        "keypoints3d": [
          [-1.047, -1.115,  1.520,  0.894], 
          [-1.090, -1.266,  1.355,  0.861], 
          [-0.960, -1.343,  1.361,  0.859], 
          [-0.946, -1.435,  1.108,  0.819], 
          [-0.963, -1.459,  0.932,  0.760], 
          [-1.236, -1.197,  1.351,  0.862], 
          [-1.282, -1.239,  1.093,  0.805], 
          [-1.233, -1.341,  0.908,  0.543], 
          [-1.066, -1.288,  0.841,  0.778], 
          [-0.981, -1.332,  0.842,  0.756], 
          [-0.986, -1.370,  0.459,  0.809], 
          [-1.005, -1.393,  0.101,  0.808], 
          [-1.155, -1.242,  0.840,  0.757], 
          [-1.179, -1.270,  0.462,  0.827], 
          [-1.217, -1.302,  0.083,  0.853], 
          [-1.020, -1.157,  1.556,  0.798], 
          [-1.082, -1.122,  1.559,  0.887], 
          [-1.008, -1.247,  1.550,  0.774], 
          [-1.151, -1.177,  1.542,  0.863], 
          [-1.202, -1.141,  0.042,  0.775], 
          [-1.251, -1.171,  0.041,  0.781], 
          [-1.220, -1.326,  0.046,  0.688], 
          [-0.899, -1.294,  0.061,  0.713], 
          [-0.883, -1.341,  0.062,  0.713], 
          [-1.031, -1.413,  0.056,  0.725]
        ]
    },
    {
        "id": 4,
        "keypoints3d": [
          [ 0.571,  1.032,  1.573,  0.920], 
          [ 0.541,  1.221,  1.409,  0.878], 
          [ 0.402,  1.127,  1.405,  0.865], 
          [ 0.342,  1.162,  1.136,  0.879], 
          [ 0.373,  1.154,  0.872,  0.859], 
          [ 0.674,  1.289,  1.420,  0.835], 
          [ 0.742,  1.340,  1.173,  0.777], 
          [ 0.782,  1.284,  0.932,  0.823], 
          [ 0.570,  1.235,  0.871,  0.755], 
          [ 0.486,  1.183,  0.868,  0.727], 
          [ 0.579,  1.161,  0.486,  0.837], 
          [ 0.621,  1.209,  0.104,  0.782], 
          [ 0.648,  1.288,  0.872,  0.752], 
          [ 0.640,  1.295,  0.492,  0.809], 
          [ 0.392,  1.381,  0.235,  0.801], 
          [ 0.547,  1.029,  1.604,  0.767], 
          [ 0.607,  1.049,  1.615,  0.829], 
          [ 0.479,  1.082,  1.612,  0.879], 
          [ 0.638,  1.133,  1.627,  0.860], 
          [ 0.419,  1.335,  0.076,  0.571], 
          [ 0.435,  1.354,  0.093,  0.531], 
          [ 0.338,  1.395,  0.230,  0.618], 
          [ 0.710,  1.123,  0.026,  0.617], 
          [ 0.660,  1.118,  0.021,  0.633], 
          [ 0.613,  1.241,  0.061,  0.658]
        ]
    },
    {
        "id": 6,
        "keypoints3d": [
          [-0.048,  0.164,  1.019,  0.873], 
          [-0.018,  0.164,  0.797,  0.820], 
          [-0.073,  0.311,  0.778,  0.832], 
          [-0.195,  0.388,  0.588,  0.802], 
          [-0.367,  0.284,  0.613,  0.850], 
          [ 0.022,  0.021,  0.820,  0.771], 
          [ 0.034, -0.193,  0.727,  0.707], 
          [-0.173, -0.230,  0.659,  0.735], 
          [-0.327, -0.009,  0.482,  0.774], 
          [-0.355,  0.091,  0.475,  0.734], 
          [-0.738, -0.005,  0.474,  0.866], 
          [-0.841, -0.071,  0.125,  0.849], 
          [-0.303, -0.113,  0.508,  0.738], 
          [-0.609, -0.325,  0.461,  0.878], 
          [-0.695, -0.245,  0.112,  0.853], 
          [-0.030,  0.217,  1.039,  0.826], 
          [-0.005,  0.149,  1.045,  0.868], 
          [ 0.011,  0.280,  0.969,  0.716], 
          [ 0.088,  0.146,  0.972,  0.912], 
          [-0.831, -0.278,  0.061,  0.664], 
          [-0.793, -0.318,  0.053,  0.647], 
          [-0.668, -0.229,  0.073,  0.665], 
          [-0.983, -0.114,  0.136,  0.717], 
          [-0.965, -0.064,  0.124,  0.739], 
          [-0.819, -0.069,  0.081,  0.734]
        ]
    }
]
