[
    {
        "id": 0,
        "keypoints3d": [
          [ 1.028, -1.332,  1.581,  0.884], 
          [ 1.134, -1.410,  1.387,  0.862], 
          [ 1.252, -1.295,  1.394,  0.824], 
          [ 1.149, -1.164,  1.184,  0.818], 
          [ 0.980, -1.359,  1.190,  0.796], 
          [ 0.997, -1.521,  1.379,  0.829], 
          [ 0.915, -1.447,  1.143,  0.856], 
          [ 1.069, -1.254,  1.175,  0.770], 
          [ 1.090, -1.357,  0.863,  0.725], 
          [ 1.151, -1.284,  0.867,  0.704], 
          [ 1.168, -1.309,  0.471,  0.730], 
          [ 1.241, -1.351,  0.087,  0.749], 
          [ 1.021, -1.434,  0.862,  0.715], 
          [ 1.035, -1.439,  0.471,  0.674], 
          [ 1.070, -1.466,  0.107,  0.829], 
          [ 1.076, -1.321,  1.627,  0.814], 
          [ 1.015, -1.363,  1.609,  0.870], 
          [ 1.171, -1.333,  1.603,  0.893], 
          [ 1.048, -1.462,  1.581,  0.840], 
          [ 0.980, -1.354,  0.064,  0.700], 
          [ 0.959, -1.435,  0.067,  0.702], 
          [ 1.102, -1.481,  0.061,  0.694], 
          [ 1.117, -1.245,  0.049,  0.675], 
          [ 1.182, -1.224,  0.046,  0.682], 
          [ 1.252, -1.389,  0.041,  0.638]
        ]
    },
    {
        "id": 2,
        "keypoints3d": [
          [-1.163, -1.066,  1.514,  0.861], 
          [-1.200, -1.223,  1.352,  0.865], 
          [-1.063, -1.303,  1.368,  0.849], 
          [-1.012, -1.421,  1.121,  0.818], 
          [-1.053, -1.436,  0.913,  0.785], 
          [-1.331, -1.151,  1.329,  0.852], 
          [-1.374, -1.218,  1.065,  0.768], 
          [-1.293, -1.359,  0.867,  0.572], 
          [-1.145, -1.277,  0.844,  0.734], 
          [-1.051, -1.315,  0.850,  0.735], 
          [-0.994, -1.297,  0.480,  0.861], 
          [-1.012, -1.378,  0.107,  0.849], 
          [-1.241, -1.241,  0.837,  0.712], 
          [-1.219, -1.282,  0.452,  0.831], 
          [-1.222, -1.305,  0.077,  0.866], 
          [-1.140, -1.101,  1.549,  0.845], 
          [-1.196, -1.074,  1.542,  0.790], 
          [-1.123, -1.196,  1.549,  0.782], 
          [-1.287, -1.120,  1.527,  0.846], 
          [-1.202, -1.140,  0.039,  0.741], 
          [-1.247, -1.167,  0.040,  0.757], 
          [-1.221, -1.328,  0.035,  0.708], 
          [-0.910, -1.275,  0.062,  0.711], 
          [-0.891, -1.310,  0.069,  0.714], 
          [-1.037, -1.401,  0.061,  0.782]
        ]
    },
    {
        "id": 4,
        "keypoints3d": [
          [ 0.398,  1.166,  1.589,  0.808], 
          [ 0.302,  1.308,  1.415,  0.850], 
          [ 0.178,  1.214,  1.436,  0.843], 
          [ 0.096,  1.220,  1.165,  0.806], 
          [ 0.081,  1.204,  0.916,  0.798], 
          [ 0.425,  1.416,  1.409,  0.812], 
          [ 0.492,  1.459,  1.144,  0.833], 
          [ 0.567,  1.383,  0.901,  0.806], 
          [ 0.297,  1.294,  0.875,  0.722], 
          [ 0.227,  1.220,  0.883,  0.706], 
          [ 0.354,  1.191,  0.503,  0.806], 
          [ 0.384,  1.234,  0.123,  0.797], 
          [ 0.357,  1.368,  0.869,  0.701], 
          [ 0.293,  1.378,  0.487,  0.782], 
          [ 0.199,  1.358,  0.111,  0.824], 
          [ 0.359,  1.163,  1.627,  0.770], 
          [ 0.433,  1.191,  1.630,  0.891], 
          [ 0.284,  1.215,  1.643,  0.837], 
          [ 0.449,  1.283,  1.624,  0.857], 
          [ 0.337,  1.338,  0.036,  0.491], 
          [ 0.312,  1.382,  0.038,  0.528], 
          [ 0.160,  1.356,  0.074,  0.685], 
          [ 0.527,  1.145,  0.067,  0.700], 
          [ 0.479,  1.135,  0.059,  0.699], 
          [ 0.362,  1.256,  0.077,  0.675]
        ]
    },
    {
        "id": 6,
        "keypoints3d": [
          [-0.026, -0.013,  1.036,  0.923], 
          [ 0.013, -0.001,  0.803,  0.832], 
          [ 0.031,  0.165,  0.803,  0.810], 
          [ 0.017,  0.321,  0.628,  0.846], 
          [-0.187,  0.315,  0.648,  0.817], 
          [-0.008, -0.157,  0.819,  0.789], 
          [-0.132, -0.330,  0.703,  0.842], 
          [-0.317, -0.247,  0.646,  0.840], 
          [-0.284,  0.019,  0.470,  0.718], 
          [-0.271,  0.134,  0.473,  0.697], 
          [-0.699,  0.236,  0.440,  0.874], 
          [-0.723,  0.336,  0.085,  0.700], 
          [-0.291, -0.093,  0.476,  0.669], 
          [-0.699, -0.132,  0.459,  0.894], 
          [-0.714, -0.199,  0.075,  0.830], 
          [ 0.007,  0.016,  1.045,  0.795], 
          [ 0.005, -0.044,  1.048,  0.838], 
          [ 0.065,  0.082,  0.994,  0.783], 
          [ 0.077, -0.093,  0.977,  0.695], 
          [-0.832, -0.309,  0.037,  0.712], 
          [-0.777, -0.328,  0.034,  0.713], 
          [-0.676, -0.170,  0.029,  0.713], 
          [-0.880,  0.375,  0.093,  0.695], 
          [-0.856,  0.414,  0.093,  0.793], 
          [-0.707,  0.340,  0.038,  0.667]
        ]
    }
]
