[
    {
        "id": 0,
        "keypoints3d": [
          [-1.196, -1.097,  1.521,  0.883], 
          [-1.216, -1.249,  1.346,  0.867], 
          [-1.060, -1.302,  1.358,  0.853], 
          [-1.043, -1.366,  1.086,  0.809], 
          [-1.093, -1.390,  0.865,  0.757], 
          [-1.376, -1.196,  1.335,  0.847], 
          [-1.404, -1.259,  1.074,  0.735], 
          [-1.313, -1.346,  0.853,  0.637], 
          [-1.169, -1.243,  0.829,  0.756], 
          [-1.074, -1.262,  0.837,  0.767], 
          [-1.054, -1.232,  0.472,  0.847], 
          [-1.069, -1.309,  0.115,  0.835], 
          [-1.268, -1.235,  0.824,  0.754], 
          [-1.253, -1.268,  0.447,  0.853], 
          [-1.222, -1.304,  0.083,  0.849], 
          [-1.175, -1.120,  1.555,  0.727], 
          [-1.241, -1.095,  1.553,  0.872], 
          [-1.133, -1.212,  1.541,  0.784], 
          [-1.298, -1.173,  1.535,  0.791], 
          [-1.203, -1.143,  0.039,  0.733], 
          [-1.246, -1.166,  0.046,  0.738], 
          [-1.218, -1.349,  0.039,  0.608], 
          [-0.978, -1.186,  0.077,  0.711], 
          [-0.957, -1.234,  0.078,  0.696], 
          [-1.092, -1.335,  0.064,  0.740]
        ]
    },
    {
        "id": 2,
        "keypoints3d": [
          [ 1.020, -1.338,  1.580,  0.884], 
          [ 1.131, -1.409,  1.388,  0.862], 
          [ 1.250, -1.297,  1.393,  0.828], 
          [ 1.148, -1.165,  1.182,  0.837], 
          [ 0.974, -1.361,  1.197,  0.799], 
          [ 0.998, -1.522,  1.378,  0.828], 
          [ 0.918, -1.451,  1.147,  0.851], 
          [ 1.073, -1.258,  1.179,  0.759], 
          [ 1.090, -1.360,  0.863,  0.725], 
          [ 1.152, -1.281,  0.865,  0.719], 
          [ 1.180, -1.307,  0.482,  0.736], 
          [ 1.244, -1.352,  0.091,  0.728], 
          [ 1.019, -1.436,  0.862,  0.707], 
          [ 1.028, -1.439,  0.474,  0.642], 
          [ 1.073, -1.469,  0.106,  0.757], 
          [ 1.072, -1.322,  1.628,  0.819], 
          [ 1.012, -1.362,  1.610,  0.860], 
          [ 1.167, -1.335,  1.603,  0.896], 
          [ 1.044, -1.462,  1.579,  0.836], 
          [ 0.979, -1.357,  0.060,  0.699], 
          [ 0.959, -1.434,  0.067,  0.702], 
          [ 1.100, -1.486,  0.061,  0.690], 
          [ 1.131, -1.250,  0.051,  0.644], 
          [ 1.200, -1.224,  0.051,  0.649], 
          [ 1.253, -1.391,  0.040,  0.642]
        ]
    },
    {
        "id": 4,
        "keypoints3d": [
          [ 0.215,  1.204,  1.590,  0.877], 
          [ 0.082,  1.324,  1.417,  0.845], 
          [ 0.002,  1.187,  1.426,  0.826], 
          [-0.064,  1.140,  1.164,  0.878], 
          [-0.082,  1.069,  0.935,  0.909], 
          [ 0.152,  1.456,  1.414,  0.825], 
          [ 0.151,  1.523,  1.143,  0.821], 
          [ 0.193,  1.518,  0.881,  0.875], 
          [ 0.086,  1.299,  0.862,  0.731], 
          [ 0.036,  1.205,  0.868,  0.718], 
          [ 0.056,  1.194,  0.490,  0.796], 
          [-0.207,  1.242,  0.218,  0.793], 
          [ 0.130,  1.390,  0.861,  0.721], 
          [ 0.167,  1.385,  0.481,  0.797], 
          [ 0.190,  1.368,  0.107,  0.778], 
          [ 0.189,  1.188,  1.626,  0.883], 
          [ 0.239,  1.245,  1.627,  0.857], 
          [ 0.097,  1.212,  1.634,  0.791], 
          [ 0.207,  1.343,  1.631,  0.825], 
          [ 0.340,  1.340,  0.048,  0.648], 
          [ 0.328,  1.385,  0.048,  0.639], 
          [ 0.165,  1.366,  0.063,  0.654], 
          [-0.149,  1.235,  0.055,  0.755], 
          [-0.187,  1.201,  0.071,  0.710], 
          [-0.282,  1.244,  0.212,  0.773]
        ]
    },
    {
        "id": 6,
        "keypoints3d": [
          [-0.202,  0.026,  0.996,  0.838], 
          [-0.061,  0.001,  0.838,  0.811], 
          [-0.031,  0.136,  0.839,  0.803], 
          [ 0.062,  0.314,  0.706,  0.778], 
          [-0.159,  0.343,  0.653,  0.816], 
          [-0.110, -0.156,  0.839,  0.787], 
          [-0.250, -0.294,  0.725,  0.767], 
          [-0.403, -0.166,  0.627,  0.795], 
          [-0.248,  0.025,  0.455,  0.706], 
          [-0.216,  0.123,  0.454,  0.677], 
          [-0.607,  0.318,  0.485,  0.803], 
          [-0.722,  0.336,  0.113,  0.809], 
          [-0.291, -0.077,  0.459,  0.674], 
          [-0.713,  0.009,  0.488,  0.878], 
          [-0.794,  0.092,  0.134,  0.839], 
          [-0.176,  0.042,  1.034,  0.759], 
          [-0.191, -0.016,  1.046,  0.849], 
          [-0.085,  0.073,  1.009,  0.854], 
          [-0.111, -0.092,  1.023,  0.753], 
          [-0.956,  0.105,  0.092,  0.778], 
          [-0.928,  0.056,  0.091,  0.792], 
          [-0.764,  0.120,  0.085,  0.767], 
          [-0.869,  0.413,  0.114,  0.787], 
          [-0.821,  0.442,  0.111,  0.761], 
          [-0.714,  0.314,  0.059,  0.714]
        ]
    }
]
