[
    {
        "id": 0,
        "keypoints3d": [
          [-1.036, -1.134,  1.519,  0.889], 
          [-1.078, -1.273,  1.354,  0.870], 
          [-0.947, -1.351,  1.358,  0.859], 
          [-0.935, -1.432,  1.098,  0.759], 
          [-0.987, -1.445,  0.899,  0.718], 
          [-1.229, -1.198,  1.352,  0.877], 
          [-1.269, -1.231,  1.095,  0.804], 
          [-1.220, -1.332,  0.900,  0.575], 
          [-1.062, -1.286,  0.840,  0.783], 
          [-0.973, -1.333,  0.840,  0.754], 
          [-0.984, -1.369,  0.452,  0.815], 
          [-1.005, -1.396,  0.099,  0.816], 
          [-1.150, -1.242,  0.842,  0.763], 
          [-1.177, -1.272,  0.459,  0.817], 
          [-1.219, -1.306,  0.083,  0.856], 
          [-1.013, -1.167,  1.557,  0.812], 
          [-1.071, -1.129,  1.559,  0.807], 
          [-0.996, -1.254,  1.556,  0.812], 
          [-1.140, -1.186,  1.546,  0.864], 
          [-1.200, -1.146,  0.046,  0.722], 
          [-1.250, -1.166,  0.047,  0.737], 
          [-1.223, -1.328,  0.048,  0.699], 
          [-0.904, -1.292,  0.065,  0.710], 
          [-0.892, -1.340,  0.066,  0.708], 
          [-1.035, -1.415,  0.055,  0.716]
        ]
    },
    {
        "id": 2,
        "keypoints3d": [
          [ 1.030, -1.326,  1.581,  0.879], 
          [ 1.133, -1.408,  1.387,  0.862], 
          [ 1.250, -1.294,  1.392,  0.820], 
          [ 1.145, -1.168,  1.179,  0.806], 
          [ 0.977, -1.366,  1.191,  0.771], 
          [ 0.997, -1.522,  1.378,  0.825], 
          [ 0.912, -1.445,  1.142,  0.862], 
          [ 1.071, -1.257,  1.176,  0.782], 
          [ 1.088, -1.361,  0.857,  0.726], 
          [ 1.151, -1.286,  0.862,  0.716], 
          [ 1.173, -1.316,  0.476,  0.735], 
          [ 1.238, -1.356,  0.094,  0.745], 
          [ 1.020, -1.436,  0.862,  0.711], 
          [ 1.037, -1.439,  0.474,  0.722], 
          [ 1.071, -1.469,  0.110,  0.837], 
          [ 1.076, -1.296,  1.621,  0.899], 
          [ 1.014, -1.360,  1.612,  0.860], 
          [ 1.174, -1.323,  1.607,  0.902], 
          [ 1.049, -1.459,  1.588,  0.847], 
          [ 0.982, -1.360,  0.063,  0.654], 
          [ 0.958, -1.431,  0.065,  0.667], 
          [ 1.103, -1.485,  0.065,  0.649], 
          [ 1.108, -1.242,  0.055,  0.809], 
          [ 1.170, -1.220,  0.054,  0.804], 
          [ 1.244, -1.392,  0.040,  0.569]
        ]
    },
    {
        "id": 4,
        "keypoints3d": [
          [ 0.583,  1.027,  1.577,  0.894], 
          [ 0.559,  1.208,  1.408,  0.877], 
          [ 0.412,  1.127,  1.405,  0.848], 
          [ 0.353,  1.161,  1.136,  0.776], 
          [ 0.397,  1.138,  0.884,  0.868], 
          [ 0.694,  1.285,  1.427,  0.827], 
          [ 0.755,  1.330,  1.174,  0.746], 
          [ 0.810,  1.290,  0.933,  0.759], 
          [ 0.591,  1.219,  0.872,  0.756], 
          [ 0.509,  1.171,  0.870,  0.725], 
          [ 0.595,  1.161,  0.487,  0.849], 
          [ 0.620,  1.213,  0.105,  0.794], 
          [ 0.670,  1.277,  0.875,  0.737], 
          [ 0.688,  1.283,  0.492,  0.819], 
          [ 0.440,  1.389,  0.241,  0.789], 
          [ 0.555,  1.020,  1.607,  0.796], 
          [ 0.625,  1.037,  1.613,  0.844], 
          [ 0.488,  1.084,  1.614,  0.872], 
          [ 0.654,  1.121,  1.628,  0.875], 
          [ 0.465,  1.342,  0.091,  0.561], 
          [ 0.495,  1.372,  0.116,  0.517], 
          [ 0.392,  1.404,  0.222,  0.632], 
          [ 0.721,  1.107,  0.054,  0.667], 
          [ 0.665,  1.104,  0.047,  0.682], 
          [ 0.607,  1.244,  0.067,  0.663]
        ]
    },
    {
        "id": 6,
        "keypoints3d": [
          [-0.067,  0.196,  1.016,  0.803], 
          [-0.018,  0.195,  0.791,  0.839], 
          [-0.078,  0.322,  0.773,  0.823], 
          [-0.215,  0.380,  0.578,  0.849], 
          [-0.389,  0.274,  0.615,  0.772], 
          [ 0.027,  0.059,  0.815,  0.803], 
          [ 0.054, -0.169,  0.725,  0.754], 
          [-0.148, -0.230,  0.670,  0.637], 
          [-0.299,  0.005,  0.466,  0.736], 
          [-0.332,  0.109,  0.458,  0.705], 
          [-0.736, -0.037,  0.483,  0.881], 
          [-0.861, -0.128,  0.157,  0.743], 
          [-0.262, -0.084,  0.486,  0.715], 
          [-0.597, -0.333,  0.456,  0.872], 
          [-0.685, -0.246,  0.114,  0.823], 
          [-0.046,  0.242,  1.032,  0.855], 
          [-0.006,  0.175,  1.044,  0.803], 
          [-0.002,  0.305,  0.964,  0.708], 
          [ 0.075,  0.162,  0.972,  0.814], 
          [-0.826, -0.278,  0.066,  0.559], 
          [-0.781, -0.322,  0.067,  0.573], 
          [-0.656, -0.213,  0.067,  0.683], 
          [-1.009, -0.220,  0.206,  0.732], 
          [-1.002, -0.157,  0.195,  0.724], 
          [-0.842, -0.118,  0.092,  0.644]
        ]
    }
]
