[
    {
        "id": 0,
        "keypoints3d": [
          [ 1.039, -1.318,  1.581,  0.878], 
          [ 1.132, -1.408,  1.387,  0.860], 
          [ 1.250, -1.295,  1.391,  0.819], 
          [ 1.145, -1.168,  1.179,  0.800], 
          [ 0.974, -1.361,  1.193,  0.806], 
          [ 0.996, -1.519,  1.379,  0.819], 
          [ 0.913, -1.445,  1.145,  0.813], 
          [ 1.071, -1.258,  1.175,  0.773], 
          [ 1.093, -1.359,  0.859,  0.730], 
          [ 1.154, -1.285,  0.864,  0.722], 
          [ 1.179, -1.310,  0.476,  0.764], 
          [ 1.234, -1.358,  0.081,  0.772], 
          [ 1.022, -1.432,  0.867,  0.709], 
          [ 1.037, -1.437,  0.479,  0.736], 
          [ 1.071, -1.463,  0.113,  0.784], 
          [ 1.073, -1.312,  1.623,  0.824], 
          [ 1.018, -1.357,  1.607,  0.863], 
          [ 1.175, -1.326,  1.609,  0.825], 
          [ 1.050, -1.457,  1.586,  0.859], 
          [ 0.975, -1.364,  0.061,  0.669], 
          [ 0.955, -1.435,  0.061,  0.681], 
          [ 1.101, -1.484,  0.056,  0.659], 
          [ 1.108, -1.235,  0.052,  0.825], 
          [ 1.177, -1.218,  0.048,  0.813], 
          [ 1.242, -1.391,  0.035,  0.585]
        ]
    },
    {
        "id": 2,
        "keypoints3d": [
          [-0.965, -1.165,  1.516,  0.896], 
          [-1.016, -1.314,  1.351,  0.881], 
          [-0.873, -1.384,  1.346,  0.854], 
          [-0.874, -1.466,  1.089,  0.818], 
          [-0.932, -1.476,  0.893,  0.690], 
          [-1.167, -1.238,  1.348,  0.846], 
          [-1.204, -1.301,  1.089,  0.756], 
          [-1.132, -1.404,  0.891,  0.642], 
          [-1.003, -1.305,  0.827,  0.756], 
          [-0.914, -1.360,  0.821,  0.737], 
          [-0.938, -1.372,  0.444,  0.774], 
          [-0.997, -1.400,  0.099,  0.828], 
          [-1.088, -1.262,  0.831,  0.734], 
          [-1.104, -1.251,  0.465,  0.829], 
          [-1.206, -1.294,  0.094,  0.780], 
          [-0.935, -1.198,  1.544,  0.821], 
          [-1.002, -1.179,  1.553,  0.790], 
          [-0.913, -1.292,  1.537,  0.813], 
          [-1.075, -1.236,  1.556,  0.831], 
          [-1.193, -1.140,  0.045,  0.742], 
          [-1.243, -1.170,  0.046,  0.763], 
          [-1.217, -1.329,  0.053,  0.729], 
          [-0.919, -1.285,  0.060,  0.711], 
          [-0.904, -1.337,  0.067,  0.702], 
          [-1.027, -1.418,  0.064,  0.706]
        ]
    },
    {
        "id": 4,
        "keypoints3d": [
          [ 0.663,  0.991,  1.590,  0.782], 
          [ 0.700,  1.172,  1.424,  0.842], 
          [ 0.534,  1.160,  1.413,  0.832], 
          [ 0.499,  1.200,  1.135,  0.839], 
          [ 0.494,  1.170,  0.881,  0.863], 
          [ 0.861,  1.179,  1.437,  0.796], 
          [ 0.933,  1.220,  1.173,  0.843], 
          [ 0.954,  1.172,  0.921,  0.849], 
          [ 0.735,  1.152,  0.868,  0.720], 
          [ 0.639,  1.128,  0.862,  0.716], 
          [ 0.660,  1.128,  0.486,  0.850], 
          [ 0.627,  1.210,  0.107,  0.850], 
          [ 0.837,  1.178,  0.876,  0.689], 
          [ 0.908,  1.164,  0.498,  0.826], 
          [ 0.918,  1.251,  0.118,  0.807], 
          [ 0.631,  1.003,  1.639,  0.767], 
          [ 0.706,  0.996,  1.636,  0.867], 
          [ 0.585,  1.091,  1.633,  0.809], 
          [ 0.753,  1.075,  1.637,  0.761], 
          [ 0.980,  1.155,  0.017,  0.650], 
          [ 1.015,  1.195,  0.043,  0.644], 
          [ 0.902,  1.270,  0.080,  0.702], 
          [ 0.720,  1.089,  0.049,  0.717], 
          [ 0.666,  1.101,  0.041,  0.701], 
          [ 0.614,  1.242,  0.064,  0.747]
        ]
    },
    {
        "id": 6,
        "keypoints3d": [
          [-0.183,  0.213,  1.030,  0.898], 
          [-0.117,  0.231,  0.790,  0.841], 
          [-0.226,  0.316,  0.784,  0.818], 
          [-0.362,  0.346,  0.585,  0.784], 
          [-0.469,  0.173,  0.606,  0.806], 
          [-0.002,  0.140,  0.819,  0.782], 
          [ 0.078, -0.077,  0.714,  0.760], 
          [-0.096, -0.200,  0.652,  0.757], 
          [-0.253, -0.006,  0.436,  0.694], 
          [-0.336,  0.073,  0.427,  0.679], 
          [-0.594, -0.272,  0.511,  0.819], 
          [-0.803, -0.531,  0.386,  0.789], 
          [-0.174, -0.066,  0.439,  0.676], 
          [-0.418, -0.450,  0.446,  0.764], 
          [-0.638, -0.472,  0.125,  0.829], 
          [-0.176,  0.258,  1.040,  0.846], 
          [-0.123,  0.214,  1.050,  0.870], 
          [-0.162,  0.351,  0.979,  0.822], 
          [-0.040,  0.235,  0.988,  0.819], 
          [-0.727, -0.579,  0.116,  0.732], 
          [-0.679, -0.603,  0.112,  0.706], 
          [-0.660, -0.427,  0.093,  0.707], 
          [-0.888, -0.599,  0.534,  0.608], 
          [-0.890, -0.572,  0.491,  0.633], 
          [-0.817, -0.572,  0.337,  0.622]
        ]
    }
]
