[
    {
        "id": 0,
        "keypoints3d": [
          [-0.963, -1.170,  1.513,  0.890], 
          [-1.011, -1.318,  1.349,  0.883], 
          [-0.869, -1.386,  1.345,  0.854], 
          [-0.863, -1.469,  1.087,  0.840], 
          [-0.902, -1.490,  0.891,  0.754], 
          [-1.159, -1.248,  1.348,  0.846], 
          [-1.195, -1.310,  1.087,  0.748], 
          [-1.132, -1.405,  0.891,  0.679], 
          [-0.997, -1.314,  0.826,  0.761], 
          [-0.908, -1.363,  0.819,  0.744], 
          [-0.932, -1.376,  0.446,  0.776], 
          [-0.999, -1.400,  0.107,  0.815], 
          [-1.082, -1.270,  0.831,  0.740], 
          [-1.098, -1.249,  0.467,  0.812], 
          [-1.205, -1.298,  0.092,  0.831], 
          [-0.928, -1.204,  1.540,  0.806], 
          [-0.999, -1.184,  1.550,  0.874], 
          [-0.910, -1.291,  1.537,  0.725], 
          [-1.068, -1.241,  1.555,  0.832], 
          [-1.191, -1.141,  0.045,  0.737], 
          [-1.241, -1.165,  0.047,  0.771], 
          [-1.216, -1.330,  0.052,  0.728], 
          [-0.922, -1.289,  0.066,  0.693], 
          [-0.900, -1.341,  0.078,  0.687], 
          [-1.029, -1.421,  0.076,  0.692]
        ]
    },
    {
        "id": 2,
        "keypoints3d": [
          [ 1.039, -1.318,  1.581,  0.879], 
          [ 1.134, -1.407,  1.387,  0.861], 
          [ 1.252, -1.294,  1.391,  0.821], 
          [ 1.144, -1.168,  1.179,  0.795], 
          [ 0.977, -1.362,  1.193,  0.807], 
          [ 0.996, -1.518,  1.379,  0.819], 
          [ 0.914, -1.445,  1.144,  0.838], 
          [ 1.075, -1.260,  1.174,  0.774], 
          [ 1.091, -1.359,  0.858,  0.728], 
          [ 1.153, -1.285,  0.864,  0.719], 
          [ 1.178, -1.309,  0.475,  0.750], 
          [ 1.232, -1.358,  0.083,  0.763], 
          [ 1.023, -1.434,  0.865,  0.710], 
          [ 1.038, -1.439,  0.477,  0.729], 
          [ 1.069, -1.465,  0.110,  0.852], 
          [ 1.075, -1.294,  1.614,  0.804], 
          [ 1.018, -1.357,  1.607,  0.864], 
          [ 1.175, -1.320,  1.607,  0.900], 
          [ 1.049, -1.457,  1.587,  0.857], 
          [ 0.974, -1.369,  0.061,  0.668], 
          [ 0.955, -1.435,  0.062,  0.678], 
          [ 1.101, -1.484,  0.056,  0.661], 
          [ 1.112, -1.235,  0.055,  0.821], 
          [ 1.176, -1.219,  0.052,  0.812], 
          [ 1.241, -1.394,  0.036,  0.634]
        ]
    },
    {
        "id": 4,
        "keypoints3d": [
          [ 0.681,  0.981,  1.590,  0.797], 
          [ 0.722,  1.161,  1.422,  0.863], 
          [ 0.562,  1.156,  1.412,  0.837], 
          [ 0.519,  1.200,  1.134,  0.845], 
          [ 0.510,  1.174,  0.882,  0.869], 
          [ 0.885,  1.166,  1.433,  0.817], 
          [ 0.956,  1.195,  1.174,  0.835], 
          [ 0.967,  1.137,  0.919,  0.832], 
          [ 0.756,  1.140,  0.862,  0.708], 
          [ 0.650,  1.120,  0.854,  0.710], 
          [ 0.672,  1.129,  0.480,  0.818], 
          [ 0.629,  1.211,  0.107,  0.834], 
          [ 0.855,  1.164,  0.871,  0.693], 
          [ 0.937,  1.141,  0.496,  0.790], 
          [ 0.975,  1.218,  0.102,  0.776], 
          [ 0.642,  0.997,  1.640,  0.772], 
          [ 0.712,  0.993,  1.638,  0.880], 
          [ 0.615,  1.077,  1.627,  0.817], 
          [ 0.772,  1.072,  1.639,  0.842], 
          [ 1.020,  1.122,  0.019,  0.606], 
          [ 1.047,  1.163,  0.036,  0.605], 
          [ 0.962,  1.248,  0.076,  0.734], 
          [ 0.721,  1.092,  0.050,  0.707], 
          [ 0.674,  1.097,  0.040,  0.699], 
          [ 0.611,  1.243,  0.061,  0.717]
        ]
    },
    {
        "id": 6,
        "keypoints3d": [
          [-0.191,  0.212,  1.026,  0.805], 
          [-0.131,  0.229,  0.790,  0.811], 
          [-0.237,  0.323,  0.779,  0.766], 
          [-0.370,  0.351,  0.587,  0.853], 
          [-0.476,  0.169,  0.608,  0.848], 
          [-0.024,  0.118,  0.824,  0.738], 
          [ 0.072, -0.075,  0.712,  0.727], 
          [-0.085, -0.201,  0.644,  0.769], 
          [-0.284, -0.041,  0.458,  0.696], 
          [-0.361,  0.048,  0.447,  0.665], 
          [-0.607, -0.272,  0.514,  0.794], 
          [-0.846, -0.569,  0.450,  0.784], 
          [-0.215, -0.113,  0.460,  0.675], 
          [-0.404, -0.456,  0.435,  0.801], 
          [-0.620, -0.485,  0.121,  0.812], 
          [-0.189,  0.257,  1.039,  0.867], 
          [-0.134,  0.210,  1.050,  0.714], 
          [-0.157,  0.348,  0.977,  0.867], 
          [-0.057,  0.245,  0.993,  0.691], 
          [-0.707, -0.604,  0.120,  0.712], 
          [-0.664, -0.619,  0.106,  0.701], 
          [-0.648, -0.462,  0.101,  0.700], 
          [-0.892, -0.652,  0.592,  0.620], 
          [-0.899, -0.640,  0.564,  0.614], 
          [-0.858, -0.614,  0.420,  0.623]
        ]
    }
]
