[
    {
        "id": 0,
        "keypoints3d": [
          [ 1.019, -1.337,  1.580,  0.884], 
          [ 1.132, -1.410,  1.389,  0.860], 
          [ 1.250, -1.296,  1.392,  0.824], 
          [ 1.149, -1.166,  1.183,  0.804], 
          [ 0.979, -1.359,  1.196,  0.787], 
          [ 0.997, -1.521,  1.379,  0.829], 
          [ 0.913, -1.451,  1.145,  0.853], 
          [ 1.066, -1.259,  1.174,  0.754], 
          [ 1.090, -1.363,  0.869,  0.705], 
          [ 1.154, -1.283,  0.873,  0.695], 
          [ 1.176, -1.302,  0.466,  0.785], 
          [ 1.245, -1.351,  0.087,  0.693], 
          [ 1.019, -1.438,  0.871,  0.689], 
          [ 1.028, -1.442,  0.476,  0.678], 
          [ 1.067, -1.472,  0.103,  0.738], 
          [ 1.074, -1.325,  1.628,  0.822], 
          [ 1.012, -1.361,  1.611,  0.855], 
          [ 1.167, -1.335,  1.603,  0.894], 
          [ 1.047, -1.463,  1.579,  0.836], 
          [ 0.976, -1.362,  0.061,  0.700], 
          [ 0.959, -1.434,  0.067,  0.704], 
          [ 1.103, -1.481,  0.061,  0.691], 
          [ 1.118, -1.245,  0.047,  0.681], 
          [ 1.185, -1.229,  0.044,  0.684], 
          [ 1.254, -1.385,  0.040,  0.644]
        ]
    },
    {
        "id": 2,
        "keypoints3d": [
          [-1.180, -1.081,  1.518,  0.888], 
          [-1.218, -1.236,  1.348,  0.852], 
          [-1.067, -1.300,  1.362,  0.849], 
          [-1.039, -1.391,  1.096,  0.816], 
          [-1.098, -1.415,  0.875,  0.748], 
          [-1.366, -1.174,  1.335,  0.846], 
          [-1.395, -1.238,  1.072,  0.718], 
          [-1.296, -1.354,  0.855,  0.672], 
          [-1.162, -1.260,  0.831,  0.759], 
          [-1.065, -1.277,  0.836,  0.757], 
          [-1.035, -1.253,  0.471,  0.866], 
          [-1.066, -1.321,  0.112,  0.844], 
          [-1.262, -1.237,  0.824,  0.738], 
          [-1.241, -1.271,  0.446,  0.853], 
          [-1.222, -1.300,  0.083,  0.843], 
          [-1.158, -1.111,  1.556,  0.804], 
          [-1.230, -1.092,  1.550,  0.884], 
          [-1.135, -1.201,  1.543,  0.719], 
          [-1.302, -1.142,  1.533,  0.870], 
          [-1.201, -1.152,  0.041,  0.746], 
          [-1.249, -1.170,  0.049,  0.752], 
          [-1.218, -1.338,  0.043,  0.641], 
          [-0.983, -1.192,  0.078,  0.739], 
          [-0.962, -1.233,  0.081,  0.732], 
          [-1.083, -1.346,  0.049,  0.737]
        ]
    },
    {
        "id": 4,
        "keypoints3d": [
          [-0.137, -0.002,  1.014,  0.803], 
          [-0.024, -0.018,  0.810,  0.813], 
          [-0.004,  0.128,  0.828,  0.792], 
          [ 0.063,  0.324,  0.669,  0.822], 
          [-0.158,  0.345,  0.647,  0.865], 
          [-0.061, -0.164,  0.822,  0.776], 
          [-0.196, -0.320,  0.717,  0.691], 
          [-0.368, -0.192,  0.633,  0.735], 
          [-0.225,  0.016,  0.426,  0.669], 
          [-0.198,  0.129,  0.429,  0.651], 
          [-0.633,  0.299,  0.448,  0.762], 
          [-0.709,  0.363,  0.089,  0.734], 
          [-0.253, -0.091,  0.423,  0.651], 
          [-0.714, -0.038,  0.481,  0.880], 
          [-0.784, -0.017,  0.096,  0.844], 
          [-0.090,  0.023,  1.040,  0.790], 
          [-0.113, -0.040,  1.046,  0.858], 
          [-0.018,  0.068,  1.003,  0.819], 
          [-0.032, -0.096,  1.005,  0.570], 
          [-0.945, -0.055,  0.064,  0.787], 
          [-0.914, -0.093,  0.067,  0.822], 
          [-0.755,  0.004,  0.053,  0.775], 
          [-0.863,  0.421,  0.092,  0.797], 
          [-0.816,  0.464,  0.087,  0.683], 
          [-0.696,  0.344,  0.039,  0.626]
        ]
    },
    {
        "id": 6,
        "keypoints3d": [
          [ 0.295,  1.204,  1.606,  0.900], 
          [ 0.162,  1.321,  1.423,  0.839], 
          [ 0.064,  1.201,  1.439,  0.877], 
          [-0.029,  1.170,  1.185,  0.849], 
          [-0.011,  1.119,  0.936,  0.886], 
          [ 0.266,  1.452,  1.409,  0.812], 
          [ 0.284,  1.515,  1.126,  0.816], 
          [ 0.318,  1.514,  0.882,  0.835], 
          [ 0.160,  1.305,  0.881,  0.748], 
          [ 0.100,  1.212,  0.893,  0.753], 
          [ 0.157,  1.194,  0.514,  0.834], 
          [-0.042,  1.255,  0.226,  0.750], 
          [ 0.208,  1.397,  0.877,  0.739], 
          [ 0.211,  1.397,  0.488,  0.820], 
          [ 0.188,  1.368,  0.114,  0.778], 
          [ 0.262,  1.208,  1.639,  0.771], 
          [ 0.302,  1.249,  1.642,  0.885], 
          [ 0.167,  1.225,  1.638,  0.811], 
          [ 0.322,  1.313,  1.622,  0.752], 
          [ 0.344,  1.330,  0.050,  0.658], 
          [ 0.341,  1.373,  0.054,  0.655], 
          [ 0.168,  1.365,  0.058,  0.715], 
          [ 0.020,  1.228,  0.066,  0.610], 
          [-0.025,  1.207,  0.092,  0.684], 
          [-0.089,  1.270,  0.206,  0.718]
        ]
    }
]
