[
    {
        "id": 0,
        "keypoints3d": [
          [-1.021, -1.139,  1.518,  0.807], 
          [-1.072, -1.275,  1.354,  0.882], 
          [-0.939, -1.355,  1.356,  0.866], 
          [-0.932, -1.431,  1.100,  0.759], 
          [-0.972, -1.455,  0.919,  0.735], 
          [-1.220, -1.201,  1.351,  0.880], 
          [-1.265, -1.231,  1.091,  0.810], 
          [-1.202, -1.353,  0.896,  0.660], 
          [-1.057, -1.281,  0.843,  0.786], 
          [-0.970, -1.330,  0.837,  0.760], 
          [-0.984, -1.365,  0.452,  0.797], 
          [-1.009, -1.394,  0.099,  0.796], 
          [-1.143, -1.240,  0.842,  0.764], 
          [-1.171, -1.259,  0.463,  0.826], 
          [-1.219, -1.304,  0.083,  0.857], 
          [-1.001, -1.173,  1.559,  0.830], 
          [-1.058, -1.135,  1.561,  0.894], 
          [-0.987, -1.254,  1.551,  0.800], 
          [-1.129, -1.201,  1.550,  0.873], 
          [-1.202, -1.146,  0.044,  0.705], 
          [-1.250, -1.168,  0.046,  0.717], 
          [-1.223, -1.328,  0.048,  0.690], 
          [-0.906, -1.292,  0.064,  0.708], 
          [-0.892, -1.341,  0.066,  0.709], 
          [-1.037, -1.414,  0.058,  0.772]
        ]
    },
    {
        "id": 2,
        "keypoints3d": [
          [ 1.030, -1.326,  1.581,  0.879], 
          [ 1.134, -1.406,  1.387,  0.861], 
          [ 1.249, -1.295,  1.392,  0.821], 
          [ 1.149, -1.168,  1.177,  0.810], 
          [ 0.976, -1.366,  1.193,  0.770], 
          [ 0.997, -1.522,  1.378,  0.825], 
          [ 0.915, -1.446,  1.142,  0.862], 
          [ 1.074, -1.257,  1.175,  0.783], 
          [ 1.088, -1.362,  0.858,  0.727], 
          [ 1.151, -1.286,  0.862,  0.716], 
          [ 1.172, -1.316,  0.477,  0.745], 
          [ 1.237, -1.355,  0.091,  0.759], 
          [ 1.020, -1.436,  0.862,  0.713], 
          [ 1.037, -1.438,  0.475,  0.726], 
          [ 1.071, -1.469,  0.109,  0.838], 
          [ 1.076, -1.296,  1.621,  0.899], 
          [ 1.014, -1.360,  1.612,  0.859], 
          [ 1.174, -1.323,  1.607,  0.903], 
          [ 1.044, -1.454,  1.587,  0.847], 
          [ 0.983, -1.359,  0.064,  0.660], 
          [ 0.958, -1.430,  0.065,  0.670], 
          [ 1.103, -1.485,  0.065,  0.652], 
          [ 1.108, -1.242,  0.057,  0.623], 
          [ 1.166, -1.221,  0.057,  0.691], 
          [ 1.241, -1.392,  0.039,  0.591]
        ]
    },
    {
        "id": 4,
        "keypoints3d": [
          [ 0.602,  1.026,  1.576,  0.879], 
          [ 0.578,  1.193,  1.406,  0.881], 
          [ 0.424,  1.120,  1.404,  0.848], 
          [ 0.382,  1.155,  1.130,  0.806], 
          [ 0.416,  1.122,  0.878,  0.816], 
          [ 0.723,  1.273,  1.421,  0.821], 
          [ 0.775,  1.326,  1.171,  0.796], 
          [ 0.832,  1.286,  0.926,  0.810], 
          [ 0.615,  1.208,  0.868,  0.756], 
          [ 0.538,  1.153,  0.865,  0.743], 
          [ 0.606,  1.152,  0.478,  0.853], 
          [ 0.625,  1.207,  0.106,  0.793], 
          [ 0.701,  1.259,  0.868,  0.721], 
          [ 0.716,  1.269,  0.484,  0.833], 
          [ 0.496,  1.386,  0.222,  0.776], 
          [ 0.564,  1.022,  1.611,  0.792], 
          [ 0.638,  1.037,  1.617,  0.789], 
          [ 0.498,  1.082,  1.615,  0.776], 
          [ 0.679,  1.115,  1.635,  0.849], 
          [ 0.549,  1.377,  0.077,  0.569], 
          [ 0.561,  1.408,  0.103,  0.569], 
          [ 0.447,  1.408,  0.201,  0.625], 
          [ 0.723,  1.107,  0.051,  0.664], 
          [ 0.664,  1.105,  0.044,  0.688], 
          [ 0.607,  1.243,  0.065,  0.664]
        ]
    },
    {
        "id": 6,
        "keypoints3d": [
          [-0.085,  0.208,  1.021,  0.895], 
          [-0.039,  0.209,  0.795,  0.842], 
          [-0.101,  0.324,  0.776,  0.847], 
          [-0.224,  0.383,  0.573,  0.842], 
          [-0.388,  0.261,  0.611,  0.857], 
          [ 0.010,  0.061,  0.819,  0.809], 
          [ 0.044, -0.178,  0.732,  0.745], 
          [-0.138, -0.223,  0.658,  0.651], 
          [-0.330, -0.021,  0.485,  0.775], 
          [-0.365,  0.078,  0.480,  0.748], 
          [-0.724, -0.066,  0.486,  0.869], 
          [-0.878, -0.201,  0.207,  0.810], 
          [-0.292, -0.125,  0.505,  0.728], 
          [-0.572, -0.353,  0.448,  0.866], 
          [-0.677, -0.253,  0.113,  0.829], 
          [-0.059,  0.255,  1.043,  0.866], 
          [-0.022,  0.183,  1.047,  0.897], 
          [-0.026,  0.324,  0.969,  0.737], 
          [ 0.052,  0.193,  0.967,  0.889], 
          [-0.824, -0.277,  0.070,  0.651], 
          [-0.770, -0.304,  0.055,  0.697], 
          [-0.653, -0.214,  0.062,  0.728], 
          [-1.024, -0.261,  0.245,  0.702], 
          [-1.012, -0.219,  0.229,  0.713], 
          [-0.877, -0.206,  0.154,  0.702]
        ]
    }
]
