[
    {
        "id": 0,
        "keypoints3d": [
          [ 0.006,  1.159,  1.579,  0.758], 
          [-0.170,  1.244,  1.417,  0.856], 
          [-0.206,  1.085,  1.410,  0.806], 
          [-0.225,  1.062,  1.122,  0.813], 
          [-0.086,  1.082,  0.929,  0.836], 
          [-0.133,  1.404,  1.421,  0.819], 
          [-0.162,  1.464,  1.151,  0.774], 
          [-0.107,  1.452,  0.902,  0.855], 
          [-0.160,  1.260,  0.874,  0.749], 
          [-0.190,  1.171,  0.876,  0.726], 
          [-0.239,  1.182,  0.491,  0.796], 
          [-0.365,  1.219,  0.102,  0.827], 
          [-0.126,  1.366,  0.882,  0.718], 
          [-0.017,  1.356,  0.500,  0.817], 
          [ 0.035,  1.374,  0.112,  0.819], 
          [-0.019,  1.141,  1.631,  0.868], 
          [ 0.007,  1.189,  1.626,  0.813], 
          [-0.111,  1.124,  1.624,  0.788], 
          [-0.056,  1.265,  1.629,  0.840], 
          [ 0.158,  1.378,  0.037,  0.707], 
          [ 0.165,  1.427,  0.053,  0.676], 
          [ 0.012,  1.376,  0.080,  0.692], 
          [-0.207,  1.246,  0.057,  0.737], 
          [-0.245,  1.199,  0.046,  0.729], 
          [-0.400,  1.231,  0.064,  0.782]
        ]
    },
    {
        "id": 2,
        "keypoints3d": [
          [-1.219, -1.117,  1.523,  0.892], 
          [-1.201, -1.272,  1.346,  0.875], 
          [-1.049, -1.292,  1.353,  0.860], 
          [-1.023, -1.350,  1.078,  0.820], 
          [-1.092, -1.385,  0.883,  0.778], 
          [-1.379, -1.250,  1.342,  0.841], 
          [-1.396, -1.314,  1.083,  0.790], 
          [-1.311, -1.356,  0.865,  0.615], 
          [-1.203, -1.233,  0.825,  0.748], 
          [-1.097, -1.233,  0.829,  0.735], 
          [-1.070, -1.232,  0.461,  0.827], 
          [-1.080, -1.304,  0.107,  0.776], 
          [-1.303, -1.240,  0.821,  0.724], 
          [-1.262, -1.269,  0.440,  0.846], 
          [-1.219, -1.305,  0.080,  0.845], 
          [-1.200, -1.135,  1.561,  0.884], 
          [-1.265, -1.141,  1.561,  0.872], 
          [-1.131, -1.219,  1.550,  0.877], 
          [-1.307, -1.213,  1.541,  0.741], 
          [-1.209, -1.149,  0.039,  0.690], 
          [-1.249, -1.169,  0.047,  0.718], 
          [-1.217, -1.347,  0.042,  0.609], 
          [-0.972, -1.198,  0.075,  0.720], 
          [-0.950, -1.247,  0.081,  0.729], 
          [-1.093, -1.341,  0.056,  0.751]
        ]
    },
    {
        "id": 4,
        "keypoints3d": [
          [-0.422,  0.099,  1.006,  0.849], 
          [-0.228,  0.057,  0.897,  0.814], 
          [-0.166,  0.177,  0.897,  0.779], 
          [ 0.022,  0.290,  0.781,  0.785], 
          [-0.137,  0.330,  0.636,  0.824], 
          [-0.289, -0.082,  0.894,  0.792], 
          [-0.348, -0.299,  0.790,  0.886], 
          [-0.455, -0.154,  0.643,  0.763], 
          [-0.307,  0.060,  0.463,  0.750], 
          [-0.258,  0.158,  0.466,  0.718], 
          [-0.514,  0.459,  0.461,  0.823], 
          [-0.585,  0.387,  0.114,  0.795], 
          [-0.364, -0.020,  0.455,  0.716], 
          [-0.746,  0.119,  0.469,  0.867], 
          [-0.670,  0.186,  0.101,  0.870], 
          [-0.389,  0.117,  1.031,  0.797], 
          [-0.408,  0.063,  1.041,  0.759], 
          [-0.291,  0.147,  1.040,  0.779], 
          [-0.330,  0.014,  1.049,  0.765], 
          [-0.826,  0.237,  0.044,  0.783], 
          [-0.802,  0.188,  0.044,  0.818], 
          [-0.638,  0.213,  0.063,  0.783], 
          [-0.669,  0.488,  0.071,  0.693], 
          [-0.618,  0.491,  0.073,  0.716], 
          [-0.580,  0.345,  0.073,  0.700]
        ]
    },
    {
        "id": 6,
        "keypoints3d": [
          [ 1.020, -1.337,  1.583,  0.888], 
          [ 1.127, -1.405,  1.390,  0.872], 
          [ 1.238, -1.289,  1.395,  0.846], 
          [ 1.141, -1.168,  1.180,  0.813], 
          [ 0.974, -1.359,  1.198,  0.797], 
          [ 0.993, -1.519,  1.376,  0.844], 
          [ 0.911, -1.447,  1.143,  0.863], 
          [ 1.075, -1.263,  1.173,  0.771], 
          [ 1.086, -1.357,  0.864,  0.758], 
          [ 1.143, -1.276,  0.870,  0.760], 
          [ 1.176, -1.305,  0.479,  0.787], 
          [ 1.241, -1.350,  0.083,  0.863], 
          [ 1.021, -1.435,  0.860,  0.738], 
          [ 1.036, -1.437,  0.470,  0.734], 
          [ 1.071, -1.466,  0.103,  0.843], 
          [ 1.068, -1.323,  1.628,  0.806], 
          [ 1.006, -1.352,  1.616,  0.861], 
          [ 1.163, -1.336,  1.603,  0.903], 
          [ 1.020, -1.456,  1.583,  0.829], 
          [ 0.973, -1.363,  0.060,  0.717], 
          [ 0.958, -1.433,  0.056,  0.730], 
          [ 1.104, -1.481,  0.053,  0.701], 
          [ 1.118, -1.249,  0.044,  0.714], 
          [ 1.185, -1.223,  0.044,  0.709], 
          [ 1.253, -1.384,  0.039,  0.675]
        ]
    }
]
