[
    {
        "id": 0,
        "keypoints3d": [
          [ 1.019, -1.337,  1.580,  0.885], 
          [ 1.133, -1.411,  1.389,  0.861], 
          [ 1.252, -1.296,  1.393,  0.825], 
          [ 1.148, -1.164,  1.184,  0.805], 
          [ 0.980, -1.354,  1.193,  0.786], 
          [ 0.997, -1.521,  1.379,  0.830], 
          [ 0.916, -1.451,  1.144,  0.848], 
          [ 1.069, -1.258,  1.175,  0.751], 
          [ 1.091, -1.359,  0.870,  0.710], 
          [ 1.157, -1.281,  0.873,  0.696], 
          [ 1.178, -1.306,  0.471,  0.706], 
          [ 1.244, -1.353,  0.085,  0.761], 
          [ 1.019, -1.438,  0.872,  0.693], 
          [ 1.035, -1.437,  0.473,  0.679], 
          [ 1.073, -1.469,  0.106,  0.830], 
          [ 1.071, -1.328,  1.629,  0.822], 
          [ 1.012, -1.362,  1.610,  0.860], 
          [ 1.167, -1.334,  1.604,  0.892], 
          [ 1.047, -1.463,  1.579,  0.835], 
          [ 0.979, -1.356,  0.061,  0.699], 
          [ 0.959, -1.434,  0.067,  0.704], 
          [ 1.100, -1.486,  0.061,  0.690], 
          [ 1.115, -1.251,  0.048,  0.677], 
          [ 1.185, -1.228,  0.044,  0.683], 
          [ 1.253, -1.389,  0.040,  0.642]
        ]
    },
    {
        "id": 2,
        "keypoints3d": [
          [ 0.329,  1.187,  1.593,  0.736], 
          [ 0.209,  1.327,  1.428,  0.826], 
          [ 0.103,  1.206,  1.441,  0.834], 
          [ 0.009,  1.184,  1.185,  0.860], 
          [ 0.007,  1.132,  0.935,  0.864], 
          [ 0.310,  1.447,  1.414,  0.801], 
          [ 0.350,  1.489,  1.136,  0.777], 
          [ 0.406,  1.472,  0.903,  0.850], 
          [ 0.198,  1.309,  0.889,  0.724], 
          [ 0.133,  1.228,  0.893,  0.696], 
          [ 0.227,  1.193,  0.519,  0.798], 
          [ 0.067,  1.252,  0.202,  0.744], 
          [ 0.252,  1.384,  0.890,  0.698], 
          [ 0.258,  1.373,  0.497,  0.785], 
          [ 0.194,  1.358,  0.109,  0.753], 
          [ 0.299,  1.191,  1.635,  0.832], 
          [ 0.358,  1.229,  1.641,  0.775], 
          [ 0.212,  1.222,  1.647,  0.857], 
          [ 0.354,  1.307,  1.633,  0.798], 
          [ 0.350,  1.329,  0.058,  0.679], 
          [ 0.346,  1.374,  0.056,  0.729], 
          [ 0.160,  1.354,  0.065,  0.639], 
          [ 0.129,  1.228,  0.062,  0.678], 
          [ 0.078,  1.193,  0.070,  0.641], 
          [ 0.015,  1.275,  0.172,  0.690]
        ]
    },
    {
        "id": 4,
        "keypoints3d": [
          [-1.173, -1.071,  1.521,  0.827], 
          [-1.211, -1.227,  1.348,  0.855], 
          [-1.069, -1.302,  1.364,  0.846], 
          [-1.036, -1.393,  1.094,  0.810], 
          [-1.079, -1.417,  0.868,  0.793], 
          [-1.355, -1.165,  1.329,  0.851], 
          [-1.391, -1.226,  1.068,  0.731], 
          [-1.288, -1.363,  0.851,  0.619], 
          [-1.160, -1.268,  0.834,  0.754], 
          [-1.063, -1.293,  0.841,  0.752], 
          [-1.002, -1.247,  0.478,  0.861], 
          [-1.057, -1.331,  0.116,  0.853], 
          [-1.259, -1.243,  0.826,  0.734], 
          [-1.243, -1.264,  0.445,  0.834], 
          [-1.232, -1.298,  0.082,  0.822], 
          [-1.159, -1.103,  1.554,  0.842], 
          [-1.230, -1.090,  1.548,  0.877], 
          [-1.138, -1.198,  1.542,  0.763], 
          [-1.299, -1.138,  1.531,  0.848], 
          [-1.201, -1.146,  0.038,  0.783], 
          [-1.252, -1.162,  0.049,  0.802], 
          [-1.225, -1.333,  0.042,  0.642], 
          [-0.970, -1.210,  0.061,  0.696], 
          [-0.953, -1.246,  0.070,  0.679], 
          [-1.071, -1.355,  0.062,  0.743]
        ]
    },
    {
        "id": 6,
        "keypoints3d": [
          [-0.088,  0.000,  1.027,  0.893], 
          [-0.009, -0.021,  0.807,  0.850], 
          [ 0.020,  0.144,  0.809,  0.788], 
          [ 0.044,  0.315,  0.656,  0.835], 
          [-0.158,  0.328,  0.639,  0.768], 
          [-0.057, -0.166,  0.833,  0.827], 
          [-0.172, -0.333,  0.715,  0.831], 
          [-0.352, -0.206,  0.640,  0.846], 
          [-0.299,  0.037,  0.485,  0.723], 
          [-0.281,  0.152,  0.482,  0.715], 
          [-0.668,  0.286,  0.461,  0.857], 
          [-0.718,  0.356,  0.085,  0.752], 
          [-0.309, -0.079,  0.471,  0.723], 
          [-0.715, -0.057,  0.465,  0.898], 
          [-0.765, -0.081,  0.089,  0.830], 
          [-0.068,  0.023,  1.048,  0.907], 
          [-0.077, -0.056,  1.057,  0.846], 
          [ 0.036,  0.043,  0.995,  0.870], 
          [ 0.011, -0.097,  0.996,  0.653], 
          [-0.905, -0.133,  0.051,  0.803], 
          [-0.874, -0.158,  0.050,  0.812], 
          [-0.736, -0.057,  0.043,  0.709], 
          [-0.876,  0.412,  0.100,  0.798], 
          [-0.834,  0.451,  0.100,  0.771], 
          [-0.694,  0.354,  0.032,  0.753]
        ]
    }
]
