[
    {
        "id": 0,
        "keypoints3d": [
          [ 1.026, -1.329,  1.581,  0.882], 
          [ 1.134, -1.406,  1.387,  0.859], 
          [ 1.250, -1.295,  1.393,  0.824], 
          [ 1.145, -1.166,  1.179,  0.817], 
          [ 0.978, -1.357,  1.194,  0.781], 
          [ 0.997, -1.521,  1.379,  0.828], 
          [ 0.915, -1.445,  1.143,  0.863], 
          [ 1.069, -1.256,  1.176,  0.773], 
          [ 1.089, -1.361,  0.861,  0.727], 
          [ 1.151, -1.287,  0.867,  0.714], 
          [ 1.170, -1.316,  0.477,  0.730], 
          [ 1.237, -1.358,  0.094,  0.702], 
          [ 1.024, -1.435,  0.862,  0.713], 
          [ 1.039, -1.442,  0.479,  0.727], 
          [ 1.072, -1.469,  0.112,  0.810], 
          [ 1.073, -1.318,  1.630,  0.823], 
          [ 1.015, -1.361,  1.612,  0.864], 
          [ 1.172, -1.327,  1.605,  0.901], 
          [ 1.047, -1.462,  1.586,  0.842], 
          [ 0.986, -1.357,  0.061,  0.685], 
          [ 0.960, -1.430,  0.058,  0.689], 
          [ 1.107, -1.484,  0.066,  0.637], 
          [ 1.108, -1.243,  0.055,  0.812], 
          [ 1.170, -1.220,  0.054,  0.803], 
          [ 1.252, -1.389,  0.044,  0.583]
        ]
    },
    {
        "id": 2,
        "keypoints3d": [
          [-1.064, -1.104,  1.521,  0.896], 
          [-1.116, -1.250,  1.358,  0.869], 
          [-0.973, -1.333,  1.364,  0.866], 
          [-0.964, -1.432,  1.115,  0.832], 
          [-0.986, -1.463,  0.935,  0.787], 
          [-1.259, -1.179,  1.345,  0.855], 
          [-1.304, -1.242,  1.087,  0.779], 
          [-1.268, -1.417,  0.997,  0.779], 
          [-1.083, -1.291,  0.840,  0.771], 
          [-0.995, -1.330,  0.840,  0.759], 
          [-1.001, -1.364,  0.453,  0.801], 
          [-1.009, -1.390,  0.097,  0.798], 
          [-1.173, -1.245,  0.834,  0.745], 
          [-1.190, -1.274,  0.460,  0.824], 
          [-1.216, -1.303,  0.079,  0.828], 
          [-1.044, -1.135,  1.563,  0.785], 
          [-1.115, -1.120,  1.554,  0.870], 
          [-1.028, -1.238,  1.556,  0.770], 
          [-1.187, -1.163,  1.543,  0.860], 
          [-1.204, -1.140,  0.042,  0.770], 
          [-1.253, -1.171,  0.044,  0.780], 
          [-1.218, -1.328,  0.042,  0.730], 
          [-0.901, -1.285,  0.065,  0.712], 
          [-0.881, -1.328,  0.067,  0.715], 
          [-1.032, -1.412,  0.054,  0.799]
        ]
    },
    {
        "id": 4,
        "keypoints3d": [
          [ 0.555,  1.036,  1.568,  0.908], 
          [ 0.502,  1.227,  1.403,  0.888], 
          [ 0.365,  1.142,  1.405,  0.843], 
          [ 0.301,  1.172,  1.134,  0.804], 
          [ 0.323,  1.169,  0.881,  0.817], 
          [ 0.632,  1.312,  1.408,  0.831], 
          [ 0.685,  1.360,  1.158,  0.778], 
          [ 0.737,  1.293,  0.928,  0.843], 
          [ 0.518,  1.257,  0.875,  0.744], 
          [ 0.445,  1.195,  0.872,  0.724], 
          [ 0.547,  1.185,  0.481,  0.788], 
          [ 0.612,  1.220,  0.086,  0.751], 
          [ 0.592,  1.318,  0.872,  0.729], 
          [ 0.566,  1.335,  0.485,  0.788], 
          [ 0.295,  1.371,  0.198,  0.794], 
          [ 0.507,  1.046,  1.604,  0.804], 
          [ 0.572,  1.065,  1.614,  0.848], 
          [ 0.436,  1.098,  1.611,  0.866], 
          [ 0.598,  1.165,  1.625,  0.856], 
          [ 0.373,  1.340,  0.056,  0.622], 
          [ 0.364,  1.368,  0.073,  0.597], 
          [ 0.232,  1.369,  0.180,  0.616], 
          [ 0.729,  1.100,  0.043,  0.651], 
          [ 0.681,  1.095,  0.038,  0.645], 
          [ 0.611,  1.237,  0.044,  0.646]
        ]
    },
    {
        "id": 6,
        "keypoints3d": [
          [-0.035,  0.135,  1.022,  0.900], 
          [-0.005,  0.136,  0.799,  0.839], 
          [-0.045,  0.278,  0.784,  0.820], 
          [-0.160,  0.379,  0.602,  0.896], 
          [-0.348,  0.301,  0.617,  0.893], 
          [ 0.032, -0.012,  0.819,  0.786], 
          [ 0.001, -0.229,  0.726,  0.744], 
          [-0.189, -0.246,  0.657,  0.809], 
          [-0.338, -0.011,  0.491,  0.788], 
          [-0.359,  0.102,  0.486,  0.737], 
          [-0.730,  0.035,  0.464,  0.895], 
          [-0.785,  0.061,  0.096,  0.850], 
          [-0.319, -0.112,  0.514,  0.756], 
          [-0.634, -0.303,  0.471,  0.863], 
          [-0.690, -0.241,  0.104,  0.812], 
          [-0.016,  0.180,  1.044,  0.833], 
          [ 0.022,  0.110,  1.046,  0.902], 
          [ 0.020,  0.250,  0.985,  0.881], 
          [ 0.092,  0.074,  0.986,  0.872], 
          [-0.847, -0.289,  0.059,  0.784], 
          [-0.805, -0.321,  0.054,  0.781], 
          [-0.675, -0.188,  0.059,  0.729], 
          [-0.942,  0.014,  0.079,  0.774], 
          [-0.922,  0.069,  0.069,  0.783], 
          [-0.764,  0.068,  0.041,  0.713]
        ]
    }
]
