[
    {
        "id": 0,
        "keypoints3d": [
          [ 1.024, -1.335,  1.581,  0.884], 
          [ 1.133, -1.410,  1.389,  0.862], 
          [ 1.252, -1.295,  1.393,  0.824], 
          [ 1.151, -1.164,  1.186,  0.811], 
          [ 0.980, -1.359,  1.193,  0.790], 
          [ 0.998, -1.522,  1.380,  0.827], 
          [ 0.916, -1.447,  1.145,  0.851], 
          [ 1.069, -1.254,  1.178,  0.763], 
          [ 1.091, -1.356,  0.862,  0.712], 
          [ 1.157, -1.278,  0.866,  0.689], 
          [ 1.174, -1.305,  0.471,  0.760], 
          [ 1.241, -1.351,  0.087,  0.747], 
          [ 1.020, -1.433,  0.861,  0.710], 
          [ 1.038, -1.438,  0.471,  0.665], 
          [ 1.069, -1.468,  0.104,  0.830], 
          [ 1.075, -1.326,  1.629,  0.811], 
          [ 1.014, -1.363,  1.609,  0.862], 
          [ 1.170, -1.332,  1.604,  0.892], 
          [ 1.047, -1.463,  1.579,  0.836], 
          [ 0.979, -1.356,  0.061,  0.700], 
          [ 0.959, -1.434,  0.067,  0.704], 
          [ 1.102, -1.481,  0.061,  0.691], 
          [ 1.117, -1.245,  0.049,  0.676], 
          [ 1.185, -1.228,  0.044,  0.684], 
          [ 1.252, -1.387,  0.043,  0.643]
        ]
    },
    {
        "id": 2,
        "keypoints3d": [
          [-1.170, -1.065,  1.514,  0.864], 
          [-1.208, -1.223,  1.350,  0.862], 
          [-1.064, -1.306,  1.368,  0.838], 
          [-1.034, -1.416,  1.115,  0.769], 
          [-1.075, -1.433,  0.880,  0.858], 
          [-1.340, -1.155,  1.329,  0.853], 
          [-1.383, -1.223,  1.066,  0.738], 
          [-1.285, -1.366,  0.856,  0.582], 
          [-1.153, -1.277,  0.845,  0.729], 
          [-1.055, -1.311,  0.852,  0.734], 
          [-0.984, -1.278,  0.484,  0.856], 
          [-1.029, -1.364,  0.106,  0.869], 
          [-1.250, -1.240,  0.840,  0.708], 
          [-1.229, -1.274,  0.450,  0.828], 
          [-1.220, -1.303,  0.081,  0.854], 
          [-1.152, -1.104,  1.551,  0.861], 
          [-1.216, -1.082,  1.544,  0.774], 
          [-1.138, -1.202,  1.548,  0.783], 
          [-1.296, -1.129,  1.527,  0.848], 
          [-1.200, -1.143,  0.037,  0.746], 
          [-1.244, -1.165,  0.042,  0.754], 
          [-1.218, -1.327,  0.042,  0.684], 
          [-0.950, -1.228,  0.064,  0.710], 
          [-0.927, -1.265,  0.070,  0.703], 
          [-1.044, -1.386,  0.066,  0.795]
        ]
    },
    {
        "id": 4,
        "keypoints3d": [
          [ 0.366,  1.185,  1.600,  0.741], 
          [ 0.264,  1.319,  1.421,  0.860], 
          [ 0.140,  1.214,  1.439,  0.841], 
          [ 0.051,  1.207,  1.178,  0.847], 
          [ 0.045,  1.181,  0.927,  0.867], 
          [ 0.380,  1.429,  1.414,  0.818], 
          [ 0.440,  1.478,  1.142,  0.835], 
          [ 0.504,  1.434,  0.902,  0.843], 
          [ 0.251,  1.300,  0.878,  0.730], 
          [ 0.178,  1.234,  0.886,  0.734], 
          [ 0.273,  1.218,  0.512,  0.734], 
          [ 0.211,  1.274,  0.123,  0.744], 
          [ 0.319,  1.369,  0.871,  0.707], 
          [ 0.271,  1.380,  0.485,  0.747], 
          [ 0.211,  1.358,  0.105,  0.768], 
          [ 0.335,  1.179,  1.642,  0.835], 
          [ 0.393,  1.223,  1.646,  0.818], 
          [ 0.256,  1.221,  1.648,  0.868], 
          [ 0.403,  1.307,  1.632,  0.767], 
          [ 0.383,  1.307,  0.058,  0.639], 
          [ 0.367,  1.362,  0.063,  0.623], 
          [ 0.178,  1.356,  0.056,  0.625], 
          [ 0.368,  1.204,  0.046,  0.651], 
          [ 0.314,  1.181,  0.040,  0.569], 
          [ 0.192,  1.283,  0.072,  0.625]
        ]
    },
    {
        "id": 6,
        "keypoints3d": [
          [-0.050, -0.011,  1.032,  0.890], 
          [ 0.010, -0.016,  0.803,  0.844], 
          [ 0.042,  0.140,  0.805,  0.802], 
          [ 0.034,  0.318,  0.634,  0.830], 
          [-0.168,  0.325,  0.641,  0.811], 
          [-0.016, -0.169,  0.822,  0.801], 
          [-0.150, -0.335,  0.709,  0.842], 
          [-0.338, -0.242,  0.643,  0.848], 
          [-0.259,  0.024,  0.449,  0.734], 
          [-0.256,  0.145,  0.457,  0.729], 
          [-0.669,  0.264,  0.434,  0.825], 
          [-0.724,  0.343,  0.084,  0.696], 
          [-0.274, -0.085,  0.441,  0.704], 
          [-0.701, -0.111,  0.458,  0.901], 
          [-0.722, -0.161,  0.079,  0.812], 
          [-0.013, -0.003,  1.043,  0.911], 
          [-0.028, -0.058,  1.054,  0.843], 
          [ 0.048,  0.055,  0.999,  0.798], 
          [ 0.033, -0.103,  0.996,  0.660], 
          [-0.843, -0.258,  0.026,  0.732], 
          [-0.808, -0.285,  0.039,  0.738], 
          [-0.691, -0.147,  0.024,  0.766], 
          [-0.879,  0.396,  0.092,  0.789], 
          [-0.841,  0.432,  0.085,  0.765], 
          [-0.704,  0.350,  0.036,  0.672]
        ]
    }
]
