[
    {
        "id": 0,
        "keypoints3d": [
          [-0.954, -1.173,  1.512,  0.891], 
          [-1.009, -1.318,  1.349,  0.883], 
          [-0.866, -1.388,  1.345,  0.862], 
          [-0.866, -1.469,  1.086,  0.838], 
          [-0.915, -1.484,  0.878,  0.728], 
          [-1.158, -1.249,  1.347,  0.845], 
          [-1.195, -1.312,  1.087,  0.751], 
          [-1.121, -1.423,  0.886,  0.673], 
          [-0.993, -1.318,  0.826,  0.755], 
          [-0.907, -1.369,  0.819,  0.746], 
          [-0.935, -1.382,  0.448,  0.786], 
          [-1.000, -1.404,  0.112,  0.760], 
          [-1.077, -1.278,  0.832,  0.743], 
          [-1.097, -1.252,  0.478,  0.823], 
          [-1.207, -1.303,  0.104,  0.812], 
          [-0.922, -1.205,  1.540,  0.829], 
          [-0.995, -1.188,  1.549,  0.871], 
          [-0.909, -1.294,  1.535,  0.714], 
          [-1.067, -1.245,  1.552,  0.856], 
          [-1.196, -1.141,  0.045,  0.725], 
          [-1.245, -1.169,  0.054,  0.709], 
          [-1.218, -1.333,  0.064,  0.697], 
          [-0.922, -1.287,  0.067,  0.717], 
          [-0.901, -1.335,  0.082,  0.703], 
          [-1.032, -1.422,  0.071,  0.696]
        ]
    },
    {
        "id": 2,
        "keypoints3d": [
          [ 1.039, -1.318,  1.581,  0.879], 
          [ 1.134, -1.407,  1.387,  0.861], 
          [ 1.252, -1.294,  1.392,  0.821], 
          [ 1.144, -1.168,  1.179,  0.796], 
          [ 0.977, -1.362,  1.193,  0.807], 
          [ 0.998, -1.516,  1.379,  0.819], 
          [ 0.914, -1.445,  1.144,  0.838], 
          [ 1.075, -1.260,  1.174,  0.775], 
          [ 1.090, -1.359,  0.858,  0.728], 
          [ 1.155, -1.282,  0.864,  0.718], 
          [ 1.177, -1.308,  0.473,  0.810], 
          [ 1.233, -1.356,  0.082,  0.754], 
          [ 1.023, -1.434,  0.865,  0.711], 
          [ 1.037, -1.440,  0.474,  0.722], 
          [ 1.068, -1.464,  0.105,  0.851], 
          [ 1.075, -1.294,  1.614,  0.805], 
          [ 1.018, -1.357,  1.607,  0.866], 
          [ 1.175, -1.320,  1.607,  0.901], 
          [ 1.049, -1.457,  1.587,  0.859], 
          [ 0.974, -1.369,  0.059,  0.661], 
          [ 0.954, -1.436,  0.059,  0.676], 
          [ 1.100, -1.484,  0.056,  0.671], 
          [ 1.112, -1.235,  0.055,  0.819], 
          [ 1.176, -1.219,  0.052,  0.808], 
          [ 1.243, -1.392,  0.037,  0.628]
        ]
    },
    {
        "id": 4,
        "keypoints3d": [
          [ 0.692,  0.978,  1.591,  0.805], 
          [ 0.730,  1.156,  1.421,  0.856], 
          [ 0.571,  1.160,  1.413,  0.851], 
          [ 0.533,  1.196,  1.131,  0.840], 
          [ 0.518,  1.169,  0.877,  0.862], 
          [ 0.895,  1.154,  1.429,  0.818], 
          [ 0.971,  1.186,  1.168,  0.849], 
          [ 0.974,  1.125,  0.927,  0.848], 
          [ 0.771,  1.137,  0.862,  0.707], 
          [ 0.665,  1.128,  0.856,  0.711], 
          [ 0.674,  1.128,  0.480,  0.822], 
          [ 0.629,  1.211,  0.107,  0.832], 
          [ 0.865,  1.160,  0.872,  0.689], 
          [ 0.948,  1.139,  0.494,  0.783], 
          [ 0.998,  1.193,  0.105,  0.761], 
          [ 0.661,  0.994,  1.637,  0.759], 
          [ 0.718,  0.989,  1.635,  0.872], 
          [ 0.629,  1.075,  1.631,  0.779], 
          [ 0.786,  1.063,  1.640,  0.855], 
          [ 1.032,  1.110,  0.024,  0.589], 
          [ 1.082,  1.131,  0.035,  0.605], 
          [ 0.991,  1.228,  0.073,  0.750], 
          [ 0.718,  1.091,  0.051,  0.694], 
          [ 0.667,  1.100,  0.042,  0.680], 
          [ 0.610,  1.244,  0.059,  0.711]
        ]
    },
    {
        "id": 6,
        "keypoints3d": [
          [-0.200,  0.211,  1.023,  0.812], 
          [-0.147,  0.232,  0.790,  0.812], 
          [-0.259,  0.330,  0.783,  0.769], 
          [-0.389,  0.342,  0.581,  0.858], 
          [-0.477,  0.164,  0.612,  0.855], 
          [-0.033,  0.123,  0.820,  0.733], 
          [ 0.098, -0.065,  0.728,  0.803], 
          [-0.065, -0.199,  0.657,  0.827], 
          [-0.281, -0.037,  0.454,  0.689], 
          [-0.368,  0.043,  0.445,  0.673], 
          [-0.593, -0.275,  0.496,  0.787], 
          [-0.804, -0.563,  0.401,  0.717], 
          [-0.204, -0.115,  0.461,  0.677], 
          [-0.383, -0.460,  0.437,  0.814], 
          [-0.584, -0.527,  0.115,  0.713], 
          [-0.192,  0.251,  1.034,  0.874], 
          [-0.140,  0.207,  1.042,  0.717], 
          [-0.177,  0.346,  0.981,  0.833], 
          [-0.070,  0.242,  0.994,  0.687], 
          [-0.652, -0.652,  0.108,  0.754], 
          [-0.606, -0.646,  0.093,  0.758], 
          [-0.609, -0.495,  0.084,  0.635], 
          [-0.893, -0.648,  0.520,  0.556], 
          [-0.892, -0.630,  0.489,  0.574], 
          [-0.819, -0.593,  0.368,  0.610]
        ]
    }
]
