[
    {
        "id": 0,
        "keypoints3d": [
          [ 1.016, -1.338,  1.581,  0.882], 
          [ 1.133, -1.408,  1.388,  0.854], 
          [ 1.249, -1.293,  1.393,  0.824], 
          [ 1.136, -1.164,  1.181,  0.828], 
          [ 0.977, -1.361,  1.198,  0.814], 
          [ 1.000, -1.524,  1.378,  0.828], 
          [ 0.915, -1.451,  1.143,  0.856], 
          [ 1.060, -1.253,  1.176,  0.753], 
          [ 1.089, -1.360,  0.864,  0.733], 
          [ 1.151, -1.282,  0.869,  0.721], 
          [ 1.170, -1.311,  0.473,  0.725], 
          [ 1.239, -1.352,  0.083,  0.787], 
          [ 1.020, -1.435,  0.862,  0.718], 
          [ 1.038, -1.437,  0.474,  0.689], 
          [ 1.073, -1.464,  0.106,  0.751], 
          [ 1.071, -1.299,  1.620,  0.781], 
          [ 1.010, -1.362,  1.609,  0.857], 
          [ 1.161, -1.342,  1.601,  0.903], 
          [ 1.041, -1.466,  1.585,  0.832], 
          [ 0.978, -1.355,  0.063,  0.712], 
          [ 0.958, -1.432,  0.058,  0.721], 
          [ 1.106, -1.481,  0.053,  0.697], 
          [ 1.118, -1.247,  0.047,  0.715], 
          [ 1.184, -1.223,  0.044,  0.714], 
          [ 1.251, -1.389,  0.035,  0.674]
        ]
    },
    {
        "id": 2,
        "keypoints3d": [
          [-1.250, -1.135,  1.529,  0.740], 
          [-1.199, -1.277,  1.344,  0.892], 
          [-1.042, -1.269,  1.350,  0.854], 
          [-1.022, -1.333,  1.073,  0.767], 
          [-1.090, -1.373,  0.863,  0.775], 
          [-1.371, -1.273,  1.340,  0.857], 
          [-1.384, -1.331,  1.084,  0.732], 
          [-1.327, -1.337,  0.853,  0.582], 
          [-1.201, -1.232,  0.823,  0.744], 
          [-1.097, -1.230,  0.827,  0.735], 
          [-1.065, -1.214,  0.470,  0.785], 
          [-1.071, -1.308,  0.111,  0.828], 
          [-1.299, -1.249,  0.817,  0.727], 
          [-1.264, -1.267,  0.446,  0.782], 
          [-1.223, -1.304,  0.083,  0.840], 
          [-1.216, -1.144,  1.561,  0.845], 
          [-1.279, -1.165,  1.565,  0.776], 
          [-1.135, -1.205,  1.548,  0.801], 
          [-1.293, -1.255,  1.542,  0.808], 
          [-1.209, -1.149,  0.037,  0.749], 
          [-1.250, -1.173,  0.045,  0.769], 
          [-1.209, -1.357,  0.045,  0.624], 
          [-0.977, -1.195,  0.077,  0.705], 
          [-0.950, -1.248,  0.078,  0.712], 
          [-1.086, -1.334,  0.058,  0.731]
        ]
    },
    {
        "id": 4,
        "keypoints3d": [
          [-0.505,  0.152,  1.016,  0.885], 
          [-0.301,  0.087,  0.931,  0.851], 
          [-0.230,  0.213,  0.937,  0.798], 
          [-0.007,  0.292,  0.857,  0.732], 
          [-0.092,  0.294,  0.656,  0.793], 
          [-0.367, -0.040,  0.921,  0.801], 
          [-0.377, -0.281,  0.817,  0.664], 
          [-0.466, -0.159,  0.670,  0.616], 
          [-0.324,  0.085,  0.484,  0.745], 
          [-0.271,  0.176,  0.495,  0.713], 
          [-0.506,  0.466,  0.450,  0.896], 
          [-0.445,  0.436,  0.107,  0.778], 
          [-0.392,  0.005,  0.487,  0.691], 
          [-0.749,  0.137,  0.454,  0.851], 
          [-0.659,  0.194,  0.081,  0.731], 
          [-0.476,  0.172,  1.051,  0.866], 
          [-0.497,  0.115,  1.050,  0.812], 
          [-0.386,  0.204,  1.065,  0.751], 
          [-0.419,  0.052,  1.064,  0.821], 
          [-0.826,  0.231,  0.039,  0.720], 
          [-0.800,  0.182,  0.039,  0.809], 
          [-0.631,  0.209,  0.038,  0.776], 
          [-0.509,  0.567,  0.065,  0.805], 
          [-0.467,  0.564,  0.071,  0.804], 
          [-0.423,  0.397,  0.056,  0.679]
        ]
    },
    {
        "id": 6,
        "keypoints3d": [
          [-0.076,  1.160,  1.587,  0.778], 
          [-0.245,  1.221,  1.417,  0.852], 
          [-0.278,  1.061,  1.409,  0.826], 
          [-0.288,  1.026,  1.132,  0.775], 
          [-0.141,  1.042,  0.947,  0.897], 
          [-0.218,  1.382,  1.435,  0.829], 
          [-0.284,  1.455,  1.165,  0.853], 
          [-0.256,  1.484,  0.923,  0.857], 
          [-0.241,  1.245,  0.888,  0.751], 
          [-0.259,  1.147,  0.878,  0.732], 
          [-0.277,  1.174,  0.493,  0.832], 
          [-0.365,  1.215,  0.104,  0.838], 
          [-0.227,  1.344,  0.891,  0.734], 
          [-0.132,  1.352,  0.515,  0.823], 
          [-0.226,  1.352,  0.131,  0.834], 
          [-0.097,  1.127,  1.634,  0.822], 
          [-0.069,  1.198,  1.630,  0.848], 
          [-0.197,  1.107,  1.622,  0.844], 
          [-0.139,  1.250,  1.632,  0.853], 
          [-0.077,  1.358,  0.071,  0.653], 
          [-0.103,  1.404,  0.078,  0.623], 
          [-0.268,  1.338,  0.102,  0.663], 
          [-0.209,  1.246,  0.053,  0.618], 
          [-0.258,  1.197,  0.048,  0.619], 
          [-0.396,  1.227,  0.067,  0.780]
        ]
    }
]
