[
    {
        "id": 0,
        "keypoints3d": [
          [ 1.019, -1.337,  1.580,  0.885], 
          [ 1.132, -1.410,  1.389,  0.861], 
          [ 1.250, -1.296,  1.392,  0.824], 
          [ 1.149, -1.166,  1.183,  0.804], 
          [ 0.979, -1.359,  1.196,  0.786], 
          [ 0.997, -1.521,  1.379,  0.830], 
          [ 0.913, -1.451,  1.145,  0.853], 
          [ 1.066, -1.259,  1.174,  0.753], 
          [ 1.091, -1.362,  0.870,  0.709], 
          [ 1.155, -1.284,  0.874,  0.699], 
          [ 1.180, -1.304,  0.473,  0.728], 
          [ 1.248, -1.352,  0.087,  0.706], 
          [ 1.019, -1.438,  0.872,  0.691], 
          [ 1.036, -1.436,  0.475,  0.688], 
          [ 1.074, -1.469,  0.106,  0.831], 
          [ 1.071, -1.328,  1.627,  0.821], 
          [ 1.012, -1.361,  1.611,  0.856], 
          [ 1.167, -1.335,  1.603,  0.895], 
          [ 1.047, -1.463,  1.579,  0.834], 
          [ 0.976, -1.362,  0.061,  0.700], 
          [ 0.959, -1.434,  0.067,  0.704], 
          [ 1.103, -1.481,  0.061,  0.691], 
          [ 1.118, -1.245,  0.047,  0.681], 
          [ 1.185, -1.229,  0.044,  0.684], 
          [ 1.254, -1.385,  0.040,  0.644]
        ]
    },
    {
        "id": 2,
        "keypoints3d": [
          [-1.180, -1.081,  1.518,  0.886], 
          [-1.212, -1.233,  1.347,  0.854], 
          [-1.066, -1.298,  1.361,  0.849], 
          [-1.040, -1.391,  1.096,  0.801], 
          [-1.103, -1.416,  0.876,  0.749], 
          [-1.359, -1.170,  1.335,  0.850], 
          [-1.392, -1.233,  1.074,  0.723], 
          [-1.299, -1.352,  0.849,  0.692], 
          [-1.162, -1.261,  0.831,  0.761], 
          [-1.063, -1.276,  0.835,  0.761], 
          [-1.030, -1.251,  0.471,  0.858], 
          [-1.066, -1.321,  0.112,  0.844], 
          [-1.262, -1.238,  0.823,  0.740], 
          [-1.240, -1.270,  0.444,  0.848], 
          [-1.222, -1.300,  0.083,  0.845], 
          [-1.160, -1.112,  1.556,  0.808], 
          [-1.230, -1.092,  1.550,  0.884], 
          [-1.134, -1.200,  1.544,  0.713], 
          [-1.301, -1.142,  1.530,  0.865], 
          [-1.201, -1.151,  0.040,  0.757], 
          [-1.249, -1.170,  0.048,  0.761], 
          [-1.217, -1.337,  0.043,  0.643], 
          [-0.983, -1.192,  0.078,  0.738], 
          [-0.963, -1.233,  0.081,  0.730], 
          [-1.083, -1.346,  0.049,  0.738]
        ]
    },
    {
        "id": 4,
        "keypoints3d": [
          [ 0.302,  1.202,  1.599,  0.898], 
          [ 0.178,  1.320,  1.425,  0.836], 
          [ 0.078,  1.198,  1.441,  0.872], 
          [-0.016,  1.168,  1.185,  0.840], 
          [-0.005,  1.120,  0.934,  0.887], 
          [ 0.275,  1.453,  1.412,  0.817], 
          [ 0.301,  1.509,  1.134,  0.821], 
          [ 0.332,  1.513,  0.885,  0.857], 
          [ 0.166,  1.306,  0.883,  0.750], 
          [ 0.103,  1.211,  0.894,  0.753], 
          [ 0.164,  1.195,  0.516,  0.838], 
          [-0.037,  1.263,  0.224,  0.811], 
          [ 0.215,  1.394,  0.878,  0.742], 
          [ 0.216,  1.399,  0.490,  0.816], 
          [ 0.186,  1.365,  0.111,  0.835], 
          [ 0.281,  1.203,  1.637,  0.774], 
          [ 0.336,  1.227,  1.643,  0.855], 
          [ 0.188,  1.228,  1.638,  0.821], 
          [ 0.324,  1.318,  1.624,  0.719], 
          [ 0.345,  1.333,  0.049,  0.679], 
          [ 0.341,  1.375,  0.052,  0.668], 
          [ 0.164,  1.359,  0.059,  0.706], 
          [ 0.030,  1.234,  0.069,  0.610], 
          [-0.010,  1.211,  0.098,  0.681], 
          [-0.084,  1.275,  0.206,  0.714]
        ]
    },
    {
        "id": 6,
        "keypoints3d": [
          [-0.130, -0.002,  1.020,  0.787], 
          [-0.015, -0.017,  0.812,  0.820], 
          [ 0.004,  0.128,  0.828,  0.800], 
          [ 0.055,  0.319,  0.664,  0.830], 
          [-0.163,  0.341,  0.645,  0.816], 
          [-0.053, -0.164,  0.822,  0.778], 
          [-0.192, -0.322,  0.712,  0.709], 
          [-0.366, -0.193,  0.630,  0.744], 
          [-0.229,  0.018,  0.428,  0.660], 
          [-0.208,  0.136,  0.435,  0.653], 
          [-0.645,  0.293,  0.451,  0.774], 
          [-0.714,  0.365,  0.090,  0.690], 
          [-0.253, -0.090,  0.423,  0.648], 
          [-0.716, -0.045,  0.476,  0.886], 
          [-0.785, -0.028,  0.100,  0.833], 
          [-0.087,  0.025,  1.043,  0.804], 
          [-0.105, -0.040,  1.047,  0.875], 
          [-0.015,  0.070,  1.008,  0.822], 
          [-0.026, -0.093,  1.004,  0.588], 
          [-0.942, -0.074,  0.058,  0.784], 
          [-0.910, -0.105,  0.059,  0.799], 
          [-0.753, -0.018,  0.041,  0.782], 
          [-0.866,  0.420,  0.090,  0.792], 
          [-0.816,  0.465,  0.084,  0.682], 
          [-0.701,  0.347,  0.044,  0.654]
        ]
    }
]
