[
    {
        "id": 0,
        "keypoints3d": [
          [ 1.039, -1.318,  1.581,  0.877], 
          [ 1.132, -1.408,  1.387,  0.860], 
          [ 1.250, -1.295,  1.391,  0.819], 
          [ 1.145, -1.168,  1.179,  0.800], 
          [ 0.974, -1.361,  1.193,  0.806], 
          [ 0.998, -1.517,  1.379,  0.819], 
          [ 0.913, -1.445,  1.145,  0.814], 
          [ 1.071, -1.258,  1.175,  0.773], 
          [ 1.093, -1.359,  0.859,  0.730], 
          [ 1.154, -1.285,  0.864,  0.722], 
          [ 1.176, -1.311,  0.473,  0.763], 
          [ 1.231, -1.360,  0.079,  0.775], 
          [ 1.022, -1.432,  0.867,  0.710], 
          [ 1.037, -1.437,  0.479,  0.736], 
          [ 1.071, -1.463,  0.110,  0.782], 
          [ 1.073, -1.312,  1.623,  0.823], 
          [ 1.018, -1.357,  1.607,  0.863], 
          [ 1.174, -1.326,  1.609,  0.827], 
          [ 1.050, -1.457,  1.586,  0.859], 
          [ 0.975, -1.363,  0.060,  0.666], 
          [ 0.955, -1.435,  0.060,  0.676], 
          [ 1.101, -1.484,  0.056,  0.668], 
          [ 1.108, -1.235,  0.052,  0.825], 
          [ 1.177, -1.218,  0.048,  0.813], 
          [ 1.241, -1.393,  0.035,  0.588]
        ]
    },
    {
        "id": 2,
        "keypoints3d": [
          [-0.965, -1.165,  1.516,  0.895], 
          [-1.016, -1.314,  1.351,  0.881], 
          [-0.875, -1.385,  1.346,  0.854], 
          [-0.874, -1.466,  1.089,  0.818], 
          [-0.932, -1.476,  0.893,  0.690], 
          [-1.167, -1.238,  1.348,  0.846], 
          [-1.204, -1.301,  1.089,  0.758], 
          [-1.136, -1.405,  0.892,  0.643], 
          [-1.003, -1.305,  0.827,  0.758], 
          [-0.914, -1.360,  0.821,  0.738], 
          [-0.943, -1.375,  0.444,  0.769], 
          [-0.997, -1.400,  0.099,  0.828], 
          [-1.093, -1.264,  0.831,  0.736], 
          [-1.110, -1.254,  0.465,  0.823], 
          [-1.209, -1.294,  0.092,  0.781], 
          [-0.938, -1.199,  1.544,  0.819], 
          [-1.002, -1.179,  1.553,  0.790], 
          [-0.913, -1.292,  1.537,  0.813], 
          [-1.078, -1.237,  1.556,  0.832], 
          [-1.198, -1.140,  0.042,  0.743], 
          [-1.247, -1.171,  0.045,  0.769], 
          [-1.221, -1.329,  0.050,  0.730], 
          [-0.918, -1.286,  0.062,  0.708], 
          [-0.904, -1.337,  0.067,  0.701], 
          [-1.027, -1.418,  0.064,  0.704]
        ]
    },
    {
        "id": 4,
        "keypoints3d": [
          [ 0.666,  0.996,  1.591,  0.857], 
          [ 0.699,  1.167,  1.423,  0.838], 
          [ 0.531,  1.154,  1.411,  0.836], 
          [ 0.498,  1.196,  1.135,  0.848], 
          [ 0.492,  1.164,  0.881,  0.859], 
          [ 0.861,  1.178,  1.437,  0.795], 
          [ 0.933,  1.220,  1.173,  0.843], 
          [ 0.954,  1.172,  0.921,  0.849], 
          [ 0.735,  1.152,  0.868,  0.722], 
          [ 0.638,  1.125,  0.861,  0.719], 
          [ 0.659,  1.129,  0.484,  0.848], 
          [ 0.625,  1.213,  0.102,  0.852], 
          [ 0.837,  1.178,  0.876,  0.690], 
          [ 0.908,  1.164,  0.498,  0.826], 
          [ 0.916,  1.253,  0.114,  0.811], 
          [ 0.632,  1.007,  1.638,  0.717], 
          [ 0.706,  0.996,  1.636,  0.867], 
          [ 0.583,  1.087,  1.630,  0.810], 
          [ 0.753,  1.075,  1.637,  0.761], 
          [ 0.978,  1.160,  0.013,  0.636], 
          [ 1.015,  1.196,  0.042,  0.631], 
          [ 0.899,  1.274,  0.073,  0.699], 
          [ 0.718,  1.090,  0.045,  0.723], 
          [ 0.665,  1.103,  0.038,  0.707], 
          [ 0.613,  1.244,  0.060,  0.750]
        ]
    },
    {
        "id": 6,
        "keypoints3d": [
          [-0.176,  0.218,  1.029,  0.893], 
          [-0.117,  0.231,  0.790,  0.837], 
          [-0.227,  0.318,  0.781,  0.819], 
          [-0.359,  0.351,  0.582,  0.790], 
          [-0.463,  0.178,  0.605,  0.795], 
          [ 0.003,  0.144,  0.818,  0.773], 
          [ 0.081, -0.076,  0.714,  0.757], 
          [-0.102, -0.199,  0.646,  0.777], 
          [-0.250,  0.000,  0.430,  0.684], 
          [-0.337,  0.076,  0.423,  0.677], 
          [-0.594, -0.273,  0.513,  0.815], 
          [-0.803, -0.530,  0.385,  0.784], 
          [-0.170, -0.061,  0.436,  0.664], 
          [-0.426, -0.452,  0.444,  0.765], 
          [-0.633, -0.468,  0.120,  0.818], 
          [-0.176,  0.260,  1.037,  0.846], 
          [-0.123,  0.214,  1.050,  0.870], 
          [-0.161,  0.352,  0.976,  0.834], 
          [-0.040,  0.235,  0.988,  0.819], 
          [-0.731, -0.577,  0.110,  0.714], 
          [-0.681, -0.599,  0.104,  0.696], 
          [-0.651, -0.414,  0.072,  0.704], 
          [-0.892, -0.603,  0.539,  0.609], 
          [-0.891, -0.573,  0.493,  0.626], 
          [-0.814, -0.569,  0.334,  0.614]
        ]
    }
]
