[
    {
        "id": 0,
        "keypoints3d": [
          [-0.015,  1.174,  1.577,  0.763], 
          [-0.193,  1.235,  1.417,  0.875], 
          [-0.231,  1.073,  1.414,  0.824], 
          [-0.243,  1.055,  1.133,  0.792], 
          [-0.102,  1.072,  0.938,  0.853], 
          [-0.164,  1.388,  1.424,  0.813], 
          [-0.214,  1.463,  1.157,  0.823], 
          [-0.154,  1.466,  0.913,  0.782], 
          [-0.185,  1.257,  0.882,  0.746], 
          [-0.203,  1.160,  0.879,  0.722], 
          [-0.249,  1.184,  0.486,  0.812], 
          [-0.364,  1.218,  0.100,  0.827], 
          [-0.166,  1.355,  0.885,  0.714], 
          [-0.055,  1.355,  0.503,  0.809], 
          [-0.030,  1.368,  0.112,  0.816], 
          [-0.030,  1.148,  1.625,  0.794], 
          [-0.008,  1.187,  1.619,  0.699], 
          [-0.131,  1.118,  1.625,  0.831], 
          [-0.078,  1.262,  1.629,  0.880], 
          [ 0.100,  1.386,  0.050,  0.644], 
          [ 0.075,  1.428,  0.067,  0.659], 
          [-0.068,  1.365,  0.055,  0.692], 
          [-0.206,  1.249,  0.058,  0.711], 
          [-0.247,  1.208,  0.048,  0.717], 
          [-0.401,  1.227,  0.061,  0.782]
        ]
    },
    {
        "id": 2,
        "keypoints3d": [
          [-1.223, -1.120,  1.528,  0.867], 
          [-1.201, -1.273,  1.344,  0.885], 
          [-1.044, -1.280,  1.352,  0.857], 
          [-1.022, -1.346,  1.078,  0.768], 
          [-1.087, -1.383,  0.876,  0.757], 
          [-1.375, -1.264,  1.344,  0.850], 
          [-1.393, -1.316,  1.084,  0.733], 
          [-1.319, -1.348,  0.858,  0.632], 
          [-1.205, -1.233,  0.821,  0.749], 
          [-1.100, -1.231,  0.825,  0.736], 
          [-1.069, -1.223,  0.464,  0.812], 
          [-1.072, -1.307,  0.107,  0.767], 
          [-1.307, -1.241,  0.820,  0.726], 
          [-1.268, -1.268,  0.444,  0.834], 
          [-1.222, -1.305,  0.082,  0.837], 
          [-1.203, -1.137,  1.562,  0.878], 
          [-1.268, -1.140,  1.567,  0.869], 
          [-1.130, -1.214,  1.547,  0.878], 
          [-1.304, -1.226,  1.543,  0.702], 
          [-1.212, -1.146,  0.044,  0.694], 
          [-1.250, -1.168,  0.045,  0.722], 
          [-1.213, -1.351,  0.043,  0.613], 
          [-0.971, -1.196,  0.078,  0.723], 
          [-0.948, -1.243,  0.081,  0.729], 
          [-1.088, -1.343,  0.056,  0.741]
        ]
    },
    {
        "id": 4,
        "keypoints3d": [
          [-0.445,  0.112,  1.009,  0.852], 
          [-0.245,  0.069,  0.902,  0.851], 
          [-0.188,  0.189,  0.905,  0.789], 
          [ 0.020,  0.285,  0.812,  0.816], 
          [-0.134,  0.315,  0.644,  0.753], 
          [-0.309, -0.066,  0.898,  0.792], 
          [-0.355, -0.278,  0.786,  0.674], 
          [-0.464, -0.150,  0.644,  0.767], 
          [-0.313,  0.062,  0.474,  0.767], 
          [-0.261,  0.159,  0.480,  0.734], 
          [-0.510,  0.459,  0.458,  0.791], 
          [-0.539,  0.409,  0.121,  0.829], 
          [-0.376, -0.016,  0.468,  0.718], 
          [-0.745,  0.118,  0.458,  0.857], 
          [-0.670,  0.189,  0.095,  0.865], 
          [-0.422,  0.127,  1.033,  0.694], 
          [-0.447,  0.084,  1.045,  0.828], 
          [-0.328,  0.171,  1.052,  0.773], 
          [-0.362,  0.030,  1.054,  0.748], 
          [-0.830,  0.235,  0.038,  0.798], 
          [-0.808,  0.188,  0.038,  0.812], 
          [-0.636,  0.207,  0.048,  0.758], 
          [-0.602,  0.499,  0.037,  0.675], 
          [-0.557,  0.506,  0.045,  0.682], 
          [-0.536,  0.362,  0.074,  0.725]
        ]
    },
    {
        "id": 6,
        "keypoints3d": [
          [ 1.020, -1.337,  1.583,  0.887], 
          [ 1.128, -1.406,  1.390,  0.869], 
          [ 1.238, -1.289,  1.395,  0.843], 
          [ 1.140, -1.168,  1.182,  0.813], 
          [ 0.970, -1.359,  1.199,  0.794], 
          [ 0.993, -1.519,  1.376,  0.842], 
          [ 0.908, -1.447,  1.143,  0.862], 
          [ 1.071, -1.263,  1.173,  0.769], 
          [ 1.087, -1.358,  0.864,  0.759], 
          [ 1.143, -1.277,  0.870,  0.759], 
          [ 1.168, -1.307,  0.475,  0.786], 
          [ 1.241, -1.350,  0.083,  0.863], 
          [ 1.020, -1.439,  0.860,  0.740], 
          [ 1.036, -1.437,  0.466,  0.752], 
          [ 1.070, -1.466,  0.103,  0.842], 
          [ 1.068, -1.323,  1.628,  0.806], 
          [ 1.006, -1.352,  1.616,  0.859], 
          [ 1.163, -1.338,  1.602,  0.905], 
          [ 1.020, -1.456,  1.583,  0.828], 
          [ 0.978, -1.357,  0.060,  0.714], 
          [ 0.958, -1.433,  0.056,  0.728], 
          [ 1.105, -1.482,  0.051,  0.698], 
          [ 1.118, -1.249,  0.044,  0.714], 
          [ 1.184, -1.228,  0.043,  0.708], 
          [ 1.253, -1.383,  0.039,  0.675]
        ]
    }
]
