[
    {
        "id": 0,
        "keypoints3d": [
          [ 1.019, -1.337,  1.580,  0.885], 
          [ 1.132, -1.410,  1.388,  0.863], 
          [ 1.250, -1.297,  1.393,  0.827], 
          [ 1.148, -1.166,  1.184,  0.830], 
          [ 0.974, -1.361,  1.195,  0.799], 
          [ 0.997, -1.521,  1.379,  0.829], 
          [ 0.918, -1.451,  1.147,  0.850], 
          [ 1.068, -1.256,  1.177,  0.757], 
          [ 1.087, -1.361,  0.870,  0.707], 
          [ 1.151, -1.283,  0.870,  0.700], 
          [ 1.182, -1.305,  0.475,  0.723], 
          [ 1.248, -1.352,  0.089,  0.711], 
          [ 1.019, -1.437,  0.869,  0.691], 
          [ 1.036, -1.439,  0.474,  0.672], 
          [ 1.072, -1.469,  0.102,  0.831], 
          [ 1.072, -1.322,  1.628,  0.820], 
          [ 1.012, -1.362,  1.610,  0.858], 
          [ 1.167, -1.335,  1.603,  0.896], 
          [ 1.047, -1.463,  1.579,  0.837], 
          [ 0.976, -1.362,  0.061,  0.699], 
          [ 0.959, -1.434,  0.067,  0.703], 
          [ 1.103, -1.481,  0.061,  0.689], 
          [ 1.116, -1.251,  0.047,  0.680], 
          [ 1.185, -1.229,  0.044,  0.683], 
          [ 1.254, -1.385,  0.040,  0.642]
        ]
    },
    {
        "id": 2,
        "keypoints3d": [
          [ 0.247,  1.218,  1.598,  0.849], 
          [ 0.112,  1.322,  1.416,  0.875], 
          [ 0.023,  1.186,  1.432,  0.828], 
          [-0.059,  1.146,  1.171,  0.886], 
          [-0.040,  1.084,  0.925,  0.879], 
          [ 0.189,  1.455,  1.412,  0.810], 
          [ 0.186,  1.522,  1.135,  0.816], 
          [ 0.229,  1.512,  0.880,  0.874], 
          [ 0.110,  1.302,  0.876,  0.744], 
          [ 0.071,  1.205,  0.878,  0.715], 
          [ 0.094,  1.191,  0.502,  0.811], 
          [-0.154,  1.236,  0.226,  0.781], 
          [ 0.147,  1.396,  0.872,  0.720], 
          [ 0.179,  1.389,  0.482,  0.809], 
          [ 0.182,  1.374,  0.105,  0.788], 
          [ 0.214,  1.198,  1.632,  0.778], 
          [ 0.265,  1.260,  1.637,  0.830], 
          [ 0.131,  1.219,  1.637,  0.812], 
          [ 0.244,  1.331,  1.628,  0.818], 
          [ 0.343,  1.339,  0.047,  0.635], 
          [ 0.323,  1.386,  0.050,  0.597], 
          [ 0.161,  1.368,  0.064,  0.660], 
          [-0.110,  1.231,  0.058,  0.703], 
          [-0.140,  1.206,  0.074,  0.667], 
          [-0.224,  1.259,  0.226,  0.790]
        ]
    },
    {
        "id": 4,
        "keypoints3d": [
          [-1.193, -1.095,  1.521,  0.882], 
          [-1.217, -1.242,  1.347,  0.862], 
          [-1.063, -1.297,  1.360,  0.851], 
          [-1.046, -1.378,  1.090,  0.798], 
          [-1.080, -1.399,  0.872,  0.769], 
          [-1.377, -1.189,  1.336,  0.847], 
          [-1.400, -1.253,  1.078,  0.713], 
          [-1.303, -1.351,  0.851,  0.714], 
          [-1.169, -1.246,  0.828,  0.757], 
          [-1.076, -1.264,  0.835,  0.764], 
          [-1.051, -1.242,  0.466,  0.856], 
          [-1.068, -1.310,  0.106,  0.843], 
          [-1.269, -1.233,  0.821,  0.756], 
          [-1.250, -1.269,  0.449,  0.853], 
          [-1.220, -1.303,  0.082,  0.850], 
          [-1.169, -1.116,  1.556,  0.806], 
          [-1.236, -1.091,  1.553,  0.876], 
          [-1.136, -1.213,  1.541,  0.773], 
          [-1.297, -1.164,  1.535,  0.809], 
          [-1.202, -1.150,  0.036,  0.737], 
          [-1.245, -1.165,  0.047,  0.745], 
          [-1.218, -1.346,  0.037,  0.602], 
          [-0.987, -1.182,  0.082,  0.729], 
          [-0.963, -1.233,  0.079,  0.716], 
          [-1.091, -1.339,  0.058,  0.740]
        ]
    },
    {
        "id": 6,
        "keypoints3d": [
          [-0.184,  0.018,  1.001,  0.874], 
          [-0.049, -0.004,  0.829,  0.817], 
          [-0.021,  0.131,  0.833,  0.803], 
          [ 0.073,  0.311,  0.702,  0.730], 
          [-0.150,  0.339,  0.660,  0.809], 
          [-0.102, -0.154,  0.841,  0.794], 
          [-0.229, -0.326,  0.736,  0.832], 
          [-0.391, -0.201,  0.648,  0.835], 
          [-0.242,  0.024,  0.437,  0.727], 
          [-0.227,  0.137,  0.442,  0.678], 
          [-0.622,  0.319,  0.477,  0.862], 
          [-0.710,  0.344,  0.096,  0.761], 
          [-0.277, -0.083,  0.443,  0.712], 
          [-0.707,  0.001,  0.484,  0.874], 
          [-0.794,  0.067,  0.115,  0.852], 
          [-0.161,  0.036,  1.038,  0.843], 
          [-0.165, -0.029,  1.041,  0.853], 
          [-0.072,  0.071,  1.012,  0.843], 
          [-0.091, -0.083,  1.014,  0.682], 
          [-0.957,  0.060,  0.084,  0.799], 
          [-0.935,  0.019,  0.079,  0.810], 
          [-0.768,  0.093,  0.079,  0.761], 
          [-0.859,  0.399,  0.096,  0.638], 
          [-0.811,  0.428,  0.095,  0.624], 
          [-0.700,  0.331,  0.053,  0.669]
        ]
    }
]
