[
    {
        "id": 0,
        "keypoints3d": [
          [ 1.018, -1.336,  1.580,  0.885], 
          [ 1.131, -1.409,  1.388,  0.861], 
          [ 1.248, -1.296,  1.393,  0.831], 
          [ 1.140, -1.167,  1.181,  0.826], 
          [ 0.974, -1.361,  1.199,  0.799], 
          [ 0.998, -1.522,  1.378,  0.829], 
          [ 0.916, -1.451,  1.145,  0.856], 
          [ 1.065, -1.257,  1.175,  0.766], 
          [ 1.091, -1.361,  0.859,  0.725], 
          [ 1.150, -1.284,  0.866,  0.716], 
          [ 1.177, -1.306,  0.474,  0.793], 
          [ 1.244, -1.350,  0.086,  0.728], 
          [ 1.019, -1.436,  0.859,  0.710], 
          [ 1.032, -1.441,  0.469,  0.677], 
          [ 1.070, -1.466,  0.103,  0.844], 
          [ 1.070, -1.326,  1.627,  0.807], 
          [ 1.012, -1.362,  1.610,  0.862], 
          [ 1.164, -1.334,  1.603,  0.896], 
          [ 1.042, -1.465,  1.582,  0.845], 
          [ 0.987, -1.362,  0.060,  0.663], 
          [ 0.971, -1.433,  0.058,  0.664], 
          [ 1.096, -1.481,  0.052,  0.705], 
          [ 1.117, -1.250,  0.047,  0.718], 
          [ 1.187, -1.226,  0.040,  0.713], 
          [ 1.253, -1.383,  0.039,  0.670]
        ]
    },
    {
        "id": 2,
        "keypoints3d": [
          [ 0.164,  1.193,  1.575,  0.841], 
          [ 0.010,  1.306,  1.406,  0.845], 
          [-0.052,  1.152,  1.405,  0.834], 
          [-0.110,  1.105,  1.141,  0.856], 
          [-0.060,  1.062,  0.900,  0.902], 
          [ 0.080,  1.450,  1.405,  0.841], 
          [ 0.057,  1.514,  1.126,  0.744], 
          [ 0.102,  1.501,  0.873,  0.816], 
          [ 0.005,  1.281,  0.857,  0.729], 
          [-0.028,  1.185,  0.858,  0.727], 
          [-0.073,  1.196,  0.486,  0.781], 
          [-0.321,  1.229,  0.143,  0.810], 
          [ 0.052,  1.374,  0.855,  0.734], 
          [ 0.136,  1.369,  0.485,  0.812], 
          [ 0.180,  1.364,  0.100,  0.753], 
          [ 0.128,  1.181,  1.610,  0.890], 
          [ 0.171,  1.236,  1.618,  0.836], 
          [ 0.049,  1.176,  1.610,  0.803], 
          [ 0.138,  1.315,  1.620,  0.827], 
          [ 0.329,  1.335,  0.028,  0.645], 
          [ 0.321,  1.376,  0.037,  0.669], 
          [ 0.162,  1.368,  0.063,  0.713], 
          [-0.177,  1.234,  0.048,  0.741], 
          [-0.222,  1.189,  0.046,  0.721], 
          [-0.383,  1.238,  0.121,  0.762]
        ]
    },
    {
        "id": 4,
        "keypoints3d": [
          [-1.206, -1.106,  1.524,  0.892], 
          [-1.211, -1.255,  1.346,  0.873], 
          [-1.057, -1.304,  1.355,  0.871], 
          [-1.031, -1.358,  1.090,  0.834], 
          [-1.079, -1.391,  0.883,  0.834], 
          [-1.384, -1.212,  1.344,  0.828], 
          [-1.414, -1.281,  1.078,  0.817], 
          [-1.315, -1.344,  0.853,  0.673], 
          [-1.189, -1.237,  0.839,  0.759], 
          [-1.083, -1.255,  0.840,  0.757], 
          [-1.055, -1.220,  0.480,  0.842], 
          [-1.071, -1.303,  0.112,  0.830], 
          [-1.290, -1.232,  0.831,  0.733], 
          [-1.262, -1.265,  0.451,  0.842], 
          [-1.222, -1.304,  0.084,  0.837], 
          [-1.184, -1.128,  1.557,  0.746], 
          [-1.243, -1.115,  1.555,  0.835], 
          [-1.131, -1.218,  1.542,  0.798], 
          [-1.306, -1.197,  1.542,  0.761], 
          [-1.207, -1.147,  0.045,  0.738], 
          [-1.251, -1.169,  0.047,  0.745], 
          [-1.216, -1.349,  0.042,  0.590], 
          [-0.988, -1.173,  0.087,  0.707], 
          [-0.964, -1.226,  0.084,  0.695], 
          [-1.091, -1.332,  0.065,  0.738]
        ]
    },
    {
        "id": 6,
        "keypoints3d": [
          [-0.262,  0.042,  0.999,  0.859], 
          [-0.099,  0.003,  0.856,  0.813], 
          [-0.050,  0.145,  0.856,  0.794], 
          [ 0.046,  0.301,  0.729,  0.768], 
          [-0.147,  0.339,  0.646,  0.809], 
          [-0.152, -0.142,  0.862,  0.781], 
          [-0.259, -0.303,  0.751,  0.789], 
          [-0.406, -0.168,  0.636,  0.764], 
          [-0.237,  0.018,  0.447,  0.712], 
          [-0.199,  0.112,  0.444,  0.692], 
          [-0.583,  0.381,  0.459,  0.843], 
          [-0.722,  0.350,  0.120,  0.737], 
          [-0.285, -0.083,  0.450,  0.678], 
          [-0.711,  0.046,  0.493,  0.873], 
          [-0.747,  0.159,  0.140,  0.824], 
          [-0.230,  0.064,  1.025,  0.816], 
          [-0.254,  0.002,  1.032,  0.878], 
          [-0.134,  0.090,  1.024,  0.834], 
          [-0.187, -0.066,  1.041,  0.756], 
          [-0.899,  0.216,  0.088,  0.799], 
          [-0.877,  0.152,  0.078,  0.803], 
          [-0.712,  0.175,  0.095,  0.694], 
          [-0.860,  0.444,  0.133,  0.699], 
          [-0.817,  0.467,  0.120,  0.705], 
          [-0.721,  0.320,  0.072,  0.763]
        ]
    }
]
