[
    {
        "id": 0,
        "keypoints3d": [
          [-1.103, -1.091,  1.522,  0.809], 
          [-1.146, -1.244,  1.357,  0.866], 
          [-1.001, -1.317,  1.366,  0.846], 
          [-0.983, -1.426,  1.116,  0.795], 
          [-1.059, -1.435,  0.899,  0.766], 
          [-1.292, -1.171,  1.336,  0.861], 
          [-1.325, -1.240,  1.083,  0.766], 
          [-1.265, -1.346,  0.894,  0.624], 
          [-1.119, -1.282,  0.830,  0.745], 
          [-1.031, -1.327,  0.833,  0.754], 
          [-1.025, -1.360,  0.446,  0.782], 
          [-1.013, -1.394,  0.091,  0.847], 
          [-1.213, -1.243,  0.824,  0.743], 
          [-1.204, -1.272,  0.453,  0.800], 
          [-1.221, -1.303,  0.079,  0.860], 
          [-1.085, -1.118,  1.561,  0.817], 
          [-1.148, -1.085,  1.548,  0.884], 
          [-1.075, -1.208,  1.561,  0.806], 
          [-1.218, -1.149,  1.530,  0.852], 
          [-1.206, -1.139,  0.043,  0.774], 
          [-1.253, -1.166,  0.047,  0.787], 
          [-1.219, -1.327,  0.036,  0.714], 
          [-0.905, -1.284,  0.065,  0.721], 
          [-0.882, -1.322,  0.068,  0.725], 
          [-1.030, -1.411,  0.052,  0.794]
        ]
    },
    {
        "id": 2,
        "keypoints3d": [
          [ 1.032, -1.327,  1.580,  0.881], 
          [ 1.134, -1.407,  1.388,  0.861], 
          [ 1.251, -1.296,  1.393,  0.826], 
          [ 1.141, -1.164,  1.182,  0.822], 
          [ 0.976, -1.359,  1.195,  0.790], 
          [ 0.997, -1.522,  1.379,  0.826], 
          [ 0.914, -1.442,  1.142,  0.866], 
          [ 1.069, -1.253,  1.180,  0.773], 
          [ 1.093, -1.358,  0.861,  0.726], 
          [ 1.155, -1.283,  0.866,  0.709], 
          [ 1.166, -1.314,  0.472,  0.788], 
          [ 1.233, -1.358,  0.090,  0.669], 
          [ 1.026, -1.434,  0.862,  0.712], 
          [ 1.036, -1.439,  0.473,  0.712], 
          [ 1.066, -1.463,  0.095,  0.786], 
          [ 1.075, -1.321,  1.629,  0.819], 
          [ 1.016, -1.363,  1.610,  0.867], 
          [ 1.171, -1.335,  1.607,  0.823], 
          [ 1.048, -1.462,  1.581,  0.838], 
          [ 0.977, -1.363,  0.060,  0.693], 
          [ 0.956, -1.432,  0.062,  0.701], 
          [ 1.092, -1.492,  0.059,  0.603], 
          [ 1.111, -1.236,  0.055,  0.815], 
          [ 1.170, -1.220,  0.054,  0.805], 
          [ 1.255, -1.384,  0.040,  0.639]
        ]
    },
    {
        "id": 4,
        "keypoints3d": [
          [ 0.495,  1.095,  1.570,  0.877], 
          [ 0.429,  1.265,  1.400,  0.907], 
          [ 0.296,  1.175,  1.406,  0.857], 
          [ 0.222,  1.208,  1.140,  0.810], 
          [ 0.220,  1.204,  0.891,  0.834], 
          [ 0.569,  1.347,  1.397,  0.840], 
          [ 0.626,  1.382,  1.135,  0.794], 
          [ 0.695,  1.295,  0.923,  0.866], 
          [ 0.422,  1.273,  0.858,  0.748], 
          [ 0.358,  1.210,  0.866,  0.743], 
          [ 0.483,  1.198,  0.489,  0.819], 
          [ 0.600,  1.220,  0.097,  0.808], 
          [ 0.494,  1.343,  0.851,  0.735], 
          [ 0.389,  1.364,  0.467,  0.781], 
          [ 0.227,  1.362,  0.116,  0.788], 
          [ 0.462,  1.096,  1.606,  0.834], 
          [ 0.510,  1.119,  1.605,  0.899], 
          [ 0.378,  1.145,  1.614,  0.754], 
          [ 0.532,  1.218,  1.621,  0.902], 
          [ 0.357,  1.346,  0.040,  0.597], 
          [ 0.339,  1.378,  0.036,  0.602], 
          [ 0.158,  1.363,  0.086,  0.702], 
          [ 0.715,  1.115,  0.038,  0.706], 
          [ 0.659,  1.127,  0.033,  0.644], 
          [ 0.599,  1.250,  0.064,  0.720]
        ]
    },
    {
        "id": 6,
        "keypoints3d": [
          [-0.022,  0.055,  1.032,  0.899], 
          [ 0.022,  0.077,  0.794,  0.864], 
          [-0.014,  0.231,  0.801,  0.824], 
          [-0.102,  0.349,  0.619,  0.802], 
          [-0.308,  0.303,  0.629,  0.803], 
          [ 0.038, -0.088,  0.820,  0.825], 
          [-0.031, -0.280,  0.698,  0.769], 
          [-0.244, -0.253,  0.638,  0.823], 
          [-0.322, -0.001,  0.493,  0.767], 
          [-0.334,  0.108,  0.498,  0.735], 
          [-0.738,  0.090,  0.429,  0.893], 
          [-0.724,  0.257,  0.083,  0.834], 
          [-0.312, -0.104,  0.506,  0.743], 
          [-0.656, -0.266,  0.472,  0.840], 
          [-0.719, -0.213,  0.091,  0.781], 
          [-0.007,  0.095,  1.052,  0.826], 
          [ 0.033,  0.028,  1.040,  0.763], 
          [ 0.033,  0.177,  0.990,  0.795], 
          [ 0.095,  0.023,  0.977,  0.870], 
          [-0.856, -0.296,  0.056,  0.702], 
          [-0.813, -0.319,  0.050,  0.691], 
          [-0.688, -0.167,  0.050,  0.793], 
          [-0.893,  0.254,  0.082,  0.755], 
          [-0.869,  0.300,  0.086,  0.761], 
          [-0.692,  0.280,  0.048,  0.713]
        ]
    }
]
