[
    {
        "id": 0,
        "keypoints3d": [
          [ 1.020, -1.336,  1.578,  0.879], 
          [ 1.130, -1.410,  1.388,  0.859], 
          [ 1.249, -1.299,  1.392,  0.831], 
          [ 1.141, -1.167,  1.181,  0.814], 
          [ 0.974, -1.360,  1.201,  0.808], 
          [ 0.997, -1.522,  1.376,  0.828], 
          [ 0.915, -1.452,  1.143,  0.853], 
          [ 1.067, -1.256,  1.176,  0.760], 
          [ 1.090, -1.361,  0.863,  0.726], 
          [ 1.149, -1.284,  0.867,  0.717], 
          [ 1.178, -1.306,  0.479,  0.788], 
          [ 1.241, -1.351,  0.083,  0.768], 
          [ 1.022, -1.434,  0.862,  0.714], 
          [ 1.037, -1.438,  0.471,  0.673], 
          [ 1.070, -1.467,  0.101,  0.841], 
          [ 1.067, -1.325,  1.628,  0.806], 
          [ 1.010, -1.362,  1.609,  0.854], 
          [ 1.163, -1.336,  1.603,  0.895], 
          [ 1.042, -1.465,  1.582,  0.842], 
          [ 0.978, -1.357,  0.060,  0.717], 
          [ 0.958, -1.433,  0.056,  0.731], 
          [ 1.104, -1.481,  0.053,  0.698], 
          [ 1.118, -1.250,  0.044,  0.711], 
          [ 1.185, -1.223,  0.044,  0.708], 
          [ 1.253, -1.385,  0.038,  0.676]
        ]
    },
    {
        "id": 2,
        "keypoints3d": [
          [-1.214, -1.121,  1.523,  0.905], 
          [-1.205, -1.268,  1.347,  0.872], 
          [-1.049, -1.297,  1.351,  0.860], 
          [-1.023, -1.347,  1.076,  0.826], 
          [-1.082, -1.379,  0.878,  0.779], 
          [-1.380, -1.245,  1.345,  0.833], 
          [-1.396, -1.312,  1.090,  0.785], 
          [-1.295, -1.361,  0.866,  0.612], 
          [-1.202, -1.232,  0.831,  0.750], 
          [-1.094, -1.235,  0.834,  0.739], 
          [-1.069, -1.226,  0.466,  0.823], 
          [-1.075, -1.311,  0.110,  0.780], 
          [-1.304, -1.236,  0.827,  0.723], 
          [-1.267, -1.266,  0.442,  0.843], 
          [-1.220, -1.309,  0.080,  0.833], 
          [-1.195, -1.136,  1.557,  0.893], 
          [-1.257, -1.140,  1.559,  0.780], 
          [-1.129, -1.220,  1.547,  0.776], 
          [-1.309, -1.208,  1.543,  0.754], 
          [-1.216, -1.151,  0.042,  0.693], 
          [-1.251, -1.173,  0.048,  0.719], 
          [-1.213, -1.349,  0.044,  0.596], 
          [-0.972, -1.195,  0.079,  0.725], 
          [-0.948, -1.243,  0.082,  0.726], 
          [-1.089, -1.340,  0.055,  0.756]
        ]
    },
    {
        "id": 4,
        "keypoints3d": [
          [ 0.049,  1.175,  1.579,  0.858], 
          [-0.132,  1.255,  1.410,  0.861], 
          [-0.183,  1.106,  1.403,  0.830], 
          [-0.201,  1.068,  1.120,  0.817], 
          [-0.080,  1.080,  0.919,  0.805], 
          [-0.081,  1.412,  1.410,  0.818], 
          [-0.109,  1.475,  1.143,  0.821], 
          [-0.043,  1.464,  0.897,  0.826], 
          [-0.136,  1.272,  0.871,  0.745], 
          [-0.164,  1.178,  0.871,  0.729], 
          [-0.210,  1.179,  0.495,  0.791], 
          [-0.365,  1.220,  0.106,  0.820], 
          [-0.096,  1.369,  0.874,  0.725], 
          [ 0.017,  1.358,  0.498,  0.812], 
          [ 0.126,  1.372,  0.117,  0.814], 
          [ 0.009,  1.146,  1.625,  0.829], 
          [ 0.055,  1.215,  1.627,  0.715], 
          [-0.094,  1.140,  1.621,  0.773], 
          [-0.003,  1.284,  1.624,  0.763], 
          [ 0.259,  1.364,  0.055,  0.687], 
          [ 0.253,  1.399,  0.076,  0.686], 
          [ 0.112,  1.359,  0.072,  0.693], 
          [-0.203,  1.241,  0.055,  0.721], 
          [-0.245,  1.196,  0.045,  0.728], 
          [-0.402,  1.230,  0.065,  0.785]
        ]
    },
    {
        "id": 6,
        "keypoints3d": [
          [-0.381,  0.079,  1.001,  0.867], 
          [-0.188,  0.038,  0.870,  0.813], 
          [-0.128,  0.166,  0.873,  0.762], 
          [ 0.009,  0.301,  0.764,  0.656], 
          [-0.141,  0.323,  0.634,  0.764], 
          [-0.257, -0.092,  0.878,  0.822], 
          [-0.338, -0.302,  0.790,  0.870], 
          [-0.449, -0.166,  0.647,  0.743], 
          [-0.308,  0.067,  0.475,  0.775], 
          [-0.270,  0.176,  0.478,  0.729], 
          [-0.531,  0.438,  0.465,  0.862], 
          [-0.631,  0.354,  0.128,  0.735], 
          [-0.367, -0.013,  0.475,  0.746], 
          [-0.726,  0.097,  0.473,  0.889], 
          [-0.686,  0.183,  0.108,  0.870], 
          [-0.342,  0.092,  1.036,  0.898], 
          [-0.386,  0.051,  1.044,  0.836], 
          [-0.246,  0.122,  1.026,  0.833], 
          [-0.321,  0.001,  1.042,  0.820], 
          [-0.816,  0.260,  0.042,  0.775], 
          [-0.808,  0.197,  0.047,  0.823], 
          [-0.644,  0.202,  0.074,  0.697], 
          [-0.735,  0.458,  0.094,  0.741], 
          [-0.691,  0.471,  0.094,  0.716], 
          [-0.630,  0.325,  0.087,  0.734]
        ]
    }
]
