[
    {
        "id": 0,
        "keypoints3d": [
          [ 1.026, -1.332,  1.581,  0.883], 
          [ 1.134, -1.410,  1.387,  0.861], 
          [ 1.252, -1.295,  1.392,  0.823], 
          [ 1.146, -1.165,  1.185,  0.817], 
          [ 0.977, -1.360,  1.192,  0.792], 
          [ 0.997, -1.521,  1.379,  0.828], 
          [ 0.915, -1.447,  1.143,  0.856], 
          [ 1.070, -1.254,  1.175,  0.772], 
          [ 1.090, -1.357,  0.861,  0.724], 
          [ 1.151, -1.283,  0.866,  0.703], 
          [ 1.170, -1.307,  0.466,  0.765], 
          [ 1.240, -1.351,  0.087,  0.749], 
          [ 1.019, -1.434,  0.862,  0.714], 
          [ 1.037, -1.438,  0.469,  0.682], 
          [ 1.070, -1.466,  0.107,  0.829], 
          [ 1.076, -1.321,  1.629,  0.815], 
          [ 1.012, -1.362,  1.610,  0.864], 
          [ 1.171, -1.333,  1.603,  0.891], 
          [ 1.048, -1.462,  1.581,  0.840], 
          [ 0.980, -1.354,  0.064,  0.701], 
          [ 0.959, -1.435,  0.067,  0.703], 
          [ 1.102, -1.481,  0.061,  0.694], 
          [ 1.117, -1.245,  0.049,  0.675], 
          [ 1.182, -1.224,  0.046,  0.683], 
          [ 1.252, -1.389,  0.041,  0.638]
        ]
    },
    {
        "id": 2,
        "keypoints3d": [
          [ 0.397,  1.166,  1.591,  0.813], 
          [ 0.292,  1.311,  1.417,  0.845], 
          [ 0.173,  1.216,  1.438,  0.840], 
          [ 0.090,  1.215,  1.167,  0.755], 
          [ 0.083,  1.193,  0.919,  0.841], 
          [ 0.420,  1.419,  1.408,  0.798], 
          [ 0.480,  1.473,  1.142,  0.819], 
          [ 0.556,  1.398,  0.902,  0.816], 
          [ 0.285,  1.296,  0.877,  0.734], 
          [ 0.211,  1.226,  0.886,  0.724], 
          [ 0.313,  1.223,  0.506,  0.808], 
          [ 0.303,  1.277,  0.134,  0.797], 
          [ 0.350,  1.365,  0.871,  0.711], 
          [ 0.322,  1.352,  0.500,  0.791], 
          [ 0.244,  1.327,  0.115,  0.829], 
          [ 0.357,  1.165,  1.630,  0.806], 
          [ 0.430,  1.195,  1.636,  0.754], 
          [ 0.281,  1.215,  1.643,  0.817], 
          [ 0.433,  1.295,  1.627,  0.847], 
          [ 0.425,  1.279,  0.059,  0.526], 
          [ 0.402,  1.323,  0.058,  0.556], 
          [ 0.196,  1.335,  0.071,  0.697], 
          [ 0.480,  1.192,  0.057,  0.697], 
          [ 0.429,  1.166,  0.051,  0.683], 
          [ 0.289,  1.277,  0.086,  0.636]
        ]
    },
    {
        "id": 4,
        "keypoints3d": [
          [-1.166, -1.065,  1.515,  0.863], 
          [-1.200, -1.223,  1.350,  0.866], 
          [-1.063, -1.302,  1.366,  0.846], 
          [-1.010, -1.422,  1.117,  0.812], 
          [-1.052, -1.432,  0.899,  0.784], 
          [-1.334, -1.151,  1.329,  0.852], 
          [-1.376, -1.214,  1.063,  0.763], 
          [-1.294, -1.332,  0.852,  0.583], 
          [-1.146, -1.276,  0.843,  0.722], 
          [-1.050, -1.315,  0.849,  0.721], 
          [-0.994, -1.295,  0.480,  0.854], 
          [-1.018, -1.374,  0.107,  0.852], 
          [-1.244, -1.238,  0.836,  0.701], 
          [-1.219, -1.282,  0.451,  0.829], 
          [-1.218, -1.306,  0.076,  0.866], 
          [-1.146, -1.100,  1.550,  0.840], 
          [-1.201, -1.066,  1.545,  0.782], 
          [-1.127, -1.195,  1.549,  0.777], 
          [-1.287, -1.120,  1.527,  0.841], 
          [-1.201, -1.144,  0.039,  0.732], 
          [-1.248, -1.166,  0.040,  0.753], 
          [-1.220, -1.329,  0.038,  0.700], 
          [-0.919, -1.260,  0.064,  0.707], 
          [-0.900, -1.303,  0.075,  0.708], 
          [-1.036, -1.403,  0.059,  0.780]
        ]
    },
    {
        "id": 6,
        "keypoints3d": [
          [-0.026, -0.013,  1.036,  0.921], 
          [ 0.013, -0.001,  0.803,  0.832], 
          [ 0.031,  0.163,  0.803,  0.808], 
          [ 0.025,  0.322,  0.625,  0.857], 
          [-0.184,  0.315,  0.650,  0.843], 
          [-0.012, -0.155,  0.819,  0.799], 
          [-0.136, -0.329,  0.703,  0.855], 
          [-0.318, -0.248,  0.648,  0.849], 
          [-0.269,  0.017,  0.460,  0.725], 
          [-0.263,  0.132,  0.465,  0.706], 
          [-0.692,  0.242,  0.433,  0.783], 
          [-0.723,  0.337,  0.086,  0.710], 
          [-0.280, -0.096,  0.467,  0.676], 
          [-0.699, -0.131,  0.457,  0.893], 
          [-0.714, -0.199,  0.076,  0.815], 
          [ 0.003,  0.017,  1.046,  0.798], 
          [ 0.005, -0.044,  1.048,  0.838], 
          [ 0.061,  0.081,  0.996,  0.797], 
          [ 0.076, -0.094,  0.978,  0.694], 
          [-0.828, -0.314,  0.041,  0.787], 
          [-0.769, -0.334,  0.037,  0.794], 
          [-0.677, -0.171,  0.030,  0.693], 
          [-0.881,  0.378,  0.094,  0.780], 
          [-0.855,  0.416,  0.090,  0.781], 
          [-0.708,  0.341,  0.040,  0.670]
        ]
    }
]
