[
    {
        "id": 0,
        "keypoints3d": [
          [-1.020, -1.138,  1.518,  0.814], 
          [-1.071, -1.276,  1.353,  0.882], 
          [-0.939, -1.355,  1.356,  0.863], 
          [-0.930, -1.430,  1.100,  0.771], 
          [-0.970, -1.455,  0.918,  0.730], 
          [-1.217, -1.200,  1.351,  0.886], 
          [-1.263, -1.231,  1.090,  0.804], 
          [-1.197, -1.355,  0.893,  0.661], 
          [-1.054, -1.281,  0.842,  0.786], 
          [-0.965, -1.330,  0.835,  0.759], 
          [-0.980, -1.365,  0.451,  0.799], 
          [-1.009, -1.394,  0.099,  0.795], 
          [-1.140, -1.239,  0.842,  0.765], 
          [-1.167, -1.258,  0.462,  0.820], 
          [-1.218, -1.305,  0.085,  0.855], 
          [-0.998, -1.171,  1.560,  0.839], 
          [-1.056, -1.133,  1.561,  0.895], 
          [-0.984, -1.253,  1.551,  0.800], 
          [-1.127, -1.199,  1.550,  0.877], 
          [-1.202, -1.146,  0.044,  0.705], 
          [-1.250, -1.168,  0.046,  0.718], 
          [-1.223, -1.328,  0.048,  0.691], 
          [-0.908, -1.292,  0.061,  0.700], 
          [-0.893, -1.341,  0.065,  0.701], 
          [-1.038, -1.413,  0.055,  0.767]
        ]
    },
    {
        "id": 2,
        "keypoints3d": [
          [ 1.030, -1.326,  1.581,  0.877], 
          [ 1.134, -1.406,  1.387,  0.861], 
          [ 1.249, -1.295,  1.392,  0.821], 
          [ 1.149, -1.168,  1.177,  0.809], 
          [ 0.976, -1.366,  1.193,  0.769], 
          [ 0.997, -1.522,  1.378,  0.825], 
          [ 0.915, -1.447,  1.142,  0.860], 
          [ 1.074, -1.257,  1.175,  0.781], 
          [ 1.089, -1.362,  0.858,  0.731], 
          [ 1.152, -1.287,  0.862,  0.720], 
          [ 1.173, -1.315,  0.475,  0.754], 
          [ 1.234, -1.356,  0.096,  0.763], 
          [ 1.023, -1.433,  0.862,  0.714], 
          [ 1.037, -1.437,  0.476,  0.729], 
          [ 1.072, -1.467,  0.112,  0.768], 
          [ 1.076, -1.296,  1.621,  0.901], 
          [ 1.014, -1.359,  1.609,  0.859], 
          [ 1.174, -1.323,  1.607,  0.901], 
          [ 1.044, -1.454,  1.587,  0.856], 
          [ 0.984, -1.358,  0.062,  0.657], 
          [ 0.958, -1.430,  0.064,  0.667], 
          [ 1.102, -1.484,  0.063,  0.645], 
          [ 1.107, -1.243,  0.057,  0.701], 
          [ 1.166, -1.221,  0.057,  0.691], 
          [ 1.239, -1.395,  0.036,  0.602]
        ]
    },
    {
        "id": 4,
        "keypoints3d": [
          [ 0.613,  1.024,  1.577,  0.891], 
          [ 0.580,  1.195,  1.407,  0.879], 
          [ 0.430,  1.122,  1.405,  0.841], 
          [ 0.389,  1.153,  1.132,  0.823], 
          [ 0.423,  1.120,  0.882,  0.818], 
          [ 0.728,  1.272,  1.425,  0.828], 
          [ 0.788,  1.318,  1.172,  0.791], 
          [ 0.834,  1.286,  0.928,  0.808], 
          [ 0.622,  1.206,  0.870,  0.764], 
          [ 0.543,  1.150,  0.866,  0.751], 
          [ 0.609,  1.151,  0.482,  0.857], 
          [ 0.625,  1.207,  0.106,  0.795], 
          [ 0.711,  1.257,  0.868,  0.731], 
          [ 0.732,  1.268,  0.488,  0.836], 
          [ 0.520,  1.389,  0.222,  0.775], 
          [ 0.568,  1.021,  1.610,  0.780], 
          [ 0.644,  1.034,  1.624,  0.790], 
          [ 0.499,  1.078,  1.618,  0.771], 
          [ 0.679,  1.115,  1.635,  0.849], 
          [ 0.576,  1.374,  0.087,  0.481], 
          [ 0.585,  1.402,  0.109,  0.497], 
          [ 0.478,  1.412,  0.198,  0.645], 
          [ 0.723,  1.108,  0.051,  0.664], 
          [ 0.663,  1.105,  0.044,  0.687], 
          [ 0.604,  1.243,  0.066,  0.671]
        ]
    },
    {
        "id": 6,
        "keypoints3d": [
          [-0.085,  0.208,  1.021,  0.899], 
          [-0.047,  0.209,  0.795,  0.843], 
          [-0.114,  0.326,  0.780,  0.841], 
          [-0.239,  0.384,  0.575,  0.842], 
          [-0.393,  0.260,  0.609,  0.861], 
          [ 0.009,  0.066,  0.821,  0.811], 
          [ 0.044, -0.178,  0.732,  0.742], 
          [-0.138, -0.225,  0.658,  0.707], 
          [-0.320, -0.011,  0.482,  0.768], 
          [-0.363,  0.082,  0.475,  0.752], 
          [-0.723, -0.075,  0.483,  0.866], 
          [-0.909, -0.222,  0.219,  0.818], 
          [-0.282, -0.117,  0.505,  0.729], 
          [-0.559, -0.353,  0.440,  0.844], 
          [-0.680, -0.253,  0.114,  0.826], 
          [-0.062,  0.255,  1.043,  0.874], 
          [-0.022,  0.183,  1.048,  0.892], 
          [-0.026,  0.324,  0.969,  0.735], 
          [ 0.044,  0.188,  0.973,  0.894], 
          [-0.823, -0.271,  0.062,  0.728], 
          [-0.771, -0.305,  0.047,  0.672], 
          [-0.655, -0.209,  0.063,  0.712], 
          [-1.050, -0.284,  0.282,  0.682], 
          [-1.038, -0.240,  0.255,  0.708], 
          [-0.913, -0.240,  0.180,  0.702]
        ]
    }
]
