[
    {
        "id": 0,
        "keypoints3d": [
          [ 1.020, -1.336,  1.578,  0.879], 
          [ 1.130, -1.409,  1.388,  0.859], 
          [ 1.249, -1.299,  1.392,  0.831], 
          [ 1.140, -1.167,  1.181,  0.816], 
          [ 0.974, -1.360,  1.201,  0.808], 
          [ 0.997, -1.522,  1.376,  0.828], 
          [ 0.916, -1.452,  1.143,  0.854], 
          [ 1.067, -1.256,  1.176,  0.760], 
          [ 1.090, -1.361,  0.862,  0.723], 
          [ 1.149, -1.284,  0.866,  0.714], 
          [ 1.171, -1.310,  0.473,  0.778], 
          [ 1.241, -1.351,  0.083,  0.768], 
          [ 1.020, -1.436,  0.859,  0.710], 
          [ 1.035, -1.439,  0.469,  0.662], 
          [ 1.070, -1.467,  0.101,  0.842], 
          [ 1.067, -1.325,  1.628,  0.806], 
          [ 1.010, -1.362,  1.609,  0.853], 
          [ 1.163, -1.336,  1.603,  0.894], 
          [ 1.042, -1.465,  1.582,  0.838], 
          [ 0.978, -1.357,  0.060,  0.717], 
          [ 0.958, -1.433,  0.056,  0.732], 
          [ 1.104, -1.481,  0.053,  0.698], 
          [ 1.118, -1.250,  0.044,  0.711], 
          [ 1.185, -1.223,  0.044,  0.708], 
          [ 1.253, -1.385,  0.038,  0.676]
        ]
    },
    {
        "id": 2,
        "keypoints3d": [
          [-1.214, -1.121,  1.525,  0.896], 
          [-1.206, -1.266,  1.348,  0.872], 
          [-1.049, -1.295,  1.353,  0.860], 
          [-1.024, -1.354,  1.079,  0.828], 
          [-1.081, -1.381,  0.880,  0.785], 
          [-1.380, -1.243,  1.347,  0.835], 
          [-1.397, -1.312,  1.085,  0.781], 
          [-1.297, -1.360,  0.860,  0.632], 
          [-1.200, -1.232,  0.831,  0.755], 
          [-1.093, -1.234,  0.833,  0.742], 
          [-1.066, -1.224,  0.465,  0.821], 
          [-1.074, -1.310,  0.111,  0.785], 
          [-1.300, -1.235,  0.829,  0.727], 
          [-1.268, -1.265,  0.441,  0.843], 
          [-1.220, -1.309,  0.080,  0.835], 
          [-1.194, -1.136,  1.557,  0.882], 
          [-1.257, -1.140,  1.561,  0.778], 
          [-1.128, -1.216,  1.547,  0.777], 
          [-1.309, -1.209,  1.545,  0.755], 
          [-1.213, -1.149,  0.041,  0.694], 
          [-1.250, -1.171,  0.050,  0.719], 
          [-1.213, -1.349,  0.044,  0.597], 
          [-0.970, -1.200,  0.075,  0.728], 
          [-0.951, -1.248,  0.080,  0.729], 
          [-1.092, -1.340,  0.057,  0.757]
        ]
    },
    {
        "id": 4,
        "keypoints3d": [
          [ 0.046,  1.167,  1.582,  0.839], 
          [-0.113,  1.261,  1.410,  0.854], 
          [-0.174,  1.108,  1.401,  0.831], 
          [-0.192,  1.073,  1.116,  0.808], 
          [-0.075,  1.075,  0.915,  0.812], 
          [-0.065,  1.416,  1.409,  0.823], 
          [-0.101,  1.484,  1.143,  0.803], 
          [-0.033,  1.473,  0.895,  0.780], 
          [-0.125,  1.276,  0.867,  0.742], 
          [-0.158,  1.178,  0.867,  0.727], 
          [-0.195,  1.180,  0.487,  0.791], 
          [-0.361,  1.217,  0.103,  0.819], 
          [-0.089,  1.370,  0.871,  0.725], 
          [ 0.025,  1.363,  0.498,  0.808], 
          [ 0.139,  1.377,  0.127,  0.825], 
          [ 0.015,  1.138,  1.631,  0.825], 
          [ 0.059,  1.219,  1.636,  0.761], 
          [-0.081,  1.147,  1.618,  0.778], 
          [ 0.005,  1.294,  1.623,  0.708], 
          [ 0.279,  1.362,  0.063,  0.657], 
          [ 0.273,  1.401,  0.086,  0.664], 
          [ 0.141,  1.367,  0.069,  0.702], 
          [-0.205,  1.239,  0.052,  0.728], 
          [-0.243,  1.195,  0.045,  0.737], 
          [-0.401,  1.227,  0.065,  0.787]
        ]
    },
    {
        "id": 6,
        "keypoints3d": [
          [-0.374,  0.078,  1.006,  0.876], 
          [-0.183,  0.036,  0.871,  0.824], 
          [-0.125,  0.164,  0.876,  0.769], 
          [ 0.015,  0.299,  0.757,  0.665], 
          [-0.140,  0.324,  0.631,  0.765], 
          [-0.244, -0.099,  0.878,  0.829], 
          [-0.326, -0.309,  0.785,  0.856], 
          [-0.440, -0.172,  0.647,  0.763], 
          [-0.308,  0.064,  0.480,  0.786], 
          [-0.265,  0.166,  0.478,  0.722], 
          [-0.538,  0.431,  0.466,  0.851], 
          [-0.646,  0.355,  0.130,  0.726], 
          [-0.355, -0.033,  0.471,  0.736], 
          [-0.724,  0.093,  0.473,  0.883], 
          [-0.688,  0.180,  0.110,  0.875], 
          [-0.343,  0.093,  1.035,  0.777], 
          [-0.375,  0.047,  1.043,  0.861], 
          [-0.243,  0.125,  1.030,  0.824], 
          [-0.305, -0.024,  1.049,  0.801], 
          [-0.817,  0.266,  0.040,  0.777], 
          [-0.810,  0.202,  0.045,  0.818], 
          [-0.647,  0.196,  0.075,  0.673], 
          [-0.765,  0.449,  0.105,  0.739], 
          [-0.712,  0.465,  0.095,  0.735], 
          [-0.650,  0.317,  0.092,  0.732]
        ]
    }
]
