[
    {
        "id": 0,
        "keypoints3d": [
          [ 1.026, -1.332,  1.581,  0.883], 
          [ 1.134, -1.410,  1.387,  0.862], 
          [ 1.252, -1.295,  1.392,  0.824], 
          [ 1.146, -1.165,  1.185,  0.817], 
          [ 0.977, -1.360,  1.192,  0.791], 
          [ 0.998, -1.522,  1.379,  0.829], 
          [ 0.915, -1.447,  1.143,  0.856], 
          [ 1.067, -1.256,  1.176,  0.770], 
          [ 1.090, -1.357,  0.861,  0.724], 
          [ 1.150, -1.283,  0.866,  0.703], 
          [ 1.168, -1.308,  0.467,  0.765], 
          [ 1.240, -1.351,  0.087,  0.748], 
          [ 1.019, -1.434,  0.862,  0.715], 
          [ 1.038, -1.438,  0.472,  0.677], 
          [ 1.070, -1.466,  0.107,  0.829], 
          [ 1.076, -1.321,  1.629,  0.815], 
          [ 1.012, -1.362,  1.610,  0.864], 
          [ 1.171, -1.333,  1.603,  0.892], 
          [ 1.048, -1.462,  1.581,  0.843], 
          [ 0.980, -1.354,  0.064,  0.701], 
          [ 0.959, -1.435,  0.067,  0.703], 
          [ 1.102, -1.481,  0.061,  0.694], 
          [ 1.117, -1.245,  0.049,  0.675], 
          [ 1.182, -1.224,  0.046,  0.683], 
          [ 1.252, -1.389,  0.041,  0.638]
        ]
    },
    {
        "id": 2,
        "keypoints3d": [
          [ 0.382,  1.170,  1.589,  0.819], 
          [ 0.286,  1.310,  1.418,  0.854], 
          [ 0.168,  1.215,  1.435,  0.840], 
          [ 0.075,  1.213,  1.171,  0.753], 
          [ 0.075,  1.190,  0.920,  0.826], 
          [ 0.414,  1.421,  1.411,  0.792], 
          [ 0.465,  1.482,  1.143,  0.820], 
          [ 0.540,  1.409,  0.904,  0.820], 
          [ 0.273,  1.294,  0.878,  0.737], 
          [ 0.205,  1.227,  0.886,  0.724], 
          [ 0.307,  1.223,  0.507,  0.802], 
          [ 0.283,  1.276,  0.128,  0.789], 
          [ 0.341,  1.364,  0.870,  0.711], 
          [ 0.325,  1.348,  0.500,  0.781], 
          [ 0.243,  1.327,  0.115,  0.833], 
          [ 0.353,  1.166,  1.628,  0.809], 
          [ 0.423,  1.199,  1.632,  0.747], 
          [ 0.275,  1.212,  1.644,  0.827], 
          [ 0.433,  1.293,  1.628,  0.750], 
          [ 0.425,  1.284,  0.057,  0.534], 
          [ 0.403,  1.323,  0.059,  0.561], 
          [ 0.195,  1.335,  0.070,  0.708], 
          [ 0.458,  1.201,  0.059,  0.676], 
          [ 0.412,  1.171,  0.054,  0.652], 
          [ 0.273,  1.273,  0.076,  0.627]
        ]
    },
    {
        "id": 4,
        "keypoints3d": [
          [-1.167, -1.065,  1.518,  0.864], 
          [-1.201, -1.223,  1.350,  0.865], 
          [-1.064, -1.303,  1.366,  0.843], 
          [-1.014, -1.425,  1.118,  0.773], 
          [-1.071, -1.433,  0.887,  0.851], 
          [-1.336, -1.152,  1.328,  0.855], 
          [-1.374, -1.215,  1.061,  0.762], 
          [-1.291, -1.331,  0.843,  0.578], 
          [-1.145, -1.275,  0.844,  0.722], 
          [-1.050, -1.314,  0.850,  0.723], 
          [-0.988, -1.291,  0.481,  0.858], 
          [-1.021, -1.375,  0.107,  0.852], 
          [-1.244, -1.237,  0.836,  0.698], 
          [-1.221, -1.281,  0.453,  0.831], 
          [-1.218, -1.306,  0.078,  0.864], 
          [-1.149, -1.100,  1.551,  0.843], 
          [-1.204, -1.068,  1.545,  0.779], 
          [-1.137, -1.199,  1.548,  0.781], 
          [-1.289, -1.122,  1.527,  0.841], 
          [-1.201, -1.144,  0.039,  0.731], 
          [-1.247, -1.167,  0.043,  0.750], 
          [-1.220, -1.329,  0.038,  0.698], 
          [-0.923, -1.261,  0.061,  0.707], 
          [-0.901, -1.302,  0.072,  0.707], 
          [-1.036, -1.403,  0.058,  0.774]
        ]
    },
    {
        "id": 6,
        "keypoints3d": [
          [-0.028, -0.014,  1.035,  0.909], 
          [ 0.010, -0.005,  0.803,  0.832], 
          [ 0.030,  0.160,  0.801,  0.811], 
          [ 0.026,  0.321,  0.632,  0.853], 
          [-0.181,  0.316,  0.649,  0.771], 
          [-0.012, -0.159,  0.818,  0.796], 
          [-0.142, -0.332,  0.706,  0.848], 
          [-0.323, -0.247,  0.642,  0.850], 
          [-0.277,  0.020,  0.465,  0.738], 
          [-0.272,  0.136,  0.468,  0.727], 
          [-0.687,  0.249,  0.437,  0.780], 
          [-0.726,  0.337,  0.083,  0.705], 
          [-0.288, -0.092,  0.463,  0.680], 
          [-0.701, -0.129,  0.459,  0.895], 
          [-0.713, -0.196,  0.072,  0.811], 
          [ 0.001,  0.014,  1.046,  0.905], 
          [-0.006, -0.043,  1.049,  0.852], 
          [ 0.053,  0.074,  0.994,  0.790], 
          [ 0.070, -0.098,  0.976,  0.682], 
          [-0.833, -0.304,  0.042,  0.801], 
          [-0.775, -0.325,  0.047,  0.799], 
          [-0.681, -0.166,  0.030,  0.694], 
          [-0.878,  0.380,  0.093,  0.775], 
          [-0.848,  0.422,  0.089,  0.776], 
          [-0.704,  0.345,  0.040,  0.663]
        ]
    }
]
