[
    {
        "id": 0,
        "keypoints3d": [
          [ 1.028, -1.332,  1.581,  0.885], 
          [ 1.135, -1.408,  1.388,  0.859], 
          [ 1.251, -1.295,  1.393,  0.825], 
          [ 1.147, -1.165,  1.183,  0.826], 
          [ 0.973, -1.354,  1.194,  0.798], 
          [ 0.997, -1.522,  1.379,  0.827], 
          [ 0.912, -1.446,  1.143,  0.861], 
          [ 1.072, -1.257,  1.174,  0.770], 
          [ 1.087, -1.360,  0.861,  0.728], 
          [ 1.149, -1.284,  0.866,  0.710], 
          [ 1.163, -1.314,  0.479,  0.793], 
          [ 1.235, -1.358,  0.092,  0.724], 
          [ 1.023, -1.434,  0.862,  0.716], 
          [ 1.040, -1.438,  0.479,  0.713], 
          [ 1.070, -1.469,  0.109,  0.729], 
          [ 1.078, -1.302,  1.621,  0.803], 
          [ 1.016, -1.363,  1.610,  0.868], 
          [ 1.171, -1.330,  1.605,  0.894], 
          [ 1.048, -1.462,  1.581,  0.835], 
          [ 0.977, -1.360,  0.064,  0.701], 
          [ 0.956, -1.431,  0.063,  0.707], 
          [ 1.092, -1.490,  0.068,  0.647], 
          [ 1.120, -1.240,  0.049,  0.687], 
          [ 1.181, -1.226,  0.045,  0.696], 
          [ 1.254, -1.391,  0.040,  0.635]
        ]
    },
    {
        "id": 2,
        "keypoints3d": [
          [-1.140, -1.075,  1.520,  0.821], 
          [-1.165, -1.238,  1.355,  0.865], 
          [-1.027, -1.312,  1.370,  0.843], 
          [-0.993, -1.431,  1.125,  0.760], 
          [-1.089, -1.429,  0.898,  0.837], 
          [-1.308, -1.161,  1.334,  0.866], 
          [-1.339, -1.232,  1.078,  0.757], 
          [-1.295, -1.329,  0.880,  0.608], 
          [-1.134, -1.277,  0.831,  0.732], 
          [-1.042, -1.323,  0.835,  0.734], 
          [-1.027, -1.355,  0.444,  0.820], 
          [-1.017, -1.393,  0.095,  0.843], 
          [-1.229, -1.235,  0.823,  0.716], 
          [-1.211, -1.275,  0.447,  0.786], 
          [-1.223, -1.304,  0.080,  0.853], 
          [-1.113, -1.110,  1.552,  0.831], 
          [-1.174, -1.073,  1.546,  0.908], 
          [-1.097, -1.203,  1.551,  0.801], 
          [-1.240, -1.137,  1.528,  0.793], 
          [-1.206, -1.140,  0.042,  0.766], 
          [-1.249, -1.167,  0.048,  0.783], 
          [-1.225, -1.327,  0.039,  0.709], 
          [-0.906, -1.284,  0.063,  0.703], 
          [-0.888, -1.326,  0.068,  0.707], 
          [-1.031, -1.413,  0.053,  0.787]
        ]
    },
    {
        "id": 4,
        "keypoints3d": [
          [ 0.457,  1.129,  1.575,  0.889], 
          [ 0.383,  1.293,  1.405,  0.889], 
          [ 0.259,  1.193,  1.415,  0.875], 
          [ 0.170,  1.217,  1.151,  0.796], 
          [ 0.164,  1.228,  0.902,  0.825], 
          [ 0.520,  1.378,  1.397,  0.826], 
          [ 0.576,  1.421,  1.129,  0.813], 
          [ 0.639,  1.335,  0.912,  0.819], 
          [ 0.383,  1.288,  0.860,  0.754], 
          [ 0.314,  1.226,  0.866,  0.738], 
          [ 0.442,  1.194,  0.488,  0.794], 
          [ 0.560,  1.203,  0.103,  0.835], 
          [ 0.455,  1.355,  0.856,  0.730], 
          [ 0.356,  1.359,  0.474,  0.781], 
          [ 0.222,  1.366,  0.120,  0.762], 
          [ 0.432,  1.126,  1.611,  0.830], 
          [ 0.493,  1.144,  1.612,  0.864], 
          [ 0.344,  1.166,  1.626,  0.812], 
          [ 0.513,  1.231,  1.625,  0.758], 
          [ 0.342,  1.337,  0.048,  0.580], 
          [ 0.333,  1.369,  0.056,  0.598], 
          [ 0.159,  1.366,  0.085,  0.702], 
          [ 0.685,  1.093,  0.054,  0.643], 
          [ 0.636,  1.098,  0.050,  0.648], 
          [ 0.572,  1.232,  0.064,  0.721]
        ]
    },
    {
        "id": 6,
        "keypoints3d": [
          [-0.017,  0.008,  1.035,  0.903], 
          [ 0.023,  0.050,  0.800,  0.841], 
          [ 0.016,  0.198,  0.799,  0.804], 
          [-0.046,  0.343,  0.629,  0.885], 
          [-0.268,  0.317,  0.635,  0.781], 
          [ 0.020, -0.107,  0.819,  0.847], 
          [-0.047, -0.298,  0.696,  0.787], 
          [-0.261, -0.269,  0.661,  0.811], 
          [-0.312,  0.019,  0.486,  0.748], 
          [-0.331,  0.130,  0.498,  0.725], 
          [-0.721,  0.141,  0.431,  0.881], 
          [-0.717,  0.299,  0.084,  0.807], 
          [-0.316, -0.102,  0.497,  0.709], 
          [-0.678, -0.209,  0.464,  0.855], 
          [-0.725, -0.206,  0.096,  0.820], 
          [ 0.005,  0.053,  1.046,  0.847], 
          [ 0.022, -0.016,  1.043,  0.831], 
          [ 0.052,  0.123,  0.990,  0.740], 
          [ 0.091, -0.035,  0.978,  0.873], 
          [-0.846, -0.296,  0.047,  0.716], 
          [-0.799, -0.315,  0.045,  0.701], 
          [-0.689, -0.159,  0.047,  0.798], 
          [-0.881,  0.302,  0.097,  0.774], 
          [-0.847,  0.355,  0.093,  0.817], 
          [-0.690,  0.312,  0.044,  0.682]
        ]
    }
]
