[
    {
        "id": 0,
        "keypoints3d": [
          [ 1.021, -1.336,  1.580,  0.881], 
          [ 1.131, -1.409,  1.388,  0.859], 
          [ 1.249, -1.298,  1.393,  0.830], 
          [ 1.140, -1.167,  1.181,  0.816], 
          [ 0.974, -1.360,  1.201,  0.808], 
          [ 0.997, -1.522,  1.376,  0.828], 
          [ 0.916, -1.452,  1.143,  0.854], 
          [ 1.067, -1.256,  1.176,  0.760], 
          [ 1.090, -1.361,  0.862,  0.722], 
          [ 1.149, -1.284,  0.866,  0.714], 
          [ 1.171, -1.310,  0.473,  0.778], 
          [ 1.241, -1.351,  0.083,  0.772], 
          [ 1.020, -1.436,  0.859,  0.709], 
          [ 1.035, -1.438,  0.470,  0.664], 
          [ 1.070, -1.467,  0.101,  0.842], 
          [ 1.070, -1.326,  1.628,  0.805], 
          [ 1.010, -1.362,  1.609,  0.857], 
          [ 1.163, -1.336,  1.603,  0.891], 
          [ 1.042, -1.465,  1.582,  0.839], 
          [ 0.978, -1.357,  0.060,  0.717], 
          [ 0.958, -1.433,  0.056,  0.733], 
          [ 1.104, -1.481,  0.053,  0.699], 
          [ 1.118, -1.250,  0.044,  0.712], 
          [ 1.185, -1.223,  0.044,  0.710], 
          [ 1.253, -1.385,  0.038,  0.676]
        ]
    },
    {
        "id": 2,
        "keypoints3d": [
          [-1.211, -1.124,  1.524,  0.898], 
          [-1.205, -1.266,  1.346,  0.874], 
          [-1.049, -1.296,  1.352,  0.859], 
          [-1.022, -1.358,  1.081,  0.823], 
          [-1.080, -1.383,  0.887,  0.811], 
          [-1.380, -1.242,  1.345,  0.837], 
          [-1.401, -1.309,  1.084,  0.802], 
          [-1.340, -1.325,  0.852,  0.630], 
          [-1.200, -1.231,  0.832,  0.759], 
          [-1.094, -1.234,  0.833,  0.746], 
          [-1.068, -1.220,  0.467,  0.832], 
          [-1.085, -1.303,  0.113,  0.814], 
          [-1.300, -1.234,  0.829,  0.729], 
          [-1.267, -1.264,  0.442,  0.842], 
          [-1.228, -1.303,  0.084,  0.821], 
          [-1.194, -1.136,  1.557,  0.881], 
          [-1.257, -1.140,  1.561,  0.777], 
          [-1.128, -1.216,  1.547,  0.774], 
          [-1.310, -1.208,  1.546,  0.865], 
          [-1.213, -1.150,  0.042,  0.687], 
          [-1.251, -1.170,  0.051,  0.713], 
          [-1.215, -1.348,  0.045,  0.584], 
          [-0.970, -1.200,  0.075,  0.728], 
          [-0.951, -1.248,  0.080,  0.729], 
          [-1.106, -1.332,  0.064,  0.740]
        ]
    },
    {
        "id": 4,
        "keypoints3d": [
          [ 0.055,  1.166,  1.583,  0.840], 
          [-0.107,  1.258,  1.407,  0.847], 
          [-0.170,  1.108,  1.400,  0.822], 
          [-0.193,  1.071,  1.119,  0.766], 
          [-0.076,  1.076,  0.910,  0.800], 
          [-0.054,  1.409,  1.406,  0.835], 
          [-0.084,  1.475,  1.137,  0.809], 
          [-0.030,  1.471,  0.894,  0.785], 
          [-0.110,  1.276,  0.860,  0.730], 
          [-0.147,  1.177,  0.859,  0.727], 
          [-0.190,  1.181,  0.482,  0.802], 
          [-0.361,  1.217,  0.103,  0.819], 
          [-0.076,  1.367,  0.862,  0.717], 
          [ 0.035,  1.362,  0.492,  0.796], 
          [ 0.142,  1.375,  0.126,  0.836], 
          [ 0.034,  1.132,  1.632,  0.836], 
          [ 0.076,  1.206,  1.632,  0.698], 
          [-0.061,  1.145,  1.615,  0.765], 
          [ 0.015,  1.288,  1.619,  0.717], 
          [ 0.279,  1.362,  0.063,  0.657], 
          [ 0.273,  1.401,  0.086,  0.664], 
          [ 0.142,  1.366,  0.068,  0.695], 
          [-0.200,  1.237,  0.050,  0.738], 
          [-0.239,  1.193,  0.043,  0.744], 
          [-0.401,  1.227,  0.065,  0.786]
        ]
    },
    {
        "id": 6,
        "keypoints3d": [
          [-0.358,  0.073,  1.002,  0.840], 
          [-0.179,  0.032,  0.872,  0.815], 
          [-0.119,  0.157,  0.879,  0.774], 
          [ 0.032,  0.287,  0.755,  0.705], 
          [-0.154,  0.332,  0.638,  0.796], 
          [-0.230, -0.104,  0.873,  0.796], 
          [-0.317, -0.300,  0.773,  0.761], 
          [-0.432, -0.166,  0.645,  0.689], 
          [-0.310,  0.062,  0.483,  0.773], 
          [-0.259,  0.154,  0.478,  0.712], 
          [-0.535,  0.428,  0.466,  0.779], 
          [-0.650,  0.353,  0.130,  0.823], 
          [-0.363, -0.030,  0.476,  0.718], 
          [-0.723,  0.092,  0.474,  0.854], 
          [-0.691,  0.181,  0.113,  0.872], 
          [-0.330,  0.081,  1.030,  0.754], 
          [-0.353,  0.046,  1.038,  0.851], 
          [-0.230,  0.111,  1.028,  0.802], 
          [-0.274, -0.014,  1.043,  0.815], 
          [-0.816,  0.266,  0.040,  0.774], 
          [-0.811,  0.204,  0.048,  0.804], 
          [-0.650,  0.197,  0.078,  0.669], 
          [-0.765,  0.449,  0.105,  0.739], 
          [-0.712,  0.465,  0.095,  0.735], 
          [-0.650,  0.317,  0.092,  0.732]
        ]
    }
]
