[
    {
        "id": 0,
        "keypoints3d": [
          [-1.019, -1.152,  1.522,  0.811], 
          [-1.067, -1.282,  1.354,  0.884], 
          [-0.932, -1.363,  1.357,  0.860], 
          [-0.929, -1.431,  1.093,  0.748], 
          [-0.971, -1.453,  0.903,  0.801], 
          [-1.217, -1.201,  1.352,  0.881], 
          [-1.258, -1.230,  1.092,  0.805], 
          [-1.204, -1.334,  0.892,  0.604], 
          [-1.051, -1.281,  0.842,  0.777], 
          [-0.958, -1.333,  0.834,  0.760], 
          [-0.975, -1.362,  0.445,  0.804], 
          [-1.008, -1.390,  0.098,  0.799], 
          [-1.135, -1.246,  0.840,  0.766], 
          [-1.163, -1.258,  0.462,  0.826], 
          [-1.213, -1.305,  0.082,  0.854], 
          [-0.998, -1.172,  1.557,  0.825], 
          [-1.057, -1.140,  1.562,  0.880], 
          [-0.975, -1.259,  1.543,  0.724], 
          [-1.121, -1.198,  1.551,  0.872], 
          [-1.201, -1.144,  0.046,  0.691], 
          [-1.246, -1.168,  0.045,  0.713], 
          [-1.224, -1.328,  0.047,  0.693], 
          [-0.920, -1.291,  0.060,  0.702], 
          [-0.901, -1.338,  0.061,  0.704], 
          [-1.036, -1.413,  0.059,  0.757]
        ]
    },
    {
        "id": 2,
        "keypoints3d": [
          [ 0.611,  1.020,  1.579,  0.890], 
          [ 0.592,  1.191,  1.409,  0.889], 
          [ 0.440,  1.126,  1.406,  0.837], 
          [ 0.405,  1.151,  1.132,  0.826], 
          [ 0.428,  1.118,  0.887,  0.809], 
          [ 0.748,  1.253,  1.427,  0.833], 
          [ 0.800,  1.312,  1.171,  0.802], 
          [ 0.849,  1.286,  0.931,  0.870], 
          [ 0.641,  1.199,  0.872,  0.754], 
          [ 0.553,  1.147,  0.869,  0.743], 
          [ 0.617,  1.148,  0.485,  0.855], 
          [ 0.616,  1.210,  0.099,  0.789], 
          [ 0.733,  1.242,  0.869,  0.731], 
          [ 0.747,  1.254,  0.490,  0.831], 
          [ 0.558,  1.380,  0.196,  0.798], 
          [ 0.572,  1.017,  1.620,  0.759], 
          [ 0.649,  1.028,  1.629,  0.807], 
          [ 0.504,  1.080,  1.622,  0.871], 
          [ 0.682,  1.115,  1.633,  0.865], 
          [ 0.654,  1.386,  0.066,  0.543], 
          [ 0.648,  1.407,  0.082,  0.563], 
          [ 0.515,  1.404,  0.173,  0.665], 
          [ 0.724,  1.104,  0.057,  0.640], 
          [ 0.668,  1.103,  0.048,  0.663], 
          [ 0.593,  1.240,  0.064,  0.690]
        ]
    },
    {
        "id": 4,
        "keypoints3d": [
          [ 1.033, -1.324,  1.581,  0.879], 
          [ 1.132, -1.409,  1.389,  0.861], 
          [ 1.250, -1.295,  1.392,  0.820], 
          [ 1.150, -1.170,  1.179,  0.810], 
          [ 0.977, -1.360,  1.190,  0.787], 
          [ 0.997, -1.522,  1.378,  0.825], 
          [ 0.913, -1.447,  1.142,  0.862], 
          [ 1.074, -1.257,  1.175,  0.779], 
          [ 1.089, -1.362,  0.859,  0.731], 
          [ 1.151, -1.287,  0.864,  0.720], 
          [ 1.170, -1.316,  0.475,  0.757], 
          [ 1.234, -1.356,  0.096,  0.773], 
          [ 1.024, -1.434,  0.862,  0.713], 
          [ 1.037, -1.438,  0.476,  0.732], 
          [ 1.072, -1.467,  0.112,  0.771], 
          [ 1.076, -1.297,  1.620,  0.796], 
          [ 1.017, -1.358,  1.607,  0.858], 
          [ 1.174, -1.323,  1.607,  0.897], 
          [ 1.048, -1.458,  1.587,  0.854], 
          [ 0.983, -1.360,  0.064,  0.654], 
          [ 0.958, -1.433,  0.061,  0.664], 
          [ 1.102, -1.485,  0.063,  0.655], 
          [ 1.107, -1.238,  0.062,  0.780], 
          [ 1.169, -1.221,  0.060,  0.766], 
          [ 1.242, -1.395,  0.036,  0.626]
        ]
    },
    {
        "id": 6,
        "keypoints3d": [
          [-0.087,  0.213,  1.023,  0.891], 
          [-0.054,  0.212,  0.796,  0.854], 
          [-0.119,  0.329,  0.778,  0.827], 
          [-0.253,  0.386,  0.579,  0.844], 
          [-0.401,  0.256,  0.610,  0.882], 
          [ 0.003,  0.079,  0.823,  0.819], 
          [ 0.048, -0.155,  0.728,  0.742], 
          [-0.133, -0.221,  0.656,  0.710], 
          [-0.302, -0.007,  0.472,  0.757], 
          [-0.354,  0.084,  0.467,  0.737], 
          [-0.701, -0.099,  0.485,  0.859], 
          [-0.916, -0.264,  0.250,  0.770], 
          [-0.266, -0.109,  0.496,  0.728], 
          [-0.546, -0.366,  0.443,  0.833], 
          [-0.682, -0.255,  0.114,  0.771], 
          [-0.070,  0.262,  1.040,  0.850], 
          [-0.029,  0.194,  1.038,  0.886], 
          [-0.044,  0.336,  0.974,  0.799], 
          [ 0.045,  0.213,  0.966,  0.910], 
          [-0.825, -0.282,  0.069,  0.706], 
          [-0.780, -0.321,  0.056,  0.683], 
          [-0.649, -0.218,  0.072,  0.671], 
          [-1.045, -0.329,  0.308,  0.651], 
          [-1.039, -0.269,  0.282,  0.579], 
          [-0.918, -0.290,  0.213,  0.671]
        ]
    }
]
