[
    {
        "id": 0,
        "keypoints3d": [
          [ 1.016, -1.338,  1.580,  0.880], 
          [ 1.132, -1.411,  1.388,  0.856], 
          [ 1.250, -1.295,  1.393,  0.823], 
          [ 1.137, -1.167,  1.182,  0.814], 
          [ 0.974, -1.360,  1.200,  0.794], 
          [ 0.998, -1.522,  1.377,  0.827], 
          [ 0.913, -1.452,  1.144,  0.856], 
          [ 1.063, -1.254,  1.177,  0.748], 
          [ 1.090, -1.361,  0.863,  0.728], 
          [ 1.150, -1.283,  0.867,  0.716], 
          [ 1.171, -1.309,  0.475,  0.760], 
          [ 1.240, -1.351,  0.083,  0.776], 
          [ 1.021, -1.436,  0.859,  0.715], 
          [ 1.037, -1.437,  0.470,  0.673], 
          [ 1.070, -1.466,  0.103,  0.842], 
          [ 1.068, -1.324,  1.628,  0.799], 
          [ 1.010, -1.362,  1.612,  0.851], 
          [ 1.161, -1.342,  1.601,  0.905], 
          [ 1.040, -1.466,  1.583,  0.837], 
          [ 0.978, -1.357,  0.060,  0.715], 
          [ 0.958, -1.433,  0.056,  0.727], 
          [ 1.105, -1.482,  0.051,  0.700], 
          [ 1.117, -1.250,  0.044,  0.719], 
          [ 1.184, -1.223,  0.044,  0.717], 
          [ 1.253, -1.383,  0.038,  0.673]
        ]
    },
    {
        "id": 2,
        "keypoints3d": [
          [-1.243, -1.120,  1.533,  0.844], 
          [-1.199, -1.277,  1.346,  0.889], 
          [-1.041, -1.270,  1.350,  0.857], 
          [-1.022, -1.336,  1.071,  0.768], 
          [-1.082, -1.381,  0.871,  0.829], 
          [-1.367, -1.270,  1.346,  0.854], 
          [-1.385, -1.327,  1.088,  0.719], 
          [-1.315, -1.354,  0.863,  0.567], 
          [-1.205, -1.232,  0.822,  0.749], 
          [-1.098, -1.231,  0.823,  0.738], 
          [-1.066, -1.216,  0.467,  0.840], 
          [-1.071, -1.306,  0.106,  0.827], 
          [-1.303, -1.243,  0.818,  0.722], 
          [-1.266, -1.270,  0.444,  0.782], 
          [-1.222, -1.305,  0.082,  0.840], 
          [-1.212, -1.136,  1.564,  0.871], 
          [-1.277, -1.155,  1.566,  0.721], 
          [-1.139, -1.214,  1.550,  0.798], 
          [-1.295, -1.246,  1.542,  0.705], 
          [-1.210, -1.150,  0.038,  0.752], 
          [-1.249, -1.168,  0.045,  0.771], 
          [-1.209, -1.354,  0.039,  0.618], 
          [-0.977, -1.191,  0.078,  0.716], 
          [-0.950, -1.241,  0.079,  0.719], 
          [-1.088, -1.342,  0.055,  0.740]
        ]
    },
    {
        "id": 4,
        "keypoints3d": [
          [-0.466,  0.130,  1.017,  0.842], 
          [-0.285,  0.081,  0.917,  0.848], 
          [-0.214,  0.205,  0.921,  0.793], 
          [ 0.010,  0.291,  0.846,  0.810], 
          [-0.095,  0.298,  0.650,  0.790], 
          [-0.357, -0.047,  0.911,  0.787], 
          [-0.372, -0.281,  0.802,  0.694], 
          [-0.468, -0.147,  0.648,  0.678], 
          [-0.317,  0.080,  0.473,  0.763], 
          [-0.261,  0.173,  0.484,  0.731], 
          [-0.507,  0.468,  0.452,  0.820], 
          [-0.475,  0.402,  0.079,  0.738], 
          [-0.377, -0.003,  0.473,  0.719], 
          [-0.745,  0.135,  0.451,  0.864], 
          [-0.667,  0.191,  0.092,  0.810], 
          [-0.455,  0.145,  1.046,  0.744], 
          [-0.455,  0.091,  1.045,  0.798], 
          [-0.353,  0.188,  1.060,  0.754], 
          [-0.383,  0.037,  1.063,  0.800], 
          [-0.826,  0.231,  0.040,  0.714], 
          [-0.805,  0.186,  0.041,  0.818], 
          [-0.633,  0.207,  0.044,  0.763], 
          [-0.544,  0.522,  0.025,  0.751], 
          [-0.506,  0.523,  0.027,  0.754], 
          [-0.466,  0.369,  0.044,  0.651]
        ]
    },
    {
        "id": 6,
        "keypoints3d": [
          [-0.041,  1.168,  1.586,  0.805], 
          [-0.220,  1.235,  1.422,  0.862], 
          [-0.259,  1.070,  1.414,  0.839], 
          [-0.260,  1.045,  1.129,  0.803], 
          [-0.118,  1.052,  0.944,  0.875], 
          [-0.195,  1.385,  1.430,  0.822], 
          [-0.249,  1.461,  1.160,  0.837], 
          [-0.210,  1.475,  0.919,  0.783], 
          [-0.211,  1.251,  0.881,  0.726], 
          [-0.236,  1.151,  0.882,  0.715], 
          [-0.256,  1.176,  0.499,  0.803], 
          [-0.363,  1.214,  0.102,  0.820], 
          [-0.191,  1.350,  0.883,  0.716], 
          [-0.094,  1.355,  0.511,  0.789], 
          [-0.140,  1.363,  0.124,  0.837], 
          [-0.079,  1.136,  1.631,  0.823], 
          [-0.046,  1.204,  1.629,  0.788], 
          [-0.171,  1.110,  1.625,  0.860], 
          [-0.122,  1.264,  1.634,  0.832], 
          [-0.011,  1.384,  0.061,  0.695], 
          [-0.027,  1.415,  0.061,  0.664], 
          [-0.176,  1.369,  0.092,  0.687], 
          [-0.210,  1.253,  0.055,  0.625], 
          [-0.252,  1.210,  0.045,  0.672], 
          [-0.399,  1.223,  0.066,  0.790]
        ]
    }
]
