[
    {
        "id": 0,
        "keypoints3d": [
          [ 1.028, -1.332,  1.581,  0.885], 
          [ 1.134, -1.410,  1.389,  0.861], 
          [ 1.251, -1.295,  1.393,  0.826], 
          [ 1.149, -1.166,  1.182,  0.816], 
          [ 0.975, -1.356,  1.195,  0.807], 
          [ 0.997, -1.522,  1.379,  0.827], 
          [ 0.912, -1.445,  1.144,  0.861], 
          [ 1.072, -1.256,  1.176,  0.765], 
          [ 1.087, -1.360,  0.862,  0.726], 
          [ 1.150, -1.284,  0.866,  0.709], 
          [ 1.167, -1.315,  0.484,  0.794], 
          [ 1.233, -1.358,  0.094,  0.723], 
          [ 1.022, -1.434,  0.864,  0.713], 
          [ 1.041, -1.440,  0.482,  0.706], 
          [ 1.068, -1.469,  0.115,  0.705], 
          [ 1.078, -1.302,  1.621,  0.804], 
          [ 1.016, -1.363,  1.610,  0.868], 
          [ 1.170, -1.332,  1.604,  0.891], 
          [ 1.048, -1.462,  1.581,  0.834], 
          [ 0.977, -1.360,  0.064,  0.700], 
          [ 0.958, -1.435,  0.062,  0.704], 
          [ 1.091, -1.491,  0.067,  0.647], 
          [ 1.117, -1.245,  0.049,  0.684], 
          [ 1.183, -1.225,  0.045,  0.695], 
          [ 1.252, -1.389,  0.041,  0.639]
        ]
    },
    {
        "id": 2,
        "keypoints3d": [
          [-1.147, -1.070,  1.523,  0.829], 
          [-1.172, -1.236,  1.350,  0.860], 
          [-1.036, -1.304,  1.371,  0.846], 
          [-0.996, -1.428,  1.124,  0.770], 
          [-1.076, -1.430,  0.909,  0.764], 
          [-1.316, -1.153,  1.332,  0.864], 
          [-1.345, -1.225,  1.070,  0.776], 
          [-1.294, -1.319,  0.866,  0.593], 
          [-1.138, -1.281,  0.832,  0.739], 
          [-1.044, -1.325,  0.837,  0.730], 
          [-1.028, -1.352,  0.444,  0.830], 
          [-1.017, -1.391,  0.094,  0.844], 
          [-1.234, -1.240,  0.830,  0.710], 
          [-1.212, -1.275,  0.445,  0.786], 
          [-1.223, -1.303,  0.078,  0.852], 
          [-1.120, -1.103,  1.550,  0.832], 
          [-1.180, -1.071,  1.544,  0.904], 
          [-1.103, -1.194,  1.549,  0.735], 
          [-1.260, -1.139,  1.527,  0.824], 
          [-1.206, -1.140,  0.044,  0.760], 
          [-1.247, -1.168,  0.046,  0.776], 
          [-1.222, -1.331,  0.037,  0.705], 
          [-0.913, -1.277,  0.071,  0.718], 
          [-0.890, -1.323,  0.070,  0.717], 
          [-1.034, -1.410,  0.054,  0.788]
        ]
    },
    {
        "id": 4,
        "keypoints3d": [
          [ 0.443,  1.138,  1.577,  0.876], 
          [ 0.362,  1.305,  1.409,  0.878], 
          [ 0.237,  1.207,  1.416,  0.858], 
          [ 0.155,  1.222,  1.150,  0.830], 
          [ 0.149,  1.223,  0.899,  0.808], 
          [ 0.492,  1.386,  1.402,  0.815], 
          [ 0.557,  1.426,  1.130,  0.815], 
          [ 0.624,  1.342,  0.913,  0.823], 
          [ 0.362,  1.291,  0.867,  0.747], 
          [ 0.288,  1.236,  0.864,  0.727], 
          [ 0.387,  1.235,  0.490,  0.792], 
          [ 0.475,  1.261,  0.115,  0.841], 
          [ 0.433,  1.352,  0.867,  0.717], 
          [ 0.367,  1.345,  0.476,  0.809], 
          [ 0.300,  1.313,  0.111,  0.778], 
          [ 0.418,  1.131,  1.610,  0.823], 
          [ 0.483,  1.153,  1.615,  0.860], 
          [ 0.336,  1.173,  1.628,  0.782], 
          [ 0.489,  1.252,  1.623,  0.788], 
          [ 0.468,  1.273,  0.078,  0.622], 
          [ 0.446,  1.306,  0.082,  0.627], 
          [ 0.242,  1.333,  0.065,  0.688], 
          [ 0.681,  1.095,  0.062,  0.715], 
          [ 0.630,  1.089,  0.050,  0.700], 
          [ 0.507,  1.260,  0.072,  0.698]
        ]
    },
    {
        "id": 6,
        "keypoints3d": [
          [-0.012,  0.001,  1.035,  0.909], 
          [ 0.021,  0.039,  0.806,  0.825], 
          [ 0.022,  0.188,  0.804,  0.808], 
          [-0.037,  0.340,  0.631,  0.860], 
          [-0.235,  0.309,  0.637,  0.715], 
          [ 0.015, -0.119,  0.822,  0.849], 
          [-0.070, -0.294,  0.693,  0.799], 
          [-0.278, -0.260,  0.644,  0.816], 
          [-0.308,  0.014,  0.489,  0.747], 
          [-0.327,  0.126,  0.497,  0.726], 
          [-0.723,  0.165,  0.437,  0.863], 
          [-0.719,  0.308,  0.087,  0.810], 
          [-0.316, -0.107,  0.495,  0.718], 
          [-0.682, -0.197,  0.464,  0.888], 
          [-0.717, -0.200,  0.086,  0.805], 
          [ 0.014,  0.041,  1.045,  0.845], 
          [ 0.024, -0.024,  1.044,  0.827], 
          [ 0.064,  0.109,  0.989,  0.887], 
          [ 0.090, -0.046,  0.977,  0.864], 
          [-0.841, -0.305,  0.043,  0.813], 
          [-0.790, -0.324,  0.045,  0.789], 
          [-0.687, -0.160,  0.048,  0.709], 
          [-0.887,  0.319,  0.102,  0.796], 
          [-0.852,  0.366,  0.089,  0.820], 
          [-0.692,  0.324,  0.046,  0.686]
        ]
    }
]
