[
    {
        "id": 0,
        "keypoints3d": [
          [ 1.034, -1.321,  1.581,  0.878], 
          [ 1.132, -1.407,  1.389,  0.861], 
          [ 1.249, -1.295,  1.392,  0.818], 
          [ 1.148, -1.169,  1.179,  0.811], 
          [ 0.978, -1.358,  1.192,  0.801], 
          [ 0.996, -1.518,  1.379,  0.821], 
          [ 0.918, -1.447,  1.142,  0.854], 
          [ 1.069, -1.254,  1.175,  0.770], 
          [ 1.091, -1.362,  0.859,  0.729], 
          [ 1.154, -1.285,  0.863,  0.717], 
          [ 1.170, -1.316,  0.472,  0.751], 
          [ 1.228, -1.362,  0.087,  0.770], 
          [ 1.023, -1.434,  0.865,  0.711], 
          [ 1.037, -1.438,  0.475,  0.731], 
          [ 1.069, -1.465,  0.110,  0.850], 
          [ 1.073, -1.311,  1.629,  0.817], 
          [ 1.018, -1.358,  1.609,  0.856], 
          [ 1.174, -1.326,  1.609,  0.833], 
          [ 1.048, -1.458,  1.587,  0.857], 
          [ 0.977, -1.361,  0.061,  0.666], 
          [ 0.958, -1.431,  0.063,  0.676], 
          [ 1.101, -1.488,  0.060,  0.649], 
          [ 1.112, -1.235,  0.055,  0.814], 
          [ 1.176, -1.219,  0.052,  0.806], 
          [ 1.237, -1.400,  0.032,  0.639]
        ]
    },
    {
        "id": 2,
        "keypoints3d": [
          [-0.988, -1.163,  1.515,  0.895], 
          [-1.043, -1.299,  1.352,  0.876], 
          [-0.891, -1.366,  1.351,  0.856], 
          [-0.898, -1.448,  1.088,  0.736], 
          [-0.922, -1.473,  0.920,  0.750], 
          [-1.192, -1.223,  1.353,  0.866], 
          [-1.231, -1.265,  1.085,  0.817], 
          [-1.146, -1.382,  0.874,  0.623], 
          [-1.020, -1.289,  0.833,  0.772], 
          [-0.935, -1.335,  0.825,  0.758], 
          [-0.956, -1.362,  0.433,  0.795], 
          [-1.019, -1.385,  0.086,  0.791], 
          [-1.117, -1.250,  0.834,  0.760], 
          [-1.132, -1.256,  0.463,  0.835], 
          [-1.210, -1.301,  0.084,  0.845], 
          [-0.962, -1.180,  1.550,  0.808], 
          [-1.026, -1.160,  1.558,  0.886], 
          [-0.932, -1.277,  1.539,  0.736], 
          [-1.098, -1.224,  1.557,  0.864], 
          [-1.203, -1.140,  0.036,  0.768], 
          [-1.249, -1.169,  0.041,  0.786], 
          [-1.218, -1.324,  0.043,  0.688], 
          [-0.937, -1.280,  0.048,  0.684], 
          [-0.918, -1.335,  0.051,  0.681], 
          [-1.039, -1.410,  0.046,  0.735]
        ]
    },
    {
        "id": 4,
        "keypoints3d": [
          [ 0.631,  1.003,  1.584,  0.799], 
          [ 0.642,  1.177,  1.415,  0.855], 
          [ 0.491,  1.148,  1.405,  0.840], 
          [ 0.457,  1.184,  1.129,  0.855], 
          [ 0.468,  1.142,  0.880,  0.848], 
          [ 0.800,  1.228,  1.429,  0.830], 
          [ 0.868,  1.259,  1.160,  0.794], 
          [ 0.907,  1.235,  0.914,  0.867], 
          [ 0.703,  1.164,  0.860,  0.731], 
          [ 0.607,  1.130,  0.859,  0.722], 
          [ 0.644,  1.127,  0.476,  0.841], 
          [ 0.620,  1.215,  0.093,  0.853], 
          [ 0.799,  1.201,  0.866,  0.720], 
          [ 0.841,  1.193,  0.492,  0.861], 
          [ 0.755,  1.324,  0.142,  0.828], 
          [ 0.589,  1.008,  1.631,  0.789], 
          [ 0.671,  1.010,  1.632,  0.757], 
          [ 0.553,  1.091,  1.628,  0.857], 
          [ 0.725,  1.092,  1.640,  0.721], 
          [ 0.876,  1.243,  0.048,  0.641], 
          [ 0.890,  1.294,  0.063,  0.761], 
          [ 0.732,  1.346,  0.110,  0.760], 
          [ 0.725,  1.092,  0.045,  0.715], 
          [ 0.664,  1.102,  0.035,  0.722], 
          [ 0.610,  1.246,  0.057,  0.788]
        ]
    },
    {
        "id": 6,
        "keypoints3d": [
          [-0.143,  0.221,  1.023,  0.880], 
          [-0.090,  0.230,  0.798,  0.844], 
          [-0.187,  0.347,  0.777,  0.778], 
          [-0.316,  0.373,  0.589,  0.827], 
          [-0.447,  0.217,  0.604,  0.748], 
          [ 0.011,  0.111,  0.818,  0.787], 
          [ 0.066, -0.091,  0.698,  0.817], 
          [-0.111, -0.204,  0.648,  0.786], 
          [-0.272, -0.005,  0.459,  0.698], 
          [-0.343,  0.089,  0.449,  0.691], 
          [-0.648, -0.207,  0.507,  0.824], 
          [-0.824, -0.359,  0.295,  0.658], 
          [-0.208, -0.089,  0.473,  0.663], 
          [-0.488, -0.408,  0.460,  0.807], 
          [-0.660, -0.332,  0.130,  0.638], 
          [-0.141,  0.270,  1.041,  0.846], 
          [-0.089,  0.215,  1.047,  0.886], 
          [-0.110,  0.336,  0.979,  0.866], 
          [-0.007,  0.222,  0.993,  0.830], 
          [-0.802, -0.355,  0.087,  0.702], 
          [-0.749, -0.398,  0.073,  0.717], 
          [-0.650, -0.298,  0.089,  0.554], 
          [-0.954, -0.390,  0.344,  0.605], 
          [-0.930, -0.390,  0.335,  0.597], 
          [-0.828, -0.364,  0.239,  0.547]
        ]
    }
]
