[
    {
        "id": 0,
        "keypoints3d": [
          [ 1.033, -1.324,  1.581,  0.878], 
          [ 1.132, -1.409,  1.389,  0.861], 
          [ 1.247, -1.295,  1.393,  0.823], 
          [ 1.146, -1.169,  1.180,  0.806], 
          [ 0.977, -1.356,  1.190,  0.796], 
          [ 0.997, -1.522,  1.378,  0.823], 
          [ 0.913, -1.447,  1.142,  0.863], 
          [ 1.072, -1.255,  1.174,  0.773], 
          [ 1.091, -1.363,  0.858,  0.731], 
          [ 1.152, -1.287,  0.863,  0.720], 
          [ 1.171, -1.316,  0.475,  0.760], 
          [ 1.233, -1.360,  0.089,  0.775], 
          [ 1.024, -1.434,  0.862,  0.712], 
          [ 1.037, -1.438,  0.476,  0.732], 
          [ 1.071, -1.464,  0.112,  0.765], 
          [ 1.076, -1.297,  1.620,  0.795], 
          [ 1.018, -1.358,  1.607,  0.858], 
          [ 1.175, -1.321,  1.607,  0.898], 
          [ 1.050, -1.459,  1.587,  0.854], 
          [ 0.979, -1.360,  0.062,  0.658], 
          [ 0.958, -1.433,  0.062,  0.668], 
          [ 1.102, -1.484,  0.061,  0.649], 
          [ 1.108, -1.237,  0.060,  0.787], 
          [ 1.170, -1.220,  0.058,  0.780], 
          [ 1.244, -1.395,  0.036,  0.627]
        ]
    },
    {
        "id": 2,
        "keypoints3d": [
          [ 0.618,  1.014,  1.579,  0.879], 
          [ 0.604,  1.184,  1.412,  0.876], 
          [ 0.454,  1.128,  1.407,  0.824], 
          [ 0.414,  1.152,  1.135,  0.818], 
          [ 0.446,  1.118,  0.884,  0.874], 
          [ 0.759,  1.243,  1.426,  0.839], 
          [ 0.819,  1.301,  1.167,  0.808], 
          [ 0.860,  1.275,  0.928,  0.866], 
          [ 0.663,  1.186,  0.872,  0.743], 
          [ 0.565,  1.147,  0.874,  0.737], 
          [ 0.628,  1.139,  0.485,  0.844], 
          [ 0.617,  1.217,  0.107,  0.799], 
          [ 0.754,  1.230,  0.867,  0.723], 
          [ 0.786,  1.226,  0.488,  0.803], 
          [ 0.611,  1.368,  0.176,  0.774], 
          [ 0.574,  1.017,  1.622,  0.858], 
          [ 0.650,  1.027,  1.623,  0.806], 
          [ 0.523,  1.081,  1.618,  0.858], 
          [ 0.692,  1.112,  1.635,  0.835], 
          [ 0.721,  1.329,  0.055,  0.591], 
          [ 0.712,  1.371,  0.072,  0.596], 
          [ 0.569,  1.390,  0.151,  0.634], 
          [ 0.714,  1.106,  0.047,  0.681], 
          [ 0.664,  1.108,  0.043,  0.701], 
          [ 0.599,  1.246,  0.069,  0.691]
        ]
    },
    {
        "id": 4,
        "keypoints3d": [
          [-1.008, -1.157,  1.512,  0.890], 
          [-1.060, -1.290,  1.354,  0.887], 
          [-0.916, -1.368,  1.355,  0.858], 
          [-0.917, -1.433,  1.093,  0.735], 
          [-0.942, -1.468,  0.926,  0.737], 
          [-1.209, -1.209,  1.352,  0.870], 
          [-1.245, -1.243,  1.091,  0.805], 
          [-1.189, -1.322,  0.881,  0.642], 
          [-1.039, -1.284,  0.839,  0.770], 
          [-0.949, -1.334,  0.834,  0.761], 
          [-0.965, -1.361,  0.439,  0.812], 
          [-1.012, -1.389,  0.090,  0.805], 
          [-1.130, -1.245,  0.840,  0.768], 
          [-1.151, -1.254,  0.458,  0.830], 
          [-1.213, -1.305,  0.080,  0.848], 
          [-0.981, -1.175,  1.551,  0.830], 
          [-1.046, -1.146,  1.559,  0.807], 
          [-0.968, -1.267,  1.544,  0.752], 
          [-1.115, -1.208,  1.552,  0.863], 
          [-1.193, -1.145,  0.041,  0.671], 
          [-1.245, -1.168,  0.043,  0.702], 
          [-1.223, -1.327,  0.041,  0.685], 
          [-0.917, -1.296,  0.054,  0.692], 
          [-0.903, -1.342,  0.057,  0.698], 
          [-1.028, -1.410,  0.063,  0.741]
        ]
    },
    {
        "id": 6,
        "keypoints3d": [
          [-0.096,  0.212,  1.019,  0.866], 
          [-0.057,  0.226,  0.796,  0.849], 
          [-0.158,  0.337,  0.771,  0.802], 
          [-0.272,  0.380,  0.578,  0.763], 
          [-0.412,  0.245,  0.607,  0.806], 
          [ 0.031,  0.100,  0.824,  0.792], 
          [ 0.076, -0.121,  0.710,  0.695], 
          [-0.128, -0.201,  0.656,  0.703], 
          [-0.283,  0.001,  0.468,  0.720], 
          [-0.341,  0.088,  0.454,  0.705], 
          [-0.661, -0.129,  0.482,  0.765], 
          [-0.838, -0.305,  0.243,  0.730], 
          [-0.227, -0.089,  0.489,  0.715], 
          [-0.525, -0.368,  0.437,  0.763], 
          [-0.653, -0.264,  0.094,  0.738], 
          [-0.092,  0.267,  1.042,  0.836], 
          [-0.052,  0.207,  1.040,  0.835], 
          [-0.060,  0.338,  0.974,  0.840], 
          [ 0.033,  0.215,  0.983,  0.835], 
          [-0.824, -0.291,  0.064,  0.784], 
          [-0.782, -0.327,  0.057,  0.782], 
          [-0.613, -0.218,  0.043,  0.665], 
          [-0.965, -0.367,  0.271,  0.664], 
          [-0.947, -0.349,  0.259,  0.659], 
          [-0.848, -0.320,  0.189,  0.610]
        ]
    }
]
