[
    {
        "id": 0,
        "keypoints3d": [
          [-0.963, -1.170,  1.513,  0.890], 
          [-1.011, -1.319,  1.349,  0.882], 
          [-0.869, -1.388,  1.345,  0.858], 
          [-0.863, -1.469,  1.087,  0.839], 
          [-0.904, -1.491,  0.889,  0.757], 
          [-1.159, -1.250,  1.347,  0.843], 
          [-1.193, -1.315,  1.086,  0.752], 
          [-1.126, -1.417,  0.891,  0.677], 
          [-0.997, -1.314,  0.826,  0.760], 
          [-0.907, -1.366,  0.819,  0.747], 
          [-0.932, -1.378,  0.445,  0.775], 
          [-1.000, -1.401,  0.105,  0.817], 
          [-1.080, -1.273,  0.832,  0.742], 
          [-1.098, -1.248,  0.468,  0.815], 
          [-1.205, -1.298,  0.092,  0.834], 
          [-0.928, -1.204,  1.540,  0.806], 
          [-0.999, -1.184,  1.550,  0.874], 
          [-0.909, -1.292,  1.537,  0.725], 
          [-1.066, -1.244,  1.555,  0.825], 
          [-1.192, -1.139,  0.045,  0.733], 
          [-1.241, -1.165,  0.047,  0.769], 
          [-1.216, -1.330,  0.052,  0.732], 
          [-0.922, -1.287,  0.067,  0.716], 
          [-0.901, -1.334,  0.081,  0.704], 
          [-1.031, -1.422,  0.074,  0.700]
        ]
    },
    {
        "id": 2,
        "keypoints3d": [
          [ 1.039, -1.318,  1.581,  0.879], 
          [ 1.134, -1.407,  1.387,  0.861], 
          [ 1.252, -1.294,  1.391,  0.821], 
          [ 1.144, -1.168,  1.179,  0.796], 
          [ 0.977, -1.362,  1.193,  0.807], 
          [ 0.996, -1.518,  1.379,  0.819], 
          [ 0.914, -1.445,  1.144,  0.837], 
          [ 1.075, -1.260,  1.174,  0.774], 
          [ 1.091, -1.359,  0.858,  0.728], 
          [ 1.153, -1.285,  0.864,  0.719], 
          [ 1.178, -1.309,  0.475,  0.750], 
          [ 1.232, -1.358,  0.083,  0.763], 
          [ 1.023, -1.434,  0.865,  0.710], 
          [ 1.038, -1.439,  0.477,  0.729], 
          [ 1.069, -1.465,  0.110,  0.852], 
          [ 1.075, -1.294,  1.614,  0.805], 
          [ 1.018, -1.357,  1.607,  0.864], 
          [ 1.175, -1.320,  1.607,  0.900], 
          [ 1.049, -1.457,  1.587,  0.857], 
          [ 0.974, -1.369,  0.061,  0.667], 
          [ 0.955, -1.435,  0.062,  0.678], 
          [ 1.101, -1.484,  0.056,  0.661], 
          [ 1.112, -1.235,  0.055,  0.820], 
          [ 1.176, -1.219,  0.052,  0.809], 
          [ 1.241, -1.394,  0.036,  0.634]
        ]
    },
    {
        "id": 4,
        "keypoints3d": [
          [ 0.681,  0.981,  1.590,  0.797], 
          [ 0.722,  1.161,  1.422,  0.863], 
          [ 0.562,  1.156,  1.412,  0.837], 
          [ 0.519,  1.200,  1.134,  0.845], 
          [ 0.510,  1.174,  0.882,  0.869], 
          [ 0.885,  1.166,  1.433,  0.817], 
          [ 0.956,  1.195,  1.174,  0.835], 
          [ 0.967,  1.137,  0.919,  0.832], 
          [ 0.756,  1.140,  0.862,  0.708], 
          [ 0.650,  1.120,  0.854,  0.710], 
          [ 0.672,  1.129,  0.480,  0.818], 
          [ 0.629,  1.211,  0.107,  0.834], 
          [ 0.855,  1.164,  0.871,  0.693], 
          [ 0.937,  1.141,  0.496,  0.790], 
          [ 0.975,  1.218,  0.102,  0.776], 
          [ 0.642,  0.997,  1.640,  0.772], 
          [ 0.712,  0.993,  1.638,  0.880], 
          [ 0.615,  1.077,  1.627,  0.817], 
          [ 0.772,  1.072,  1.639,  0.842], 
          [ 1.020,  1.122,  0.019,  0.606], 
          [ 1.047,  1.163,  0.036,  0.605], 
          [ 0.962,  1.248,  0.076,  0.734], 
          [ 0.721,  1.092,  0.050,  0.707], 
          [ 0.674,  1.097,  0.040,  0.699], 
          [ 0.611,  1.243,  0.061,  0.717]
        ]
    },
    {
        "id": 6,
        "keypoints3d": [
          [-0.194,  0.214,  1.023,  0.809], 
          [-0.137,  0.234,  0.787,  0.818], 
          [-0.243,  0.330,  0.779,  0.766], 
          [-0.370,  0.349,  0.580,  0.846], 
          [-0.473,  0.166,  0.608,  0.855], 
          [-0.030,  0.124,  0.821,  0.739], 
          [ 0.071, -0.071,  0.716,  0.734], 
          [-0.085, -0.201,  0.644,  0.773], 
          [-0.288, -0.037,  0.458,  0.694], 
          [-0.361,  0.048,  0.447,  0.669], 
          [-0.605, -0.277,  0.509,  0.789], 
          [-0.834, -0.585,  0.448,  0.783], 
          [-0.215, -0.113,  0.459,  0.672], 
          [-0.401, -0.459,  0.434,  0.800], 
          [-0.598, -0.509,  0.124,  0.808], 
          [-0.189,  0.257,  1.039,  0.869], 
          [-0.135,  0.210,  1.046,  0.713], 
          [-0.163,  0.352,  0.979,  0.859], 
          [-0.058,  0.246,  0.992,  0.673], 
          [-0.673, -0.643,  0.114,  0.701], 
          [-0.640, -0.649,  0.106,  0.695], 
          [-0.624, -0.486,  0.094,  0.687], 
          [-0.898, -0.659,  0.574,  0.583], 
          [-0.907, -0.647,  0.543,  0.598], 
          [-0.851, -0.621,  0.421,  0.631]
        ]
    }
]
