[
    {
        "id": 0,
        "keypoints3d": [
          [ 1.019, -1.337,  1.580,  0.884], 
          [ 1.131, -1.409,  1.388,  0.860], 
          [ 1.250, -1.296,  1.393,  0.823], 
          [ 1.148, -1.168,  1.184,  0.820], 
          [ 0.979, -1.359,  1.198,  0.792], 
          [ 0.997, -1.521,  1.379,  0.827], 
          [ 0.916, -1.451,  1.145,  0.850], 
          [ 1.056, -1.262,  1.177,  0.742], 
          [ 1.090, -1.364,  0.873,  0.708], 
          [ 1.150, -1.284,  0.875,  0.700], 
          [ 1.176, -1.302,  0.466,  0.783], 
          [ 1.245, -1.351,  0.087,  0.692], 
          [ 1.019, -1.439,  0.874,  0.691], 
          [ 1.027, -1.443,  0.477,  0.676], 
          [ 1.065, -1.472,  0.099,  0.738], 
          [ 1.072, -1.322,  1.628,  0.821], 
          [ 1.012, -1.361,  1.611,  0.856], 
          [ 1.167, -1.335,  1.603,  0.895], 
          [ 1.047, -1.463,  1.579,  0.836], 
          [ 0.976, -1.362,  0.061,  0.700], 
          [ 0.959, -1.434,  0.067,  0.702], 
          [ 1.100, -1.486,  0.061,  0.691], 
          [ 1.116, -1.250,  0.047,  0.679], 
          [ 1.183, -1.224,  0.044,  0.682], 
          [ 1.254, -1.384,  0.040,  0.645]
        ]
    },
    {
        "id": 2,
        "keypoints3d": [
          [-1.184, -1.088,  1.520,  0.887], 
          [-1.218, -1.238,  1.349,  0.861], 
          [-1.067, -1.301,  1.363,  0.853], 
          [-1.043, -1.391,  1.096,  0.812], 
          [-1.084, -1.414,  0.882,  0.769], 
          [-1.369, -1.176,  1.335,  0.848], 
          [-1.396, -1.244,  1.072,  0.710], 
          [-1.297, -1.352,  0.853,  0.650], 
          [-1.162, -1.252,  0.831,  0.755], 
          [-1.069, -1.271,  0.839,  0.756], 
          [-1.046, -1.244,  0.469,  0.863], 
          [-1.067, -1.311,  0.108,  0.840], 
          [-1.264, -1.237,  0.821,  0.746], 
          [-1.244, -1.269,  0.450,  0.848], 
          [-1.222, -1.303,  0.084,  0.849], 
          [-1.161, -1.112,  1.559,  0.815], 
          [-1.232, -1.093,  1.552,  0.871], 
          [-1.135, -1.212,  1.546,  0.734], 
          [-1.301, -1.155,  1.533,  0.824], 
          [-1.200, -1.152,  0.038,  0.743], 
          [-1.248, -1.169,  0.047,  0.749], 
          [-1.215, -1.341,  0.041,  0.625], 
          [-0.984, -1.190,  0.075,  0.719], 
          [-0.961, -1.232,  0.082,  0.710], 
          [-1.093, -1.337,  0.053,  0.733]
        ]
    },
    {
        "id": 4,
        "keypoints3d": [
          [ 0.282,  1.217,  1.609,  0.840], 
          [ 0.136,  1.324,  1.421,  0.842], 
          [ 0.049,  1.199,  1.436,  0.824], 
          [-0.051,  1.163,  1.181,  0.872], 
          [-0.067,  1.096,  0.956,  0.871], 
          [ 0.240,  1.459,  1.411,  0.809], 
          [ 0.251,  1.529,  1.136,  0.810], 
          [ 0.283,  1.512,  0.885,  0.825], 
          [ 0.139,  1.308,  0.880,  0.713], 
          [ 0.093,  1.215,  0.888,  0.708], 
          [ 0.135,  1.202,  0.514,  0.791], 
          [-0.093,  1.263,  0.235,  0.760], 
          [ 0.195,  1.396,  0.875,  0.725], 
          [ 0.199,  1.393,  0.489,  0.817], 
          [ 0.183,  1.370,  0.107,  0.771], 
          [ 0.243,  1.211,  1.643,  0.872], 
          [ 0.295,  1.246,  1.643,  0.867], 
          [ 0.156,  1.226,  1.637,  0.845], 
          [ 0.289,  1.324,  1.627,  0.758], 
          [ 0.339,  1.337,  0.045,  0.645], 
          [ 0.341,  1.376,  0.061,  0.711], 
          [ 0.165,  1.366,  0.061,  0.696], 
          [-0.034,  1.231,  0.058,  0.699], 
          [-0.085,  1.203,  0.080,  0.661], 
          [-0.156,  1.279,  0.219,  0.777]
        ]
    },
    {
        "id": 6,
        "keypoints3d": [
          [-0.151,  0.011,  1.008,  0.832], 
          [-0.040, -0.012,  0.814,  0.820], 
          [-0.006,  0.133,  0.828,  0.791], 
          [ 0.071,  0.327,  0.681,  0.840], 
          [-0.152,  0.342,  0.643,  0.876], 
          [-0.087, -0.157,  0.834,  0.787], 
          [-0.216, -0.305,  0.713,  0.784], 
          [-0.373, -0.177,  0.627,  0.809], 
          [-0.250,  0.019,  0.451,  0.694], 
          [-0.216,  0.124,  0.448,  0.673], 
          [-0.637,  0.305,  0.460,  0.851], 
          [-0.706,  0.359,  0.088,  0.812], 
          [-0.284, -0.089,  0.455,  0.685], 
          [-0.716, -0.029,  0.477,  0.867], 
          [-0.795,  0.017,  0.096,  0.863], 
          [-0.133,  0.043,  1.044,  0.834], 
          [-0.121, -0.033,  1.040,  0.878], 
          [-0.034,  0.072,  1.006,  0.845], 
          [-0.033, -0.053,  0.993,  0.816], 
          [-0.959, -0.011,  0.067,  0.803], 
          [-0.931, -0.058,  0.062,  0.828], 
          [-0.765,  0.042,  0.056,  0.774], 
          [-0.857,  0.418,  0.093,  0.783], 
          [-0.805,  0.457,  0.087,  0.763], 
          [-0.689,  0.340,  0.035,  0.684]
        ]
    }
]
