[
    {
        "id": 0,
        "keypoints3d": [
          [ 1.034, -1.321,  1.581,  0.879], 
          [ 1.132, -1.408,  1.389,  0.861], 
          [ 1.249, -1.295,  1.392,  0.818], 
          [ 1.148, -1.169,  1.179,  0.812], 
          [ 0.978, -1.358,  1.192,  0.802], 
          [ 0.997, -1.522,  1.378,  0.821], 
          [ 0.918, -1.446,  1.142,  0.855], 
          [ 1.069, -1.254,  1.175,  0.773], 
          [ 1.091, -1.363,  0.858,  0.728], 
          [ 1.153, -1.285,  0.863,  0.715], 
          [ 1.168, -1.317,  0.472,  0.745], 
          [ 1.228, -1.362,  0.089,  0.770], 
          [ 1.022, -1.434,  0.864,  0.711], 
          [ 1.037, -1.439,  0.471,  0.728], 
          [ 1.068, -1.465,  0.110,  0.842], 
          [ 1.073, -1.311,  1.629,  0.818], 
          [ 1.018, -1.358,  1.609,  0.856], 
          [ 1.174, -1.326,  1.609,  0.833], 
          [ 1.048, -1.458,  1.587,  0.856], 
          [ 0.977, -1.361,  0.061,  0.663], 
          [ 0.957, -1.432,  0.062,  0.671], 
          [ 1.100, -1.488,  0.060,  0.660], 
          [ 1.112, -1.235,  0.055,  0.813], 
          [ 1.176, -1.219,  0.052,  0.806], 
          [ 1.238, -1.400,  0.034,  0.636]
        ]
    },
    {
        "id": 2,
        "keypoints3d": [
          [-0.991, -1.164,  1.515,  0.896], 
          [-1.047, -1.296,  1.352,  0.880], 
          [-0.892, -1.365,  1.350,  0.856], 
          [-0.900, -1.444,  1.089,  0.731], 
          [-0.923, -1.474,  0.919,  0.748], 
          [-1.194, -1.222,  1.351,  0.865], 
          [-1.232, -1.262,  1.086,  0.812], 
          [-1.149, -1.382,  0.878,  0.606], 
          [-1.023, -1.290,  0.832,  0.773], 
          [-0.935, -1.337,  0.826,  0.761], 
          [-0.960, -1.362,  0.435,  0.797], 
          [-1.022, -1.386,  0.086,  0.792], 
          [-1.117, -1.251,  0.836,  0.765], 
          [-1.136, -1.261,  0.461,  0.840], 
          [-1.211, -1.302,  0.083,  0.842], 
          [-0.965, -1.183,  1.549,  0.820], 
          [-1.029, -1.162,  1.558,  0.884], 
          [-0.937, -1.279,  1.540,  0.732], 
          [-1.098, -1.222,  1.558,  0.853], 
          [-1.202, -1.142,  0.036,  0.766], 
          [-1.248, -1.170,  0.044,  0.784], 
          [-1.222, -1.327,  0.042,  0.688], 
          [-0.937, -1.281,  0.053,  0.666], 
          [-0.920, -1.336,  0.049,  0.676], 
          [-1.038, -1.409,  0.047,  0.732]
        ]
    },
    {
        "id": 4,
        "keypoints3d": [
          [ 0.624,  1.015,  1.585,  0.869], 
          [ 0.636,  1.178,  1.412,  0.866], 
          [ 0.487,  1.151,  1.404,  0.842], 
          [ 0.442,  1.187,  1.129,  0.847], 
          [ 0.465,  1.138,  0.874,  0.852], 
          [ 0.797,  1.226,  1.423,  0.831], 
          [ 0.857,  1.266,  1.161,  0.797], 
          [ 0.905,  1.240,  0.921,  0.873], 
          [ 0.695,  1.172,  0.868,  0.732], 
          [ 0.592,  1.142,  0.866,  0.725], 
          [ 0.643,  1.127,  0.477,  0.852], 
          [ 0.615,  1.217,  0.096,  0.789], 
          [ 0.786,  1.214,  0.870,  0.727], 
          [ 0.832,  1.198,  0.494,  0.795], 
          [ 0.745,  1.323,  0.138,  0.837], 
          [ 0.577,  1.013,  1.637,  0.760], 
          [ 0.659,  1.018,  1.636,  0.825], 
          [ 0.546,  1.093,  1.626,  0.856], 
          [ 0.724,  1.092,  1.640,  0.734], 
          [ 0.846,  1.258,  0.035,  0.653], 
          [ 0.864,  1.307,  0.055,  0.763], 
          [ 0.723,  1.339,  0.106,  0.726], 
          [ 0.717,  1.097,  0.043,  0.711], 
          [ 0.660,  1.104,  0.037,  0.715], 
          [ 0.607,  1.246,  0.055,  0.789]
        ]
    },
    {
        "id": 6,
        "keypoints3d": [
          [-0.138,  0.219,  1.024,  0.879], 
          [-0.085,  0.231,  0.800,  0.844], 
          [-0.175,  0.344,  0.775,  0.768], 
          [-0.301,  0.384,  0.582,  0.819], 
          [-0.442,  0.220,  0.608,  0.742], 
          [ 0.017,  0.109,  0.820,  0.786], 
          [ 0.081, -0.099,  0.708,  0.780], 
          [-0.103, -0.208,  0.665,  0.749], 
          [-0.272, -0.009,  0.461,  0.701], 
          [-0.338,  0.086,  0.456,  0.693], 
          [-0.657, -0.190,  0.514,  0.835], 
          [-0.860, -0.399,  0.334,  0.688], 
          [-0.212, -0.093,  0.483,  0.677], 
          [-0.501, -0.396,  0.456,  0.819], 
          [-0.668, -0.315,  0.135,  0.730], 
          [-0.128,  0.280,  1.041,  0.819], 
          [-0.082,  0.211,  1.047,  0.890], 
          [-0.099,  0.337,  0.978,  0.849], 
          [ 0.000,  0.213,  0.990,  0.836], 
          [-0.817, -0.335,  0.095,  0.721], 
          [-0.775, -0.367,  0.085,  0.703], 
          [-0.654, -0.288,  0.094,  0.660], 
          [-0.979, -0.431,  0.391,  0.610], 
          [-0.976, -0.418,  0.393,  0.622], 
          [-0.864, -0.423,  0.284,  0.556]
        ]
    }
]
