[
    {
        "id": 0,
        "keypoints3d": [
          [ 1.021, -1.336,  1.580,  0.880], 
          [ 1.132, -1.410,  1.389,  0.853], 
          [ 1.250, -1.296,  1.393,  0.820], 
          [ 1.145, -1.165,  1.184,  0.789], 
          [ 0.971, -1.355,  1.196,  0.770], 
          [ 0.997, -1.521,  1.379,  0.824], 
          [ 0.916, -1.451,  1.146,  0.829], 
          [ 1.064, -1.260,  1.174,  0.726], 
          [ 1.092, -1.360,  0.865,  0.663], 
          [ 1.156, -1.282,  0.868,  0.658], 
          [ 1.180, -1.304,  0.473,  0.728], 
          [ 1.248, -1.352,  0.087,  0.705], 
          [ 1.025, -1.436,  0.868,  0.645], 
          [ 1.036, -1.438,  0.475,  0.687], 
          [ 1.073, -1.469,  0.106,  0.830], 
          [ 1.071, -1.328,  1.627,  0.814], 
          [ 1.012, -1.362,  1.611,  0.849], 
          [ 1.167, -1.334,  1.603,  0.877], 
          [ 1.047, -1.463,  1.579,  0.834], 
          [ 0.979, -1.356,  0.061,  0.699], 
          [ 0.959, -1.434,  0.067,  0.704], 
          [ 1.100, -1.486,  0.061,  0.690], 
          [ 1.115, -1.251,  0.048,  0.677], 
          [ 1.185, -1.228,  0.044,  0.683], 
          [ 1.253, -1.389,  0.040,  0.642]
        ]
    },
    {
        "id": 2,
        "keypoints3d": [
          [-1.180, -1.074,  1.519,  0.888], 
          [-1.212, -1.228,  1.347,  0.854], 
          [-1.070, -1.302,  1.364,  0.847], 
          [-1.035, -1.393,  1.094,  0.808], 
          [-1.090, -1.418,  0.874,  0.746], 
          [-1.356, -1.166,  1.329,  0.854], 
          [-1.390, -1.228,  1.066,  0.744], 
          [-1.294, -1.356,  0.843,  0.695], 
          [-1.159, -1.268,  0.828,  0.758], 
          [-1.061, -1.292,  0.837,  0.753], 
          [-1.014, -1.249,  0.477,  0.859], 
          [-1.058, -1.326,  0.110,  0.865], 
          [-1.260, -1.243,  0.822,  0.742], 
          [-1.241, -1.263,  0.443,  0.843], 
          [-1.229, -1.299,  0.080,  0.850], 
          [-1.164, -1.108,  1.556,  0.807], 
          [-1.236, -1.088,  1.550,  0.875], 
          [-1.139, -1.199,  1.543,  0.751], 
          [-1.302, -1.140,  1.530,  0.867], 
          [-1.200, -1.149,  0.039,  0.732], 
          [-1.248, -1.166,  0.047,  0.746], 
          [-1.223, -1.331,  0.038,  0.657], 
          [-0.976, -1.206,  0.065,  0.706], 
          [-0.955, -1.242,  0.072,  0.690], 
          [-1.079, -1.352,  0.054,  0.748]
        ]
    },
    {
        "id": 4,
        "keypoints3d": [
          [ 0.318,  1.189,  1.591,  0.754], 
          [ 0.196,  1.321,  1.430,  0.832], 
          [ 0.091,  1.201,  1.445,  0.835], 
          [-0.004,  1.182,  1.186,  0.841], 
          [-0.005,  1.128,  0.929,  0.867], 
          [ 0.291,  1.448,  1.414,  0.796], 
          [ 0.325,  1.496,  1.139,  0.778], 
          [ 0.363,  1.499,  0.893,  0.868], 
          [ 0.188,  1.305,  0.883,  0.708], 
          [ 0.124,  1.221,  0.888,  0.693], 
          [ 0.212,  1.196,  0.518,  0.792], 
          [ 0.036,  1.250,  0.205,  0.805], 
          [ 0.242,  1.385,  0.883,  0.700], 
          [ 0.241,  1.382,  0.492,  0.761], 
          [ 0.192,  1.357,  0.106,  0.805], 
          [ 0.296,  1.192,  1.634,  0.828], 
          [ 0.345,  1.238,  1.639,  0.780], 
          [ 0.205,  1.220,  1.645,  0.842], 
          [ 0.341,  1.315,  1.628,  0.745], 
          [ 0.353,  1.330,  0.054,  0.738], 
          [ 0.340,  1.375,  0.061,  0.654], 
          [ 0.162,  1.360,  0.061,  0.646], 
          [ 0.103,  1.236,  0.061,  0.645], 
          [ 0.060,  1.196,  0.070,  0.609], 
          [-0.026,  1.269,  0.175,  0.714]
        ]
    },
    {
        "id": 6,
        "keypoints3d": [
          [-0.116, -0.003,  1.027,  0.880], 
          [-0.011, -0.023,  0.811,  0.854], 
          [ 0.017,  0.137,  0.809,  0.800], 
          [ 0.054,  0.311,  0.658,  0.828], 
          [-0.160,  0.328,  0.639,  0.802], 
          [-0.064, -0.168,  0.835,  0.832], 
          [-0.182, -0.337,  0.717,  0.839], 
          [-0.359, -0.204,  0.638,  0.849], 
          [-0.290,  0.033,  0.479,  0.716], 
          [-0.278,  0.149,  0.484,  0.693], 
          [-0.661,  0.291,  0.460,  0.841], 
          [-0.715,  0.356,  0.083,  0.766], 
          [-0.305, -0.082,  0.472,  0.728], 
          [-0.717, -0.052,  0.470,  0.891], 
          [-0.779, -0.060,  0.098,  0.832], 
          [-0.079,  0.021,  1.049,  0.903], 
          [-0.090, -0.057,  1.058,  0.884], 
          [ 0.005,  0.055,  1.005,  0.846], 
          [-0.025, -0.112,  1.012,  0.687], 
          [-0.924, -0.114,  0.061,  0.767], 
          [-0.892, -0.144,  0.057,  0.791], 
          [-0.740, -0.044,  0.036,  0.751], 
          [-0.868,  0.414,  0.094,  0.774], 
          [-0.818,  0.453,  0.089,  0.761], 
          [-0.702,  0.345,  0.039,  0.740]
        ]
    }
]
