[
    {
        "id": 0,
        "keypoints3d": [
          [-1.039, -1.136,  1.519,  0.890], 
          [-1.078, -1.273,  1.354,  0.870], 
          [-0.949, -1.352,  1.360,  0.860], 
          [-0.935, -1.432,  1.098,  0.763], 
          [-0.987, -1.445,  0.899,  0.718], 
          [-1.229, -1.198,  1.352,  0.875], 
          [-1.273, -1.234,  1.095,  0.806], 
          [-1.223, -1.333,  0.899,  0.585], 
          [-1.064, -1.287,  0.839,  0.781], 
          [-0.975, -1.334,  0.840,  0.753], 
          [-0.983, -1.369,  0.452,  0.814], 
          [-1.005, -1.396,  0.099,  0.817], 
          [-1.150, -1.241,  0.842,  0.760], 
          [-1.177, -1.272,  0.459,  0.816], 
          [-1.219, -1.306,  0.083,  0.857], 
          [-1.013, -1.167,  1.557,  0.812], 
          [-1.073, -1.131,  1.558,  0.803], 
          [-0.996, -1.254,  1.556,  0.812], 
          [-1.140, -1.186,  1.546,  0.865], 
          [-1.200, -1.146,  0.046,  0.720], 
          [-1.250, -1.166,  0.047,  0.736], 
          [-1.221, -1.327,  0.048,  0.701], 
          [-0.904, -1.292,  0.065,  0.708], 
          [-0.892, -1.340,  0.066,  0.705], 
          [-1.035, -1.415,  0.055,  0.715]
        ]
    },
    {
        "id": 2,
        "keypoints3d": [
          [ 1.030, -1.326,  1.581,  0.879], 
          [ 1.132, -1.408,  1.387,  0.861], 
          [ 1.250, -1.294,  1.392,  0.820], 
          [ 1.145, -1.168,  1.179,  0.806], 
          [ 0.977, -1.365,  1.191,  0.771], 
          [ 0.999, -1.520,  1.378,  0.824], 
          [ 0.912, -1.445,  1.142,  0.861], 
          [ 1.071, -1.257,  1.176,  0.782], 
          [ 1.088, -1.361,  0.857,  0.727], 
          [ 1.151, -1.286,  0.862,  0.717], 
          [ 1.173, -1.316,  0.476,  0.736], 
          [ 1.237, -1.358,  0.096,  0.738], 
          [ 1.020, -1.436,  0.862,  0.712], 
          [ 1.038, -1.439,  0.477,  0.723], 
          [ 1.069, -1.471,  0.111,  0.829], 
          [ 1.076, -1.296,  1.621,  0.898], 
          [ 1.014, -1.360,  1.612,  0.860], 
          [ 1.172, -1.326,  1.606,  0.902], 
          [ 1.049, -1.459,  1.587,  0.844], 
          [ 0.985, -1.357,  0.059,  0.717], 
          [ 0.957, -1.430,  0.059,  0.725], 
          [ 1.103, -1.485,  0.067,  0.649], 
          [ 1.108, -1.242,  0.055,  0.809], 
          [ 1.170, -1.220,  0.054,  0.804], 
          [ 1.245, -1.391,  0.041,  0.562]
        ]
    },
    {
        "id": 4,
        "keypoints3d": [
          [ 0.583,  1.027,  1.577,  0.894], 
          [ 0.558,  1.208,  1.407,  0.878], 
          [ 0.411,  1.125,  1.405,  0.848], 
          [ 0.354,  1.159,  1.139,  0.780], 
          [ 0.396,  1.139,  0.882,  0.871], 
          [ 0.693,  1.283,  1.425,  0.826], 
          [ 0.755,  1.330,  1.173,  0.751], 
          [ 0.810,  1.290,  0.933,  0.759], 
          [ 0.591,  1.220,  0.871,  0.755], 
          [ 0.508,  1.171,  0.869,  0.724], 
          [ 0.592,  1.159,  0.485,  0.852], 
          [ 0.621,  1.212,  0.106,  0.796], 
          [ 0.670,  1.278,  0.874,  0.736], 
          [ 0.688,  1.283,  0.492,  0.821], 
          [ 0.438,  1.386,  0.240,  0.794], 
          [ 0.555,  1.020,  1.607,  0.796], 
          [ 0.625,  1.037,  1.613,  0.844], 
          [ 0.488,  1.084,  1.614,  0.876], 
          [ 0.654,  1.121,  1.628,  0.875], 
          [ 0.462,  1.342,  0.087,  0.523], 
          [ 0.492,  1.371,  0.112,  0.491], 
          [ 0.389,  1.401,  0.220,  0.632], 
          [ 0.720,  1.114,  0.048,  0.661], 
          [ 0.663,  1.112,  0.039,  0.679], 
          [ 0.607,  1.244,  0.067,  0.668]
        ]
    },
    {
        "id": 6,
        "keypoints3d": [
          [-0.069,  0.192,  1.019,  0.806], 
          [-0.022,  0.192,  0.791,  0.837], 
          [-0.076,  0.324,  0.772,  0.818], 
          [-0.209,  0.387,  0.580,  0.843], 
          [-0.387,  0.278,  0.613,  0.774], 
          [ 0.022,  0.054,  0.816,  0.795], 
          [ 0.050, -0.170,  0.722,  0.695], 
          [-0.159, -0.235,  0.667,  0.661], 
          [-0.297,  0.007,  0.466,  0.735], 
          [-0.330,  0.110,  0.457,  0.706], 
          [-0.729, -0.031,  0.482,  0.862], 
          [-0.851, -0.109,  0.140,  0.740], 
          [-0.263, -0.084,  0.487,  0.718], 
          [-0.597, -0.332,  0.454,  0.873], 
          [-0.683, -0.236,  0.101,  0.813], 
          [-0.047,  0.242,  1.032,  0.854], 
          [-0.006,  0.175,  1.044,  0.803], 
          [-0.003,  0.305,  0.964,  0.702], 
          [ 0.075,  0.162,  0.972,  0.814], 
          [-0.827, -0.275,  0.060,  0.612], 
          [-0.781, -0.322,  0.067,  0.573], 
          [-0.656, -0.201,  0.050,  0.673], 
          [-1.001, -0.202,  0.184,  0.730], 
          [-0.992, -0.139,  0.177,  0.723], 
          [-0.828, -0.100,  0.082,  0.634]
        ]
    }
]
