[
    {
        "id": 0,
        "keypoints3d": [
          [ 1.027, -1.328,  1.582,  0.880], 
          [ 1.134, -1.406,  1.387,  0.859], 
          [ 1.249, -1.294,  1.392,  0.822], 
          [ 1.145, -1.166,  1.179,  0.817], 
          [ 0.980, -1.360,  1.191,  0.796], 
          [ 0.999, -1.520,  1.380,  0.826], 
          [ 0.915, -1.444,  1.144,  0.863], 
          [ 1.077, -1.253,  1.175,  0.777], 
          [ 1.088, -1.361,  0.861,  0.727], 
          [ 1.150, -1.287,  0.868,  0.714], 
          [ 1.169, -1.315,  0.478,  0.793], 
          [ 1.233, -1.360,  0.095,  0.715], 
          [ 1.024, -1.435,  0.862,  0.715], 
          [ 1.039, -1.444,  0.480,  0.725], 
          [ 1.069, -1.470,  0.110,  0.812], 
          [ 1.074, -1.318,  1.630,  0.809], 
          [ 1.014, -1.360,  1.612,  0.864], 
          [ 1.172, -1.327,  1.605,  0.899], 
          [ 1.048, -1.456,  1.585,  0.836], 
          [ 0.990, -1.356,  0.062,  0.721], 
          [ 0.957, -1.431,  0.059,  0.722], 
          [ 1.098, -1.488,  0.070,  0.645], 
          [ 1.108, -1.243,  0.055,  0.811], 
          [ 1.170, -1.220,  0.054,  0.804], 
          [ 1.248, -1.389,  0.040,  0.541]
        ]
    },
    {
        "id": 2,
        "keypoints3d": [
          [-1.049, -1.107,  1.521,  0.832], 
          [-1.106, -1.258,  1.356,  0.864], 
          [-0.967, -1.340,  1.362,  0.868], 
          [-0.957, -1.429,  1.114,  0.825], 
          [-0.977, -1.457,  0.930,  0.813], 
          [-1.246, -1.186,  1.348,  0.859], 
          [-1.294, -1.237,  1.092,  0.760], 
          [-1.283, -1.421,  1.008,  0.664], 
          [-1.075, -1.286,  0.839,  0.773], 
          [-0.987, -1.328,  0.839,  0.759], 
          [-0.991, -1.363,  0.458,  0.799], 
          [-1.008, -1.390,  0.095,  0.808], 
          [-1.168, -1.240,  0.834,  0.749], 
          [-1.185, -1.273,  0.460,  0.828], 
          [-1.219, -1.301,  0.080,  0.860], 
          [-1.034, -1.143,  1.557,  0.808], 
          [-1.089, -1.121,  1.553,  0.878], 
          [-1.018, -1.242,  1.558,  0.786], 
          [-1.161, -1.164,  1.540,  0.853], 
          [-1.201, -1.140,  0.041,  0.777], 
          [-1.254, -1.170,  0.044,  0.789], 
          [-1.218, -1.327,  0.041,  0.688], 
          [-0.900, -1.285,  0.066,  0.707], 
          [-0.880, -1.330,  0.068,  0.704], 
          [-1.033, -1.410,  0.057,  0.799]
        ]
    },
    {
        "id": 4,
        "keypoints3d": [
          [ 0.563,  1.032,  1.571,  0.918], 
          [ 0.520,  1.218,  1.405,  0.866], 
          [ 0.393,  1.130,  1.406,  0.854], 
          [ 0.322,  1.169,  1.138,  0.850], 
          [ 0.337,  1.170,  0.880,  0.884], 
          [ 0.658,  1.295,  1.414,  0.827], 
          [ 0.704,  1.349,  1.164,  0.762], 
          [ 0.759,  1.282,  0.931,  0.839], 
          [ 0.552,  1.241,  0.877,  0.733], 
          [ 0.471,  1.192,  0.874,  0.718], 
          [ 0.558,  1.172,  0.482,  0.811], 
          [ 0.594,  1.233,  0.097,  0.738], 
          [ 0.631,  1.297,  0.876,  0.725], 
          [ 0.602,  1.314,  0.484,  0.814], 
          [ 0.325,  1.382,  0.225,  0.764], 
          [ 0.521,  1.033,  1.604,  0.775], 
          [ 0.578,  1.051,  1.616,  0.727], 
          [ 0.458,  1.092,  1.611,  0.858], 
          [ 0.619,  1.135,  1.627,  0.855], 
          [ 0.388,  1.338,  0.061,  0.578], 
          [ 0.393,  1.365,  0.079,  0.591], 
          [ 0.257,  1.374,  0.211,  0.596], 
          [ 0.719,  1.120,  0.021,  0.696], 
          [ 0.667,  1.115,  0.018,  0.696], 
          [ 0.617,  1.238,  0.051,  0.686]
        ]
    },
    {
        "id": 6,
        "keypoints3d": [
          [-0.039,  0.137,  1.023,  0.888], 
          [-0.012,  0.152,  0.797,  0.823], 
          [-0.064,  0.300,  0.780,  0.838], 
          [-0.173,  0.376,  0.592,  0.892], 
          [-0.363,  0.291,  0.621,  0.892], 
          [ 0.029,  0.003,  0.823,  0.770], 
          [ 0.018, -0.223,  0.725,  0.697], 
          [-0.186, -0.244,  0.662,  0.756], 
          [-0.336, -0.009,  0.494,  0.783], 
          [-0.363,  0.096,  0.492,  0.739], 
          [-0.738,  0.015,  0.477,  0.897], 
          [-0.818,  0.004,  0.124,  0.807], 
          [-0.319, -0.114,  0.518,  0.763], 
          [-0.619, -0.318,  0.463,  0.881], 
          [-0.693, -0.244,  0.108,  0.844], 
          [-0.010,  0.189,  1.041,  0.834], 
          [ 0.007,  0.121,  1.048,  0.886], 
          [ 0.021,  0.258,  0.975,  0.852], 
          [ 0.095,  0.139,  0.972,  0.883], 
          [-0.844, -0.291,  0.065,  0.726], 
          [-0.795, -0.322,  0.052,  0.707], 
          [-0.670, -0.207,  0.068,  0.680], 
          [-0.971, -0.052,  0.107,  0.764], 
          [-0.955,  0.002,  0.103,  0.793], 
          [-0.792, -0.004,  0.068,  0.766]
        ]
    }
]
