[
    {
        "id": 0,
        "keypoints3d": [
          [ 1.024, -1.335,  1.581,  0.884], 
          [ 1.133, -1.410,  1.389,  0.862], 
          [ 1.252, -1.295,  1.393,  0.824], 
          [ 1.151, -1.164,  1.186,  0.811], 
          [ 0.980, -1.359,  1.193,  0.791], 
          [ 0.998, -1.522,  1.380,  0.827], 
          [ 0.916, -1.447,  1.145,  0.852], 
          [ 1.069, -1.254,  1.178,  0.763], 
          [ 1.091, -1.357,  0.862,  0.711], 
          [ 1.157, -1.278,  0.866,  0.688], 
          [ 1.174, -1.305,  0.471,  0.758], 
          [ 1.241, -1.351,  0.087,  0.747], 
          [ 1.020, -1.433,  0.861,  0.709], 
          [ 1.037, -1.438,  0.471,  0.663], 
          [ 1.069, -1.468,  0.104,  0.830], 
          [ 1.075, -1.326,  1.629,  0.811], 
          [ 1.014, -1.363,  1.609,  0.862], 
          [ 1.170, -1.332,  1.604,  0.892], 
          [ 1.047, -1.462,  1.579,  0.835], 
          [ 0.979, -1.356,  0.061,  0.699], 
          [ 0.959, -1.434,  0.067,  0.703], 
          [ 1.102, -1.481,  0.061,  0.692], 
          [ 1.117, -1.245,  0.049,  0.678], 
          [ 1.185, -1.229,  0.044,  0.687], 
          [ 1.252, -1.387,  0.043,  0.643]
        ]
    },
    {
        "id": 2,
        "keypoints3d": [
          [-1.170, -1.065,  1.514,  0.865], 
          [-1.208, -1.223,  1.350,  0.863], 
          [-1.064, -1.306,  1.368,  0.836], 
          [-1.035, -1.416,  1.116,  0.767], 
          [-1.074, -1.434,  0.880,  0.853], 
          [-1.340, -1.155,  1.328,  0.852], 
          [-1.383, -1.224,  1.066,  0.733], 
          [-1.285, -1.366,  0.856,  0.582], 
          [-1.155, -1.277,  0.847,  0.727], 
          [-1.056, -1.313,  0.853,  0.733], 
          [-0.984, -1.279,  0.486,  0.856], 
          [-1.028, -1.366,  0.108,  0.863], 
          [-1.252, -1.241,  0.842,  0.710], 
          [-1.230, -1.274,  0.452,  0.826], 
          [-1.221, -1.302,  0.083,  0.852], 
          [-1.152, -1.104,  1.551,  0.862], 
          [-1.215, -1.078,  1.543,  0.772], 
          [-1.138, -1.202,  1.548,  0.784], 
          [-1.296, -1.129,  1.527,  0.851], 
          [-1.202, -1.145,  0.037,  0.745], 
          [-1.247, -1.166,  0.044,  0.750], 
          [-1.219, -1.329,  0.041,  0.672], 
          [-0.942, -1.235,  0.061,  0.704], 
          [-0.918, -1.279,  0.069,  0.692], 
          [-1.041, -1.394,  0.064,  0.784]
        ]
    },
    {
        "id": 4,
        "keypoints3d": [
          [ 0.367,  1.183,  1.597,  0.759], 
          [ 0.266,  1.320,  1.420,  0.859], 
          [ 0.141,  1.215,  1.437,  0.843], 
          [ 0.053,  1.213,  1.179,  0.860], 
          [ 0.045,  1.186,  0.931,  0.860], 
          [ 0.381,  1.427,  1.413,  0.816], 
          [ 0.440,  1.482,  1.142,  0.835], 
          [ 0.506,  1.430,  0.900,  0.838], 
          [ 0.253,  1.303,  0.877,  0.734], 
          [ 0.181,  1.233,  0.887,  0.731], 
          [ 0.277,  1.223,  0.510,  0.732], 
          [ 0.221,  1.266,  0.115,  0.741], 
          [ 0.320,  1.371,  0.870,  0.704], 
          [ 0.273,  1.379,  0.485,  0.746], 
          [ 0.211,  1.358,  0.105,  0.768], 
          [ 0.336,  1.177,  1.640,  0.847], 
          [ 0.393,  1.224,  1.646,  0.812], 
          [ 0.256,  1.221,  1.649,  0.867], 
          [ 0.403,  1.307,  1.631,  0.763], 
          [ 0.380,  1.311,  0.049,  0.598], 
          [ 0.361,  1.364,  0.057,  0.577], 
          [ 0.176,  1.354,  0.057,  0.628], 
          [ 0.388,  1.207,  0.044,  0.616], 
          [ 0.337,  1.177,  0.041,  0.555], 
          [ 0.209,  1.276,  0.067,  0.638]
        ]
    },
    {
        "id": 6,
        "keypoints3d": [
          [-0.049, -0.012,  1.035,  0.890], 
          [ 0.010, -0.015,  0.803,  0.841], 
          [ 0.043,  0.142,  0.802,  0.804], 
          [ 0.036,  0.319,  0.633,  0.830], 
          [-0.169,  0.324,  0.642,  0.803], 
          [-0.014, -0.168,  0.820,  0.802], 
          [-0.150, -0.335,  0.709,  0.839], 
          [-0.337, -0.239,  0.642,  0.846], 
          [-0.263,  0.023,  0.453,  0.733], 
          [-0.258,  0.144,  0.457,  0.730], 
          [-0.677,  0.261,  0.436,  0.808], 
          [-0.723,  0.342,  0.084,  0.694], 
          [-0.278, -0.088,  0.447,  0.696], 
          [-0.701, -0.115,  0.460,  0.907], 
          [-0.723, -0.169,  0.082,  0.799], 
          [-0.013,  0.000,  1.044,  0.909], 
          [-0.026, -0.054,  1.053,  0.842], 
          [ 0.050,  0.062,  0.997,  0.799], 
          [ 0.036, -0.100,  0.993,  0.658], 
          [-0.843, -0.275,  0.038,  0.722], 
          [-0.810, -0.299,  0.047,  0.712], 
          [-0.691, -0.155,  0.029,  0.768], 
          [-0.879,  0.393,  0.091,  0.786], 
          [-0.842,  0.429,  0.085,  0.762], 
          [-0.701,  0.350,  0.035,  0.665]
        ]
    }
]
