[
    {
        "id": 0,
        "keypoints3d": [
          [ 1.028, -1.332,  1.581,  0.884], 
          [ 1.134, -1.410,  1.389,  0.862], 
          [ 1.249, -1.295,  1.394,  0.823], 
          [ 1.146, -1.165,  1.181,  0.808], 
          [ 0.976, -1.357,  1.192,  0.798], 
          [ 0.997, -1.521,  1.380,  0.828], 
          [ 0.914, -1.449,  1.145,  0.855], 
          [ 1.072, -1.255,  1.177,  0.763], 
          [ 1.090, -1.359,  0.861,  0.730], 
          [ 1.151, -1.280,  0.865,  0.711], 
          [ 1.165, -1.312,  0.473,  0.764], 
          [ 1.240, -1.351,  0.087,  0.752], 
          [ 1.022, -1.434,  0.862,  0.716], 
          [ 1.036, -1.438,  0.472,  0.691], 
          [ 1.070, -1.466,  0.109,  0.740], 
          [ 1.078, -1.302,  1.622,  0.795], 
          [ 1.015, -1.363,  1.609,  0.870], 
          [ 1.170, -1.332,  1.604,  0.889], 
          [ 1.048, -1.462,  1.581,  0.835], 
          [ 0.980, -1.354,  0.064,  0.700], 
          [ 0.958, -1.435,  0.062,  0.702], 
          [ 1.102, -1.481,  0.061,  0.695], 
          [ 1.120, -1.239,  0.049,  0.682], 
          [ 1.183, -1.225,  0.045,  0.694], 
          [ 1.253, -1.383,  0.042,  0.641]
        ]
    },
    {
        "id": 2,
        "keypoints3d": [
          [-1.152, -1.067,  1.516,  0.869], 
          [-1.189, -1.229,  1.348,  0.863], 
          [-1.049, -1.302,  1.366,  0.838], 
          [-1.009, -1.430,  1.122,  0.845], 
          [-1.073, -1.437,  0.901,  0.819], 
          [-1.325, -1.149,  1.329,  0.867], 
          [-1.360, -1.219,  1.058,  0.763], 
          [-1.291, -1.362,  0.884,  0.597], 
          [-1.146, -1.285,  0.838,  0.726], 
          [-1.051, -1.328,  0.843,  0.725], 
          [-1.016, -1.330,  0.462,  0.834], 
          [-1.016, -1.393,  0.096,  0.841], 
          [-1.238, -1.239,  0.833,  0.710], 
          [-1.217, -1.272,  0.452,  0.802], 
          [-1.223, -1.303,  0.080,  0.859], 
          [-1.129, -1.097,  1.549,  0.866], 
          [-1.187, -1.073,  1.539,  0.886], 
          [-1.118, -1.195,  1.546,  0.697], 
          [-1.277, -1.132,  1.524,  0.812], 
          [-1.201, -1.141,  0.040,  0.759], 
          [-1.247, -1.169,  0.041,  0.778], 
          [-1.221, -1.327,  0.042,  0.707], 
          [-0.910, -1.285,  0.064,  0.721], 
          [-0.892, -1.326,  0.068,  0.720], 
          [-1.034, -1.414,  0.053,  0.780]
        ]
    },
    {
        "id": 4,
        "keypoints3d": [
          [ 0.425,  1.149,  1.585,  0.848], 
          [ 0.334,  1.306,  1.414,  0.863], 
          [ 0.209,  1.204,  1.425,  0.837], 
          [ 0.117,  1.227,  1.169,  0.791], 
          [ 0.106,  1.210,  0.912,  0.883], 
          [ 0.454,  1.409,  1.406,  0.801], 
          [ 0.525,  1.450,  1.134,  0.801], 
          [ 0.594,  1.363,  0.905,  0.844], 
          [ 0.326,  1.302,  0.871,  0.743], 
          [ 0.253,  1.234,  0.876,  0.713], 
          [ 0.353,  1.227,  0.492,  0.791], 
          [ 0.408,  1.271,  0.110,  0.785], 
          [ 0.391,  1.364,  0.870,  0.720], 
          [ 0.333,  1.362,  0.481,  0.742], 
          [ 0.266,  1.319,  0.111,  0.822], 
          [ 0.386,  1.143,  1.616,  0.786], 
          [ 0.445,  1.180,  1.623,  0.882], 
          [ 0.309,  1.189,  1.643,  0.754], 
          [ 0.476,  1.263,  1.625,  0.764], 
          [ 0.446,  1.275,  0.066,  0.610], 
          [ 0.420,  1.319,  0.062,  0.601], 
          [ 0.201,  1.345,  0.066,  0.682], 
          [ 0.621,  1.122,  0.056,  0.635], 
          [ 0.557,  1.114,  0.061,  0.604], 
          [ 0.431,  1.275,  0.076,  0.639]
        ]
    },
    {
        "id": 6,
        "keypoints3d": [
          [-0.019, -0.012,  1.035,  0.925], 
          [ 0.019,  0.021,  0.805,  0.817], 
          [ 0.032,  0.180,  0.802,  0.796], 
          [-0.002,  0.329,  0.628,  0.869], 
          [-0.209,  0.316,  0.643,  0.749], 
          [-0.004, -0.142,  0.820,  0.847], 
          [-0.103, -0.308,  0.699,  0.822], 
          [-0.300, -0.249,  0.644,  0.835], 
          [-0.304,  0.020,  0.496,  0.745], 
          [-0.311,  0.130,  0.502,  0.715], 
          [-0.719,  0.197,  0.442,  0.880], 
          [-0.726,  0.325,  0.088,  0.766], 
          [-0.320, -0.103,  0.498,  0.718], 
          [-0.691, -0.181,  0.455,  0.882], 
          [-0.714, -0.204,  0.082,  0.826], 
          [ 0.011,  0.030,  1.043,  0.826], 
          [ 0.020, -0.033,  1.043,  0.831], 
          [ 0.055,  0.102,  0.994,  0.866], 
          [ 0.082, -0.054,  0.968,  0.818], 
          [-0.834, -0.313,  0.034,  0.715], 
          [-0.780, -0.332,  0.035,  0.703], 
          [-0.682, -0.168,  0.038,  0.712], 
          [-0.872,  0.338,  0.088,  0.796], 
          [-0.847,  0.376,  0.080,  0.810], 
          [-0.701,  0.338,  0.046,  0.748]
        ]
    }
]
