[
    {
        "id": 0,
        "keypoints3d": [
          [ 1.034, -1.321,  1.581,  0.879], 
          [ 1.133, -1.408,  1.389,  0.864], 
          [ 1.249, -1.294,  1.392,  0.820], 
          [ 1.145, -1.169,  1.180,  0.799], 
          [ 0.979, -1.360,  1.192,  0.800], 
          [ 0.997, -1.522,  1.378,  0.821], 
          [ 0.913, -1.447,  1.141,  0.864], 
          [ 1.069, -1.254,  1.175,  0.772], 
          [ 1.091, -1.363,  0.858,  0.730], 
          [ 1.153, -1.284,  0.863,  0.717], 
          [ 1.169, -1.315,  0.474,  0.807], 
          [ 1.230, -1.361,  0.094,  0.761], 
          [ 1.023, -1.435,  0.863,  0.713], 
          [ 1.037, -1.440,  0.473,  0.723], 
          [ 1.068, -1.465,  0.110,  0.847], 
          [ 1.075, -1.314,  1.629,  0.817], 
          [ 1.018, -1.358,  1.609,  0.858], 
          [ 1.174, -1.326,  1.609,  0.831], 
          [ 1.050, -1.460,  1.587,  0.857], 
          [ 0.978, -1.361,  0.065,  0.662], 
          [ 0.957, -1.434,  0.062,  0.672], 
          [ 1.101, -1.484,  0.062,  0.663], 
          [ 1.111, -1.237,  0.060,  0.803], 
          [ 1.174, -1.220,  0.058,  0.796], 
          [ 1.240, -1.397,  0.033,  0.618]
        ]
    },
    {
        "id": 2,
        "keypoints3d": [
          [ 0.620,  1.015,  1.583,  0.878], 
          [ 0.622,  1.180,  1.409,  0.869], 
          [ 0.477,  1.139,  1.404,  0.828], 
          [ 0.431,  1.163,  1.126,  0.832], 
          [ 0.460,  1.126,  0.879,  0.849], 
          [ 0.780,  1.236,  1.423,  0.831], 
          [ 0.830,  1.286,  1.165,  0.777], 
          [ 0.886,  1.257,  0.916,  0.838], 
          [ 0.679,  1.183,  0.868,  0.729], 
          [ 0.579,  1.148,  0.865,  0.730], 
          [ 0.638,  1.128,  0.478,  0.844], 
          [ 0.619,  1.225,  0.093,  0.783], 
          [ 0.767,  1.224,  0.864,  0.713], 
          [ 0.810,  1.213,  0.489,  0.772], 
          [ 0.679,  1.346,  0.148,  0.807], 
          [ 0.574,  1.018,  1.629,  0.850], 
          [ 0.654,  1.023,  1.635,  0.821], 
          [ 0.531,  1.086,  1.625,  0.769], 
          [ 0.704,  1.105,  1.635,  0.691], 
          [ 0.788,  1.282,  0.052,  0.644], 
          [ 0.805,  1.338,  0.065,  0.642], 
          [ 0.640,  1.371,  0.121,  0.675], 
          [ 0.736,  1.099,  0.042,  0.756], 
          [ 0.675,  1.102,  0.034,  0.788], 
          [ 0.605,  1.244,  0.058,  0.732]
        ]
    },
    {
        "id": 4,
        "keypoints3d": [
          [-0.990, -1.162,  1.515,  0.807], 
          [-1.054, -1.296,  1.354,  0.882], 
          [-0.900, -1.366,  1.353,  0.850], 
          [-0.910, -1.438,  1.092,  0.741], 
          [-0.925, -1.475,  0.935,  0.802], 
          [-1.196, -1.221,  1.351,  0.866], 
          [-1.240, -1.262,  1.088,  0.805], 
          [-1.159, -1.380,  0.881,  0.619], 
          [-1.029, -1.288,  0.838,  0.776], 
          [-0.945, -1.336,  0.832,  0.765], 
          [-0.963, -1.360,  0.437,  0.816], 
          [-1.014, -1.391,  0.090,  0.797], 
          [-1.124, -1.248,  0.839,  0.769], 
          [-1.143, -1.257,  0.462,  0.844], 
          [-1.215, -1.302,  0.082,  0.855], 
          [-0.966, -1.178,  1.554,  0.831], 
          [-1.037, -1.158,  1.559,  0.885], 
          [-0.945, -1.278,  1.541,  0.794], 
          [-1.107, -1.220,  1.554,  0.859], 
          [-1.205, -1.140,  0.033,  0.775], 
          [-1.250, -1.168,  0.042,  0.721], 
          [-1.221, -1.330,  0.045,  0.703], 
          [-0.901, -1.291,  0.067,  0.691], 
          [-0.887, -1.346,  0.069,  0.692], 
          [-1.034, -1.417,  0.056,  0.737]
        ]
    },
    {
        "id": 6,
        "keypoints3d": [
          [-0.118,  0.217,  1.024,  0.855], 
          [-0.072,  0.231,  0.798,  0.841], 
          [-0.162,  0.352,  0.773,  0.788], 
          [-0.289,  0.389,  0.577,  0.853], 
          [-0.438,  0.229,  0.608,  0.773], 
          [ 0.023,  0.105,  0.820,  0.794], 
          [ 0.085, -0.107,  0.718,  0.859], 
          [-0.112, -0.208,  0.669,  0.649], 
          [-0.280, -0.011,  0.463,  0.713], 
          [-0.338,  0.091,  0.452,  0.697], 
          [-0.653, -0.170,  0.501,  0.769], 
          [-0.868, -0.364,  0.301,  0.700], 
          [-0.220, -0.097,  0.480,  0.711], 
          [-0.516, -0.368,  0.435,  0.744], 
          [-0.670, -0.301,  0.119,  0.857], 
          [-0.111,  0.278,  1.043,  0.840], 
          [-0.074,  0.214,  1.044,  0.887], 
          [-0.066,  0.341,  0.972,  0.829], 
          [ 0.019,  0.225,  0.986,  0.827], 
          [-0.816, -0.312,  0.074,  0.787], 
          [-0.772, -0.342,  0.071,  0.751], 
          [-0.615, -0.246,  0.065,  0.636], 
          [-0.983, -0.399,  0.338,  0.620], 
          [-0.977, -0.399,  0.355,  0.641], 
          [-0.878, -0.384,  0.246,  0.589]
        ]
    }
]
