[
    {
        "id": 0,
        "keypoints3d": [
          [ 1.039, -1.318,  1.581,  0.877], 
          [ 1.132, -1.407,  1.387,  0.860], 
          [ 1.249, -1.295,  1.392,  0.817], 
          [ 1.145, -1.168,  1.181,  0.800], 
          [ 0.976, -1.358,  1.193,  0.804], 
          [ 0.998, -1.517,  1.379,  0.820], 
          [ 0.914, -1.445,  1.144,  0.836], 
          [ 1.072, -1.255,  1.174,  0.772], 
          [ 1.093, -1.359,  0.859,  0.730], 
          [ 1.154, -1.284,  0.864,  0.722], 
          [ 1.176, -1.311,  0.473,  0.761], 
          [ 1.231, -1.359,  0.079,  0.774], 
          [ 1.022, -1.433,  0.866,  0.711], 
          [ 1.037, -1.437,  0.480,  0.736], 
          [ 1.070, -1.463,  0.110,  0.781], 
          [ 1.073, -1.312,  1.624,  0.823], 
          [ 1.018, -1.357,  1.607,  0.863], 
          [ 1.175, -1.326,  1.610,  0.833], 
          [ 1.049, -1.458,  1.586,  0.857], 
          [ 0.975, -1.363,  0.060,  0.665], 
          [ 0.955, -1.435,  0.060,  0.675], 
          [ 1.101, -1.484,  0.056,  0.667], 
          [ 1.108, -1.235,  0.052,  0.825], 
          [ 1.177, -1.218,  0.048,  0.814], 
          [ 1.241, -1.393,  0.035,  0.587]
        ]
    },
    {
        "id": 2,
        "keypoints3d": [
          [-0.966, -1.170,  1.516,  0.898], 
          [-1.019, -1.310,  1.353,  0.883], 
          [-0.877, -1.381,  1.349,  0.851], 
          [-0.873, -1.459,  1.091,  0.819], 
          [-0.936, -1.467,  0.884,  0.703], 
          [-1.170, -1.232,  1.349,  0.854], 
          [-1.208, -1.293,  1.087,  0.769], 
          [-1.137, -1.400,  0.890,  0.645], 
          [-1.007, -1.302,  0.830,  0.757], 
          [-0.915, -1.353,  0.823,  0.736], 
          [-0.947, -1.376,  0.443,  0.776], 
          [-0.999, -1.397,  0.098,  0.828], 
          [-1.098, -1.260,  0.833,  0.736], 
          [-1.110, -1.256,  0.464,  0.829], 
          [-1.211, -1.299,  0.090,  0.787], 
          [-0.938, -1.196,  1.544,  0.813], 
          [-1.004, -1.175,  1.555,  0.790], 
          [-0.915, -1.288,  1.540,  0.818], 
          [-1.078, -1.237,  1.556,  0.839], 
          [-1.200, -1.144,  0.040,  0.747], 
          [-1.247, -1.172,  0.046,  0.771], 
          [-1.221, -1.331,  0.051,  0.730], 
          [-0.921, -1.285,  0.059,  0.704], 
          [-0.905, -1.332,  0.065,  0.706], 
          [-1.028, -1.422,  0.065,  0.704]
        ]
    },
    {
        "id": 4,
        "keypoints3d": [
          [ 0.652,  1.006,  1.593,  0.837], 
          [ 0.694,  1.164,  1.422,  0.833], 
          [ 0.531,  1.152,  1.408,  0.829], 
          [ 0.490,  1.196,  1.138,  0.843], 
          [ 0.487,  1.169,  0.887,  0.874], 
          [ 0.857,  1.177,  1.436,  0.801], 
          [ 0.927,  1.225,  1.174,  0.838], 
          [ 0.953,  1.175,  0.922,  0.848], 
          [ 0.732,  1.153,  0.867,  0.728], 
          [ 0.636,  1.130,  0.862,  0.723], 
          [ 0.660,  1.128,  0.479,  0.809], 
          [ 0.624,  1.214,  0.097,  0.848], 
          [ 0.838,  1.171,  0.869,  0.691], 
          [ 0.898,  1.168,  0.502,  0.839], 
          [ 0.901,  1.262,  0.126,  0.836], 
          [ 0.606,  1.020,  1.647,  0.751], 
          [ 0.691,  1.007,  1.647,  0.861], 
          [ 0.574,  1.099,  1.637,  0.815], 
          [ 0.748,  1.073,  1.641,  0.761], 
          [ 0.958,  1.173,  0.030,  0.680], 
          [ 0.989,  1.209,  0.059,  0.686], 
          [ 0.874,  1.289,  0.084,  0.698], 
          [ 0.718,  1.092,  0.045,  0.722], 
          [ 0.664,  1.105,  0.035,  0.715], 
          [ 0.616,  1.245,  0.058,  0.763]
        ]
    },
    {
        "id": 6,
        "keypoints3d": [
          [-0.175,  0.220,  1.030,  0.888], 
          [-0.106,  0.234,  0.790,  0.837], 
          [-0.217,  0.327,  0.780,  0.796], 
          [-0.352,  0.356,  0.580,  0.767], 
          [-0.462,  0.182,  0.607,  0.787], 
          [ 0.004,  0.139,  0.813,  0.765], 
          [ 0.082, -0.080,  0.712,  0.761], 
          [-0.101, -0.204,  0.651,  0.780], 
          [-0.246,  0.006,  0.431,  0.671], 
          [-0.328,  0.085,  0.423,  0.661], 
          [-0.597, -0.264,  0.517,  0.797], 
          [-0.799, -0.488,  0.373,  0.684], 
          [-0.171, -0.061,  0.435,  0.661], 
          [-0.441, -0.429,  0.436,  0.751], 
          [-0.638, -0.424,  0.121,  0.796], 
          [-0.170,  0.262,  1.042,  0.853], 
          [-0.117,  0.214,  1.050,  0.882], 
          [-0.155,  0.352,  0.982,  0.816], 
          [-0.032,  0.231,  0.987,  0.848], 
          [-0.747, -0.518,  0.107,  0.694], 
          [-0.701, -0.541,  0.090,  0.670], 
          [-0.650, -0.380,  0.081,  0.663], 
          [-0.901, -0.585,  0.518,  0.552], 
          [-0.903, -0.549,  0.476,  0.586], 
          [-0.822, -0.544,  0.337,  0.613]
        ]
    }
]
