[
    {
        "id": 0,
        "keypoints3d": [
          [ 1.028, -1.332,  1.581,  0.884], 
          [ 1.134, -1.410,  1.389,  0.862], 
          [ 1.250, -1.295,  1.394,  0.823], 
          [ 1.146, -1.164,  1.182,  0.815], 
          [ 0.978, -1.361,  1.192,  0.797], 
          [ 0.997, -1.521,  1.380,  0.828], 
          [ 0.914, -1.449,  1.144,  0.855], 
          [ 1.072, -1.255,  1.177,  0.765], 
          [ 1.089, -1.358,  0.863,  0.729], 
          [ 1.151, -1.280,  0.865,  0.710], 
          [ 1.166, -1.311,  0.475,  0.765], 
          [ 1.240, -1.351,  0.087,  0.751], 
          [ 1.022, -1.434,  0.862,  0.716], 
          [ 1.036, -1.438,  0.471,  0.691], 
          [ 1.069, -1.468,  0.109,  0.740], 
          [ 1.078, -1.302,  1.622,  0.795], 
          [ 1.015, -1.363,  1.609,  0.870], 
          [ 1.170, -1.332,  1.604,  0.892], 
          [ 1.048, -1.462,  1.581,  0.835], 
          [ 0.980, -1.354,  0.064,  0.699], 
          [ 0.957, -1.434,  0.063,  0.701], 
          [ 1.102, -1.482,  0.061,  0.694], 
          [ 1.120, -1.239,  0.049,  0.681], 
          [ 1.181, -1.225,  0.046,  0.693], 
          [ 1.254, -1.382,  0.043,  0.641]
        ]
    },
    {
        "id": 2,
        "keypoints3d": [
          [-1.153, -1.069,  1.517,  0.868], 
          [-1.190, -1.228,  1.348,  0.858], 
          [-1.051, -1.302,  1.366,  0.837], 
          [-1.010, -1.428,  1.122,  0.847], 
          [-1.073, -1.436,  0.901,  0.826], 
          [-1.325, -1.148,  1.329,  0.861], 
          [-1.360, -1.221,  1.057,  0.766], 
          [-1.292, -1.365,  0.879,  0.608], 
          [-1.146, -1.284,  0.837,  0.725], 
          [-1.051, -1.327,  0.843,  0.724], 
          [-1.010, -1.311,  0.470,  0.834], 
          [-1.013, -1.388,  0.102,  0.839], 
          [-1.238, -1.244,  0.833,  0.708], 
          [-1.219, -1.278,  0.451,  0.817], 
          [-1.222, -1.304,  0.077,  0.865], 
          [-1.130, -1.100,  1.549,  0.870], 
          [-1.187, -1.073,  1.539,  0.886], 
          [-1.118, -1.195,  1.549,  0.708], 
          [-1.280, -1.123,  1.525,  0.834], 
          [-1.202, -1.143,  0.039,  0.734], 
          [-1.247, -1.169,  0.041,  0.758], 
          [-1.221, -1.330,  0.040,  0.702], 
          [-0.909, -1.282,  0.064,  0.706], 
          [-0.892, -1.320,  0.070,  0.714], 
          [-1.032, -1.409,  0.056,  0.775]
        ]
    },
    {
        "id": 4,
        "keypoints3d": [
          [ 0.418,  1.150,  1.585,  0.848], 
          [ 0.327,  1.305,  1.414,  0.854], 
          [ 0.204,  1.209,  1.428,  0.830], 
          [ 0.114,  1.229,  1.169,  0.792], 
          [ 0.103,  1.208,  0.915,  0.885], 
          [ 0.449,  1.409,  1.405,  0.798], 
          [ 0.519,  1.445,  1.134,  0.770], 
          [ 0.586,  1.372,  0.904,  0.831], 
          [ 0.319,  1.301,  0.871,  0.746], 
          [ 0.248,  1.231,  0.877,  0.712], 
          [ 0.347,  1.224,  0.493,  0.795], 
          [ 0.386,  1.268,  0.115,  0.809], 
          [ 0.384,  1.366,  0.871,  0.725], 
          [ 0.331,  1.363,  0.484,  0.740], 
          [ 0.264,  1.318,  0.113,  0.829], 
          [ 0.379,  1.150,  1.625,  0.769], 
          [ 0.444,  1.179,  1.627,  0.873], 
          [ 0.299,  1.200,  1.645,  0.766], 
          [ 0.473,  1.261,  1.624,  0.763], 
          [ 0.457,  1.275,  0.064,  0.594], 
          [ 0.431,  1.318,  0.058,  0.577], 
          [ 0.199,  1.344,  0.068,  0.700], 
          [ 0.592,  1.134,  0.073,  0.601], 
          [ 0.538,  1.120,  0.073,  0.628], 
          [ 0.398,  1.271,  0.084,  0.645]
        ]
    },
    {
        "id": 6,
        "keypoints3d": [
          [-0.019, -0.011,  1.037,  0.923], 
          [ 0.028,  0.009,  0.803,  0.819], 
          [ 0.036,  0.176,  0.801,  0.793], 
          [ 0.006,  0.323,  0.628,  0.872], 
          [-0.209,  0.317,  0.646,  0.757], 
          [-0.001, -0.147,  0.819,  0.841], 
          [-0.103, -0.308,  0.699,  0.822], 
          [-0.300, -0.250,  0.642,  0.832], 
          [-0.303,  0.020,  0.496,  0.742], 
          [-0.308,  0.126,  0.501,  0.710], 
          [-0.724,  0.204,  0.446,  0.892], 
          [-0.727,  0.323,  0.085,  0.771], 
          [-0.317, -0.107,  0.496,  0.715], 
          [-0.698, -0.168,  0.460,  0.894], 
          [-0.714, -0.205,  0.081,  0.823], 
          [ 0.013,  0.027,  1.043,  0.813], 
          [ 0.020, -0.034,  1.043,  0.829], 
          [ 0.055,  0.102,  0.994,  0.866], 
          [ 0.080, -0.088,  0.975,  0.807], 
          [-0.834, -0.313,  0.034,  0.712], 
          [-0.779, -0.331,  0.038,  0.706], 
          [-0.681, -0.170,  0.035,  0.703], 
          [-0.882,  0.348,  0.094,  0.788], 
          [-0.857,  0.389,  0.089,  0.804], 
          [-0.701,  0.336,  0.042,  0.756]
        ]
    }
]
