[
    {
        "id": 0,
        "keypoints3d": [
          [-1.021, -1.139,  1.518,  0.807], 
          [-1.072, -1.275,  1.354,  0.879], 
          [-0.940, -1.353,  1.356,  0.862], 
          [-0.934, -1.433,  1.098,  0.760], 
          [-0.973, -1.456,  0.918,  0.732], 
          [-1.221, -1.200,  1.350,  0.878], 
          [-1.266, -1.230,  1.090,  0.810], 
          [-1.203, -1.351,  0.895,  0.669], 
          [-1.058, -1.282,  0.842,  0.787], 
          [-0.970, -1.330,  0.837,  0.759], 
          [-0.985, -1.366,  0.450,  0.794], 
          [-1.010, -1.392,  0.099,  0.797], 
          [-1.144, -1.238,  0.841,  0.762], 
          [-1.173, -1.261,  0.461,  0.827], 
          [-1.219, -1.304,  0.083,  0.857], 
          [-1.001, -1.173,  1.559,  0.830], 
          [-1.058, -1.135,  1.561,  0.894], 
          [-0.986, -1.255,  1.551,  0.818], 
          [-1.131, -1.196,  1.550,  0.864], 
          [-1.202, -1.146,  0.044,  0.707], 
          [-1.250, -1.168,  0.046,  0.718], 
          [-1.223, -1.328,  0.048,  0.693], 
          [-0.906, -1.292,  0.064,  0.710], 
          [-0.892, -1.340,  0.066,  0.707], 
          [-1.038, -1.416,  0.055,  0.777]
        ]
    },
    {
        "id": 2,
        "keypoints3d": [
          [ 1.030, -1.326,  1.581,  0.878], 
          [ 1.134, -1.406,  1.387,  0.861], 
          [ 1.249, -1.295,  1.392,  0.821], 
          [ 1.149, -1.168,  1.177,  0.810], 
          [ 0.976, -1.366,  1.193,  0.770], 
          [ 0.997, -1.522,  1.378,  0.825], 
          [ 0.915, -1.446,  1.142,  0.862], 
          [ 1.074, -1.257,  1.175,  0.783], 
          [ 1.089, -1.362,  0.858,  0.727], 
          [ 1.151, -1.286,  0.862,  0.716], 
          [ 1.172, -1.316,  0.477,  0.745], 
          [ 1.237, -1.355,  0.091,  0.759], 
          [ 1.020, -1.436,  0.862,  0.713], 
          [ 1.037, -1.438,  0.475,  0.726], 
          [ 1.071, -1.469,  0.109,  0.838], 
          [ 1.076, -1.296,  1.621,  0.899], 
          [ 1.014, -1.360,  1.612,  0.859], 
          [ 1.174, -1.323,  1.607,  0.903], 
          [ 1.047, -1.458,  1.588,  0.845], 
          [ 0.983, -1.359,  0.064,  0.661], 
          [ 0.958, -1.430,  0.065,  0.670], 
          [ 1.103, -1.485,  0.065,  0.652], 
          [ 1.108, -1.243,  0.057,  0.622], 
          [ 1.166, -1.221,  0.057,  0.691], 
          [ 1.241, -1.392,  0.039,  0.590]
        ]
    },
    {
        "id": 4,
        "keypoints3d": [
          [ 0.598,  1.029,  1.576,  0.884], 
          [ 0.574,  1.198,  1.406,  0.878], 
          [ 0.421,  1.123,  1.406,  0.848], 
          [ 0.376,  1.161,  1.131,  0.813], 
          [ 0.411,  1.129,  0.881,  0.811], 
          [ 0.721,  1.276,  1.423,  0.823], 
          [ 0.776,  1.324,  1.168,  0.726], 
          [ 0.832,  1.287,  0.927,  0.802], 
          [ 0.613,  1.211,  0.870,  0.756], 
          [ 0.529,  1.162,  0.866,  0.737], 
          [ 0.604,  1.155,  0.482,  0.855], 
          [ 0.623,  1.209,  0.106,  0.789], 
          [ 0.697,  1.264,  0.870,  0.723], 
          [ 0.708,  1.277,  0.485,  0.831], 
          [ 0.487,  1.393,  0.219,  0.787], 
          [ 0.564,  1.022,  1.608,  0.788], 
          [ 0.641,  1.034,  1.619,  0.873], 
          [ 0.498,  1.082,  1.615,  0.772], 
          [ 0.679,  1.115,  1.635,  0.849], 
          [ 0.543,  1.383,  0.074,  0.576], 
          [ 0.557,  1.411,  0.096,  0.575], 
          [ 0.440,  1.413,  0.200,  0.627], 
          [ 0.724,  1.106,  0.052,  0.659], 
          [ 0.666,  1.102,  0.045,  0.681], 
          [ 0.605,  1.244,  0.065,  0.663]
        ]
    },
    {
        "id": 6,
        "keypoints3d": [
          [-0.079,  0.201,  1.020,  0.889], 
          [-0.030,  0.196,  0.793,  0.844], 
          [-0.099,  0.322,  0.778,  0.854], 
          [-0.222,  0.382,  0.576,  0.850], 
          [-0.390,  0.265,  0.614,  0.867], 
          [ 0.016,  0.054,  0.817,  0.802], 
          [ 0.044, -0.178,  0.732,  0.750], 
          [-0.138, -0.222,  0.661,  0.654], 
          [-0.330, -0.021,  0.485,  0.777], 
          [-0.367,  0.083,  0.483,  0.745], 
          [-0.730, -0.057,  0.488,  0.860], 
          [-0.892, -0.189,  0.202,  0.810], 
          [-0.298, -0.117,  0.507,  0.733], 
          [-0.577, -0.342,  0.453,  0.861], 
          [-0.677, -0.253,  0.113,  0.831], 
          [-0.056,  0.250,  1.039,  0.858], 
          [-0.019,  0.179,  1.044,  0.906], 
          [-0.020,  0.318,  0.966,  0.718], 
          [ 0.050,  0.143,  0.983,  0.891], 
          [-0.824, -0.277,  0.070,  0.651], 
          [-0.770, -0.304,  0.055,  0.694], 
          [-0.652, -0.213,  0.064,  0.722], 
          [-1.029, -0.260,  0.238,  0.708], 
          [-1.026, -0.202,  0.231,  0.711], 
          [-0.885, -0.195,  0.154,  0.707]
        ]
    }
]
