[
    {
        "id": 0,
        "keypoints3d": [
          [-0.947, -1.172,  1.508,  0.884], 
          [-0.999, -1.320,  1.346,  0.882], 
          [-0.859, -1.388,  1.344,  0.869], 
          [-0.854, -1.468,  1.087,  0.843], 
          [-0.913, -1.486,  0.872,  0.704], 
          [-1.154, -1.256,  1.349,  0.849], 
          [-1.186, -1.319,  1.083,  0.768], 
          [-1.111, -1.426,  0.870,  0.784], 
          [-0.992, -1.324,  0.823,  0.756], 
          [-0.904, -1.375,  0.818,  0.748], 
          [-0.931, -1.382,  0.449,  0.781], 
          [-0.992, -1.400,  0.106,  0.829], 
          [-1.072, -1.284,  0.830,  0.745], 
          [-1.089, -1.240,  0.475,  0.812], 
          [-1.200, -1.292,  0.097,  0.852], 
          [-0.918, -1.206,  1.539,  0.809], 
          [-0.983, -1.184,  1.545,  0.871], 
          [-0.905, -1.291,  1.532,  0.715], 
          [-1.063, -1.251,  1.549,  0.845], 
          [-1.192, -1.141,  0.044,  0.756], 
          [-1.237, -1.163,  0.046,  0.795], 
          [-1.213, -1.331,  0.053,  0.751], 
          [-0.909, -1.292,  0.058,  0.743], 
          [-0.880, -1.337,  0.071,  0.721], 
          [-1.020, -1.416,  0.075,  0.711]
        ]
    },
    {
        "id": 2,
        "keypoints3d": [
          [ 1.037, -1.318,  1.579,  0.878], 
          [ 1.134, -1.407,  1.387,  0.863], 
          [ 1.250, -1.294,  1.392,  0.820], 
          [ 1.144, -1.171,  1.179,  0.795], 
          [ 0.971, -1.362,  1.189,  0.805], 
          [ 0.997, -1.517,  1.380,  0.821], 
          [ 0.912, -1.444,  1.146,  0.889], 
          [ 1.071, -1.258,  1.172,  0.775], 
          [ 1.090, -1.359,  0.855,  0.727], 
          [ 1.154, -1.281,  0.862,  0.716], 
          [ 1.179, -1.308,  0.471,  0.807], 
          [ 1.231, -1.356,  0.076,  0.761], 
          [ 1.022, -1.434,  0.862,  0.709], 
          [ 1.037, -1.439,  0.472,  0.719], 
          [ 1.069, -1.465,  0.101,  0.838], 
          [ 1.075, -1.294,  1.614,  0.807], 
          [ 1.018, -1.357,  1.607,  0.870], 
          [ 1.174, -1.318,  1.606,  0.901], 
          [ 1.049, -1.457,  1.588,  0.860], 
          [ 0.974, -1.364,  0.059,  0.663], 
          [ 0.954, -1.434,  0.058,  0.671], 
          [ 1.100, -1.483,  0.055,  0.661], 
          [ 1.113, -1.238,  0.053,  0.814], 
          [ 1.176, -1.219,  0.052,  0.805], 
          [ 1.245, -1.392,  0.036,  0.630]
        ]
    },
    {
        "id": 4,
        "keypoints3d": [
          [ 0.694,  0.986,  1.603,  0.800], 
          [ 0.763,  1.155,  1.420,  0.844], 
          [ 0.606,  1.168,  1.410,  0.834], 
          [ 0.568,  1.229,  1.135,  0.833], 
          [ 0.538,  1.190,  0.878,  0.849], 
          [ 0.923,  1.141,  1.422,  0.826], 
          [ 0.989,  1.154,  1.158,  0.805], 
          [ 0.999,  1.078,  0.923,  0.774], 
          [ 0.785,  1.137,  0.853,  0.720], 
          [ 0.682,  1.140,  0.854,  0.712], 
          [ 0.686,  1.131,  0.479,  0.812], 
          [ 0.633,  1.206,  0.107,  0.814], 
          [ 0.888,  1.140,  0.859,  0.695], 
          [ 0.977,  1.116,  0.495,  0.791], 
          [ 1.057,  1.156,  0.110,  0.803], 
          [ 0.647,  1.021,  1.649,  0.761], 
          [ 0.724,  1.008,  1.641,  0.897], 
          [ 0.647,  1.089,  1.637,  0.729], 
          [ 0.814,  1.061,  1.643,  0.910], 
          [ 1.041,  1.012,  0.046,  0.568], 
          [ 1.101,  1.033,  0.055,  0.578], 
          [ 1.064,  1.193,  0.063,  0.729], 
          [ 0.714,  1.097,  0.044,  0.706], 
          [ 0.664,  1.108,  0.033,  0.715], 
          [ 0.612,  1.238,  0.061,  0.698]
        ]
    },
    {
        "id": 6,
        "keypoints3d": [
          [-0.209,  0.197,  1.027,  0.833], 
          [-0.154,  0.238,  0.792,  0.835], 
          [-0.272,  0.326,  0.778,  0.783], 
          [-0.397,  0.326,  0.580,  0.760], 
          [-0.483,  0.152,  0.606,  0.788], 
          [-0.035,  0.144,  0.829,  0.798], 
          [ 0.092, -0.043,  0.715,  0.769], 
          [-0.079, -0.184,  0.629,  0.786], 
          [-0.255, -0.017,  0.439,  0.701], 
          [-0.339,  0.061,  0.426,  0.659], 
          [-0.560, -0.293,  0.482,  0.790], 
          [-0.787, -0.621,  0.402,  0.739], 
          [-0.168, -0.082,  0.450,  0.704], 
          [-0.340, -0.468,  0.430,  0.735], 
          [-0.554, -0.570,  0.126,  0.775], 
          [-0.210,  0.239,  1.036,  0.871], 
          [-0.161,  0.199,  1.044,  0.723], 
          [-0.199,  0.324,  0.989,  0.843], 
          [-0.075,  0.237,  0.997,  0.805], 
          [-0.599, -0.691,  0.120,  0.645], 
          [-0.556, -0.679,  0.107,  0.657], 
          [-0.581, -0.544,  0.084,  0.679], 
          [-0.839, -0.714,  0.534,  0.582], 
          [-0.854, -0.691,  0.498,  0.543], 
          [-0.803, -0.648,  0.369,  0.615]
        ]
    }
]
