[
    {
        "id": 0,
        "keypoints3d": [
          [ 1.026, -1.329,  1.581,  0.883], 
          [ 1.133, -1.409,  1.389,  0.859], 
          [ 1.250, -1.295,  1.393,  0.823], 
          [ 1.145, -1.167,  1.179,  0.817], 
          [ 0.978, -1.357,  1.194,  0.781], 
          [ 0.997, -1.521,  1.379,  0.828], 
          [ 0.913, -1.445,  1.143,  0.862], 
          [ 1.072, -1.255,  1.175,  0.775], 
          [ 1.092, -1.362,  0.860,  0.728], 
          [ 1.151, -1.287,  0.867,  0.714], 
          [ 1.167, -1.315,  0.476,  0.731], 
          [ 1.235, -1.359,  0.092,  0.703], 
          [ 1.027, -1.435,  0.861,  0.714], 
          [ 1.040, -1.443,  0.478,  0.728], 
          [ 1.072, -1.468,  0.108,  0.814], 
          [ 1.076, -1.298,  1.622,  0.804], 
          [ 1.015, -1.361,  1.612,  0.864], 
          [ 1.172, -1.328,  1.605,  0.897], 
          [ 1.047, -1.462,  1.586,  0.842], 
          [ 0.981, -1.356,  0.062,  0.651], 
          [ 0.957, -1.430,  0.060,  0.661], 
          [ 1.102, -1.482,  0.065,  0.641], 
          [ 1.118, -1.245,  0.048,  0.693], 
          [ 1.184, -1.226,  0.044,  0.708], 
          [ 1.252, -1.388,  0.044,  0.588]
        ]
    },
    {
        "id": 2,
        "keypoints3d": [
          [-1.077, -1.101,  1.519,  0.907], 
          [-1.120, -1.250,  1.358,  0.870], 
          [-0.975, -1.336,  1.365,  0.857], 
          [-0.973, -1.433,  1.117,  0.835], 
          [-0.993, -1.465,  0.938,  0.788], 
          [-1.266, -1.177,  1.344,  0.851], 
          [-1.307, -1.242,  1.090,  0.779], 
          [-1.239, -1.372,  0.902,  0.742], 
          [-1.089, -1.292,  0.840,  0.764], 
          [-1.000, -1.333,  0.839,  0.750], 
          [-1.002, -1.362,  0.452,  0.803], 
          [-1.007, -1.391,  0.095,  0.799], 
          [-1.179, -1.246,  0.834,  0.740], 
          [-1.190, -1.267,  0.458,  0.824], 
          [-1.220, -1.303,  0.078,  0.829], 
          [-1.058, -1.134,  1.563,  0.785], 
          [-1.119, -1.119,  1.547,  0.875], 
          [-1.029, -1.238,  1.556,  0.694], 
          [-1.192, -1.161,  1.544,  0.871], 
          [-1.203, -1.141,  0.044,  0.765], 
          [-1.252, -1.172,  0.045,  0.779], 
          [-1.219, -1.326,  0.036,  0.726], 
          [-0.905, -1.286,  0.063,  0.719], 
          [-0.884, -1.328,  0.067,  0.715], 
          [-1.032, -1.412,  0.054,  0.793]
        ]
    },
    {
        "id": 4,
        "keypoints3d": [
          [ 0.554,  1.040,  1.569,  0.899], 
          [ 0.494,  1.229,  1.402,  0.886], 
          [ 0.357,  1.143,  1.404,  0.841], 
          [ 0.295,  1.179,  1.138,  0.795], 
          [ 0.303,  1.166,  0.881,  0.812], 
          [ 0.624,  1.312,  1.405,  0.838], 
          [ 0.684,  1.360,  1.157,  0.783], 
          [ 0.732,  1.287,  0.924,  0.851], 
          [ 0.507,  1.257,  0.873,  0.729], 
          [ 0.435,  1.194,  0.871,  0.716], 
          [ 0.543,  1.183,  0.480,  0.772], 
          [ 0.616,  1.222,  0.091,  0.749], 
          [ 0.579,  1.316,  0.869,  0.715], 
          [ 0.542,  1.341,  0.485,  0.777], 
          [ 0.287,  1.362,  0.178,  0.799], 
          [ 0.503,  1.048,  1.603,  0.794], 
          [ 0.568,  1.062,  1.616,  0.859], 
          [ 0.428,  1.100,  1.610,  0.876], 
          [ 0.590,  1.164,  1.623,  0.856], 
          [ 0.371,  1.339,  0.051,  0.616], 
          [ 0.365,  1.369,  0.069,  0.587], 
          [ 0.220,  1.357,  0.155,  0.619], 
          [ 0.736,  1.098,  0.049,  0.664], 
          [ 0.684,  1.094,  0.043,  0.659], 
          [ 0.614,  1.238,  0.050,  0.646]
        ]
    },
    {
        "id": 6,
        "keypoints3d": [
          [-0.037,  0.130,  1.026,  0.900], 
          [-0.003,  0.128,  0.802,  0.848], 
          [-0.044,  0.273,  0.789,  0.824], 
          [-0.147,  0.377,  0.601,  0.874], 
          [-0.344,  0.300,  0.620,  0.889], 
          [ 0.031, -0.024,  0.822,  0.797], 
          [-0.003, -0.237,  0.727,  0.752], 
          [-0.197, -0.246,  0.659,  0.817], 
          [-0.336, -0.008,  0.491,  0.785], 
          [-0.361,  0.103,  0.487,  0.731], 
          [-0.731,  0.048,  0.450,  0.893], 
          [-0.773,  0.096,  0.080,  0.851], 
          [-0.318, -0.108,  0.512,  0.751], 
          [-0.639, -0.298,  0.471,  0.859], 
          [-0.686, -0.239,  0.098,  0.827], 
          [-0.016,  0.175,  1.049,  0.831], 
          [ 0.016,  0.100,  1.049,  0.898], 
          [ 0.024,  0.242,  0.986,  0.884], 
          [ 0.092,  0.074,  0.986,  0.872], 
          [-0.848, -0.288,  0.058,  0.784], 
          [-0.808, -0.323,  0.054,  0.784], 
          [-0.674, -0.185,  0.054,  0.730], 
          [-0.932,  0.054,  0.061,  0.779], 
          [-0.904,  0.101,  0.054,  0.770], 
          [-0.744,  0.101,  0.018,  0.718]
        ]
    }
]
