[
    {
        "id": 0,
        "keypoints3d": [
          [ 1.030, -1.326,  1.581,  0.879], 
          [ 1.132, -1.408,  1.387,  0.861], 
          [ 1.249, -1.293,  1.392,  0.820], 
          [ 1.144, -1.167,  1.179,  0.806], 
          [ 0.975, -1.364,  1.190,  0.788], 
          [ 0.999, -1.521,  1.378,  0.825], 
          [ 0.914, -1.444,  1.143,  0.860], 
          [ 1.071, -1.255,  1.178,  0.783], 
          [ 1.089, -1.362,  0.860,  0.729], 
          [ 1.151, -1.285,  0.866,  0.717], 
          [ 1.172, -1.314,  0.478,  0.735], 
          [ 1.238, -1.357,  0.095,  0.728], 
          [ 1.022, -1.437,  0.861,  0.715], 
          [ 1.040, -1.442,  0.478,  0.726], 
          [ 1.069, -1.471,  0.111,  0.825], 
          [ 1.076, -1.296,  1.624,  0.901], 
          [ 1.014, -1.360,  1.612,  0.863], 
          [ 1.172, -1.327,  1.605,  0.899], 
          [ 1.048, -1.455,  1.586,  0.845], 
          [ 0.988, -1.356,  0.059,  0.716], 
          [ 0.961, -1.430,  0.059,  0.719], 
          [ 1.107, -1.485,  0.066,  0.645], 
          [ 1.108, -1.242,  0.055,  0.811], 
          [ 1.170, -1.220,  0.054,  0.803], 
          [ 1.245, -1.391,  0.041,  0.552]
        ]
    },
    {
        "id": 2,
        "keypoints3d": [
          [-1.049, -1.116,  1.522,  0.899], 
          [-1.086, -1.264,  1.355,  0.862], 
          [-0.958, -1.343,  1.362,  0.861], 
          [-0.940, -1.433,  1.107,  0.766], 
          [-0.961, -1.457,  0.933,  0.763], 
          [-1.233, -1.196,  1.351,  0.866], 
          [-1.276, -1.233,  1.095,  0.803], 
          [-1.228, -1.335,  0.899,  0.574], 
          [-1.065, -1.289,  0.841,  0.781], 
          [-0.977, -1.332,  0.840,  0.756], 
          [-0.987, -1.371,  0.456,  0.814], 
          [-1.005, -1.393,  0.101,  0.808], 
          [-1.152, -1.242,  0.841,  0.760], 
          [-1.179, -1.273,  0.460,  0.825], 
          [-1.217, -1.302,  0.083,  0.852], 
          [-1.020, -1.157,  1.557,  0.797], 
          [-1.085, -1.124,  1.559,  0.885], 
          [-1.000, -1.245,  1.550,  0.774], 
          [-1.150, -1.177,  1.545,  0.863], 
          [-1.203, -1.141,  0.042,  0.770], 
          [-1.250, -1.171,  0.042,  0.778], 
          [-1.220, -1.326,  0.046,  0.687], 
          [-0.899, -1.294,  0.061,  0.714], 
          [-0.886, -1.342,  0.062,  0.714], 
          [-1.031, -1.413,  0.056,  0.724]
        ]
    },
    {
        "id": 4,
        "keypoints3d": [
          [ 0.578,  1.030,  1.573,  0.909], 
          [ 0.547,  1.219,  1.408,  0.881], 
          [ 0.403,  1.127,  1.406,  0.861], 
          [ 0.348,  1.160,  1.139,  0.870], 
          [ 0.380,  1.155,  0.875,  0.870], 
          [ 0.679,  1.287,  1.424,  0.828], 
          [ 0.747,  1.336,  1.169,  0.773], 
          [ 0.791,  1.277,  0.928,  0.815], 
          [ 0.575,  1.233,  0.871,  0.751], 
          [ 0.493,  1.183,  0.869,  0.724], 
          [ 0.586,  1.161,  0.485,  0.834], 
          [ 0.622,  1.205,  0.109,  0.777], 
          [ 0.652,  1.286,  0.873,  0.748], 
          [ 0.652,  1.294,  0.494,  0.813], 
          [ 0.400,  1.384,  0.238,  0.814], 
          [ 0.551,  1.029,  1.601,  0.778], 
          [ 0.624,  1.038,  1.615,  0.841], 
          [ 0.481,  1.086,  1.612,  0.879], 
          [ 0.638,  1.133,  1.627,  0.860], 
          [ 0.437,  1.335,  0.079,  0.569], 
          [ 0.452,  1.352,  0.100,  0.538], 
          [ 0.346,  1.401,  0.227,  0.642], 
          [ 0.717,  1.114,  0.041,  0.603], 
          [ 0.665,  1.112,  0.033,  0.624], 
          [ 0.608,  1.240,  0.065,  0.669]
        ]
    },
    {
        "id": 6,
        "keypoints3d": [
          [-0.051,  0.167,  1.019,  0.878], 
          [-0.024,  0.172,  0.797,  0.824], 
          [-0.081,  0.315,  0.781,  0.844], 
          [-0.196,  0.382,  0.583,  0.837], 
          [-0.376,  0.280,  0.612,  0.876], 
          [ 0.028,  0.025,  0.814,  0.772], 
          [ 0.047, -0.178,  0.723,  0.682], 
          [-0.158, -0.222,  0.652,  0.683], 
          [-0.326, -0.012,  0.483,  0.770], 
          [-0.355,  0.089,  0.480,  0.737], 
          [-0.742, -0.008,  0.477,  0.867], 
          [-0.867, -0.090,  0.131,  0.833], 
          [-0.300, -0.113,  0.509,  0.736], 
          [-0.601, -0.323,  0.459,  0.880], 
          [-0.685, -0.234,  0.102,  0.833], 
          [-0.037,  0.220,  1.038,  0.840], 
          [-0.011,  0.149,  1.049,  0.872], 
          [ 0.015,  0.284,  0.962,  0.727], 
          [ 0.073,  0.136,  0.981,  0.894], 
          [-0.828, -0.278,  0.063,  0.704], 
          [-0.794, -0.320,  0.058,  0.672], 
          [-0.657, -0.217,  0.056,  0.728], 
          [-1.014, -0.143,  0.161,  0.708], 
          [-0.993, -0.091,  0.154,  0.706], 
          [-0.846, -0.097,  0.094,  0.722]
        ]
    }
]
