[
    {
        "id": 0,
        "keypoints3d": [
          [-0.954, -1.171,  1.511,  0.885], 
          [-1.007, -1.318,  1.349,  0.882], 
          [-0.863, -1.389,  1.343,  0.864], 
          [-0.865, -1.471,  1.083,  0.832], 
          [-0.919, -1.484,  0.866,  0.716], 
          [-1.156, -1.253,  1.349,  0.849], 
          [-1.193, -1.311,  1.085,  0.765], 
          [-1.117, -1.425,  0.881,  0.675], 
          [-0.993, -1.322,  0.823,  0.750], 
          [-0.907, -1.372,  0.818,  0.742], 
          [-0.936, -1.382,  0.447,  0.779], 
          [-0.997, -1.398,  0.105,  0.772], 
          [-1.075, -1.280,  0.830,  0.742], 
          [-1.095, -1.243,  0.476,  0.819], 
          [-1.203, -1.296,  0.107,  0.828], 
          [-0.922, -1.205,  1.540,  0.828], 
          [-0.993, -1.184,  1.550,  0.860], 
          [-0.909, -1.294,  1.535,  0.729], 
          [-1.066, -1.248,  1.550,  0.843], 
          [-1.195, -1.143,  0.042,  0.757], 
          [-1.239, -1.167,  0.047,  0.740], 
          [-1.216, -1.331,  0.065,  0.709], 
          [-0.917, -1.291,  0.057,  0.744], 
          [-0.896, -1.332,  0.065,  0.717], 
          [-1.031, -1.413,  0.068,  0.718]
        ]
    },
    {
        "id": 2,
        "keypoints3d": [
          [ 1.039, -1.318,  1.581,  0.879], 
          [ 1.134, -1.407,  1.387,  0.861], 
          [ 1.252, -1.294,  1.392,  0.820], 
          [ 1.144, -1.171,  1.179,  0.796], 
          [ 0.978, -1.362,  1.189,  0.806], 
          [ 0.998, -1.517,  1.380,  0.820], 
          [ 0.913, -1.445,  1.145,  0.820], 
          [ 1.075, -1.260,  1.174,  0.776], 
          [ 1.091, -1.359,  0.858,  0.729], 
          [ 1.156, -1.282,  0.864,  0.719], 
          [ 1.179, -1.308,  0.474,  0.810], 
          [ 1.233, -1.355,  0.080,  0.755], 
          [ 1.023, -1.434,  0.865,  0.710], 
          [ 1.037, -1.440,  0.474,  0.722], 
          [ 1.067, -1.464,  0.105,  0.850], 
          [ 1.075, -1.294,  1.614,  0.805], 
          [ 1.018, -1.357,  1.607,  0.866], 
          [ 1.175, -1.320,  1.607,  0.900], 
          [ 1.049, -1.457,  1.587,  0.859], 
          [ 0.975, -1.364,  0.060,  0.660], 
          [ 0.954, -1.436,  0.059,  0.676], 
          [ 1.100, -1.484,  0.056,  0.670], 
          [ 1.112, -1.235,  0.055,  0.810], 
          [ 1.176, -1.219,  0.052,  0.800], 
          [ 1.246, -1.391,  0.037,  0.629]
        ]
    },
    {
        "id": 4,
        "keypoints3d": [
          [ 0.688,  0.982,  1.603,  0.817], 
          [ 0.735,  1.154,  1.422,  0.854], 
          [ 0.581,  1.169,  1.414,  0.841], 
          [ 0.534,  1.208,  1.135,  0.830], 
          [ 0.518,  1.179,  0.876,  0.852], 
          [ 0.903,  1.145,  1.424,  0.837], 
          [ 0.980,  1.167,  1.161,  0.849], 
          [ 0.978,  1.109,  0.925,  0.839], 
          [ 0.775,  1.138,  0.856,  0.713], 
          [ 0.669,  1.140,  0.854,  0.720], 
          [ 0.678,  1.130,  0.480,  0.816], 
          [ 0.634,  1.209,  0.108,  0.830], 
          [ 0.875,  1.146,  0.862,  0.698], 
          [ 0.957,  1.133,  0.494,  0.787], 
          [ 1.018,  1.188,  0.102,  0.773], 
          [ 0.644,  1.015,  1.648,  0.705], 
          [ 0.715,  1.003,  1.641,  0.897], 
          [ 0.630,  1.084,  1.639,  0.781], 
          [ 0.791,  1.066,  1.637,  0.866], 
          [ 1.032,  1.064,  0.038,  0.545], 
          [ 1.092,  1.099,  0.040,  0.557], 
          [ 1.018,  1.221,  0.068,  0.756], 
          [ 0.715,  1.092,  0.050,  0.695], 
          [ 0.665,  1.104,  0.042,  0.682], 
          [ 0.613,  1.241,  0.060,  0.707]
        ]
    },
    {
        "id": 6,
        "keypoints3d": [
          [-0.205,  0.195,  1.025,  0.804], 
          [-0.148,  0.236,  0.788,  0.833], 
          [-0.261,  0.331,  0.781,  0.783], 
          [-0.392,  0.331,  0.579,  0.851], 
          [-0.479,  0.154,  0.611,  0.866], 
          [-0.038,  0.131,  0.825,  0.765], 
          [ 0.100, -0.053,  0.728,  0.805], 
          [-0.063, -0.194,  0.650,  0.828], 
          [-0.276, -0.042,  0.453,  0.693], 
          [-0.360,  0.040,  0.441,  0.675], 
          [-0.580, -0.292,  0.491,  0.779], 
          [-0.788, -0.573,  0.373,  0.675], 
          [-0.196, -0.120,  0.460,  0.678], 
          [-0.366, -0.475,  0.438,  0.801], 
          [-0.585, -0.559,  0.139,  0.669], 
          [-0.197,  0.247,  1.033,  0.880], 
          [-0.153,  0.202,  1.038,  0.668], 
          [-0.182,  0.332,  0.985,  0.841], 
          [-0.071,  0.237,  0.992,  0.739], 
          [-0.635, -0.681,  0.135,  0.662], 
          [-0.586, -0.675,  0.120,  0.669], 
          [-0.600, -0.525,  0.093,  0.587], 
          [-0.882, -0.650,  0.511,  0.618], 
          [-0.878, -0.637,  0.474,  0.513], 
          [-0.812, -0.598,  0.345,  0.601]
        ]
    }
]
