[
    {
        "id": 0,
        "keypoints3d": [
          [ 1.021, -1.336,  1.580,  0.881], 
          [ 1.131, -1.409,  1.388,  0.859], 
          [ 1.249, -1.298,  1.393,  0.830], 
          [ 1.139, -1.165,  1.181,  0.818], 
          [ 0.974, -1.360,  1.201,  0.810], 
          [ 0.998, -1.523,  1.376,  0.827], 
          [ 0.916, -1.452,  1.143,  0.855], 
          [ 1.064, -1.257,  1.176,  0.761], 
          [ 1.090, -1.361,  0.862,  0.724], 
          [ 1.149, -1.284,  0.866,  0.715], 
          [ 1.171, -1.310,  0.473,  0.780], 
          [ 1.241, -1.351,  0.083,  0.772], 
          [ 1.021, -1.436,  0.859,  0.710], 
          [ 1.036, -1.438,  0.470,  0.663], 
          [ 1.070, -1.467,  0.101,  0.842], 
          [ 1.070, -1.326,  1.628,  0.805], 
          [ 1.010, -1.362,  1.609,  0.857], 
          [ 1.163, -1.336,  1.603,  0.893], 
          [ 1.042, -1.465,  1.582,  0.839], 
          [ 0.972, -1.363,  0.060,  0.718], 
          [ 0.958, -1.434,  0.059,  0.733], 
          [ 1.104, -1.481,  0.053,  0.701], 
          [ 1.117, -1.251,  0.047,  0.711], 
          [ 1.185, -1.223,  0.044,  0.711], 
          [ 1.253, -1.385,  0.038,  0.676]
        ]
    },
    {
        "id": 2,
        "keypoints3d": [
          [-1.211, -1.124,  1.524,  0.898], 
          [-1.205, -1.265,  1.346,  0.874], 
          [-1.050, -1.293,  1.353,  0.858], 
          [-1.021, -1.360,  1.081,  0.829], 
          [-1.078, -1.382,  0.886,  0.816], 
          [-1.379, -1.240,  1.344,  0.835], 
          [-1.401, -1.309,  1.083,  0.814], 
          [-1.337, -1.331,  0.857,  0.647], 
          [-1.200, -1.231,  0.832,  0.758], 
          [-1.094, -1.234,  0.835,  0.744], 
          [-1.066, -1.223,  0.470,  0.835], 
          [-1.082, -1.303,  0.113,  0.816], 
          [-1.300, -1.234,  0.828,  0.730], 
          [-1.267, -1.264,  0.444,  0.843], 
          [-1.229, -1.302,  0.085,  0.823], 
          [-1.195, -1.136,  1.557,  0.875], 
          [-1.258, -1.136,  1.564,  0.788], 
          [-1.128, -1.216,  1.547,  0.780], 
          [-1.307, -1.204,  1.545,  0.876], 
          [-1.212, -1.150,  0.043,  0.691], 
          [-1.253, -1.168,  0.052,  0.717], 
          [-1.215, -1.346,  0.045,  0.594], 
          [-0.964, -1.207,  0.067,  0.741], 
          [-0.949, -1.250,  0.078,  0.747], 
          [-1.106, -1.332,  0.064,  0.738]
        ]
    },
    {
        "id": 4,
        "keypoints3d": [
          [ 0.059,  1.175,  1.578,  0.826], 
          [-0.097,  1.263,  1.406,  0.853], 
          [-0.162,  1.116,  1.399,  0.828], 
          [-0.190,  1.085,  1.118,  0.764], 
          [-0.076,  1.075,  0.906,  0.840], 
          [-0.043,  1.424,  1.406,  0.840], 
          [-0.068,  1.480,  1.136,  0.808], 
          [-0.021,  1.478,  0.897,  0.803], 
          [-0.107,  1.280,  0.862,  0.730], 
          [-0.143,  1.179,  0.860,  0.735], 
          [-0.183,  1.186,  0.485,  0.799], 
          [-0.360,  1.219,  0.106,  0.817], 
          [-0.071,  1.369,  0.863,  0.716], 
          [ 0.049,  1.368,  0.490,  0.806], 
          [ 0.152,  1.374,  0.127,  0.832], 
          [ 0.037,  1.153,  1.623,  0.858], 
          [ 0.081,  1.211,  1.628,  0.689], 
          [-0.061,  1.148,  1.614,  0.797], 
          [ 0.026,  1.293,  1.613,  0.729], 
          [ 0.294,  1.353,  0.055,  0.650], 
          [ 0.286,  1.393,  0.077,  0.653], 
          [ 0.146,  1.370,  0.069,  0.695], 
          [-0.197,  1.237,  0.052,  0.730], 
          [-0.237,  1.193,  0.045,  0.736], 
          [-0.402,  1.229,  0.067,  0.786]
        ]
    },
    {
        "id": 6,
        "keypoints3d": [
          [-0.351,  0.072,  1.004,  0.840], 
          [-0.167,  0.031,  0.879,  0.815], 
          [-0.109,  0.161,  0.880,  0.780], 
          [ 0.043,  0.296,  0.757,  0.715], 
          [-0.147,  0.360,  0.652,  0.823], 
          [-0.222, -0.104,  0.877,  0.784], 
          [-0.321, -0.300,  0.773,  0.760], 
          [-0.432, -0.169,  0.647,  0.744], 
          [-0.291,  0.044,  0.464,  0.746], 
          [-0.236,  0.137,  0.459,  0.686], 
          [-0.534,  0.408,  0.459,  0.761], 
          [-0.658,  0.338,  0.121,  0.702], 
          [-0.342, -0.051,  0.458,  0.701], 
          [-0.721,  0.091,  0.473,  0.857], 
          [-0.686,  0.159,  0.104,  0.788], 
          [-0.319,  0.078,  1.030,  0.752], 
          [-0.353,  0.045,  1.040,  0.858], 
          [-0.224,  0.124,  1.032,  0.818], 
          [-0.270, -0.011,  1.044,  0.732], 
          [-0.825,  0.266,  0.050,  0.766], 
          [-0.813,  0.203,  0.049,  0.788], 
          [-0.649,  0.175,  0.070,  0.597], 
          [-0.786,  0.442,  0.116,  0.755], 
          [-0.735,  0.461,  0.108,  0.751], 
          [-0.670,  0.317,  0.092,  0.732]
        ]
    }
]
