[
    {
        "id": 0,
        "keypoints3d": [
          [ 1.018, -1.336,  1.580,  0.884], 
          [ 1.131, -1.409,  1.388,  0.861], 
          [ 1.249, -1.298,  1.393,  0.832], 
          [ 1.140, -1.166,  1.182,  0.827], 
          [ 0.974, -1.361,  1.199,  0.802], 
          [ 0.998, -1.522,  1.378,  0.829], 
          [ 0.916, -1.452,  1.144,  0.856], 
          [ 1.064, -1.257,  1.177,  0.762], 
          [ 1.090, -1.360,  0.860,  0.726], 
          [ 1.150, -1.285,  0.866,  0.718], 
          [ 1.178, -1.307,  0.474,  0.739], 
          [ 1.241, -1.351,  0.086,  0.737], 
          [ 1.019, -1.435,  0.860,  0.709], 
          [ 1.036, -1.440,  0.470,  0.687], 
          [ 1.070, -1.467,  0.101,  0.843], 
          [ 1.070, -1.326,  1.627,  0.806], 
          [ 1.012, -1.362,  1.610,  0.859], 
          [ 1.164, -1.334,  1.603,  0.894], 
          [ 1.042, -1.465,  1.582,  0.845], 
          [ 0.987, -1.361,  0.059,  0.702], 
          [ 0.961, -1.433,  0.057,  0.704], 
          [ 1.100, -1.481,  0.052,  0.702], 
          [ 1.118, -1.249,  0.044,  0.716], 
          [ 1.185, -1.222,  0.041,  0.714], 
          [ 1.253, -1.383,  0.039,  0.676]
        ]
    },
    {
        "id": 2,
        "keypoints3d": [
          [-1.205, -1.112,  1.521,  0.894], 
          [-1.209, -1.257,  1.344,  0.876], 
          [-1.055, -1.303,  1.352,  0.865], 
          [-1.027, -1.357,  1.088,  0.827], 
          [-1.072, -1.391,  0.887,  0.820], 
          [-1.383, -1.219,  1.338,  0.825], 
          [-1.411, -1.287,  1.077,  0.805], 
          [-1.331, -1.327,  0.844,  0.704], 
          [-1.189, -1.237,  0.835,  0.754], 
          [-1.086, -1.250,  0.838,  0.747], 
          [-1.057, -1.220,  0.472,  0.840], 
          [-1.074, -1.306,  0.109,  0.827], 
          [-1.288, -1.230,  0.824,  0.735], 
          [-1.259, -1.269,  0.447,  0.845], 
          [-1.223, -1.306,  0.082,  0.834], 
          [-1.187, -1.130,  1.560,  0.805], 
          [-1.243, -1.116,  1.554,  0.826], 
          [-1.130, -1.217,  1.547,  0.780], 
          [-1.307, -1.197,  1.542,  0.771], 
          [-1.207, -1.151,  0.041,  0.721], 
          [-1.251, -1.172,  0.048,  0.728], 
          [-1.214, -1.354,  0.043,  0.579], 
          [-0.992, -1.171,  0.087,  0.702], 
          [-0.965, -1.227,  0.087,  0.685], 
          [-1.096, -1.335,  0.061,  0.735]
        ]
    },
    {
        "id": 4,
        "keypoints3d": [
          [ 0.126,  1.194,  1.572,  0.872], 
          [-0.016,  1.307,  1.409,  0.856], 
          [-0.087,  1.142,  1.406,  0.842], 
          [-0.118,  1.102,  1.135,  0.876], 
          [-0.063,  1.063,  0.902,  0.882], 
          [ 0.046,  1.443,  1.404,  0.828], 
          [ 0.025,  1.509,  1.130,  0.769], 
          [ 0.060,  1.499,  0.882,  0.843], 
          [-0.015,  1.282,  0.860,  0.728], 
          [-0.054,  1.180,  0.858,  0.705], 
          [-0.115,  1.202,  0.492,  0.783], 
          [-0.334,  1.225,  0.125,  0.811], 
          [ 0.016,  1.382,  0.861,  0.701], 
          [ 0.120,  1.369,  0.481,  0.777], 
          [ 0.180,  1.362,  0.102,  0.812], 
          [ 0.102,  1.181,  1.612,  0.879], 
          [ 0.153,  1.230,  1.620,  0.759], 
          [-0.001,  1.183,  1.610,  0.785], 
          [ 0.106,  1.318,  1.616,  0.834], 
          [ 0.327,  1.335,  0.020,  0.675], 
          [ 0.314,  1.378,  0.030,  0.645], 
          [ 0.169,  1.365,  0.059,  0.708], 
          [-0.186,  1.232,  0.045,  0.736], 
          [-0.228,  1.190,  0.045,  0.726], 
          [-0.390,  1.226,  0.092,  0.780]
        ]
    },
    {
        "id": 6,
        "keypoints3d": [
          [-0.283,  0.055,  1.003,  0.861], 
          [-0.119,  0.006,  0.861,  0.816], 
          [-0.069,  0.155,  0.864,  0.778], 
          [ 0.033,  0.310,  0.733,  0.798], 
          [-0.146,  0.342,  0.651,  0.862], 
          [-0.175, -0.136,  0.866,  0.797], 
          [-0.276, -0.302,  0.756,  0.763], 
          [-0.410, -0.162,  0.637,  0.746], 
          [-0.263,  0.030,  0.465,  0.690], 
          [-0.222,  0.122,  0.456,  0.685], 
          [-0.582,  0.384,  0.465,  0.824], 
          [-0.726,  0.345,  0.124,  0.850], 
          [-0.303, -0.075,  0.459,  0.657], 
          [-0.710,  0.052,  0.490,  0.871], 
          [-0.739,  0.170,  0.134,  0.828], 
          [-0.253,  0.075,  1.028,  0.807], 
          [-0.268,  0.013,  1.033,  0.861], 
          [-0.152,  0.103,  1.031,  0.821], 
          [-0.200, -0.062,  1.047,  0.777], 
          [-0.877,  0.232,  0.073,  0.753], 
          [-0.863,  0.173,  0.078,  0.757], 
          [-0.703,  0.185,  0.097,  0.690], 
          [-0.856,  0.443,  0.132,  0.713], 
          [-0.808,  0.466,  0.116,  0.714], 
          [-0.723,  0.323,  0.084,  0.726]
        ]
    }
]
