[
    {
        "id": 0,
        "keypoints3d": [
          [ 1.020, -1.337,  1.580,  0.885], 
          [ 1.133, -1.411,  1.388,  0.860], 
          [ 1.252, -1.295,  1.393,  0.824], 
          [ 1.149, -1.165,  1.183,  0.800], 
          [ 0.980, -1.354,  1.193,  0.787], 
          [ 0.998, -1.522,  1.379,  0.828], 
          [ 0.915, -1.450,  1.144,  0.848], 
          [ 1.069, -1.257,  1.175,  0.752], 
          [ 1.091, -1.359,  0.870,  0.705], 
          [ 1.156, -1.280,  0.874,  0.689], 
          [ 1.177, -1.304,  0.473,  0.762], 
          [ 1.243, -1.352,  0.085,  0.748], 
          [ 1.022, -1.436,  0.871,  0.692], 
          [ 1.036, -1.440,  0.471,  0.662], 
          [ 1.074, -1.468,  0.109,  0.830], 
          [ 1.072, -1.328,  1.628,  0.822], 
          [ 1.012, -1.363,  1.610,  0.861], 
          [ 1.168, -1.333,  1.604,  0.894], 
          [ 1.047, -1.463,  1.579,  0.834], 
          [ 0.976, -1.362,  0.061,  0.699], 
          [ 0.959, -1.434,  0.067,  0.705], 
          [ 1.100, -1.485,  0.062,  0.692], 
          [ 1.115, -1.251,  0.048,  0.675], 
          [ 1.185, -1.228,  0.044,  0.684], 
          [ 1.254, -1.388,  0.041,  0.641]
        ]
    },
    {
        "id": 2,
        "keypoints3d": [
          [ 0.342,  1.190,  1.602,  0.721], 
          [ 0.225,  1.331,  1.426,  0.832], 
          [ 0.111,  1.210,  1.438,  0.835], 
          [ 0.017,  1.199,  1.184,  0.865], 
          [ 0.014,  1.152,  0.931,  0.862], 
          [ 0.337,  1.440,  1.412,  0.808], 
          [ 0.380,  1.504,  1.143,  0.771], 
          [ 0.428,  1.467,  0.894,  0.848], 
          [ 0.218,  1.309,  0.888,  0.727], 
          [ 0.159,  1.224,  0.890,  0.703], 
          [ 0.235,  1.195,  0.523,  0.802], 
          [ 0.103,  1.249,  0.173,  0.749], 
          [ 0.276,  1.380,  0.883,  0.704], 
          [ 0.269,  1.372,  0.489,  0.795], 
          [ 0.200,  1.355,  0.108,  0.763], 
          [ 0.311,  1.190,  1.640,  0.807], 
          [ 0.371,  1.232,  1.649,  0.792], 
          [ 0.221,  1.222,  1.647,  0.840], 
          [ 0.358,  1.313,  1.630,  0.812], 
          [ 0.350,  1.329,  0.052,  0.655], 
          [ 0.338,  1.373,  0.047,  0.644], 
          [ 0.168,  1.355,  0.061,  0.647], 
          [ 0.198,  1.212,  0.051,  0.620], 
          [ 0.149,  1.191,  0.062,  0.602], 
          [ 0.064,  1.275,  0.134,  0.695]
        ]
    },
    {
        "id": 4,
        "keypoints3d": [
          [-1.172, -1.066,  1.518,  0.841], 
          [-1.210, -1.224,  1.348,  0.858], 
          [-1.072, -1.303,  1.365,  0.842], 
          [-1.039, -1.404,  1.093,  0.796], 
          [-1.084, -1.425,  0.868,  0.804], 
          [-1.351, -1.160,  1.328,  0.852], 
          [-1.391, -1.220,  1.064,  0.737], 
          [-1.290, -1.364,  0.852,  0.614], 
          [-1.155, -1.274,  0.836,  0.752], 
          [-1.060, -1.301,  0.841,  0.758], 
          [-0.991, -1.257,  0.484,  0.854], 
          [-1.050, -1.340,  0.117,  0.857], 
          [-1.256, -1.244,  0.828,  0.725], 
          [-1.243, -1.267,  0.451,  0.832], 
          [-1.233, -1.297,  0.085,  0.816], 
          [-1.159, -1.102,  1.553,  0.842], 
          [-1.228, -1.086,  1.548,  0.866], 
          [-1.139, -1.201,  1.543,  0.753], 
          [-1.297, -1.137,  1.529,  0.835], 
          [-1.202, -1.146,  0.038,  0.800], 
          [-1.251, -1.163,  0.051,  0.815], 
          [-1.225, -1.329,  0.046,  0.641], 
          [-0.967, -1.213,  0.066,  0.696], 
          [-0.951, -1.251,  0.076,  0.678], 
          [-1.062, -1.364,  0.071,  0.740]
        ]
    },
    {
        "id": 6,
        "keypoints3d": [
          [-0.081, -0.000,  1.029,  0.901], 
          [-0.001, -0.017,  0.804,  0.854], 
          [ 0.030,  0.144,  0.808,  0.791], 
          [ 0.039,  0.311,  0.648,  0.813], 
          [-0.160,  0.329,  0.642,  0.798], 
          [-0.039, -0.158,  0.821,  0.800], 
          [-0.161, -0.336,  0.711,  0.829], 
          [-0.346, -0.220,  0.646,  0.838], 
          [-0.263,  0.026,  0.448,  0.720], 
          [-0.253,  0.143,  0.458,  0.712], 
          [-0.660,  0.280,  0.437,  0.825], 
          [-0.722,  0.350,  0.088,  0.680], 
          [-0.275, -0.089,  0.442,  0.701], 
          [-0.713, -0.069,  0.461,  0.908], 
          [-0.756, -0.118,  0.084,  0.848], 
          [-0.062,  0.021,  1.052,  0.888], 
          [-0.048, -0.051,  1.052,  0.835], 
          [ 0.032,  0.058,  0.999,  0.812], 
          [ 0.021, -0.097,  0.989,  0.592], 
          [-0.892, -0.187,  0.036,  0.794], 
          [-0.858, -0.218,  0.042,  0.795], 
          [-0.722, -0.096,  0.030,  0.726], 
          [-0.872,  0.402,  0.087,  0.702], 
          [-0.835,  0.441,  0.090,  0.780], 
          [-0.698,  0.350,  0.038,  0.663]
        ]
    }
]
