[
    {
        "id": 0,
        "keypoints3d": [
          [ 1.016, -1.338,  1.580,  0.879], 
          [ 1.132, -1.411,  1.388,  0.855], 
          [ 1.248, -1.295,  1.393,  0.823], 
          [ 1.140, -1.168,  1.182,  0.814], 
          [ 0.970, -1.360,  1.199,  0.796], 
          [ 0.998, -1.522,  1.377,  0.827], 
          [ 0.913, -1.452,  1.144,  0.855], 
          [ 1.063, -1.254,  1.177,  0.749], 
          [ 1.090, -1.361,  0.863,  0.730], 
          [ 1.149, -1.284,  0.867,  0.717], 
          [ 1.168, -1.308,  0.476,  0.762], 
          [ 1.240, -1.351,  0.083,  0.776], 
          [ 1.021, -1.436,  0.860,  0.717], 
          [ 1.037, -1.436,  0.470,  0.676], 
          [ 1.070, -1.466,  0.103,  0.842], 
          [ 1.068, -1.323,  1.628,  0.802], 
          [ 1.010, -1.362,  1.609,  0.854], 
          [ 1.161, -1.342,  1.601,  0.906], 
          [ 1.040, -1.466,  1.583,  0.837], 
          [ 0.978, -1.357,  0.060,  0.715], 
          [ 0.958, -1.433,  0.056,  0.728], 
          [ 1.105, -1.482,  0.051,  0.698], 
          [ 1.117, -1.249,  0.044,  0.716], 
          [ 1.184, -1.228,  0.044,  0.710], 
          [ 1.253, -1.383,  0.038,  0.674]
        ]
    },
    {
        "id": 2,
        "keypoints3d": [
          [-1.233, -1.115,  1.531,  0.854], 
          [-1.200, -1.275,  1.344,  0.890], 
          [-1.042, -1.274,  1.352,  0.859], 
          [-1.020, -1.336,  1.072,  0.771], 
          [-1.087, -1.379,  0.870,  0.740], 
          [-1.371, -1.268,  1.345,  0.855], 
          [-1.394, -1.318,  1.085,  0.749], 
          [-1.330, -1.344,  0.860,  0.603], 
          [-1.203, -1.233,  0.821,  0.749], 
          [-1.099, -1.231,  0.824,  0.739], 
          [-1.067, -1.217,  0.466,  0.802], 
          [-1.070, -1.308,  0.106,  0.831], 
          [-1.306, -1.241,  0.818,  0.726], 
          [-1.271, -1.265,  0.444,  0.826], 
          [-1.222, -1.305,  0.081,  0.833], 
          [-1.204, -1.138,  1.562,  0.869], 
          [-1.273, -1.150,  1.563,  0.757], 
          [-1.136, -1.213,  1.545,  0.800], 
          [-1.294, -1.242,  1.540,  0.737], 
          [-1.212, -1.149,  0.041,  0.755], 
          [-1.249, -1.169,  0.044,  0.702], 
          [-1.213, -1.350,  0.041,  0.596], 
          [-0.972, -1.195,  0.075,  0.720], 
          [-0.949, -1.243,  0.079,  0.726], 
          [-1.088, -1.344,  0.055,  0.741]
        ]
    },
    {
        "id": 4,
        "keypoints3d": [
          [-0.459,  0.127,  1.013,  0.863], 
          [-0.267,  0.075,  0.913,  0.844], 
          [-0.199,  0.201,  0.916,  0.810], 
          [ 0.018,  0.288,  0.839,  0.805], 
          [-0.118,  0.310,  0.650,  0.718], 
          [-0.342, -0.060,  0.908,  0.784], 
          [-0.366, -0.287,  0.802,  0.690], 
          [-0.463, -0.150,  0.648,  0.652], 
          [-0.307,  0.078,  0.469,  0.759], 
          [-0.255,  0.175,  0.477,  0.726], 
          [-0.509,  0.461,  0.454,  0.800], 
          [-0.508,  0.403,  0.099,  0.721], 
          [-0.374,  0.001,  0.466,  0.709], 
          [-0.746,  0.127,  0.456,  0.853], 
          [-0.669,  0.192,  0.092,  0.782], 
          [-0.438,  0.133,  1.039,  0.712], 
          [-0.457,  0.087,  1.046,  0.802], 
          [-0.335,  0.175,  1.058,  0.751], 
          [-0.383,  0.034,  1.062,  0.806], 
          [-0.829,  0.234,  0.041,  0.793], 
          [-0.807,  0.186,  0.041,  0.817], 
          [-0.636,  0.205,  0.045,  0.763], 
          [-0.575,  0.509,  0.034,  0.708], 
          [-0.537,  0.506,  0.038,  0.710], 
          [-0.502,  0.353,  0.045,  0.636]
        ]
    },
    {
        "id": 6,
        "keypoints3d": [
          [-0.028,  1.173,  1.582,  0.757], 
          [-0.211,  1.237,  1.421,  0.864], 
          [-0.250,  1.070,  1.415,  0.824], 
          [-0.257,  1.052,  1.128,  0.822], 
          [-0.113,  1.061,  0.943,  0.864], 
          [-0.184,  1.388,  1.429,  0.820], 
          [-0.228,  1.459,  1.157,  0.840], 
          [-0.172,  1.466,  0.913,  0.784], 
          [-0.202,  1.253,  0.878,  0.742], 
          [-0.225,  1.155,  0.877,  0.715], 
          [-0.255,  1.183,  0.490,  0.804], 
          [-0.361,  1.214,  0.099,  0.821], 
          [-0.184,  1.357,  0.883,  0.724], 
          [-0.079,  1.359,  0.504,  0.790], 
          [-0.096,  1.365,  0.107,  0.829], 
          [-0.077,  1.143,  1.623,  0.813], 
          [-0.034,  1.201,  1.625,  0.724], 
          [-0.171,  1.111,  1.624,  0.859], 
          [-0.097,  1.264,  1.630,  0.860], 
          [ 0.025,  1.382,  0.044,  0.643], 
          [ 0.006,  1.418,  0.045,  0.663], 
          [-0.120,  1.357,  0.077,  0.680], 
          [-0.211,  1.251,  0.055,  0.679], 
          [-0.252,  1.212,  0.048,  0.683], 
          [-0.401,  1.224,  0.063,  0.780]
        ]
    }
]
