[
    {
        "id": 0,
        "keypoints3d": [
          [ 1.037, -1.319,  1.581,  0.878], 
          [ 1.132, -1.407,  1.388,  0.861], 
          [ 1.249, -1.295,  1.392,  0.819], 
          [ 1.145, -1.168,  1.181,  0.800], 
          [ 0.976, -1.358,  1.191,  0.804], 
          [ 0.996, -1.519,  1.379,  0.820], 
          [ 0.917, -1.446,  1.143,  0.837], 
          [ 1.069, -1.254,  1.175,  0.774], 
          [ 1.093, -1.360,  0.860,  0.728], 
          [ 1.154, -1.285,  0.864,  0.720], 
          [ 1.175, -1.313,  0.475,  0.754], 
          [ 1.230, -1.357,  0.085,  0.765], 
          [ 1.023, -1.434,  0.865,  0.711], 
          [ 1.037, -1.438,  0.478,  0.731], 
          [ 1.069, -1.465,  0.110,  0.853], 
          [ 1.073, -1.312,  1.626,  0.820], 
          [ 1.018, -1.358,  1.609,  0.860], 
          [ 1.174, -1.326,  1.610,  0.833], 
          [ 1.049, -1.458,  1.586,  0.858], 
          [ 0.982, -1.360,  0.058,  0.661], 
          [ 0.957, -1.433,  0.061,  0.674], 
          [ 1.101, -1.484,  0.058,  0.661], 
          [ 1.112, -1.235,  0.055,  0.816], 
          [ 1.176, -1.219,  0.052,  0.808], 
          [ 1.240, -1.395,  0.035,  0.642]
        ]
    },
    {
        "id": 2,
        "keypoints3d": [
          [-0.977, -1.173,  1.513,  0.894], 
          [-1.027, -1.309,  1.352,  0.883], 
          [-0.877, -1.380,  1.348,  0.850], 
          [-0.882, -1.460,  1.089,  0.741], 
          [-0.926, -1.476,  0.894,  0.709], 
          [-1.172, -1.233,  1.350,  0.858], 
          [-1.214, -1.290,  1.087,  0.771], 
          [-1.131, -1.406,  0.885,  0.698], 
          [-1.009, -1.301,  0.834,  0.764], 
          [-0.918, -1.352,  0.824,  0.741], 
          [-0.947, -1.374,  0.444,  0.785], 
          [-1.010, -1.396,  0.101,  0.756], 
          [-1.104, -1.260,  0.836,  0.746], 
          [-1.118, -1.258,  0.464,  0.843], 
          [-1.206, -1.301,  0.090,  0.829], 
          [-0.949, -1.191,  1.545,  0.819], 
          [-1.014, -1.172,  1.556,  0.791], 
          [-0.923, -1.286,  1.541,  0.755], 
          [-1.084, -1.233,  1.559,  0.845], 
          [-1.199, -1.145,  0.041,  0.756], 
          [-1.245, -1.172,  0.045,  0.785], 
          [-1.218, -1.331,  0.052,  0.691], 
          [-0.941, -1.281,  0.064,  0.710], 
          [-0.913, -1.331,  0.067,  0.701], 
          [-1.034, -1.421,  0.065,  0.692]
        ]
    },
    {
        "id": 4,
        "keypoints3d": [
          [ 0.663,  1.004,  1.593,  0.839], 
          [ 0.675,  1.168,  1.420,  0.851], 
          [ 0.515,  1.151,  1.409,  0.842], 
          [ 0.481,  1.196,  1.133,  0.847], 
          [ 0.477,  1.160,  0.894,  0.880], 
          [ 0.839,  1.186,  1.434,  0.805], 
          [ 0.906,  1.237,  1.166,  0.806], 
          [ 0.944,  1.184,  0.914,  0.857], 
          [ 0.719,  1.159,  0.867,  0.724], 
          [ 0.626,  1.133,  0.864,  0.716], 
          [ 0.653,  1.127,  0.479,  0.816], 
          [ 0.624,  1.215,  0.097,  0.851], 
          [ 0.820,  1.180,  0.866,  0.693], 
          [ 0.880,  1.176,  0.496,  0.849], 
          [ 0.862,  1.280,  0.124,  0.831], 
          [ 0.614,  1.023,  1.644,  0.851], 
          [ 0.691,  1.007,  1.647,  0.862], 
          [ 0.563,  1.093,  1.634,  0.825], 
          [ 0.738,  1.082,  1.639,  0.813], 
          [ 0.921,  1.211,  0.004,  0.672], 
          [ 0.947,  1.256,  0.025,  0.688], 
          [ 0.844,  1.309,  0.081,  0.692], 
          [ 0.725,  1.092,  0.043,  0.682], 
          [ 0.665,  1.109,  0.030,  0.761], 
          [ 0.614,  1.247,  0.059,  0.764]
        ]
    },
    {
        "id": 6,
        "keypoints3d": [
          [-0.165,  0.224,  1.027,  0.806], 
          [-0.100,  0.236,  0.788,  0.832], 
          [-0.212,  0.330,  0.777,  0.792], 
          [-0.343,  0.360,  0.577,  0.762], 
          [-0.455,  0.191,  0.606,  0.775], 
          [ 0.004,  0.138,  0.813,  0.767], 
          [ 0.075, -0.065,  0.695,  0.702], 
          [-0.093, -0.176,  0.622,  0.718], 
          [-0.260, -0.001,  0.442,  0.665], 
          [-0.334,  0.084,  0.436,  0.657], 
          [-0.604, -0.255,  0.515,  0.814], 
          [-0.782, -0.401,  0.303,  0.678], 
          [-0.188, -0.070,  0.448,  0.651], 
          [-0.435, -0.432,  0.454,  0.804], 
          [-0.710, -0.473,  0.229,  0.757], 
          [-0.157,  0.264,  1.040,  0.767], 
          [-0.113,  0.213,  1.050,  0.874], 
          [-0.136,  0.352,  0.982,  0.807], 
          [-0.027,  0.231,  0.987,  0.863], 
          [-0.814, -0.564,  0.235,  0.673], 
          [-0.779, -0.606,  0.233,  0.668], 
          [-0.736, -0.443,  0.201,  0.586], 
          [-0.912, -0.463,  0.383,  0.628], 
          [-0.899, -0.434,  0.354,  0.650], 
          [-0.802, -0.433,  0.248,  0.654]
        ]
    }
]
