[
    {
        "id": 0,
        "keypoints3d": [
          [ 1.019, -1.337,  1.580,  0.884], 
          [ 1.132, -1.410,  1.389,  0.860], 
          [ 1.250, -1.296,  1.392,  0.824], 
          [ 1.149, -1.166,  1.183,  0.804], 
          [ 0.979, -1.359,  1.196,  0.787], 
          [ 0.997, -1.521,  1.379,  0.829], 
          [ 0.913, -1.451,  1.145,  0.853], 
          [ 1.066, -1.259,  1.174,  0.754], 
          [ 1.090, -1.363,  0.869,  0.704], 
          [ 1.154, -1.283,  0.871,  0.694], 
          [ 1.176, -1.302,  0.466,  0.785], 
          [ 1.245, -1.351,  0.087,  0.692], 
          [ 1.019, -1.438,  0.871,  0.689], 
          [ 1.028, -1.442,  0.476,  0.678], 
          [ 1.065, -1.472,  0.099,  0.738], 
          [ 1.074, -1.325,  1.628,  0.822], 
          [ 1.012, -1.361,  1.611,  0.855], 
          [ 1.167, -1.335,  1.603,  0.894], 
          [ 1.047, -1.463,  1.579,  0.835], 
          [ 0.976, -1.362,  0.061,  0.700], 
          [ 0.959, -1.434,  0.067,  0.704], 
          [ 1.100, -1.486,  0.061,  0.692], 
          [ 1.115, -1.251,  0.047,  0.679], 
          [ 1.183, -1.224,  0.045,  0.681], 
          [ 1.254, -1.384,  0.040,  0.645]
        ]
    },
    {
        "id": 2,
        "keypoints3d": [
          [-1.183, -1.086,  1.518,  0.884], 
          [-1.218, -1.237,  1.349,  0.857], 
          [-1.066, -1.301,  1.363,  0.852], 
          [-1.039, -1.388,  1.097,  0.811], 
          [-1.098, -1.413,  0.876,  0.749], 
          [-1.365, -1.175,  1.336,  0.849], 
          [-1.396, -1.241,  1.071,  0.721], 
          [-1.299, -1.350,  0.851,  0.663], 
          [-1.161, -1.258,  0.833,  0.752], 
          [-1.065, -1.278,  0.838,  0.753], 
          [-1.036, -1.253,  0.469,  0.866], 
          [-1.065, -1.315,  0.113,  0.844], 
          [-1.263, -1.239,  0.824,  0.737], 
          [-1.240, -1.271,  0.448,  0.855], 
          [-1.224, -1.300,  0.082,  0.844], 
          [-1.158, -1.111,  1.556,  0.804], 
          [-1.229, -1.092,  1.552,  0.888], 
          [-1.135, -1.201,  1.542,  0.695], 
          [-1.301, -1.155,  1.532,  0.843], 
          [-1.201, -1.151,  0.040,  0.741], 
          [-1.249, -1.170,  0.048,  0.747], 
          [-1.219, -1.337,  0.042,  0.639], 
          [-0.983, -1.192,  0.078,  0.743], 
          [-0.962, -1.233,  0.081,  0.736], 
          [-1.084, -1.343,  0.050,  0.733]
        ]
    },
    {
        "id": 4,
        "keypoints3d": [
          [-0.147,  0.005,  1.012,  0.789], 
          [-0.029, -0.012,  0.809,  0.811], 
          [-0.004,  0.132,  0.830,  0.793], 
          [ 0.065,  0.329,  0.677,  0.807], 
          [-0.159,  0.344,  0.645,  0.865], 
          [-0.065, -0.159,  0.820,  0.773], 
          [-0.201, -0.319,  0.716,  0.695], 
          [-0.370, -0.184,  0.629,  0.745], 
          [-0.225,  0.018,  0.424,  0.671], 
          [-0.197,  0.131,  0.427,  0.648], 
          [-0.632,  0.304,  0.454,  0.765], 
          [-0.707,  0.361,  0.088,  0.731], 
          [-0.253, -0.088,  0.423,  0.653], 
          [-0.716, -0.030,  0.479,  0.866], 
          [-0.793,  0.010,  0.103,  0.858], 
          [-0.105,  0.038,  1.039,  0.800], 
          [-0.121, -0.033,  1.040,  0.878], 
          [-0.019,  0.068,  1.001,  0.819], 
          [-0.034, -0.060,  0.995,  0.651], 
          [-0.956, -0.015,  0.071,  0.794], 
          [-0.926, -0.066,  0.068,  0.814], 
          [-0.759,  0.038,  0.058,  0.767], 
          [-0.857,  0.418,  0.093,  0.788], 
          [-0.810,  0.460,  0.089,  0.680], 
          [-0.697,  0.344,  0.040,  0.625]
        ]
    },
    {
        "id": 6,
        "keypoints3d": [
          [ 0.282,  1.219,  1.604,  0.895], 
          [ 0.151,  1.331,  1.419,  0.847], 
          [ 0.057,  1.207,  1.437,  0.876], 
          [-0.029,  1.169,  1.183,  0.847], 
          [-0.006,  1.112,  0.934,  0.888], 
          [ 0.258,  1.458,  1.404,  0.822], 
          [ 0.280,  1.523,  1.128,  0.813], 
          [ 0.318,  1.514,  0.882,  0.834], 
          [ 0.151,  1.313,  0.880,  0.746], 
          [ 0.096,  1.216,  0.892,  0.748], 
          [ 0.149,  1.201,  0.513,  0.828], 
          [-0.056,  1.263,  0.216,  0.760], 
          [ 0.203,  1.401,  0.873,  0.740], 
          [ 0.208,  1.399,  0.487,  0.828], 
          [ 0.184,  1.368,  0.105,  0.782], 
          [ 0.254,  1.222,  1.637,  0.876], 
          [ 0.302,  1.249,  1.642,  0.885], 
          [ 0.163,  1.228,  1.638,  0.817], 
          [ 0.322,  1.313,  1.622,  0.752], 
          [ 0.337,  1.334,  0.047,  0.648], 
          [ 0.342,  1.376,  0.062,  0.715], 
          [ 0.166,  1.368,  0.058,  0.728], 
          [-0.002,  1.235,  0.046,  0.676], 
          [-0.052,  1.219,  0.072,  0.747], 
          [-0.117,  1.288,  0.199,  0.727]
        ]
    }
]
