[
    {
        "id": 0,
        "keypoints3d": [
          [ 1.028, -1.332,  1.581,  0.885], 
          [ 1.134, -1.410,  1.389,  0.861], 
          [ 1.251, -1.295,  1.393,  0.827], 
          [ 1.149, -1.166,  1.182,  0.816], 
          [ 0.975, -1.356,  1.194,  0.805], 
          [ 0.997, -1.522,  1.379,  0.828], 
          [ 0.912, -1.446,  1.144,  0.860], 
          [ 1.072, -1.256,  1.176,  0.763], 
          [ 1.089, -1.358,  0.862,  0.727], 
          [ 1.152, -1.282,  0.866,  0.710], 
          [ 1.169, -1.312,  0.480,  0.781], 
          [ 1.237, -1.354,  0.089,  0.689], 
          [ 1.022, -1.434,  0.864,  0.713], 
          [ 1.040, -1.439,  0.477,  0.699], 
          [ 1.068, -1.468,  0.111,  0.686], 
          [ 1.078, -1.302,  1.621,  0.805], 
          [ 1.016, -1.363,  1.610,  0.867], 
          [ 1.170, -1.332,  1.604,  0.892], 
          [ 1.048, -1.462,  1.581,  0.837], 
          [ 0.977, -1.360,  0.064,  0.700], 
          [ 0.958, -1.435,  0.062,  0.704], 
          [ 1.097, -1.487,  0.064,  0.621], 
          [ 1.117, -1.245,  0.049,  0.684], 
          [ 1.183, -1.225,  0.045,  0.695], 
          [ 1.252, -1.389,  0.041,  0.639]
        ]
    },
    {
        "id": 2,
        "keypoints3d": [
          [-1.148, -1.070,  1.521,  0.832], 
          [-1.178, -1.238,  1.350,  0.864], 
          [-1.041, -1.306,  1.368,  0.846], 
          [-1.003, -1.432,  1.124,  0.777], 
          [-1.083, -1.433,  0.909,  0.774], 
          [-1.317, -1.153,  1.331,  0.865], 
          [-1.349, -1.227,  1.067,  0.773], 
          [-1.296, -1.321,  0.867,  0.557], 
          [-1.140, -1.282,  0.834,  0.739], 
          [-1.046, -1.324,  0.838,  0.733], 
          [-1.024, -1.345,  0.451,  0.824], 
          [-1.017, -1.391,  0.094,  0.844], 
          [-1.236, -1.240,  0.832,  0.708], 
          [-1.215, -1.275,  0.446,  0.787], 
          [-1.223, -1.303,  0.080,  0.850], 
          [-1.121, -1.103,  1.549,  0.828], 
          [-1.180, -1.072,  1.544,  0.901], 
          [-1.103, -1.194,  1.549,  0.736], 
          [-1.263, -1.141,  1.525,  0.819], 
          [-1.206, -1.140,  0.044,  0.762], 
          [-1.247, -1.168,  0.046,  0.780], 
          [-1.219, -1.330,  0.037,  0.706], 
          [-0.913, -1.277,  0.071,  0.718], 
          [-0.889, -1.323,  0.070,  0.719], 
          [-1.034, -1.410,  0.054,  0.785]
        ]
    },
    {
        "id": 4,
        "keypoints3d": [
          [ 0.436,  1.139,  1.577,  0.877], 
          [ 0.357,  1.302,  1.409,  0.880], 
          [ 0.229,  1.207,  1.416,  0.851], 
          [ 0.137,  1.225,  1.156,  0.839], 
          [ 0.133,  1.218,  0.903,  0.805], 
          [ 0.483,  1.386,  1.402,  0.811], 
          [ 0.549,  1.430,  1.127,  0.819], 
          [ 0.614,  1.345,  0.910,  0.838], 
          [ 0.356,  1.292,  0.870,  0.748], 
          [ 0.282,  1.237,  0.867,  0.723], 
          [ 0.375,  1.232,  0.492,  0.791], 
          [ 0.460,  1.262,  0.113,  0.821], 
          [ 0.427,  1.352,  0.869,  0.722], 
          [ 0.366,  1.346,  0.478,  0.792], 
          [ 0.300,  1.311,  0.110,  0.768], 
          [ 0.404,  1.133,  1.614,  0.810], 
          [ 0.453,  1.176,  1.617,  0.861], 
          [ 0.329,  1.174,  1.631,  0.770], 
          [ 0.489,  1.252,  1.622,  0.784], 
          [ 0.480,  1.275,  0.094,  0.635], 
          [ 0.458,  1.304,  0.100,  0.632], 
          [ 0.241,  1.334,  0.063,  0.690], 
          [ 0.668,  1.101,  0.067,  0.704], 
          [ 0.620,  1.089,  0.053,  0.686], 
          [ 0.487,  1.266,  0.069,  0.681]
        ]
    },
    {
        "id": 6,
        "keypoints3d": [
          [-0.016, -0.004,  1.035,  0.905], 
          [ 0.023,  0.037,  0.804,  0.822], 
          [ 0.024,  0.187,  0.803,  0.810], 
          [-0.028,  0.348,  0.630,  0.870], 
          [-0.232,  0.312,  0.641,  0.715], 
          [ 0.010, -0.125,  0.822,  0.838], 
          [-0.081, -0.300,  0.691,  0.802], 
          [-0.288, -0.256,  0.642,  0.816], 
          [-0.307,  0.017,  0.489,  0.745], 
          [-0.317,  0.133,  0.497,  0.718], 
          [-0.722,  0.173,  0.436,  0.875], 
          [-0.720,  0.310,  0.085,  0.797], 
          [-0.313, -0.106,  0.493,  0.713], 
          [-0.682, -0.196,  0.461,  0.895], 
          [-0.712, -0.200,  0.083,  0.815], 
          [ 0.013,  0.039,  1.046,  0.816], 
          [ 0.019, -0.027,  1.045,  0.853], 
          [ 0.064,  0.109,  0.990,  0.879], 
          [ 0.083, -0.054,  0.973,  0.849], 
          [-0.841, -0.305,  0.043,  0.816], 
          [-0.789, -0.326,  0.042,  0.794], 
          [-0.683, -0.162,  0.043,  0.708], 
          [-0.879,  0.327,  0.094,  0.805], 
          [-0.846,  0.371,  0.087,  0.829], 
          [-0.694,  0.328,  0.044,  0.760]
        ]
    }
]
