[
    {
        "id": 0,
        "keypoints3d": [
          [ 1.031, -1.326,  1.580,  0.882], 
          [ 1.135, -1.407,  1.388,  0.860], 
          [ 1.251, -1.295,  1.393,  0.826], 
          [ 1.146, -1.165,  1.182,  0.835], 
          [ 0.975, -1.358,  1.195,  0.791], 
          [ 0.997, -1.522,  1.379,  0.826], 
          [ 0.913, -1.443,  1.143,  0.865], 
          [ 1.073, -1.252,  1.179,  0.774], 
          [ 1.090, -1.358,  0.862,  0.728], 
          [ 1.152, -1.282,  0.866,  0.710], 
          [ 1.163, -1.316,  0.477,  0.796], 
          [ 1.232, -1.360,  0.093,  0.732], 
          [ 1.023, -1.435,  0.864,  0.716], 
          [ 1.041, -1.439,  0.478,  0.715], 
          [ 1.065, -1.467,  0.103,  0.769], 
          [ 1.075, -1.321,  1.629,  0.820], 
          [ 1.016, -1.363,  1.610,  0.868], 
          [ 1.171, -1.335,  1.607,  0.822], 
          [ 1.048, -1.462,  1.581,  0.839], 
          [ 0.979, -1.357,  0.061,  0.697], 
          [ 0.958, -1.435,  0.062,  0.707], 
          [ 1.087, -1.495,  0.070,  0.665], 
          [ 1.108, -1.243,  0.055,  0.810], 
          [ 1.170, -1.220,  0.054,  0.797], 
          [ 1.251, -1.388,  0.043,  0.572]
        ]
    },
    {
        "id": 2,
        "keypoints3d": [
          [-1.122, -1.085,  1.523,  0.820], 
          [-1.159, -1.239,  1.357,  0.866], 
          [-1.017, -1.310,  1.369,  0.844], 
          [-0.989, -1.428,  1.120,  0.770], 
          [-1.081, -1.429,  0.902,  0.832], 
          [-1.302, -1.165,  1.336,  0.865], 
          [-1.333, -1.228,  1.077,  0.763], 
          [-1.253, -1.331,  0.882,  0.619], 
          [-1.128, -1.276,  0.834,  0.737], 
          [-1.037, -1.324,  0.836,  0.738], 
          [-1.025, -1.358,  0.446,  0.822], 
          [-1.013, -1.393,  0.092,  0.843], 
          [-1.222, -1.237,  0.827,  0.733], 
          [-1.210, -1.276,  0.453,  0.762], 
          [-1.220, -1.304,  0.081,  0.855], 
          [-1.100, -1.113,  1.554,  0.833], 
          [-1.169, -1.078,  1.549,  0.896], 
          [-1.088, -1.207,  1.557,  0.750], 
          [-1.227, -1.147,  1.527,  0.811], 
          [-1.206, -1.138,  0.047,  0.767], 
          [-1.249, -1.167,  0.048,  0.788], 
          [-1.219, -1.326,  0.036,  0.718], 
          [-0.906, -1.287,  0.065,  0.716], 
          [-0.889, -1.323,  0.070,  0.720], 
          [-1.031, -1.410,  0.054,  0.789]
        ]
    },
    {
        "id": 4,
        "keypoints3d": [
          [ 0.485,  1.104,  1.574,  0.878], 
          [ 0.410,  1.282,  1.405,  0.880], 
          [ 0.270,  1.192,  1.409,  0.859], 
          [ 0.192,  1.214,  1.143,  0.816], 
          [ 0.194,  1.216,  0.898,  0.822], 
          [ 0.532,  1.369,  1.399,  0.826], 
          [ 0.608,  1.404,  1.142,  0.807], 
          [ 0.674,  1.317,  0.925,  0.853], 
          [ 0.402,  1.283,  0.858,  0.757], 
          [ 0.333,  1.221,  0.860,  0.736], 
          [ 0.430,  1.229,  0.482,  0.815], 
          [ 0.510,  1.287,  0.105,  0.793], 
          [ 0.474,  1.342,  0.858,  0.723], 
          [ 0.409,  1.331,  0.477,  0.781], 
          [ 0.308,  1.321,  0.109,  0.757], 
          [ 0.447,  1.111,  1.607,  0.809], 
          [ 0.502,  1.128,  1.614,  0.894], 
          [ 0.361,  1.156,  1.619,  0.812], 
          [ 0.523,  1.226,  1.620,  0.920], 
          [ 0.466,  1.279,  0.063,  0.606], 
          [ 0.454,  1.307,  0.066,  0.621], 
          [ 0.271,  1.323,  0.062,  0.656], 
          [ 0.705,  1.112,  0.043,  0.702], 
          [ 0.656,  1.114,  0.041,  0.686], 
          [ 0.547,  1.285,  0.067,  0.673]
        ]
    },
    {
        "id": 6,
        "keypoints3d": [
          [-0.017,  0.034,  1.035,  0.889], 
          [ 0.024,  0.061,  0.798,  0.860], 
          [ 0.004,  0.216,  0.801,  0.823], 
          [-0.067,  0.343,  0.620,  0.865], 
          [-0.282,  0.301,  0.633,  0.752], 
          [ 0.038, -0.101,  0.818,  0.841], 
          [-0.035, -0.297,  0.694,  0.775], 
          [-0.258, -0.254,  0.642,  0.791], 
          [-0.313,  0.001,  0.493,  0.756], 
          [-0.331,  0.109,  0.497,  0.734], 
          [-0.732,  0.115,  0.428,  0.860], 
          [-0.712,  0.274,  0.075,  0.833], 
          [-0.309, -0.105,  0.507,  0.729], 
          [-0.666, -0.242,  0.470,  0.836], 
          [-0.723, -0.207,  0.093,  0.805], 
          [-0.004,  0.071,  1.049,  0.847], 
          [ 0.025,  0.001,  1.043,  0.813], 
          [ 0.042,  0.160,  0.991,  0.772], 
          [ 0.093, -0.012,  0.975,  0.869], 
          [-0.853, -0.295,  0.043,  0.702], 
          [-0.803, -0.314,  0.044,  0.691], 
          [-0.692, -0.164,  0.051,  0.703], 
          [-0.889,  0.288,  0.092,  0.776], 
          [-0.854,  0.332,  0.089,  0.798], 
          [-0.689,  0.299,  0.043,  0.723]
        ]
    }
]
