[
    {
        "id": 0,
        "keypoints3d": [
          [ 1.030, -1.330,  1.580,  0.881], 
          [ 1.134, -1.407,  1.388,  0.859], 
          [ 1.249, -1.295,  1.394,  0.823], 
          [ 1.145, -1.167,  1.179,  0.819], 
          [ 0.974, -1.359,  1.194,  0.780], 
          [ 0.998, -1.522,  1.380,  0.826], 
          [ 0.913, -1.445,  1.143,  0.863], 
          [ 1.073, -1.251,  1.175,  0.775], 
          [ 1.095, -1.360,  0.860,  0.729], 
          [ 1.153, -1.285,  0.867,  0.715], 
          [ 1.169, -1.314,  0.472,  0.735], 
          [ 1.235, -1.360,  0.091,  0.703], 
          [ 1.028, -1.435,  0.862,  0.714], 
          [ 1.038, -1.439,  0.475,  0.730], 
          [ 1.071, -1.467,  0.107,  0.734], 
          [ 1.077, -1.298,  1.622,  0.792], 
          [ 1.016, -1.362,  1.611,  0.865], 
          [ 1.172, -1.328,  1.605,  0.898], 
          [ 1.047, -1.462,  1.586,  0.842], 
          [ 0.981, -1.356,  0.062,  0.649], 
          [ 0.957, -1.431,  0.060,  0.659], 
          [ 1.096, -1.486,  0.062,  0.626], 
          [ 1.118, -1.245,  0.048,  0.689], 
          [ 1.184, -1.226,  0.044,  0.704], 
          [ 1.252, -1.388,  0.044,  0.581]
        ]
    },
    {
        "id": 2,
        "keypoints3d": [
          [-1.087, -1.099,  1.521,  0.819], 
          [-1.131, -1.251,  1.358,  0.877], 
          [-0.982, -1.334,  1.366,  0.854], 
          [-0.975, -1.431,  1.116,  0.764], 
          [-1.004, -1.465,  0.935,  0.788], 
          [-1.272, -1.176,  1.339,  0.858], 
          [-1.312, -1.235,  1.095,  0.778], 
          [-1.254, -1.347,  0.905,  0.595], 
          [-1.105, -1.288,  0.840,  0.762], 
          [-1.016, -1.330,  0.838,  0.751], 
          [-1.010, -1.357,  0.457,  0.807], 
          [-1.010, -1.393,  0.092,  0.846], 
          [-1.193, -1.248,  0.835,  0.744], 
          [-1.192, -1.273,  0.456,  0.817], 
          [-1.221, -1.302,  0.076,  0.790], 
          [-1.062, -1.124,  1.561,  0.823], 
          [-1.134, -1.105,  1.552,  0.875], 
          [-1.040, -1.233,  1.559,  0.733], 
          [-1.200, -1.161,  1.537,  0.861], 
          [-1.203, -1.140,  0.044,  0.766], 
          [-1.251, -1.170,  0.045,  0.786], 
          [-1.219, -1.326,  0.036,  0.724], 
          [-0.900, -1.289,  0.063,  0.721], 
          [-0.884, -1.328,  0.067,  0.718], 
          [-1.030, -1.410,  0.054,  0.798]
        ]
    },
    {
        "id": 4,
        "keypoints3d": [
          [ 0.520,  1.063,  1.567,  0.877], 
          [ 0.479,  1.240,  1.403,  0.877], 
          [ 0.339,  1.157,  1.404,  0.855], 
          [ 0.275,  1.196,  1.136,  0.776], 
          [ 0.270,  1.188,  0.881,  0.887], 
          [ 0.610,  1.326,  1.402,  0.849], 
          [ 0.666,  1.372,  1.136,  0.770], 
          [ 0.723,  1.293,  0.914,  0.814], 
          [ 0.492,  1.264,  0.868,  0.720], 
          [ 0.415,  1.207,  0.868,  0.704], 
          [ 0.533,  1.191,  0.486,  0.787], 
          [ 0.611,  1.215,  0.094,  0.805], 
          [ 0.563,  1.326,  0.868,  0.708], 
          [ 0.505,  1.355,  0.487,  0.792], 
          [ 0.269,  1.367,  0.160,  0.802], 
          [ 0.491,  1.063,  1.602,  0.820], 
          [ 0.553,  1.080,  1.610,  0.752], 
          [ 0.416,  1.120,  1.610,  0.877], 
          [ 0.580,  1.175,  1.625,  0.837], 
          [ 0.369,  1.345,  0.042,  0.645], 
          [ 0.360,  1.372,  0.060,  0.619], 
          [ 0.198,  1.358,  0.136,  0.681], 
          [ 0.736,  1.103,  0.051,  0.681], 
          [ 0.686,  1.099,  0.043,  0.678], 
          [ 0.609,  1.240,  0.051,  0.694]
        ]
    },
    {
        "id": 6,
        "keypoints3d": [
          [-0.024,  0.097,  1.025,  0.885], 
          [ 0.004,  0.116,  0.800,  0.842], 
          [-0.038,  0.263,  0.794,  0.828], 
          [-0.137,  0.368,  0.612,  0.766], 
          [-0.334,  0.300,  0.626,  0.779], 
          [ 0.035, -0.037,  0.823,  0.811], 
          [-0.019, -0.249,  0.714,  0.770], 
          [-0.222, -0.251,  0.650,  0.820], 
          [-0.338, -0.009,  0.492,  0.780], 
          [-0.357,  0.097,  0.490,  0.739], 
          [-0.735,  0.065,  0.444,  0.891], 
          [-0.759,  0.154,  0.088,  0.801], 
          [-0.325, -0.118,  0.513,  0.747], 
          [-0.647, -0.282,  0.476,  0.864], 
          [-0.694, -0.227,  0.097,  0.815], 
          [-0.010,  0.150,  1.050,  0.848], 
          [ 0.023,  0.078,  1.040,  0.890], 
          [ 0.032,  0.222,  0.985,  0.875], 
          [ 0.097,  0.053,  0.986,  0.888], 
          [-0.848, -0.292,  0.059,  0.794], 
          [-0.804, -0.320,  0.049,  0.794], 
          [-0.681, -0.175,  0.058,  0.769], 
          [-0.912,  0.131,  0.065,  0.811], 
          [-0.888,  0.180,  0.062,  0.788], 
          [-0.715,  0.167,  0.032,  0.717]
        ]
    }
]
