[
    {
        "id": 0,
        "keypoints3d": [
          [ 1.019, -1.337,  1.580,  0.884], 
          [ 1.132, -1.410,  1.388,  0.862], 
          [ 1.250, -1.297,  1.393,  0.826], 
          [ 1.148, -1.166,  1.184,  0.830], 
          [ 0.974, -1.361,  1.195,  0.799], 
          [ 0.997, -1.521,  1.379,  0.829], 
          [ 0.918, -1.451,  1.147,  0.850], 
          [ 1.068, -1.256,  1.177,  0.756], 
          [ 1.087, -1.361,  0.870,  0.707], 
          [ 1.151, -1.283,  0.870,  0.699], 
          [ 1.179, -1.305,  0.470,  0.717], 
          [ 1.247, -1.352,  0.087,  0.700], 
          [ 1.019, -1.437,  0.869,  0.690], 
          [ 1.036, -1.438,  0.475,  0.678], 
          [ 1.072, -1.469,  0.102,  0.831], 
          [ 1.072, -1.322,  1.628,  0.820], 
          [ 1.012, -1.362,  1.611,  0.857], 
          [ 1.167, -1.335,  1.603,  0.896], 
          [ 1.047, -1.463,  1.579,  0.836], 
          [ 0.976, -1.362,  0.061,  0.699], 
          [ 0.959, -1.434,  0.067,  0.703], 
          [ 1.103, -1.481,  0.061,  0.689], 
          [ 1.116, -1.251,  0.047,  0.680], 
          [ 1.185, -1.229,  0.044,  0.683], 
          [ 1.254, -1.385,  0.040,  0.642]
        ]
    },
    {
        "id": 2,
        "keypoints3d": [
          [ 0.260,  1.217,  1.600,  0.851], 
          [ 0.116,  1.322,  1.417,  0.871], 
          [ 0.028,  1.189,  1.432,  0.833], 
          [-0.056,  1.151,  1.173,  0.878], 
          [-0.033,  1.084,  0.927,  0.874], 
          [ 0.196,  1.455,  1.414,  0.807], 
          [ 0.194,  1.531,  1.140,  0.813], 
          [ 0.233,  1.516,  0.884,  0.876], 
          [ 0.119,  1.305,  0.879,  0.744], 
          [ 0.076,  1.212,  0.880,  0.717], 
          [ 0.099,  1.193,  0.511,  0.803], 
          [-0.148,  1.240,  0.239,  0.763], 
          [ 0.164,  1.404,  0.878,  0.716], 
          [ 0.185,  1.390,  0.485,  0.805], 
          [ 0.182,  1.374,  0.108,  0.770], 
          [ 0.222,  1.196,  1.632,  0.773], 
          [ 0.272,  1.257,  1.638,  0.855], 
          [ 0.136,  1.220,  1.641,  0.827], 
          [ 0.247,  1.333,  1.632,  0.800], 
          [ 0.336,  1.341,  0.046,  0.661], 
          [ 0.316,  1.390,  0.051,  0.611], 
          [ 0.159,  1.368,  0.064,  0.707], 
          [-0.104,  1.231,  0.064,  0.696], 
          [-0.131,  1.207,  0.081,  0.662], 
          [-0.215,  1.266,  0.230,  0.787]
        ]
    },
    {
        "id": 4,
        "keypoints3d": [
          [-1.188, -1.092,  1.522,  0.883], 
          [-1.217, -1.242,  1.347,  0.861], 
          [-1.063, -1.297,  1.360,  0.852], 
          [-1.045, -1.377,  1.091,  0.808], 
          [-1.084, -1.401,  0.872,  0.762], 
          [-1.374, -1.187,  1.336,  0.846], 
          [-1.398, -1.253,  1.077,  0.714], 
          [-1.301, -1.352,  0.850,  0.732], 
          [-1.168, -1.247,  0.828,  0.757], 
          [-1.078, -1.265,  0.835,  0.764], 
          [-1.051, -1.242,  0.466,  0.857], 
          [-1.068, -1.310,  0.106,  0.844], 
          [-1.269, -1.233,  0.820,  0.757], 
          [-1.250, -1.271,  0.448,  0.848], 
          [-1.220, -1.303,  0.082,  0.852], 
          [-1.168, -1.115,  1.556,  0.797], 
          [-1.236, -1.091,  1.553,  0.876], 
          [-1.136, -1.213,  1.541,  0.772], 
          [-1.297, -1.164,  1.535,  0.809], 
          [-1.201, -1.150,  0.036,  0.743], 
          [-1.245, -1.165,  0.047,  0.751], 
          [-1.217, -1.346,  0.037,  0.606], 
          [-0.988, -1.181,  0.080,  0.731], 
          [-0.963, -1.233,  0.078,  0.718], 
          [-1.091, -1.339,  0.057,  0.743]
        ]
    },
    {
        "id": 6,
        "keypoints3d": [
          [-0.177,  0.020,  1.002,  0.857], 
          [-0.047, -0.005,  0.826,  0.830], 
          [-0.016,  0.133,  0.833,  0.801], 
          [ 0.072,  0.313,  0.699,  0.729], 
          [-0.145,  0.341,  0.659,  0.808], 
          [-0.095, -0.154,  0.838,  0.782], 
          [-0.221, -0.323,  0.734,  0.814], 
          [-0.381, -0.197,  0.646,  0.830], 
          [-0.238,  0.023,  0.435,  0.728], 
          [-0.221,  0.134,  0.439,  0.681], 
          [-0.618,  0.317,  0.473,  0.850], 
          [-0.708,  0.348,  0.095,  0.761], 
          [-0.271, -0.087,  0.440,  0.713], 
          [-0.709, -0.001,  0.484,  0.874], 
          [-0.798,  0.058,  0.114,  0.852], 
          [-0.158,  0.038,  1.038,  0.835], 
          [-0.151, -0.028,  1.041,  0.875], 
          [-0.066,  0.074,  1.012,  0.842], 
          [-0.080, -0.080,  1.012,  0.684], 
          [-0.961,  0.045,  0.078,  0.797], 
          [-0.937,  0.005,  0.080,  0.805], 
          [-0.766,  0.076,  0.068,  0.767], 
          [-0.866,  0.403,  0.101,  0.696], 
          [-0.811,  0.432,  0.095,  0.614], 
          [-0.694,  0.339,  0.046,  0.669]
        ]
    }
]
