[
    {
        "id": 0,
        "keypoints3d": [
          [ 1.018, -1.337,  1.580,  0.881], 
          [ 1.131, -1.409,  1.388,  0.859], 
          [ 1.249, -1.298,  1.393,  0.831], 
          [ 1.139, -1.165,  1.182,  0.816], 
          [ 0.974, -1.361,  1.200,  0.804], 
          [ 0.997, -1.522,  1.376,  0.828], 
          [ 0.913, -1.453,  1.143,  0.856], 
          [ 1.064, -1.257,  1.173,  0.760], 
          [ 1.091, -1.361,  0.862,  0.727], 
          [ 1.150, -1.285,  0.866,  0.719], 
          [ 1.175, -1.311,  0.469,  0.729], 
          [ 1.241, -1.352,  0.082,  0.783], 
          [ 1.020, -1.435,  0.860,  0.710], 
          [ 1.037, -1.434,  0.472,  0.677], 
          [ 1.070, -1.467,  0.101,  0.844], 
          [ 1.070, -1.326,  1.627,  0.806], 
          [ 1.012, -1.363,  1.609,  0.861], 
          [ 1.164, -1.334,  1.603,  0.893], 
          [ 1.042, -1.465,  1.582,  0.841], 
          [ 0.984, -1.361,  0.059,  0.721], 
          [ 0.958, -1.433,  0.056,  0.732], 
          [ 1.100, -1.481,  0.053,  0.697], 
          [ 1.118, -1.249,  0.044,  0.710], 
          [ 1.187, -1.227,  0.043,  0.711], 
          [ 1.253, -1.385,  0.038,  0.675]
        ]
    },
    {
        "id": 2,
        "keypoints3d": [
          [ 0.111,  1.189,  1.569,  0.848], 
          [-0.053,  1.279,  1.407,  0.851], 
          [-0.107,  1.136,  1.405,  0.845], 
          [-0.134,  1.092,  1.124,  0.764], 
          [-0.065,  1.073,  0.894,  0.782], 
          [ 0.006,  1.443,  1.407,  0.844], 
          [-0.021,  1.510,  1.133,  0.771], 
          [ 0.023,  1.494,  0.889,  0.818], 
          [-0.053,  1.280,  0.860,  0.705], 
          [-0.090,  1.187,  0.860,  0.704], 
          [-0.150,  1.191,  0.488,  0.808], 
          [-0.352,  1.226,  0.121,  0.810], 
          [-0.021,  1.383,  0.863,  0.704], 
          [ 0.093,  1.372,  0.484,  0.777], 
          [ 0.175,  1.362,  0.104,  0.819], 
          [ 0.076,  1.173,  1.608,  0.882], 
          [ 0.117,  1.217,  1.617,  0.722], 
          [-0.024,  1.166,  1.611,  0.904], 
          [ 0.066,  1.307,  1.619,  0.681], 
          [ 0.315,  1.343,  0.018,  0.701], 
          [ 0.299,  1.390,  0.038,  0.675], 
          [ 0.166,  1.362,  0.056,  0.694], 
          [-0.191,  1.235,  0.052,  0.721], 
          [-0.229,  1.188,  0.046,  0.726], 
          [-0.399,  1.231,  0.078,  0.791]
        ]
    },
    {
        "id": 4,
        "keypoints3d": [
          [-1.205, -1.113,  1.523,  0.898], 
          [-1.208, -1.259,  1.345,  0.875], 
          [-1.056, -1.297,  1.352,  0.859], 
          [-1.025, -1.352,  1.085,  0.832], 
          [-1.076, -1.383,  0.873,  0.802], 
          [-1.381, -1.234,  1.342,  0.828], 
          [-1.404, -1.297,  1.080,  0.781], 
          [-1.319, -1.339,  0.855,  0.579], 
          [-1.196, -1.232,  0.830,  0.759], 
          [-1.094, -1.241,  0.833,  0.750], 
          [-1.062, -1.225,  0.472,  0.834], 
          [-1.086, -1.300,  0.115,  0.820], 
          [-1.297, -1.235,  0.825,  0.733], 
          [-1.265, -1.268,  0.444,  0.836], 
          [-1.225, -1.305,  0.085,  0.826], 
          [-1.190, -1.132,  1.559,  0.827], 
          [-1.249, -1.127,  1.557,  0.812], 
          [-1.128, -1.215,  1.548,  0.771], 
          [-1.305, -1.199,  1.545,  0.882], 
          [-1.213, -1.150,  0.045,  0.702], 
          [-1.253, -1.173,  0.053,  0.714], 
          [-1.213, -1.350,  0.042,  0.579], 
          [-0.986, -1.180,  0.083,  0.675], 
          [-0.964, -1.230,  0.085,  0.663], 
          [-1.103, -1.332,  0.066,  0.740]
        ]
    },
    {
        "id": 6,
        "keypoints3d": [
          [-0.316,  0.060,  1.005,  0.842], 
          [-0.140,  0.019,  0.861,  0.806], 
          [-0.094,  0.158,  0.870,  0.776], 
          [ 0.049,  0.296,  0.744,  0.729], 
          [-0.136,  0.340,  0.648,  0.839], 
          [-0.185, -0.122,  0.865,  0.800], 
          [-0.282, -0.297,  0.751,  0.722], 
          [-0.419, -0.172,  0.646,  0.738], 
          [-0.291,  0.051,  0.469,  0.743], 
          [-0.253,  0.144,  0.473,  0.715], 
          [-0.562,  0.401,  0.461,  0.868], 
          [-0.715,  0.351,  0.139,  0.804], 
          [-0.345, -0.043,  0.473,  0.716], 
          [-0.704,  0.063,  0.480,  0.809], 
          [-0.722,  0.193,  0.130,  0.850], 
          [-0.286,  0.083,  1.034,  0.767], 
          [-0.309,  0.027,  1.037,  0.877], 
          [-0.193,  0.121,  1.034,  0.824], 
          [-0.236, -0.036,  1.048,  0.753], 
          [-0.848,  0.265,  0.072,  0.709], 
          [-0.834,  0.207,  0.069,  0.717], 
          [-0.692,  0.200,  0.093,  0.643], 
          [-0.850,  0.449,  0.137,  0.734], 
          [-0.800,  0.463,  0.120,  0.722], 
          [-0.709,  0.329,  0.094,  0.686]
        ]
    }
]
