[
    {
        "id": 0,
        "keypoints3d": [
          [ 1.037, -1.319,  1.581,  0.878], 
          [ 1.132, -1.407,  1.389,  0.862], 
          [ 1.249, -1.295,  1.392,  0.819], 
          [ 1.146, -1.169,  1.180,  0.801], 
          [ 0.976, -1.359,  1.192,  0.802], 
          [ 0.996, -1.519,  1.379,  0.818], 
          [ 0.918, -1.447,  1.142,  0.854], 
          [ 1.072, -1.255,  1.174,  0.772], 
          [ 1.093, -1.361,  0.859,  0.729], 
          [ 1.154, -1.285,  0.864,  0.719], 
          [ 1.175, -1.313,  0.475,  0.755], 
          [ 1.230, -1.357,  0.083,  0.765], 
          [ 1.023, -1.434,  0.865,  0.711], 
          [ 1.037, -1.438,  0.478,  0.732], 
          [ 1.069, -1.465,  0.110,  0.853], 
          [ 1.073, -1.312,  1.626,  0.820], 
          [ 1.018, -1.358,  1.609,  0.859], 
          [ 1.174, -1.326,  1.610,  0.831], 
          [ 1.048, -1.458,  1.587,  0.858], 
          [ 0.978, -1.360,  0.058,  0.665], 
          [ 0.957, -1.433,  0.061,  0.675], 
          [ 1.100, -1.488,  0.058,  0.661], 
          [ 1.109, -1.235,  0.052,  0.817], 
          [ 1.176, -1.218,  0.052,  0.808], 
          [ 1.237, -1.395,  0.032,  0.641]
        ]
    },
    {
        "id": 2,
        "keypoints3d": [
          [ 0.656,  1.003,  1.594,  0.855], 
          [ 0.664,  1.169,  1.421,  0.838], 
          [ 0.507,  1.146,  1.406,  0.826], 
          [ 0.470,  1.182,  1.129,  0.847], 
          [ 0.472,  1.151,  0.888,  0.874], 
          [ 0.827,  1.202,  1.432,  0.806], 
          [ 0.887,  1.243,  1.163,  0.788], 
          [ 0.926,  1.215,  0.923,  0.851], 
          [ 0.713,  1.160,  0.869,  0.721], 
          [ 0.620,  1.123,  0.864,  0.717], 
          [ 0.649,  1.127,  0.480,  0.808], 
          [ 0.623,  1.222,  0.092,  0.857], 
          [ 0.809,  1.194,  0.869,  0.703], 
          [ 0.860,  1.187,  0.492,  0.853], 
          [ 0.818,  1.306,  0.130,  0.818], 
          [ 0.602,  1.018,  1.641,  0.879], 
          [ 0.693,  1.004,  1.647,  0.879], 
          [ 0.556,  1.096,  1.633,  0.790], 
          [ 0.732,  1.087,  1.637,  0.806], 
          [ 0.910,  1.202,  0.030,  0.666], 
          [ 0.934,  1.258,  0.040,  0.721], 
          [ 0.803,  1.324,  0.080,  0.728], 
          [ 0.730,  1.095,  0.045,  0.729], 
          [ 0.670,  1.105,  0.034,  0.746], 
          [ 0.614,  1.245,  0.058,  0.777]
        ]
    },
    {
        "id": 4,
        "keypoints3d": [
          [-0.980, -1.170,  1.514,  0.887], 
          [-1.032, -1.303,  1.351,  0.881], 
          [-0.886, -1.370,  1.348,  0.849], 
          [-0.883, -1.456,  1.086,  0.734], 
          [-0.922, -1.473,  0.911,  0.735], 
          [-1.176, -1.229,  1.348,  0.860], 
          [-1.224, -1.268,  1.086,  0.811], 
          [-1.146, -1.385,  0.894,  0.673], 
          [-1.012, -1.295,  0.832,  0.770], 
          [-0.927, -1.344,  0.824,  0.748], 
          [-0.949, -1.367,  0.440,  0.793], 
          [-1.011, -1.393,  0.090,  0.774], 
          [-1.109, -1.255,  0.834,  0.752], 
          [-1.124, -1.254,  0.464,  0.844], 
          [-1.209, -1.299,  0.088,  0.842], 
          [-0.950, -1.186,  1.548,  0.813], 
          [-1.023, -1.171,  1.559,  0.888], 
          [-0.919, -1.285,  1.541,  0.839], 
          [-1.093, -1.229,  1.559,  0.838], 
          [-1.197, -1.143,  0.042,  0.757], 
          [-1.244, -1.170,  0.047,  0.783], 
          [-1.219, -1.325,  0.050,  0.687], 
          [-0.929, -1.278,  0.064,  0.753], 
          [-0.910, -1.330,  0.067,  0.750], 
          [-1.032, -1.415,  0.053,  0.743]
        ]
    },
    {
        "id": 6,
        "keypoints3d": [
          [-0.157,  0.227,  1.024,  0.875], 
          [-0.099,  0.223,  0.794,  0.854], 
          [-0.208,  0.322,  0.779,  0.814], 
          [-0.334,  0.366,  0.583,  0.837], 
          [-0.449,  0.202,  0.602,  0.811], 
          [ 0.001,  0.117,  0.814,  0.754], 
          [ 0.069, -0.103,  0.715,  0.752], 
          [-0.096, -0.202,  0.647,  0.805], 
          [-0.303, -0.044,  0.469,  0.719], 
          [-0.366,  0.054,  0.454,  0.726], 
          [-0.626, -0.233,  0.505,  0.820], 
          [-0.797, -0.407,  0.281,  0.756], 
          [-0.246, -0.132,  0.483,  0.670], 
          [-0.449, -0.422,  0.453,  0.812], 
          [-0.723, -0.450,  0.224,  0.736], 
          [-0.155,  0.267,  1.041,  0.835], 
          [-0.116,  0.204,  1.049,  0.887], 
          [-0.123,  0.342,  0.984,  0.858], 
          [-0.023,  0.237,  0.980,  0.877], 
          [-0.841, -0.513,  0.212,  0.691], 
          [-0.798, -0.560,  0.218,  0.672], 
          [-0.749, -0.383,  0.179,  0.611], 
          [-0.929, -0.404,  0.346,  0.629], 
          [-0.905, -0.393,  0.315,  0.662], 
          [-0.795, -0.420,  0.198,  0.725]
        ]
    }
]
