[
    {
        "id": 0,
        "keypoints3d": [
          [ 1.016, -1.338,  1.581,  0.883], 
          [ 1.133, -1.408,  1.388,  0.855], 
          [ 1.251, -1.297,  1.392,  0.822], 
          [ 1.135, -1.161,  1.187,  0.825], 
          [ 0.976, -1.360,  1.196,  0.816], 
          [ 1.000, -1.525,  1.377,  0.830], 
          [ 0.916, -1.452,  1.143,  0.854], 
          [ 1.063, -1.254,  1.175,  0.753], 
          [ 1.091, -1.361,  0.863,  0.733], 
          [ 1.149, -1.285,  0.866,  0.722], 
          [ 1.173, -1.310,  0.475,  0.729], 
          [ 1.238, -1.351,  0.083,  0.786], 
          [ 1.023, -1.434,  0.864,  0.717], 
          [ 1.040, -1.439,  0.474,  0.688], 
          [ 1.071, -1.466,  0.103,  0.840], 
          [ 1.071, -1.298,  1.621,  0.896], 
          [ 1.010, -1.362,  1.612,  0.865], 
          [ 1.161, -1.340,  1.602,  0.900], 
          [ 1.044, -1.464,  1.584,  0.829], 
          [ 0.978, -1.355,  0.063,  0.714], 
          [ 0.960, -1.432,  0.061,  0.723], 
          [ 1.106, -1.481,  0.053,  0.697], 
          [ 1.117, -1.248,  0.050,  0.715], 
          [ 1.184, -1.224,  0.044,  0.715], 
          [ 1.252, -1.388,  0.038,  0.675]
        ]
    },
    {
        "id": 2,
        "keypoints3d": [
          [-1.256, -1.150,  1.523,  0.877], 
          [-1.196, -1.277,  1.346,  0.898], 
          [-1.038, -1.266,  1.351,  0.860], 
          [-1.012, -1.327,  1.073,  0.794], 
          [-1.080, -1.371,  0.864,  0.755], 
          [-1.365, -1.274,  1.343,  0.852], 
          [-1.380, -1.334,  1.083,  0.745], 
          [-1.319, -1.357,  0.858,  0.609], 
          [-1.202, -1.235,  0.823,  0.745], 
          [-1.100, -1.227,  0.827,  0.737], 
          [-1.068, -1.214,  0.466,  0.816], 
          [-1.069, -1.304,  0.114,  0.837], 
          [-1.301, -1.248,  0.818,  0.728], 
          [-1.262, -1.268,  0.447,  0.789], 
          [-1.217, -1.303,  0.083,  0.838], 
          [-1.223, -1.161,  1.559,  0.900], 
          [-1.291, -1.194,  1.560,  0.795], 
          [-1.129, -1.184,  1.543,  0.843], 
          [-1.287, -1.276,  1.542,  0.752], 
          [-1.206, -1.152,  0.039,  0.741], 
          [-1.242, -1.176,  0.041,  0.763], 
          [-1.206, -1.358,  0.043,  0.618], 
          [-0.981, -1.188,  0.087,  0.697], 
          [-0.960, -1.236,  0.091,  0.694], 
          [-1.080, -1.330,  0.066,  0.735]
        ]
    },
    {
        "id": 4,
        "keypoints3d": [
          [-0.537,  0.174,  1.001,  0.857], 
          [-0.315,  0.109,  0.919,  0.871], 
          [-0.259,  0.253,  0.916,  0.826], 
          [-0.048,  0.314,  0.848,  0.751], 
          [-0.120,  0.298,  0.647,  0.803], 
          [-0.384, -0.028,  0.916,  0.799], 
          [-0.394, -0.256,  0.830,  0.701], 
          [-0.460, -0.141,  0.654,  0.615], 
          [-0.300,  0.094,  0.460,  0.723], 
          [-0.249,  0.190,  0.458,  0.718], 
          [-0.506,  0.488,  0.449,  0.798], 
          [-0.367,  0.471,  0.103,  0.797], 
          [-0.376,  0.010,  0.453,  0.672], 
          [-0.750,  0.133,  0.446,  0.851], 
          [-0.675,  0.201,  0.097,  0.814], 
          [-0.516,  0.199,  1.023,  0.935], 
          [-0.527,  0.147,  1.027,  0.822], 
          [-0.435,  0.243,  1.042,  0.683], 
          [-0.450,  0.090,  1.046,  0.822], 
          [-0.824,  0.230,  0.036,  0.731], 
          [-0.796,  0.185,  0.039,  0.738], 
          [-0.636,  0.220,  0.059,  0.690], 
          [-0.421,  0.611,  0.059,  0.670], 
          [-0.374,  0.602,  0.059,  0.696], 
          [-0.359,  0.439,  0.064,  0.695]
        ]
    },
    {
        "id": 6,
        "keypoints3d": [
          [-0.108,  1.161,  1.585,  0.789], 
          [-0.302,  1.211,  1.425,  0.857], 
          [-0.308,  1.048,  1.416,  0.825], 
          [-0.310,  1.018,  1.131,  0.820], 
          [-0.190,  1.035,  0.927,  0.771], 
          [-0.285,  1.370,  1.431,  0.822], 
          [-0.359,  1.442,  1.165,  0.821], 
          [-0.337,  1.473,  0.908,  0.828], 
          [-0.284,  1.243,  0.886,  0.707], 
          [-0.292,  1.141,  0.881,  0.699], 
          [-0.306,  1.165,  0.489,  0.839], 
          [-0.371,  1.211,  0.095,  0.813], 
          [-0.286,  1.336,  0.892,  0.716], 
          [-0.225,  1.341,  0.511,  0.840], 
          [-0.401,  1.316,  0.164,  0.819], 
          [-0.121,  1.119,  1.625,  0.685], 
          [-0.119,  1.191,  1.625,  0.848], 
          [-0.213,  1.102,  1.625,  0.780], 
          [-0.186,  1.256,  1.640,  0.827], 
          [-0.264,  1.374,  0.057,  0.623], 
          [-0.306,  1.394,  0.073,  0.661], 
          [-0.442,  1.311,  0.138,  0.682], 
          [-0.203,  1.242,  0.048,  0.700], 
          [-0.241,  1.194,  0.041,  0.712], 
          [-0.397,  1.223,  0.061,  0.757]
        ]
    }
]
