[
    {
        "id": 0,
        "keypoints3d": [
          [-1.018, -1.152,  1.522,  0.882], 
          [-1.064, -1.281,  1.355,  0.882], 
          [-0.927, -1.361,  1.358,  0.856], 
          [-0.927, -1.429,  1.094,  0.736], 
          [-0.970, -1.452,  0.904,  0.801], 
          [-1.217, -1.202,  1.351,  0.884], 
          [-1.257, -1.231,  1.091,  0.810], 
          [-1.200, -1.333,  0.890,  0.615], 
          [-1.050, -1.280,  0.842,  0.778], 
          [-0.953, -1.330,  0.836,  0.766], 
          [-0.973, -1.362,  0.447,  0.808], 
          [-1.011, -1.391,  0.098,  0.797], 
          [-1.133, -1.246,  0.842,  0.768], 
          [-1.158, -1.255,  0.462,  0.831], 
          [-1.213, -1.305,  0.082,  0.853], 
          [-0.994, -1.170,  1.556,  0.824], 
          [-1.057, -1.140,  1.562,  0.883], 
          [-0.972, -1.257,  1.543,  0.720], 
          [-1.121, -1.198,  1.551,  0.874], 
          [-1.201, -1.144,  0.046,  0.690], 
          [-1.246, -1.168,  0.045,  0.712], 
          [-1.224, -1.328,  0.047,  0.695], 
          [-0.918, -1.290,  0.060,  0.700], 
          [-0.898, -1.337,  0.061,  0.702], 
          [-1.035, -1.414,  0.062,  0.753]
        ]
    },
    {
        "id": 2,
        "keypoints3d": [
          [ 0.611,  1.020,  1.579,  0.891], 
          [ 0.597,  1.189,  1.410,  0.884], 
          [ 0.448,  1.128,  1.407,  0.836], 
          [ 0.405,  1.151,  1.136,  0.823], 
          [ 0.435,  1.116,  0.886,  0.807], 
          [ 0.749,  1.253,  1.426,  0.834], 
          [ 0.802,  1.312,  1.171,  0.804], 
          [ 0.852,  1.285,  0.934,  0.873], 
          [ 0.645,  1.199,  0.873,  0.753], 
          [ 0.554,  1.147,  0.872,  0.743], 
          [ 0.622,  1.148,  0.486,  0.853], 
          [ 0.618,  1.214,  0.100,  0.794], 
          [ 0.735,  1.241,  0.872,  0.729], 
          [ 0.758,  1.250,  0.490,  0.832], 
          [ 0.567,  1.381,  0.195,  0.809], 
          [ 0.575,  1.017,  1.619,  0.757], 
          [ 0.648,  1.028,  1.623,  0.807], 
          [ 0.517,  1.085,  1.623,  0.855], 
          [ 0.682,  1.115,  1.633,  0.865], 
          [ 0.655,  1.384,  0.072,  0.563], 
          [ 0.651,  1.405,  0.087,  0.578], 
          [ 0.529,  1.403,  0.170,  0.674], 
          [ 0.718,  1.107,  0.052,  0.665], 
          [ 0.664,  1.107,  0.044,  0.687], 
          [ 0.600,  1.244,  0.068,  0.697]
        ]
    },
    {
        "id": 4,
        "keypoints3d": [
          [ 1.033, -1.324,  1.581,  0.878], 
          [ 1.132, -1.409,  1.389,  0.861], 
          [ 1.249, -1.295,  1.393,  0.820], 
          [ 1.150, -1.170,  1.179,  0.809], 
          [ 0.977, -1.360,  1.190,  0.787], 
          [ 0.997, -1.522,  1.378,  0.825], 
          [ 0.913, -1.447,  1.142,  0.862], 
          [ 1.074, -1.257,  1.175,  0.779], 
          [ 1.089, -1.362,  0.859,  0.730], 
          [ 1.151, -1.287,  0.863,  0.719], 
          [ 1.170, -1.316,  0.475,  0.758], 
          [ 1.233, -1.361,  0.091,  0.774], 
          [ 1.024, -1.434,  0.862,  0.712], 
          [ 1.037, -1.438,  0.476,  0.732], 
          [ 1.072, -1.467,  0.112,  0.767], 
          [ 1.076, -1.297,  1.620,  0.796], 
          [ 1.017, -1.358,  1.607,  0.858], 
          [ 1.174, -1.323,  1.607,  0.897], 
          [ 1.050, -1.459,  1.587,  0.854], 
          [ 0.983, -1.360,  0.065,  0.658], 
          [ 0.958, -1.433,  0.062,  0.668], 
          [ 1.102, -1.484,  0.063,  0.648], 
          [ 1.107, -1.238,  0.062,  0.780], 
          [ 1.169, -1.221,  0.060,  0.766], 
          [ 1.241, -1.396,  0.036,  0.631]
        ]
    },
    {
        "id": 6,
        "keypoints3d": [
          [-0.095,  0.210,  1.026,  0.893], 
          [-0.060,  0.214,  0.794,  0.852], 
          [-0.129,  0.329,  0.771,  0.831], 
          [-0.258,  0.384,  0.577,  0.851], 
          [-0.409,  0.252,  0.612,  0.864], 
          [ 0.005,  0.082,  0.823,  0.820], 
          [ 0.048, -0.149,  0.717,  0.667], 
          [-0.134, -0.214,  0.644,  0.654], 
          [-0.300, -0.002,  0.471,  0.752], 
          [-0.352,  0.089,  0.462,  0.732], 
          [-0.697, -0.104,  0.488,  0.850], 
          [-0.940, -0.286,  0.286,  0.758], 
          [-0.264, -0.105,  0.493,  0.718], 
          [-0.541, -0.369,  0.440,  0.833], 
          [-0.681, -0.257,  0.112,  0.776], 
          [-0.076,  0.261,  1.043,  0.834], 
          [-0.046,  0.193,  1.045,  0.865], 
          [-0.051,  0.331,  0.971,  0.786], 
          [ 0.038,  0.208,  0.972,  0.902], 
          [-0.828, -0.283,  0.069,  0.731], 
          [-0.787, -0.321,  0.061,  0.710], 
          [-0.648, -0.222,  0.068,  0.670], 
          [-1.060, -0.345,  0.344,  0.629], 
          [-1.052, -0.291,  0.320,  0.563], 
          [-0.937, -0.321,  0.245,  0.659]
        ]
    }
]
