[
    {
        "id": 0,
        "keypoints3d": [
          [ 1.019, -1.337,  1.580,  0.885], 
          [ 1.131, -1.409,  1.388,  0.860], 
          [ 1.248, -1.295,  1.393,  0.827], 
          [ 1.140, -1.167,  1.182,  0.827], 
          [ 0.974, -1.361,  1.197,  0.800], 
          [ 0.998, -1.522,  1.379,  0.828], 
          [ 0.916, -1.451,  1.145,  0.856], 
          [ 1.065, -1.256,  1.178,  0.763], 
          [ 1.091, -1.361,  0.861,  0.726], 
          [ 1.152, -1.282,  0.867,  0.716], 
          [ 1.178, -1.306,  0.478,  0.797], 
          [ 1.245, -1.350,  0.087,  0.732], 
          [ 1.019, -1.436,  0.859,  0.711], 
          [ 1.035, -1.436,  0.470,  0.680], 
          [ 1.070, -1.466,  0.103,  0.844], 
          [ 1.070, -1.326,  1.627,  0.807], 
          [ 1.012, -1.362,  1.610,  0.864], 
          [ 1.164, -1.334,  1.603,  0.896], 
          [ 1.042, -1.465,  1.582,  0.844], 
          [ 0.987, -1.362,  0.060,  0.662], 
          [ 0.972, -1.433,  0.062,  0.665], 
          [ 1.097, -1.477,  0.052,  0.704], 
          [ 1.117, -1.251,  0.047,  0.719], 
          [ 1.187, -1.227,  0.040,  0.715], 
          [ 1.253, -1.383,  0.039,  0.669]
        ]
    },
    {
        "id": 2,
        "keypoints3d": [
          [ 0.180,  1.192,  1.575,  0.839], 
          [ 0.024,  1.309,  1.410,  0.874], 
          [-0.039,  1.164,  1.414,  0.836], 
          [-0.089,  1.104,  1.149,  0.856], 
          [-0.059,  1.062,  0.908,  0.911], 
          [ 0.096,  1.451,  1.411,  0.850], 
          [ 0.064,  1.522,  1.133,  0.730], 
          [ 0.105,  1.503,  0.877,  0.802], 
          [ 0.023,  1.283,  0.865,  0.732], 
          [-0.015,  1.193,  0.866,  0.735], 
          [-0.053,  1.200,  0.500,  0.808], 
          [-0.295,  1.233,  0.160,  0.756], 
          [ 0.068,  1.378,  0.864,  0.726], 
          [ 0.142,  1.374,  0.489,  0.815], 
          [ 0.178,  1.366,  0.098,  0.765], 
          [ 0.137,  1.178,  1.614,  0.866], 
          [ 0.180,  1.234,  1.621,  0.810], 
          [ 0.058,  1.180,  1.617,  0.795], 
          [ 0.140,  1.319,  1.621,  0.799], 
          [ 0.331,  1.337,  0.030,  0.658], 
          [ 0.324,  1.378,  0.040,  0.626], 
          [ 0.161,  1.365,  0.062,  0.709], 
          [-0.172,  1.234,  0.054,  0.723], 
          [-0.218,  1.189,  0.052,  0.700], 
          [-0.375,  1.238,  0.132,  0.746]
        ]
    },
    {
        "id": 4,
        "keypoints3d": [
          [-1.199, -1.102,  1.521,  0.890], 
          [-1.214, -1.257,  1.346,  0.868], 
          [-1.058, -1.303,  1.354,  0.871], 
          [-1.033, -1.359,  1.089,  0.832], 
          [-1.080, -1.393,  0.881,  0.834], 
          [-1.382, -1.209,  1.343,  0.825], 
          [-1.412, -1.276,  1.075,  0.811], 
          [-1.313, -1.344,  0.853,  0.658], 
          [-1.185, -1.237,  0.836,  0.752], 
          [-1.084, -1.260,  0.840,  0.749], 
          [-1.054, -1.222,  0.479,  0.827], 
          [-1.074, -1.304,  0.110,  0.820], 
          [-1.285, -1.230,  0.830,  0.736], 
          [-1.265, -1.265,  0.444,  0.820], 
          [-1.222, -1.303,  0.082,  0.829], 
          [-1.179, -1.125,  1.556,  0.751], 
          [-1.238, -1.108,  1.555,  0.835], 
          [-1.131, -1.218,  1.542,  0.799], 
          [-1.304, -1.193,  1.541,  0.761], 
          [-1.206, -1.143,  0.043,  0.724], 
          [-1.247, -1.164,  0.047,  0.739], 
          [-1.215, -1.346,  0.039,  0.590], 
          [-0.988, -1.173,  0.087,  0.703], 
          [-0.965, -1.225,  0.082,  0.690], 
          [-1.092, -1.330,  0.063,  0.702]
        ]
    },
    {
        "id": 6,
        "keypoints3d": [
          [-0.256,  0.040,  1.000,  0.861], 
          [-0.092,  0.002,  0.853,  0.813], 
          [-0.049,  0.143,  0.854,  0.800], 
          [ 0.047,  0.303,  0.723,  0.757], 
          [-0.145,  0.347,  0.649,  0.809], 
          [-0.145, -0.147,  0.854,  0.786], 
          [-0.254, -0.302,  0.744,  0.765], 
          [-0.407, -0.176,  0.638,  0.733], 
          [-0.246,  0.021,  0.453,  0.708], 
          [-0.206,  0.115,  0.452,  0.689], 
          [-0.598,  0.359,  0.473,  0.848], 
          [-0.719,  0.346,  0.118,  0.768], 
          [-0.287, -0.081,  0.452,  0.678], 
          [-0.714,  0.034,  0.490,  0.866], 
          [-0.766,  0.142,  0.139,  0.839], 
          [-0.226,  0.067,  1.031,  0.814], 
          [-0.228, -0.001,  1.035,  0.839], 
          [-0.131,  0.094,  1.024,  0.858], 
          [-0.154, -0.058,  1.025,  0.778], 
          [-0.924,  0.175,  0.092,  0.774], 
          [-0.897,  0.122,  0.079,  0.783], 
          [-0.719,  0.168,  0.084,  0.715], 
          [-0.866,  0.431,  0.129,  0.713], 
          [-0.820,  0.457,  0.117,  0.708], 
          [-0.722,  0.318,  0.070,  0.781]
        ]
    }
]
