[
    {
        "id": 0,
        "keypoints3d": [
          [-1.103, -1.088,  1.524,  0.808], 
          [-1.146, -1.244,  1.357,  0.864], 
          [-1.001, -1.317,  1.366,  0.843], 
          [-0.984, -1.429,  1.116,  0.795], 
          [-1.059, -1.435,  0.899,  0.765], 
          [-1.292, -1.171,  1.336,  0.861], 
          [-1.325, -1.240,  1.083,  0.766], 
          [-1.265, -1.346,  0.894,  0.624], 
          [-1.119, -1.282,  0.830,  0.741], 
          [-1.031, -1.327,  0.833,  0.752], 
          [-1.024, -1.360,  0.444,  0.783], 
          [-1.012, -1.395,  0.089,  0.846], 
          [-1.213, -1.243,  0.824,  0.738], 
          [-1.205, -1.274,  0.453,  0.800], 
          [-1.221, -1.303,  0.079,  0.860], 
          [-1.084, -1.115,  1.563,  0.817], 
          [-1.148, -1.085,  1.548,  0.884], 
          [-1.075, -1.208,  1.561,  0.806], 
          [-1.218, -1.149,  1.530,  0.852], 
          [-1.207, -1.138,  0.044,  0.775], 
          [-1.253, -1.165,  0.048,  0.790], 
          [-1.219, -1.326,  0.036,  0.718], 
          [-0.903, -1.285,  0.062,  0.718], 
          [-0.882, -1.322,  0.067,  0.723], 
          [-1.030, -1.411,  0.052,  0.792]
        ]
    },
    {
        "id": 2,
        "keypoints3d": [
          [ 1.032, -1.327,  1.580,  0.881], 
          [ 1.134, -1.407,  1.388,  0.861], 
          [ 1.251, -1.295,  1.393,  0.825], 
          [ 1.143, -1.165,  1.181,  0.831], 
          [ 0.976, -1.359,  1.195,  0.790], 
          [ 0.997, -1.522,  1.379,  0.826], 
          [ 0.913, -1.443,  1.143,  0.865], 
          [ 1.069, -1.253,  1.180,  0.773], 
          [ 1.092, -1.358,  0.862,  0.724], 
          [ 1.155, -1.282,  0.867,  0.709], 
          [ 1.165, -1.314,  0.473,  0.789], 
          [ 1.233, -1.359,  0.090,  0.669], 
          [ 1.026, -1.434,  0.863,  0.713], 
          [ 1.036, -1.438,  0.473,  0.713], 
          [ 1.067, -1.463,  0.095,  0.786], 
          [ 1.075, -1.321,  1.629,  0.819], 
          [ 1.016, -1.363,  1.610,  0.867], 
          [ 1.171, -1.335,  1.607,  0.822], 
          [ 1.048, -1.462,  1.581,  0.838], 
          [ 0.976, -1.363,  0.060,  0.694], 
          [ 0.956, -1.431,  0.062,  0.705], 
          [ 1.091, -1.489,  0.061,  0.604], 
          [ 1.111, -1.236,  0.055,  0.815], 
          [ 1.170, -1.220,  0.054,  0.805], 
          [ 1.255, -1.384,  0.040,  0.641]
        ]
    },
    {
        "id": 4,
        "keypoints3d": [
          [ 0.494,  1.095,  1.572,  0.872], 
          [ 0.429,  1.265,  1.400,  0.909], 
          [ 0.293,  1.174,  1.406,  0.860], 
          [ 0.213,  1.204,  1.143,  0.807], 
          [ 0.215,  1.203,  0.895,  0.838], 
          [ 0.566,  1.346,  1.396,  0.836], 
          [ 0.624,  1.383,  1.140,  0.791], 
          [ 0.692,  1.293,  0.924,  0.863], 
          [ 0.419,  1.274,  0.863,  0.753], 
          [ 0.356,  1.211,  0.868,  0.746], 
          [ 0.477,  1.198,  0.493,  0.826], 
          [ 0.594,  1.217,  0.098,  0.809], 
          [ 0.490,  1.344,  0.858,  0.739], 
          [ 0.382,  1.364,  0.473,  0.784], 
          [ 0.227,  1.362,  0.116,  0.787], 
          [ 0.462,  1.096,  1.606,  0.834], 
          [ 0.510,  1.119,  1.608,  0.903], 
          [ 0.378,  1.145,  1.613,  0.794], 
          [ 0.527,  1.218,  1.620,  0.910], 
          [ 0.353,  1.343,  0.040,  0.598], 
          [ 0.337,  1.379,  0.040,  0.604], 
          [ 0.161,  1.365,  0.086,  0.702], 
          [ 0.709,  1.112,  0.040,  0.715], 
          [ 0.654,  1.125,  0.036,  0.644], 
          [ 0.595,  1.251,  0.068,  0.727]
        ]
    },
    {
        "id": 6,
        "keypoints3d": [
          [-0.022,  0.055,  1.032,  0.899], 
          [ 0.022,  0.077,  0.794,  0.864], 
          [-0.014,  0.231,  0.801,  0.824], 
          [-0.102,  0.349,  0.619,  0.802], 
          [-0.308,  0.303,  0.629,  0.803], 
          [ 0.038, -0.088,  0.820,  0.825], 
          [-0.031, -0.280,  0.698,  0.769], 
          [-0.244, -0.253,  0.638,  0.823], 
          [-0.322, -0.001,  0.493,  0.767], 
          [-0.334,  0.108,  0.498,  0.735], 
          [-0.738,  0.090,  0.429,  0.893], 
          [-0.724,  0.257,  0.083,  0.834], 
          [-0.312, -0.104,  0.506,  0.743], 
          [-0.656, -0.266,  0.472,  0.840], 
          [-0.719, -0.213,  0.091,  0.781], 
          [-0.007,  0.095,  1.052,  0.826], 
          [ 0.033,  0.028,  1.040,  0.763], 
          [ 0.033,  0.177,  0.990,  0.795], 
          [ 0.095,  0.023,  0.977,  0.870], 
          [-0.856, -0.296,  0.056,  0.702], 
          [-0.813, -0.319,  0.050,  0.691], 
          [-0.688, -0.167,  0.050,  0.793], 
          [-0.893,  0.254,  0.082,  0.755], 
          [-0.869,  0.300,  0.086,  0.761], 
          [-0.692,  0.280,  0.048,  0.713]
        ]
    }
]
