[
    {
        "id": 0,
        "keypoints3d": [
          [ 1.034, -1.321,  1.581,  0.878], 
          [ 1.132, -1.407,  1.389,  0.862], 
          [ 1.249, -1.295,  1.392,  0.820], 
          [ 1.146, -1.169,  1.180,  0.801], 
          [ 0.976, -1.359,  1.192,  0.801], 
          [ 0.995, -1.519,  1.379,  0.819], 
          [ 0.918, -1.447,  1.142,  0.853], 
          [ 1.072, -1.255,  1.174,  0.771], 
          [ 1.091, -1.362,  0.859,  0.727], 
          [ 1.154, -1.284,  0.864,  0.717], 
          [ 1.170, -1.316,  0.472,  0.749], 
          [ 1.228, -1.361,  0.085,  0.769], 
          [ 1.023, -1.434,  0.865,  0.709], 
          [ 1.037, -1.438,  0.475,  0.729], 
          [ 1.069, -1.465,  0.110,  0.850], 
          [ 1.073, -1.311,  1.629,  0.818], 
          [ 1.018, -1.358,  1.609,  0.857], 
          [ 1.174, -1.326,  1.609,  0.833], 
          [ 1.048, -1.458,  1.587,  0.856], 
          [ 0.977, -1.361,  0.059,  0.668], 
          [ 0.958, -1.431,  0.063,  0.677], 
          [ 1.100, -1.488,  0.058,  0.651], 
          [ 1.109, -1.235,  0.052,  0.817], 
          [ 1.176, -1.218,  0.052,  0.808], 
          [ 1.235, -1.399,  0.033,  0.640]
        ]
    },
    {
        "id": 2,
        "keypoints3d": [
          [-0.981, -1.170,  1.514,  0.891], 
          [-1.036, -1.305,  1.351,  0.877], 
          [-0.888, -1.371,  1.350,  0.851], 
          [-0.885, -1.456,  1.086,  0.729], 
          [-0.924, -1.474,  0.911,  0.734], 
          [-1.180, -1.230,  1.348,  0.864], 
          [-1.225, -1.269,  1.086,  0.815], 
          [-1.152, -1.385,  0.895,  0.690], 
          [-1.013, -1.295,  0.832,  0.770], 
          [-0.930, -1.344,  0.823,  0.751], 
          [-0.952, -1.368,  0.440,  0.795], 
          [-1.011, -1.393,  0.090,  0.773], 
          [-1.111, -1.255,  0.831,  0.754], 
          [-1.124, -1.254,  0.464,  0.841], 
          [-1.210, -1.299,  0.086,  0.843], 
          [-0.956, -1.190,  1.548,  0.804], 
          [-1.023, -1.171,  1.559,  0.890], 
          [-0.922, -1.286,  1.541,  0.834], 
          [-1.093, -1.229,  1.556,  0.846], 
          [-1.197, -1.143,  0.042,  0.759], 
          [-1.245, -1.169,  0.044,  0.784], 
          [-1.217, -1.323,  0.047,  0.685], 
          [-0.932, -1.278,  0.061,  0.746], 
          [-0.911, -1.330,  0.067,  0.742], 
          [-1.031, -1.415,  0.056,  0.740]
        ]
    },
    {
        "id": 4,
        "keypoints3d": [
          [ 0.633,  1.003,  1.594,  0.799], 
          [ 0.662,  1.165,  1.419,  0.843], 
          [ 0.503,  1.146,  1.406,  0.835], 
          [ 0.466,  1.180,  1.133,  0.843], 
          [ 0.470,  1.148,  0.888,  0.881], 
          [ 0.824,  1.204,  1.432,  0.807], 
          [ 0.883,  1.246,  1.161,  0.795], 
          [ 0.913,  1.224,  0.922,  0.857], 
          [ 0.710,  1.162,  0.867,  0.718], 
          [ 0.617,  1.124,  0.863,  0.711], 
          [ 0.649,  1.127,  0.480,  0.805], 
          [ 0.622,  1.223,  0.090,  0.855], 
          [ 0.807,  1.199,  0.869,  0.703], 
          [ 0.857,  1.186,  0.492,  0.857], 
          [ 0.799,  1.314,  0.129,  0.810], 
          [ 0.590,  1.013,  1.640,  0.813], 
          [ 0.679,  1.008,  1.642,  0.864], 
          [ 0.554,  1.099,  1.632,  0.789], 
          [ 0.730,  1.088,  1.637,  0.725], 
          [ 0.890,  1.220,  0.041,  0.651], 
          [ 0.910,  1.276,  0.043,  0.708], 
          [ 0.781,  1.336,  0.085,  0.735], 
          [ 0.725,  1.097,  0.044,  0.728], 
          [ 0.663,  1.107,  0.031,  0.740], 
          [ 0.614,  1.245,  0.058,  0.771]
        ]
    },
    {
        "id": 6,
        "keypoints3d": [
          [-0.149,  0.229,  1.022,  0.887], 
          [-0.096,  0.222,  0.795,  0.861], 
          [-0.191,  0.336,  0.778,  0.817], 
          [-0.328,  0.370,  0.588,  0.825], 
          [-0.447,  0.206,  0.602,  0.813], 
          [ 0.001,  0.107,  0.811,  0.785], 
          [ 0.052, -0.106,  0.704,  0.791], 
          [-0.105, -0.203,  0.646,  0.813], 
          [-0.306, -0.044,  0.475,  0.722], 
          [-0.367,  0.054,  0.462,  0.721], 
          [-0.640, -0.232,  0.510,  0.819], 
          [-0.823, -0.419,  0.305,  0.722], 
          [-0.249, -0.131,  0.489,  0.671], 
          [-0.472, -0.426,  0.459,  0.825], 
          [-0.652, -0.364,  0.129,  0.683], 
          [-0.150,  0.269,  1.040,  0.839], 
          [-0.095,  0.208,  1.044,  0.896], 
          [-0.122,  0.342,  0.984,  0.856], 
          [-0.015,  0.243,  0.977,  0.875], 
          [-0.803, -0.443,  0.124,  0.745], 
          [-0.738, -0.464,  0.099,  0.730], 
          [-0.658, -0.320,  0.088,  0.582], 
          [-0.947, -0.418,  0.369,  0.600], 
          [-0.916, -0.420,  0.340,  0.611], 
          [-0.826, -0.431,  0.231,  0.685]
        ]
    }
]
