[
    {
        "id": 0,
        "keypoints3d": [
          [ 1.019, -1.337,  1.580,  0.884], 
          [ 1.132, -1.410,  1.388,  0.862], 
          [ 1.250, -1.297,  1.393,  0.826], 
          [ 1.148, -1.166,  1.184,  0.829], 
          [ 0.977, -1.361,  1.197,  0.798], 
          [ 0.997, -1.521,  1.379,  0.827], 
          [ 0.916, -1.451,  1.145,  0.853], 
          [ 1.059, -1.259,  1.179,  0.747], 
          [ 1.090, -1.363,  0.873,  0.711], 
          [ 1.151, -1.284,  0.874,  0.701], 
          [ 1.179, -1.305,  0.470,  0.717], 
          [ 1.247, -1.352,  0.087,  0.700], 
          [ 1.019, -1.438,  0.872,  0.692], 
          [ 1.036, -1.438,  0.475,  0.678], 
          [ 1.072, -1.469,  0.102,  0.830], 
          [ 1.072, -1.322,  1.628,  0.820], 
          [ 1.012, -1.362,  1.611,  0.858], 
          [ 1.167, -1.335,  1.603,  0.895], 
          [ 1.047, -1.463,  1.579,  0.836], 
          [ 0.976, -1.362,  0.061,  0.699], 
          [ 0.959, -1.434,  0.067,  0.702], 
          [ 1.103, -1.481,  0.061,  0.689], 
          [ 1.116, -1.251,  0.047,  0.680], 
          [ 1.185, -1.229,  0.044,  0.683], 
          [ 1.254, -1.385,  0.040,  0.642]
        ]
    },
    {
        "id": 2,
        "keypoints3d": [
          [ 0.262,  1.214,  1.602,  0.839], 
          [ 0.124,  1.321,  1.419,  0.861], 
          [ 0.034,  1.188,  1.434,  0.827], 
          [-0.056,  1.153,  1.172,  0.872], 
          [-0.078,  1.079,  0.948,  0.880], 
          [ 0.207,  1.453,  1.415,  0.808], 
          [ 0.223,  1.521,  1.137,  0.821], 
          [ 0.255,  1.507,  0.887,  0.870], 
          [ 0.123,  1.304,  0.880,  0.729], 
          [ 0.081,  1.212,  0.880,  0.708], 
          [ 0.106,  1.194,  0.510,  0.791], 
          [-0.125,  1.237,  0.233,  0.753], 
          [ 0.172,  1.402,  0.878,  0.717], 
          [ 0.191,  1.389,  0.485,  0.815], 
          [ 0.182,  1.373,  0.109,  0.766], 
          [ 0.222,  1.196,  1.632,  0.773], 
          [ 0.289,  1.241,  1.638,  0.858], 
          [ 0.137,  1.221,  1.640,  0.863], 
          [ 0.278,  1.315,  1.630,  0.798], 
          [ 0.338,  1.341,  0.046,  0.664], 
          [ 0.322,  1.389,  0.048,  0.664], 
          [ 0.157,  1.369,  0.064,  0.700], 
          [-0.088,  1.228,  0.065,  0.692], 
          [-0.119,  1.206,  0.080,  0.659], 
          [-0.187,  1.263,  0.222,  0.792]
        ]
    },
    {
        "id": 4,
        "keypoints3d": [
          [-1.187, -1.092,  1.522,  0.883], 
          [-1.218, -1.242,  1.346,  0.862], 
          [-1.063, -1.297,  1.360,  0.852], 
          [-1.044, -1.379,  1.095,  0.805], 
          [-1.083, -1.404,  0.878,  0.769], 
          [-1.374, -1.186,  1.334,  0.847], 
          [-1.398, -1.253,  1.076,  0.710], 
          [-1.295, -1.354,  0.849,  0.705], 
          [-1.163, -1.251,  0.829,  0.759], 
          [-1.069, -1.269,  0.834,  0.766], 
          [-1.052, -1.242,  0.466,  0.862], 
          [-1.067, -1.310,  0.106,  0.836], 
          [-1.267, -1.234,  0.820,  0.754], 
          [-1.247, -1.271,  0.446,  0.847], 
          [-1.222, -1.303,  0.084,  0.851], 
          [-1.167, -1.116,  1.561,  0.795], 
          [-1.233, -1.092,  1.555,  0.877], 
          [-1.136, -1.214,  1.544,  0.747], 
          [-1.298, -1.163,  1.535,  0.828], 
          [-1.199, -1.151,  0.037,  0.739], 
          [-1.243, -1.167,  0.047,  0.743], 
          [-1.220, -1.345,  0.040,  0.615], 
          [-0.983, -1.185,  0.077,  0.721], 
          [-0.961, -1.235,  0.081,  0.711], 
          [-1.096, -1.337,  0.058,  0.741]
        ]
    },
    {
        "id": 6,
        "keypoints3d": [
          [-0.168,  0.017,  1.002,  0.827], 
          [-0.043, -0.005,  0.824,  0.827], 
          [-0.009,  0.129,  0.832,  0.813], 
          [ 0.072,  0.316,  0.690,  0.759], 
          [-0.151,  0.345,  0.658,  0.825], 
          [-0.092, -0.154,  0.835,  0.770], 
          [-0.229, -0.296,  0.715,  0.779], 
          [-0.381, -0.174,  0.627,  0.797], 
          [-0.227,  0.017,  0.429,  0.689], 
          [-0.196,  0.123,  0.429,  0.670], 
          [-0.621,  0.321,  0.471,  0.851], 
          [-0.708,  0.348,  0.095,  0.760], 
          [-0.262, -0.092,  0.434,  0.668], 
          [-0.712, -0.000,  0.485,  0.873], 
          [-0.798,  0.058,  0.114,  0.852], 
          [-0.145,  0.034,  1.034,  0.798], 
          [-0.151, -0.028,  1.041,  0.875], 
          [-0.046,  0.070,  1.007,  0.843], 
          [-0.080, -0.080,  1.012,  0.684], 
          [-0.956,  0.040,  0.081,  0.816], 
          [-0.937,  0.002,  0.085,  0.812], 
          [-0.767,  0.073,  0.072,  0.777], 
          [-0.863,  0.405,  0.096,  0.694], 
          [-0.804,  0.436,  0.084,  0.617], 
          [-0.689,  0.336,  0.046,  0.665]
        ]
    }
]
