[
    {
        "id": 0,
        "keypoints3d": [
          [ 1.018, -1.337,  1.580,  0.884], 
          [ 1.131, -1.409,  1.388,  0.860], 
          [ 1.249, -1.298,  1.393,  0.832], 
          [ 1.139, -1.165,  1.182,  0.827], 
          [ 0.974, -1.361,  1.199,  0.804], 
          [ 0.998, -1.522,  1.378,  0.829], 
          [ 0.916, -1.452,  1.144,  0.856], 
          [ 1.064, -1.257,  1.177,  0.761], 
          [ 1.090, -1.361,  0.862,  0.726], 
          [ 1.150, -1.285,  0.866,  0.719], 
          [ 1.174, -1.310,  0.470,  0.731], 
          [ 1.238, -1.352,  0.083,  0.784], 
          [ 1.019, -1.435,  0.860,  0.709], 
          [ 1.040, -1.434,  0.472,  0.678], 
          [ 1.070, -1.467,  0.101,  0.843], 
          [ 1.070, -1.326,  1.627,  0.806], 
          [ 1.012, -1.362,  1.610,  0.860], 
          [ 1.164, -1.334,  1.603,  0.894], 
          [ 1.042, -1.465,  1.582,  0.841], 
          [ 0.987, -1.361,  0.059,  0.702], 
          [ 0.961, -1.433,  0.057,  0.704], 
          [ 1.100, -1.481,  0.052,  0.702], 
          [ 1.118, -1.249,  0.044,  0.716], 
          [ 1.185, -1.222,  0.041,  0.713], 
          [ 1.253, -1.383,  0.039,  0.676]
        ]
    },
    {
        "id": 2,
        "keypoints3d": [
          [-1.205, -1.113,  1.523,  0.898], 
          [-1.208, -1.259,  1.344,  0.876], 
          [-1.055, -1.299,  1.353,  0.866], 
          [-1.024, -1.355,  1.088,  0.832], 
          [-1.072, -1.390,  0.886,  0.823], 
          [-1.381, -1.229,  1.340,  0.826], 
          [-1.409, -1.288,  1.082,  0.803], 
          [-1.329, -1.331,  0.851,  0.628], 
          [-1.190, -1.237,  0.831,  0.756], 
          [-1.088, -1.248,  0.832,  0.750], 
          [-1.058, -1.222,  0.473,  0.839], 
          [-1.076, -1.306,  0.110,  0.826], 
          [-1.289, -1.236,  0.822,  0.733], 
          [-1.260, -1.270,  0.447,  0.842], 
          [-1.223, -1.306,  0.083,  0.833], 
          [-1.190, -1.132,  1.559,  0.824], 
          [-1.246, -1.128,  1.555,  0.810], 
          [-1.130, -1.217,  1.547,  0.779], 
          [-1.307, -1.197,  1.542,  0.777], 
          [-1.206, -1.155,  0.040,  0.714], 
          [-1.251, -1.173,  0.048,  0.720], 
          [-1.213, -1.352,  0.043,  0.579], 
          [-0.993, -1.169,  0.086,  0.702], 
          [-0.966, -1.227,  0.084,  0.679], 
          [-1.095, -1.337,  0.061,  0.739]
        ]
    },
    {
        "id": 4,
        "keypoints3d": [
          [ 0.124,  1.188,  1.571,  0.867], 
          [-0.024,  1.285,  1.408,  0.858], 
          [-0.091,  1.135,  1.406,  0.849], 
          [-0.122,  1.088,  1.132,  0.847], 
          [-0.059,  1.065,  0.898,  0.813], 
          [ 0.040,  1.435,  1.404,  0.828], 
          [ 0.011,  1.502,  1.127,  0.783], 
          [ 0.043,  1.490,  0.887,  0.831], 
          [-0.022,  1.275,  0.854,  0.724], 
          [-0.059,  1.172,  0.854,  0.705], 
          [-0.127,  1.192,  0.490,  0.796], 
          [-0.340,  1.223,  0.123,  0.822], 
          [ 0.009,  1.379,  0.857,  0.700], 
          [ 0.116,  1.366,  0.481,  0.782], 
          [ 0.179,  1.361,  0.102,  0.816], 
          [ 0.102,  1.169,  1.610,  0.879], 
          [ 0.152,  1.214,  1.617,  0.760], 
          [-0.012,  1.166,  1.609,  0.879], 
          [ 0.102,  1.299,  1.614,  0.749], 
          [ 0.318,  1.340,  0.013,  0.706], 
          [ 0.311,  1.385,  0.027,  0.668], 
          [ 0.169,  1.361,  0.060,  0.706], 
          [-0.189,  1.234,  0.051,  0.730], 
          [-0.230,  1.190,  0.046,  0.729], 
          [-0.392,  1.227,  0.083,  0.790]
        ]
    },
    {
        "id": 6,
        "keypoints3d": [
          [-0.287,  0.050,  1.000,  0.859], 
          [-0.122,  0.003,  0.859,  0.820], 
          [-0.071,  0.152,  0.864,  0.780], 
          [ 0.034,  0.310,  0.736,  0.805], 
          [-0.144,  0.348,  0.652,  0.863], 
          [-0.176, -0.136,  0.865,  0.799], 
          [-0.282, -0.307,  0.757,  0.762], 
          [-0.416, -0.167,  0.637,  0.742], 
          [-0.262,  0.034,  0.466,  0.692], 
          [-0.221,  0.125,  0.460,  0.685], 
          [-0.575,  0.397,  0.464,  0.845], 
          [-0.719,  0.350,  0.139,  0.814], 
          [-0.302, -0.076,  0.461,  0.658], 
          [-0.707,  0.060,  0.487,  0.874], 
          [-0.729,  0.186,  0.133,  0.841], 
          [-0.259,  0.069,  1.026,  0.817], 
          [-0.272,  0.012,  1.032,  0.871], 
          [-0.157,  0.099,  1.021,  0.819], 
          [-0.196, -0.054,  1.044,  0.772], 
          [-0.865,  0.254,  0.070,  0.737], 
          [-0.846,  0.200,  0.075,  0.742], 
          [-0.700,  0.192,  0.094,  0.646], 
          [-0.851,  0.450,  0.137,  0.703], 
          [-0.806,  0.467,  0.122,  0.703], 
          [-0.716,  0.330,  0.091,  0.703]
        ]
    }
]
