[
    {
        "id": 0,
        "keypoints3d": [
          [ 1.021, -1.336,  1.580,  0.880], 
          [ 1.133, -1.410,  1.389,  0.853], 
          [ 1.250, -1.296,  1.393,  0.819], 
          [ 1.145, -1.165,  1.184,  0.788], 
          [ 0.971, -1.355,  1.196,  0.770], 
          [ 0.997, -1.521,  1.379,  0.824], 
          [ 0.916, -1.451,  1.146,  0.829], 
          [ 1.064, -1.259,  1.175,  0.726], 
          [ 1.095, -1.357,  0.865,  0.663], 
          [ 1.159, -1.279,  0.868,  0.656], 
          [ 1.178, -1.306,  0.471,  0.706], 
          [ 1.244, -1.353,  0.085,  0.761], 
          [ 1.025, -1.436,  0.868,  0.644], 
          [ 1.035, -1.437,  0.473,  0.679], 
          [ 1.073, -1.469,  0.106,  0.830], 
          [ 1.071, -1.328,  1.627,  0.814], 
          [ 1.012, -1.363,  1.610,  0.851], 
          [ 1.167, -1.334,  1.603,  0.877], 
          [ 1.047, -1.463,  1.579,  0.835], 
          [ 0.979, -1.356,  0.061,  0.699], 
          [ 0.959, -1.434,  0.067,  0.704], 
          [ 1.100, -1.486,  0.061,  0.690], 
          [ 1.115, -1.251,  0.048,  0.677], 
          [ 1.185, -1.228,  0.044,  0.683], 
          [ 1.253, -1.389,  0.040,  0.642]
        ]
    },
    {
        "id": 2,
        "keypoints3d": [
          [-1.173, -1.071,  1.521,  0.829], 
          [-1.211, -1.227,  1.348,  0.856], 
          [-1.069, -1.302,  1.364,  0.846], 
          [-1.036, -1.393,  1.094,  0.805], 
          [-1.088, -1.418,  0.873,  0.746], 
          [-1.355, -1.165,  1.329,  0.853], 
          [-1.388, -1.226,  1.067,  0.730], 
          [-1.291, -1.358,  0.844,  0.645], 
          [-1.160, -1.267,  0.829,  0.757], 
          [-1.060, -1.293,  0.839,  0.752], 
          [-1.007, -1.245,  0.477,  0.861], 
          [-1.061, -1.328,  0.110,  0.870], 
          [-1.260, -1.242,  0.822,  0.736], 
          [-1.242, -1.263,  0.440,  0.842], 
          [-1.229, -1.299,  0.080,  0.848], 
          [-1.158, -1.103,  1.557,  0.835], 
          [-1.233, -1.086,  1.550,  0.874], 
          [-1.139, -1.198,  1.544,  0.753], 
          [-1.300, -1.138,  1.530,  0.864], 
          [-1.200, -1.149,  0.039,  0.728], 
          [-1.248, -1.166,  0.048,  0.742], 
          [-1.226, -1.333,  0.039,  0.656], 
          [-0.976, -1.206,  0.065,  0.707], 
          [-0.957, -1.243,  0.072,  0.691], 
          [-1.077, -1.353,  0.059,  0.747]
        ]
    },
    {
        "id": 4,
        "keypoints3d": [
          [ 0.328,  1.187,  1.593,  0.750], 
          [ 0.202,  1.327,  1.429,  0.838], 
          [ 0.100,  1.206,  1.442,  0.836], 
          [ 0.007,  1.184,  1.185,  0.843], 
          [ 0.001,  1.131,  0.937,  0.861], 
          [ 0.299,  1.452,  1.413,  0.794], 
          [ 0.335,  1.493,  1.135,  0.788], 
          [ 0.379,  1.489,  0.898,  0.855], 
          [ 0.196,  1.306,  0.890,  0.713], 
          [ 0.135,  1.224,  0.894,  0.688], 
          [ 0.215,  1.198,  0.519,  0.794], 
          [ 0.042,  1.256,  0.206,  0.747], 
          [ 0.246,  1.385,  0.890,  0.697], 
          [ 0.250,  1.376,  0.497,  0.750], 
          [ 0.193,  1.359,  0.109,  0.752], 
          [ 0.299,  1.191,  1.635,  0.832], 
          [ 0.354,  1.234,  1.640,  0.796], 
          [ 0.210,  1.222,  1.647,  0.860], 
          [ 0.342,  1.316,  1.631,  0.789], 
          [ 0.353,  1.331,  0.053,  0.746], 
          [ 0.338,  1.377,  0.058,  0.657], 
          [ 0.160,  1.358,  0.061,  0.646], 
          [ 0.109,  1.240,  0.063,  0.636], 
          [ 0.066,  1.202,  0.070,  0.600], 
          [-0.017,  1.280,  0.176,  0.716]
        ]
    },
    {
        "id": 6,
        "keypoints3d": [
          [-0.096,  0.002,  1.027,  0.884], 
          [-0.009, -0.021,  0.807,  0.847], 
          [ 0.017,  0.144,  0.810,  0.786], 
          [ 0.054,  0.311,  0.658,  0.821], 
          [-0.158,  0.328,  0.639,  0.771], 
          [-0.060, -0.166,  0.834,  0.822], 
          [-0.174, -0.334,  0.717,  0.834], 
          [-0.354, -0.206,  0.641,  0.855], 
          [-0.297,  0.037,  0.484,  0.725], 
          [-0.282,  0.151,  0.484,  0.716], 
          [-0.663,  0.286,  0.458,  0.851], 
          [-0.718,  0.356,  0.085,  0.754], 
          [-0.308, -0.079,  0.471,  0.729], 
          [-0.715, -0.057,  0.464,  0.901], 
          [-0.775, -0.077,  0.090,  0.840], 
          [-0.075,  0.024,  1.050,  0.923], 
          [-0.077, -0.056,  1.057,  0.846], 
          [ 0.008,  0.059,  1.005,  0.855], 
          [ 0.011, -0.097,  0.996,  0.653], 
          [-0.917, -0.128,  0.052,  0.783], 
          [-0.879, -0.155,  0.049,  0.802], 
          [-0.738, -0.053,  0.039,  0.741], 
          [-0.870,  0.411,  0.097,  0.789], 
          [-0.821,  0.450,  0.092,  0.767], 
          [-0.695,  0.352,  0.035,  0.746]
        ]
    }
]
