[
    {
        "id": 0,
        "keypoints3d": [
          [ 1.018, -1.337,  1.580,  0.881], 
          [ 1.131, -1.409,  1.388,  0.859], 
          [ 1.249, -1.298,  1.393,  0.831], 
          [ 1.138, -1.167,  1.181,  0.806], 
          [ 0.974, -1.360,  1.203,  0.811], 
          [ 0.998, -1.523,  1.376,  0.828], 
          [ 0.913, -1.453,  1.143,  0.855], 
          [ 1.064, -1.257,  1.173,  0.762], 
          [ 1.091, -1.361,  0.862,  0.727], 
          [ 1.151, -1.285,  0.865,  0.719], 
          [ 1.173, -1.313,  0.471,  0.725], 
          [ 1.241, -1.352,  0.082,  0.783], 
          [ 1.020, -1.435,  0.859,  0.710], 
          [ 1.037, -1.434,  0.474,  0.667], 
          [ 1.070, -1.467,  0.101,  0.844], 
          [ 1.070, -1.326,  1.627,  0.806], 
          [ 1.012, -1.363,  1.609,  0.860], 
          [ 1.163, -1.336,  1.603,  0.892], 
          [ 1.042, -1.465,  1.582,  0.839], 
          [ 0.984, -1.361,  0.059,  0.720], 
          [ 0.958, -1.433,  0.056,  0.730], 
          [ 1.100, -1.481,  0.053,  0.697], 
          [ 1.118, -1.249,  0.044,  0.711], 
          [ 1.185, -1.223,  0.044,  0.711], 
          [ 1.253, -1.384,  0.039,  0.674]
        ]
    },
    {
        "id": 2,
        "keypoints3d": [
          [ 0.100,  1.173,  1.574,  0.846], 
          [-0.060,  1.269,  1.405,  0.857], 
          [-0.118,  1.124,  1.404,  0.816], 
          [-0.149,  1.085,  1.126,  0.757], 
          [-0.072,  1.079,  0.902,  0.769], 
          [-0.015,  1.429,  1.407,  0.844], 
          [-0.051,  1.489,  1.131,  0.717], 
          [ 0.008,  1.476,  0.885,  0.858], 
          [-0.077,  1.270,  0.866,  0.706], 
          [-0.106,  1.181,  0.867,  0.706], 
          [-0.160,  1.183,  0.483,  0.812], 
          [-0.356,  1.222,  0.108,  0.812], 
          [-0.043,  1.365,  0.865,  0.705], 
          [ 0.073,  1.364,  0.483,  0.773], 
          [ 0.167,  1.366,  0.108,  0.817], 
          [ 0.057,  1.154,  1.611,  0.882], 
          [ 0.100,  1.205,  1.620,  0.748], 
          [-0.037,  1.161,  1.611,  0.831], 
          [ 0.059,  1.295,  1.616,  0.702], 
          [ 0.296,  1.353,  0.028,  0.642], 
          [ 0.282,  1.392,  0.055,  0.635], 
          [ 0.156,  1.366,  0.066,  0.689], 
          [-0.195,  1.236,  0.053,  0.727], 
          [-0.232,  1.190,  0.046,  0.730], 
          [-0.400,  1.231,  0.070,  0.785]
        ]
    },
    {
        "id": 4,
        "keypoints3d": [
          [-1.208, -1.120,  1.523,  0.905], 
          [-1.207, -1.260,  1.346,  0.872], 
          [-1.054, -1.297,  1.353,  0.859], 
          [-1.029, -1.358,  1.088,  0.821], 
          [-1.079, -1.382,  0.882,  0.804], 
          [-1.379, -1.238,  1.346,  0.832], 
          [-1.403, -1.299,  1.081,  0.785], 
          [-1.321, -1.339,  0.853,  0.578], 
          [-1.196, -1.230,  0.834,  0.755], 
          [-1.095, -1.238,  0.835,  0.744], 
          [-1.061, -1.226,  0.471,  0.834], 
          [-1.084, -1.302,  0.113,  0.823], 
          [-1.299, -1.235,  0.828,  0.726], 
          [-1.267, -1.267,  0.445,  0.838], 
          [-1.225, -1.305,  0.085,  0.830], 
          [-1.193, -1.134,  1.559,  0.837], 
          [-1.248, -1.129,  1.560,  0.788], 
          [-1.128, -1.216,  1.548,  0.781], 
          [-1.304, -1.202,  1.544,  0.872], 
          [-1.213, -1.149,  0.045,  0.717], 
          [-1.254, -1.171,  0.053,  0.731], 
          [-1.214, -1.349,  0.043,  0.590], 
          [-0.980, -1.187,  0.075,  0.683], 
          [-0.962, -1.236,  0.081,  0.680], 
          [-1.102, -1.332,  0.065,  0.742]
        ]
    },
    {
        "id": 6,
        "keypoints3d": [
          [-0.324,  0.067,  1.004,  0.837], 
          [-0.150,  0.026,  0.866,  0.815], 
          [-0.103,  0.161,  0.873,  0.781], 
          [ 0.044,  0.303,  0.752,  0.729], 
          [-0.147,  0.366,  0.657,  0.813], 
          [-0.195, -0.112,  0.866,  0.793], 
          [-0.284, -0.287,  0.748,  0.715], 
          [-0.395, -0.180,  0.708,  0.726], 
          [-0.282,  0.041,  0.457,  0.726], 
          [-0.241,  0.136,  0.456,  0.701], 
          [-0.547,  0.401,  0.460,  0.807], 
          [-0.691,  0.340,  0.132,  0.706], 
          [-0.338, -0.050,  0.457,  0.697], 
          [-0.712,  0.075,  0.477,  0.803], 
          [-0.707,  0.162,  0.116,  0.768], 
          [-0.301,  0.083,  1.034,  0.811], 
          [-0.316,  0.028,  1.036,  0.875], 
          [-0.203,  0.125,  1.038,  0.816], 
          [-0.240, -0.020,  1.043,  0.690], 
          [-0.832,  0.263,  0.064,  0.723], 
          [-0.824,  0.208,  0.063,  0.744], 
          [-0.673,  0.168,  0.086,  0.600], 
          [-0.833,  0.453,  0.134,  0.750], 
          [-0.779,  0.464,  0.114,  0.728], 
          [-0.695,  0.327,  0.102,  0.712]
        ]
    }
]
