[
    {
        "id": 0,
        "keypoints3d": [
          [ 1.019, -1.337,  1.580,  0.885], 
          [ 1.131, -1.409,  1.388,  0.859], 
          [ 1.248, -1.297,  1.393,  0.828], 
          [ 1.145, -1.166,  1.182,  0.824], 
          [ 0.974, -1.362,  1.199,  0.799], 
          [ 0.998, -1.522,  1.378,  0.827], 
          [ 0.918, -1.451,  1.145,  0.855], 
          [ 1.077, -1.257,  1.177,  0.767], 
          [ 1.090, -1.361,  0.862,  0.725], 
          [ 1.152, -1.282,  0.867,  0.719], 
          [ 1.179, -1.307,  0.477,  0.798], 
          [ 1.244, -1.350,  0.089,  0.731], 
          [ 1.020, -1.436,  0.860,  0.707], 
          [ 1.035, -1.435,  0.470,  0.683], 
          [ 1.070, -1.470,  0.107,  0.844], 
          [ 1.070, -1.326,  1.627,  0.807], 
          [ 1.012, -1.362,  1.610,  0.864], 
          [ 1.164, -1.334,  1.603,  0.898], 
          [ 1.042, -1.464,  1.580,  0.842], 
          [ 0.976, -1.363,  0.061,  0.699], 
          [ 0.959, -1.435,  0.067,  0.701], 
          [ 1.098, -1.481,  0.059,  0.675], 
          [ 1.133, -1.248,  0.046,  0.701], 
          [ 1.191, -1.228,  0.046,  0.707], 
          [ 1.253, -1.384,  0.042,  0.665]
        ]
    },
    {
        "id": 2,
        "keypoints3d": [
          [ 0.202,  1.204,  1.586,  0.876], 
          [ 0.046,  1.305,  1.413,  0.861], 
          [-0.025,  1.176,  1.420,  0.849], 
          [-0.073,  1.119,  1.160,  0.858], 
          [-0.057,  1.063,  0.915,  0.919], 
          [ 0.124,  1.449,  1.415,  0.839], 
          [ 0.110,  1.520,  1.141,  0.811], 
          [ 0.144,  1.513,  0.881,  0.820], 
          [ 0.046,  1.290,  0.873,  0.708], 
          [-0.000,  1.196,  0.877,  0.719], 
          [-0.010,  1.205,  0.494,  0.798], 
          [-0.270,  1.230,  0.174,  0.768], 
          [ 0.089,  1.386,  0.872,  0.697], 
          [ 0.152,  1.380,  0.488,  0.795], 
          [ 0.180,  1.370,  0.109,  0.770], 
          [ 0.168,  1.189,  1.622,  0.768], 
          [ 0.207,  1.243,  1.625,  0.782], 
          [ 0.070,  1.191,  1.622,  0.803], 
          [ 0.177,  1.324,  1.631,  0.781], 
          [ 0.329,  1.339,  0.034,  0.643], 
          [ 0.317,  1.391,  0.042,  0.621], 
          [ 0.162,  1.365,  0.064,  0.703], 
          [-0.166,  1.236,  0.044,  0.766], 
          [-0.207,  1.193,  0.053,  0.719], 
          [-0.348,  1.242,  0.152,  0.766]
        ]
    },
    {
        "id": 4,
        "keypoints3d": [
          [-1.197, -1.099,  1.519,  0.887], 
          [-1.215, -1.251,  1.346,  0.865], 
          [-1.061, -1.300,  1.356,  0.865], 
          [-1.033, -1.360,  1.087,  0.833], 
          [-1.092, -1.389,  0.869,  0.776], 
          [-1.380, -1.204,  1.339,  0.835], 
          [-1.412, -1.276,  1.075,  0.804], 
          [-1.315, -1.340,  0.847,  0.663], 
          [-1.173, -1.242,  0.830,  0.754], 
          [-1.078, -1.258,  0.838,  0.765], 
          [-1.051, -1.219,  0.474,  0.841], 
          [-1.069, -1.304,  0.110,  0.834], 
          [-1.274, -1.233,  0.824,  0.752], 
          [-1.253, -1.271,  0.447,  0.856], 
          [-1.222, -1.303,  0.082,  0.841], 
          [-1.176, -1.120,  1.556,  0.718], 
          [-1.241, -1.095,  1.556,  0.847], 
          [-1.131, -1.217,  1.543,  0.789], 
          [-1.301, -1.183,  1.540,  0.755], 
          [-1.209, -1.142,  0.041,  0.748], 
          [-1.252, -1.164,  0.049,  0.753], 
          [-1.216, -1.347,  0.043,  0.596], 
          [-0.985, -1.179,  0.076,  0.708], 
          [-0.962, -1.230,  0.078,  0.690], 
          [-1.092, -1.330,  0.064,  0.739]
        ]
    },
    {
        "id": 6,
        "keypoints3d": [
          [-0.233,  0.024,  0.998,  0.870], 
          [-0.084,  0.003,  0.848,  0.818], 
          [-0.042,  0.143,  0.845,  0.829], 
          [ 0.043,  0.314,  0.715,  0.801], 
          [-0.153,  0.344,  0.647,  0.839], 
          [-0.135, -0.155,  0.846,  0.799], 
          [-0.263, -0.282,  0.725,  0.809], 
          [-0.409, -0.164,  0.629,  0.776], 
          [-0.242,  0.019,  0.451,  0.719], 
          [-0.200,  0.116,  0.451,  0.697], 
          [-0.602,  0.351,  0.475,  0.849], 
          [-0.717,  0.339,  0.115,  0.768], 
          [-0.282, -0.085,  0.450,  0.687], 
          [-0.711,  0.025,  0.493,  0.876], 
          [-0.771,  0.130,  0.138,  0.840], 
          [-0.207,  0.053,  1.032,  0.834], 
          [-0.220, -0.010,  1.037,  0.834], 
          [-0.111,  0.085,  1.014,  0.863], 
          [-0.139, -0.093,  1.028,  0.774], 
          [-0.931,  0.148,  0.087,  0.769], 
          [-0.901,  0.098,  0.080,  0.788], 
          [-0.729,  0.153,  0.087,  0.739], 
          [-0.871,  0.429,  0.123,  0.744], 
          [-0.817,  0.451,  0.110,  0.738], 
          [-0.719,  0.317,  0.065,  0.787]
        ]
    }
]
