[
    {
        "id": 0,
        "keypoints3d": [
          [ 1.031, -1.326,  1.580,  0.882], 
          [ 1.135, -1.408,  1.388,  0.859], 
          [ 1.251, -1.295,  1.393,  0.826], 
          [ 1.147, -1.165,  1.183,  0.826], 
          [ 0.974, -1.354,  1.194,  0.792], 
          [ 0.997, -1.522,  1.379,  0.826], 
          [ 0.913, -1.443,  1.143,  0.865], 
          [ 1.073, -1.253,  1.178,  0.777], 
          [ 1.089, -1.358,  0.862,  0.730], 
          [ 1.152, -1.282,  0.866,  0.712], 
          [ 1.160, -1.316,  0.477,  0.799], 
          [ 1.232, -1.361,  0.093,  0.730], 
          [ 1.022, -1.434,  0.863,  0.718], 
          [ 1.040, -1.438,  0.479,  0.716], 
          [ 1.067, -1.472,  0.111,  0.742], 
          [ 1.075, -1.321,  1.629,  0.823], 
          [ 1.016, -1.363,  1.610,  0.868], 
          [ 1.171, -1.335,  1.607,  0.823], 
          [ 1.048, -1.462,  1.581,  0.838], 
          [ 0.980, -1.354,  0.064,  0.699], 
          [ 0.956, -1.431,  0.063,  0.707], 
          [ 1.087, -1.494,  0.070,  0.669], 
          [ 1.117, -1.246,  0.049,  0.687], 
          [ 1.181, -1.226,  0.045,  0.697], 
          [ 1.252, -1.389,  0.044,  0.568]
        ]
    },
    {
        "id": 2,
        "keypoints3d": [
          [-1.131, -1.075,  1.522,  0.819], 
          [-1.162, -1.237,  1.354,  0.867], 
          [-1.020, -1.309,  1.370,  0.846], 
          [-0.993, -1.428,  1.123,  0.759], 
          [-1.080, -1.427,  0.897,  0.841], 
          [-1.307, -1.160,  1.334,  0.869], 
          [-1.336, -1.228,  1.076,  0.756], 
          [-1.249, -1.329,  0.877,  0.600], 
          [-1.132, -1.275,  0.830,  0.740], 
          [-1.042, -1.325,  0.836,  0.738], 
          [-1.027, -1.357,  0.447,  0.822], 
          [-1.014, -1.392,  0.095,  0.843], 
          [-1.227, -1.234,  0.824,  0.730], 
          [-1.214, -1.273,  0.451,  0.758], 
          [-1.222, -1.304,  0.082,  0.850], 
          [-1.102, -1.112,  1.552,  0.833], 
          [-1.173, -1.073,  1.547,  0.909], 
          [-1.094, -1.202,  1.554,  0.801], 
          [-1.234, -1.144,  1.528,  0.810], 
          [-1.205, -1.140,  0.044,  0.763], 
          [-1.249, -1.167,  0.048,  0.780], 
          [-1.221, -1.325,  0.039,  0.710], 
          [-0.906, -1.285,  0.064,  0.704], 
          [-0.887, -1.323,  0.069,  0.708], 
          [-1.030, -1.411,  0.053,  0.788]
        ]
    },
    {
        "id": 4,
        "keypoints3d": [
          [ 0.472,  1.125,  1.574,  0.885], 
          [ 0.398,  1.286,  1.408,  0.876], 
          [ 0.257,  1.194,  1.414,  0.862], 
          [ 0.173,  1.216,  1.150,  0.801], 
          [ 0.169,  1.226,  0.905,  0.828], 
          [ 0.523,  1.375,  1.404,  0.823], 
          [ 0.592,  1.411,  1.141,  0.810], 
          [ 0.656,  1.327,  0.922,  0.879], 
          [ 0.388,  1.284,  0.858,  0.750], 
          [ 0.317,  1.224,  0.861,  0.728], 
          [ 0.421,  1.221,  0.482,  0.810], 
          [ 0.502,  1.274,  0.107,  0.810], 
          [ 0.462,  1.343,  0.858,  0.720], 
          [ 0.396,  1.326,  0.480,  0.796], 
          [ 0.307,  1.326,  0.112,  0.774], 
          [ 0.436,  1.120,  1.607,  0.824], 
          [ 0.500,  1.139,  1.613,  0.877], 
          [ 0.351,  1.162,  1.623,  0.809], 
          [ 0.519,  1.226,  1.622,  0.899], 
          [ 0.465,  1.290,  0.063,  0.606], 
          [ 0.451,  1.314,  0.066,  0.631], 
          [ 0.260,  1.330,  0.068,  0.694], 
          [ 0.691,  1.112,  0.045,  0.662], 
          [ 0.642,  1.116,  0.043,  0.656], 
          [ 0.539,  1.274,  0.073,  0.676]
        ]
    },
    {
        "id": 6,
        "keypoints3d": [
          [-0.013,  0.025,  1.036,  0.896], 
          [ 0.024,  0.054,  0.803,  0.854], 
          [ 0.016,  0.204,  0.799,  0.823], 
          [-0.054,  0.338,  0.622,  0.898], 
          [-0.277,  0.299,  0.632,  0.780], 
          [ 0.027, -0.104,  0.820,  0.857], 
          [-0.042, -0.299,  0.695,  0.773], 
          [-0.261, -0.256,  0.646,  0.813], 
          [-0.321,  0.012,  0.490,  0.752], 
          [-0.338,  0.118,  0.497,  0.736], 
          [-0.731,  0.121,  0.424,  0.866], 
          [-0.719,  0.283,  0.078,  0.830], 
          [-0.314, -0.102,  0.505,  0.721], 
          [-0.677, -0.227,  0.473,  0.850], 
          [-0.730, -0.209,  0.101,  0.815], 
          [ 0.005,  0.060,  1.047,  0.845], 
          [ 0.029, -0.004,  1.043,  0.811], 
          [ 0.046,  0.155,  0.992,  0.748], 
          [ 0.091, -0.035,  0.978,  0.885], 
          [-0.855, -0.293,  0.046,  0.709], 
          [-0.803, -0.315,  0.047,  0.702], 
          [-0.695, -0.161,  0.050,  0.794], 
          [-0.884,  0.292,  0.094,  0.777], 
          [-0.853,  0.341,  0.088,  0.799], 
          [-0.689,  0.301,  0.041,  0.723]
        ]
    }
]
