[
    {
        "id": 0,
        "keypoints3d": [
          [ 1.016, -1.338,  1.581,  0.883], 
          [ 1.133, -1.407,  1.388,  0.855], 
          [ 1.250, -1.296,  1.393,  0.822], 
          [ 1.135, -1.160,  1.185,  0.829], 
          [ 0.977, -1.361,  1.195,  0.815], 
          [ 1.000, -1.524,  1.378,  0.828], 
          [ 0.915, -1.451,  1.143,  0.853], 
          [ 1.064, -1.258,  1.175,  0.753], 
          [ 1.090, -1.360,  0.861,  0.731], 
          [ 1.151, -1.282,  0.866,  0.720], 
          [ 1.173, -1.309,  0.476,  0.707], 
          [ 1.239, -1.352,  0.083,  0.788], 
          [ 1.023, -1.434,  0.860,  0.715], 
          [ 1.038, -1.439,  0.474,  0.666], 
          [ 1.073, -1.464,  0.106,  0.751], 
          [ 1.071, -1.299,  1.620,  0.777], 
          [ 1.010, -1.362,  1.609,  0.865], 
          [ 1.161, -1.340,  1.602,  0.902], 
          [ 1.041, -1.466,  1.585,  0.834], 
          [ 0.978, -1.355,  0.063,  0.712], 
          [ 0.959, -1.432,  0.058,  0.722], 
          [ 1.106, -1.481,  0.053,  0.698], 
          [ 1.118, -1.249,  0.044,  0.716], 
          [ 1.185, -1.224,  0.044,  0.715], 
          [ 1.251, -1.389,  0.035,  0.674]
        ]
    },
    {
        "id": 2,
        "keypoints3d": [
          [-1.251, -1.140,  1.528,  0.852], 
          [-1.198, -1.277,  1.345,  0.892], 
          [-1.039, -1.267,  1.351,  0.857], 
          [-1.021, -1.331,  1.074,  0.770], 
          [-1.086, -1.374,  0.862,  0.766], 
          [-1.369, -1.272,  1.346,  0.853], 
          [-1.383, -1.333,  1.083,  0.710], 
          [-1.319, -1.352,  0.855,  0.607], 
          [-1.199, -1.235,  0.817,  0.745], 
          [-1.099, -1.229,  0.821,  0.736], 
          [-1.068, -1.217,  0.467,  0.806], 
          [-1.070, -1.306,  0.111,  0.834], 
          [-1.297, -1.251,  0.814,  0.729], 
          [-1.264, -1.268,  0.446,  0.780], 
          [-1.224, -1.303,  0.086,  0.840], 
          [-1.217, -1.150,  1.558,  0.900], 
          [-1.276, -1.174,  1.564,  0.785], 
          [-1.133, -1.198,  1.545,  0.848], 
          [-1.290, -1.259,  1.541,  0.811], 
          [-1.207, -1.152,  0.036,  0.756], 
          [-1.250, -1.173,  0.045,  0.773], 
          [-1.210, -1.356,  0.046,  0.627], 
          [-0.975, -1.195,  0.079,  0.703], 
          [-0.952, -1.249,  0.080,  0.710], 
          [-1.083, -1.331,  0.062,  0.738]
        ]
    },
    {
        "id": 4,
        "keypoints3d": [
          [-0.514,  0.157,  1.012,  0.839], 
          [-0.310,  0.095,  0.925,  0.844], 
          [-0.243,  0.225,  0.929,  0.799], 
          [-0.028,  0.299,  0.857,  0.729], 
          [-0.100,  0.294,  0.654,  0.812], 
          [-0.372, -0.034,  0.920,  0.792], 
          [-0.386, -0.267,  0.821,  0.628], 
          [-0.458, -0.161,  0.659,  0.696], 
          [-0.331,  0.093,  0.482,  0.748], 
          [-0.273,  0.182,  0.484,  0.720], 
          [-0.504,  0.474,  0.447,  0.815], 
          [-0.422,  0.447,  0.104,  0.796], 
          [-0.393,  0.010,  0.476,  0.696], 
          [-0.746,  0.137,  0.450,  0.846], 
          [-0.656,  0.203,  0.073,  0.771], 
          [-0.486,  0.183,  1.045,  0.854], 
          [-0.510,  0.127,  1.050,  0.776], 
          [-0.396,  0.213,  1.058,  0.751], 
          [-0.438,  0.069,  1.059,  0.823], 
          [-0.823,  0.229,  0.037,  0.750], 
          [-0.798,  0.183,  0.037,  0.750], 
          [-0.622,  0.217,  0.025,  0.658], 
          [-0.491,  0.576,  0.055,  0.775], 
          [-0.433,  0.568,  0.063,  0.706], 
          [-0.393,  0.400,  0.056,  0.693]
        ]
    },
    {
        "id": 6,
        "keypoints3d": [
          [-0.087,  1.154,  1.581,  0.801], 
          [-0.272,  1.216,  1.416,  0.853], 
          [-0.287,  1.056,  1.409,  0.826], 
          [-0.301,  1.025,  1.132,  0.775], 
          [-0.151,  1.046,  0.938,  0.895], 
          [-0.254,  1.381,  1.428,  0.830], 
          [-0.300,  1.451,  1.163,  0.824], 
          [-0.275,  1.489,  0.917,  0.856], 
          [-0.255,  1.248,  0.893,  0.746], 
          [-0.271,  1.150,  0.887,  0.727], 
          [-0.286,  1.172,  0.493,  0.828], 
          [-0.365,  1.214,  0.102,  0.834], 
          [-0.245,  1.336,  0.897,  0.726], 
          [-0.153,  1.358,  0.517,  0.832], 
          [-0.273,  1.357,  0.144,  0.848], 
          [-0.105,  1.124,  1.631,  0.838], 
          [-0.093,  1.200,  1.626,  0.852], 
          [-0.210,  1.106,  1.625,  0.814], 
          [-0.149,  1.250,  1.633,  0.857], 
          [-0.126,  1.378,  0.062,  0.648], 
          [-0.167,  1.422,  0.069,  0.625], 
          [-0.320,  1.342,  0.110,  0.657], 
          [-0.203,  1.239,  0.053,  0.601], 
          [-0.245,  1.194,  0.046,  0.640], 
          [-0.392,  1.224,  0.067,  0.743]
        ]
    }
]
