[
    {
        "id": 0,
        "keypoints3d": [
          [ 1.034, -1.333,  1.588,  0.888], 
          [ 1.134, -1.410,  1.389,  0.858], 
          [ 1.249, -1.293,  1.392,  0.812], 
          [ 1.137, -1.167,  1.181,  0.809], 
          [ 0.969, -1.363,  1.192,  0.810], 
          [ 1.002, -1.525,  1.378,  0.818], 
          [ 0.911, -1.450,  1.143,  0.851], 
          [ 1.066, -1.259,  1.177,  0.766], 
          [ 1.092, -1.360,  0.860,  0.735], 
          [ 1.154, -1.286,  0.868,  0.721], 
          [ 1.174, -1.308,  0.479,  0.763], 
          [ 1.241, -1.352,  0.090,  0.795], 
          [ 1.025, -1.437,  0.861,  0.724], 
          [ 1.037, -1.440,  0.479,  0.746], 
          [ 1.069, -1.473,  0.111,  0.824], 
          [ 1.076, -1.322,  1.630,  0.809], 
          [ 1.021, -1.369,  1.613,  0.864], 
          [ 1.181, -1.303,  1.610,  0.865], 
          [ 1.051, -1.464,  1.588,  0.829], 
          [ 0.977, -1.360,  0.065,  0.704], 
          [ 0.963, -1.434,  0.062,  0.726], 
          [ 1.104, -1.486,  0.059,  0.643], 
          [ 1.121, -1.252,  0.051,  0.677], 
          [ 1.183, -1.227,  0.052,  0.694], 
          [ 1.250, -1.384,  0.048,  0.652]
        ]
    },
    {
        "id": 2,
        "keypoints3d": [
          [-1.193, -1.127,  1.498,  0.890], 
          [-1.273, -1.273,  1.340,  0.868], 
          [-1.113, -1.328,  1.345,  0.861], 
          [-1.101, -1.404,  1.079,  0.815], 
          [-1.162, -1.437,  0.869,  0.682], 
          [-1.420, -1.218,  1.334,  0.844], 
          [-1.473, -1.294,  1.073,  0.758], 
          [-1.415, -1.411,  0.862,  0.626], 
          [-1.257, -1.276,  0.810,  0.765], 
          [-1.161, -1.309,  0.821,  0.744], 
          [-1.092, -1.275,  0.464,  0.846], 
          [-1.105, -1.362,  0.099,  0.782], 
          [-1.351, -1.255,  0.812,  0.734], 
          [-1.344, -1.284,  0.434,  0.788], 
          [-1.309, -1.334,  0.086,  0.766], 
          [-1.185, -1.144,  1.523,  0.779], 
          [-1.234, -1.129,  1.526,  0.783], 
          [-1.186, -1.250,  1.530,  0.739], 
          [-1.318, -1.171,  1.528,  0.877], 
          [-1.247, -1.181,  0.035,  0.771], 
          [-1.304, -1.198,  0.037,  0.782], 
          [-1.301, -1.371,  0.043,  0.695], 
          [-0.985, -1.244,  0.071,  0.779], 
          [-0.966, -1.298,  0.085,  0.767], 
          [-1.133, -1.391,  0.046,  0.755]
        ]
    },
    {
        "id": 4,
        "keypoints3d": [
          [ 1.045,  1.195,  1.610,  0.884], 
          [ 1.199,  1.180,  1.416,  0.872], 
          [ 1.241,  1.335,  1.417,  0.826], 
          [ 1.309,  1.368,  1.156,  0.858], 
          [ 1.281,  1.394,  0.897,  0.832], 
          [ 1.151,  1.028,  1.421,  0.853], 
          [ 1.131,  0.978,  1.154,  0.845], 
          [ 1.063,  1.050,  0.917,  0.808], 
          [ 1.175,  1.182,  0.873,  0.739], 
          [ 1.218,  1.272,  0.868,  0.723], 
          [ 1.200,  1.264,  0.474,  0.822], 
          [ 1.264,  1.233,  0.075,  0.824], 
          [ 1.149,  1.090,  0.886,  0.750], 
          [ 1.149,  1.048,  0.507,  0.856], 
          [ 1.213,  1.007,  0.105,  0.878], 
          [ 1.049,  1.228,  1.649,  0.872], 
          [ 1.048,  1.166,  1.647,  0.730], 
          [ 1.149,  1.266,  1.637,  0.716], 
          [ 1.118,  1.115,  1.638,  0.793], 
          [ 1.078,  1.024,  0.055,  0.792], 
          [ 1.114,  0.968,  0.047,  0.813], 
          [ 1.252,  1.024,  0.057,  0.761], 
          [ 1.091,  1.251,  0.034,  0.709], 
          [ 1.126,  1.292,  0.032,  0.681], 
          [ 1.305,  1.221,  0.029,  0.682]
        ]
    },
    {
        "id": 6,
        "keypoints3d": [
          [-0.362,  0.021,  1.004,  0.810], 
          [-0.399,  0.078,  0.784,  0.793], 
          [-0.484, -0.048,  0.771,  0.737], 
          [-0.475, -0.157,  0.569,  0.859], 
          [-0.307, -0.231,  0.606,  0.875], 
          [-0.314,  0.197,  0.814,  0.819], 
          [-0.152,  0.332,  0.703,  0.820], 
          [ 0.019,  0.174,  0.656,  0.796], 
          [-0.136, -0.030,  0.422,  0.735], 
          [-0.192, -0.119,  0.397,  0.686], 
          [ 0.206, -0.330,  0.372,  0.804], 
          [ 0.481, -0.408,  0.138,  0.760], 
          [-0.089,  0.075,  0.434,  0.731], 
          [ 0.315, -0.085,  0.434,  0.869], 
          [ 0.615, -0.184,  0.228,  0.832], 
          [-0.422,  0.007,  1.029,  0.868], 
          [-0.383,  0.072,  1.037,  0.795], 
          [-0.470, -0.176,  1.022,  0.828], 
          [-0.397,  0.152,  0.996,  0.821], 
          [ 0.765, -0.205,  0.301,  0.717], 
          [ 0.740, -0.161,  0.281,  0.655], 
          [ 0.624, -0.214,  0.188,  0.671], 
          [ 0.610, -0.488,  0.188,  0.749], 
          [ 0.560, -0.503,  0.170,  0.710], 
          [ 0.494, -0.398,  0.095,  0.621]
        ]
    }
]
