[
    {
        "id": 0,
        "keypoints3d": [
          [ 1.036, -1.334,  1.584,  0.892], 
          [ 1.134, -1.412,  1.391,  0.856], 
          [ 1.248, -1.296,  1.392,  0.811], 
          [ 1.140, -1.169,  1.178,  0.817], 
          [ 0.968, -1.357,  1.189,  0.817], 
          [ 1.005, -1.524,  1.380,  0.817], 
          [ 0.911, -1.450,  1.143,  0.851], 
          [ 1.063, -1.259,  1.175,  0.752], 
          [ 1.091, -1.360,  0.860,  0.734], 
          [ 1.154, -1.287,  0.868,  0.716], 
          [ 1.173, -1.308,  0.480,  0.817], 
          [ 1.240, -1.350,  0.091,  0.797], 
          [ 1.026, -1.437,  0.861,  0.726], 
          [ 1.037, -1.441,  0.480,  0.739], 
          [ 1.074, -1.475,  0.109,  0.832], 
          [ 1.075, -1.320,  1.627,  0.881], 
          [ 1.020, -1.377,  1.614,  0.857], 
          [ 1.178, -1.310,  1.609,  0.859], 
          [ 1.061, -1.474,  1.587,  0.848], 
          [ 0.983, -1.362,  0.064,  0.643], 
          [ 0.966, -1.438,  0.062,  0.665], 
          [ 1.106, -1.487,  0.058,  0.653], 
          [ 1.124, -1.256,  0.050,  0.704], 
          [ 1.187, -1.230,  0.051,  0.714], 
          [ 1.251, -1.381,  0.052,  0.666]
        ]
    },
    {
        "id": 2,
        "keypoints3d": [
          [-1.193, -1.126,  1.504,  0.878], 
          [-1.282, -1.271,  1.343,  0.872], 
          [-1.119, -1.322,  1.349,  0.855], 
          [-1.106, -1.395,  1.082,  0.817], 
          [-1.154, -1.435,  0.875,  0.702], 
          [-1.423, -1.215,  1.339,  0.845], 
          [-1.473, -1.293,  1.072,  0.761], 
          [-1.429, -1.395,  0.872,  0.567], 
          [-1.257, -1.277,  0.810,  0.774], 
          [-1.162, -1.306,  0.820,  0.756], 
          [-1.092, -1.275,  0.468,  0.866], 
          [-1.097, -1.362,  0.098,  0.781], 
          [-1.351, -1.257,  0.809,  0.739], 
          [-1.341, -1.286,  0.438,  0.823], 
          [-1.308, -1.336,  0.090,  0.780], 
          [-1.186, -1.137,  1.528,  0.794], 
          [-1.252, -1.110,  1.536,  0.767], 
          [-1.195, -1.243,  1.529,  0.749], 
          [-1.326, -1.163,  1.527,  0.870], 
          [-1.249, -1.184,  0.039,  0.794], 
          [-1.305, -1.199,  0.043,  0.799], 
          [-1.305, -1.376,  0.043,  0.702], 
          [-0.980, -1.241,  0.070,  0.781], 
          [-0.965, -1.299,  0.079,  0.766], 
          [-1.134, -1.392,  0.053,  0.784]
        ]
    },
    {
        "id": 4,
        "keypoints3d": [
          [ 1.043,  1.201,  1.604,  0.863], 
          [ 1.197,  1.170,  1.414,  0.843], 
          [ 1.241,  1.323,  1.418,  0.817], 
          [ 1.324,  1.344,  1.153,  0.830], 
          [ 1.301,  1.359,  0.899,  0.834], 
          [ 1.149,  1.017,  1.423,  0.794], 
          [ 1.131,  0.976,  1.153,  0.843], 
          [ 1.043,  1.049,  0.922,  0.810], 
          [ 1.173,  1.167,  0.877,  0.698], 
          [ 1.208,  1.261,  0.871,  0.687], 
          [ 1.194,  1.255,  0.480,  0.797], 
          [ 1.257,  1.237,  0.076,  0.741], 
          [ 1.149,  1.079,  0.888,  0.696], 
          [ 1.153,  1.042,  0.505,  0.817], 
          [ 1.214,  1.008,  0.103,  0.851], 
          [ 1.052,  1.235,  1.639,  0.865], 
          [ 1.051,  1.170,  1.647,  0.758], 
          [ 1.133,  1.274,  1.638,  0.696], 
          [ 1.116,  1.109,  1.636,  0.819], 
          [ 1.065,  1.037,  0.059,  0.777], 
          [ 1.094,  0.983,  0.047,  0.784], 
          [ 1.256,  1.022,  0.061,  0.736], 
          [ 1.089,  1.249,  0.029,  0.711], 
          [ 1.125,  1.293,  0.030,  0.687], 
          [ 1.298,  1.228,  0.029,  0.657]
        ]
    },
    {
        "id": 6,
        "keypoints3d": [
          [-0.364,  0.018,  1.001,  0.892], 
          [-0.403,  0.074,  0.781,  0.816], 
          [-0.482, -0.059,  0.762,  0.741], 
          [-0.469, -0.162,  0.558,  0.864], 
          [-0.290, -0.254,  0.603,  0.875], 
          [-0.322,  0.193,  0.810,  0.828], 
          [-0.165,  0.342,  0.704,  0.872], 
          [ 0.005,  0.185,  0.646,  0.825], 
          [-0.126, -0.040,  0.443,  0.679], 
          [-0.162, -0.128,  0.424,  0.616], 
          [ 0.223, -0.299,  0.366,  0.715], 
          [ 0.489, -0.355,  0.098,  0.839], 
          [-0.086,  0.075,  0.453,  0.703], 
          [ 0.313, -0.059,  0.433,  0.833], 
          [ 0.614, -0.147,  0.234,  0.793], 
          [-0.414, -0.017,  1.031,  0.869], 
          [-0.377,  0.061,  1.036,  0.843], 
          [-0.478, -0.170,  1.020,  0.821], 
          [-0.399,  0.146,  0.992,  0.791], 
          [ 0.764, -0.153,  0.307,  0.647], 
          [ 0.747, -0.119,  0.288,  0.641], 
          [ 0.634, -0.170,  0.194,  0.691], 
          [ 0.609, -0.400,  0.138,  0.713], 
          [ 0.562, -0.440,  0.121,  0.700], 
          [ 0.493, -0.346,  0.062,  0.723]
        ]
    }
]
