[
    {
        "id": 0,
        "keypoints3d": [
          [-1.074, -1.165,  1.505,  0.851], 
          [-1.166, -1.293,  1.352,  0.889], 
          [-1.019, -1.367,  1.349,  0.856], 
          [-1.010, -1.432,  1.077,  0.801], 
          [-1.086, -1.449,  0.862,  0.724], 
          [-1.307, -1.224,  1.357,  0.857], 
          [-1.361, -1.274,  1.105,  0.761], 
          [-1.340, -1.361,  0.911,  0.664], 
          [-1.159, -1.297,  0.825,  0.751], 
          [-1.064, -1.335,  0.826,  0.754], 
          [-1.045, -1.363,  0.444,  0.833], 
          [-1.014, -1.401,  0.096,  0.835], 
          [-1.253, -1.255,  0.829,  0.734], 
          [-1.260, -1.292,  0.450,  0.796], 
          [-1.293, -1.335,  0.078,  0.848], 
          [-1.053, -1.184,  1.541,  0.784], 
          [-1.114, -1.152,  1.547,  0.825], 
          [-1.051, -1.280,  1.537,  0.729], 
          [-1.201, -1.199,  1.553,  0.861], 
          [-1.242, -1.176,  0.036,  0.735], 
          [-1.300, -1.191,  0.039,  0.749], 
          [-1.306, -1.372,  0.036,  0.706], 
          [-0.895, -1.290,  0.053,  0.667], 
          [-0.877, -1.327,  0.068,  0.674], 
          [-1.037, -1.418,  0.051,  0.748]
        ]
    },
    {
        "id": 2,
        "keypoints3d": [
          [ 1.039, -1.319,  1.580,  0.879], 
          [ 1.136, -1.406,  1.387,  0.862], 
          [ 1.251, -1.291,  1.392,  0.815], 
          [ 1.139, -1.166,  1.180,  0.865], 
          [ 0.974, -1.363,  1.191,  0.793], 
          [ 1.003, -1.522,  1.381,  0.822], 
          [ 0.920, -1.452,  1.144,  0.851], 
          [ 1.067, -1.261,  1.173,  0.767], 
          [ 1.092, -1.362,  0.862,  0.729], 
          [ 1.156, -1.286,  0.868,  0.711], 
          [ 1.172, -1.309,  0.481,  0.815], 
          [ 1.231, -1.355,  0.092,  0.749], 
          [ 1.024, -1.436,  0.861,  0.723], 
          [ 1.041, -1.447,  0.479,  0.721], 
          [ 1.069, -1.470,  0.106,  0.755], 
          [ 1.078, -1.299,  1.615,  0.919], 
          [ 1.021, -1.356,  1.608,  0.879], 
          [ 1.174, -1.328,  1.608,  0.827], 
          [ 1.048, -1.455,  1.586,  0.860], 
          [ 0.984, -1.358,  0.057,  0.696], 
          [ 0.962, -1.427,  0.058,  0.705], 
          [ 1.107, -1.481,  0.056,  0.672], 
          [ 1.119, -1.240,  0.047,  0.713], 
          [ 1.184, -1.225,  0.047,  0.713], 
          [ 1.246, -1.388,  0.050,  0.619]
        ]
    },
    {
        "id": 4,
        "keypoints3d": [
          [ 1.023,  1.108,  1.606,  0.824], 
          [ 1.189,  1.154,  1.411,  0.854], 
          [ 1.153,  1.319,  1.423,  0.823], 
          [ 1.185,  1.386,  1.152,  0.860], 
          [ 1.147,  1.400,  0.910,  0.841], 
          [ 1.213,  1.005,  1.409,  0.836], 
          [ 1.205,  0.957,  1.126,  0.841], 
          [ 1.105,  0.955,  0.900,  0.868], 
          [ 1.149,  1.178,  0.870,  0.736], 
          [ 1.148,  1.277,  0.870,  0.713], 
          [ 1.167,  1.263,  0.478,  0.829], 
          [ 1.250,  1.261,  0.095,  0.835], 
          [ 1.154,  1.087,  0.877,  0.717], 
          [ 1.112,  1.052,  0.516,  0.791], 
          [ 1.137,  1.096,  0.125,  0.765], 
          [ 1.026,  1.150,  1.646,  0.791], 
          [ 1.055,  1.072,  1.646,  0.881], 
          [ 1.094,  1.198,  1.638,  0.854], 
          [ 1.152,  1.069,  1.633,  0.801], 
          [ 1.030,  0.976,  0.047,  0.773], 
          [ 1.075,  0.963,  0.041,  0.802], 
          [ 1.155,  1.124,  0.072,  0.692], 
          [ 1.111,  1.223,  0.012,  0.724], 
          [ 1.114,  1.274,  0.026,  0.859], 
          [ 1.298,  1.255,  0.033,  0.705]
        ]
    },
    {
        "id": 6,
        "keypoints3d": [
          [-0.358,  0.085,  1.019,  0.913], 
          [-0.352,  0.156,  0.788,  0.859], 
          [-0.490,  0.070,  0.780,  0.848], 
          [-0.528, -0.022,  0.564,  0.730], 
          [-0.429, -0.186,  0.631,  0.862], 
          [-0.218,  0.233,  0.802,  0.792], 
          [ 0.001,  0.218,  0.722,  0.752], 
          [ 0.045,  0.020,  0.666,  0.786], 
          [-0.161, -0.057,  0.433,  0.717], 
          [-0.256, -0.124,  0.436,  0.704], 
          [-0.032, -0.453,  0.370,  0.739], 
          [ 0.161, -0.756,  0.227,  0.798], 
          [-0.065, -0.012,  0.438,  0.704], 
          [ 0.203, -0.272,  0.425,  0.747], 
          [ 0.424, -0.508,  0.221,  0.830], 
          [-0.401,  0.080,  1.042,  0.782], 
          [-0.346,  0.137,  1.046,  0.893], 
          [-0.478,  0.135,  0.980,  0.837], 
          [-0.327,  0.219,  1.000,  0.942], 
          [ 0.557, -0.607,  0.267,  0.642], 
          [ 0.541, -0.556,  0.242,  0.687], 
          [ 0.414, -0.535,  0.180,  0.627], 
          [ 0.208, -0.860,  0.286,  0.700], 
          [ 0.175, -0.856,  0.258,  0.679], 
          [ 0.187, -0.768,  0.196,  0.675]
        ]
    }
]
