[
    {
        "id": 0,
        "keypoints3d": [
          [-0.954, -1.191,  1.503,  0.849], 
          [-1.052, -1.326,  1.354,  0.890], 
          [-0.899, -1.396,  1.332,  0.838], 
          [-0.931, -1.448,  1.063,  0.754], 
          [-1.009, -1.465,  0.858,  0.743], 
          [-1.190, -1.248,  1.368,  0.864], 
          [-1.268, -1.291,  1.111,  0.775], 
          [-1.200, -1.393,  0.897,  0.648], 
          [-1.067, -1.318,  0.832,  0.763], 
          [-0.977, -1.360,  0.822,  0.751], 
          [-0.991, -1.385,  0.438,  0.815], 
          [-1.014, -1.394,  0.091,  0.841], 
          [-1.158, -1.276,  0.840,  0.748], 
          [-1.195, -1.287,  0.462,  0.823], 
          [-1.280, -1.335,  0.084,  0.805], 
          [-0.929, -1.217,  1.530,  0.781], 
          [-0.994, -1.196,  1.547,  0.869], 
          [-0.912, -1.305,  1.531,  0.772], 
          [-1.068, -1.252,  1.563,  0.877], 
          [-1.239, -1.168,  0.037,  0.776], 
          [-1.293, -1.188,  0.048,  0.781], 
          [-1.293, -1.383,  0.039,  0.723], 
          [-0.885, -1.286,  0.053,  0.717], 
          [-0.873, -1.325,  0.066,  0.712], 
          [-1.041, -1.416,  0.048,  0.754]
        ]
    },
    {
        "id": 2,
        "keypoints3d": [
          [ 1.037, -1.317,  1.578,  0.877], 
          [ 1.136, -1.405,  1.387,  0.862], 
          [ 1.249, -1.290,  1.390,  0.811], 
          [ 1.145, -1.166,  1.178,  0.790], 
          [ 0.976, -1.362,  1.189,  0.803], 
          [ 1.004, -1.523,  1.379,  0.818], 
          [ 0.919, -1.453,  1.144,  0.857], 
          [ 1.068, -1.257,  1.172,  0.767], 
          [ 1.093, -1.362,  0.861,  0.730], 
          [ 1.157, -1.286,  0.864,  0.720], 
          [ 1.173, -1.313,  0.476,  0.750], 
          [ 1.237, -1.352,  0.089,  0.731], 
          [ 1.022, -1.437,  0.861,  0.713], 
          [ 1.041, -1.443,  0.479,  0.718], 
          [ 1.069, -1.473,  0.105,  0.764], 
          [ 1.074, -1.291,  1.616,  0.800], 
          [ 1.021, -1.359,  1.608,  0.874], 
          [ 1.173, -1.324,  1.608,  0.836], 
          [ 1.048, -1.453,  1.585,  0.859], 
          [ 0.979, -1.365,  0.056,  0.686], 
          [ 0.962, -1.431,  0.055,  0.707], 
          [ 1.102, -1.484,  0.053,  0.680], 
          [ 1.124, -1.236,  0.046,  0.719], 
          [ 1.191, -1.229,  0.044,  0.723], 
          [ 1.248, -1.382,  0.039,  0.679]
        ]
    },
    {
        "id": 4,
        "keypoints3d": [
          [ 0.988,  0.988,  1.615,  0.891], 
          [ 1.114,  1.094,  1.413,  0.854], 
          [ 1.036,  1.234,  1.433,  0.791], 
          [ 1.071,  1.341,  1.177,  0.785], 
          [ 1.036,  1.383,  0.936,  0.836], 
          [ 1.187,  0.954,  1.402,  0.813], 
          [ 1.226,  0.923,  1.130,  0.800], 
          [ 1.204,  0.928,  0.878,  0.796], 
          [ 1.088,  1.151,  0.867,  0.727], 
          [ 1.041,  1.237,  0.875,  0.695], 
          [ 1.049,  1.229,  0.491,  0.834], 
          [ 1.162,  1.277,  0.105,  0.770], 
          [ 1.128,  1.061,  0.858,  0.711], 
          [ 1.138,  1.085,  0.492,  0.818], 
          [ 1.125,  1.110,  0.116,  0.778], 
          [ 0.987,  1.012,  1.657,  0.783], 
          [ 1.024,  0.956,  1.644,  0.719], 
          [ 1.022,  1.102,  1.647,  0.866], 
          [ 1.115,  0.982,  1.630,  0.865], 
          [ 1.025,  0.973,  0.065,  0.803], 
          [ 1.087,  0.961,  0.055,  0.808], 
          [ 1.138,  1.141,  0.083,  0.641], 
          [ 1.021,  1.223,  0.031,  0.829], 
          [ 1.031,  1.287,  0.039,  0.850], 
          [ 1.213,  1.300,  0.062,  0.693]
        ]
    },
    {
        "id": 6,
        "keypoints3d": [
          [-0.330,  0.130,  1.015,  0.859], 
          [-0.302,  0.215,  0.788,  0.853], 
          [-0.461,  0.177,  0.775,  0.804], 
          [-0.532,  0.087,  0.570,  0.728], 
          [-0.485, -0.087,  0.617,  0.846], 
          [-0.153,  0.233,  0.813,  0.786], 
          [ 0.063,  0.202,  0.714,  0.716], 
          [ 0.064, -0.015,  0.657,  0.815], 
          [-0.171, -0.084,  0.455,  0.746], 
          [-0.262, -0.111,  0.443,  0.690], 
          [-0.163, -0.481,  0.398,  0.847], 
          [-0.087, -0.774,  0.245,  0.640], 
          [-0.053, -0.077,  0.477,  0.726], 
          [ 0.090, -0.388,  0.441,  0.733], 
          [ 0.193, -0.688,  0.245,  0.640], 
          [-0.380,  0.155,  1.043,  0.847], 
          [-0.300,  0.189,  1.044,  0.811], 
          [-0.421,  0.227,  0.979,  0.888], 
          [-0.258,  0.264,  0.999,  0.894], 
          [ 0.271, -0.808,  0.273,  0.748], 
          [ 0.287, -0.764,  0.247,  0.768], 
          [ 0.172, -0.731,  0.189,  0.658], 
          [-0.090, -0.968,  0.334,  0.627], 
          [-0.119, -0.958,  0.312,  0.604], 
          [-0.106, -0.830,  0.217,  0.577]
        ]
    }
]
