[
    {
        "id": 0,
        "keypoints3d": [
          [ 1.034, -1.337,  1.583,  0.888], 
          [ 1.134, -1.410,  1.389,  0.857], 
          [ 1.249, -1.293,  1.392,  0.811], 
          [ 1.137, -1.167,  1.181,  0.806], 
          [ 0.967, -1.359,  1.192,  0.809], 
          [ 1.002, -1.525,  1.379,  0.817], 
          [ 0.911, -1.450,  1.143,  0.851], 
          [ 1.066, -1.258,  1.177,  0.763], 
          [ 1.091, -1.360,  0.860,  0.735], 
          [ 1.154, -1.286,  0.868,  0.721], 
          [ 1.174, -1.308,  0.479,  0.763], 
          [ 1.241, -1.351,  0.090,  0.796], 
          [ 1.025, -1.437,  0.861,  0.724], 
          [ 1.037, -1.440,  0.479,  0.746], 
          [ 1.072, -1.476,  0.108,  0.823], 
          [ 1.075, -1.320,  1.625,  0.882], 
          [ 1.022, -1.376,  1.612,  0.857], 
          [ 1.181, -1.303,  1.610,  0.866], 
          [ 1.057, -1.476,  1.587,  0.838], 
          [ 0.983, -1.362,  0.063,  0.703], 
          [ 0.963, -1.434,  0.062,  0.728], 
          [ 1.104, -1.488,  0.057,  0.641], 
          [ 1.123, -1.249,  0.051,  0.679], 
          [ 1.186, -1.229,  0.051,  0.694], 
          [ 1.249, -1.384,  0.048,  0.652]
        ]
    },
    {
        "id": 2,
        "keypoints3d": [
          [-1.193, -1.127,  1.498,  0.891], 
          [-1.273, -1.272,  1.341,  0.869], 
          [-1.117, -1.323,  1.346,  0.857], 
          [-1.102, -1.403,  1.078,  0.813], 
          [-1.164, -1.438,  0.869,  0.671], 
          [-1.423, -1.216,  1.335,  0.843], 
          [-1.474, -1.293,  1.072,  0.756], 
          [-1.415, -1.411,  0.862,  0.627], 
          [-1.257, -1.276,  0.810,  0.767], 
          [-1.161, -1.309,  0.819,  0.745], 
          [-1.091, -1.275,  0.465,  0.845], 
          [-1.105, -1.361,  0.098,  0.775], 
          [-1.351, -1.254,  0.813,  0.735], 
          [-1.346, -1.282,  0.435,  0.795], 
          [-1.311, -1.331,  0.090,  0.778], 
          [-1.185, -1.144,  1.523,  0.779], 
          [-1.238, -1.125,  1.527,  0.782], 
          [-1.189, -1.248,  1.531,  0.713], 
          [-1.320, -1.170,  1.527,  0.884], 
          [-1.248, -1.177,  0.038,  0.772], 
          [-1.303, -1.196,  0.039,  0.784], 
          [-1.301, -1.371,  0.043,  0.699], 
          [-0.985, -1.244,  0.071,  0.779], 
          [-0.969, -1.296,  0.083,  0.691], 
          [-1.133, -1.392,  0.046,  0.760]
        ]
    },
    {
        "id": 4,
        "keypoints3d": [
          [ 1.043,  1.199,  1.602,  0.861], 
          [ 1.202,  1.178,  1.417,  0.851], 
          [ 1.245,  1.330,  1.419,  0.814], 
          [ 1.319,  1.363,  1.154,  0.858], 
          [ 1.293,  1.387,  0.896,  0.838], 
          [ 1.153,  1.027,  1.419,  0.806], 
          [ 1.131,  0.978,  1.153,  0.844], 
          [ 1.060,  1.053,  0.917,  0.805], 
          [ 1.175,  1.184,  0.871,  0.705], 
          [ 1.215,  1.273,  0.869,  0.699], 
          [ 1.198,  1.268,  0.474,  0.799], 
          [ 1.256,  1.237,  0.081,  0.756], 
          [ 1.152,  1.090,  0.883,  0.700], 
          [ 1.150,  1.050,  0.504,  0.804], 
          [ 1.213,  1.007,  0.105,  0.849], 
          [ 1.050,  1.231,  1.641,  0.872], 
          [ 1.048,  1.166,  1.647,  0.731], 
          [ 1.137,  1.276,  1.634,  0.741], 
          [ 1.118,  1.115,  1.638,  0.799], 
          [ 1.070,  1.031,  0.056,  0.775], 
          [ 1.100,  0.980,  0.048,  0.784], 
          [ 1.252,  1.022,  0.058,  0.734], 
          [ 1.091,  1.251,  0.034,  0.709], 
          [ 1.126,  1.292,  0.032,  0.681], 
          [ 1.302,  1.224,  0.031,  0.669]
        ]
    },
    {
        "id": 6,
        "keypoints3d": [
          [-0.359,  0.019,  1.005,  0.805], 
          [-0.397,  0.076,  0.785,  0.800], 
          [-0.483, -0.049,  0.771,  0.749], 
          [-0.475, -0.157,  0.569,  0.859], 
          [-0.307, -0.231,  0.606,  0.875], 
          [-0.311,  0.195,  0.814,  0.823], 
          [-0.152,  0.332,  0.703,  0.821], 
          [ 0.024,  0.172,  0.654,  0.793], 
          [-0.140, -0.027,  0.420,  0.726], 
          [-0.197, -0.115,  0.393,  0.673], 
          [ 0.203, -0.329,  0.371,  0.800], 
          [ 0.474, -0.405,  0.134,  0.752], 
          [-0.089,  0.075,  0.434,  0.731], 
          [ 0.312, -0.082,  0.432,  0.869], 
          [ 0.609, -0.180,  0.225,  0.826], 
          [-0.422,  0.007,  1.029,  0.868], 
          [-0.380,  0.069,  1.037,  0.784], 
          [-0.470, -0.176,  1.022,  0.828], 
          [-0.390,  0.150,  0.995,  0.825], 
          [ 0.753, -0.197,  0.295,  0.644], 
          [ 0.735, -0.157,  0.279,  0.671], 
          [ 0.623, -0.212,  0.186,  0.668], 
          [ 0.610, -0.488,  0.188,  0.749], 
          [ 0.560, -0.503,  0.170,  0.710], 
          [ 0.488, -0.396,  0.092,  0.721]
        ]
    }
]
