[
    {
        "id": 0,
        "keypoints3d": [
          [ 1.032, -1.336,  1.586,  0.893], 
          [ 1.134, -1.406,  1.391,  0.858], 
          [ 1.245, -1.292,  1.392,  0.804], 
          [ 1.134, -1.165,  1.180,  0.798], 
          [ 0.969, -1.362,  1.195,  0.815], 
          [ 1.005, -1.523,  1.379,  0.819], 
          [ 0.911, -1.449,  1.144,  0.853], 
          [ 1.066, -1.253,  1.178,  0.767], 
          [ 1.088, -1.362,  0.860,  0.732], 
          [ 1.153, -1.286,  0.868,  0.712], 
          [ 1.171, -1.309,  0.479,  0.753], 
          [ 1.238, -1.353,  0.092,  0.783], 
          [ 1.022, -1.439,  0.861,  0.725], 
          [ 1.037, -1.441,  0.480,  0.745], 
          [ 1.071, -1.467,  0.105,  0.809], 
          [ 1.077, -1.322,  1.630,  0.908], 
          [ 1.019, -1.368,  1.614,  0.861], 
          [ 1.182, -1.302,  1.612,  0.870], 
          [ 1.052, -1.461,  1.588,  0.827], 
          [ 0.978, -1.358,  0.062,  0.704], 
          [ 0.963, -1.432,  0.059,  0.727], 
          [ 1.105, -1.487,  0.058,  0.634], 
          [ 1.115, -1.243,  0.050,  0.659], 
          [ 1.184, -1.227,  0.050,  0.678], 
          [ 1.246, -1.386,  0.051,  0.649]
        ]
    },
    {
        "id": 2,
        "keypoints3d": [
          [-1.181, -1.133,  1.495,  0.888], 
          [-1.262, -1.278,  1.343,  0.868], 
          [-1.106, -1.332,  1.346,  0.866], 
          [-1.094, -1.411,  1.081,  0.810], 
          [-1.156, -1.431,  0.864,  0.701], 
          [-1.415, -1.223,  1.339,  0.836], 
          [-1.458, -1.299,  1.078,  0.738], 
          [-1.379, -1.393,  0.855,  0.821], 
          [-1.248, -1.281,  0.817,  0.752], 
          [-1.151, -1.310,  0.826,  0.747], 
          [-1.096, -1.282,  0.466,  0.850], 
          [-1.103, -1.357,  0.105,  0.795], 
          [-1.341, -1.262,  0.817,  0.737], 
          [-1.330, -1.292,  0.437,  0.799], 
          [-1.300, -1.341,  0.087,  0.849], 
          [-1.174, -1.152,  1.516,  0.782], 
          [-1.218, -1.132,  1.525,  0.772], 
          [-1.175, -1.254,  1.533,  0.758], 
          [-1.308, -1.172,  1.528,  0.870], 
          [-1.248, -1.184,  0.036,  0.759], 
          [-1.302, -1.198,  0.039,  0.767], 
          [-1.304, -1.376,  0.042,  0.692], 
          [-0.985, -1.247,  0.072,  0.771], 
          [-0.965, -1.304,  0.080,  0.761], 
          [-1.128, -1.388,  0.051,  0.779]
        ]
    },
    {
        "id": 4,
        "keypoints3d": [
          [ 1.036,  1.194,  1.611,  0.811], 
          [ 1.201,  1.186,  1.416,  0.857], 
          [ 1.230,  1.350,  1.419,  0.831], 
          [ 1.310,  1.375,  1.152,  0.860], 
          [ 1.268,  1.404,  0.895,  0.859], 
          [ 1.169,  1.029,  1.425,  0.818], 
          [ 1.150,  0.991,  1.159,  0.820], 
          [ 1.086,  1.054,  0.921,  0.794], 
          [ 1.173,  1.200,  0.873,  0.709], 
          [ 1.201,  1.294,  0.874,  0.711], 
          [ 1.196,  1.270,  0.479,  0.812], 
          [ 1.256,  1.240,  0.082,  0.763], 
          [ 1.156,  1.101,  0.884,  0.695], 
          [ 1.138,  1.052,  0.507,  0.808], 
          [ 1.208,  1.013,  0.108,  0.849], 
          [ 1.052,  1.233,  1.646,  0.780], 
          [ 1.052,  1.168,  1.651,  0.774], 
          [ 1.134,  1.276,  1.635,  0.794], 
          [ 1.128,  1.126,  1.638,  0.866], 
          [ 1.069,  1.032,  0.056,  0.774], 
          [ 1.101,  0.974,  0.047,  0.790], 
          [ 1.253,  1.027,  0.062,  0.747], 
          [ 1.098,  1.250,  0.029,  0.726], 
          [ 1.132,  1.292,  0.028,  0.692], 
          [ 1.302,  1.225,  0.031,  0.675]
        ]
    },
    {
        "id": 6,
        "keypoints3d": [
          [-0.368,  0.039,  1.003,  0.867], 
          [-0.393,  0.093,  0.775,  0.758], 
          [-0.480, -0.034,  0.771,  0.741], 
          [-0.487, -0.130,  0.561,  0.852], 
          [-0.349, -0.223,  0.608,  0.880], 
          [-0.294,  0.208,  0.809,  0.787], 
          [-0.117,  0.326,  0.705,  0.774], 
          [ 0.037,  0.172,  0.652,  0.754], 
          [-0.146, -0.027,  0.417,  0.710], 
          [-0.201, -0.112,  0.403,  0.640], 
          [ 0.159, -0.344,  0.367,  0.744], 
          [ 0.446, -0.493,  0.157,  0.822], 
          [-0.088,  0.070,  0.434,  0.715], 
          [ 0.294, -0.110,  0.425,  0.840], 
          [ 0.597, -0.249,  0.241,  0.828], 
          [-0.428,  0.026,  1.036,  0.873], 
          [-0.379,  0.084,  1.039,  0.872], 
          [-0.467, -0.178,  1.039,  0.816], 
          [-0.385,  0.158,  0.992,  0.740], 
          [ 0.744, -0.267,  0.299,  0.694], 
          [ 0.723, -0.223,  0.280,  0.636], 
          [ 0.607, -0.273,  0.192,  0.703], 
          [ 0.563, -0.572,  0.224,  0.739], 
          [ 0.525, -0.586,  0.200,  0.728], 
          [ 0.463, -0.478,  0.118,  0.693]
        ]
    }
]
