[
    {
        "id": 0,
        "keypoints3d": [
          [-0.932, -1.183,  1.511,  0.882], 
          [-0.984, -1.334,  1.349,  0.884], 
          [-0.841, -1.395,  1.341,  0.858], 
          [-0.833, -1.473,  1.083,  0.758], 
          [-0.933, -1.487,  0.873,  0.721], 
          [-1.139, -1.264,  1.353,  0.850], 
          [-1.182, -1.325,  1.086,  0.779], 
          [-1.117, -1.397,  0.864,  0.618], 
          [-0.988, -1.335,  0.825,  0.760], 
          [-0.900, -1.378,  0.816,  0.761], 
          [-0.938, -1.386,  0.442,  0.787], 
          [-0.996, -1.395,  0.099,  0.830], 
          [-1.077, -1.289,  0.833,  0.763], 
          [-1.092, -1.244,  0.470,  0.817], 
          [-1.154, -1.286,  0.104,  0.824], 
          [-0.906, -1.211,  1.540,  0.899], 
          [-0.963, -1.178,  1.546,  0.882], 
          [-0.879, -1.298,  1.536,  0.798], 
          [-1.033, -1.254,  1.553,  0.881], 
          [-1.169, -1.150,  0.051,  0.691], 
          [-1.213, -1.178,  0.050,  0.740], 
          [-1.169, -1.340,  0.061,  0.741], 
          [-0.893, -1.297,  0.057,  0.744], 
          [-0.876, -1.340,  0.064,  0.731], 
          [-1.029, -1.409,  0.053,  0.722]
        ]
    },
    {
        "id": 2,
        "keypoints3d": [
          [ 1.038, -1.316,  1.579,  0.878], 
          [ 1.134, -1.407,  1.386,  0.861], 
          [ 1.250, -1.293,  1.390,  0.818], 
          [ 1.141, -1.173,  1.179,  0.855], 
          [ 0.972, -1.363,  1.191,  0.805], 
          [ 0.997, -1.519,  1.380,  0.822], 
          [ 0.914, -1.445,  1.144,  0.833], 
          [ 1.071, -1.263,  1.174,  0.769], 
          [ 1.094, -1.360,  0.855,  0.726], 
          [ 1.155, -1.281,  0.862,  0.715], 
          [ 1.179, -1.308,  0.465,  0.744], 
          [ 1.237, -1.350,  0.087,  0.738], 
          [ 1.023, -1.435,  0.861,  0.707], 
          [ 1.041, -1.443,  0.466,  0.720], 
          [ 1.067, -1.470,  0.091,  0.836], 
          [ 1.073, -1.312,  1.624,  0.818], 
          [ 1.021, -1.358,  1.606,  0.878], 
          [ 1.173, -1.323,  1.609,  0.839], 
          [ 1.047, -1.452,  1.589,  0.859], 
          [ 0.980, -1.359,  0.062,  0.709], 
          [ 0.959, -1.437,  0.059,  0.726], 
          [ 1.099, -1.488,  0.056,  0.642], 
          [ 1.114, -1.238,  0.053,  0.712], 
          [ 1.176, -1.219,  0.052,  0.806], 
          [ 1.248, -1.386,  0.038,  0.673]
        ]
    },
    {
        "id": 4,
        "keypoints3d": [
          [ 0.780,  0.974,  1.597,  0.809], 
          [ 0.879,  1.125,  1.413,  0.865], 
          [ 0.728,  1.180,  1.418,  0.813], 
          [ 0.688,  1.262,  1.152,  0.841], 
          [ 0.662,  1.244,  0.895,  0.863], 
          [ 1.032,  1.077,  1.413,  0.831], 
          [ 1.078,  1.059,  1.130,  0.852], 
          [ 1.041,  0.959,  0.901,  0.808], 
          [ 0.876,  1.130,  0.847,  0.729], 
          [ 0.769,  1.146,  0.850,  0.705], 
          [ 0.732,  1.131,  0.483,  0.743], 
          [ 0.642,  1.213,  0.108,  0.824], 
          [ 0.980,  1.113,  0.844,  0.700], 
          [ 1.033,  1.100,  0.471,  0.781], 
          [ 1.109,  1.119,  0.097,  0.819], 
          [ 0.741,  1.010,  1.640,  0.839], 
          [ 0.812,  0.973,  1.629,  0.844], 
          [ 0.765,  1.098,  1.636,  0.879], 
          [ 0.905,  1.019,  1.633,  0.857], 
          [ 1.040,  0.976,  0.050,  0.686], 
          [ 1.107,  0.982,  0.048,  0.679], 
          [ 1.119,  1.138,  0.070,  0.672], 
          [ 0.719,  1.095,  0.043,  0.690], 
          [ 0.669,  1.107,  0.033,  0.720], 
          [ 0.620,  1.244,  0.065,  0.716]
        ]
    },
    {
        "id": 6,
        "keypoints3d": [
          [-0.246,  0.176,  1.026,  0.827], 
          [-0.186,  0.227,  0.791,  0.832], 
          [-0.331,  0.292,  0.783,  0.774], 
          [-0.459,  0.276,  0.580,  0.834], 
          [-0.510,  0.085,  0.618,  0.751], 
          [-0.050,  0.160,  0.816,  0.792], 
          [ 0.115,  0.013,  0.731,  0.835], 
          [ 0.002, -0.143,  0.652,  0.835], 
          [-0.237, -0.039,  0.436,  0.686], 
          [-0.337,  0.012,  0.422,  0.634], 
          [-0.490, -0.372,  0.415,  0.726], 
          [-0.616, -0.692,  0.258,  0.724], 
          [-0.148, -0.090,  0.450,  0.677], 
          [-0.246, -0.495,  0.439,  0.771], 
          [-0.409, -0.656,  0.133,  0.761], 
          [-0.260,  0.212,  1.038,  0.874], 
          [-0.195,  0.205,  1.044,  0.874], 
          [-0.269,  0.286,  0.992,  0.843], 
          [-0.125,  0.248,  1.001,  0.706], 
          [-0.420, -0.759,  0.116,  0.573], 
          [-0.377, -0.759,  0.117,  0.598], 
          [-0.430, -0.649,  0.103,  0.581], 
          [-0.703, -0.818,  0.359,  0.626], 
          [-0.715, -0.789,  0.332,  0.671], 
          [-0.615, -0.718,  0.225,  0.630]
        ]
    }
]
