[
    {
        "id": 0,
        "keypoints3d": [
          [ 1.037, -1.326,  1.581,  0.883], 
          [ 1.134, -1.405,  1.389,  0.862], 
          [ 1.250, -1.288,  1.392,  0.817], 
          [ 1.136, -1.167,  1.176,  0.808], 
          [ 0.966, -1.357,  1.195,  0.815], 
          [ 1.003, -1.522,  1.381,  0.825], 
          [ 0.916, -1.449,  1.144,  0.852], 
          [ 1.063, -1.250,  1.175,  0.760], 
          [ 1.090, -1.362,  0.859,  0.736], 
          [ 1.155, -1.287,  0.867,  0.718], 
          [ 1.170, -1.310,  0.482,  0.755], 
          [ 1.238, -1.353,  0.090,  0.755], 
          [ 1.023, -1.440,  0.860,  0.723], 
          [ 1.045, -1.441,  0.479,  0.740], 
          [ 1.072, -1.467,  0.106,  0.770], 
          [ 1.076, -1.321,  1.627,  0.816], 
          [ 1.022, -1.361,  1.607,  0.869], 
          [ 1.171, -1.330,  1.607,  0.912], 
          [ 1.050, -1.457,  1.588,  0.843], 
          [ 0.979, -1.367,  0.060,  0.697], 
          [ 0.962, -1.431,  0.060,  0.709], 
          [ 1.109, -1.485,  0.053,  0.675], 
          [ 1.116, -1.227,  0.050,  0.725], 
          [ 1.183, -1.226,  0.040,  0.727], 
          [ 1.251, -1.386,  0.047,  0.631]
        ]
    },
    {
        "id": 2,
        "keypoints3d": [
          [ 1.034,  1.158,  1.604,  0.820], 
          [ 1.200,  1.176,  1.415,  0.873], 
          [ 1.198,  1.350,  1.423,  0.830], 
          [ 1.233,  1.399,  1.147,  0.854], 
          [ 1.197,  1.423,  0.904,  0.872], 
          [ 1.200,  1.026,  1.414,  0.829], 
          [ 1.194,  0.975,  1.140,  0.834], 
          [ 1.087,  1.010,  0.913,  0.881], 
          [ 1.169,  1.194,  0.866,  0.731], 
          [ 1.186,  1.292,  0.861,  0.716], 
          [ 1.179,  1.272,  0.473,  0.842], 
          [ 1.253,  1.259,  0.100,  0.862], 
          [ 1.172,  1.097,  0.873,  0.732], 
          [ 1.106,  1.046,  0.520,  0.818], 
          [ 1.154,  1.075,  0.132,  0.825], 
          [ 1.039,  1.184,  1.639,  0.799], 
          [ 1.051,  1.127,  1.645,  0.840], 
          [ 1.113,  1.244,  1.636,  0.761], 
          [ 1.144,  1.102,  1.633,  0.845], 
          [ 1.026,  0.984,  0.057,  0.739], 
          [ 1.072,  0.950,  0.046,  0.734], 
          [ 1.202,  1.093,  0.072,  0.785], 
          [ 1.085,  1.244,  0.040,  0.680], 
          [ 1.112,  1.287,  0.039,  0.669], 
          [ 1.311,  1.247,  0.048,  0.753]
        ]
    },
    {
        "id": 4,
        "keypoints3d": [
          [-1.123, -1.145,  1.491,  0.837], 
          [-1.212, -1.290,  1.342,  0.884], 
          [-1.071, -1.347,  1.341,  0.849], 
          [-1.074, -1.421,  1.071,  0.773], 
          [-1.120, -1.447,  0.860,  0.659], 
          [-1.366, -1.212,  1.347,  0.816], 
          [-1.417, -1.285,  1.087,  0.779], 
          [-1.341, -1.387,  0.875,  0.629], 
          [-1.202, -1.295,  0.825,  0.755], 
          [-1.107, -1.315,  0.821,  0.754], 
          [-1.038, -1.310,  0.474,  0.824], 
          [-1.020, -1.375,  0.112,  0.808], 
          [-1.308, -1.267,  0.827,  0.718], 
          [-1.306, -1.292,  0.452,  0.800], 
          [-1.294, -1.344,  0.081,  0.771], 
          [-1.105, -1.169,  1.518,  0.803], 
          [-1.172, -1.134,  1.533,  0.894], 
          [-1.106, -1.264,  1.528,  0.770], 
          [-1.242, -1.182,  1.533,  0.871], 
          [-1.242, -1.186,  0.037,  0.785], 
          [-1.299, -1.205,  0.042,  0.808], 
          [-1.297, -1.378,  0.036,  0.712], 
          [-0.899, -1.280,  0.057,  0.713], 
          [-0.880, -1.320,  0.070,  0.666], 
          [-1.046, -1.404,  0.062,  0.727]
        ]
    },
    {
        "id": 6,
        "keypoints3d": [
          [-0.373,  0.073,  1.015,  0.924], 
          [-0.370,  0.128,  0.788,  0.871], 
          [-0.502,  0.023,  0.779,  0.855], 
          [-0.513, -0.053,  0.555,  0.697], 
          [-0.377, -0.200,  0.617,  0.850], 
          [-0.233,  0.220,  0.808,  0.825], 
          [-0.044,  0.295,  0.714,  0.722], 
          [ 0.047,  0.126,  0.653,  0.709], 
          [-0.136, -0.063,  0.462,  0.729], 
          [-0.220, -0.133,  0.457,  0.738], 
          [ 0.055, -0.407,  0.373,  0.644], 
          [ 0.288, -0.644,  0.186,  0.838], 
          [-0.050, -0.012,  0.475,  0.684], 
          [ 0.268, -0.226,  0.416,  0.855], 
          [ 0.510, -0.403,  0.213,  0.834], 
          [-0.410,  0.070,  1.039,  0.832], 
          [-0.360,  0.116,  1.050,  0.867], 
          [-0.547, -0.035,  1.003,  0.869], 
          [-0.356,  0.204,  0.990,  0.935], 
          [ 0.618, -0.492,  0.286,  0.743], 
          [ 0.618, -0.435,  0.248,  0.739], 
          [ 0.504, -0.416,  0.168,  0.731], 
          [ 0.350, -0.770,  0.278,  0.675], 
          [ 0.311, -0.770,  0.250,  0.699], 
          [ 0.322, -0.636,  0.149,  0.697]
        ]
    }
]
