[
    {
        "id": 0,
        "keypoints3d": [
          [ 1.036, -1.317,  1.579,  0.879], 
          [ 1.135, -1.404,  1.387,  0.861], 
          [ 1.250, -1.292,  1.391,  0.817], 
          [ 1.144, -1.167,  1.179,  0.789], 
          [ 0.970, -1.361,  1.190,  0.806], 
          [ 1.000, -1.517,  1.380,  0.818], 
          [ 0.916, -1.447,  1.142,  0.855], 
          [ 1.070, -1.263,  1.172,  0.772], 
          [ 1.091, -1.361,  0.855,  0.720], 
          [ 1.151, -1.282,  0.862,  0.709], 
          [ 1.171, -1.313,  0.468,  0.791], 
          [ 1.236, -1.352,  0.087,  0.715], 
          [ 1.020, -1.437,  0.861,  0.707], 
          [ 1.036, -1.446,  0.467,  0.699], 
          [ 1.071, -1.469,  0.101,  0.782], 
          [ 1.076, -1.295,  1.616,  0.796], 
          [ 1.021, -1.359,  1.608,  0.872], 
          [ 1.173, -1.324,  1.608,  0.838], 
          [ 1.046, -1.452,  1.586,  0.856], 
          [ 0.985, -1.367,  0.056,  0.700], 
          [ 0.963, -1.433,  0.057,  0.719], 
          [ 1.104, -1.484,  0.058,  0.683], 
          [ 1.112, -1.242,  0.055,  0.805], 
          [ 1.176, -1.218,  0.052,  0.794], 
          [ 1.248, -1.384,  0.042,  0.682]
        ]
    },
    {
        "id": 2,
        "keypoints3d": [
          [-0.917, -1.190,  1.506,  0.859], 
          [-0.978, -1.337,  1.358,  0.894], 
          [-0.829, -1.393,  1.341,  0.858], 
          [-0.833, -1.476,  1.078,  0.779], 
          [-0.918, -1.499,  0.893,  0.733], 
          [-1.125, -1.276,  1.374,  0.855], 
          [-1.195, -1.337,  1.116,  0.730], 
          [-1.147, -1.437,  0.912,  0.715], 
          [-1.012, -1.344,  0.829,  0.763], 
          [-0.916, -1.374,  0.821,  0.754], 
          [-0.950, -1.396,  0.447,  0.794], 
          [-1.005, -1.395,  0.099,  0.781], 
          [-1.100, -1.304,  0.837,  0.757], 
          [-1.134, -1.273,  0.476,  0.816], 
          [-1.215, -1.296,  0.098,  0.783], 
          [-0.886, -1.204,  1.538,  0.883], 
          [-0.952, -1.182,  1.547,  0.866], 
          [-0.855, -1.294,  1.534,  0.765], 
          [-1.013, -1.256,  1.557,  0.798], 
          [-1.176, -1.148,  0.045,  0.748], 
          [-1.223, -1.167,  0.036,  0.785], 
          [-1.222, -1.334,  0.055,  0.754], 
          [-0.890, -1.296,  0.051,  0.758], 
          [-0.876, -1.340,  0.063,  0.742], 
          [-1.034, -1.415,  0.051,  0.762]
        ]
    },
    {
        "id": 4,
        "keypoints3d": [
          [ 0.915,  0.944,  1.606,  0.840], 
          [ 1.017,  1.094,  1.420,  0.837], 
          [ 0.895,  1.181,  1.434,  0.835], 
          [ 0.871,  1.279,  1.175,  0.865], 
          [ 0.841,  1.267,  0.911,  0.867], 
          [ 1.152,  0.989,  1.406,  0.822], 
          [ 1.187,  0.988,  1.118,  0.808], 
          [ 1.094,  0.907,  0.907,  0.821], 
          [ 0.991,  1.115,  0.859,  0.742], 
          [ 0.900,  1.161,  0.872,  0.728], 
          [ 0.854,  1.151,  0.499,  0.774], 
          [ 0.808,  1.240,  0.091,  0.806], 
          [ 1.078,  1.074,  0.851,  0.706], 
          [ 1.113,  1.104,  0.471,  0.801], 
          [ 1.116,  1.112,  0.091,  0.746], 
          [ 0.890,  0.987,  1.648,  0.866], 
          [ 0.948,  0.942,  1.638,  0.828], 
          [ 0.925,  1.075,  1.638,  0.893], 
          [ 1.025,  0.983,  1.629,  0.739], 
          [ 1.047,  0.959,  0.060,  0.667], 
          [ 1.112,  0.970,  0.052,  0.757], 
          [ 1.120,  1.156,  0.054,  0.622], 
          [ 0.716,  1.090,  0.054,  0.794], 
          [ 0.699,  1.138,  0.047,  0.808], 
          [ 0.811,  1.273,  0.057,  0.772]
        ]
    },
    {
        "id": 6,
        "keypoints3d": [
          [-0.275,  0.156,  1.023,  0.880], 
          [-0.227,  0.236,  0.788,  0.832], 
          [-0.382,  0.265,  0.773,  0.782], 
          [-0.510,  0.211,  0.575,  0.775], 
          [-0.505,  0.023,  0.606,  0.763], 
          [-0.089,  0.214,  0.806,  0.745], 
          [ 0.109,  0.109,  0.720,  0.857], 
          [ 0.033, -0.102,  0.654,  0.747], 
          [-0.198, -0.042,  0.417,  0.714], 
          [-0.301, -0.026,  0.399,  0.654], 
          [-0.383, -0.457,  0.378,  0.807], 
          [-0.403, -0.783,  0.224,  0.745], 
          [-0.094, -0.067,  0.430,  0.695], 
          [-0.093, -0.486,  0.439,  0.695], 
          [-0.118, -0.733,  0.184,  0.697], 
          [-0.322,  0.195,  1.053,  0.911], 
          [-0.249,  0.194,  1.041,  0.900], 
          [-0.360,  0.274,  0.994,  0.861], 
          [-0.191,  0.254,  1.000,  0.867], 
          [-0.108, -0.881,  0.207,  0.585], 
          [-0.078, -0.858,  0.201,  0.648], 
          [-0.093, -0.726,  0.172,  0.548], 
          [-0.415, -0.946,  0.314,  0.641], 
          [-0.458, -0.921,  0.289,  0.631], 
          [-0.401, -0.804,  0.193,  0.598]
        ]
    }
]
