[
    {
        "id": 0,
        "keypoints3d": [
          [ 1.038, -1.314,  1.579,  0.880], 
          [ 1.136, -1.405,  1.387,  0.862], 
          [ 1.248, -1.288,  1.390,  0.813], 
          [ 1.143, -1.168,  1.177,  0.806], 
          [ 0.973, -1.363,  1.192,  0.799], 
          [ 1.005, -1.522,  1.380,  0.818], 
          [ 0.920, -1.452,  1.144,  0.859], 
          [ 1.073, -1.259,  1.170,  0.774], 
          [ 1.094, -1.360,  0.857,  0.724], 
          [ 1.153, -1.284,  0.862,  0.714], 
          [ 1.171, -1.312,  0.470,  0.789], 
          [ 1.236, -1.352,  0.086,  0.776], 
          [ 1.021, -1.438,  0.859,  0.710], 
          [ 1.041, -1.443,  0.471,  0.703], 
          [ 1.072, -1.470,  0.103,  0.760], 
          [ 1.076, -1.295,  1.616,  0.800], 
          [ 1.020, -1.359,  1.608,  0.872], 
          [ 1.173, -1.324,  1.608,  0.837], 
          [ 1.048, -1.453,  1.587,  0.857], 
          [ 0.986, -1.359,  0.056,  0.685], 
          [ 0.966, -1.429,  0.058,  0.704], 
          [ 1.105, -1.487,  0.056,  0.680], 
          [ 1.124, -1.239,  0.050,  0.704], 
          [ 1.187, -1.228,  0.045,  0.713], 
          [ 1.248, -1.389,  0.041,  0.677]
        ]
    },
    {
        "id": 2,
        "keypoints3d": [
          [-0.934, -1.193,  1.514,  0.847], 
          [-1.017, -1.325,  1.353,  0.881], 
          [-0.871, -1.389,  1.332,  0.862], 
          [-0.907, -1.459,  1.063,  0.732], 
          [-1.002, -1.473,  0.842,  0.725], 
          [-1.167, -1.265,  1.375,  0.863], 
          [-1.223, -1.320,  1.112,  0.734], 
          [-1.186, -1.394,  0.907,  0.647], 
          [-1.050, -1.324,  0.830,  0.758], 
          [-0.959, -1.360,  0.823,  0.739], 
          [-0.972, -1.389,  0.448,  0.809], 
          [-1.004, -1.396,  0.101,  0.851], 
          [-1.139, -1.278,  0.842,  0.745], 
          [-1.182, -1.282,  0.469,  0.822], 
          [-1.279, -1.326,  0.092,  0.799], 
          [-0.903, -1.211,  1.539,  0.860], 
          [-0.964, -1.188,  1.552,  0.872], 
          [-0.881, -1.298,  1.530,  0.778], 
          [-1.038, -1.260,  1.564,  0.870], 
          [-1.234, -1.169,  0.034,  0.776], 
          [-1.292, -1.184,  0.048,  0.790], 
          [-1.296, -1.373,  0.045,  0.718], 
          [-0.882, -1.284,  0.048,  0.734], 
          [-0.873, -1.331,  0.064,  0.725], 
          [-1.033, -1.415,  0.057,  0.764]
        ]
    },
    {
        "id": 4,
        "keypoints3d": [
          [ 0.968,  0.957,  1.612,  0.884], 
          [ 1.098,  1.082,  1.416,  0.838], 
          [ 1.005,  1.217,  1.440,  0.822], 
          [ 1.038,  1.327,  1.182,  0.734], 
          [ 0.989,  1.358,  0.939,  0.804], 
          [ 1.184,  0.957,  1.403,  0.807], 
          [ 1.227,  0.930,  1.125,  0.830], 
          [ 1.197,  0.920,  0.879,  0.755], 
          [ 1.066,  1.137,  0.864,  0.719], 
          [ 1.009,  1.207,  0.872,  0.714], 
          [ 0.996,  1.218,  0.494,  0.818], 
          [ 1.048,  1.282,  0.114,  0.775], 
          [ 1.127,  1.054,  0.859,  0.718], 
          [ 1.128,  1.083,  0.487,  0.811], 
          [ 1.123,  1.116,  0.104,  0.831], 
          [ 0.972,  0.995,  1.657,  0.842], 
          [ 1.013,  0.944,  1.648,  0.775], 
          [ 1.004,  1.087,  1.651,  0.865], 
          [ 1.103,  0.979,  1.630,  0.861], 
          [ 1.040,  0.969,  0.060,  0.781], 
          [ 1.097,  0.966,  0.060,  0.781], 
          [ 1.124,  1.151,  0.071,  0.638], 
          [ 0.916,  1.171,  0.051,  0.795], 
          [ 0.917,  1.246,  0.056,  0.803], 
          [ 1.080,  1.316,  0.067,  0.727]
        ]
    },
    {
        "id": 6,
        "keypoints3d": [
          [-0.322,  0.148,  1.013,  0.791], 
          [-0.290,  0.219,  0.792,  0.855], 
          [-0.431,  0.206,  0.770,  0.807], 
          [-0.529,  0.110,  0.578,  0.726], 
          [-0.493, -0.065,  0.622,  0.854], 
          [-0.116,  0.228,  0.818,  0.775], 
          [ 0.093,  0.172,  0.713,  0.850], 
          [ 0.068, -0.041,  0.646,  0.771], 
          [-0.185, -0.089,  0.463,  0.736], 
          [-0.290, -0.102,  0.442,  0.671], 
          [-0.217, -0.486,  0.406,  0.825], 
          [-0.186, -0.821,  0.255,  0.799], 
          [-0.071, -0.090,  0.488,  0.702], 
          [ 0.047, -0.431,  0.434,  0.845], 
          [ 0.110, -0.725,  0.234,  0.733], 
          [-0.364,  0.177,  1.041,  0.741], 
          [-0.282,  0.193,  1.041,  0.849], 
          [-0.409,  0.239,  0.981,  0.848], 
          [-0.238,  0.266,  0.996,  0.883], 
          [ 0.203, -0.837,  0.258,  0.736], 
          [ 0.218, -0.793,  0.251,  0.749], 
          [ 0.095, -0.746,  0.194,  0.603], 
          [-0.142, -0.985,  0.331,  0.712], 
          [-0.174, -0.973,  0.324,  0.718], 
          [-0.180, -0.851,  0.223,  0.632]
        ]
    }
]
