[
    {
        "id": 0,
        "keypoints3d": [
          [-1.167, -1.136,  1.496,  0.816], 
          [-1.246, -1.281,  1.346,  0.873], 
          [-1.095, -1.335,  1.344,  0.867], 
          [-1.089, -1.419,  1.073,  0.776], 
          [-1.172, -1.438,  0.855,  0.716], 
          [-1.403, -1.220,  1.346,  0.826], 
          [-1.444, -1.292,  1.078,  0.769], 
          [-1.385, -1.387,  0.856,  0.703], 
          [-1.233, -1.286,  0.822,  0.760], 
          [-1.131, -1.309,  0.825,  0.759], 
          [-1.062, -1.284,  0.466,  0.855], 
          [-1.059, -1.356,  0.102,  0.826], 
          [-1.330, -1.270,  0.818,  0.742], 
          [-1.314, -1.296,  0.442,  0.799], 
          [-1.299, -1.339,  0.086,  0.848], 
          [-1.138, -1.157,  1.515,  0.782], 
          [-1.199, -1.135,  1.528,  0.803], 
          [-1.147, -1.260,  1.528,  0.783], 
          [-1.285, -1.169,  1.534,  0.861], 
          [-1.248, -1.183,  0.036,  0.776], 
          [-1.304, -1.199,  0.040,  0.789], 
          [-1.300, -1.371,  0.042,  0.721], 
          [-0.959, -1.244,  0.064,  0.721], 
          [-0.938, -1.292,  0.071,  0.690], 
          [-1.078, -1.390,  0.048,  0.705]
        ]
    },
    {
        "id": 2,
        "keypoints3d": [
          [ 1.032, -1.329,  1.587,  0.882], 
          [ 1.134, -1.405,  1.389,  0.859], 
          [ 1.247, -1.289,  1.392,  0.808], 
          [ 1.133, -1.166,  1.180,  0.869], 
          [ 0.968, -1.357,  1.192,  0.822], 
          [ 1.003, -1.522,  1.380,  0.821], 
          [ 0.910, -1.448,  1.145,  0.847], 
          [ 1.063, -1.251,  1.180,  0.764], 
          [ 1.089, -1.362,  0.859,  0.733], 
          [ 1.152, -1.285,  0.869,  0.709], 
          [ 1.172, -1.307,  0.480,  0.813], 
          [ 1.236, -1.348,  0.090,  0.783], 
          [ 1.023, -1.440,  0.860,  0.726], 
          [ 1.040, -1.443,  0.478,  0.736], 
          [ 1.069, -1.468,  0.103,  0.803], 
          [ 1.077, -1.323,  1.628,  0.913], 
          [ 1.019, -1.361,  1.614,  0.870], 
          [ 1.177, -1.313,  1.610,  0.833], 
          [ 1.051, -1.457,  1.591,  0.827], 
          [ 0.982, -1.358,  0.067,  0.700], 
          [ 0.963, -1.432,  0.060,  0.717], 
          [ 1.101, -1.485,  0.056,  0.624], 
          [ 1.122, -1.242,  0.050,  0.652], 
          [ 1.186, -1.225,  0.048,  0.677], 
          [ 1.249, -1.381,  0.045,  0.652]
        ]
    },
    {
        "id": 4,
        "keypoints3d": [
          [ 1.040,  1.177,  1.615,  0.814], 
          [ 1.200,  1.186,  1.413,  0.887], 
          [ 1.219,  1.354,  1.416,  0.854], 
          [ 1.251,  1.403,  1.144,  0.827], 
          [ 1.221,  1.427,  0.903,  0.858], 
          [ 1.182,  1.033,  1.422,  0.868], 
          [ 1.174,  0.991,  1.145,  0.837], 
          [ 1.098,  1.049,  0.918,  0.841], 
          [ 1.170,  1.205,  0.876,  0.751], 
          [ 1.196,  1.298,  0.870,  0.739], 
          [ 1.192,  1.271,  0.475,  0.846], 
          [ 1.254,  1.245,  0.087,  0.845], 
          [ 1.165,  1.097,  0.886,  0.756], 
          [ 1.121,  1.048,  0.520,  0.845], 
          [ 1.188,  1.034,  0.111,  0.866], 
          [ 1.037,  1.215,  1.652,  0.869], 
          [ 1.046,  1.160,  1.647,  0.770], 
          [ 1.151,  1.252,  1.634,  0.779], 
          [ 1.128,  1.122,  1.634,  0.858], 
          [ 1.034,  0.998,  0.063,  0.780], 
          [ 1.079,  0.953,  0.050,  0.772], 
          [ 1.226,  1.066,  0.048,  0.781], 
          [ 1.079,  1.247,  0.036,  0.804], 
          [ 1.105,  1.291,  0.040,  0.772], 
          [ 1.300,  1.231,  0.034,  0.696]
        ]
    },
    {
        "id": 6,
        "keypoints3d": [
          [-0.363,  0.053,  1.010,  0.869], 
          [-0.387,  0.121,  0.781,  0.796], 
          [-0.497,  0.007,  0.772,  0.757], 
          [-0.487, -0.101,  0.562,  0.841], 
          [-0.350, -0.218,  0.621,  0.892], 
          [-0.282,  0.221,  0.814,  0.779], 
          [-0.093,  0.314,  0.705,  0.867], 
          [ 0.041,  0.136,  0.649,  0.839], 
          [-0.168, -0.016,  0.412,  0.677], 
          [-0.242, -0.091,  0.399,  0.634], 
          [ 0.109, -0.369,  0.400,  0.760], 
          [ 0.394, -0.577,  0.201,  0.786], 
          [-0.095,  0.068,  0.428,  0.673], 
          [ 0.263, -0.145,  0.423,  0.761], 
          [ 0.557, -0.321,  0.236,  0.828], 
          [-0.409,  0.053,  1.038,  0.849], 
          [-0.373,  0.094,  1.041,  0.868], 
          [-0.547, -0.045,  1.006,  0.860], 
          [-0.385,  0.194,  0.997,  0.768], 
          [ 0.667, -0.391,  0.282,  0.688], 
          [ 0.672, -0.351,  0.275,  0.692], 
          [ 0.572, -0.348,  0.196,  0.676], 
          [ 0.486, -0.683,  0.282,  0.697], 
          [ 0.441, -0.674,  0.260,  0.708], 
          [ 0.409, -0.570,  0.146,  0.651]
        ]
    }
]
