[
    {
        "id": 0,
        "keypoints3d": [
          [ 1.034, -1.333,  1.587,  0.890], 
          [ 1.134, -1.406,  1.391,  0.858], 
          [ 1.246, -1.291,  1.392,  0.804], 
          [ 1.138, -1.168,  1.177,  0.815], 
          [ 0.970, -1.362,  1.193,  0.815], 
          [ 1.004, -1.523,  1.380,  0.818], 
          [ 0.911, -1.449,  1.144,  0.853], 
          [ 1.065, -1.256,  1.179,  0.765], 
          [ 1.088, -1.361,  0.860,  0.731], 
          [ 1.152, -1.285,  0.869,  0.710], 
          [ 1.171, -1.310,  0.479,  0.754], 
          [ 1.237, -1.352,  0.093,  0.782], 
          [ 1.022, -1.439,  0.861,  0.725], 
          [ 1.036, -1.441,  0.481,  0.744], 
          [ 1.071, -1.467,  0.105,  0.809], 
          [ 1.077, -1.323,  1.630,  0.910], 
          [ 1.019, -1.368,  1.614,  0.861], 
          [ 1.181, -1.303,  1.613,  0.866], 
          [ 1.052, -1.461,  1.588,  0.828], 
          [ 0.975, -1.358,  0.065,  0.703], 
          [ 0.963, -1.432,  0.059,  0.726], 
          [ 1.105, -1.487,  0.058,  0.633], 
          [ 1.119, -1.242,  0.050,  0.652], 
          [ 1.184, -1.226,  0.051,  0.672], 
          [ 1.246, -1.386,  0.051,  0.650]
        ]
    },
    {
        "id": 2,
        "keypoints3d": [
          [ 1.036,  1.191,  1.608,  0.826], 
          [ 1.201,  1.187,  1.415,  0.858], 
          [ 1.229,  1.349,  1.420,  0.830], 
          [ 1.305,  1.377,  1.153,  0.824], 
          [ 1.263,  1.409,  0.898,  0.822], 
          [ 1.171,  1.033,  1.422,  0.821], 
          [ 1.160,  0.997,  1.158,  0.838], 
          [ 1.086,  1.057,  0.921,  0.826], 
          [ 1.171,  1.203,  0.876,  0.705], 
          [ 1.200,  1.293,  0.876,  0.711], 
          [ 1.199,  1.271,  0.476,  0.813], 
          [ 1.254,  1.239,  0.083,  0.759], 
          [ 1.156,  1.101,  0.886,  0.693], 
          [ 1.135,  1.052,  0.509,  0.798], 
          [ 1.210,  1.013,  0.107,  0.847], 
          [ 1.052,  1.232,  1.643,  0.777], 
          [ 1.052,  1.169,  1.648,  0.777], 
          [ 1.133,  1.275,  1.637,  0.787], 
          [ 1.129,  1.125,  1.635,  0.876], 
          [ 1.066,  1.031,  0.056,  0.775], 
          [ 1.099,  0.973,  0.047,  0.789], 
          [ 1.255,  1.028,  0.062,  0.741], 
          [ 1.098,  1.252,  0.027,  0.727], 
          [ 1.131,  1.294,  0.026,  0.692], 
          [ 1.299,  1.225,  0.029,  0.672]
        ]
    },
    {
        "id": 4,
        "keypoints3d": [
          [-1.180, -1.130,  1.496,  0.892], 
          [-1.262, -1.278,  1.344,  0.867], 
          [-1.105, -1.334,  1.346,  0.866], 
          [-1.093, -1.413,  1.082,  0.811], 
          [-1.159, -1.435,  0.870,  0.710], 
          [-1.413, -1.221,  1.339,  0.833], 
          [-1.457, -1.295,  1.078,  0.738], 
          [-1.382, -1.393,  0.857,  0.699], 
          [-1.248, -1.282,  0.816,  0.745], 
          [-1.153, -1.312,  0.824,  0.731], 
          [-1.095, -1.280,  0.465,  0.829], 
          [-1.098, -1.357,  0.101,  0.769], 
          [-1.340, -1.259,  0.817,  0.728], 
          [-1.325, -1.287,  0.428,  0.769], 
          [-1.299, -1.335,  0.083,  0.808], 
          [-1.167, -1.145,  1.517,  0.782], 
          [-1.213, -1.129,  1.526,  0.764], 
          [-1.172, -1.251,  1.528,  0.757], 
          [-1.304, -1.163,  1.527,  0.872], 
          [-1.244, -1.176,  0.033,  0.744], 
          [-1.302, -1.195,  0.036,  0.750], 
          [-1.296, -1.370,  0.041,  0.677], 
          [-0.978, -1.237,  0.071,  0.757], 
          [-0.964, -1.289,  0.084,  0.740], 
          [-1.129, -1.388,  0.041,  0.730]
        ]
    },
    {
        "id": 6,
        "keypoints3d": [
          [-0.369,  0.039,  1.005,  0.863], 
          [-0.394,  0.097,  0.774,  0.772], 
          [-0.481, -0.020,  0.766,  0.766], 
          [-0.492, -0.108,  0.551,  0.849], 
          [-0.350, -0.215,  0.605,  0.892], 
          [-0.292,  0.207,  0.814,  0.820], 
          [-0.113,  0.334,  0.705,  0.855], 
          [ 0.034,  0.164,  0.650,  0.827], 
          [-0.150, -0.024,  0.413,  0.717], 
          [-0.211, -0.110,  0.398,  0.648], 
          [ 0.161, -0.360,  0.369,  0.727], 
          [ 0.440, -0.515,  0.171,  0.810], 
          [-0.092,  0.068,  0.427,  0.723], 
          [ 0.285, -0.127,  0.421,  0.842], 
          [ 0.588, -0.272,  0.241,  0.828], 
          [-0.425,  0.029,  1.036,  0.869], 
          [-0.379,  0.085,  1.039,  0.870], 
          [-0.467, -0.175,  1.033,  0.822], 
          [-0.377,  0.169,  0.993,  0.749], 
          [ 0.737, -0.299,  0.300,  0.696], 
          [ 0.713, -0.261,  0.277,  0.633], 
          [ 0.597, -0.302,  0.189,  0.699], 
          [ 0.558, -0.606,  0.249,  0.704], 
          [ 0.516, -0.609,  0.223,  0.685], 
          [ 0.459, -0.514,  0.144,  0.702]
        ]
    }
]
