[
    {
        "id": 0,
        "keypoints3d": [
          [ 0.893,  0.945,  1.607,  0.813], 
          [ 0.996,  1.099,  1.418,  0.850], 
          [ 0.866,  1.171,  1.429,  0.815], 
          [ 0.833,  1.267,  1.170,  0.869], 
          [ 0.807,  1.259,  0.908,  0.854], 
          [ 1.137,  1.002,  1.407,  0.811], 
          [ 1.169,  0.997,  1.113,  0.799], 
          [ 1.081,  0.906,  0.906,  0.803], 
          [ 0.979,  1.114,  0.856,  0.727], 
          [ 0.886,  1.156,  0.874,  0.716], 
          [ 0.819,  1.142,  0.497,  0.751], 
          [ 0.761,  1.251,  0.083,  0.783], 
          [ 1.064,  1.083,  0.852,  0.702], 
          [ 1.106,  1.104,  0.465,  0.801], 
          [ 1.115,  1.117,  0.089,  0.742], 
          [ 0.866,  0.994,  1.645,  0.843], 
          [ 0.932,  0.947,  1.636,  0.833], 
          [ 0.897,  1.076,  1.637,  0.893], 
          [ 1.011,  0.991,  1.628,  0.760], 
          [ 1.043,  0.951,  0.061,  0.772], 
          [ 1.111,  0.977,  0.050,  0.775], 
          [ 1.114,  1.162,  0.047,  0.639], 
          [ 0.709,  1.076,  0.048,  0.783], 
          [ 0.674,  1.121,  0.040,  0.827], 
          [ 0.757,  1.277,  0.060,  0.775]
        ]
    },
    {
        "id": 2,
        "keypoints3d": [
          [-0.925, -1.183,  1.507,  0.860], 
          [-0.976, -1.339,  1.356,  0.889], 
          [-0.831, -1.392,  1.345,  0.865], 
          [-0.831, -1.477,  1.079,  0.796], 
          [-0.913, -1.508,  0.896,  0.717], 
          [-1.126, -1.275,  1.373,  0.853], 
          [-1.192, -1.331,  1.109,  0.741], 
          [-1.137, -1.429,  0.883,  0.654], 
          [-1.007, -1.343,  0.830,  0.763], 
          [-0.910, -1.377,  0.825,  0.757], 
          [-0.945, -1.395,  0.449,  0.786], 
          [-1.002, -1.396,  0.096,  0.754], 
          [-1.096, -1.299,  0.838,  0.757], 
          [-1.120, -1.273,  0.477,  0.822], 
          [-1.204, -1.293,  0.101,  0.850], 
          [-0.893, -1.207,  1.537,  0.885], 
          [-0.951, -1.178,  1.548,  0.861], 
          [-0.862, -1.292,  1.534,  0.698], 
          [-1.017, -1.243,  1.555,  0.807], 
          [-1.164, -1.145,  0.045,  0.756], 
          [-1.211, -1.163,  0.039,  0.790], 
          [-1.213, -1.333,  0.056,  0.750], 
          [-0.896, -1.300,  0.052,  0.741], 
          [-0.879, -1.345,  0.064,  0.731], 
          [-1.034, -1.410,  0.057,  0.745]
        ]
    },
    {
        "id": 4,
        "keypoints3d": [
          [ 1.042, -1.314,  1.582,  0.885], 
          [ 1.129, -1.399,  1.388,  0.876], 
          [ 1.240, -1.284,  1.391,  0.842], 
          [ 1.144, -1.168,  1.178,  0.795], 
          [ 0.971, -1.361,  1.191,  0.808], 
          [ 0.994, -1.513,  1.380,  0.834], 
          [ 0.915, -1.448,  1.141,  0.862], 
          [ 1.078, -1.269,  1.170,  0.795], 
          [ 1.087, -1.358,  0.856,  0.755], 
          [ 1.147, -1.276,  0.864,  0.757], 
          [ 1.172, -1.312,  0.467,  0.799], 
          [ 1.237, -1.353,  0.088,  0.765], 
          [ 1.018, -1.438,  0.859,  0.731], 
          [ 1.035, -1.444,  0.466,  0.759], 
          [ 1.068, -1.465,  0.096,  0.815], 
          [ 1.074, -1.312,  1.625,  0.818], 
          [ 1.019, -1.355,  1.610,  0.882], 
          [ 1.173, -1.324,  1.608,  0.841], 
          [ 1.024, -1.442,  1.587,  0.845], 
          [ 0.980, -1.364,  0.058,  0.706], 
          [ 0.964, -1.436,  0.057,  0.723], 
          [ 1.101, -1.480,  0.057,  0.629], 
          [ 1.114, -1.250,  0.054,  0.804], 
          [ 1.178, -1.224,  0.054,  0.794], 
          [ 1.249, -1.385,  0.042,  0.679]
        ]
    },
    {
        "id": 6,
        "keypoints3d": [
          [-0.272,  0.156,  1.023,  0.806], 
          [-0.215,  0.236,  0.789,  0.834], 
          [-0.372,  0.271,  0.770,  0.772], 
          [-0.507,  0.212,  0.585,  0.776], 
          [-0.507,  0.025,  0.612,  0.771], 
          [-0.084,  0.208,  0.806,  0.742], 
          [ 0.113,  0.087,  0.727,  0.857], 
          [ 0.030, -0.107,  0.654,  0.749], 
          [-0.204, -0.047,  0.428,  0.701], 
          [-0.305, -0.017,  0.408,  0.644], 
          [-0.375, -0.431,  0.373,  0.715], 
          [-0.431, -0.765,  0.214,  0.747], 
          [-0.106, -0.076,  0.447,  0.681], 
          [-0.113, -0.496,  0.434,  0.731], 
          [-0.200, -0.733,  0.183,  0.741], 
          [-0.313,  0.206,  1.044,  0.804], 
          [-0.241,  0.194,  1.041,  0.873], 
          [-0.320,  0.285,  0.987,  0.841], 
          [-0.180,  0.250,  1.000,  0.843], 
          [-0.160, -0.868,  0.207,  0.600], 
          [-0.124, -0.831,  0.179,  0.756], 
          [-0.148, -0.715,  0.153,  0.580], 
          [-0.442, -0.930,  0.292,  0.619], 
          [-0.483, -0.899,  0.273,  0.654], 
          [-0.427, -0.778,  0.185,  0.588]
        ]
    }
]
