[
    {
        "id": 0,
        "keypoints3d": [
          [-0.926, -1.191,  1.510,  0.863], 
          [-0.978, -1.337,  1.357,  0.890], 
          [-0.830, -1.391,  1.345,  0.860], 
          [-0.833, -1.478,  1.081,  0.781], 
          [-0.914, -1.505,  0.895,  0.720], 
          [-1.123, -1.274,  1.372,  0.851], 
          [-1.187, -1.327,  1.111,  0.742], 
          [-1.133, -1.426,  0.883,  0.651], 
          [-1.005, -1.339,  0.833,  0.765], 
          [-0.909, -1.376,  0.826,  0.757], 
          [-0.944, -1.394,  0.450,  0.793], 
          [-1.003, -1.395,  0.098,  0.756], 
          [-1.095, -1.298,  0.840,  0.762], 
          [-1.112, -1.268,  0.477,  0.828], 
          [-1.198, -1.294,  0.099,  0.847], 
          [-0.895, -1.211,  1.536,  0.899], 
          [-0.951, -1.178,  1.547,  0.875], 
          [-0.865, -1.295,  1.535,  0.704], 
          [-1.018, -1.243,  1.553,  0.808], 
          [-1.165, -1.142,  0.050,  0.755], 
          [-1.210, -1.165,  0.041,  0.786], 
          [-1.209, -1.333,  0.054,  0.748], 
          [-0.895, -1.300,  0.052,  0.735], 
          [-0.879, -1.345,  0.064,  0.730], 
          [-1.032, -1.411,  0.054,  0.743]
        ]
    },
    {
        "id": 2,
        "keypoints3d": [
          [ 1.043, -1.316,  1.582,  0.886], 
          [ 1.129, -1.399,  1.388,  0.876], 
          [ 1.240, -1.285,  1.391,  0.842], 
          [ 1.144, -1.167,  1.179,  0.798], 
          [ 0.971, -1.361,  1.191,  0.807], 
          [ 0.993, -1.514,  1.380,  0.837], 
          [ 0.914, -1.448,  1.141,  0.855], 
          [ 1.078, -1.269,  1.170,  0.795], 
          [ 1.090, -1.357,  0.856,  0.755], 
          [ 1.149, -1.274,  0.865,  0.757], 
          [ 1.175, -1.311,  0.464,  0.803], 
          [ 1.238, -1.352,  0.086,  0.787], 
          [ 1.018, -1.438,  0.859,  0.731], 
          [ 1.035, -1.444,  0.462,  0.762], 
          [ 1.067, -1.464,  0.092,  0.831], 
          [ 1.073, -1.312,  1.626,  0.817], 
          [ 1.019, -1.355,  1.610,  0.882], 
          [ 1.173, -1.324,  1.608,  0.840], 
          [ 1.024, -1.442,  1.587,  0.846], 
          [ 0.980, -1.364,  0.058,  0.706], 
          [ 0.964, -1.436,  0.057,  0.723], 
          [ 1.099, -1.479,  0.056,  0.642], 
          [ 1.114, -1.250,  0.054,  0.804], 
          [ 1.178, -1.224,  0.054,  0.794], 
          [ 1.249, -1.385,  0.042,  0.680]
        ]
    },
    {
        "id": 4,
        "keypoints3d": [
          [ 0.875,  0.942,  1.610,  0.834], 
          [ 0.982,  1.088,  1.420,  0.876], 
          [ 0.853,  1.163,  1.429,  0.846], 
          [ 0.828,  1.266,  1.174,  0.873], 
          [ 0.788,  1.248,  0.909,  0.849], 
          [ 1.125,  0.992,  1.409,  0.827], 
          [ 1.161,  0.990,  1.116,  0.773], 
          [ 1.076,  0.912,  0.902,  0.793], 
          [ 0.960,  1.096,  0.858,  0.755], 
          [ 0.867,  1.142,  0.877,  0.742], 
          [ 0.797,  1.130,  0.501,  0.807], 
          [ 0.726,  1.237,  0.089,  0.838], 
          [ 1.055,  1.073,  0.850,  0.715], 
          [ 1.108,  1.103,  0.464,  0.819], 
          [ 1.116,  1.109,  0.087,  0.759], 
          [ 0.849,  0.994,  1.648,  0.845], 
          [ 0.916,  0.946,  1.649,  0.853], 
          [ 0.897,  1.076,  1.637,  0.888], 
          [ 1.002,  1.004,  1.629,  0.728], 
          [ 1.044,  0.949,  0.057,  0.774], 
          [ 1.108,  0.972,  0.047,  0.769], 
          [ 1.116,  1.154,  0.044,  0.685], 
          [ 0.719,  1.072,  0.052,  0.760], 
          [ 0.672,  1.115,  0.044,  0.827], 
          [ 0.733,  1.273,  0.062,  0.749]
        ]
    },
    {
        "id": 6,
        "keypoints3d": [
          [-0.273,  0.158,  1.024,  0.805], 
          [-0.206,  0.243,  0.791,  0.841], 
          [-0.362,  0.279,  0.769,  0.782], 
          [-0.491,  0.222,  0.577,  0.785], 
          [-0.506,  0.030,  0.610,  0.769], 
          [-0.079,  0.204,  0.814,  0.750], 
          [ 0.117,  0.074,  0.728,  0.850], 
          [ 0.021, -0.114,  0.652,  0.778], 
          [-0.201, -0.038,  0.425,  0.707], 
          [-0.298, -0.000,  0.402,  0.645], 
          [-0.377, -0.410,  0.376,  0.734], 
          [-0.415, -0.744,  0.222,  0.781], 
          [-0.101, -0.074,  0.445,  0.684], 
          [-0.129, -0.494,  0.438,  0.741], 
          [-0.222, -0.731,  0.189,  0.825], 
          [-0.313,  0.205,  1.045,  0.791], 
          [-0.238,  0.198,  1.040,  0.877], 
          [-0.320,  0.284,  0.990,  0.847], 
          [-0.162,  0.245,  0.998,  0.842], 
          [-0.216, -0.849,  0.188,  0.586], 
          [-0.190, -0.818,  0.169,  0.788], 
          [-0.231, -0.741,  0.164,  0.612], 
          [-0.418, -0.895,  0.299,  0.603], 
          [-0.470, -0.872,  0.284,  0.610], 
          [-0.393, -0.750,  0.195,  0.631]
        ]
    }
]
