[
    {
        "id": 0,
        "keypoints3d": [
          [ 1.031, -1.332,  1.588,  0.885], 
          [ 1.134, -1.406,  1.391,  0.859], 
          [ 1.247, -1.291,  1.392,  0.805], 
          [ 1.135, -1.166,  1.179,  0.791], 
          [ 0.969, -1.361,  1.193,  0.823], 
          [ 1.001, -1.524,  1.381,  0.822], 
          [ 0.911, -1.448,  1.146,  0.850], 
          [ 1.064, -1.256,  1.179,  0.768], 
          [ 1.089, -1.361,  0.862,  0.730], 
          [ 1.152, -1.284,  0.869,  0.710], 
          [ 1.172, -1.308,  0.474,  0.752], 
          [ 1.237, -1.351,  0.079,  0.785], 
          [ 1.022, -1.439,  0.860,  0.723], 
          [ 1.038, -1.438,  0.476,  0.741], 
          [ 1.072, -1.469,  0.100,  0.804], 
          [ 1.077, -1.323,  1.630,  0.910], 
          [ 1.017, -1.368,  1.613,  0.867], 
          [ 1.182, -1.302,  1.613,  0.865], 
          [ 1.052, -1.461,  1.588,  0.822], 
          [ 0.975, -1.358,  0.065,  0.701], 
          [ 0.963, -1.432,  0.059,  0.726], 
          [ 1.104, -1.485,  0.055,  0.629], 
          [ 1.123, -1.239,  0.047,  0.644], 
          [ 1.188, -1.222,  0.047,  0.670], 
          [ 1.246, -1.387,  0.038,  0.653]
        ]
    },
    {
        "id": 2,
        "keypoints3d": [
          [-1.176, -1.133,  1.494,  0.884], 
          [-1.256, -1.278,  1.344,  0.869], 
          [-1.102, -1.335,  1.345,  0.869], 
          [-1.092, -1.413,  1.079,  0.796], 
          [-1.171, -1.433,  0.863,  0.690], 
          [-1.409, -1.220,  1.342,  0.832], 
          [-1.456, -1.293,  1.079,  0.747], 
          [-1.380, -1.390,  0.855,  0.705], 
          [-1.246, -1.285,  0.822,  0.746], 
          [-1.148, -1.312,  0.823,  0.737], 
          [-1.090, -1.279,  0.463,  0.827], 
          [-1.097, -1.358,  0.093,  0.769], 
          [-1.337, -1.259,  0.818,  0.729], 
          [-1.325, -1.285,  0.430,  0.772], 
          [-1.304, -1.331,  0.087,  0.734], 
          [-1.157, -1.153,  1.516,  0.839], 
          [-1.209, -1.135,  1.523,  0.834], 
          [-1.157, -1.264,  1.529,  0.782], 
          [-1.300, -1.165,  1.532,  0.887], 
          [-1.243, -1.178,  0.032,  0.737], 
          [-1.300, -1.200,  0.035,  0.746], 
          [-1.294, -1.371,  0.039,  0.661], 
          [-0.976, -1.238,  0.068,  0.758], 
          [-0.963, -1.291,  0.068,  0.736], 
          [-1.124, -1.391,  0.029,  0.726]
        ]
    },
    {
        "id": 4,
        "keypoints3d": [
          [ 1.042,  1.185,  1.611,  0.848], 
          [ 1.198,  1.190,  1.414,  0.883], 
          [ 1.223,  1.351,  1.417,  0.849], 
          [ 1.271,  1.403,  1.148,  0.762], 
          [ 1.235,  1.426,  0.899,  0.775], 
          [ 1.173,  1.037,  1.422,  0.864], 
          [ 1.168,  0.995,  1.154,  0.830], 
          [ 1.090,  1.056,  0.920,  0.837], 
          [ 1.173,  1.201,  0.875,  0.751], 
          [ 1.200,  1.294,  0.870,  0.744], 
          [ 1.196,  1.274,  0.476,  0.848], 
          [ 1.251,  1.245,  0.085,  0.830], 
          [ 1.161,  1.096,  0.886,  0.750], 
          [ 1.130,  1.049,  0.512,  0.850], 
          [ 1.207,  1.016,  0.108,  0.862], 
          [ 1.059,  1.226,  1.649,  0.885], 
          [ 1.052,  1.161,  1.648,  0.777], 
          [ 1.155,  1.260,  1.637,  0.767], 
          [ 1.128,  1.123,  1.635,  0.782], 
          [ 1.047,  1.032,  0.060,  0.765], 
          [ 1.090,  0.974,  0.046,  0.792], 
          [ 1.248,  1.030,  0.058,  0.757], 
          [ 1.093,  1.253,  0.029,  0.733], 
          [ 1.123,  1.298,  0.031,  0.699], 
          [ 1.294,  1.231,  0.033,  0.673]
        ]
    },
    {
        "id": 6,
        "keypoints3d": [
          [-0.365,  0.043,  1.005,  0.858], 
          [-0.393,  0.116,  0.777,  0.782], 
          [-0.490, -0.008,  0.768,  0.765], 
          [-0.503, -0.102,  0.555,  0.852], 
          [-0.359, -0.209,  0.605,  0.902], 
          [-0.287,  0.219,  0.816,  0.818], 
          [-0.105,  0.326,  0.703,  0.869], 
          [ 0.033,  0.156,  0.652,  0.840], 
          [-0.160, -0.021,  0.409,  0.711], 
          [-0.232, -0.097,  0.394,  0.638], 
          [ 0.140, -0.390,  0.377,  0.836], 
          [ 0.407, -0.552,  0.194,  0.815], 
          [-0.104,  0.063,  0.428,  0.730], 
          [ 0.280, -0.143,  0.420,  0.856], 
          [ 0.580, -0.300,  0.237,  0.823], 
          [-0.411,  0.045,  1.042,  0.857], 
          [-0.374,  0.095,  1.039,  0.861], 
          [-0.464, -0.187,  1.042,  0.828], 
          [-0.377,  0.180,  0.995,  0.751], 
          [ 0.723, -0.331,  0.298,  0.711], 
          [ 0.710, -0.280,  0.281,  0.737], 
          [ 0.594, -0.314,  0.189,  0.691], 
          [ 0.536, -0.629,  0.265,  0.712], 
          [ 0.491, -0.639,  0.231,  0.670], 
          [ 0.436, -0.543,  0.152,  0.691]
        ]
    }
]
