[
    {
        "id": 0,
        "keypoints3d": [
          [ 1.036, -1.317,  1.579,  0.879], 
          [ 1.135, -1.405,  1.387,  0.862], 
          [ 1.248, -1.287,  1.390,  0.813], 
          [ 1.143, -1.168,  1.177,  0.807], 
          [ 0.973, -1.363,  1.192,  0.800], 
          [ 1.005, -1.522,  1.380,  0.819], 
          [ 0.920, -1.452,  1.142,  0.860], 
          [ 1.071, -1.259,  1.171,  0.774], 
          [ 1.091, -1.359,  0.859,  0.723], 
          [ 1.154, -1.284,  0.861,  0.714], 
          [ 1.171, -1.312,  0.470,  0.789], 
          [ 1.236, -1.352,  0.086,  0.776], 
          [ 1.021, -1.438,  0.859,  0.708], 
          [ 1.041, -1.444,  0.470,  0.702], 
          [ 1.073, -1.469,  0.104,  0.761], 
          [ 1.076, -1.295,  1.615,  0.801], 
          [ 1.020, -1.359,  1.608,  0.872], 
          [ 1.173, -1.324,  1.608,  0.836], 
          [ 1.048, -1.453,  1.587,  0.856], 
          [ 0.986, -1.361,  0.054,  0.683], 
          [ 0.966, -1.429,  0.058,  0.702], 
          [ 1.105, -1.485,  0.053,  0.677], 
          [ 1.120, -1.240,  0.050,  0.704], 
          [ 1.186, -1.231,  0.046,  0.713], 
          [ 1.248, -1.383,  0.042,  0.680]
        ]
    },
    {
        "id": 2,
        "keypoints3d": [
          [-0.927, -1.194,  1.508,  0.838], 
          [-1.005, -1.331,  1.354,  0.883], 
          [-0.862, -1.393,  1.338,  0.862], 
          [-0.897, -1.462,  1.066,  0.741], 
          [-0.968, -1.487,  0.858,  0.747], 
          [-1.159, -1.268,  1.376,  0.870], 
          [-1.219, -1.333,  1.113,  0.756], 
          [-1.180, -1.400,  0.910,  0.697], 
          [-1.044, -1.328,  0.831,  0.762], 
          [-0.953, -1.367,  0.824,  0.737], 
          [-0.970, -1.393,  0.445,  0.798], 
          [-1.006, -1.399,  0.101,  0.857], 
          [-1.135, -1.283,  0.841,  0.742], 
          [-1.179, -1.278,  0.471,  0.823], 
          [-1.275, -1.324,  0.093,  0.799], 
          [-0.895, -1.212,  1.537,  0.863], 
          [-0.959, -1.183,  1.549,  0.863], 
          [-0.874, -1.296,  1.527,  0.769], 
          [-1.030, -1.259,  1.565,  0.854], 
          [-1.236, -1.173,  0.036,  0.755], 
          [-1.289, -1.184,  0.048,  0.777], 
          [-1.294, -1.369,  0.053,  0.714], 
          [-0.885, -1.283,  0.045,  0.731], 
          [-0.873, -1.334,  0.062,  0.716], 
          [-1.035, -1.417,  0.059,  0.761]
        ]
    },
    {
        "id": 4,
        "keypoints3d": [
          [ 0.967,  0.951,  1.615,  0.807], 
          [ 1.093,  1.081,  1.418,  0.838], 
          [ 1.000,  1.209,  1.440,  0.816], 
          [ 1.025,  1.323,  1.181,  0.847], 
          [ 0.963,  1.351,  0.942,  0.820], 
          [ 1.185,  0.956,  1.404,  0.811], 
          [ 1.228,  0.931,  1.128,  0.866], 
          [ 1.192,  0.916,  0.880,  0.738], 
          [ 1.058,  1.146,  0.866,  0.721], 
          [ 0.995,  1.213,  0.877,  0.713], 
          [ 0.983,  1.220,  0.493,  0.805], 
          [ 1.028,  1.283,  0.114,  0.768], 
          [ 1.119,  1.061,  0.864,  0.705], 
          [ 1.127,  1.085,  0.489,  0.787], 
          [ 1.121,  1.121,  0.098,  0.807], 
          [ 0.965,  0.991,  1.658,  0.858], 
          [ 1.013,  0.942,  1.648,  0.804], 
          [ 0.998,  1.087,  1.651,  0.853], 
          [ 1.095,  0.975,  1.631,  0.857], 
          [ 1.039,  0.976,  0.062,  0.728], 
          [ 1.099,  0.973,  0.056,  0.723], 
          [ 1.130,  1.143,  0.082,  0.680], 
          [ 0.895,  1.165,  0.053,  0.802], 
          [ 0.893,  1.236,  0.058,  0.783], 
          [ 1.044,  1.321,  0.058,  0.735]
        ]
    },
    {
        "id": 6,
        "keypoints3d": [
          [-0.313,  0.143,  1.022,  0.867], 
          [-0.282,  0.215,  0.791,  0.842], 
          [-0.424,  0.210,  0.773,  0.800], 
          [-0.523,  0.121,  0.576,  0.700], 
          [-0.490, -0.054,  0.621,  0.849], 
          [-0.109,  0.227,  0.815,  0.765], 
          [ 0.088,  0.156,  0.713,  0.754], 
          [ 0.062, -0.045,  0.643,  0.746], 
          [-0.179, -0.089,  0.456,  0.706], 
          [-0.287, -0.101,  0.434,  0.669], 
          [-0.246, -0.482,  0.397,  0.821], 
          [-0.230, -0.813,  0.252,  0.765], 
          [-0.063, -0.085,  0.479,  0.688], 
          [ 0.043, -0.451,  0.435,  0.871], 
          [ 0.070, -0.747,  0.234,  0.729], 
          [-0.353,  0.179,  1.047,  0.801], 
          [-0.272,  0.193,  1.042,  0.862], 
          [-0.405,  0.240,  0.983,  0.851], 
          [-0.225,  0.262,  0.996,  0.894], 
          [ 0.172, -0.861,  0.266,  0.774], 
          [ 0.191, -0.820,  0.255,  0.766], 
          [ 0.069, -0.781,  0.199,  0.751], 
          [-0.182, -1.011,  0.337,  0.712], 
          [-0.232, -0.978,  0.313,  0.710], 
          [-0.222, -0.852,  0.218,  0.630]
        ]
    }
]
