[
    {
        "id": 0,
        "keypoints3d": [
          [ 1.036, -1.331,  1.583,  0.893], 
          [ 1.133, -1.411,  1.389,  0.857], 
          [ 1.249, -1.299,  1.393,  0.816], 
          [ 1.143, -1.170,  1.179,  0.824], 
          [ 0.969, -1.358,  1.188,  0.811], 
          [ 1.000, -1.524,  1.380,  0.820], 
          [ 0.911, -1.450,  1.143,  0.848], 
          [ 1.064, -1.258,  1.177,  0.757], 
          [ 1.093, -1.357,  0.860,  0.734], 
          [ 1.154, -1.286,  0.866,  0.723], 
          [ 1.170, -1.308,  0.480,  0.765], 
          [ 1.238, -1.353,  0.090,  0.795], 
          [ 1.025, -1.437,  0.862,  0.724], 
          [ 1.042, -1.437,  0.481,  0.753], 
          [ 1.077, -1.469,  0.109,  0.841], 
          [ 1.075, -1.321,  1.627,  0.873], 
          [ 1.020, -1.378,  1.616,  0.841], 
          [ 1.179, -1.310,  1.609,  0.859], 
          [ 1.061, -1.475,  1.590,  0.844], 
          [ 0.988, -1.361,  0.063,  0.648], 
          [ 0.966, -1.431,  0.062,  0.675], 
          [ 1.106, -1.488,  0.061,  0.666], 
          [ 1.127, -1.252,  0.049,  0.700], 
          [ 1.188, -1.228,  0.052,  0.722], 
          [ 1.246, -1.389,  0.050,  0.657]
        ]
    },
    {
        "id": 2,
        "keypoints3d": [
          [ 1.037,  1.190,  1.603,  0.828], 
          [ 1.198,  1.164,  1.417,  0.841], 
          [ 1.242,  1.317,  1.420,  0.814], 
          [ 1.319,  1.337,  1.154,  0.824], 
          [ 1.308,  1.344,  0.903,  0.786], 
          [ 1.147,  1.006,  1.428,  0.792], 
          [ 1.125,  0.971,  1.157,  0.855], 
          [ 1.038,  1.030,  0.923,  0.794], 
          [ 1.158,  1.163,  0.875,  0.715], 
          [ 1.194,  1.253,  0.869,  0.707], 
          [ 1.180,  1.257,  0.475,  0.793], 
          [ 1.250,  1.241,  0.081,  0.749], 
          [ 1.139,  1.064,  0.884,  0.701], 
          [ 1.159,  1.040,  0.499,  0.813], 
          [ 1.212,  1.010,  0.101,  0.850], 
          [ 1.054,  1.227,  1.640,  0.879], 
          [ 1.044,  1.164,  1.645,  0.837], 
          [ 1.136,  1.263,  1.640,  0.730], 
          [ 1.119,  1.107,  1.637,  0.830], 
          [ 1.062,  1.042,  0.059,  0.753], 
          [ 1.093,  0.983,  0.045,  0.765], 
          [ 1.258,  1.019,  0.060,  0.741], 
          [ 1.094,  1.251,  0.033,  0.726], 
          [ 1.128,  1.294,  0.028,  0.708], 
          [ 1.298,  1.233,  0.032,  0.672]
        ]
    },
    {
        "id": 4,
        "keypoints3d": [
          [-1.200, -1.125,  1.507,  0.840], 
          [-1.286, -1.269,  1.348,  0.873], 
          [-1.129, -1.322,  1.351,  0.854], 
          [-1.115, -1.396,  1.082,  0.813], 
          [-1.166, -1.428,  0.863,  0.682], 
          [-1.428, -1.212,  1.340,  0.844], 
          [-1.481, -1.290,  1.074,  0.744], 
          [-1.426, -1.356,  0.862,  0.621], 
          [-1.258, -1.274,  0.809,  0.772], 
          [-1.164, -1.308,  0.820,  0.743], 
          [-1.092, -1.275,  0.466,  0.838], 
          [-1.097, -1.363,  0.096,  0.767], 
          [-1.353, -1.248,  0.807,  0.738], 
          [-1.342, -1.283,  0.431,  0.800], 
          [-1.305, -1.335,  0.085,  0.851], 
          [-1.190, -1.135,  1.535,  0.777], 
          [-1.255, -1.115,  1.538,  0.861], 
          [-1.200, -1.244,  1.538,  0.739], 
          [-1.330, -1.165,  1.526,  0.872], 
          [-1.248, -1.179,  0.035,  0.780], 
          [-1.308, -1.195,  0.040,  0.788], 
          [-1.304, -1.370,  0.044,  0.699], 
          [-0.982, -1.244,  0.064,  0.723], 
          [-0.972, -1.296,  0.079,  0.710], 
          [-1.133, -1.389,  0.051,  0.769]
        ]
    },
    {
        "id": 6,
        "keypoints3d": [
          [-0.361,  0.010,  1.002,  0.825], 
          [-0.409,  0.061,  0.782,  0.803], 
          [-0.469, -0.077,  0.765,  0.761], 
          [-0.442, -0.163,  0.556,  0.873], 
          [-0.251, -0.261,  0.613,  0.872], 
          [-0.344,  0.195,  0.809,  0.825], 
          [-0.173,  0.343,  0.703,  0.858], 
          [ 0.003,  0.209,  0.653,  0.821], 
          [-0.132, -0.022,  0.438,  0.693], 
          [-0.159, -0.127,  0.424,  0.645], 
          [ 0.242, -0.278,  0.375,  0.808], 
          [ 0.505, -0.350,  0.107,  0.798], 
          [-0.096,  0.086,  0.451,  0.717], 
          [ 0.313, -0.028,  0.436,  0.842], 
          [ 0.626, -0.094,  0.249,  0.797], 
          [-0.405, -0.024,  1.030,  0.886], 
          [-0.379,  0.044,  1.037,  0.790], 
          [-0.481, -0.158,  1.013,  0.808], 
          [-0.408,  0.135,  0.996,  0.758], 
          [ 0.785, -0.127,  0.322,  0.726], 
          [ 0.770, -0.086,  0.306,  0.710], 
          [ 0.651, -0.113,  0.203,  0.667], 
          [ 0.631, -0.365,  0.156,  0.756], 
          [ 0.606, -0.414,  0.143,  0.733], 
          [ 0.515, -0.347,  0.071,  0.646]
        ]
    }
]
