[
    {
        "id": 0,
        "keypoints3d": [
          [ 1.037, -1.318,  1.578,  0.875], 
          [ 1.136, -1.405,  1.387,  0.863], 
          [ 1.249, -1.290,  1.390,  0.810], 
          [ 1.146, -1.167,  1.177,  0.797], 
          [ 0.977, -1.362,  1.189,  0.804], 
          [ 1.004, -1.523,  1.379,  0.819], 
          [ 0.919, -1.453,  1.144,  0.860], 
          [ 1.070, -1.258,  1.172,  0.763], 
          [ 1.095, -1.360,  0.862,  0.731], 
          [ 1.155, -1.285,  0.864,  0.720], 
          [ 1.177, -1.310,  0.480,  0.759], 
          [ 1.240, -1.352,  0.091,  0.758], 
          [ 1.024, -1.435,  0.862,  0.715], 
          [ 1.042, -1.440,  0.481,  0.725], 
          [ 1.070, -1.472,  0.105,  0.766], 
          [ 1.074, -1.292,  1.616,  0.802], 
          [ 1.017, -1.360,  1.608,  0.872], 
          [ 1.173, -1.324,  1.608,  0.837], 
          [ 1.048, -1.453,  1.585,  0.862], 
          [ 0.980, -1.364,  0.059,  0.689], 
          [ 0.962, -1.430,  0.056,  0.706], 
          [ 1.106, -1.482,  0.053,  0.683], 
          [ 1.122, -1.228,  0.052,  0.720], 
          [ 1.184, -1.223,  0.047,  0.723], 
          [ 1.250, -1.383,  0.042,  0.619]
        ]
    },
    {
        "id": 2,
        "keypoints3d": [
          [-0.978, -1.184,  1.513,  0.879], 
          [-1.061, -1.324,  1.355,  0.891], 
          [-0.916, -1.395,  1.336,  0.837], 
          [-0.940, -1.447,  1.072,  0.798], 
          [-0.973, -1.471,  0.887,  0.666], 
          [-1.202, -1.243,  1.369,  0.861], 
          [-1.278, -1.291,  1.116,  0.804], 
          [-1.241, -1.361,  0.916,  0.731], 
          [-1.076, -1.314,  0.833,  0.767], 
          [-0.989, -1.360,  0.827,  0.757], 
          [-0.997, -1.384,  0.445,  0.809], 
          [-1.012, -1.395,  0.102,  0.841], 
          [-1.166, -1.272,  0.845,  0.746], 
          [-1.200, -1.287,  0.467,  0.828], 
          [-1.282, -1.337,  0.085,  0.806], 
          [-0.946, -1.213,  1.540,  0.770], 
          [-1.009, -1.193,  1.558,  0.867], 
          [-0.923, -1.302,  1.531,  0.778], 
          [-1.084, -1.236,  1.568,  0.859], 
          [-1.239, -1.169,  0.037,  0.764], 
          [-1.295, -1.188,  0.043,  0.775], 
          [-1.295, -1.385,  0.038,  0.652], 
          [-0.892, -1.286,  0.058,  0.660], 
          [-0.876, -1.325,  0.070,  0.673], 
          [-1.038, -1.416,  0.053,  0.756]
        ]
    },
    {
        "id": 4,
        "keypoints3d": [
          [ 0.990,  0.997,  1.620,  0.890], 
          [ 1.125,  1.097,  1.412,  0.851], 
          [ 1.062,  1.248,  1.433,  0.785], 
          [ 1.082,  1.339,  1.177,  0.755], 
          [ 1.050,  1.385,  0.933,  0.854], 
          [ 1.187,  0.955,  1.401,  0.808], 
          [ 1.229,  0.921,  1.127,  0.812], 
          [ 1.206,  0.925,  0.880,  0.803], 
          [ 1.095,  1.151,  0.860,  0.720], 
          [ 1.054,  1.247,  0.870,  0.692], 
          [ 1.067,  1.227,  0.488,  0.852], 
          [ 1.172,  1.254,  0.122,  0.787], 
          [ 1.135,  1.064,  0.856,  0.703], 
          [ 1.143,  1.083,  0.490,  0.825], 
          [ 1.147,  1.144,  0.104,  0.775], 
          [ 0.993,  1.019,  1.657,  0.804], 
          [ 1.026,  0.972,  1.648,  0.683], 
          [ 1.035,  1.104,  1.649,  0.827], 
          [ 1.121,  0.987,  1.630,  0.832], 
          [ 1.055,  1.033,  0.018,  0.781], 
          [ 1.108,  1.016,  0.018,  0.776], 
          [ 1.169,  1.162,  0.071,  0.695], 
          [ 0.994,  1.200,  0.090,  0.757], 
          [ 1.010,  1.259,  0.089,  0.748], 
          [ 1.205,  1.255,  0.076,  0.615]
        ]
    },
    {
        "id": 6,
        "keypoints3d": [
          [-0.332,  0.127,  1.012,  0.862], 
          [-0.312,  0.199,  0.790,  0.844], 
          [-0.462,  0.161,  0.775,  0.807], 
          [-0.543,  0.070,  0.573,  0.747], 
          [-0.475, -0.112,  0.622,  0.866], 
          [-0.165,  0.238,  0.808,  0.782], 
          [ 0.054,  0.202,  0.719,  0.733], 
          [ 0.063, -0.011,  0.662,  0.821], 
          [-0.171, -0.088,  0.459,  0.730], 
          [-0.259, -0.124,  0.451,  0.696], 
          [-0.134, -0.502,  0.394,  0.858], 
          [-0.086, -0.812,  0.232,  0.720], 
          [-0.054, -0.076,  0.479,  0.725], 
          [ 0.095, -0.366,  0.433,  0.830], 
          [ 0.214, -0.683,  0.223,  0.729], 
          [-0.386,  0.159,  1.034,  0.854], 
          [-0.307,  0.178,  1.044,  0.806], 
          [-0.441,  0.213,  0.979,  0.869], 
          [-0.269,  0.262,  0.997,  0.892], 
          [ 0.316, -0.763,  0.258,  0.746], 
          [ 0.329, -0.724,  0.250,  0.746], 
          [ 0.162, -0.734,  0.165,  0.585], 
          [-0.037, -0.966,  0.322,  0.697], 
          [-0.072, -0.944,  0.292,  0.670], 
          [-0.070, -0.839,  0.199,  0.583]
        ]
    }
]
