[
    {
        "id": 0,
        "keypoints3d": [
          [-0.932, -1.183,  1.511,  0.882], 
          [-0.982, -1.335,  1.350,  0.883], 
          [-0.840, -1.395,  1.340,  0.854], 
          [-0.832, -1.476,  1.082,  0.763], 
          [-0.935, -1.488,  0.871,  0.724], 
          [-1.139, -1.264,  1.353,  0.853], 
          [-1.181, -1.326,  1.089,  0.774], 
          [-1.117, -1.397,  0.864,  0.619], 
          [-0.989, -1.337,  0.823,  0.760], 
          [-0.902, -1.380,  0.814,  0.760], 
          [-0.939, -1.386,  0.442,  0.784], 
          [-0.996, -1.395,  0.099,  0.828], 
          [-1.078, -1.289,  0.832,  0.765], 
          [-1.094, -1.247,  0.468,  0.803], 
          [-1.154, -1.289,  0.102,  0.822], 
          [-0.903, -1.210,  1.540,  0.807], 
          [-0.963, -1.178,  1.546,  0.882], 
          [-0.878, -1.299,  1.536,  0.804], 
          [-1.033, -1.254,  1.553,  0.886], 
          [-1.171, -1.149,  0.049,  0.693], 
          [-1.213, -1.177,  0.051,  0.736], 
          [-1.169, -1.344,  0.057,  0.740], 
          [-0.892, -1.298,  0.058,  0.735], 
          [-0.875, -1.341,  0.064,  0.723], 
          [-1.028, -1.411,  0.053,  0.720]
        ]
    },
    {
        "id": 2,
        "keypoints3d": [
          [ 1.038, -1.316,  1.579,  0.878], 
          [ 1.134, -1.407,  1.386,  0.861], 
          [ 1.250, -1.293,  1.390,  0.818], 
          [ 1.141, -1.173,  1.179,  0.854], 
          [ 0.972, -1.363,  1.191,  0.804], 
          [ 0.997, -1.519,  1.380,  0.822], 
          [ 0.914, -1.445,  1.144,  0.832], 
          [ 1.071, -1.263,  1.174,  0.770], 
          [ 1.094, -1.360,  0.856,  0.725], 
          [ 1.155, -1.281,  0.863,  0.716], 
          [ 1.179, -1.308,  0.465,  0.743], 
          [ 1.236, -1.351,  0.087,  0.737], 
          [ 1.023, -1.435,  0.861,  0.706], 
          [ 1.040, -1.440,  0.466,  0.720], 
          [ 1.067, -1.470,  0.091,  0.836], 
          [ 1.073, -1.312,  1.624,  0.818], 
          [ 1.021, -1.358,  1.606,  0.878], 
          [ 1.173, -1.323,  1.609,  0.839], 
          [ 1.047, -1.452,  1.589,  0.859], 
          [ 0.980, -1.358,  0.062,  0.710], 
          [ 0.958, -1.437,  0.059,  0.727], 
          [ 1.099, -1.488,  0.056,  0.643], 
          [ 1.113, -1.238,  0.053,  0.814], 
          [ 1.176, -1.219,  0.052,  0.807], 
          [ 1.248, -1.387,  0.037,  0.673]
        ]
    },
    {
        "id": 4,
        "keypoints3d": [
          [ 0.800,  0.964,  1.601,  0.807], 
          [ 0.887,  1.120,  1.413,  0.861], 
          [ 0.736,  1.173,  1.419,  0.818], 
          [ 0.706,  1.258,  1.152,  0.837], 
          [ 0.671,  1.245,  0.905,  0.880], 
          [ 1.041,  1.068,  1.410,  0.829], 
          [ 1.085,  1.055,  1.131,  0.859], 
          [ 1.048,  0.957,  0.906,  0.817], 
          [ 0.881,  1.127,  0.851,  0.722], 
          [ 0.777,  1.142,  0.854,  0.703], 
          [ 0.742,  1.125,  0.480,  0.767], 
          [ 0.644,  1.213,  0.110,  0.823], 
          [ 0.995,  1.105,  0.848,  0.694], 
          [ 1.037,  1.096,  0.470,  0.799], 
          [ 1.109,  1.119,  0.097,  0.821], 
          [ 0.754,  1.005,  1.642,  0.836], 
          [ 0.826,  0.970,  1.633,  0.860], 
          [ 0.777,  1.087,  1.637,  0.885], 
          [ 0.915,  1.016,  1.635,  0.833], 
          [ 1.044,  0.974,  0.050,  0.684], 
          [ 1.107,  0.982,  0.048,  0.679], 
          [ 1.118,  1.139,  0.071,  0.673], 
          [ 0.719,  1.095,  0.043,  0.694], 
          [ 0.670,  1.107,  0.033,  0.728], 
          [ 0.619,  1.247,  0.070,  0.720]
        ]
    },
    {
        "id": 6,
        "keypoints3d": [
          [-0.252,  0.176,  1.023,  0.822], 
          [-0.191,  0.227,  0.790,  0.831], 
          [-0.340,  0.294,  0.780,  0.780], 
          [-0.462,  0.275,  0.579,  0.840], 
          [-0.505,  0.075,  0.614,  0.742], 
          [-0.051,  0.160,  0.814,  0.787], 
          [ 0.112,  0.014,  0.732,  0.832], 
          [ 0.004, -0.142,  0.656,  0.838], 
          [-0.232, -0.043,  0.436,  0.687], 
          [-0.331,  0.008,  0.419,  0.630], 
          [-0.477, -0.393,  0.405,  0.713], 
          [-0.590, -0.710,  0.246,  0.725], 
          [-0.142, -0.093,  0.450,  0.677], 
          [-0.223, -0.501,  0.436,  0.785], 
          [-0.380, -0.668,  0.130,  0.773], 
          [-0.264,  0.211,  1.038,  0.872], 
          [-0.202,  0.209,  1.042,  0.873], 
          [-0.276,  0.290,  0.994,  0.838], 
          [-0.138,  0.256,  0.994,  0.839], 
          [-0.387, -0.766,  0.129,  0.526], 
          [-0.358, -0.763,  0.128,  0.552], 
          [-0.413, -0.655,  0.101,  0.562], 
          [-0.669, -0.844,  0.339,  0.612], 
          [-0.691, -0.806,  0.318,  0.650], 
          [-0.593, -0.733,  0.210,  0.642]
        ]
    }
]
