[
    {
        "id": 0,
        "keypoints3d": [
          [ 1.038, -1.314,  1.579,  0.879], 
          [ 1.136, -1.405,  1.387,  0.860], 
          [ 1.249, -1.289,  1.389,  0.817], 
          [ 1.142, -1.167,  1.178,  0.797], 
          [ 0.974, -1.363,  1.190,  0.804], 
          [ 1.000, -1.517,  1.380,  0.818], 
          [ 0.915, -1.447,  1.142,  0.849], 
          [ 1.068, -1.258,  1.172,  0.770], 
          [ 1.088, -1.360,  0.856,  0.718], 
          [ 1.151, -1.281,  0.863,  0.708], 
          [ 1.171, -1.314,  0.466,  0.792], 
          [ 1.236, -1.352,  0.086,  0.771], 
          [ 1.020, -1.436,  0.859,  0.706], 
          [ 1.037, -1.447,  0.466,  0.695], 
          [ 1.071, -1.470,  0.100,  0.769], 
          [ 1.076, -1.295,  1.616,  0.802], 
          [ 1.020, -1.359,  1.608,  0.873], 
          [ 1.173, -1.324,  1.608,  0.838], 
          [ 1.047, -1.452,  1.586,  0.856], 
          [ 0.985, -1.368,  0.052,  0.693], 
          [ 0.965, -1.437,  0.056,  0.716], 
          [ 1.104, -1.483,  0.055,  0.684], 
          [ 1.121, -1.250,  0.048,  0.710], 
          [ 1.186, -1.230,  0.043,  0.714], 
          [ 1.248, -1.383,  0.047,  0.686]
        ]
    },
    {
        "id": 2,
        "keypoints3d": [
          [ 0.930,  0.941,  1.608,  0.854], 
          [ 1.047,  1.081,  1.418,  0.857], 
          [ 0.921,  1.184,  1.440,  0.855], 
          [ 0.916,  1.293,  1.181,  0.877], 
          [ 0.864,  1.291,  0.934,  0.873], 
          [ 1.161,  0.969,  1.404,  0.829], 
          [ 1.209,  0.961,  1.114,  0.823], 
          [ 1.114,  0.907,  0.896,  0.838], 
          [ 1.007,  1.126,  0.869,  0.729], 
          [ 0.919,  1.178,  0.883,  0.720], 
          [ 0.872,  1.171,  0.505,  0.751], 
          [ 0.839,  1.238,  0.105,  0.860], 
          [ 1.094,  1.076,  0.860,  0.708], 
          [ 1.120,  1.108,  0.475,  0.796], 
          [ 1.117,  1.112,  0.092,  0.793], 
          [ 0.914,  0.968,  1.646,  0.852], 
          [ 0.974,  0.935,  1.637,  0.818], 
          [ 0.946,  1.067,  1.644,  0.875], 
          [ 1.074,  0.963,  1.635,  0.715], 
          [ 1.047,  0.967,  0.047,  0.688], 
          [ 1.110,  0.974,  0.043,  0.687], 
          [ 1.119,  1.156,  0.055,  0.617], 
          [ 0.742,  1.099,  0.047,  0.746], 
          [ 0.720,  1.162,  0.049,  0.752], 
          [ 0.869,  1.271,  0.052,  0.755]
        ]
    },
    {
        "id": 4,
        "keypoints3d": [
          [-0.915, -1.194,  1.507,  0.860], 
          [-0.980, -1.337,  1.358,  0.892], 
          [-0.836, -1.393,  1.344,  0.865], 
          [-0.848, -1.467,  1.072,  0.767], 
          [-0.925, -1.499,  0.891,  0.713], 
          [-1.130, -1.275,  1.375,  0.862], 
          [-1.200, -1.344,  1.123,  0.754], 
          [-1.145, -1.440,  0.914,  0.666], 
          [-1.018, -1.341,  0.830,  0.759], 
          [-0.920, -1.375,  0.824,  0.745], 
          [-0.958, -1.396,  0.445,  0.791], 
          [-1.005, -1.400,  0.098,  0.807], 
          [-1.105, -1.302,  0.841,  0.752], 
          [-1.151, -1.278,  0.474,  0.796], 
          [-1.229, -1.310,  0.091,  0.797], 
          [-0.882, -1.207,  1.536,  0.868], 
          [-0.943, -1.185,  1.547,  0.851], 
          [-0.854, -1.294,  1.529,  0.675], 
          [-1.008, -1.255,  1.553,  0.734], 
          [-1.197, -1.154,  0.038,  0.759], 
          [-1.246, -1.177,  0.043,  0.777], 
          [-1.242, -1.348,  0.048,  0.731], 
          [-0.906, -1.283,  0.050,  0.734], 
          [-0.880, -1.343,  0.064,  0.725], 
          [-1.031, -1.418,  0.057,  0.722]
        ]
    },
    {
        "id": 6,
        "keypoints3d": [
          [-0.283,  0.156,  1.021,  0.876], 
          [-0.236,  0.226,  0.785,  0.827], 
          [-0.395,  0.240,  0.774,  0.805], 
          [-0.514,  0.185,  0.577,  0.782], 
          [-0.494, -0.010,  0.611,  0.717], 
          [-0.084,  0.224,  0.816,  0.780], 
          [ 0.098,  0.107,  0.721,  0.832], 
          [ 0.044, -0.092,  0.659,  0.841], 
          [-0.193, -0.048,  0.418,  0.722], 
          [-0.298, -0.040,  0.405,  0.680], 
          [-0.345, -0.469,  0.399,  0.811], 
          [-0.395, -0.824,  0.244,  0.810], 
          [-0.095, -0.061,  0.433,  0.683], 
          [-0.070, -0.487,  0.433,  0.696], 
          [-0.080, -0.773,  0.208,  0.765], 
          [-0.325,  0.200,  1.046,  0.754], 
          [-0.256,  0.195,  1.041,  0.914], 
          [-0.369,  0.268,  0.987,  0.857], 
          [-0.197,  0.256,  0.998,  0.887], 
          [-0.027, -0.909,  0.237,  0.632], 
          [-0.003, -0.879,  0.217,  0.653], 
          [-0.090, -0.792,  0.170,  0.626], 
          [-0.346, -0.991,  0.309,  0.641], 
          [-0.392, -0.952,  0.301,  0.673], 
          [-0.377, -0.851,  0.207,  0.628]
        ]
    }
]
