[
    {
        "id": 0,
        "keypoints3d": [
          [-0.932, -1.183,  1.511,  0.881], 
          [-0.982, -1.335,  1.350,  0.887], 
          [-0.837, -1.395,  1.341,  0.857], 
          [-0.829, -1.477,  1.084,  0.764], 
          [-0.918, -1.493,  0.881,  0.770], 
          [-1.140, -1.266,  1.354,  0.855], 
          [-1.180, -1.330,  1.091,  0.771], 
          [-1.118, -1.407,  0.873,  0.605], 
          [-0.989, -1.339,  0.824,  0.760], 
          [-0.901, -1.380,  0.815,  0.762], 
          [-0.939, -1.387,  0.442,  0.785], 
          [-0.996, -1.395,  0.097,  0.829], 
          [-1.077, -1.290,  0.835,  0.765], 
          [-1.096, -1.249,  0.469,  0.802], 
          [-1.154, -1.289,  0.102,  0.822], 
          [-0.900, -1.210,  1.540,  0.808], 
          [-0.960, -1.179,  1.546,  0.885], 
          [-0.876, -1.299,  1.536,  0.801], 
          [-1.033, -1.254,  1.553,  0.883], 
          [-1.172, -1.152,  0.050,  0.699], 
          [-1.213, -1.178,  0.051,  0.746], 
          [-1.170, -1.344,  0.053,  0.742], 
          [-0.892, -1.297,  0.055,  0.741], 
          [-0.877, -1.344,  0.064,  0.726], 
          [-1.034, -1.413,  0.053,  0.723]
        ]
    },
    {
        "id": 2,
        "keypoints3d": [
          [ 1.038, -1.316,  1.579,  0.878], 
          [ 1.134, -1.407,  1.386,  0.861], 
          [ 1.250, -1.293,  1.390,  0.818], 
          [ 1.141, -1.173,  1.179,  0.855], 
          [ 0.972, -1.363,  1.193,  0.804], 
          [ 0.997, -1.519,  1.380,  0.822], 
          [ 0.914, -1.445,  1.144,  0.832], 
          [ 1.071, -1.263,  1.174,  0.769], 
          [ 1.094, -1.360,  0.856,  0.726], 
          [ 1.155, -1.281,  0.863,  0.716], 
          [ 1.176, -1.309,  0.465,  0.744], 
          [ 1.236, -1.351,  0.087,  0.738], 
          [ 1.023, -1.435,  0.861,  0.706], 
          [ 1.040, -1.440,  0.466,  0.721], 
          [ 1.067, -1.470,  0.091,  0.837], 
          [ 1.073, -1.312,  1.624,  0.818], 
          [ 1.021, -1.358,  1.606,  0.879], 
          [ 1.173, -1.323,  1.609,  0.839], 
          [ 1.047, -1.452,  1.589,  0.859], 
          [ 0.980, -1.358,  0.062,  0.710], 
          [ 0.958, -1.437,  0.059,  0.727], 
          [ 1.099, -1.488,  0.056,  0.642], 
          [ 1.113, -1.238,  0.053,  0.814], 
          [ 1.176, -1.219,  0.052,  0.806], 
          [ 1.249, -1.386,  0.040,  0.674]
        ]
    },
    {
        "id": 4,
        "keypoints3d": [
          [ 0.801,  0.964,  1.602,  0.825], 
          [ 0.890,  1.121,  1.414,  0.864], 
          [ 0.743,  1.177,  1.422,  0.820], 
          [ 0.715,  1.258,  1.159,  0.842], 
          [ 0.683,  1.250,  0.910,  0.870], 
          [ 1.043,  1.065,  1.413,  0.828], 
          [ 1.085,  1.045,  1.133,  0.856], 
          [ 1.048,  0.953,  0.906,  0.822], 
          [ 0.888,  1.125,  0.858,  0.728], 
          [ 0.784,  1.142,  0.863,  0.710], 
          [ 0.746,  1.125,  0.482,  0.763], 
          [ 0.644,  1.217,  0.108,  0.818], 
          [ 0.998,  1.100,  0.851,  0.704], 
          [ 1.040,  1.097,  0.472,  0.793], 
          [ 1.110,  1.119,  0.097,  0.824], 
          [ 0.757,  1.006,  1.643,  0.841], 
          [ 0.826,  0.970,  1.634,  0.852], 
          [ 0.785,  1.090,  1.639,  0.878], 
          [ 0.915,  1.016,  1.635,  0.833], 
          [ 1.042,  0.973,  0.050,  0.689], 
          [ 1.107,  0.982,  0.048,  0.685], 
          [ 1.117,  1.139,  0.068,  0.681], 
          [ 0.723,  1.089,  0.049,  0.678], 
          [ 0.672,  1.106,  0.037,  0.708], 
          [ 0.621,  1.250,  0.070,  0.708]
        ]
    },
    {
        "id": 6,
        "keypoints3d": [
          [-0.253,  0.172,  1.023,  0.818], 
          [-0.190,  0.231,  0.790,  0.833], 
          [-0.341,  0.292,  0.780,  0.783], 
          [-0.464,  0.270,  0.578,  0.842], 
          [-0.506,  0.070,  0.615,  0.738], 
          [-0.050,  0.169,  0.811,  0.761], 
          [ 0.115,  0.022,  0.731,  0.826], 
          [ 0.006, -0.137,  0.655,  0.834], 
          [-0.232, -0.038,  0.433,  0.681], 
          [-0.330,  0.015,  0.415,  0.627], 
          [-0.475, -0.391,  0.406,  0.713], 
          [-0.582, -0.703,  0.248,  0.730], 
          [-0.138, -0.084,  0.448,  0.673], 
          [-0.219, -0.497,  0.436,  0.773], 
          [-0.370, -0.672,  0.145,  0.773], 
          [-0.264,  0.212,  1.038,  0.866], 
          [-0.202,  0.209,  1.042,  0.873], 
          [-0.278,  0.283,  0.994,  0.848], 
          [-0.138,  0.256,  0.994,  0.839], 
          [-0.387, -0.766,  0.129,  0.526], 
          [-0.358, -0.763,  0.128,  0.552], 
          [-0.404, -0.660,  0.114,  0.558], 
          [-0.666, -0.838,  0.337,  0.610], 
          [-0.688, -0.800,  0.316,  0.647], 
          [-0.587, -0.725,  0.209,  0.640]
        ]
    }
]
