[
    {
        "id": 0,
        "keypoints3d": [
          [-0.945, -1.170,  1.510,  0.885], 
          [-0.998, -1.322,  1.346,  0.879], 
          [-0.859, -1.389,  1.341,  0.873], 
          [-0.850, -1.468,  1.086,  0.832], 
          [-0.912, -1.486,  0.871,  0.705], 
          [-1.151, -1.258,  1.348,  0.852], 
          [-1.184, -1.323,  1.090,  0.772], 
          [-1.108, -1.434,  0.873,  0.803], 
          [-0.988, -1.325,  0.825,  0.757], 
          [-0.904, -1.377,  0.818,  0.753], 
          [-0.928, -1.383,  0.449,  0.778], 
          [-0.988, -1.399,  0.106,  0.823], 
          [-1.070, -1.285,  0.829,  0.751], 
          [-1.086, -1.239,  0.475,  0.825], 
          [-1.196, -1.291,  0.097,  0.845], 
          [-0.914, -1.204,  1.541,  0.808], 
          [-0.979, -1.178,  1.546,  0.870], 
          [-0.902, -1.292,  1.533,  0.724], 
          [-1.056, -1.246,  1.550,  0.844], 
          [-1.189, -1.138,  0.040,  0.741], 
          [-1.235, -1.163,  0.047,  0.776], 
          [-1.208, -1.329,  0.055,  0.746], 
          [-0.910, -1.292,  0.057,  0.734], 
          [-0.880, -1.340,  0.070,  0.710], 
          [-1.022, -1.416,  0.073,  0.690]
        ]
    },
    {
        "id": 2,
        "keypoints3d": [
          [ 1.037, -1.318,  1.579,  0.878], 
          [ 1.134, -1.407,  1.387,  0.863], 
          [ 1.250, -1.294,  1.391,  0.820], 
          [ 1.144, -1.171,  1.179,  0.795], 
          [ 0.971, -1.362,  1.189,  0.805], 
          [ 0.995, -1.518,  1.380,  0.821], 
          [ 0.912, -1.444,  1.146,  0.888], 
          [ 1.071, -1.259,  1.174,  0.775], 
          [ 1.090, -1.359,  0.855,  0.728], 
          [ 1.154, -1.281,  0.862,  0.717], 
          [ 1.179, -1.308,  0.472,  0.745], 
          [ 1.231, -1.355,  0.076,  0.758], 
          [ 1.022, -1.434,  0.862,  0.710], 
          [ 1.037, -1.439,  0.474,  0.721], 
          [ 1.068, -1.465,  0.098,  0.842], 
          [ 1.075, -1.294,  1.614,  0.807], 
          [ 1.018, -1.358,  1.606,  0.871], 
          [ 1.174, -1.318,  1.606,  0.901], 
          [ 1.049, -1.457,  1.587,  0.860], 
          [ 0.972, -1.371,  0.058,  0.671], 
          [ 0.951, -1.438,  0.058,  0.686], 
          [ 1.099, -1.485,  0.054,  0.665], 
          [ 1.113, -1.238,  0.053,  0.811], 
          [ 1.176, -1.218,  0.052,  0.800], 
          [ 1.246, -1.391,  0.036,  0.623]
        ]
    },
    {
        "id": 4,
        "keypoints3d": [
          [ 0.702,  0.981,  1.606,  0.845], 
          [ 0.778,  1.143,  1.419,  0.851], 
          [ 0.619,  1.162,  1.414,  0.840], 
          [ 0.571,  1.233,  1.138,  0.840], 
          [ 0.545,  1.203,  0.888,  0.854], 
          [ 0.942,  1.123,  1.420,  0.832], 
          [ 1.007,  1.140,  1.162,  0.808], 
          [ 1.008,  1.069,  0.922,  0.778], 
          [ 0.796,  1.129,  0.855,  0.719], 
          [ 0.697,  1.134,  0.856,  0.719], 
          [ 0.686,  1.131,  0.475,  0.752], 
          [ 0.630,  1.208,  0.101,  0.814], 
          [ 0.898,  1.129,  0.859,  0.694], 
          [ 0.985,  1.108,  0.493,  0.742], 
          [ 1.065,  1.149,  0.108,  0.809], 
          [ 0.676,  1.008,  1.646,  0.821], 
          [ 0.744,  1.001,  1.644,  0.891], 
          [ 0.656,  1.095,  1.637,  0.747], 
          [ 0.821,  1.057,  1.641,  0.892], 
          [ 1.036,  1.008,  0.043,  0.597], 
          [ 1.102,  1.019,  0.051,  0.598], 
          [ 1.077,  1.181,  0.064,  0.720], 
          [ 0.713,  1.100,  0.044,  0.704], 
          [ 0.661,  1.110,  0.033,  0.712], 
          [ 0.611,  1.240,  0.061,  0.707]
        ]
    },
    {
        "id": 6,
        "keypoints3d": [
          [-0.213,  0.199,  1.024,  0.826], 
          [-0.161,  0.234,  0.793,  0.817], 
          [-0.288,  0.322,  0.777,  0.790], 
          [-0.405,  0.316,  0.571,  0.766], 
          [-0.493,  0.144,  0.613,  0.789], 
          [-0.037,  0.145,  0.827,  0.784], 
          [ 0.113, -0.041,  0.729,  0.819], 
          [-0.030, -0.185,  0.655,  0.800], 
          [-0.251, -0.030,  0.442,  0.700], 
          [-0.343,  0.037,  0.433,  0.652], 
          [-0.557, -0.305,  0.467,  0.823], 
          [-0.754, -0.640,  0.361,  0.667], 
          [-0.166, -0.091,  0.458,  0.716], 
          [-0.319, -0.472,  0.438,  0.756], 
          [-0.518, -0.584,  0.130,  0.744], 
          [-0.224,  0.233,  1.035,  0.867], 
          [-0.170,  0.199,  1.042,  0.716], 
          [-0.213,  0.318,  0.984,  0.880], 
          [-0.082,  0.242,  0.995,  0.746], 
          [-0.549, -0.713,  0.112,  0.656], 
          [-0.505, -0.694,  0.111,  0.677], 
          [-0.556, -0.578,  0.088,  0.619], 
          [-0.820, -0.741,  0.506,  0.625], 
          [-0.821, -0.713,  0.479,  0.643], 
          [-0.767, -0.668,  0.322,  0.574]
        ]
    }
]
