[
    {
        "id": 0,
        "keypoints3d": [
          [-1.033, -1.179,  1.514,  0.804], 
          [-1.105, -1.314,  1.354,  0.875], 
          [-0.971, -1.379,  1.347,  0.858], 
          [-0.990, -1.436,  1.068,  0.750], 
          [-1.056, -1.447,  0.857,  0.722], 
          [-1.255, -1.229,  1.365,  0.856], 
          [-1.315, -1.276,  1.110,  0.751], 
          [-1.278, -1.376,  0.900,  0.609], 
          [-1.119, -1.298,  0.833,  0.752], 
          [-1.027, -1.340,  0.829,  0.750], 
          [-1.025, -1.374,  0.443,  0.820], 
          [-1.020, -1.398,  0.096,  0.822], 
          [-1.215, -1.260,  0.842,  0.739], 
          [-1.235, -1.301,  0.453,  0.813], 
          [-1.289, -1.334,  0.084,  0.782], 
          [-0.999, -1.205,  1.543,  0.771], 
          [-1.057, -1.168,  1.562,  0.889], 
          [-1.009, -1.291,  1.534,  0.749], 
          [-1.134, -1.210,  1.560,  0.834], 
          [-1.241, -1.176,  0.035,  0.753], 
          [-1.301, -1.189,  0.043,  0.763], 
          [-1.300, -1.375,  0.037,  0.702], 
          [-0.890, -1.278,  0.065,  0.776], 
          [-0.874, -1.318,  0.075,  0.711], 
          [-1.041, -1.416,  0.048,  0.743]
        ]
    },
    {
        "id": 2,
        "keypoints3d": [
          [ 1.037, -1.319,  1.578,  0.878], 
          [ 1.136, -1.405,  1.387,  0.863], 
          [ 1.250, -1.289,  1.391,  0.810], 
          [ 1.134, -1.166,  1.180,  0.859], 
          [ 0.974, -1.363,  1.191,  0.803], 
          [ 1.004, -1.521,  1.379,  0.819], 
          [ 0.919, -1.452,  1.145,  0.855], 
          [ 1.068, -1.259,  1.174,  0.764], 
          [ 1.093, -1.363,  0.861,  0.734], 
          [ 1.157, -1.287,  0.867,  0.716], 
          [ 1.174, -1.308,  0.480,  0.747], 
          [ 1.237, -1.354,  0.090,  0.745], 
          [ 1.023, -1.438,  0.861,  0.721], 
          [ 1.041, -1.445,  0.479,  0.728], 
          [ 1.071, -1.470,  0.103,  0.753], 
          [ 1.074, -1.312,  1.625,  0.826], 
          [ 1.015, -1.360,  1.608,  0.870], 
          [ 1.175, -1.323,  1.605,  0.907], 
          [ 1.046, -1.454,  1.585,  0.860], 
          [ 0.974, -1.360,  0.058,  0.686], 
          [ 0.962, -1.427,  0.054,  0.701], 
          [ 1.102, -1.482,  0.056,  0.679], 
          [ 1.118, -1.229,  0.052,  0.704], 
          [ 1.184, -1.223,  0.045,  0.711], 
          [ 1.248, -1.384,  0.042,  0.672]
        ]
    },
    {
        "id": 4,
        "keypoints3d": [
          [ 1.004,  1.039,  1.611,  0.803], 
          [ 1.162,  1.128,  1.411,  0.873], 
          [ 1.122,  1.292,  1.426,  0.847], 
          [ 1.147,  1.366,  1.163,  0.811], 
          [ 1.102,  1.381,  0.918,  0.829], 
          [ 1.199,  0.978,  1.403,  0.833], 
          [ 1.220,  0.933,  1.126,  0.855], 
          [ 1.143,  0.919,  0.888,  0.875], 
          [ 1.139,  1.157,  0.861,  0.727], 
          [ 1.118,  1.248,  0.861,  0.710], 
          [ 1.140,  1.238,  0.477,  0.822], 
          [ 1.240,  1.254,  0.108,  0.730], 
          [ 1.156,  1.064,  0.865,  0.695], 
          [ 1.139,  1.076,  0.495,  0.808], 
          [ 1.130,  1.100,  0.115,  0.770], 
          [ 1.006,  1.081,  1.648,  0.824], 
          [ 1.051,  1.022,  1.642,  0.812], 
          [ 1.067,  1.162,  1.647,  0.812], 
          [ 1.155,  1.034,  1.634,  0.859], 
          [ 1.040,  0.968,  0.043,  0.718], 
          [ 1.086,  0.969,  0.037,  0.763], 
          [ 1.145,  1.126,  0.078,  0.717], 
          [ 1.130,  1.212,  0.001,  0.639], 
          [ 1.155,  1.264,  0.009,  0.710], 
          [ 1.290,  1.259,  0.047,  0.690]
        ]
    },
    {
        "id": 6,
        "keypoints3d": [
          [-0.349,  0.111,  1.013,  0.912], 
          [-0.346,  0.180,  0.791,  0.866], 
          [-0.489,  0.110,  0.780,  0.838], 
          [-0.535,  0.019,  0.574,  0.737], 
          [-0.453, -0.130,  0.619,  0.834], 
          [-0.197,  0.239,  0.796,  0.807], 
          [ 0.035,  0.239,  0.718,  0.827], 
          [ 0.077,  0.046,  0.651,  0.882], 
          [-0.156, -0.092,  0.455,  0.701], 
          [-0.252, -0.140,  0.452,  0.710], 
          [-0.063, -0.495,  0.383,  0.683], 
          [ 0.070, -0.798,  0.221,  0.774], 
          [-0.053, -0.045,  0.462,  0.708], 
          [ 0.171, -0.318,  0.428,  0.804], 
          [ 0.315, -0.589,  0.215,  0.661], 
          [-0.397,  0.130,  1.032,  0.677], 
          [-0.329,  0.146,  1.048,  0.776], 
          [-0.459,  0.177,  0.973,  0.842], 
          [-0.314,  0.234,  0.994,  0.813], 
          [ 0.462, -0.672,  0.264,  0.632], 
          [ 0.461, -0.638,  0.241,  0.650], 
          [ 0.339, -0.638,  0.180,  0.613], 
          [ 0.123, -0.910,  0.296,  0.657], 
          [ 0.080, -0.907,  0.280,  0.651], 
          [ 0.085, -0.815,  0.191,  0.647]
        ]
    }
]
