[
    {
        "id": 0,
        "keypoints3d": [
          [ 1.037, -1.317,  1.578,  0.876], 
          [ 1.136, -1.405,  1.387,  0.862], 
          [ 1.249, -1.290,  1.390,  0.811], 
          [ 1.145, -1.166,  1.178,  0.789], 
          [ 0.976, -1.362,  1.189,  0.801], 
          [ 1.004, -1.523,  1.379,  0.818], 
          [ 0.919, -1.453,  1.144,  0.857], 
          [ 1.071, -1.258,  1.172,  0.765], 
          [ 1.093, -1.362,  0.861,  0.730], 
          [ 1.155, -1.285,  0.863,  0.719], 
          [ 1.173, -1.313,  0.476,  0.748], 
          [ 1.237, -1.354,  0.088,  0.733], 
          [ 1.022, -1.437,  0.861,  0.713], 
          [ 1.041, -1.442,  0.480,  0.718], 
          [ 1.069, -1.473,  0.105,  0.763], 
          [ 1.074, -1.291,  1.616,  0.803], 
          [ 1.020, -1.359,  1.608,  0.871], 
          [ 1.173, -1.324,  1.608,  0.836], 
          [ 1.048, -1.453,  1.585,  0.860], 
          [ 0.980, -1.365,  0.059,  0.686], 
          [ 0.962, -1.431,  0.055,  0.707], 
          [ 1.106, -1.482,  0.053,  0.682], 
          [ 1.122, -1.228,  0.052,  0.719], 
          [ 1.186, -1.227,  0.046,  0.721], 
          [ 1.248, -1.383,  0.039,  0.684]
        ]
    },
    {
        "id": 2,
        "keypoints3d": [
          [ 0.987,  0.994,  1.620,  0.888], 
          [ 1.118,  1.093,  1.413,  0.856], 
          [ 1.044,  1.235,  1.431,  0.791], 
          [ 1.076,  1.343,  1.178,  0.767], 
          [ 1.040,  1.385,  0.934,  0.841], 
          [ 1.190,  0.953,  1.403,  0.814], 
          [ 1.230,  0.921,  1.130,  0.799], 
          [ 1.201,  0.930,  0.878,  0.793], 
          [ 1.091,  1.150,  0.861,  0.730], 
          [ 1.044,  1.237,  0.870,  0.690], 
          [ 1.063,  1.221,  0.485,  0.851], 
          [ 1.180,  1.269,  0.106,  0.776], 
          [ 1.129,  1.061,  0.856,  0.709], 
          [ 1.139,  1.080,  0.490,  0.816], 
          [ 1.120,  1.117,  0.111,  0.776], 
          [ 0.989,  1.012,  1.658,  0.800], 
          [ 1.021,  0.967,  1.646,  0.722], 
          [ 1.024,  1.102,  1.648,  0.850], 
          [ 1.115,  0.982,  1.632,  0.861], 
          [ 1.029,  0.972,  0.060,  0.799], 
          [ 1.088,  0.962,  0.050,  0.806], 
          [ 1.139,  1.135,  0.082,  0.687], 
          [ 1.039,  1.222,  0.022,  0.778], 
          [ 1.061,  1.279,  0.027,  0.780], 
          [ 1.227,  1.288,  0.065,  0.672]
        ]
    },
    {
        "id": 4,
        "keypoints3d": [
          [-0.965, -1.186,  1.508,  0.853], 
          [-1.057, -1.327,  1.355,  0.892], 
          [-0.903, -1.399,  1.332,  0.839], 
          [-0.934, -1.446,  1.068,  0.776], 
          [-1.007, -1.473,  0.867,  0.688], 
          [-1.195, -1.247,  1.368,  0.859], 
          [-1.272, -1.297,  1.117,  0.789], 
          [-1.236, -1.372,  0.920,  0.709], 
          [-1.071, -1.315,  0.833,  0.760], 
          [-0.984, -1.359,  0.826,  0.749], 
          [-0.997, -1.386,  0.439,  0.814], 
          [-1.014, -1.396,  0.097,  0.848], 
          [-1.162, -1.278,  0.844,  0.748], 
          [-1.197, -1.286,  0.469,  0.833], 
          [-1.279, -1.337,  0.086,  0.809], 
          [-0.939, -1.210,  1.533,  0.778], 
          [-1.001, -1.200,  1.551,  0.876], 
          [-0.917, -1.305,  1.531,  0.797], 
          [-1.076, -1.244,  1.566,  0.862], 
          [-1.239, -1.167,  0.037,  0.773], 
          [-1.293, -1.188,  0.048,  0.777], 
          [-1.294, -1.384,  0.039,  0.669], 
          [-0.888, -1.284,  0.059,  0.663], 
          [-0.877, -1.323,  0.071,  0.666], 
          [-1.042, -1.417,  0.052,  0.760]
        ]
    },
    {
        "id": 6,
        "keypoints3d": [
          [-0.332,  0.129,  1.012,  0.861], 
          [-0.306,  0.217,  0.788,  0.855], 
          [-0.468,  0.172,  0.773,  0.794], 
          [-0.541,  0.075,  0.575,  0.726], 
          [-0.486, -0.095,  0.617,  0.851], 
          [-0.155,  0.241,  0.810,  0.791], 
          [ 0.057,  0.194,  0.716,  0.746], 
          [ 0.064, -0.017,  0.663,  0.832], 
          [-0.169, -0.083,  0.458,  0.738], 
          [-0.258, -0.114,  0.445,  0.687], 
          [-0.148, -0.485,  0.396,  0.841], 
          [-0.068, -0.776,  0.246,  0.666], 
          [-0.049, -0.070,  0.479,  0.717], 
          [ 0.099, -0.383,  0.441,  0.720], 
          [ 0.224, -0.673,  0.248,  0.618], 
          [-0.382,  0.156,  1.038,  0.844], 
          [-0.305,  0.190,  1.043,  0.816], 
          [-0.440,  0.214,  0.986,  0.878], 
          [-0.265,  0.266,  0.995,  0.899], 
          [ 0.307, -0.800,  0.295,  0.735], 
          [ 0.323, -0.751,  0.276,  0.784], 
          [ 0.162, -0.743,  0.173,  0.596], 
          [-0.051, -0.971,  0.345,  0.687], 
          [-0.081, -0.954,  0.313,  0.666], 
          [-0.091, -0.830,  0.224,  0.605]
        ]
    }
]
