[
    {
        "id": 0,
        "keypoints3d": [
          [-0.943, -1.179,  1.503,  0.883], 
          [-0.994, -1.328,  1.348,  0.881], 
          [-0.853, -1.391,  1.342,  0.868], 
          [-0.844, -1.473,  1.092,  0.749], 
          [-0.905, -1.495,  0.886,  0.710], 
          [-1.148, -1.260,  1.344,  0.853], 
          [-1.184, -1.320,  1.091,  0.783], 
          [-1.111, -1.432,  0.867,  0.815], 
          [-0.989, -1.328,  0.827,  0.754], 
          [-0.905, -1.378,  0.815,  0.756], 
          [-0.931, -1.381,  0.444,  0.794], 
          [-0.999, -1.396,  0.096,  0.831], 
          [-1.070, -1.283,  0.830,  0.752], 
          [-1.085, -1.237,  0.471,  0.809], 
          [-1.181, -1.289,  0.096,  0.833], 
          [-0.914, -1.211,  1.538,  0.890], 
          [-0.975, -1.176,  1.544,  0.875], 
          [-0.886, -1.296,  1.537,  0.766], 
          [-1.048, -1.248,  1.548,  0.846], 
          [-1.176, -1.148,  0.036,  0.745], 
          [-1.227, -1.170,  0.042,  0.765], 
          [-1.186, -1.337,  0.054,  0.740], 
          [-0.906, -1.293,  0.057,  0.731], 
          [-0.885, -1.337,  0.067,  0.710], 
          [-1.032, -1.413,  0.061,  0.728]
        ]
    },
    {
        "id": 2,
        "keypoints3d": [
          [ 1.037, -1.318,  1.579,  0.878], 
          [ 1.133, -1.406,  1.387,  0.861], 
          [ 1.250, -1.294,  1.390,  0.819], 
          [ 1.144, -1.170,  1.179,  0.801], 
          [ 0.971, -1.362,  1.189,  0.806], 
          [ 0.996, -1.519,  1.380,  0.821], 
          [ 0.912, -1.444,  1.146,  0.889], 
          [ 1.069, -1.258,  1.175,  0.773], 
          [ 1.090, -1.359,  0.855,  0.727], 
          [ 1.155, -1.281,  0.862,  0.714], 
          [ 1.176, -1.309,  0.469,  0.806], 
          [ 1.231, -1.356,  0.081,  0.751], 
          [ 1.022, -1.434,  0.862,  0.711], 
          [ 1.037, -1.440,  0.473,  0.718], 
          [ 1.066, -1.467,  0.096,  0.839], 
          [ 1.073, -1.312,  1.624,  0.821], 
          [ 1.018, -1.358,  1.606,  0.870], 
          [ 1.173, -1.324,  1.610,  0.840], 
          [ 1.049, -1.457,  1.587,  0.860], 
          [ 0.976, -1.370,  0.060,  0.654], 
          [ 0.958, -1.439,  0.056,  0.668], 
          [ 1.100, -1.484,  0.056,  0.650], 
          [ 1.113, -1.238,  0.053,  0.812], 
          [ 1.176, -1.220,  0.055,  0.800], 
          [ 1.247, -1.388,  0.038,  0.617]
        ]
    },
    {
        "id": 4,
        "keypoints3d": [
          [ 0.722,  0.978,  1.601,  0.860], 
          [ 0.817,  1.130,  1.418,  0.858], 
          [ 0.653,  1.166,  1.415,  0.833], 
          [ 0.602,  1.240,  1.144,  0.820], 
          [ 0.583,  1.220,  0.887,  0.847], 
          [ 0.974,  1.104,  1.419,  0.840], 
          [ 1.039,  1.105,  1.158,  0.756], 
          [ 1.019,  1.028,  0.918,  0.800], 
          [ 0.821,  1.118,  0.853,  0.728], 
          [ 0.724,  1.139,  0.853,  0.726], 
          [ 0.707,  1.129,  0.478,  0.815], 
          [ 0.633,  1.207,  0.110,  0.812], 
          [ 0.931,  1.106,  0.857,  0.713], 
          [ 1.009,  1.098,  0.490,  0.823], 
          [ 1.095,  1.119,  0.102,  0.813], 
          [ 0.696,  1.004,  1.639,  0.738], 
          [ 0.768,  0.990,  1.635,  0.759], 
          [ 0.707,  1.105,  1.634,  0.771], 
          [ 0.858,  1.037,  1.638,  0.900], 
          [ 1.035,  0.989,  0.037,  0.645], 
          [ 1.101,  0.998,  0.043,  0.587], 
          [ 1.118,  1.131,  0.068,  0.710], 
          [ 0.711,  1.093,  0.048,  0.691], 
          [ 0.665,  1.104,  0.035,  0.693], 
          [ 0.612,  1.239,  0.064,  0.708]
        ]
    },
    {
        "id": 6,
        "keypoints3d": [
          [-0.223,  0.192,  1.025,  0.888], 
          [-0.173,  0.227,  0.790,  0.814], 
          [-0.293,  0.322,  0.780,  0.782], 
          [-0.431,  0.307,  0.577,  0.764], 
          [-0.501,  0.123,  0.614,  0.770], 
          [-0.051,  0.136,  0.825,  0.797], 
          [ 0.121, -0.023,  0.730,  0.832], 
          [-0.019, -0.173,  0.653,  0.819], 
          [-0.253, -0.040,  0.442,  0.704], 
          [-0.340,  0.031,  0.430,  0.660], 
          [-0.527, -0.325,  0.445,  0.711], 
          [-0.693, -0.630,  0.313,  0.649], 
          [-0.165, -0.096,  0.461,  0.712], 
          [-0.299, -0.473,  0.446,  0.738], 
          [-0.488, -0.615,  0.125,  0.702], 
          [-0.244,  0.225,  1.040,  0.852], 
          [-0.178,  0.199,  1.043,  0.793], 
          [-0.221,  0.311,  0.990,  0.889], 
          [-0.088,  0.232,  1.003,  0.743], 
          [-0.492, -0.734,  0.122,  0.678], 
          [-0.455, -0.719,  0.118,  0.706], 
          [-0.506, -0.602,  0.080,  0.606], 
          [-0.804, -0.756,  0.465,  0.686], 
          [-0.806, -0.730,  0.436,  0.711], 
          [-0.698, -0.655,  0.271,  0.548]
        ]
    }
]
