[
    {
        "id": 0,
        "keypoints3d": [
          [ 1.037, -1.325,  1.583,  0.882], 
          [ 1.135, -1.406,  1.388,  0.860], 
          [ 1.250, -1.287,  1.392,  0.812], 
          [ 1.135, -1.163,  1.179,  0.868], 
          [ 0.970, -1.357,  1.193,  0.812], 
          [ 1.003, -1.522,  1.381,  0.824], 
          [ 0.916, -1.448,  1.142,  0.853], 
          [ 1.067, -1.249,  1.175,  0.765], 
          [ 1.089, -1.363,  0.859,  0.735], 
          [ 1.153, -1.286,  0.868,  0.715], 
          [ 1.165, -1.312,  0.479,  0.746], 
          [ 1.232, -1.355,  0.090,  0.745], 
          [ 1.023, -1.439,  0.860,  0.723], 
          [ 1.042, -1.442,  0.476,  0.732], 
          [ 1.072, -1.467,  0.105,  0.766], 
          [ 1.077, -1.322,  1.627,  0.817], 
          [ 1.022, -1.360,  1.608,  0.872], 
          [ 1.175, -1.324,  1.605,  0.907], 
          [ 1.051, -1.460,  1.591,  0.847], 
          [ 0.975, -1.362,  0.065,  0.703], 
          [ 0.962, -1.432,  0.063,  0.717], 
          [ 1.109, -1.485,  0.053,  0.675], 
          [ 1.125, -1.229,  0.048,  0.721], 
          [ 1.183, -1.226,  0.043,  0.721], 
          [ 1.247, -1.389,  0.050,  0.629]
        ]
    },
    {
        "id": 2,
        "keypoints3d": [
          [-1.113, -1.145,  1.499,  0.846], 
          [-1.202, -1.291,  1.344,  0.884], 
          [-1.057, -1.350,  1.340,  0.845], 
          [-1.052, -1.417,  1.073,  0.777], 
          [-1.105, -1.448,  0.852,  0.667], 
          [-1.348, -1.218,  1.350,  0.830], 
          [-1.406, -1.290,  1.096,  0.764], 
          [-1.340, -1.380,  0.887,  0.640], 
          [-1.189, -1.300,  0.829,  0.761], 
          [-1.090, -1.323,  0.826,  0.754], 
          [-1.041, -1.330,  0.461,  0.822], 
          [-1.016, -1.388,  0.103,  0.821], 
          [-1.289, -1.265,  0.828,  0.719], 
          [-1.286, -1.299,  0.443,  0.797], 
          [-1.289, -1.344,  0.076,  0.775], 
          [-1.094, -1.172,  1.530,  0.781], 
          [-1.152, -1.142,  1.535,  0.789], 
          [-1.093, -1.270,  1.529,  0.775], 
          [-1.224, -1.199,  1.536,  0.884], 
          [-1.246, -1.180,  0.040,  0.720], 
          [-1.303, -1.194,  0.045,  0.728], 
          [-1.296, -1.379,  0.034,  0.692], 
          [-0.896, -1.287,  0.049,  0.724], 
          [-0.876, -1.321,  0.068,  0.667], 
          [-1.041, -1.420,  0.054,  0.744]
        ]
    },
    {
        "id": 4,
        "keypoints3d": [
          [ 1.028,  1.147,  1.606,  0.828], 
          [ 1.199,  1.175,  1.413,  0.874], 
          [ 1.183,  1.341,  1.422,  0.822], 
          [ 1.222,  1.402,  1.149,  0.873], 
          [ 1.176,  1.416,  0.907,  0.871], 
          [ 1.201,  1.021,  1.410,  0.832], 
          [ 1.197,  0.970,  1.133,  0.836], 
          [ 1.086,  0.990,  0.917,  0.861], 
          [ 1.161,  1.191,  0.867,  0.736], 
          [ 1.172,  1.288,  0.867,  0.713], 
          [ 1.173,  1.271,  0.472,  0.847], 
          [ 1.253,  1.257,  0.099,  0.778], 
          [ 1.170,  1.094,  0.873,  0.724], 
          [ 1.102,  1.048,  0.520,  0.818], 
          [ 1.148,  1.087,  0.124,  0.747], 
          [ 1.042,  1.178,  1.643,  0.798], 
          [ 1.053,  1.103,  1.647,  0.862], 
          [ 1.110,  1.241,  1.640,  0.759], 
          [ 1.143,  1.097,  1.635,  0.864], 
          [ 1.025,  0.979,  0.044,  0.803], 
          [ 1.071,  0.959,  0.037,  0.813], 
          [ 1.178,  1.120,  0.069,  0.770], 
          [ 1.101,  1.234,  0.023,  0.667], 
          [ 1.122,  1.284,  0.030,  0.661], 
          [ 1.304,  1.249,  0.042,  0.729]
        ]
    },
    {
        "id": 6,
        "keypoints3d": [
          [-0.370,  0.077,  1.015,  0.925], 
          [-0.359,  0.136,  0.792,  0.839], 
          [-0.489,  0.053,  0.785,  0.846], 
          [-0.513, -0.069,  0.583,  0.733], 
          [-0.398, -0.204,  0.627,  0.821], 
          [-0.230,  0.217,  0.804,  0.807], 
          [-0.008,  0.267,  0.721,  0.809], 
          [ 0.052,  0.068,  0.652,  0.730], 
          [-0.158, -0.048,  0.427,  0.715], 
          [-0.249, -0.119,  0.427,  0.715], 
          [ 0.038, -0.426,  0.375,  0.698], 
          [ 0.262, -0.699,  0.219,  0.798], 
          [-0.082,  0.013,  0.429,  0.707], 
          [ 0.244, -0.213,  0.414,  0.790], 
          [ 0.488, -0.440,  0.224,  0.853], 
          [-0.406,  0.073,  1.042,  0.811], 
          [-0.359,  0.126,  1.044,  0.873], 
          [-0.495,  0.099,  0.979,  0.849], 
          [-0.319,  0.212,  1.004,  0.961], 
          [ 0.579, -0.531,  0.266,  0.690], 
          [ 0.588, -0.489,  0.252,  0.691], 
          [ 0.484, -0.447,  0.168,  0.688], 
          [ 0.313, -0.806,  0.274,  0.745], 
          [ 0.279, -0.805,  0.251,  0.722], 
          [ 0.279, -0.706,  0.178,  0.651]
        ]
    }
]
