[
    {
        "id": 0,
        "keypoints3d": [
          [ 1.038, -1.319,  1.578,  0.876], 
          [ 1.136, -1.406,  1.386,  0.865], 
          [ 1.249, -1.290,  1.390,  0.807], 
          [ 1.142, -1.168,  1.177,  0.782], 
          [ 0.974, -1.362,  1.189,  0.801], 
          [ 1.004, -1.522,  1.379,  0.819], 
          [ 0.919, -1.453,  1.144,  0.856], 
          [ 1.070, -1.263,  1.171,  0.767], 
          [ 1.095, -1.360,  0.861,  0.733], 
          [ 1.157, -1.290,  0.866,  0.721], 
          [ 1.177, -1.309,  0.478,  0.765], 
          [ 1.240, -1.354,  0.092,  0.768], 
          [ 1.024, -1.436,  0.862,  0.716], 
          [ 1.045, -1.442,  0.481,  0.733], 
          [ 1.071, -1.470,  0.101,  0.772], 
          [ 1.074, -1.312,  1.625,  0.819], 
          [ 1.018, -1.360,  1.608,  0.877], 
          [ 1.175, -1.321,  1.606,  0.903], 
          [ 1.046, -1.454,  1.585,  0.861], 
          [ 0.978, -1.362,  0.057,  0.686], 
          [ 0.962, -1.431,  0.054,  0.698], 
          [ 1.107, -1.481,  0.053,  0.684], 
          [ 1.120, -1.228,  0.049,  0.723], 
          [ 1.183, -1.224,  0.045,  0.730], 
          [ 1.249, -1.385,  0.044,  0.624]
        ]
    },
    {
        "id": 2,
        "keypoints3d": [
          [-1.005, -1.189,  1.510,  0.806], 
          [-1.091, -1.317,  1.355,  0.881], 
          [-0.947, -1.387,  1.340,  0.844], 
          [-0.972, -1.443,  1.072,  0.739], 
          [-1.046, -1.461,  0.880,  0.696], 
          [-1.236, -1.222,  1.368,  0.856], 
          [-1.305, -1.279,  1.114,  0.787], 
          [-1.274, -1.349,  0.918,  0.724], 
          [-1.097, -1.311,  0.833,  0.775], 
          [-1.007, -1.349,  0.826,  0.758], 
          [-1.017, -1.373,  0.444,  0.808], 
          [-1.017, -1.395,  0.094,  0.800], 
          [-1.194, -1.269,  0.839,  0.746], 
          [-1.221, -1.303,  0.465,  0.818], 
          [-1.288, -1.334,  0.084,  0.851], 
          [-0.979, -1.228,  1.539,  0.813], 
          [-1.028, -1.184,  1.550,  0.882], 
          [-0.965, -1.319,  1.531,  0.738], 
          [-1.111, -1.228,  1.563,  0.880], 
          [-1.239, -1.170,  0.037,  0.748], 
          [-1.297, -1.187,  0.045,  0.767], 
          [-1.299, -1.379,  0.039,  0.704], 
          [-0.893, -1.279,  0.070,  0.725], 
          [-0.876, -1.321,  0.071,  0.720], 
          [-1.038, -1.418,  0.049,  0.741]
        ]
    },
    {
        "id": 4,
        "keypoints3d": [
          [ 1.001,  1.018,  1.615,  0.814], 
          [ 1.140,  1.112,  1.411,  0.857], 
          [ 1.087,  1.275,  1.427,  0.817], 
          [ 1.120,  1.351,  1.163,  0.845], 
          [ 1.082,  1.385,  0.921,  0.860], 
          [ 1.192,  0.960,  1.400,  0.826], 
          [ 1.224,  0.926,  1.121,  0.864], 
          [ 1.162,  0.929,  0.876,  0.864], 
          [ 1.125,  1.156,  0.862,  0.717], 
          [ 1.101,  1.247,  0.864,  0.698], 
          [ 1.124,  1.233,  0.480,  0.825], 
          [ 1.238,  1.254,  0.107,  0.751], 
          [ 1.146,  1.063,  0.860,  0.695], 
          [ 1.139,  1.079,  0.489,  0.816], 
          [ 1.127,  1.107,  0.113,  0.801], 
          [ 1.000,  1.053,  1.652,  0.814], 
          [ 1.043,  1.004,  1.643,  0.762], 
          [ 1.049,  1.146,  1.651,  0.808], 
          [ 1.147,  1.012,  1.636,  0.862], 
          [ 1.036,  0.968,  0.049,  0.793], 
          [ 1.082,  0.964,  0.038,  0.748], 
          [ 1.138,  1.131,  0.074,  0.671], 
          [ 1.125,  1.214,  0.003,  0.638], 
          [ 1.135,  1.271,  0.012,  0.631], 
          [ 1.298,  1.259,  0.046,  0.699]
        ]
    },
    {
        "id": 6,
        "keypoints3d": [
          [-0.344,  0.121,  1.013,  0.792], 
          [-0.344,  0.188,  0.789,  0.859], 
          [-0.482,  0.136,  0.775,  0.825], 
          [-0.539,  0.033,  0.569,  0.758], 
          [-0.463, -0.120,  0.618,  0.885], 
          [-0.191,  0.242,  0.797,  0.800], 
          [ 0.040,  0.235,  0.714,  0.827], 
          [ 0.065,  0.021,  0.653,  0.776], 
          [-0.160, -0.080,  0.460,  0.713], 
          [-0.252, -0.123,  0.450,  0.725], 
          [-0.088, -0.505,  0.391,  0.791], 
          [ 0.021, -0.831,  0.231,  0.812], 
          [-0.049, -0.056,  0.475,  0.697], 
          [ 0.133, -0.340,  0.444,  0.831], 
          [ 0.240, -0.574,  0.246,  0.633], 
          [-0.391,  0.141,  1.032,  0.696], 
          [-0.322,  0.158,  1.048,  0.770], 
          [-0.458,  0.189,  0.983,  0.886], 
          [-0.299,  0.244,  0.995,  0.845], 
          [ 0.428, -0.718,  0.294,  0.740], 
          [ 0.427, -0.678,  0.273,  0.779], 
          [ 0.294, -0.650,  0.206,  0.534], 
          [ 0.061, -0.942,  0.305,  0.680], 
          [ 0.024, -0.931,  0.282,  0.677], 
          [ 0.029, -0.837,  0.205,  0.680]
        ]
    }
]
