[
    {
        "id": 0,
        "keypoints3d": [
          [ 1.036, -1.317,  1.579,  0.880], 
          [ 1.136, -1.406,  1.386,  0.861], 
          [ 1.248, -1.287,  1.390,  0.812], 
          [ 1.140, -1.168,  1.179,  0.862], 
          [ 0.973, -1.363,  1.191,  0.800], 
          [ 1.003, -1.519,  1.380,  0.817], 
          [ 0.917, -1.448,  1.141,  0.859], 
          [ 1.071, -1.258,  1.172,  0.770], 
          [ 1.091, -1.360,  0.857,  0.722], 
          [ 1.152, -1.281,  0.863,  0.708], 
          [ 1.172, -1.311,  0.469,  0.782], 
          [ 1.236, -1.352,  0.086,  0.775], 
          [ 1.021, -1.438,  0.859,  0.708], 
          [ 1.038, -1.443,  0.469,  0.694], 
          [ 1.072, -1.470,  0.102,  0.844], 
          [ 1.076, -1.295,  1.616,  0.803], 
          [ 1.020, -1.359,  1.607,  0.872], 
          [ 1.173, -1.324,  1.608,  0.839], 
          [ 1.047, -1.452,  1.588,  0.856], 
          [ 0.985, -1.361,  0.050,  0.681], 
          [ 0.964, -1.426,  0.058,  0.703], 
          [ 1.104, -1.486,  0.053,  0.682], 
          [ 1.128, -1.238,  0.049,  0.709], 
          [ 1.186, -1.231,  0.049,  0.718], 
          [ 1.243, -1.382,  0.047,  0.686]
        ]
    },
    {
        "id": 2,
        "keypoints3d": [
          [-0.929, -1.184,  1.510,  0.826], 
          [-0.987, -1.335,  1.356,  0.887], 
          [-0.851, -1.393,  1.339,  0.870], 
          [-0.879, -1.468,  1.065,  0.756], 
          [-0.956, -1.485,  0.861,  0.735], 
          [-1.145, -1.272,  1.376,  0.862], 
          [-1.208, -1.346,  1.121,  0.752], 
          [-1.146, -1.435,  0.907,  0.750], 
          [-1.031, -1.337,  0.828,  0.763], 
          [-0.937, -1.371,  0.818,  0.750], 
          [-0.965, -1.393,  0.442,  0.805], 
          [-1.008, -1.396,  0.099,  0.853], 
          [-1.124, -1.295,  0.838,  0.750], 
          [-1.163, -1.281,  0.465,  0.814], 
          [-1.260, -1.328,  0.096,  0.811], 
          [-0.890, -1.205,  1.539,  0.824], 
          [-0.956, -1.181,  1.551,  0.840], 
          [-0.862, -1.288,  1.529,  0.685], 
          [-1.018, -1.259,  1.560,  0.876], 
          [-1.226, -1.173,  0.040,  0.759], 
          [-1.278, -1.192,  0.049,  0.782], 
          [-1.271, -1.373,  0.056,  0.667], 
          [-0.895, -1.276,  0.056,  0.763], 
          [-0.876, -1.327,  0.066,  0.732], 
          [-1.034, -1.419,  0.055,  0.763]
        ]
    },
    {
        "id": 4,
        "keypoints3d": [
          [ 0.951,  0.946,  1.611,  0.820], 
          [ 1.082,  1.076,  1.416,  0.852], 
          [ 0.969,  1.193,  1.440,  0.830], 
          [ 0.967,  1.296,  1.183,  0.845], 
          [ 0.923,  1.328,  0.945,  0.836], 
          [ 1.175,  0.960,  1.402,  0.830], 
          [ 1.221,  0.942,  1.118,  0.827], 
          [ 1.143,  0.916,  0.874,  0.830], 
          [ 1.040,  1.135,  0.873,  0.732], 
          [ 0.974,  1.204,  0.880,  0.725], 
          [ 0.935,  1.201,  0.504,  0.787], 
          [ 0.948,  1.260,  0.118,  0.716], 
          [ 1.115,  1.071,  0.865,  0.727], 
          [ 1.126,  1.091,  0.484,  0.800], 
          [ 1.120,  1.117,  0.099,  0.830], 
          [ 0.937,  0.981,  1.656,  0.848], 
          [ 1.000,  0.944,  1.645,  0.814], 
          [ 0.962,  1.073,  1.648,  0.864], 
          [ 1.093,  0.963,  1.638,  0.871], 
          [ 1.029,  0.968,  0.057,  0.728], 
          [ 1.105,  0.970,  0.044,  0.721], 
          [ 1.122,  1.153,  0.065,  0.666], 
          [ 0.852,  1.133,  0.057,  0.796], 
          [ 0.827,  1.207,  0.064,  0.770], 
          [ 0.982,  1.299,  0.059,  0.733]
        ]
    },
    {
        "id": 6,
        "keypoints3d": [
          [-0.305,  0.149,  1.019,  0.866], 
          [-0.263,  0.226,  0.782,  0.835], 
          [-0.414,  0.228,  0.770,  0.801], 
          [-0.517,  0.142,  0.577,  0.791], 
          [-0.498, -0.051,  0.621,  0.785], 
          [-0.104,  0.235,  0.814,  0.764], 
          [ 0.100,  0.153,  0.714,  0.875], 
          [ 0.066, -0.060,  0.654,  0.800], 
          [-0.178, -0.041,  0.413,  0.740], 
          [-0.293, -0.040,  0.395,  0.689], 
          [-0.270, -0.468,  0.387,  0.811], 
          [-0.288, -0.826,  0.253,  0.780], 
          [-0.077, -0.041,  0.437,  0.712], 
          [ 0.025, -0.471,  0.441,  0.739], 
          [ 0.029, -0.752,  0.239,  0.777], 
          [-0.337,  0.193,  1.045,  0.734], 
          [-0.265,  0.192,  1.038,  0.888], 
          [-0.389,  0.255,  0.982,  0.782], 
          [-0.219,  0.267,  0.992,  0.900], 
          [ 0.129, -0.886,  0.278,  0.687], 
          [ 0.138, -0.870,  0.277,  0.677], 
          [ 0.019, -0.773,  0.216,  0.632], 
          [-0.218, -1.007,  0.329,  0.667], 
          [-0.259, -0.974,  0.305,  0.681], 
          [-0.285, -0.856,  0.237,  0.612]
        ]
    }
]
