[
    {
        "id": 0,
        "keypoints3d": [
          [ 1.032, -1.336,  1.586,  0.894], 
          [ 1.134, -1.407,  1.391,  0.858], 
          [ 1.246, -1.293,  1.392,  0.809], 
          [ 1.135, -1.165,  1.179,  0.802], 
          [ 0.968, -1.362,  1.193,  0.815], 
          [ 1.002, -1.525,  1.378,  0.820], 
          [ 0.911, -1.449,  1.144,  0.852], 
          [ 1.066, -1.253,  1.178,  0.769], 
          [ 1.091, -1.360,  0.860,  0.735], 
          [ 1.154, -1.287,  0.868,  0.718], 
          [ 1.174, -1.308,  0.480,  0.769], 
          [ 1.239, -1.353,  0.089,  0.795], 
          [ 1.026, -1.437,  0.861,  0.723], 
          [ 1.037, -1.440,  0.479,  0.751], 
          [ 1.072, -1.469,  0.102,  0.818], 
          [ 1.077, -1.322,  1.630,  0.908], 
          [ 1.018, -1.368,  1.614,  0.860], 
          [ 1.182, -1.302,  1.612,  0.871], 
          [ 1.051, -1.464,  1.588,  0.829], 
          [ 0.983, -1.360,  0.060,  0.701], 
          [ 0.963, -1.432,  0.059,  0.727], 
          [ 1.104, -1.487,  0.056,  0.640], 
          [ 1.119, -1.246,  0.049,  0.674], 
          [ 1.183, -1.227,  0.049,  0.693], 
          [ 1.248, -1.385,  0.047,  0.654]
        ]
    },
    {
        "id": 2,
        "keypoints3d": [
          [-1.183, -1.135,  1.498,  0.878], 
          [-1.265, -1.276,  1.342,  0.871], 
          [-1.110, -1.330,  1.342,  0.862], 
          [-1.089, -1.410,  1.081,  0.804], 
          [-1.163, -1.435,  0.868,  0.702], 
          [-1.416, -1.221,  1.337,  0.839], 
          [-1.462, -1.294,  1.072,  0.734], 
          [-1.370, -1.394,  0.857,  0.770], 
          [-1.254, -1.282,  0.818,  0.758], 
          [-1.155, -1.311,  0.822,  0.748], 
          [-1.094, -1.278,  0.467,  0.846], 
          [-1.104, -1.358,  0.102,  0.794], 
          [-1.347, -1.265,  0.815,  0.740], 
          [-1.332, -1.292,  0.438,  0.808], 
          [-1.302, -1.342,  0.088,  0.856], 
          [-1.180, -1.150,  1.519,  0.754], 
          [-1.227, -1.134,  1.526,  0.760], 
          [-1.177, -1.254,  1.529,  0.777], 
          [-1.315, -1.172,  1.530,  0.878], 
          [-1.248, -1.185,  0.037,  0.765], 
          [-1.302, -1.199,  0.040,  0.775], 
          [-1.305, -1.376,  0.044,  0.696], 
          [-0.987, -1.251,  0.072,  0.779], 
          [-0.969, -1.305,  0.077,  0.768], 
          [-1.131, -1.388,  0.049,  0.784]
        ]
    },
    {
        "id": 4,
        "keypoints3d": [
          [ 1.038,  1.197,  1.608,  0.801], 
          [ 1.203,  1.179,  1.417,  0.863], 
          [ 1.235,  1.342,  1.419,  0.826], 
          [ 1.312,  1.370,  1.150,  0.857], 
          [ 1.268,  1.403,  0.893,  0.873], 
          [ 1.162,  1.024,  1.423,  0.809], 
          [ 1.144,  0.985,  1.160,  0.828], 
          [ 1.080,  1.052,  0.917,  0.793], 
          [ 1.178,  1.193,  0.873,  0.700], 
          [ 1.211,  1.286,  0.873,  0.698], 
          [ 1.201,  1.272,  0.477,  0.804], 
          [ 1.264,  1.234,  0.076,  0.770], 
          [ 1.154,  1.099,  0.884,  0.692], 
          [ 1.141,  1.052,  0.505,  0.798], 
          [ 1.208,  1.007,  0.106,  0.847], 
          [ 1.056,  1.232,  1.640,  0.874], 
          [ 1.052,  1.169,  1.648,  0.771], 
          [ 1.135,  1.278,  1.633,  0.758], 
          [ 1.124,  1.125,  1.640,  0.781], 
          [ 1.063,  1.036,  0.055,  0.761], 
          [ 1.096,  0.978,  0.044,  0.773], 
          [ 1.257,  1.023,  0.058,  0.738], 
          [ 1.095,  1.247,  0.035,  0.716], 
          [ 1.128,  1.290,  0.030,  0.684], 
          [ 1.306,  1.226,  0.029,  0.675]
        ]
    },
    {
        "id": 6,
        "keypoints3d": [
          [-0.368,  0.032,  1.004,  0.873], 
          [-0.400,  0.091,  0.776,  0.767], 
          [-0.488, -0.029,  0.767,  0.724], 
          [-0.489, -0.132,  0.556,  0.858], 
          [-0.329, -0.223,  0.613,  0.871], 
          [-0.297,  0.204,  0.815,  0.783], 
          [-0.129,  0.327,  0.703,  0.779], 
          [ 0.024,  0.168,  0.646,  0.757], 
          [-0.138, -0.032,  0.417,  0.696], 
          [-0.198, -0.115,  0.397,  0.630], 
          [ 0.187, -0.348,  0.359,  0.732], 
          [ 0.479, -0.470,  0.174,  0.689], 
          [-0.082,  0.068,  0.433,  0.708], 
          [ 0.295, -0.106,  0.429,  0.840], 
          [ 0.606, -0.229,  0.231,  0.809], 
          [-0.432,  0.022,  1.033,  0.874], 
          [-0.383,  0.081,  1.034,  0.881], 
          [-0.475, -0.173,  1.033,  0.804], 
          [-0.385,  0.156,  0.994,  0.750], 
          [ 0.752, -0.253,  0.314,  0.690], 
          [ 0.733, -0.215,  0.288,  0.718], 
          [ 0.615, -0.263,  0.190,  0.673], 
          [ 0.578, -0.562,  0.234,  0.689], 
          [ 0.536, -0.574,  0.212,  0.673], 
          [ 0.488, -0.455,  0.124,  0.658]
        ]
    }
]
