[
    {
        "id": 0,
        "keypoints3d": [
          [ 1.031, -1.332,  1.586,  0.884], 
          [ 1.134, -1.405,  1.391,  0.860], 
          [ 1.247, -1.289,  1.392,  0.809], 
          [ 1.133, -1.166,  1.180,  0.869], 
          [ 0.970, -1.362,  1.194,  0.823], 
          [ 1.003, -1.522,  1.380,  0.821], 
          [ 0.910, -1.448,  1.145,  0.847], 
          [ 1.064, -1.255,  1.177,  0.766], 
          [ 1.090, -1.361,  0.861,  0.733], 
          [ 1.152, -1.285,  0.869,  0.709], 
          [ 1.172, -1.307,  0.480,  0.813], 
          [ 1.236, -1.348,  0.090,  0.783], 
          [ 1.023, -1.440,  0.860,  0.727], 
          [ 1.037, -1.443,  0.479,  0.737], 
          [ 1.069, -1.468,  0.103,  0.804], 
          [ 1.077, -1.323,  1.628,  0.911], 
          [ 1.018, -1.361,  1.614,  0.870], 
          [ 1.177, -1.313,  1.610,  0.833], 
          [ 1.051, -1.457,  1.589,  0.826], 
          [ 0.982, -1.358,  0.068,  0.704], 
          [ 0.964, -1.432,  0.064,  0.721], 
          [ 1.101, -1.485,  0.057,  0.627], 
          [ 1.118, -1.236,  0.052,  0.658], 
          [ 1.186, -1.226,  0.048,  0.682], 
          [ 1.249, -1.381,  0.044,  0.654]
        ]
    },
    {
        "id": 2,
        "keypoints3d": [
          [-1.170, -1.138,  1.496,  0.826], 
          [-1.250, -1.278,  1.345,  0.875], 
          [-1.096, -1.333,  1.345,  0.864], 
          [-1.089, -1.417,  1.073,  0.781], 
          [-1.171, -1.438,  0.855,  0.719], 
          [-1.404, -1.218,  1.346,  0.828], 
          [-1.447, -1.293,  1.079,  0.752], 
          [-1.391, -1.388,  0.860,  0.654], 
          [-1.236, -1.284,  0.824,  0.761], 
          [-1.133, -1.306,  0.828,  0.764], 
          [-1.071, -1.284,  0.465,  0.856], 
          [-1.067, -1.361,  0.095,  0.811], 
          [-1.335, -1.265,  0.822,  0.740], 
          [-1.318, -1.293,  0.440,  0.801], 
          [-1.301, -1.338,  0.084,  0.845], 
          [-1.141, -1.155,  1.515,  0.786], 
          [-1.202, -1.139,  1.524,  0.801], 
          [-1.147, -1.261,  1.528,  0.782], 
          [-1.290, -1.168,  1.533,  0.880], 
          [-1.247, -1.182,  0.038,  0.791], 
          [-1.304, -1.199,  0.040,  0.795], 
          [-1.301, -1.372,  0.042,  0.723], 
          [-0.964, -1.246,  0.061,  0.714], 
          [-0.943, -1.294,  0.069,  0.696], 
          [-1.086, -1.394,  0.040,  0.779]
        ]
    },
    {
        "id": 4,
        "keypoints3d": [
          [ 1.040,  1.177,  1.615,  0.816], 
          [ 1.200,  1.186,  1.413,  0.887], 
          [ 1.222,  1.351,  1.416,  0.855], 
          [ 1.261,  1.396,  1.149,  0.819], 
          [ 1.221,  1.426,  0.903,  0.853], 
          [ 1.182,  1.033,  1.422,  0.866], 
          [ 1.175,  0.991,  1.151,  0.831], 
          [ 1.096,  1.053,  0.920,  0.837], 
          [ 1.170,  1.207,  0.874,  0.751], 
          [ 1.197,  1.298,  0.872,  0.741], 
          [ 1.194,  1.270,  0.481,  0.846], 
          [ 1.257,  1.243,  0.089,  0.844], 
          [ 1.165,  1.100,  0.886,  0.753], 
          [ 1.121,  1.048,  0.520,  0.843], 
          [ 1.194,  1.025,  0.110,  0.866], 
          [ 1.043,  1.213,  1.650,  0.883], 
          [ 1.049,  1.156,  1.647,  0.768], 
          [ 1.151,  1.252,  1.635,  0.775], 
          [ 1.128,  1.121,  1.635,  0.858], 
          [ 1.038,  0.998,  0.064,  0.786], 
          [ 1.084,  0.956,  0.053,  0.788], 
          [ 1.229,  1.058,  0.049,  0.773], 
          [ 1.079,  1.247,  0.036,  0.804], 
          [ 1.104,  1.292,  0.037,  0.772], 
          [ 1.302,  1.229,  0.031,  0.703]
        ]
    },
    {
        "id": 6,
        "keypoints3d": [
          [-0.366,  0.054,  1.008,  0.867], 
          [-0.386,  0.121,  0.780,  0.799], 
          [-0.492,  0.001,  0.770,  0.766], 
          [-0.486, -0.106,  0.559,  0.852], 
          [-0.347, -0.226,  0.620,  0.893], 
          [-0.275,  0.218,  0.813,  0.777], 
          [-0.096,  0.316,  0.705,  0.868], 
          [ 0.040,  0.138,  0.647,  0.838], 
          [-0.166, -0.016,  0.416,  0.674], 
          [-0.240, -0.094,  0.400,  0.629], 
          [ 0.110, -0.372,  0.399,  0.752], 
          [ 0.396, -0.577,  0.201,  0.685], 
          [-0.091,  0.067,  0.432,  0.677], 
          [ 0.264, -0.146,  0.423,  0.757], 
          [ 0.558, -0.321,  0.236,  0.828], 
          [-0.409,  0.053,  1.038,  0.850], 
          [-0.375,  0.097,  1.036,  0.878], 
          [-0.549, -0.042,  1.002,  0.872], 
          [-0.388,  0.196,  0.992,  0.769], 
          [ 0.667, -0.391,  0.282,  0.688], 
          [ 0.672, -0.351,  0.275,  0.692], 
          [ 0.572, -0.348,  0.196,  0.683], 
          [ 0.486, -0.683,  0.282,  0.697], 
          [ 0.441, -0.674,  0.260,  0.708], 
          [ 0.409, -0.570,  0.146,  0.651]
        ]
    }
]
