[
    {
        "id": 0,
        "keypoints3d": [
          [ 1.038, -1.316,  1.579,  0.877], 
          [ 1.133, -1.405,  1.387,  0.860], 
          [ 1.250, -1.294,  1.390,  0.818], 
          [ 1.144, -1.168,  1.178,  0.790], 
          [ 0.970, -1.361,  1.192,  0.805], 
          [ 0.998, -1.517,  1.380,  0.821], 
          [ 0.916, -1.448,  1.143,  0.834], 
          [ 1.070, -1.262,  1.174,  0.775], 
          [ 1.092, -1.359,  0.857,  0.723], 
          [ 1.157, -1.282,  0.861,  0.713], 
          [ 1.179, -1.309,  0.466,  0.745], 
          [ 1.239, -1.352,  0.086,  0.728], 
          [ 1.021, -1.432,  0.858,  0.705], 
          [ 1.036, -1.440,  0.464,  0.720], 
          [ 1.067, -1.464,  0.091,  0.836], 
          [ 1.073, -1.312,  1.624,  0.818], 
          [ 1.021, -1.358,  1.606,  0.876], 
          [ 1.173, -1.324,  1.609,  0.841], 
          [ 1.046, -1.452,  1.586,  0.853], 
          [ 0.978, -1.365,  0.058,  0.711], 
          [ 0.964, -1.438,  0.054,  0.729], 
          [ 1.101, -1.481,  0.053,  0.640], 
          [ 1.114, -1.238,  0.053,  0.808], 
          [ 1.175, -1.219,  0.055,  0.799], 
          [ 1.249, -1.385,  0.041,  0.679]
        ]
    },
    {
        "id": 2,
        "keypoints3d": [
          [-0.926, -1.191,  1.506,  0.878], 
          [-0.977, -1.336,  1.356,  0.892], 
          [-0.829, -1.390,  1.345,  0.857], 
          [-0.831, -1.477,  1.076,  0.770], 
          [-0.932, -1.489,  0.871,  0.693], 
          [-1.130, -1.272,  1.367,  0.855], 
          [-1.188, -1.331,  1.106,  0.753], 
          [-1.131, -1.413,  0.876,  0.686], 
          [-0.997, -1.337,  0.827,  0.764], 
          [-0.905, -1.376,  0.819,  0.759], 
          [-0.946, -1.395,  0.449,  0.797], 
          [-1.002, -1.398,  0.097,  0.759], 
          [-1.087, -1.296,  0.837,  0.765], 
          [-1.103, -1.262,  0.477,  0.827], 
          [-1.188, -1.291,  0.097,  0.762], 
          [-0.895, -1.213,  1.536,  0.898], 
          [-0.954, -1.183,  1.546,  0.867], 
          [-0.865, -1.299,  1.538,  0.769], 
          [-1.023, -1.246,  1.554,  0.865], 
          [-1.165, -1.144,  0.049,  0.758], 
          [-1.217, -1.168,  0.041,  0.787], 
          [-1.195, -1.335,  0.052,  0.732], 
          [-0.895, -1.299,  0.053,  0.729], 
          [-0.877, -1.345,  0.063,  0.714], 
          [-1.037, -1.413,  0.052,  0.737]
        ]
    },
    {
        "id": 4,
        "keypoints3d": [
          [ 0.835,  0.951,  1.612,  0.835], 
          [ 0.956,  1.098,  1.420,  0.877], 
          [ 0.809,  1.171,  1.428,  0.855], 
          [ 0.788,  1.267,  1.172,  0.834], 
          [ 0.747,  1.255,  0.915,  0.870], 
          [ 1.101,  1.007,  1.408,  0.800], 
          [ 1.138,  0.993,  1.123,  0.854], 
          [ 1.063,  0.919,  0.911,  0.817], 
          [ 0.935,  1.106,  0.858,  0.758], 
          [ 0.833,  1.147,  0.876,  0.739], 
          [ 0.781,  1.134,  0.499,  0.835], 
          [ 0.678,  1.239,  0.103,  0.846], 
          [ 1.037,  1.081,  0.844,  0.722], 
          [ 1.088,  1.108,  0.466,  0.799], 
          [ 1.113,  1.117,  0.089,  0.821], 
          [ 0.834,  0.990,  1.643,  0.856], 
          [ 0.899,  0.950,  1.643,  0.823], 
          [ 0.848,  1.085,  1.638,  0.874], 
          [ 0.985,  1.007,  1.632,  0.780], 
          [ 1.045,  0.964,  0.051,  0.749], 
          [ 1.109,  0.978,  0.047,  0.745], 
          [ 1.118,  1.147,  0.058,  0.688], 
          [ 0.716,  1.077,  0.052,  0.687], 
          [ 0.670,  1.113,  0.044,  0.740], 
          [ 0.676,  1.270,  0.072,  0.757]
        ]
    },
    {
        "id": 6,
        "keypoints3d": [
          [-0.269,  0.164,  1.023,  0.832], 
          [-0.206,  0.241,  0.795,  0.843], 
          [-0.358,  0.289,  0.770,  0.803], 
          [-0.480,  0.243,  0.582,  0.824], 
          [-0.506,  0.037,  0.615,  0.778], 
          [-0.069,  0.192,  0.818,  0.761], 
          [ 0.112,  0.052,  0.730,  0.854], 
          [ 0.020, -0.121,  0.655,  0.863], 
          [-0.203, -0.021,  0.423,  0.701], 
          [-0.304,  0.025,  0.397,  0.642], 
          [-0.387, -0.382,  0.385,  0.784], 
          [-0.447, -0.717,  0.209,  0.768], 
          [-0.104, -0.068,  0.448,  0.683], 
          [-0.147, -0.495,  0.431,  0.739], 
          [-0.265, -0.719,  0.183,  0.705], 
          [-0.296,  0.208,  1.043,  0.809], 
          [-0.221,  0.201,  1.041,  0.878], 
          [-0.307,  0.285,  0.993,  0.842], 
          [-0.150,  0.250,  0.997,  0.847], 
          [-0.280, -0.829,  0.169,  0.649], 
          [-0.244, -0.811,  0.154,  0.743], 
          [-0.283, -0.716,  0.150,  0.542], 
          [-0.475, -0.859,  0.274,  0.552], 
          [-0.530, -0.827,  0.271,  0.578], 
          [-0.437, -0.718,  0.179,  0.638]
        ]
    }
]
