[
    {
        "id": 0,
        "keypoints3d": [
          [ 1.037, -1.325,  1.587,  0.884], 
          [ 1.134, -1.405,  1.389,  0.862], 
          [ 1.250, -1.288,  1.392,  0.820], 
          [ 1.135, -1.164,  1.176,  0.811], 
          [ 0.968, -1.358,  1.194,  0.819], 
          [ 1.004, -1.522,  1.383,  0.825], 
          [ 0.916, -1.449,  1.144,  0.852], 
          [ 1.063, -1.250,  1.176,  0.758], 
          [ 1.089, -1.361,  0.861,  0.737], 
          [ 1.154, -1.286,  0.868,  0.717], 
          [ 1.171, -1.310,  0.482,  0.753], 
          [ 1.236, -1.351,  0.092,  0.761], 
          [ 1.023, -1.439,  0.860,  0.724], 
          [ 1.040, -1.442,  0.479,  0.741], 
          [ 1.072, -1.467,  0.106,  0.768], 
          [ 1.077, -1.323,  1.628,  0.913], 
          [ 1.021, -1.354,  1.609,  0.871], 
          [ 1.171, -1.330,  1.607,  0.912], 
          [ 1.051, -1.457,  1.591,  0.841], 
          [ 0.980, -1.362,  0.061,  0.699], 
          [ 0.962, -1.431,  0.060,  0.713], 
          [ 1.109, -1.485,  0.053,  0.677], 
          [ 1.116, -1.227,  0.050,  0.723], 
          [ 1.183, -1.221,  0.043,  0.733], 
          [ 1.250, -1.387,  0.049,  0.636]
        ]
    },
    {
        "id": 2,
        "keypoints3d": [
          [ 1.031,  1.169,  1.605,  0.838], 
          [ 1.202,  1.176,  1.414,  0.871], 
          [ 1.202,  1.354,  1.419,  0.833], 
          [ 1.242,  1.399,  1.148,  0.856], 
          [ 1.201,  1.425,  0.906,  0.874], 
          [ 1.201,  1.027,  1.418,  0.830], 
          [ 1.192,  0.981,  1.147,  0.832], 
          [ 1.087,  1.014,  0.914,  0.868], 
          [ 1.170,  1.198,  0.872,  0.719], 
          [ 1.193,  1.292,  0.869,  0.712], 
          [ 1.180,  1.278,  0.474,  0.836], 
          [ 1.250,  1.260,  0.096,  0.854], 
          [ 1.170,  1.095,  0.882,  0.717], 
          [ 1.107,  1.044,  0.522,  0.811], 
          [ 1.166,  1.065,  0.125,  0.832], 
          [ 1.039,  1.195,  1.641,  0.864], 
          [ 1.045,  1.139,  1.644,  0.855], 
          [ 1.115,  1.250,  1.637,  0.762], 
          [ 1.141,  1.104,  1.632,  0.862], 
          [ 1.028,  0.983,  0.059,  0.756], 
          [ 1.074,  0.946,  0.051,  0.754], 
          [ 1.203,  1.087,  0.062,  0.791], 
          [ 1.085,  1.244,  0.038,  0.706], 
          [ 1.112,  1.293,  0.042,  0.689], 
          [ 1.300,  1.247,  0.042,  0.732]
        ]
    },
    {
        "id": 4,
        "keypoints3d": [
          [-1.133, -1.147,  1.490,  0.831], 
          [-1.223, -1.288,  1.341,  0.885], 
          [-1.078, -1.342,  1.340,  0.859], 
          [-1.085, -1.421,  1.072,  0.735], 
          [-1.164, -1.441,  0.850,  0.756], 
          [-1.375, -1.213,  1.345,  0.820], 
          [-1.426, -1.283,  1.081,  0.775], 
          [-1.343, -1.379,  0.868,  0.626], 
          [-1.211, -1.296,  0.827,  0.759], 
          [-1.114, -1.312,  0.822,  0.758], 
          [-1.044, -1.299,  0.476,  0.834], 
          [-1.026, -1.371,  0.111,  0.825], 
          [-1.314, -1.265,  0.826,  0.721], 
          [-1.309, -1.298,  0.454,  0.802], 
          [-1.295, -1.345,  0.085,  0.793], 
          [-1.113, -1.160,  1.518,  0.814], 
          [-1.175, -1.138,  1.531,  0.888], 
          [-1.118, -1.259,  1.523,  0.776], 
          [-1.253, -1.173,  1.532,  0.870], 
          [-1.244, -1.185,  0.038,  0.784], 
          [-1.309, -1.204,  0.044,  0.802], 
          [-1.304, -1.375,  0.037,  0.719], 
          [-0.903, -1.273,  0.069,  0.692], 
          [-0.876, -1.312,  0.079,  0.718], 
          [-1.048, -1.397,  0.059,  0.729]
        ]
    },
    {
        "id": 6,
        "keypoints3d": [
          [-0.371,  0.067,  1.014,  0.913], 
          [-0.374,  0.124,  0.787,  0.869], 
          [-0.499,  0.012,  0.781,  0.853], 
          [-0.505, -0.065,  0.558,  0.694], 
          [-0.359, -0.207,  0.623,  0.870], 
          [-0.240,  0.218,  0.811,  0.798], 
          [-0.054,  0.302,  0.716,  0.854], 
          [ 0.032,  0.136,  0.649,  0.812], 
          [-0.135, -0.065,  0.463,  0.734], 
          [-0.223, -0.139,  0.454,  0.730], 
          [ 0.065, -0.396,  0.375,  0.652], 
          [ 0.328, -0.631,  0.183,  0.822], 
          [-0.058,  0.001,  0.472,  0.695], 
          [ 0.258, -0.197,  0.420,  0.738], 
          [ 0.520, -0.382,  0.215,  0.824], 
          [-0.410,  0.068,  1.040,  0.855], 
          [-0.361,  0.108,  1.052,  0.878], 
          [-0.549, -0.037,  1.001,  0.882], 
          [-0.359,  0.205,  0.994,  0.934], 
          [ 0.625, -0.477,  0.283,  0.740], 
          [ 0.630, -0.424,  0.255,  0.715], 
          [ 0.515, -0.393,  0.176,  0.681], 
          [ 0.385, -0.743,  0.274,  0.686], 
          [ 0.362, -0.743,  0.268,  0.689], 
          [ 0.349, -0.620,  0.137,  0.697]
        ]
    }
]
