[
    {
        "id": 0,
        "keypoints3d": [
          [ 0.909,  0.946,  1.605,  0.847], 
          [ 1.009,  1.095,  1.418,  0.830], 
          [ 0.886,  1.181,  1.434,  0.837], 
          [ 0.858,  1.277,  1.176,  0.869], 
          [ 0.826,  1.261,  0.911,  0.867], 
          [ 1.146,  0.992,  1.405,  0.818], 
          [ 1.180,  0.992,  1.119,  0.807], 
          [ 1.088,  0.909,  0.908,  0.813], 
          [ 0.990,  1.116,  0.858,  0.744], 
          [ 0.899,  1.161,  0.874,  0.726], 
          [ 0.850,  1.149,  0.496,  0.775], 
          [ 0.788,  1.245,  0.091,  0.800], 
          [ 1.072,  1.076,  0.853,  0.708], 
          [ 1.109,  1.107,  0.468,  0.803], 
          [ 1.113,  1.112,  0.092,  0.745], 
          [ 0.880,  0.989,  1.647,  0.860], 
          [ 0.938,  0.944,  1.636,  0.829], 
          [ 0.915,  1.070,  1.639,  0.896], 
          [ 1.015,  0.987,  1.627,  0.747], 
          [ 1.039,  0.956,  0.055,  0.682], 
          [ 1.108,  0.970,  0.050,  0.768], 
          [ 1.119,  1.158,  0.055,  0.619], 
          [ 0.713,  1.087,  0.054,  0.783], 
          [ 0.689,  1.135,  0.045,  0.797], 
          [ 0.790,  1.281,  0.060,  0.771]
        ]
    },
    {
        "id": 2,
        "keypoints3d": [
          [-0.917, -1.190,  1.506,  0.859], 
          [-0.977, -1.337,  1.357,  0.893], 
          [-0.828, -1.393,  1.341,  0.859], 
          [-0.829, -1.476,  1.078,  0.784], 
          [-0.914, -1.500,  0.898,  0.729], 
          [-1.125, -1.276,  1.374,  0.854], 
          [-1.192, -1.338,  1.115,  0.719], 
          [-1.147, -1.442,  0.915,  0.692], 
          [-1.009, -1.344,  0.829,  0.764], 
          [-0.915, -1.374,  0.821,  0.754], 
          [-0.947, -1.396,  0.447,  0.788], 
          [-1.002, -1.395,  0.099,  0.780], 
          [-1.096, -1.303,  0.837,  0.758], 
          [-1.126, -1.274,  0.475,  0.823], 
          [-1.215, -1.296,  0.098,  0.781], 
          [-0.886, -1.204,  1.538,  0.882], 
          [-0.952, -1.182,  1.547,  0.865], 
          [-0.858, -1.295,  1.534,  0.767], 
          [-1.012, -1.256,  1.555,  0.798], 
          [-1.172, -1.149,  0.044,  0.741], 
          [-1.220, -1.168,  0.037,  0.779], 
          [-1.222, -1.334,  0.055,  0.757], 
          [-0.890, -1.296,  0.051,  0.755], 
          [-0.876, -1.340,  0.064,  0.735], 
          [-1.034, -1.415,  0.051,  0.765]
        ]
    },
    {
        "id": 4,
        "keypoints3d": [
          [ 1.041, -1.317,  1.582,  0.887], 
          [ 1.129, -1.399,  1.388,  0.877], 
          [ 1.240, -1.283,  1.393,  0.840], 
          [ 1.144, -1.167,  1.179,  0.789], 
          [ 0.970, -1.361,  1.190,  0.806], 
          [ 0.994, -1.513,  1.380,  0.833], 
          [ 0.915, -1.448,  1.141,  0.862], 
          [ 1.078, -1.269,  1.170,  0.794], 
          [ 1.088, -1.359,  0.856,  0.754], 
          [ 1.147, -1.277,  0.864,  0.757], 
          [ 1.171, -1.313,  0.468,  0.791], 
          [ 1.237, -1.353,  0.087,  0.778], 
          [ 1.018, -1.438,  0.859,  0.730], 
          [ 1.035, -1.447,  0.466,  0.749], 
          [ 1.071, -1.469,  0.101,  0.782], 
          [ 1.076, -1.295,  1.616,  0.796], 
          [ 1.019, -1.355,  1.610,  0.882], 
          [ 1.173, -1.324,  1.608,  0.838], 
          [ 1.024, -1.442,  1.587,  0.849], 
          [ 0.985, -1.367,  0.056,  0.701], 
          [ 0.963, -1.433,  0.057,  0.720], 
          [ 1.104, -1.484,  0.058,  0.683], 
          [ 1.112, -1.242,  0.055,  0.803], 
          [ 1.176, -1.218,  0.052,  0.794], 
          [ 1.248, -1.384,  0.042,  0.683]
        ]
    },
    {
        "id": 6,
        "keypoints3d": [
          [-0.272,  0.156,  1.022,  0.885], 
          [-0.224,  0.235,  0.787,  0.832], 
          [-0.379,  0.265,  0.773,  0.783], 
          [-0.510,  0.211,  0.576,  0.774], 
          [-0.505,  0.023,  0.606,  0.761], 
          [-0.086,  0.213,  0.806,  0.743], 
          [ 0.116,  0.109,  0.721,  0.860], 
          [ 0.030, -0.102,  0.654,  0.749], 
          [-0.199, -0.042,  0.417,  0.716], 
          [-0.304, -0.024,  0.401,  0.652], 
          [-0.386, -0.457,  0.378,  0.804], 
          [-0.418, -0.782,  0.226,  0.742], 
          [-0.097, -0.067,  0.431,  0.695], 
          [-0.096, -0.490,  0.433,  0.699], 
          [-0.141, -0.735,  0.186,  0.703], 
          [-0.317,  0.196,  1.052,  0.906], 
          [-0.241,  0.195,  1.041,  0.894], 
          [-0.360,  0.274,  0.994,  0.861], 
          [-0.186,  0.252,  1.002,  0.862], 
          [-0.132, -0.886,  0.197,  0.586], 
          [-0.112, -0.859,  0.192,  0.646], 
          [-0.116, -0.732,  0.168,  0.552], 
          [-0.423, -0.944,  0.314,  0.655], 
          [-0.467, -0.919,  0.289,  0.647], 
          [-0.411, -0.802,  0.195,  0.593]
        ]
    }
]
