[
    {
        "id": 0,
        "keypoints3d": [
          [ 1.037, -1.321,  1.582,  0.878], 
          [ 1.135, -1.406,  1.389,  0.857], 
          [ 1.249, -1.287,  1.392,  0.813], 
          [ 1.139, -1.166,  1.182,  0.867], 
          [ 0.972, -1.362,  1.194,  0.809], 
          [ 1.004, -1.523,  1.381,  0.820], 
          [ 0.916, -1.448,  1.142,  0.850], 
          [ 1.074, -1.254,  1.173,  0.761], 
          [ 1.093, -1.364,  0.859,  0.737], 
          [ 1.156, -1.287,  0.868,  0.716], 
          [ 1.170, -1.309,  0.483,  0.756], 
          [ 1.233, -1.356,  0.093,  0.767], 
          [ 1.024, -1.439,  0.860,  0.727], 
          [ 1.040, -1.442,  0.480,  0.741], 
          [ 1.073, -1.471,  0.105,  0.770], 
          [ 1.076, -1.321,  1.625,  0.816], 
          [ 1.020, -1.358,  1.609,  0.874], 
          [ 1.175, -1.323,  1.605,  0.906], 
          [ 1.051, -1.459,  1.586,  0.849], 
          [ 0.979, -1.359,  0.061,  0.690], 
          [ 0.961, -1.431,  0.059,  0.702], 
          [ 1.110, -1.481,  0.053,  0.674], 
          [ 1.117, -1.241,  0.043,  0.718], 
          [ 1.183, -1.225,  0.043,  0.710], 
          [ 1.246, -1.388,  0.051,  0.628]
        ]
    },
    {
        "id": 2,
        "keypoints3d": [
          [-1.100, -1.149,  1.505,  0.836], 
          [-1.183, -1.292,  1.352,  0.890], 
          [-1.041, -1.361,  1.347,  0.848], 
          [-1.020, -1.422,  1.079,  0.786], 
          [-1.097, -1.451,  0.861,  0.646], 
          [-1.331, -1.220,  1.357,  0.839], 
          [-1.394, -1.286,  1.106,  0.749], 
          [-1.352, -1.373,  0.898,  0.640], 
          [-1.177, -1.299,  0.832,  0.758], 
          [-1.078, -1.328,  0.828,  0.748], 
          [-1.045, -1.340,  0.457,  0.833], 
          [-1.018, -1.393,  0.098,  0.778], 
          [-1.271, -1.259,  0.834,  0.725], 
          [-1.275, -1.295,  0.447,  0.792], 
          [-1.292, -1.341,  0.075,  0.850], 
          [-1.074, -1.172,  1.537,  0.747], 
          [-1.138, -1.149,  1.541,  0.790], 
          [-1.076, -1.270,  1.529,  0.736], 
          [-1.218, -1.197,  1.547,  0.889], 
          [-1.244, -1.175,  0.036,  0.729], 
          [-1.301, -1.192,  0.042,  0.737], 
          [-1.300, -1.376,  0.034,  0.699], 
          [-0.894, -1.286,  0.051,  0.709], 
          [-0.873, -1.324,  0.064,  0.724], 
          [-1.040, -1.420,  0.049,  0.788]
        ]
    },
    {
        "id": 4,
        "keypoints3d": [
          [ 1.021,  1.129,  1.604,  0.834], 
          [ 1.200,  1.168,  1.413,  0.870], 
          [ 1.180,  1.333,  1.422,  0.826], 
          [ 1.209,  1.393,  1.148,  0.863], 
          [ 1.164,  1.411,  0.910,  0.860], 
          [ 1.213,  1.013,  1.414,  0.830], 
          [ 1.201,  0.965,  1.132,  0.833], 
          [ 1.095,  0.973,  0.912,  0.868], 
          [ 1.156,  1.188,  0.866,  0.734], 
          [ 1.167,  1.283,  0.869,  0.710], 
          [ 1.169,  1.274,  0.478,  0.825], 
          [ 1.262,  1.254,  0.094,  0.795], 
          [ 1.164,  1.092,  0.878,  0.724], 
          [ 1.106,  1.051,  0.515,  0.786], 
          [ 1.141,  1.090,  0.108,  0.752], 
          [ 1.037,  1.166,  1.645,  0.796], 
          [ 1.054,  1.089,  1.647,  0.863], 
          [ 1.105,  1.230,  1.635,  0.755], 
          [ 1.149,  1.093,  1.638,  0.780], 
          [ 1.030,  0.976,  0.044,  0.781], 
          [ 1.071,  0.966,  0.037,  0.809], 
          [ 1.164,  1.129,  0.056,  0.796], 
          [ 1.117,  1.228,  0.012,  0.732], 
          [ 1.136,  1.276,  0.019,  0.728], 
          [ 1.304,  1.246,  0.039,  0.781]
        ]
    },
    {
        "id": 6,
        "keypoints3d": [
          [-0.366,  0.077,  1.015,  0.918], 
          [-0.357,  0.138,  0.788,  0.843], 
          [-0.489,  0.057,  0.781,  0.846], 
          [-0.512, -0.055,  0.586,  0.725], 
          [-0.404, -0.195,  0.627,  0.839], 
          [-0.226,  0.224,  0.798,  0.801], 
          [-0.009,  0.241,  0.726,  0.736], 
          [ 0.042,  0.052,  0.660,  0.759], 
          [-0.166, -0.052,  0.424,  0.713], 
          [-0.262, -0.119,  0.426,  0.725], 
          [ 0.028, -0.447,  0.371,  0.789], 
          [ 0.230, -0.723,  0.217,  0.810], 
          [-0.076,  0.006,  0.433,  0.712], 
          [ 0.230, -0.221,  0.420,  0.803], 
          [ 0.466, -0.453,  0.223,  0.824], 
          [-0.405,  0.078,  1.041,  0.803], 
          [-0.350,  0.128,  1.045,  0.876], 
          [-0.483,  0.119,  0.972,  0.843], 
          [-0.319,  0.212,  1.003,  0.953], 
          [ 0.575, -0.545,  0.267,  0.738], 
          [ 0.576, -0.496,  0.247,  0.733], 
          [ 0.471, -0.470,  0.170,  0.656], 
          [ 0.270, -0.825,  0.268,  0.743], 
          [ 0.238, -0.829,  0.264,  0.717], 
          [ 0.264, -0.731,  0.177,  0.697]
        ]
    }
]
