[
    {
        "id": 0,
        "keypoints3d": [
          [ 1.038, -1.316,  1.579,  0.878], 
          [ 1.133, -1.406,  1.387,  0.862], 
          [ 1.250, -1.293,  1.390,  0.819], 
          [ 1.140, -1.171,  1.180,  0.861], 
          [ 0.970, -1.362,  1.192,  0.805], 
          [ 0.998, -1.516,  1.382,  0.822], 
          [ 0.915, -1.447,  1.143,  0.841], 
          [ 1.069, -1.259,  1.172,  0.770], 
          [ 1.092, -1.359,  0.857,  0.724], 
          [ 1.155, -1.280,  0.863,  0.714], 
          [ 1.176, -1.309,  0.469,  0.801], 
          [ 1.238, -1.352,  0.089,  0.728], 
          [ 1.023, -1.434,  0.862,  0.708], 
          [ 1.036, -1.439,  0.466,  0.715], 
          [ 1.070, -1.468,  0.094,  0.834], 
          [ 1.073, -1.312,  1.624,  0.818], 
          [ 1.024, -1.353,  1.606,  0.876], 
          [ 1.173, -1.323,  1.609,  0.840], 
          [ 1.047, -1.453,  1.588,  0.854], 
          [ 0.980, -1.358,  0.062,  0.709], 
          [ 0.959, -1.436,  0.056,  0.725], 
          [ 1.101, -1.483,  0.057,  0.642], 
          [ 1.113, -1.238,  0.053,  0.811], 
          [ 1.176, -1.218,  0.052,  0.804], 
          [ 1.249, -1.387,  0.040,  0.675]
        ]
    },
    {
        "id": 2,
        "keypoints3d": [
          [-0.928, -1.187,  1.512,  0.884], 
          [-0.979, -1.333,  1.352,  0.889], 
          [-0.836, -1.392,  1.344,  0.858], 
          [-0.832, -1.475,  1.082,  0.762], 
          [-0.919, -1.496,  0.883,  0.708], 
          [-1.133, -1.263,  1.358,  0.853], 
          [-1.181, -1.327,  1.092,  0.773], 
          [-1.116, -1.414,  0.870,  0.613], 
          [-0.993, -1.337,  0.828,  0.767], 
          [-0.905, -1.377,  0.816,  0.757], 
          [-0.939, -1.390,  0.443,  0.786], 
          [-0.996, -1.397,  0.093,  0.826], 
          [-1.082, -1.293,  0.836,  0.769], 
          [-1.097, -1.253,  0.471,  0.827], 
          [-1.161, -1.291,  0.106,  0.752], 
          [-0.897, -1.206,  1.542,  0.810], 
          [-0.957, -1.177,  1.547,  0.875], 
          [-0.872, -1.299,  1.536,  0.790], 
          [-1.027, -1.248,  1.551,  0.878], 
          [-1.171, -1.148,  0.051,  0.727], 
          [-1.215, -1.173,  0.051,  0.766], 
          [-1.173, -1.346,  0.053,  0.735], 
          [-0.897, -1.298,  0.055,  0.740], 
          [-0.877, -1.348,  0.064,  0.721], 
          [-1.036, -1.411,  0.053,  0.719]
        ]
    },
    {
        "id": 4,
        "keypoints3d": [
          [ 0.815,  0.964,  1.605,  0.829], 
          [ 0.915,  1.117,  1.417,  0.868], 
          [ 0.772,  1.174,  1.424,  0.852], 
          [ 0.727,  1.258,  1.167,  0.827], 
          [ 0.712,  1.248,  0.915,  0.887], 
          [ 1.072,  1.045,  1.409,  0.819], 
          [ 1.095,  1.027,  1.126,  0.856], 
          [ 1.055,  0.948,  0.904,  0.836], 
          [ 0.907,  1.119,  0.857,  0.765], 
          [ 0.795,  1.149,  0.867,  0.757], 
          [ 0.763,  1.122,  0.487,  0.822], 
          [ 0.650,  1.223,  0.103,  0.834], 
          [ 1.018,  1.098,  0.846,  0.747], 
          [ 1.058,  1.092,  0.472,  0.793], 
          [ 1.114,  1.112,  0.091,  0.840], 
          [ 0.786,  1.014,  1.640,  0.764], 
          [ 0.859,  0.993,  1.636,  0.818], 
          [ 0.809,  1.095,  1.637,  0.868], 
          [ 0.957,  1.054,  1.636,  0.809], 
          [ 1.045,  0.963,  0.049,  0.679], 
          [ 1.106,  0.976,  0.048,  0.682], 
          [ 1.121,  1.142,  0.052,  0.703], 
          [ 0.723,  1.078,  0.053,  0.659], 
          [ 0.673,  1.104,  0.039,  0.711], 
          [ 0.639,  1.256,  0.062,  0.778]
        ]
    },
    {
        "id": 6,
        "keypoints3d": [
          [-0.260,  0.163,  1.030,  0.815], 
          [-0.189,  0.237,  0.794,  0.845], 
          [-0.350,  0.282,  0.776,  0.791], 
          [-0.470,  0.259,  0.584,  0.847], 
          [-0.513,  0.052,  0.616,  0.741], 
          [-0.037,  0.186,  0.822,  0.746], 
          [ 0.126,  0.044,  0.729,  0.859], 
          [ 0.011, -0.121,  0.649,  0.850], 
          [-0.209, -0.020,  0.425,  0.698], 
          [-0.308,  0.023,  0.412,  0.647], 
          [-0.417, -0.370,  0.386,  0.770], 
          [-0.520, -0.691,  0.217,  0.728], 
          [-0.107, -0.071,  0.441,  0.682], 
          [-0.181, -0.481,  0.424,  0.746], 
          [-0.330, -0.687,  0.161,  0.684], 
          [-0.270,  0.206,  1.041,  0.817], 
          [-0.209,  0.204,  1.044,  0.881], 
          [-0.285,  0.279,  0.996,  0.843], 
          [-0.148,  0.259,  0.992,  0.842], 
          [-0.350, -0.819,  0.168,  0.496], 
          [-0.310, -0.785,  0.123,  0.597], 
          [-0.360, -0.676,  0.106,  0.604], 
          [-0.558, -0.840,  0.285,  0.522], 
          [-0.608, -0.805,  0.271,  0.558], 
          [-0.518, -0.708,  0.181,  0.639]
        ]
    }
]
