[
    {
        "id": 0,
        "keypoints3d": [
          [-1.010, -1.187,  1.512,  0.797], 
          [-1.093, -1.317,  1.355,  0.884], 
          [-0.962, -1.379,  1.344,  0.848], 
          [-0.974, -1.440,  1.072,  0.751], 
          [-1.048, -1.457,  0.876,  0.717], 
          [-1.243, -1.222,  1.367,  0.868], 
          [-1.308, -1.272,  1.111,  0.789], 
          [-1.263, -1.373,  0.909,  0.675], 
          [-1.106, -1.304,  0.836,  0.764], 
          [-1.015, -1.342,  0.831,  0.754], 
          [-1.016, -1.371,  0.444,  0.815], 
          [-1.017, -1.396,  0.097,  0.811], 
          [-1.200, -1.261,  0.841,  0.745], 
          [-1.220, -1.302,  0.455,  0.819], 
          [-1.288, -1.335,  0.084,  0.778], 
          [-0.982, -1.218,  1.541,  0.803], 
          [-1.043, -1.170,  1.556,  0.840], 
          [-0.980, -1.306,  1.535,  0.750], 
          [-1.118, -1.223,  1.567,  0.854], 
          [-1.238, -1.175,  0.035,  0.749], 
          [-1.295, -1.189,  0.042,  0.763], 
          [-1.301, -1.378,  0.039,  0.713], 
          [-0.889, -1.289,  0.057,  0.730], 
          [-0.880, -1.331,  0.066,  0.668], 
          [-1.043, -1.418,  0.052,  0.739]
        ]
    },
    {
        "id": 2,
        "keypoints3d": [
          [ 1.037, -1.319,  1.578,  0.875], 
          [ 1.136, -1.406,  1.386,  0.864], 
          [ 1.250, -1.291,  1.390,  0.808], 
          [ 1.140, -1.167,  1.180,  0.857], 
          [ 0.974, -1.362,  1.189,  0.799], 
          [ 1.004, -1.522,  1.379,  0.820], 
          [ 0.919, -1.453,  1.144,  0.857], 
          [ 1.070, -1.263,  1.171,  0.766], 
          [ 1.096, -1.361,  0.861,  0.735], 
          [ 1.157, -1.290,  0.865,  0.722], 
          [ 1.176, -1.309,  0.479,  0.764], 
          [ 1.239, -1.354,  0.092,  0.768], 
          [ 1.025, -1.435,  0.862,  0.719], 
          [ 1.045, -1.442,  0.481,  0.734], 
          [ 1.071, -1.471,  0.104,  0.771], 
          [ 1.074, -1.312,  1.625,  0.823], 
          [ 1.017, -1.360,  1.608,  0.868], 
          [ 1.175, -1.323,  1.605,  0.903], 
          [ 1.046, -1.454,  1.585,  0.860], 
          [ 0.983, -1.365,  0.059,  0.682], 
          [ 0.962, -1.428,  0.056,  0.701], 
          [ 1.106, -1.482,  0.056,  0.678], 
          [ 1.120, -1.234,  0.052,  0.712], 
          [ 1.184, -1.224,  0.045,  0.717], 
          [ 1.249, -1.385,  0.044,  0.623]
        ]
    },
    {
        "id": 4,
        "keypoints3d": [
          [ 1.003,  1.020,  1.616,  0.812], 
          [ 1.145,  1.120,  1.411,  0.857], 
          [ 1.102,  1.280,  1.426,  0.823], 
          [ 1.122,  1.349,  1.165,  0.804], 
          [ 1.090,  1.378,  0.920,  0.826], 
          [ 1.194,  0.971,  1.403,  0.832], 
          [ 1.223,  0.933,  1.122,  0.865], 
          [ 1.158,  0.921,  0.880,  0.871], 
          [ 1.131,  1.154,  0.860,  0.722], 
          [ 1.107,  1.246,  0.862,  0.704], 
          [ 1.130,  1.236,  0.477,  0.832], 
          [ 1.236,  1.255,  0.108,  0.744], 
          [ 1.152,  1.066,  0.862,  0.701], 
          [ 1.140,  1.074,  0.494,  0.817], 
          [ 1.129,  1.104,  0.116,  0.811], 
          [ 0.999,  1.059,  1.652,  0.817], 
          [ 1.045,  1.014,  1.646,  0.749], 
          [ 1.055,  1.147,  1.649,  0.779], 
          [ 1.152,  1.020,  1.635,  0.847], 
          [ 1.036,  0.967,  0.046,  0.705], 
          [ 1.084,  0.965,  0.038,  0.748], 
          [ 1.138,  1.130,  0.080,  0.694], 
          [ 1.129,  1.214,  0.002,  0.638], 
          [ 1.137,  1.271,  0.011,  0.632], 
          [ 1.294,  1.259,  0.047,  0.692]
        ]
    },
    {
        "id": 6,
        "keypoints3d": [
          [-0.344,  0.116,  1.014,  0.799], 
          [-0.348,  0.176,  0.792,  0.866], 
          [-0.483,  0.126,  0.782,  0.831], 
          [-0.541,  0.031,  0.570,  0.782], 
          [-0.460, -0.122,  0.616,  0.879], 
          [-0.192,  0.234,  0.803,  0.779], 
          [ 0.041,  0.237,  0.718,  0.822], 
          [ 0.075,  0.042,  0.651,  0.860], 
          [-0.160, -0.095,  0.461,  0.721], 
          [-0.254, -0.138,  0.454,  0.718], 
          [-0.087, -0.488,  0.383,  0.781], 
          [ 0.031, -0.823,  0.226,  0.821], 
          [-0.051, -0.063,  0.478,  0.718], 
          [ 0.140, -0.324,  0.436,  0.824], 
          [ 0.278, -0.566,  0.233,  0.644], 
          [-0.394,  0.134,  1.033,  0.717], 
          [-0.326,  0.147,  1.048,  0.780], 
          [-0.460,  0.184,  0.981,  0.883], 
          [-0.297,  0.238,  0.996,  0.856], 
          [ 0.431, -0.683,  0.269,  0.721], 
          [ 0.437, -0.655,  0.247,  0.760], 
          [ 0.300, -0.626,  0.199,  0.647], 
          [ 0.070, -0.933,  0.300,  0.706], 
          [ 0.034, -0.928,  0.279,  0.713], 
          [ 0.048, -0.828,  0.184,  0.664]
        ]
    }
]
