[
    {
        "id": 0,
        "keypoints3d": [
          [-0.946, -1.176,  1.506,  0.882], 
          [-0.996, -1.326,  1.347,  0.879], 
          [-0.851, -1.392,  1.342,  0.869], 
          [-0.844, -1.472,  1.090,  0.749], 
          [-0.912, -1.491,  0.878,  0.697], 
          [-1.150, -1.258,  1.343,  0.854], 
          [-1.184, -1.319,  1.089,  0.784], 
          [-1.111, -1.432,  0.867,  0.814], 
          [-0.986, -1.329,  0.824,  0.752], 
          [-0.902, -1.380,  0.815,  0.755], 
          [-0.929, -1.380,  0.441,  0.796], 
          [-0.983, -1.404,  0.094,  0.795], 
          [-1.070, -1.282,  0.830,  0.749], 
          [-1.085, -1.237,  0.469,  0.822], 
          [-1.181, -1.290,  0.098,  0.749], 
          [-0.914, -1.211,  1.538,  0.894], 
          [-0.979, -1.176,  1.544,  0.878], 
          [-0.887, -1.296,  1.537,  0.777], 
          [-1.051, -1.247,  1.549,  0.856], 
          [-1.180, -1.148,  0.038,  0.708], 
          [-1.227, -1.171,  0.044,  0.729], 
          [-1.194, -1.336,  0.056,  0.715], 
          [-0.911, -1.292,  0.059,  0.736], 
          [-0.881, -1.338,  0.067,  0.719], 
          [-1.018, -1.421,  0.069,  0.658]
        ]
    },
    {
        "id": 2,
        "keypoints3d": [
          [ 1.037, -1.318,  1.579,  0.877], 
          [ 1.133, -1.406,  1.387,  0.861], 
          [ 1.253, -1.293,  1.392,  0.819], 
          [ 1.144, -1.170,  1.179,  0.800], 
          [ 0.971, -1.362,  1.189,  0.806], 
          [ 0.996, -1.519,  1.380,  0.821], 
          [ 0.912, -1.444,  1.146,  0.887], 
          [ 1.072, -1.259,  1.175,  0.774], 
          [ 1.090, -1.359,  0.855,  0.728], 
          [ 1.155, -1.281,  0.862,  0.714], 
          [ 1.176, -1.309,  0.469,  0.807], 
          [ 1.228, -1.354,  0.082,  0.751], 
          [ 1.022, -1.433,  0.860,  0.712], 
          [ 1.037, -1.440,  0.471,  0.718], 
          [ 1.066, -1.467,  0.096,  0.839], 
          [ 1.073, -1.312,  1.624,  0.821], 
          [ 1.018, -1.358,  1.606,  0.873], 
          [ 1.173, -1.324,  1.610,  0.839], 
          [ 1.049, -1.457,  1.587,  0.860], 
          [ 0.973, -1.370,  0.061,  0.654], 
          [ 0.953, -1.437,  0.057,  0.668], 
          [ 1.100, -1.484,  0.055,  0.651], 
          [ 1.113, -1.236,  0.055,  0.810], 
          [ 1.176, -1.220,  0.055,  0.799], 
          [ 1.248, -1.388,  0.038,  0.614]
        ]
    },
    {
        "id": 4,
        "keypoints3d": [
          [ 0.722,  0.978,  1.601,  0.860], 
          [ 0.806,  1.130,  1.418,  0.858], 
          [ 0.640,  1.168,  1.417,  0.825], 
          [ 0.590,  1.243,  1.143,  0.811], 
          [ 0.567,  1.220,  0.890,  0.846], 
          [ 0.965,  1.108,  1.418,  0.847], 
          [ 1.027,  1.112,  1.155,  0.700], 
          [ 1.016,  1.033,  0.914,  0.796], 
          [ 0.817,  1.118,  0.854,  0.728], 
          [ 0.716,  1.138,  0.853,  0.717], 
          [ 0.700,  1.129,  0.479,  0.803], 
          [ 0.633,  1.208,  0.108,  0.812], 
          [ 0.927,  1.106,  0.859,  0.709], 
          [ 1.000,  1.096,  0.492,  0.828], 
          [ 1.091,  1.120,  0.104,  0.810], 
          [ 0.695,  1.003,  1.640,  0.820], 
          [ 0.768,  0.990,  1.635,  0.759], 
          [ 0.683,  1.102,  1.637,  0.755], 
          [ 0.852,  1.040,  1.639,  0.886], 
          [ 1.038,  0.990,  0.036,  0.649], 
          [ 1.103,  0.999,  0.043,  0.597], 
          [ 1.115,  1.134,  0.068,  0.710], 
          [ 0.706,  1.098,  0.043,  0.701], 
          [ 0.661,  1.108,  0.030,  0.716], 
          [ 0.615,  1.239,  0.065,  0.708]
        ]
    },
    {
        "id": 6,
        "keypoints3d": [
          [-0.223,  0.192,  1.025,  0.888], 
          [-0.173,  0.227,  0.790,  0.814], 
          [-0.293,  0.322,  0.780,  0.782], 
          [-0.431,  0.307,  0.577,  0.764], 
          [-0.501,  0.123,  0.614,  0.770], 
          [-0.051,  0.136,  0.825,  0.797], 
          [ 0.121, -0.023,  0.730,  0.832], 
          [-0.019, -0.173,  0.653,  0.819], 
          [-0.253, -0.040,  0.442,  0.704], 
          [-0.340,  0.031,  0.430,  0.660], 
          [-0.527, -0.325,  0.445,  0.711], 
          [-0.693, -0.630,  0.313,  0.649], 
          [-0.165, -0.096,  0.461,  0.712], 
          [-0.299, -0.473,  0.446,  0.738], 
          [-0.488, -0.615,  0.125,  0.702], 
          [-0.244,  0.225,  1.040,  0.852], 
          [-0.178,  0.199,  1.043,  0.793], 
          [-0.221,  0.311,  0.990,  0.889], 
          [-0.088,  0.232,  1.003,  0.743], 
          [-0.492, -0.734,  0.122,  0.678], 
          [-0.455, -0.719,  0.118,  0.706], 
          [-0.506, -0.602,  0.080,  0.606], 
          [-0.804, -0.756,  0.465,  0.686], 
          [-0.806, -0.730,  0.436,  0.711], 
          [-0.698, -0.655,  0.271,  0.548]
        ]
    }
]
