[
    {
        "id": 0,
        "keypoints3d": [
          [ 1.038, -1.314,  1.579,  0.880], 
          [ 1.136, -1.405,  1.387,  0.862], 
          [ 1.248, -1.288,  1.390,  0.813], 
          [ 1.143, -1.168,  1.177,  0.807], 
          [ 0.973, -1.363,  1.192,  0.800], 
          [ 1.005, -1.522,  1.380,  0.819], 
          [ 0.920, -1.452,  1.142,  0.861], 
          [ 1.072, -1.259,  1.171,  0.775], 
          [ 1.094, -1.360,  0.857,  0.724], 
          [ 1.154, -1.284,  0.861,  0.714], 
          [ 1.171, -1.312,  0.470,  0.789], 
          [ 1.236, -1.352,  0.086,  0.776], 
          [ 1.021, -1.438,  0.859,  0.709], 
          [ 1.041, -1.443,  0.470,  0.703], 
          [ 1.072, -1.470,  0.103,  0.760], 
          [ 1.076, -1.295,  1.615,  0.801], 
          [ 1.020, -1.359,  1.608,  0.872], 
          [ 1.173, -1.324,  1.608,  0.836], 
          [ 1.048, -1.453,  1.587,  0.857], 
          [ 0.986, -1.361,  0.054,  0.685], 
          [ 0.966, -1.429,  0.058,  0.705], 
          [ 1.105, -1.486,  0.053,  0.681], 
          [ 1.120, -1.240,  0.050,  0.704], 
          [ 1.186, -1.231,  0.046,  0.712], 
          [ 1.248, -1.389,  0.041,  0.677]
        ]
    },
    {
        "id": 2,
        "keypoints3d": [
          [-0.927, -1.194,  1.510,  0.837], 
          [-1.007, -1.332,  1.352,  0.877], 
          [-0.867, -1.393,  1.335,  0.863], 
          [-0.903, -1.462,  1.064,  0.736], 
          [-0.971, -1.490,  0.863,  0.684], 
          [-1.160, -1.269,  1.376,  0.874], 
          [-1.220, -1.325,  1.113,  0.740], 
          [-1.184, -1.399,  0.912,  0.657], 
          [-1.046, -1.328,  0.830,  0.763], 
          [-0.953, -1.365,  0.824,  0.739], 
          [-0.970, -1.393,  0.445,  0.805], 
          [-1.005, -1.395,  0.099,  0.854], 
          [-1.135, -1.282,  0.839,  0.742], 
          [-1.182, -1.283,  0.470,  0.818], 
          [-1.276, -1.323,  0.093,  0.797], 
          [-0.895, -1.212,  1.538,  0.867], 
          [-0.961, -1.187,  1.548,  0.871], 
          [-0.882, -1.296,  1.527,  0.756], 
          [-1.033, -1.263,  1.565,  0.863], 
          [-1.234, -1.171,  0.036,  0.758], 
          [-1.289, -1.184,  0.048,  0.777], 
          [-1.297, -1.370,  0.050,  0.717], 
          [-0.884, -1.283,  0.047,  0.727], 
          [-0.873, -1.334,  0.062,  0.714], 
          [-1.033, -1.414,  0.057,  0.765]
        ]
    },
    {
        "id": 4,
        "keypoints3d": [
          [ 0.967,  0.954,  1.614,  0.806], 
          [ 1.097,  1.080,  1.417,  0.839], 
          [ 1.001,  1.211,  1.440,  0.813], 
          [ 1.031,  1.327,  1.182,  0.816], 
          [ 0.978,  1.353,  0.939,  0.795], 
          [ 1.184,  0.956,  1.404,  0.806], 
          [ 1.228,  0.932,  1.125,  0.828], 
          [ 1.196,  0.913,  0.882,  0.750], 
          [ 1.060,  1.141,  0.863,  0.718], 
          [ 1.002,  1.208,  0.872,  0.713], 
          [ 0.993,  1.218,  0.492,  0.806], 
          [ 1.040,  1.278,  0.115,  0.761], 
          [ 1.125,  1.053,  0.861,  0.709], 
          [ 1.128,  1.082,  0.489,  0.785], 
          [ 1.122,  1.120,  0.098,  0.796], 
          [ 0.968,  0.994,  1.658,  0.860], 
          [ 1.013,  0.943,  1.648,  0.804], 
          [ 1.001,  1.086,  1.651,  0.863], 
          [ 1.101,  0.972,  1.632,  0.855], 
          [ 1.041,  0.971,  0.059,  0.722], 
          [ 1.099,  0.973,  0.055,  0.724], 
          [ 1.126,  1.153,  0.071,  0.675], 
          [ 0.907,  1.168,  0.054,  0.801], 
          [ 0.902,  1.240,  0.061,  0.802], 
          [ 1.065,  1.312,  0.067,  0.728]
        ]
    },
    {
        "id": 6,
        "keypoints3d": [
          [-0.319,  0.146,  1.015,  0.799], 
          [-0.286,  0.215,  0.791,  0.846], 
          [-0.426,  0.205,  0.771,  0.800], 
          [-0.529,  0.112,  0.577,  0.699], 
          [-0.492, -0.057,  0.623,  0.840], 
          [-0.117,  0.225,  0.816,  0.765], 
          [ 0.096,  0.166,  0.715,  0.857], 
          [ 0.066, -0.044,  0.644,  0.763], 
          [-0.180, -0.095,  0.462,  0.722], 
          [-0.281, -0.108,  0.440,  0.666], 
          [-0.225, -0.483,  0.398,  0.808], 
          [-0.199, -0.816,  0.257,  0.777], 
          [-0.067, -0.095,  0.484,  0.702], 
          [ 0.054, -0.450,  0.433,  0.854], 
          [ 0.099, -0.727,  0.243,  0.730], 
          [-0.363,  0.177,  1.044,  0.743], 
          [-0.280,  0.193,  1.040,  0.857], 
          [-0.409,  0.240,  0.981,  0.856], 
          [-0.237,  0.267,  0.993,  0.882], 
          [ 0.192, -0.850,  0.284,  0.730], 
          [ 0.215, -0.814,  0.270,  0.757], 
          [ 0.099, -0.756,  0.197,  0.701], 
          [-0.142, -0.985,  0.331,  0.712], 
          [-0.174, -0.973,  0.324,  0.718], 
          [-0.193, -0.848,  0.221,  0.631]
        ]
    }
]
