[
    {
        "id": 0,
        "keypoints3d": [
          [-1.030, -1.181,  1.506,  0.853], 
          [-1.122, -1.313,  1.351,  0.869], 
          [-0.979, -1.377,  1.345,  0.864], 
          [-0.997, -1.438,  1.066,  0.756], 
          [-1.056, -1.452,  0.857,  0.718], 
          [-1.274, -1.234,  1.363,  0.853], 
          [-1.329, -1.274,  1.105,  0.755], 
          [-1.296, -1.376,  0.902,  0.624], 
          [-1.129, -1.298,  0.836,  0.748], 
          [-1.035, -1.337,  0.830,  0.753], 
          [-1.024, -1.373,  0.444,  0.831], 
          [-1.018, -1.399,  0.099,  0.828], 
          [-1.226, -1.256,  0.842,  0.735], 
          [-1.242, -1.306,  0.453,  0.816], 
          [-1.291, -1.335,  0.083,  0.785], 
          [-1.007, -1.204,  1.534,  0.812], 
          [-1.070, -1.170,  1.549,  0.868], 
          [-1.014, -1.289,  1.535,  0.734], 
          [-1.157, -1.221,  1.559,  0.851], 
          [-1.240, -1.173,  0.035,  0.746], 
          [-1.299, -1.188,  0.044,  0.753], 
          [-1.302, -1.379,  0.040,  0.702], 
          [-0.897, -1.276,  0.072,  0.709], 
          [-0.876, -1.318,  0.078,  0.723], 
          [-1.044, -1.422,  0.052,  0.744]
        ]
    },
    {
        "id": 2,
        "keypoints3d": [
          [ 1.036, -1.320,  1.578,  0.877], 
          [ 1.136, -1.405,  1.387,  0.864], 
          [ 1.250, -1.290,  1.392,  0.813], 
          [ 1.140, -1.166,  1.182,  0.863], 
          [ 0.974, -1.363,  1.190,  0.802], 
          [ 1.004, -1.522,  1.380,  0.818], 
          [ 0.919, -1.452,  1.143,  0.854], 
          [ 1.068, -1.257,  1.173,  0.765], 
          [ 1.093, -1.362,  0.859,  0.733], 
          [ 1.157, -1.287,  0.867,  0.717], 
          [ 1.173, -1.311,  0.478,  0.745], 
          [ 1.238, -1.352,  0.091,  0.751], 
          [ 1.023, -1.438,  0.861,  0.722], 
          [ 1.044, -1.444,  0.480,  0.734], 
          [ 1.072, -1.470,  0.105,  0.788], 
          [ 1.074, -1.312,  1.624,  0.826], 
          [ 1.017, -1.360,  1.608,  0.870], 
          [ 1.175, -1.323,  1.605,  0.907], 
          [ 1.047, -1.454,  1.585,  0.860], 
          [ 0.975, -1.357,  0.058,  0.692], 
          [ 0.962, -1.428,  0.054,  0.709], 
          [ 1.101, -1.483,  0.057,  0.622], 
          [ 1.112, -1.233,  0.053,  0.708], 
          [ 1.184, -1.224,  0.045,  0.714], 
          [ 1.248, -1.385,  0.042,  0.628]
        ]
    },
    {
        "id": 4,
        "keypoints3d": [
          [ 1.009,  1.057,  1.610,  0.780], 
          [ 1.166,  1.132,  1.413,  0.874], 
          [ 1.126,  1.296,  1.426,  0.848], 
          [ 1.159,  1.376,  1.159,  0.824], 
          [ 1.114,  1.389,  0.915,  0.820], 
          [ 1.202,  0.976,  1.408,  0.829], 
          [ 1.220,  0.933,  1.127,  0.857], 
          [ 1.142,  0.922,  0.888,  0.874], 
          [ 1.141,  1.160,  0.864,  0.725], 
          [ 1.123,  1.255,  0.863,  0.708], 
          [ 1.147,  1.244,  0.479,  0.818], 
          [ 1.241,  1.256,  0.107,  0.777], 
          [ 1.156,  1.071,  0.870,  0.689], 
          [ 1.137,  1.073,  0.499,  0.798], 
          [ 1.132,  1.098,  0.117,  0.761], 
          [ 1.019,  1.092,  1.648,  0.818], 
          [ 1.057,  1.036,  1.646,  0.796], 
          [ 1.074,  1.170,  1.647,  0.814], 
          [ 1.155,  1.034,  1.636,  0.860], 
          [ 1.040,  0.969,  0.044,  0.740], 
          [ 1.084,  0.971,  0.037,  0.785], 
          [ 1.146,  1.127,  0.076,  0.707], 
          [ 1.123,  1.216,  0.002,  0.640], 
          [ 1.150,  1.267,  0.010,  0.718], 
          [ 1.291,  1.263,  0.048,  0.685]
        ]
    },
    {
        "id": 6,
        "keypoints3d": [
          [-0.349,  0.111,  1.013,  0.913], 
          [-0.353,  0.174,  0.791,  0.865], 
          [-0.492,  0.106,  0.782,  0.839], 
          [-0.542,  0.002,  0.579,  0.738], 
          [-0.450, -0.140,  0.627,  0.835], 
          [-0.199,  0.235,  0.794,  0.812], 
          [ 0.034,  0.239,  0.715,  0.826], 
          [ 0.077,  0.045,  0.649,  0.871], 
          [-0.159, -0.076,  0.442,  0.720], 
          [-0.259, -0.133,  0.443,  0.701], 
          [-0.053, -0.490,  0.379,  0.656], 
          [ 0.092, -0.787,  0.236,  0.787], 
          [-0.056, -0.031,  0.450,  0.723], 
          [ 0.173, -0.314,  0.422,  0.741], 
          [ 0.318, -0.563,  0.193,  0.652], 
          [-0.400,  0.131,  1.030,  0.765], 
          [-0.330,  0.146,  1.045,  0.773], 
          [-0.471,  0.156,  0.982,  0.847], 
          [-0.324,  0.237,  0.991,  0.762], 
          [ 0.488, -0.663,  0.285,  0.747], 
          [ 0.497, -0.619,  0.268,  0.766], 
          [ 0.346, -0.623,  0.172,  0.706], 
          [ 0.141, -0.903,  0.300,  0.647], 
          [ 0.106, -0.894,  0.287,  0.630], 
          [ 0.108, -0.804,  0.203,  0.662]
        ]
    }
]
