[
    {
        "id": 0,
        "keypoints3d": [
          [-0.946, -1.170,  1.508,  0.884], 
          [-0.998, -1.322,  1.347,  0.878], 
          [-0.857, -1.389,  1.343,  0.874], 
          [-0.850, -1.468,  1.086,  0.832], 
          [-0.912, -1.486,  0.871,  0.705], 
          [-1.154, -1.259,  1.348,  0.854], 
          [-1.185, -1.322,  1.088,  0.774], 
          [-1.107, -1.434,  0.873,  0.805], 
          [-0.991, -1.326,  0.823,  0.758], 
          [-0.904, -1.377,  0.818,  0.755], 
          [-0.931, -1.384,  0.448,  0.777], 
          [-0.991, -1.400,  0.106,  0.824], 
          [-1.072, -1.286,  0.829,  0.751], 
          [-1.086, -1.239,  0.475,  0.821], 
          [-1.196, -1.291,  0.097,  0.846], 
          [-0.918, -1.206,  1.539,  0.815], 
          [-0.982, -1.180,  1.545,  0.872], 
          [-0.902, -1.292,  1.533,  0.724], 
          [-1.059, -1.248,  1.550,  0.846], 
          [-1.192, -1.139,  0.040,  0.747], 
          [-1.236, -1.162,  0.044,  0.787], 
          [-1.208, -1.329,  0.055,  0.745], 
          [-0.910, -1.292,  0.057,  0.736], 
          [-0.880, -1.340,  0.070,  0.714], 
          [-1.021, -1.417,  0.076,  0.697]
        ]
    },
    {
        "id": 2,
        "keypoints3d": [
          [ 1.037, -1.318,  1.579,  0.877], 
          [ 1.134, -1.407,  1.387,  0.863], 
          [ 1.250, -1.294,  1.391,  0.821], 
          [ 1.144, -1.171,  1.179,  0.795], 
          [ 0.971, -1.362,  1.189,  0.805], 
          [ 0.997, -1.517,  1.380,  0.821], 
          [ 0.912, -1.444,  1.146,  0.888], 
          [ 1.071, -1.258,  1.172,  0.776], 
          [ 1.090, -1.359,  0.855,  0.727], 
          [ 1.154, -1.281,  0.862,  0.716], 
          [ 1.179, -1.308,  0.472,  0.744], 
          [ 1.231, -1.356,  0.076,  0.761], 
          [ 1.022, -1.434,  0.862,  0.709], 
          [ 1.037, -1.439,  0.472,  0.719], 
          [ 1.069, -1.465,  0.101,  0.838], 
          [ 1.075, -1.294,  1.614,  0.807], 
          [ 1.018, -1.358,  1.606,  0.871], 
          [ 1.174, -1.318,  1.606,  0.901], 
          [ 1.049, -1.457,  1.587,  0.861], 
          [ 0.973, -1.369,  0.059,  0.663], 
          [ 0.954, -1.435,  0.058,  0.672], 
          [ 1.100, -1.483,  0.055,  0.661], 
          [ 1.113, -1.238,  0.053,  0.811], 
          [ 1.176, -1.218,  0.052,  0.800], 
          [ 1.245, -1.392,  0.036,  0.630]
        ]
    },
    {
        "id": 4,
        "keypoints3d": [
          [ 0.703,  0.981,  1.606,  0.798], 
          [ 0.777,  1.143,  1.419,  0.850], 
          [ 0.618,  1.160,  1.412,  0.839], 
          [ 0.570,  1.230,  1.138,  0.839], 
          [ 0.542,  1.199,  0.886,  0.853], 
          [ 0.942,  1.123,  1.420,  0.835], 
          [ 1.007,  1.140,  1.162,  0.808], 
          [ 1.008,  1.069,  0.922,  0.778], 
          [ 0.794,  1.129,  0.852,  0.723], 
          [ 0.694,  1.131,  0.853,  0.719], 
          [ 0.686,  1.131,  0.475,  0.752], 
          [ 0.631,  1.207,  0.103,  0.815], 
          [ 0.898,  1.131,  0.857,  0.696], 
          [ 0.984,  1.111,  0.489,  0.745], 
          [ 1.065,  1.149,  0.109,  0.805], 
          [ 0.675,  1.007,  1.645,  0.777], 
          [ 0.744,  1.001,  1.644,  0.891], 
          [ 0.651,  1.089,  1.637,  0.747], 
          [ 0.821,  1.057,  1.641,  0.892], 
          [ 1.035,  1.010,  0.042,  0.599], 
          [ 1.103,  1.021,  0.050,  0.600], 
          [ 1.075,  1.185,  0.058,  0.725], 
          [ 0.713,  1.100,  0.044,  0.702], 
          [ 0.661,  1.110,  0.033,  0.710], 
          [ 0.611,  1.240,  0.061,  0.705]
        ]
    },
    {
        "id": 6,
        "keypoints3d": [
          [-0.212,  0.197,  1.027,  0.836], 
          [-0.157,  0.237,  0.793,  0.831], 
          [-0.280,  0.327,  0.777,  0.779], 
          [-0.402,  0.317,  0.573,  0.765], 
          [-0.491,  0.150,  0.607,  0.797], 
          [-0.039,  0.143,  0.829,  0.796], 
          [ 0.092, -0.044,  0.719,  0.765], 
          [-0.066, -0.188,  0.634,  0.777], 
          [-0.247, -0.026,  0.439,  0.703], 
          [-0.334,  0.046,  0.428,  0.655], 
          [-0.551, -0.305,  0.472,  0.806], 
          [-0.763, -0.651,  0.375,  0.719], 
          [-0.163, -0.086,  0.452,  0.710], 
          [-0.323, -0.472,  0.434,  0.753], 
          [-0.526, -0.586,  0.128,  0.784], 
          [-0.218,  0.236,  1.038,  0.875], 
          [-0.170,  0.199,  1.042,  0.716], 
          [-0.203,  0.321,  0.985,  0.848], 
          [-0.082,  0.242,  0.995,  0.746], 
          [-0.554, -0.714,  0.110,  0.608], 
          [-0.512, -0.697,  0.109,  0.621], 
          [-0.566, -0.578,  0.082,  0.672], 
          [-0.821, -0.742,  0.508,  0.579], 
          [-0.823, -0.713,  0.479,  0.595], 
          [-0.776, -0.681,  0.340,  0.595]
        ]
    }
]
