[
    {
        "id": 0,
        "keypoints3d": [
          [ 1.038, -1.314,  1.579,  0.879], 
          [ 1.136, -1.405,  1.387,  0.861], 
          [ 1.250, -1.288,  1.390,  0.817], 
          [ 1.142, -1.168,  1.177,  0.790], 
          [ 0.974, -1.363,  1.190,  0.804], 
          [ 1.000, -1.517,  1.380,  0.818], 
          [ 0.916, -1.447,  1.142,  0.856], 
          [ 1.068, -1.258,  1.172,  0.769], 
          [ 1.090, -1.359,  0.856,  0.721], 
          [ 1.152, -1.281,  0.863,  0.710], 
          [ 1.171, -1.314,  0.468,  0.793], 
          [ 1.237, -1.351,  0.086,  0.710], 
          [ 1.021, -1.437,  0.859,  0.708], 
          [ 1.038, -1.445,  0.467,  0.701], 
          [ 1.072, -1.470,  0.101,  0.778], 
          [ 1.076, -1.295,  1.616,  0.802], 
          [ 1.021, -1.359,  1.608,  0.873], 
          [ 1.173, -1.324,  1.608,  0.838], 
          [ 1.047, -1.452,  1.586,  0.856], 
          [ 0.985, -1.367,  0.053,  0.694], 
          [ 0.964, -1.437,  0.056,  0.716], 
          [ 1.104, -1.483,  0.055,  0.685], 
          [ 1.121, -1.250,  0.048,  0.710], 
          [ 1.186, -1.230,  0.043,  0.715], 
          [ 1.248, -1.383,  0.047,  0.687]
        ]
    },
    {
        "id": 2,
        "keypoints3d": [
          [ 0.931,  0.943,  1.611,  0.857], 
          [ 1.051,  1.084,  1.418,  0.861], 
          [ 0.923,  1.185,  1.440,  0.854], 
          [ 0.916,  1.293,  1.179,  0.881], 
          [ 0.873,  1.304,  0.936,  0.864], 
          [ 1.163,  0.970,  1.404,  0.829], 
          [ 1.208,  0.957,  1.113,  0.833], 
          [ 1.116,  0.907,  0.890,  0.841], 
          [ 1.011,  1.130,  0.871,  0.729], 
          [ 0.933,  1.193,  0.887,  0.721], 
          [ 0.876,  1.175,  0.506,  0.756], 
          [ 0.857,  1.254,  0.105,  0.853], 
          [ 1.102,  1.080,  0.861,  0.717], 
          [ 1.120,  1.109,  0.473,  0.802], 
          [ 1.117,  1.114,  0.091,  0.801], 
          [ 0.916,  0.971,  1.649,  0.848], 
          [ 0.978,  0.937,  1.635,  0.823], 
          [ 0.949,  1.071,  1.644,  0.868], 
          [ 1.079,  0.966,  1.636,  0.717], 
          [ 1.051,  0.968,  0.048,  0.711], 
          [ 1.114,  0.976,  0.043,  0.712], 
          [ 1.118,  1.156,  0.055,  0.618], 
          [ 0.761,  1.113,  0.052,  0.739], 
          [ 0.732,  1.170,  0.052,  0.754], 
          [ 0.884,  1.280,  0.052,  0.763]
        ]
    },
    {
        "id": 4,
        "keypoints3d": [
          [-0.915, -1.194,  1.507,  0.865], 
          [-0.980, -1.337,  1.357,  0.892], 
          [-0.836, -1.393,  1.341,  0.868], 
          [-0.845, -1.466,  1.073,  0.784], 
          [-0.926, -1.501,  0.891,  0.710], 
          [-1.130, -1.275,  1.375,  0.861], 
          [-1.202, -1.346,  1.123,  0.754], 
          [-1.147, -1.441,  0.916,  0.672], 
          [-1.017, -1.342,  0.828,  0.760], 
          [-0.920, -1.375,  0.820,  0.748], 
          [-0.959, -1.397,  0.446,  0.792], 
          [-1.005, -1.400,  0.098,  0.808], 
          [-1.104, -1.303,  0.839,  0.753], 
          [-1.151, -1.281,  0.472,  0.794], 
          [-1.230, -1.312,  0.091,  0.793], 
          [-0.882, -1.207,  1.536,  0.870], 
          [-0.943, -1.185,  1.547,  0.851], 
          [-0.854, -1.294,  1.529,  0.674], 
          [-1.008, -1.255,  1.556,  0.733], 
          [-1.199, -1.158,  0.039,  0.731], 
          [-1.244, -1.178,  0.045,  0.761], 
          [-1.245, -1.350,  0.050,  0.721], 
          [-0.905, -1.284,  0.053,  0.737], 
          [-0.880, -1.346,  0.063,  0.730], 
          [-1.031, -1.418,  0.058,  0.722]
        ]
    },
    {
        "id": 6,
        "keypoints3d": [
          [-0.284,  0.156,  1.021,  0.876], 
          [-0.238,  0.226,  0.787,  0.831], 
          [-0.399,  0.237,  0.772,  0.809], 
          [-0.515,  0.182,  0.576,  0.768], 
          [-0.492, -0.012,  0.613,  0.788], 
          [-0.087,  0.224,  0.819,  0.790], 
          [ 0.098,  0.107,  0.722,  0.837], 
          [ 0.029, -0.094,  0.656,  0.761], 
          [-0.188, -0.043,  0.416,  0.741], 
          [-0.297, -0.036,  0.404,  0.698], 
          [-0.341, -0.468,  0.401,  0.810], 
          [-0.380, -0.818,  0.242,  0.805], 
          [-0.086, -0.048,  0.428,  0.700], 
          [-0.067, -0.485,  0.434,  0.709], 
          [-0.080, -0.773,  0.208,  0.765], 
          [-0.325,  0.200,  1.047,  0.766], 
          [-0.256,  0.195,  1.041,  0.914], 
          [-0.368,  0.270,  0.981,  0.867], 
          [-0.197,  0.256,  0.999,  0.890], 
          [-0.027, -0.909,  0.237,  0.632], 
          [-0.003, -0.879,  0.217,  0.653], 
          [-0.090, -0.792,  0.170,  0.626], 
          [-0.343, -0.992,  0.311,  0.639], 
          [-0.383, -0.949,  0.298,  0.675], 
          [-0.362, -0.845,  0.210,  0.621]
        ]
    }
]
