[
    {
        "id": 0,
        "keypoints3d": [
          [ 1.032, -1.332,  1.587,  0.885], 
          [ 1.134, -1.406,  1.391,  0.858], 
          [ 1.246, -1.291,  1.392,  0.804], 
          [ 1.138, -1.168,  1.177,  0.815], 
          [ 0.970, -1.362,  1.193,  0.817], 
          [ 1.002, -1.524,  1.380,  0.819], 
          [ 0.911, -1.449,  1.146,  0.853], 
          [ 1.064, -1.256,  1.179,  0.768], 
          [ 1.089, -1.361,  0.862,  0.729], 
          [ 1.152, -1.284,  0.869,  0.710], 
          [ 1.172, -1.308,  0.475,  0.754], 
          [ 1.235, -1.350,  0.080,  0.784], 
          [ 1.023, -1.439,  0.860,  0.723], 
          [ 1.037, -1.438,  0.476,  0.742], 
          [ 1.072, -1.469,  0.100,  0.804], 
          [ 1.077, -1.323,  1.630,  0.910], 
          [ 1.017, -1.368,  1.613,  0.867], 
          [ 1.181, -1.303,  1.613,  0.866], 
          [ 1.052, -1.461,  1.588,  0.822], 
          [ 0.975, -1.358,  0.065,  0.703], 
          [ 0.963, -1.432,  0.059,  0.727], 
          [ 1.104, -1.485,  0.055,  0.629], 
          [ 1.122, -1.239,  0.048,  0.644], 
          [ 1.187, -1.222,  0.048,  0.668], 
          [ 1.244, -1.386,  0.039,  0.654]
        ]
    },
    {
        "id": 2,
        "keypoints3d": [
          [-1.178, -1.129,  1.498,  0.883], 
          [-1.256, -1.276,  1.344,  0.865], 
          [-1.102, -1.335,  1.346,  0.867], 
          [-1.092, -1.415,  1.081,  0.801], 
          [-1.171, -1.436,  0.866,  0.688], 
          [-1.409, -1.220,  1.342,  0.832], 
          [-1.456, -1.295,  1.079,  0.739], 
          [-1.380, -1.390,  0.855,  0.705], 
          [-1.248, -1.282,  0.823,  0.745], 
          [-1.149, -1.311,  0.826,  0.733], 
          [-1.092, -1.280,  0.466,  0.831], 
          [-1.100, -1.356,  0.098,  0.773], 
          [-1.338, -1.258,  0.821,  0.728], 
          [-1.327, -1.285,  0.430,  0.773], 
          [-1.304, -1.332,  0.086,  0.739], 
          [-1.157, -1.144,  1.519,  0.834], 
          [-1.210, -1.134,  1.525,  0.768], 
          [-1.161, -1.251,  1.528,  0.790], 
          [-1.300, -1.165,  1.532,  0.887], 
          [-1.244, -1.174,  0.033,  0.740], 
          [-1.301, -1.197,  0.036,  0.747], 
          [-1.294, -1.370,  0.039,  0.670], 
          [-0.978, -1.237,  0.071,  0.760], 
          [-0.967, -1.289,  0.078,  0.739], 
          [-1.130, -1.387,  0.038,  0.724]
        ]
    },
    {
        "id": 4,
        "keypoints3d": [
          [ 1.042,  1.186,  1.611,  0.842], 
          [ 1.197,  1.190,  1.416,  0.889], 
          [ 1.226,  1.351,  1.417,  0.846], 
          [ 1.274,  1.402,  1.149,  0.802], 
          [ 1.237,  1.426,  0.899,  0.816], 
          [ 1.170,  1.034,  1.422,  0.864], 
          [ 1.166,  0.994,  1.156,  0.830], 
          [ 1.089,  1.055,  0.921,  0.833], 
          [ 1.172,  1.201,  0.876,  0.750], 
          [ 1.199,  1.293,  0.870,  0.745], 
          [ 1.197,  1.274,  0.475,  0.848], 
          [ 1.251,  1.245,  0.085,  0.830], 
          [ 1.161,  1.095,  0.886,  0.750], 
          [ 1.135,  1.050,  0.508,  0.853], 
          [ 1.210,  1.015,  0.106,  0.865], 
          [ 1.059,  1.226,  1.649,  0.885], 
          [ 1.052,  1.161,  1.648,  0.774], 
          [ 1.155,  1.261,  1.637,  0.767], 
          [ 1.128,  1.122,  1.635,  0.782], 
          [ 1.055,  1.036,  0.060,  0.761], 
          [ 1.093,  0.975,  0.046,  0.791], 
          [ 1.254,  1.030,  0.055,  0.752], 
          [ 1.093,  1.254,  0.029,  0.734], 
          [ 1.124,  1.298,  0.031,  0.701], 
          [ 1.294,  1.230,  0.033,  0.665]
        ]
    },
    {
        "id": 6,
        "keypoints3d": [
          [-0.365,  0.040,  1.008,  0.858], 
          [-0.391,  0.101,  0.778,  0.783], 
          [-0.488, -0.013,  0.766,  0.756], 
          [-0.499, -0.108,  0.550,  0.846], 
          [-0.356, -0.215,  0.604,  0.902], 
          [-0.289,  0.209,  0.816,  0.825], 
          [-0.105,  0.329,  0.706,  0.864], 
          [ 0.036,  0.165,  0.653,  0.839], 
          [-0.157, -0.020,  0.411,  0.713], 
          [-0.228, -0.098,  0.389,  0.642], 
          [ 0.154, -0.359,  0.361,  0.835], 
          [ 0.424, -0.514,  0.157,  0.824], 
          [-0.099,  0.073,  0.427,  0.727], 
          [ 0.285, -0.129,  0.422,  0.847], 
          [ 0.586, -0.275,  0.238,  0.822], 
          [-0.417,  0.029,  1.043,  0.870], 
          [-0.379,  0.085,  1.039,  0.867], 
          [-0.466, -0.175,  1.038,  0.829], 
          [-0.376,  0.168,  0.996,  0.749], 
          [ 0.735, -0.304,  0.293,  0.694], 
          [ 0.718, -0.266,  0.273,  0.719], 
          [ 0.595, -0.307,  0.187,  0.685], 
          [ 0.550, -0.605,  0.242,  0.684], 
          [ 0.500, -0.608,  0.211,  0.667], 
          [ 0.448, -0.512,  0.136,  0.688]
        ]
    }
]
