[
    {
        "id": 0,
        "keypoints3d": [
          [ 1.038, -1.316,  1.579,  0.877], 
          [ 1.132, -1.407,  1.387,  0.862], 
          [ 1.250, -1.293,  1.390,  0.819], 
          [ 1.143, -1.170,  1.178,  0.791], 
          [ 0.970, -1.361,  1.192,  0.807], 
          [ 0.998, -1.517,  1.380,  0.822], 
          [ 0.916, -1.448,  1.143,  0.834], 
          [ 1.068, -1.258,  1.172,  0.774], 
          [ 1.092, -1.359,  0.857,  0.723], 
          [ 1.158, -1.281,  0.863,  0.714], 
          [ 1.177, -1.309,  0.466,  0.744], 
          [ 1.238, -1.352,  0.086,  0.729], 
          [ 1.021, -1.432,  0.859,  0.706], 
          [ 1.036, -1.440,  0.464,  0.720], 
          [ 1.069, -1.468,  0.091,  0.836], 
          [ 1.073, -1.312,  1.624,  0.817], 
          [ 1.021, -1.358,  1.606,  0.877], 
          [ 1.173, -1.324,  1.609,  0.840], 
          [ 1.047, -1.453,  1.588,  0.851], 
          [ 0.980, -1.359,  0.062,  0.709], 
          [ 0.964, -1.438,  0.055,  0.727], 
          [ 1.101, -1.482,  0.056,  0.641], 
          [ 1.116, -1.243,  0.052,  0.806], 
          [ 1.176, -1.219,  0.052,  0.799], 
          [ 1.249, -1.385,  0.041,  0.676]
        ]
    },
    {
        "id": 2,
        "keypoints3d": [
          [-0.926, -1.191,  1.508,  0.884], 
          [-0.978, -1.336,  1.355,  0.893], 
          [-0.829, -1.392,  1.345,  0.857], 
          [-0.829, -1.477,  1.079,  0.770], 
          [-0.929, -1.491,  0.875,  0.688], 
          [-1.130, -1.267,  1.362,  0.853], 
          [-1.184, -1.330,  1.103,  0.769], 
          [-1.130, -1.410,  0.866,  0.633], 
          [-0.996, -1.336,  0.826,  0.767], 
          [-0.904, -1.378,  0.818,  0.757], 
          [-0.944, -1.393,  0.448,  0.793], 
          [-0.997, -1.397,  0.097,  0.757], 
          [-1.083, -1.295,  0.837,  0.771], 
          [-1.101, -1.259,  0.478,  0.827], 
          [-1.172, -1.290,  0.096,  0.761], 
          [-0.899, -1.213,  1.535,  0.898], 
          [-0.955, -1.187,  1.546,  0.867], 
          [-0.865, -1.298,  1.537,  0.782], 
          [-1.027, -1.248,  1.553,  0.866], 
          [-1.165, -1.147,  0.047,  0.764], 
          [-1.216, -1.170,  0.041,  0.794], 
          [-1.180, -1.339,  0.053,  0.742], 
          [-0.896, -1.301,  0.051,  0.721], 
          [-0.879, -1.350,  0.062,  0.709], 
          [-1.034, -1.409,  0.057,  0.723]
        ]
    },
    {
        "id": 4,
        "keypoints3d": [
          [ 0.826,  0.957,  1.613,  0.842], 
          [ 0.948,  1.101,  1.418,  0.870], 
          [ 0.799,  1.178,  1.426,  0.854], 
          [ 0.767,  1.272,  1.167,  0.840], 
          [ 0.735,  1.252,  0.915,  0.871], 
          [ 1.089,  1.031,  1.409,  0.807], 
          [ 1.134,  1.005,  1.120,  0.840], 
          [ 1.061,  0.927,  0.907,  0.798], 
          [ 0.930,  1.111,  0.858,  0.755], 
          [ 0.824,  1.152,  0.868,  0.730], 
          [ 0.779,  1.129,  0.493,  0.824], 
          [ 0.675,  1.227,  0.104,  0.842], 
          [ 1.029,  1.088,  0.842,  0.725], 
          [ 1.083,  1.095,  0.466,  0.791], 
          [ 1.114,  1.113,  0.089,  0.827], 
          [ 0.825,  0.996,  1.640,  0.845], 
          [ 0.890,  0.969,  1.640,  0.803], 
          [ 0.830,  1.093,  1.638,  0.899], 
          [ 0.984,  1.012,  1.632,  0.810], 
          [ 1.044,  0.965,  0.048,  0.773], 
          [ 1.108,  0.976,  0.047,  0.773], 
          [ 1.119,  1.146,  0.055,  0.698], 
          [ 0.713,  1.088,  0.046,  0.658], 
          [ 0.666,  1.118,  0.040,  0.718], 
          [ 0.668,  1.263,  0.067,  0.767]
        ]
    },
    {
        "id": 6,
        "keypoints3d": [
          [-0.263,  0.163,  1.029,  0.836], 
          [-0.206,  0.242,  0.794,  0.845], 
          [-0.356,  0.288,  0.773,  0.804], 
          [-0.479,  0.252,  0.583,  0.839], 
          [-0.509,  0.052,  0.616,  0.759], 
          [-0.064,  0.190,  0.817,  0.748], 
          [ 0.124,  0.059,  0.731,  0.857], 
          [ 0.014, -0.118,  0.645,  0.864], 
          [-0.206, -0.017,  0.421,  0.703], 
          [-0.306,  0.028,  0.394,  0.645], 
          [-0.399, -0.371,  0.386,  0.803], 
          [-0.458, -0.703,  0.204,  0.760], 
          [-0.106, -0.067,  0.440,  0.686], 
          [-0.161, -0.487,  0.424,  0.743], 
          [-0.279, -0.705,  0.165,  0.689], 
          [-0.291,  0.208,  1.042,  0.816], 
          [-0.217,  0.198,  1.045,  0.881], 
          [-0.299,  0.286,  0.997,  0.840], 
          [-0.150,  0.250,  0.997,  0.847], 
          [-0.283, -0.839,  0.173,  0.535], 
          [-0.244, -0.811,  0.154,  0.743], 
          [-0.308, -0.699,  0.116,  0.594], 
          [-0.478, -0.850,  0.271,  0.545], 
          [-0.545, -0.814,  0.262,  0.581], 
          [-0.458, -0.715,  0.175,  0.647]
        ]
    }
]
