[
    {
        "id": 0,
        "keypoints3d": [
          [ 1.033, -1.336,  1.588,  0.892], 
          [ 1.134, -1.407,  1.391,  0.859], 
          [ 1.247, -1.294,  1.392,  0.811], 
          [ 1.135, -1.165,  1.179,  0.799], 
          [ 0.969, -1.362,  1.192,  0.817], 
          [ 1.002, -1.525,  1.377,  0.820], 
          [ 0.911, -1.449,  1.144,  0.850], 
          [ 1.066, -1.253,  1.178,  0.766], 
          [ 1.092, -1.361,  0.860,  0.734], 
          [ 1.154, -1.287,  0.868,  0.718], 
          [ 1.174, -1.308,  0.480,  0.772], 
          [ 1.240, -1.354,  0.089,  0.794], 
          [ 1.026, -1.437,  0.861,  0.722], 
          [ 1.037, -1.439,  0.479,  0.751], 
          [ 1.070, -1.471,  0.108,  0.818], 
          [ 1.076, -1.322,  1.630,  0.810], 
          [ 1.021, -1.369,  1.613,  0.862], 
          [ 1.182, -1.302,  1.610,  0.871], 
          [ 1.051, -1.465,  1.590,  0.828], 
          [ 0.977, -1.359,  0.065,  0.704], 
          [ 0.963, -1.433,  0.062,  0.729], 
          [ 1.104, -1.486,  0.058,  0.639], 
          [ 1.122, -1.252,  0.050,  0.673], 
          [ 1.183, -1.227,  0.049,  0.691], 
          [ 1.248, -1.387,  0.050,  0.653]
        ]
    },
    {
        "id": 2,
        "keypoints3d": [
          [-1.191, -1.129,  1.498,  0.886], 
          [-1.268, -1.272,  1.339,  0.867], 
          [-1.111, -1.328,  1.343,  0.856], 
          [-1.099, -1.403,  1.080,  0.816], 
          [-1.159, -1.440,  0.873,  0.713], 
          [-1.417, -1.220,  1.334,  0.840], 
          [-1.465, -1.293,  1.074,  0.731], 
          [-1.377, -1.393,  0.856,  0.661], 
          [-1.255, -1.280,  0.812,  0.769], 
          [-1.156, -1.309,  0.819,  0.751], 
          [-1.093, -1.279,  0.465,  0.861], 
          [-1.105, -1.362,  0.100,  0.794], 
          [-1.350, -1.259,  0.812,  0.738], 
          [-1.336, -1.289,  0.439,  0.815], 
          [-1.309, -1.335,  0.088,  0.775], 
          [-1.188, -1.148,  1.519,  0.763], 
          [-1.233, -1.134,  1.527,  0.762], 
          [-1.186, -1.250,  1.528,  0.744], 
          [-1.315, -1.172,  1.529,  0.876], 
          [-1.249, -1.185,  0.036,  0.768], 
          [-1.303, -1.199,  0.040,  0.781], 
          [-1.307, -1.375,  0.045,  0.706], 
          [-0.984, -1.249,  0.075,  0.783], 
          [-0.969, -1.305,  0.077,  0.771], 
          [-1.134, -1.393,  0.047,  0.786]
        ]
    },
    {
        "id": 4,
        "keypoints3d": [
          [ 1.042,  1.190,  1.610,  0.814], 
          [ 1.199,  1.180,  1.415,  0.880], 
          [ 1.237,  1.339,  1.417,  0.829], 
          [ 1.312,  1.369,  1.150,  0.853], 
          [ 1.261,  1.406,  0.892,  0.848], 
          [ 1.155,  1.031,  1.422,  0.858], 
          [ 1.138,  0.981,  1.153,  0.824], 
          [ 1.074,  1.057,  0.914,  0.780], 
          [ 1.175,  1.190,  0.871,  0.743], 
          [ 1.211,  1.282,  0.867,  0.722], 
          [ 1.200,  1.268,  0.477,  0.823], 
          [ 1.265,  1.237,  0.073,  0.821], 
          [ 1.152,  1.094,  0.884,  0.756], 
          [ 1.146,  1.053,  0.503,  0.854], 
          [ 1.211,  1.006,  0.105,  0.875], 
          [ 1.052,  1.231,  1.648,  0.868], 
          [ 1.052,  1.169,  1.648,  0.770], 
          [ 1.152,  1.265,  1.637,  0.746], 
          [ 1.124,  1.124,  1.638,  0.775], 
          [ 1.078,  1.022,  0.053,  0.791], 
          [ 1.114,  0.963,  0.045,  0.814], 
          [ 1.258,  1.023,  0.057,  0.758], 
          [ 1.089,  1.250,  0.034,  0.717], 
          [ 1.128,  1.290,  0.030,  0.684], 
          [ 1.306,  1.224,  0.029,  0.675]
        ]
    },
    {
        "id": 6,
        "keypoints3d": [
          [-0.364,  0.026,  1.005,  0.883], 
          [-0.400,  0.090,  0.773,  0.789], 
          [-0.487, -0.034,  0.761,  0.743], 
          [-0.486, -0.147,  0.562,  0.863], 
          [-0.316, -0.224,  0.607,  0.877], 
          [-0.305,  0.207,  0.813,  0.808], 
          [-0.139,  0.335,  0.704,  0.843], 
          [ 0.024,  0.174,  0.656,  0.844], 
          [-0.141, -0.030,  0.414,  0.735], 
          [-0.199, -0.114,  0.390,  0.684], 
          [ 0.191, -0.345,  0.363,  0.805], 
          [ 0.478, -0.445,  0.153,  0.757], 
          [-0.084,  0.073,  0.430,  0.727], 
          [ 0.295, -0.089,  0.432,  0.860], 
          [ 0.607, -0.206,  0.220,  0.813], 
          [-0.429,  0.015,  1.029,  0.858], 
          [-0.381,  0.074,  1.039,  0.878], 
          [-0.477, -0.174,  1.026,  0.816], 
          [-0.395,  0.161,  0.987,  0.770], 
          [ 0.755, -0.225,  0.300,  0.685], 
          [ 0.726, -0.190,  0.276,  0.652], 
          [ 0.616, -0.241,  0.184,  0.679], 
          [ 0.595, -0.546,  0.218,  0.689], 
          [ 0.544, -0.550,  0.194,  0.670], 
          [ 0.494, -0.438,  0.107,  0.599]
        ]
    }
]
