[
    {
        "id": 0,
        "keypoints3d": [
          [ 1.031, -1.332,  1.586,  0.884], 
          [ 1.134, -1.406,  1.391,  0.859], 
          [ 1.247, -1.291,  1.392,  0.806], 
          [ 1.135, -1.166,  1.179,  0.792], 
          [ 0.969, -1.361,  1.194,  0.823], 
          [ 1.003, -1.522,  1.380,  0.821], 
          [ 0.911, -1.448,  1.144,  0.851], 
          [ 1.064, -1.255,  1.177,  0.766], 
          [ 1.089, -1.361,  0.862,  0.731], 
          [ 1.152, -1.284,  0.870,  0.710], 
          [ 1.173, -1.307,  0.480,  0.815], 
          [ 1.237, -1.349,  0.088,  0.783], 
          [ 1.022, -1.439,  0.860,  0.725], 
          [ 1.037, -1.443,  0.479,  0.735], 
          [ 1.069, -1.468,  0.103,  0.803], 
          [ 1.077, -1.323,  1.628,  0.911], 
          [ 1.018, -1.361,  1.614,  0.870], 
          [ 1.181, -1.302,  1.611,  0.867], 
          [ 1.050, -1.457,  1.590,  0.824], 
          [ 0.983, -1.358,  0.067,  0.703], 
          [ 0.964, -1.432,  0.064,  0.724], 
          [ 1.101, -1.485,  0.057,  0.626], 
          [ 1.118, -1.236,  0.052,  0.653], 
          [ 1.185, -1.226,  0.048,  0.678], 
          [ 1.250, -1.382,  0.043,  0.651]
        ]
    },
    {
        "id": 2,
        "keypoints3d": [
          [-1.169, -1.139,  1.494,  0.826], 
          [-1.249, -1.280,  1.345,  0.873], 
          [-1.096, -1.336,  1.344,  0.865], 
          [-1.090, -1.419,  1.073,  0.781], 
          [-1.172, -1.436,  0.854,  0.718], 
          [-1.404, -1.218,  1.346,  0.826], 
          [-1.446, -1.295,  1.079,  0.741], 
          [-1.391, -1.388,  0.860,  0.654], 
          [-1.236, -1.284,  0.824,  0.759], 
          [-1.132, -1.305,  0.826,  0.767], 
          [-1.072, -1.281,  0.465,  0.855], 
          [-1.068, -1.363,  0.094,  0.810], 
          [-1.335, -1.262,  0.821,  0.739], 
          [-1.318, -1.291,  0.440,  0.803], 
          [-1.300, -1.339,  0.086,  0.842], 
          [-1.143, -1.159,  1.515,  0.789], 
          [-1.202, -1.134,  1.524,  0.831], 
          [-1.149, -1.264,  1.528,  0.784], 
          [-1.290, -1.168,  1.533,  0.880], 
          [-1.246, -1.185,  0.038,  0.792], 
          [-1.303, -1.205,  0.039,  0.796], 
          [-1.300, -1.376,  0.043,  0.697], 
          [-0.969, -1.237,  0.068,  0.722], 
          [-0.948, -1.286,  0.072,  0.693], 
          [-1.085, -1.400,  0.039,  0.775]
        ]
    },
    {
        "id": 4,
        "keypoints3d": [
          [ 1.039,  1.176,  1.615,  0.839], 
          [ 1.202,  1.187,  1.412,  0.889], 
          [ 1.222,  1.351,  1.416,  0.855], 
          [ 1.267,  1.397,  1.149,  0.773], 
          [ 1.228,  1.428,  0.901,  0.781], 
          [ 1.181,  1.032,  1.422,  0.866], 
          [ 1.170,  0.993,  1.157,  0.827], 
          [ 1.090,  1.053,  0.922,  0.826], 
          [ 1.169,  1.205,  0.871,  0.753], 
          [ 1.199,  1.297,  0.870,  0.748], 
          [ 1.198,  1.271,  0.480,  0.848], 
          [ 1.257,  1.243,  0.088,  0.844], 
          [ 1.162,  1.098,  0.885,  0.748], 
          [ 1.128,  1.048,  0.515,  0.847], 
          [ 1.198,  1.024,  0.106,  0.866], 
          [ 1.043,  1.213,  1.650,  0.883], 
          [ 1.051,  1.157,  1.647,  0.783], 
          [ 1.150,  1.256,  1.636,  0.792], 
          [ 1.129,  1.124,  1.635,  0.861], 
          [ 1.041,  1.000,  0.064,  0.782], 
          [ 1.089,  0.959,  0.053,  0.781], 
          [ 1.229,  1.058,  0.049,  0.771], 
          [ 1.091,  1.249,  0.032,  0.714], 
          [ 1.121,  1.293,  0.032,  0.686], 
          [ 1.302,  1.229,  0.031,  0.704]
        ]
    },
    {
        "id": 6,
        "keypoints3d": [
          [-0.366,  0.048,  1.007,  0.869], 
          [-0.387,  0.115,  0.778,  0.798], 
          [-0.494, -0.005,  0.770,  0.764], 
          [-0.491, -0.113,  0.567,  0.859], 
          [-0.347, -0.226,  0.620,  0.894], 
          [-0.276,  0.213,  0.816,  0.784], 
          [-0.097,  0.322,  0.706,  0.868], 
          [ 0.040,  0.146,  0.648,  0.845], 
          [-0.166, -0.015,  0.415,  0.676], 
          [-0.240, -0.090,  0.399,  0.628], 
          [ 0.119, -0.362,  0.382,  0.756], 
          [ 0.400, -0.555,  0.187,  0.720], 
          [-0.092,  0.067,  0.434,  0.678], 
          [ 0.270, -0.138,  0.420,  0.757], 
          [ 0.563, -0.312,  0.230,  0.828], 
          [-0.409,  0.047,  1.041,  0.880], 
          [-0.375,  0.097,  1.036,  0.881], 
          [-0.549, -0.044,  1.001,  0.862], 
          [-0.393,  0.188,  0.991,  0.761], 
          [ 0.689, -0.341,  0.280,  0.727], 
          [ 0.690, -0.297,  0.278,  0.735], 
          [ 0.572, -0.338,  0.194,  0.724], 
          [ 0.521, -0.633,  0.246,  0.718], 
          [ 0.471, -0.638,  0.216,  0.681], 
          [ 0.408, -0.542,  0.128,  0.703]
        ]
    }
]
