[
    {
        "id": 0,
        "keypoints3d": [
          [-0.941, -1.176,  1.503,  0.881], 
          [-0.989, -1.328,  1.349,  0.882], 
          [-0.851, -1.391,  1.344,  0.866], 
          [-0.842, -1.474,  1.090,  0.754], 
          [-0.899, -1.492,  0.887,  0.703], 
          [-1.145, -1.261,  1.347,  0.855], 
          [-1.181, -1.325,  1.088,  0.779], 
          [-1.109, -1.433,  0.868,  0.809], 
          [-0.989, -1.332,  0.827,  0.757], 
          [-0.903, -1.378,  0.816,  0.759], 
          [-0.932, -1.380,  0.444,  0.788], 
          [-1.001, -1.394,  0.095,  0.831], 
          [-1.070, -1.285,  0.833,  0.759], 
          [-1.086, -1.237,  0.475,  0.805], 
          [-1.173, -1.288,  0.098,  0.823], 
          [-0.914, -1.211,  1.538,  0.884], 
          [-0.973, -1.174,  1.544,  0.878], 
          [-0.886, -1.293,  1.536,  0.743], 
          [-1.043, -1.252,  1.548,  0.843], 
          [-1.173, -1.145,  0.044,  0.720], 
          [-1.220, -1.173,  0.046,  0.751], 
          [-1.179, -1.338,  0.056,  0.737], 
          [-0.897, -1.297,  0.057,  0.735], 
          [-0.882, -1.340,  0.063,  0.722], 
          [-1.035, -1.413,  0.058,  0.730]
        ]
    },
    {
        "id": 2,
        "keypoints3d": [
          [ 1.038, -1.316,  1.578,  0.880], 
          [ 1.133, -1.407,  1.386,  0.861], 
          [ 1.250, -1.294,  1.390,  0.820], 
          [ 1.143, -1.172,  1.178,  0.792], 
          [ 0.971, -1.362,  1.189,  0.807], 
          [ 0.996, -1.519,  1.380,  0.821], 
          [ 0.912, -1.444,  1.146,  0.888], 
          [ 1.069, -1.258,  1.176,  0.773], 
          [ 1.090, -1.358,  0.857,  0.726], 
          [ 1.155, -1.281,  0.862,  0.713], 
          [ 1.176, -1.309,  0.469,  0.802], 
          [ 1.235, -1.352,  0.084,  0.739], 
          [ 1.022, -1.434,  0.861,  0.711], 
          [ 1.037, -1.441,  0.470,  0.717], 
          [ 1.066, -1.467,  0.096,  0.837], 
          [ 1.074, -1.312,  1.623,  0.823], 
          [ 1.018, -1.357,  1.606,  0.869], 
          [ 1.174, -1.326,  1.610,  0.837], 
          [ 1.047, -1.452,  1.589,  0.858], 
          [ 0.979, -1.364,  0.061,  0.651], 
          [ 0.959, -1.443,  0.054,  0.666], 
          [ 1.099, -1.485,  0.056,  0.648], 
          [ 1.112, -1.244,  0.052,  0.810], 
          [ 1.176, -1.219,  0.055,  0.800], 
          [ 1.249, -1.386,  0.041,  0.672]
        ]
    },
    {
        "id": 4,
        "keypoints3d": [
          [ 0.745,  0.977,  1.603,  0.871], 
          [ 0.834,  1.130,  1.413,  0.864], 
          [ 0.671,  1.169,  1.415,  0.817], 
          [ 0.634,  1.250,  1.145,  0.838], 
          [ 0.609,  1.233,  0.895,  0.860], 
          [ 0.988,  1.095,  1.417,  0.840], 
          [ 1.051,  1.085,  1.149,  0.822], 
          [ 1.028,  1.005,  0.924,  0.862], 
          [ 0.845,  1.121,  0.855,  0.722], 
          [ 0.733,  1.146,  0.855,  0.718], 
          [ 0.719,  1.131,  0.479,  0.742], 
          [ 0.634,  1.210,  0.110,  0.816], 
          [ 0.946,  1.102,  0.852,  0.719], 
          [ 1.018,  1.101,  0.474,  0.767], 
          [ 1.108,  1.114,  0.096,  0.808], 
          [ 0.723,  1.004,  1.643,  0.725], 
          [ 0.798,  0.980,  1.640,  0.765], 
          [ 0.714,  1.099,  1.635,  0.828], 
          [ 0.866,  1.038,  1.641,  0.894], 
          [ 1.041,  0.987,  0.041,  0.625], 
          [ 1.106,  0.989,  0.043,  0.621], 
          [ 1.123,  1.130,  0.067,  0.711], 
          [ 0.715,  1.092,  0.049,  0.694], 
          [ 0.666,  1.107,  0.037,  0.699], 
          [ 0.612,  1.241,  0.066,  0.701]
        ]
    },
    {
        "id": 6,
        "keypoints3d": [
          [-0.234,  0.184,  1.023,  0.797], 
          [-0.180,  0.220,  0.790,  0.817], 
          [-0.304,  0.308,  0.778,  0.773], 
          [-0.440,  0.295,  0.574,  0.770], 
          [-0.505,  0.098,  0.617,  0.760], 
          [-0.052,  0.142,  0.822,  0.786], 
          [ 0.119, -0.010,  0.733,  0.828], 
          [-0.017, -0.164,  0.654,  0.805], 
          [-0.238, -0.035,  0.433,  0.690], 
          [-0.335,  0.025,  0.421,  0.644], 
          [-0.514, -0.347,  0.438,  0.804], 
          [-0.692, -0.687,  0.309,  0.754], 
          [-0.153, -0.087,  0.453,  0.700], 
          [-0.293, -0.490,  0.456,  0.856], 
          [-0.438, -0.641,  0.137,  0.763], 
          [-0.255,  0.212,  1.041,  0.869], 
          [-0.192,  0.206,  1.040,  0.817], 
          [-0.236,  0.306,  0.993,  0.868], 
          [-0.106,  0.238,  1.003,  0.748], 
          [-0.465, -0.765,  0.138,  0.650], 
          [-0.419, -0.734,  0.114,  0.698], 
          [-0.467, -0.630,  0.092,  0.636], 
          [-0.760, -0.792,  0.400,  0.559], 
          [-0.771, -0.757,  0.376,  0.605], 
          [-0.695, -0.717,  0.279,  0.624]
        ]
    }
]
