[
    {
        "id": 0,
        "keypoints3d": [
          [ 1.036, -1.334,  1.584,  0.892], 
          [ 1.134, -1.412,  1.391,  0.855], 
          [ 1.248, -1.296,  1.392,  0.810], 
          [ 1.140, -1.169,  1.178,  0.816], 
          [ 0.968, -1.357,  1.189,  0.817], 
          [ 1.005, -1.524,  1.380,  0.817], 
          [ 0.911, -1.450,  1.143,  0.849], 
          [ 1.063, -1.259,  1.175,  0.752], 
          [ 1.091, -1.360,  0.860,  0.735], 
          [ 1.154, -1.287,  0.868,  0.716], 
          [ 1.172, -1.307,  0.481,  0.818], 
          [ 1.240, -1.350,  0.091,  0.796], 
          [ 1.026, -1.437,  0.861,  0.726], 
          [ 1.037, -1.441,  0.480,  0.739], 
          [ 1.074, -1.475,  0.109,  0.832], 
          [ 1.075, -1.320,  1.627,  0.881], 
          [ 1.020, -1.377,  1.614,  0.857], 
          [ 1.178, -1.309,  1.609,  0.861], 
          [ 1.061, -1.474,  1.587,  0.848], 
          [ 0.982, -1.363,  0.064,  0.642], 
          [ 0.966, -1.438,  0.062,  0.665], 
          [ 1.106, -1.487,  0.058,  0.652], 
          [ 1.124, -1.256,  0.051,  0.703], 
          [ 1.186, -1.229,  0.052,  0.713], 
          [ 1.251, -1.381,  0.052,  0.665]
        ]
    },
    {
        "id": 2,
        "keypoints3d": [
          [-1.193, -1.126,  1.506,  0.877], 
          [-1.282, -1.271,  1.343,  0.870], 
          [-1.119, -1.322,  1.349,  0.855], 
          [-1.106, -1.396,  1.082,  0.819], 
          [-1.153, -1.435,  0.873,  0.703], 
          [-1.423, -1.215,  1.338,  0.845], 
          [-1.473, -1.293,  1.072,  0.761], 
          [-1.429, -1.395,  0.872,  0.567], 
          [-1.257, -1.277,  0.810,  0.774], 
          [-1.162, -1.306,  0.820,  0.756], 
          [-1.092, -1.275,  0.468,  0.866], 
          [-1.097, -1.362,  0.098,  0.782], 
          [-1.352, -1.257,  0.809,  0.739], 
          [-1.341, -1.286,  0.438,  0.823], 
          [-1.308, -1.336,  0.090,  0.779], 
          [-1.186, -1.137,  1.530,  0.803], 
          [-1.252, -1.109,  1.536,  0.768], 
          [-1.197, -1.247,  1.534,  0.754], 
          [-1.326, -1.163,  1.527,  0.870], 
          [-1.249, -1.184,  0.039,  0.794], 
          [-1.305, -1.199,  0.043,  0.799], 
          [-1.305, -1.376,  0.043,  0.697], 
          [-0.980, -1.241,  0.070,  0.780], 
          [-0.964, -1.301,  0.077,  0.769], 
          [-1.133, -1.393,  0.051,  0.784]
        ]
    },
    {
        "id": 4,
        "keypoints3d": [
          [ 1.040,  1.199,  1.603,  0.798], 
          [ 1.197,  1.169,  1.414,  0.842], 
          [ 1.241,  1.323,  1.418,  0.817], 
          [ 1.320,  1.343,  1.152,  0.828], 
          [ 1.302,  1.358,  0.897,  0.834], 
          [ 1.148,  1.018,  1.425,  0.794], 
          [ 1.131,  0.976,  1.153,  0.841], 
          [ 1.043,  1.049,  0.922,  0.811], 
          [ 1.172,  1.168,  0.879,  0.700], 
          [ 1.207,  1.262,  0.873,  0.688], 
          [ 1.191,  1.254,  0.479,  0.795], 
          [ 1.257,  1.237,  0.076,  0.741], 
          [ 1.144,  1.077,  0.888,  0.698], 
          [ 1.153,  1.042,  0.505,  0.817], 
          [ 1.215,  1.008,  0.103,  0.852], 
          [ 1.052,  1.235,  1.639,  0.865], 
          [ 1.048,  1.169,  1.646,  0.796], 
          [ 1.133,  1.274,  1.638,  0.696], 
          [ 1.120,  1.111,  1.637,  0.817], 
          [ 1.065,  1.037,  0.059,  0.774], 
          [ 1.094,  0.983,  0.047,  0.783], 
          [ 1.258,  1.022,  0.059,  0.737], 
          [ 1.092,  1.249,  0.028,  0.714], 
          [ 1.129,  1.293,  0.028,  0.691], 
          [ 1.298,  1.228,  0.029,  0.657]
        ]
    },
    {
        "id": 6,
        "keypoints3d": [
          [-0.361,  0.021,  1.001,  0.892], 
          [-0.405,  0.071,  0.780,  0.814], 
          [-0.482, -0.058,  0.762,  0.737], 
          [-0.469, -0.162,  0.558,  0.864], 
          [-0.290, -0.254,  0.603,  0.875], 
          [-0.322,  0.194,  0.813,  0.829], 
          [-0.166,  0.342,  0.707,  0.867], 
          [ 0.013,  0.202,  0.654,  0.824], 
          [-0.125, -0.040,  0.440,  0.678], 
          [-0.162, -0.128,  0.424,  0.616], 
          [ 0.229, -0.292,  0.366,  0.726], 
          [ 0.492, -0.352,  0.095,  0.860], 
          [-0.085,  0.074,  0.450,  0.702], 
          [ 0.317, -0.052,  0.437,  0.828], 
          [ 0.621, -0.133,  0.240,  0.794], 
          [-0.414, -0.017,  1.031,  0.870], 
          [-0.377,  0.061,  1.036,  0.844], 
          [-0.474, -0.195,  1.028,  0.818], 
          [-0.403,  0.142,  0.990,  0.777], 
          [ 0.768, -0.147,  0.309,  0.645], 
          [ 0.750, -0.112,  0.292,  0.633], 
          [ 0.636, -0.166,  0.195,  0.680], 
          [ 0.623, -0.378,  0.147,  0.716], 
          [ 0.576, -0.420,  0.126,  0.710], 
          [ 0.496, -0.343,  0.062,  0.720]
        ]
    }
]
