[
    {
        "id": 0,
        "keypoints3d": [
          [ 1.036, -1.317,  1.579,  0.880], 
          [ 1.135, -1.404,  1.387,  0.861], 
          [ 1.250, -1.292,  1.391,  0.818], 
          [ 1.143, -1.168,  1.177,  0.792], 
          [ 0.970, -1.361,  1.190,  0.812], 
          [ 1.000, -1.517,  1.380,  0.818], 
          [ 0.915, -1.448,  1.140,  0.855], 
          [ 1.068, -1.258,  1.172,  0.766], 
          [ 1.091, -1.361,  0.855,  0.720], 
          [ 1.151, -1.282,  0.862,  0.709], 
          [ 1.171, -1.314,  0.468,  0.790], 
          [ 1.236, -1.352,  0.087,  0.715], 
          [ 1.020, -1.437,  0.861,  0.707], 
          [ 1.036, -1.446,  0.467,  0.699], 
          [ 1.069, -1.466,  0.101,  0.781], 
          [ 1.076, -1.295,  1.616,  0.797], 
          [ 1.021, -1.359,  1.608,  0.872], 
          [ 1.173, -1.324,  1.608,  0.838], 
          [ 1.046, -1.452,  1.586,  0.856], 
          [ 0.985, -1.367,  0.056,  0.700], 
          [ 0.963, -1.433,  0.057,  0.720], 
          [ 1.101, -1.485,  0.058,  0.683], 
          [ 1.109, -1.244,  0.056,  0.799], 
          [ 1.179, -1.223,  0.050,  0.788], 
          [ 1.248, -1.383,  0.043,  0.682]
        ]
    },
    {
        "id": 2,
        "keypoints3d": [
          [-0.917, -1.191,  1.507,  0.862], 
          [-0.978, -1.338,  1.359,  0.895], 
          [-0.827, -1.393,  1.340,  0.858], 
          [-0.839, -1.471,  1.076,  0.772], 
          [-0.921, -1.497,  0.886,  0.724], 
          [-1.128, -1.273,  1.375,  0.859], 
          [-1.196, -1.343,  1.119,  0.766], 
          [-1.136, -1.436,  0.902,  0.658], 
          [-1.017, -1.344,  0.829,  0.767], 
          [-0.916, -1.374,  0.819,  0.757], 
          [-0.951, -1.396,  0.447,  0.790], 
          [-1.007, -1.396,  0.098,  0.768], 
          [-1.104, -1.302,  0.840,  0.757], 
          [-1.138, -1.276,  0.473,  0.813], 
          [-1.220, -1.302,  0.091,  0.862], 
          [-0.883, -1.207,  1.537,  0.881], 
          [-0.949, -1.185,  1.546,  0.867], 
          [-0.854, -1.297,  1.534,  0.700], 
          [-1.013, -1.256,  1.557,  0.809], 
          [-1.181, -1.155,  0.040,  0.741], 
          [-1.226, -1.169,  0.034,  0.779], 
          [-1.229, -1.338,  0.053,  0.749], 
          [-0.892, -1.297,  0.050,  0.750], 
          [-0.879, -1.345,  0.064,  0.739], 
          [-1.035, -1.415,  0.052,  0.752]
        ]
    },
    {
        "id": 4,
        "keypoints3d": [
          [ 0.921,  0.937,  1.607,  0.845], 
          [ 1.028,  1.083,  1.420,  0.837], 
          [ 0.904,  1.175,  1.435,  0.836], 
          [ 0.880,  1.275,  1.180,  0.852], 
          [ 0.849,  1.278,  0.921,  0.856], 
          [ 1.158,  0.980,  1.409,  0.832], 
          [ 1.191,  0.982,  1.120,  0.797], 
          [ 1.096,  0.904,  0.906,  0.823], 
          [ 0.993,  1.118,  0.866,  0.734], 
          [ 0.903,  1.163,  0.878,  0.722], 
          [ 0.857,  1.157,  0.506,  0.770], 
          [ 0.819,  1.235,  0.097,  0.795], 
          [ 1.081,  1.075,  0.859,  0.703], 
          [ 1.115,  1.108,  0.474,  0.797], 
          [ 1.113,  1.114,  0.091,  0.804], 
          [ 0.908,  0.968,  1.644,  0.866], 
          [ 0.959,  0.929,  1.637,  0.815], 
          [ 0.934,  1.070,  1.642,  0.890], 
          [ 1.038,  0.965,  1.632,  0.663], 
          [ 1.047,  0.958,  0.063,  0.775], 
          [ 1.112,  0.969,  0.051,  0.773], 
          [ 1.119,  1.156,  0.053,  0.644], 
          [ 0.716,  1.093,  0.057,  0.796], 
          [ 0.699,  1.146,  0.052,  0.808], 
          [ 0.820,  1.268,  0.056,  0.744]
        ]
    },
    {
        "id": 6,
        "keypoints3d": [
          [-0.276,  0.158,  1.022,  0.873], 
          [-0.230,  0.232,  0.785,  0.828], 
          [-0.386,  0.257,  0.770,  0.793], 
          [-0.510,  0.204,  0.575,  0.773], 
          [-0.507,  0.019,  0.607,  0.760], 
          [-0.088,  0.213,  0.807,  0.758], 
          [ 0.098,  0.094,  0.721,  0.824], 
          [ 0.032, -0.101,  0.657,  0.836], 
          [-0.194, -0.046,  0.419,  0.721], 
          [-0.296, -0.031,  0.401,  0.666], 
          [-0.363, -0.458,  0.386,  0.813], 
          [-0.392, -0.795,  0.232,  0.755], 
          [-0.092, -0.066,  0.432,  0.697], 
          [-0.088, -0.486,  0.441,  0.702], 
          [-0.102, -0.745,  0.211,  0.693], 
          [-0.326,  0.199,  1.047,  0.908], 
          [-0.252,  0.198,  1.040,  0.901], 
          [-0.360,  0.274,  0.994,  0.855], 
          [-0.191,  0.254,  1.000,  0.867], 
          [-0.103, -0.879,  0.212,  0.579], 
          [-0.071, -0.858,  0.208,  0.646], 
          [-0.081, -0.731,  0.188,  0.535], 
          [-0.413, -0.941,  0.313,  0.636], 
          [-0.450, -0.916,  0.296,  0.628], 
          [-0.391, -0.809,  0.201,  0.584]
        ]
    }
]
