[
    {
        "id": 0,
        "keypoints3d": [
          [-0.941, -1.176,  1.503,  0.881], 
          [-0.991, -1.329,  1.349,  0.882], 
          [-0.853, -1.391,  1.343,  0.868], 
          [-0.843, -1.475,  1.090,  0.750], 
          [-0.900, -1.493,  0.886,  0.708], 
          [-1.147, -1.263,  1.347,  0.855], 
          [-1.182, -1.323,  1.089,  0.778], 
          [-1.110, -1.429,  0.861,  0.782], 
          [-0.990, -1.329,  0.827,  0.755], 
          [-0.904, -1.377,  0.816,  0.756], 
          [-0.932, -1.380,  0.442,  0.800], 
          [-1.001, -1.394,  0.095,  0.832], 
          [-1.071, -1.284,  0.833,  0.755], 
          [-1.084, -1.235,  0.472,  0.811], 
          [-1.173, -1.288,  0.098,  0.825], 
          [-0.914, -1.211,  1.538,  0.884], 
          [-0.973, -1.174,  1.544,  0.877], 
          [-0.888, -1.293,  1.536,  0.742], 
          [-1.043, -1.252,  1.548,  0.844], 
          [-1.175, -1.146,  0.044,  0.713], 
          [-1.221, -1.172,  0.045,  0.742], 
          [-1.181, -1.340,  0.056,  0.735], 
          [-0.897, -1.297,  0.058,  0.738], 
          [-0.882, -1.340,  0.063,  0.724], 
          [-1.034, -1.412,  0.059,  0.733]
        ]
    },
    {
        "id": 2,
        "keypoints3d": [
          [ 1.038, -1.316,  1.579,  0.880], 
          [ 1.133, -1.407,  1.386,  0.861], 
          [ 1.250, -1.294,  1.390,  0.820], 
          [ 1.143, -1.172,  1.178,  0.792], 
          [ 0.971, -1.362,  1.189,  0.807], 
          [ 0.996, -1.519,  1.380,  0.821], 
          [ 0.912, -1.444,  1.146,  0.889], 
          [ 1.069, -1.258,  1.176,  0.773], 
          [ 1.090, -1.358,  0.857,  0.727], 
          [ 1.155, -1.281,  0.862,  0.714], 
          [ 1.176, -1.309,  0.469,  0.802], 
          [ 1.236, -1.352,  0.084,  0.738], 
          [ 1.022, -1.434,  0.862,  0.711], 
          [ 1.037, -1.440,  0.470,  0.717], 
          [ 1.066, -1.467,  0.096,  0.837], 
          [ 1.074, -1.312,  1.623,  0.823], 
          [ 1.018, -1.358,  1.606,  0.873], 
          [ 1.174, -1.326,  1.610,  0.837], 
          [ 1.047, -1.453,  1.588,  0.859], 
          [ 0.979, -1.364,  0.061,  0.650], 
          [ 0.959, -1.443,  0.054,  0.666], 
          [ 1.099, -1.485,  0.056,  0.648], 
          [ 1.113, -1.238,  0.053,  0.811], 
          [ 1.176, -1.219,  0.055,  0.801], 
          [ 1.249, -1.386,  0.041,  0.673]
        ]
    },
    {
        "id": 4,
        "keypoints3d": [
          [ 0.735,  0.982,  1.604,  0.869], 
          [ 0.827,  1.133,  1.415,  0.866], 
          [ 0.666,  1.174,  1.416,  0.825], 
          [ 0.617,  1.251,  1.148,  0.841], 
          [ 0.594,  1.233,  0.897,  0.871], 
          [ 0.978,  1.105,  1.418,  0.839], 
          [ 1.052,  1.090,  1.159,  0.861], 
          [ 1.025,  1.016,  0.928,  0.791], 
          [ 0.831,  1.127,  0.853,  0.720], 
          [ 0.729,  1.148,  0.851,  0.721], 
          [ 0.715,  1.133,  0.476,  0.743], 
          [ 0.633,  1.211,  0.108,  0.814], 
          [ 0.939,  1.108,  0.849,  0.710], 
          [ 1.016,  1.106,  0.476,  0.769], 
          [ 1.108,  1.116,  0.097,  0.807], 
          [ 0.701,  1.009,  1.644,  0.731], 
          [ 0.783,  0.984,  1.635,  0.789], 
          [ 0.711,  1.100,  1.637,  0.774], 
          [ 0.862,  1.040,  1.636,  0.890], 
          [ 1.041,  0.987,  0.041,  0.629], 
          [ 1.105,  0.989,  0.043,  0.625], 
          [ 1.123,  1.128,  0.064,  0.716], 
          [ 0.712,  1.091,  0.048,  0.693], 
          [ 0.662,  1.107,  0.035,  0.697], 
          [ 0.611,  1.242,  0.064,  0.697]
        ]
    },
    {
        "id": 6,
        "keypoints3d": [
          [-0.227,  0.186,  1.023,  0.805], 
          [-0.177,  0.220,  0.791,  0.826], 
          [-0.299,  0.309,  0.779,  0.777], 
          [-0.435,  0.302,  0.576,  0.773], 
          [-0.504,  0.100,  0.614,  0.757], 
          [-0.054,  0.134,  0.821,  0.790], 
          [ 0.119, -0.014,  0.733,  0.823], 
          [-0.020, -0.167,  0.651,  0.805], 
          [-0.246, -0.038,  0.436,  0.694], 
          [-0.336,  0.023,  0.426,  0.644], 
          [-0.525, -0.342,  0.447,  0.803], 
          [-0.711, -0.682,  0.318,  0.746], 
          [-0.157, -0.092,  0.454,  0.704], 
          [-0.306, -0.490,  0.459,  0.847], 
          [-0.459, -0.637,  0.137,  0.752], 
          [-0.250,  0.216,  1.039,  0.854], 
          [-0.185,  0.202,  1.041,  0.715], 
          [-0.234,  0.312,  0.993,  0.874], 
          [-0.093,  0.235,  1.002,  0.754], 
          [-0.477, -0.758,  0.127,  0.595], 
          [-0.438, -0.736,  0.109,  0.602], 
          [-0.480, -0.630,  0.091,  0.646], 
          [-0.787, -0.780,  0.429,  0.562], 
          [-0.790, -0.744,  0.395,  0.599], 
          [-0.718, -0.710,  0.292,  0.620]
        ]
    }
]
