[
    {
        "id": 0,
        "keypoints3d": [
          [ 1.037, -1.314,  1.579,  0.880], 
          [ 1.136, -1.405,  1.387,  0.861], 
          [ 1.249, -1.287,  1.390,  0.816], 
          [ 1.142, -1.168,  1.177,  0.789], 
          [ 0.973, -1.363,  1.191,  0.797], 
          [ 1.003, -1.519,  1.380,  0.817], 
          [ 0.917, -1.448,  1.142,  0.855], 
          [ 1.071, -1.259,  1.171,  0.769], 
          [ 1.091, -1.359,  0.857,  0.724], 
          [ 1.152, -1.282,  0.863,  0.712], 
          [ 1.170, -1.313,  0.469,  0.792], 
          [ 1.237, -1.351,  0.086,  0.715], 
          [ 1.022, -1.438,  0.859,  0.710], 
          [ 1.038, -1.444,  0.468,  0.704], 
          [ 1.072, -1.470,  0.101,  0.777], 
          [ 1.076, -1.295,  1.615,  0.803], 
          [ 1.020, -1.359,  1.608,  0.873], 
          [ 1.173, -1.324,  1.608,  0.839], 
          [ 1.047, -1.452,  1.586,  0.856], 
          [ 0.987, -1.360,  0.056,  0.687], 
          [ 0.964, -1.436,  0.056,  0.711], 
          [ 1.108, -1.484,  0.054,  0.681], 
          [ 1.122, -1.244,  0.049,  0.711], 
          [ 1.187, -1.230,  0.043,  0.717], 
          [ 1.248, -1.383,  0.047,  0.689]
        ]
    },
    {
        "id": 2,
        "keypoints3d": [
          [ 0.932,  0.941,  1.612,  0.862], 
          [ 1.061,  1.078,  1.416,  0.852], 
          [ 0.936,  1.185,  1.441,  0.839], 
          [ 0.921,  1.294,  1.179,  0.870], 
          [ 0.878,  1.310,  0.938,  0.871], 
          [ 1.172,  0.964,  1.403,  0.837], 
          [ 1.214,  0.951,  1.114,  0.847], 
          [ 1.127,  0.908,  0.884,  0.856], 
          [ 1.020,  1.131,  0.872,  0.726], 
          [ 0.938,  1.196,  0.888,  0.711], 
          [ 0.888,  1.176,  0.503,  0.774], 
          [ 0.881,  1.249,  0.104,  0.749], 
          [ 1.108,  1.078,  0.862,  0.718], 
          [ 1.122,  1.106,  0.474,  0.805], 
          [ 1.116,  1.116,  0.091,  0.793], 
          [ 0.916,  0.975,  1.657,  0.855], 
          [ 0.985,  0.936,  1.643,  0.833], 
          [ 0.954,  1.069,  1.643,  0.881], 
          [ 1.080,  0.965,  1.634,  0.741], 
          [ 1.051,  0.969,  0.051,  0.711], 
          [ 1.114,  0.976,  0.043,  0.712], 
          [ 1.120,  1.159,  0.055,  0.618], 
          [ 0.769,  1.115,  0.061,  0.742], 
          [ 0.742,  1.172,  0.057,  0.750], 
          [ 0.901,  1.279,  0.054,  0.755]
        ]
    },
    {
        "id": 4,
        "keypoints3d": [
          [-0.917, -1.191,  1.507,  0.864], 
          [-0.981, -1.337,  1.355,  0.894], 
          [-0.841, -1.393,  1.340,  0.866], 
          [-0.851, -1.464,  1.069,  0.778], 
          [-0.928, -1.494,  0.881,  0.794], 
          [-1.134, -1.271,  1.375,  0.861], 
          [-1.201, -1.348,  1.122,  0.764], 
          [-1.138, -1.442,  0.910,  0.773], 
          [-1.023, -1.336,  0.833,  0.758], 
          [-0.924, -1.370,  0.819,  0.746], 
          [-0.958, -1.395,  0.447,  0.795], 
          [-1.004, -1.398,  0.101,  0.834], 
          [-1.112, -1.299,  0.843,  0.750], 
          [-1.149, -1.275,  0.474,  0.790], 
          [-1.230, -1.315,  0.094,  0.801], 
          [-0.886, -1.205,  1.536,  0.871], 
          [-0.947, -1.179,  1.550,  0.863], 
          [-0.854, -1.297,  1.526,  0.674], 
          [-1.008, -1.256,  1.556,  0.711], 
          [-1.207, -1.160,  0.042,  0.736], 
          [-1.259, -1.188,  0.053,  0.775], 
          [-1.249, -1.360,  0.052,  0.716], 
          [-0.903, -1.277,  0.055,  0.747], 
          [-0.882, -1.338,  0.067,  0.675], 
          [-1.030, -1.420,  0.061,  0.748]
        ]
    },
    {
        "id": 6,
        "keypoints3d": [
          [-0.292,  0.157,  1.016,  0.871], 
          [-0.242,  0.225,  0.786,  0.828], 
          [-0.403,  0.236,  0.771,  0.821], 
          [-0.516,  0.174,  0.575,  0.772], 
          [-0.494, -0.023,  0.617,  0.809], 
          [-0.090,  0.230,  0.818,  0.786], 
          [ 0.095,  0.122,  0.715,  0.802], 
          [ 0.035, -0.085,  0.654,  0.753], 
          [-0.181, -0.038,  0.415,  0.733], 
          [-0.295, -0.034,  0.403,  0.691], 
          [-0.329, -0.465,  0.396,  0.826], 
          [-0.353, -0.824,  0.241,  0.793], 
          [-0.082, -0.044,  0.431,  0.698], 
          [-0.038, -0.472,  0.424,  0.711], 
          [-0.032, -0.767,  0.205,  0.781], 
          [-0.333,  0.192,  1.050,  0.753], 
          [-0.260,  0.195,  1.041,  0.916], 
          [-0.369,  0.266,  0.978,  0.735], 
          [-0.203,  0.259,  1.002,  0.912], 
          [ 0.028, -0.913,  0.241,  0.718], 
          [ 0.047, -0.883,  0.245,  0.713], 
          [-0.054, -0.793,  0.189,  0.666], 
          [-0.328, -0.998,  0.325,  0.632], 
          [-0.369, -0.954,  0.304,  0.672], 
          [-0.350, -0.853,  0.209,  0.625]
        ]
    }
]
