[
    {
        "id": 0,
        "keypoints3d": [
          [ 1.038, -1.316,  1.579,  0.878], 
          [ 1.134, -1.404,  1.387,  0.861], 
          [ 1.250, -1.293,  1.390,  0.818], 
          [ 1.144, -1.167,  1.179,  0.799], 
          [ 0.971, -1.361,  1.191,  0.807], 
          [ 0.998, -1.517,  1.380,  0.821], 
          [ 0.916, -1.448,  1.142,  0.850], 
          [ 1.070, -1.262,  1.174,  0.775], 
          [ 1.093, -1.359,  0.856,  0.724], 
          [ 1.158, -1.282,  0.861,  0.715], 
          [ 1.175, -1.312,  0.464,  0.746], 
          [ 1.238, -1.353,  0.085,  0.730], 
          [ 1.021, -1.436,  0.860,  0.706], 
          [ 1.037, -1.440,  0.464,  0.720], 
          [ 1.068, -1.464,  0.092,  0.830], 
          [ 1.073, -1.312,  1.624,  0.819], 
          [ 1.021, -1.358,  1.606,  0.876], 
          [ 1.173, -1.324,  1.608,  0.841], 
          [ 1.046, -1.452,  1.586,  0.853], 
          [ 0.979, -1.364,  0.055,  0.710], 
          [ 0.964, -1.438,  0.054,  0.728], 
          [ 1.101, -1.481,  0.053,  0.640], 
          [ 1.113, -1.238,  0.053,  0.807], 
          [ 1.175, -1.219,  0.055,  0.799], 
          [ 1.249, -1.385,  0.042,  0.678]
        ]
    },
    {
        "id": 2,
        "keypoints3d": [
          [-0.925, -1.193,  1.507,  0.874], 
          [-0.978, -1.337,  1.357,  0.891], 
          [-0.827, -1.392,  1.345,  0.856], 
          [-0.830, -1.477,  1.076,  0.775], 
          [-0.932, -1.493,  0.873,  0.673], 
          [-1.131, -1.271,  1.368,  0.849], 
          [-1.189, -1.327,  1.106,  0.762], 
          [-1.135, -1.425,  0.882,  0.674], 
          [-0.998, -1.336,  0.830,  0.764], 
          [-0.906, -1.375,  0.821,  0.757], 
          [-0.944, -1.392,  0.443,  0.791], 
          [-1.004, -1.396,  0.097,  0.829], 
          [-1.090, -1.297,  0.838,  0.768], 
          [-1.107, -1.261,  0.475,  0.824], 
          [-1.189, -1.289,  0.100,  0.833], 
          [-0.895, -1.213,  1.535,  0.895], 
          [-0.951, -1.180,  1.546,  0.872], 
          [-0.864, -1.299,  1.535,  0.762], 
          [-1.023, -1.246,  1.554,  0.861], 
          [-1.163, -1.139,  0.052,  0.762], 
          [-1.209, -1.163,  0.043,  0.783], 
          [-1.198, -1.336,  0.052,  0.735], 
          [-0.897, -1.297,  0.053,  0.723], 
          [-0.877, -1.340,  0.066,  0.709], 
          [-1.036, -1.415,  0.052,  0.740]
        ]
    },
    {
        "id": 4,
        "keypoints3d": [
          [ 0.846,  0.959,  1.610,  0.834], 
          [ 0.962,  1.098,  1.421,  0.879], 
          [ 0.824,  1.176,  1.427,  0.855], 
          [ 0.802,  1.270,  1.173,  0.844], 
          [ 0.755,  1.258,  0.911,  0.879], 
          [ 1.112,  1.002,  1.405,  0.823], 
          [ 1.148,  0.996,  1.117,  0.760], 
          [ 1.068,  0.919,  0.910,  0.804], 
          [ 0.944,  1.107,  0.853,  0.767], 
          [ 0.845,  1.152,  0.873,  0.744], 
          [ 0.786,  1.138,  0.498,  0.834], 
          [ 0.697,  1.241,  0.093,  0.829], 
          [ 1.041,  1.080,  0.842,  0.726], 
          [ 1.101,  1.106,  0.461,  0.811], 
          [ 1.112,  1.116,  0.087,  0.823], 
          [ 0.837,  0.993,  1.643,  0.861], 
          [ 0.905,  0.955,  1.641,  0.828], 
          [ 0.866,  1.086,  1.640,  0.896], 
          [ 0.996,  1.009,  1.631,  0.785], 
          [ 1.045,  0.964,  0.052,  0.753], 
          [ 1.110,  0.978,  0.047,  0.751], 
          [ 1.117,  1.144,  0.057,  0.679], 
          [ 0.716,  1.071,  0.052,  0.749], 
          [ 0.671,  1.118,  0.044,  0.807], 
          [ 0.697,  1.277,  0.067,  0.769]
        ]
    },
    {
        "id": 6,
        "keypoints3d": [
          [-0.273,  0.161,  1.025,  0.812], 
          [-0.202,  0.239,  0.796,  0.842], 
          [-0.357,  0.283,  0.773,  0.788], 
          [-0.486,  0.241,  0.582,  0.787], 
          [-0.506,  0.033,  0.615,  0.761], 
          [-0.065,  0.191,  0.822,  0.762], 
          [ 0.115,  0.054,  0.729,  0.851], 
          [ 0.022, -0.118,  0.655,  0.868], 
          [-0.207, -0.034,  0.424,  0.708], 
          [-0.309,  0.009,  0.404,  0.649], 
          [-0.393, -0.405,  0.386,  0.752], 
          [-0.442, -0.734,  0.222,  0.790], 
          [-0.108, -0.080,  0.446,  0.687], 
          [-0.149, -0.496,  0.431,  0.724], 
          [-0.252, -0.732,  0.182,  0.785], 
          [-0.301,  0.203,  1.045,  0.787], 
          [-0.227,  0.198,  1.040,  0.874], 
          [-0.314,  0.283,  0.995,  0.832], 
          [-0.155,  0.243,  0.999,  0.851], 
          [-0.266, -0.846,  0.164,  0.688], 
          [-0.236, -0.822,  0.151,  0.763], 
          [-0.264, -0.740,  0.143,  0.542], 
          [-0.472, -0.873,  0.291,  0.566], 
          [-0.515, -0.847,  0.282,  0.575], 
          [-0.422, -0.737,  0.182,  0.655]
        ]
    }
]
