[
    {
        "id": 0,
        "keypoints3d": [
          [-1.019, -1.186,  1.511,  0.800], 
          [-1.098, -1.318,  1.355,  0.879], 
          [-0.967, -1.380,  1.346,  0.852], 
          [-0.983, -1.440,  1.070,  0.755], 
          [-1.044, -1.455,  0.872,  0.750], 
          [-1.250, -1.224,  1.367,  0.866], 
          [-1.309, -1.273,  1.110,  0.778], 
          [-1.270, -1.377,  0.918,  0.619], 
          [-1.111, -1.303,  0.836,  0.762], 
          [-1.021, -1.342,  0.832,  0.753], 
          [-1.021, -1.371,  0.444,  0.822], 
          [-1.017, -1.396,  0.097,  0.810], 
          [-1.207, -1.262,  0.844,  0.745], 
          [-1.229, -1.302,  0.456,  0.820], 
          [-1.288, -1.335,  0.084,  0.779], 
          [-0.995, -1.219,  1.538,  0.787], 
          [-1.049, -1.171,  1.556,  0.831], 
          [-0.980, -1.306,  1.535,  0.750], 
          [-1.124, -1.224,  1.563,  0.849], 
          [-1.241, -1.176,  0.035,  0.758], 
          [-1.298, -1.190,  0.042,  0.766], 
          [-1.304, -1.377,  0.038,  0.706], 
          [-0.891, -1.289,  0.055,  0.726], 
          [-0.880, -1.331,  0.066,  0.669], 
          [-1.040, -1.416,  0.052,  0.738]
        ]
    },
    {
        "id": 2,
        "keypoints3d": [
          [ 1.037, -1.319,  1.578,  0.875], 
          [ 1.136, -1.406,  1.386,  0.864], 
          [ 1.250, -1.291,  1.390,  0.808], 
          [ 1.138, -1.168,  1.180,  0.856], 
          [ 0.974, -1.363,  1.190,  0.800], 
          [ 1.004, -1.522,  1.379,  0.819], 
          [ 0.919, -1.453,  1.144,  0.857], 
          [ 1.070, -1.263,  1.174,  0.766], 
          [ 1.093, -1.363,  0.861,  0.735], 
          [ 1.157, -1.290,  0.865,  0.722], 
          [ 1.174, -1.311,  0.480,  0.760], 
          [ 1.238, -1.355,  0.090,  0.750], 
          [ 1.022, -1.438,  0.862,  0.719], 
          [ 1.043, -1.444,  0.481,  0.734], 
          [ 1.071, -1.470,  0.103,  0.753], 
          [ 1.074, -1.312,  1.625,  0.822], 
          [ 1.017, -1.360,  1.608,  0.869], 
          [ 1.175, -1.323,  1.605,  0.904], 
          [ 1.046, -1.454,  1.585,  0.860], 
          [ 0.979, -1.365,  0.059,  0.682], 
          [ 0.962, -1.428,  0.056,  0.701], 
          [ 1.106, -1.482,  0.056,  0.677], 
          [ 1.120, -1.234,  0.052,  0.712], 
          [ 1.184, -1.224,  0.045,  0.718], 
          [ 1.249, -1.385,  0.042,  0.676]
        ]
    },
    {
        "id": 4,
        "keypoints3d": [
          [ 1.004,  1.023,  1.613,  0.801], 
          [ 1.151,  1.127,  1.412,  0.870], 
          [ 1.109,  1.284,  1.427,  0.830], 
          [ 1.135,  1.366,  1.166,  0.801], 
          [ 1.094,  1.383,  0.920,  0.811], 
          [ 1.196,  0.973,  1.403,  0.834], 
          [ 1.223,  0.932,  1.123,  0.866], 
          [ 1.158,  0.920,  0.882,  0.878], 
          [ 1.133,  1.154,  0.860,  0.726], 
          [ 1.109,  1.246,  0.862,  0.706], 
          [ 1.132,  1.238,  0.478,  0.829], 
          [ 1.236,  1.255,  0.108,  0.742], 
          [ 1.154,  1.067,  0.863,  0.701], 
          [ 1.140,  1.073,  0.495,  0.820], 
          [ 1.129,  1.103,  0.117,  0.810], 
          [ 1.011,  1.074,  1.650,  0.825], 
          [ 1.045,  1.016,  1.645,  0.754], 
          [ 1.067,  1.161,  1.652,  0.772], 
          [ 1.152,  1.020,  1.635,  0.847], 
          [ 1.036,  0.969,  0.044,  0.704], 
          [ 1.084,  0.965,  0.038,  0.747], 
          [ 1.138,  1.127,  0.083,  0.691], 
          [ 1.129,  1.212,  0.004,  0.637], 
          [ 1.144,  1.268,  0.015,  0.620], 
          [ 1.292,  1.257,  0.044,  0.687]
        ]
    },
    {
        "id": 6,
        "keypoints3d": [
          [-0.344,  0.116,  1.014,  0.799], 
          [-0.348,  0.176,  0.792,  0.866], 
          [-0.483,  0.126,  0.782,  0.831], 
          [-0.541,  0.031,  0.570,  0.782], 
          [-0.460, -0.122,  0.616,  0.879], 
          [-0.192,  0.234,  0.803,  0.779], 
          [ 0.041,  0.237,  0.718,  0.822], 
          [ 0.075,  0.042,  0.651,  0.860], 
          [-0.160, -0.095,  0.461,  0.721], 
          [-0.254, -0.138,  0.454,  0.718], 
          [-0.087, -0.488,  0.383,  0.781], 
          [ 0.031, -0.823,  0.226,  0.821], 
          [-0.051, -0.063,  0.478,  0.718], 
          [ 0.140, -0.324,  0.436,  0.824], 
          [ 0.278, -0.566,  0.233,  0.644], 
          [-0.394,  0.134,  1.033,  0.717], 
          [-0.326,  0.147,  1.048,  0.780], 
          [-0.460,  0.184,  0.981,  0.883], 
          [-0.297,  0.238,  0.996,  0.856], 
          [ 0.431, -0.683,  0.269,  0.721], 
          [ 0.437, -0.655,  0.247,  0.760], 
          [ 0.300, -0.626,  0.199,  0.647], 
          [ 0.070, -0.933,  0.300,  0.706], 
          [ 0.034, -0.928,  0.279,  0.713], 
          [ 0.048, -0.828,  0.184,  0.664]
        ]
    }
]
