[
    {
        "id": 0,
        "keypoints3d": [
          [-1.034, -1.178,  1.512,  0.808], 
          [-1.116, -1.314,  1.353,  0.876], 
          [-0.974, -1.379,  1.346,  0.855], 
          [-0.993, -1.436,  1.068,  0.758], 
          [-1.060, -1.447,  0.856,  0.714], 
          [-1.264, -1.230,  1.364,  0.853], 
          [-1.321, -1.273,  1.108,  0.756], 
          [-1.288, -1.375,  0.903,  0.625], 
          [-1.127, -1.299,  0.833,  0.752], 
          [-1.030, -1.340,  0.829,  0.748], 
          [-1.025, -1.373,  0.441,  0.824], 
          [-1.018, -1.398,  0.096,  0.821], 
          [-1.219, -1.259,  0.839,  0.741], 
          [-1.240, -1.299,  0.453,  0.818], 
          [-1.293, -1.333,  0.082,  0.782], 
          [-1.006, -1.204,  1.541,  0.787], 
          [-1.069, -1.170,  1.560,  0.880], 
          [-1.009, -1.291,  1.534,  0.749], 
          [-1.146, -1.215,  1.561,  0.827], 
          [-1.242, -1.176,  0.035,  0.750], 
          [-1.301, -1.189,  0.043,  0.758], 
          [-1.299, -1.376,  0.039,  0.699], 
          [-0.894, -1.277,  0.065,  0.779], 
          [-0.874, -1.318,  0.075,  0.717], 
          [-1.044, -1.418,  0.048,  0.741]
        ]
    },
    {
        "id": 2,
        "keypoints3d": [
          [ 1.035, -1.320,  1.578,  0.878], 
          [ 1.136, -1.405,  1.387,  0.863], 
          [ 1.250, -1.289,  1.392,  0.810], 
          [ 1.136, -1.165,  1.181,  0.860], 
          [ 0.974, -1.363,  1.191,  0.801], 
          [ 1.004, -1.521,  1.381,  0.818], 
          [ 0.919, -1.452,  1.143,  0.855], 
          [ 1.068, -1.258,  1.172,  0.766], 
          [ 1.093, -1.362,  0.859,  0.734], 
          [ 1.157, -1.287,  0.867,  0.716], 
          [ 1.174, -1.308,  0.478,  0.747], 
          [ 1.238, -1.353,  0.091,  0.751], 
          [ 1.023, -1.438,  0.861,  0.722], 
          [ 1.044, -1.444,  0.480,  0.735], 
          [ 1.072, -1.470,  0.105,  0.787], 
          [ 1.074, -1.312,  1.625,  0.826], 
          [ 1.015, -1.360,  1.608,  0.870], 
          [ 1.175, -1.323,  1.605,  0.907], 
          [ 1.046, -1.454,  1.585,  0.860], 
          [ 0.974, -1.360,  0.058,  0.685], 
          [ 0.962, -1.427,  0.054,  0.703], 
          [ 1.103, -1.483,  0.060,  0.621], 
          [ 1.118, -1.229,  0.052,  0.703], 
          [ 1.184, -1.223,  0.045,  0.709], 
          [ 1.249, -1.384,  0.044,  0.629]
        ]
    },
    {
        "id": 4,
        "keypoints3d": [
          [ 1.008,  1.048,  1.606,  0.792], 
          [ 1.163,  1.130,  1.412,  0.879], 
          [ 1.125,  1.296,  1.426,  0.851], 
          [ 1.157,  1.376,  1.162,  0.816], 
          [ 1.112,  1.391,  0.920,  0.829], 
          [ 1.199,  0.976,  1.406,  0.834], 
          [ 1.220,  0.933,  1.125,  0.861], 
          [ 1.143,  0.919,  0.888,  0.877], 
          [ 1.141,  1.157,  0.862,  0.728], 
          [ 1.122,  1.252,  0.861,  0.711], 
          [ 1.143,  1.241,  0.478,  0.822], 
          [ 1.240,  1.255,  0.107,  0.726], 
          [ 1.158,  1.067,  0.867,  0.695], 
          [ 1.138,  1.075,  0.496,  0.808], 
          [ 1.130,  1.100,  0.115,  0.770], 
          [ 1.013,  1.090,  1.647,  0.830], 
          [ 1.053,  1.025,  1.642,  0.797], 
          [ 1.075,  1.166,  1.646,  0.819], 
          [ 1.155,  1.034,  1.634,  0.859], 
          [ 1.041,  0.965,  0.046,  0.720], 
          [ 1.086,  0.969,  0.037,  0.764], 
          [ 1.144,  1.128,  0.076,  0.717], 
          [ 1.126,  1.214,  0.000,  0.640], 
          [ 1.150,  1.267,  0.010,  0.715], 
          [ 1.290,  1.263,  0.046,  0.684]
        ]
    },
    {
        "id": 6,
        "keypoints3d": [
          [-0.349,  0.111,  1.013,  0.912], 
          [-0.346,  0.180,  0.791,  0.866], 
          [-0.489,  0.110,  0.780,  0.838], 
          [-0.535,  0.019,  0.574,  0.737], 
          [-0.453, -0.130,  0.619,  0.834], 
          [-0.197,  0.239,  0.796,  0.807], 
          [ 0.035,  0.239,  0.718,  0.827], 
          [ 0.077,  0.046,  0.651,  0.882], 
          [-0.156, -0.092,  0.455,  0.701], 
          [-0.252, -0.140,  0.452,  0.710], 
          [-0.063, -0.495,  0.383,  0.683], 
          [ 0.070, -0.798,  0.221,  0.774], 
          [-0.053, -0.045,  0.462,  0.708], 
          [ 0.171, -0.318,  0.428,  0.804], 
          [ 0.315, -0.589,  0.215,  0.661], 
          [-0.397,  0.130,  1.032,  0.677], 
          [-0.329,  0.146,  1.048,  0.776], 
          [-0.459,  0.177,  0.973,  0.842], 
          [-0.314,  0.234,  0.994,  0.813], 
          [ 0.462, -0.672,  0.264,  0.632], 
          [ 0.461, -0.638,  0.241,  0.650], 
          [ 0.339, -0.638,  0.180,  0.613], 
          [ 0.123, -0.910,  0.296,  0.657], 
          [ 0.080, -0.907,  0.280,  0.651], 
          [ 0.085, -0.815,  0.191,  0.647]
        ]
    }
]
