[
    {
        "id": 0,
        "keypoints3d": [
          [ 1.036, -1.317,  1.579,  0.880], 
          [ 1.136, -1.405,  1.387,  0.864], 
          [ 1.251, -1.290,  1.390,  0.811], 
          [ 1.143, -1.167,  1.179,  0.790], 
          [ 0.973, -1.362,  1.191,  0.802], 
          [ 1.004, -1.523,  1.379,  0.819], 
          [ 0.919, -1.453,  1.144,  0.861], 
          [ 1.072, -1.259,  1.172,  0.764], 
          [ 1.092, -1.362,  0.859,  0.726], 
          [ 1.155, -1.285,  0.861,  0.718], 
          [ 1.173, -1.313,  0.472,  0.739], 
          [ 1.237, -1.351,  0.087,  0.787], 
          [ 1.021, -1.437,  0.860,  0.711], 
          [ 1.040, -1.442,  0.478,  0.710], 
          [ 1.073, -1.470,  0.105,  0.844], 
          [ 1.076, -1.295,  1.616,  0.800], 
          [ 1.024, -1.354,  1.608,  0.874], 
          [ 1.173, -1.324,  1.608,  0.837], 
          [ 1.048, -1.453,  1.585,  0.860], 
          [ 0.984, -1.366,  0.056,  0.679], 
          [ 0.966, -1.434,  0.058,  0.699], 
          [ 1.101, -1.485,  0.057,  0.680], 
          [ 1.120, -1.234,  0.048,  0.713], 
          [ 1.186, -1.228,  0.046,  0.719], 
          [ 1.248, -1.381,  0.041,  0.678]
        ]
    },
    {
        "id": 2,
        "keypoints3d": [
          [ 0.980,  0.973,  1.621,  0.876], 
          [ 1.106,  1.086,  1.415,  0.838], 
          [ 1.025,  1.223,  1.437,  0.812], 
          [ 1.057,  1.326,  1.180,  0.726], 
          [ 1.012,  1.371,  0.932,  0.894], 
          [ 1.184,  0.953,  1.401,  0.806], 
          [ 1.229,  0.922,  1.123,  0.766], 
          [ 1.210,  0.918,  0.872,  0.803], 
          [ 1.078,  1.143,  0.864,  0.725], 
          [ 1.025,  1.221,  0.873,  0.700], 
          [ 1.035,  1.238,  0.491,  0.844], 
          [ 1.128,  1.291,  0.105,  0.775], 
          [ 1.125,  1.052,  0.856,  0.727], 
          [ 1.133,  1.082,  0.485,  0.831], 
          [ 1.130,  1.115,  0.117,  0.802], 
          [ 0.985,  1.003,  1.654,  0.874], 
          [ 1.027,  0.947,  1.649,  0.770], 
          [ 1.014,  1.098,  1.653,  0.882], 
          [ 1.111,  0.981,  1.631,  0.868], 
          [ 1.030,  0.971,  0.060,  0.812], 
          [ 1.091,  0.968,  0.055,  0.814], 
          [ 1.136,  1.144,  0.078,  0.669], 
          [ 0.988,  1.218,  0.033,  0.847], 
          [ 1.004,  1.280,  0.042,  0.857], 
          [ 1.167,  1.336,  0.060,  0.744]
        ]
    },
    {
        "id": 4,
        "keypoints3d": [
          [-0.949, -1.188,  1.513,  0.856], 
          [-1.036, -1.327,  1.354,  0.882], 
          [-0.886, -1.396,  1.331,  0.844], 
          [-0.924, -1.453,  1.060,  0.705], 
          [-1.021, -1.470,  0.842,  0.739], 
          [-1.178, -1.254,  1.372,  0.870], 
          [-1.246, -1.316,  1.111,  0.746], 
          [-1.183, -1.406,  0.893,  0.644], 
          [-1.058, -1.322,  0.832,  0.755], 
          [-0.966, -1.358,  0.821,  0.746], 
          [-0.983, -1.383,  0.446,  0.806], 
          [-1.016, -1.397,  0.096,  0.841], 
          [-1.150, -1.276,  0.842,  0.747], 
          [-1.189, -1.284,  0.467,  0.823], 
          [-1.280, -1.330,  0.090,  0.804], 
          [-0.908, -1.218,  1.539,  0.874], 
          [-0.978, -1.191,  1.549,  0.782], 
          [-0.905, -1.309,  1.532,  0.765], 
          [-1.052, -1.259,  1.560,  0.859], 
          [-1.237, -1.172,  0.033,  0.787], 
          [-1.293, -1.188,  0.042,  0.793], 
          [-1.297, -1.375,  0.045,  0.731], 
          [-0.888, -1.286,  0.055,  0.734], 
          [-0.874, -1.332,  0.064,  0.725], 
          [-1.043, -1.419,  0.055,  0.764]
        ]
    },
    {
        "id": 6,
        "keypoints3d": [
          [-0.328,  0.137,  1.016,  0.829], 
          [-0.295,  0.218,  0.794,  0.862], 
          [-0.449,  0.187,  0.775,  0.806], 
          [-0.535,  0.098,  0.579,  0.730], 
          [-0.495, -0.081,  0.622,  0.831], 
          [-0.126,  0.229,  0.819,  0.753], 
          [ 0.081,  0.174,  0.716,  0.711], 
          [ 0.069, -0.036,  0.649,  0.844], 
          [-0.176, -0.093,  0.456,  0.729], 
          [-0.279, -0.105,  0.434,  0.690], 
          [-0.187, -0.502,  0.406,  0.824], 
          [-0.156, -0.822,  0.241,  0.720], 
          [-0.054, -0.078,  0.475,  0.718], 
          [ 0.085, -0.413,  0.434,  0.732], 
          [ 0.154, -0.725,  0.231,  0.809], 
          [-0.378,  0.161,  1.043,  0.814], 
          [-0.295,  0.190,  1.047,  0.839], 
          [-0.411,  0.233,  0.976,  0.871], 
          [-0.246,  0.260,  0.998,  0.884], 
          [ 0.245, -0.821,  0.266,  0.769], 
          [ 0.259, -0.774,  0.240,  0.800], 
          [ 0.123, -0.744,  0.183,  0.664], 
          [-0.130, -0.970,  0.337,  0.657], 
          [-0.152, -0.951,  0.307,  0.631], 
          [-0.136, -0.845,  0.200,  0.567]
        ]
    }
]
