[
    {
        "id": 0,
        "keypoints3d": [
          [ 1.031, -1.332,  1.585,  0.883], 
          [ 1.134, -1.406,  1.391,  0.859], 
          [ 1.247, -1.291,  1.392,  0.804], 
          [ 1.135, -1.166,  1.179,  0.791], 
          [ 0.969, -1.361,  1.194,  0.823], 
          [ 1.001, -1.523,  1.381,  0.821], 
          [ 0.911, -1.448,  1.144,  0.851], 
          [ 1.064, -1.255,  1.177,  0.767], 
          [ 1.089, -1.361,  0.862,  0.730], 
          [ 1.152, -1.284,  0.869,  0.710], 
          [ 1.172, -1.308,  0.474,  0.751], 
          [ 1.234, -1.350,  0.080,  0.784], 
          [ 1.022, -1.439,  0.860,  0.723], 
          [ 1.038, -1.438,  0.476,  0.740], 
          [ 1.070, -1.466,  0.098,  0.802], 
          [ 1.077, -1.323,  1.628,  0.910], 
          [ 1.018, -1.362,  1.612,  0.869], 
          [ 1.181, -1.302,  1.611,  0.867], 
          [ 1.050, -1.456,  1.590,  0.823], 
          [ 0.983, -1.358,  0.067,  0.703], 
          [ 0.964, -1.432,  0.064,  0.724], 
          [ 1.100, -1.485,  0.054,  0.624], 
          [ 1.119, -1.235,  0.052,  0.645], 
          [ 1.188, -1.223,  0.047,  0.673], 
          [ 1.246, -1.388,  0.038,  0.654]
        ]
    },
    {
        "id": 2,
        "keypoints3d": [
          [-1.166, -1.138,  1.493,  0.872], 
          [-1.250, -1.281,  1.345,  0.872], 
          [-1.097, -1.336,  1.344,  0.868], 
          [-1.085, -1.417,  1.075,  0.802], 
          [-1.158, -1.435,  0.863,  0.664], 
          [-1.405, -1.220,  1.346,  0.828], 
          [-1.449, -1.298,  1.083,  0.747], 
          [-1.382, -1.387,  0.861,  0.666], 
          [-1.238, -1.285,  0.827,  0.757], 
          [-1.135, -1.306,  0.826,  0.762], 
          [-1.076, -1.281,  0.463,  0.853], 
          [-1.071, -1.364,  0.092,  0.805], 
          [-1.336, -1.262,  0.821,  0.736], 
          [-1.321, -1.293,  0.440,  0.807], 
          [-1.300, -1.339,  0.086,  0.842], 
          [-1.141, -1.158,  1.516,  0.833], 
          [-1.205, -1.136,  1.524,  0.837], 
          [-1.155, -1.266,  1.529,  0.789], 
          [-1.291, -1.169,  1.533,  0.882], 
          [-1.246, -1.185,  0.038,  0.769], 
          [-1.300, -1.204,  0.040,  0.781], 
          [-1.300, -1.375,  0.040,  0.695], 
          [-0.975, -1.239,  0.067,  0.725], 
          [-0.954, -1.288,  0.069,  0.696], 
          [-1.093, -1.402,  0.036,  0.777]
        ]
    },
    {
        "id": 4,
        "keypoints3d": [
          [ 1.041,  1.180,  1.615,  0.840], 
          [ 1.201,  1.187,  1.414,  0.881], 
          [ 1.223,  1.351,  1.417,  0.850], 
          [ 1.268,  1.399,  1.150,  0.772], 
          [ 1.228,  1.428,  0.901,  0.784], 
          [ 1.178,  1.034,  1.423,  0.863], 
          [ 1.172,  0.993,  1.158,  0.823], 
          [ 1.090,  1.054,  0.923,  0.828], 
          [ 1.172,  1.204,  0.870,  0.748], 
          [ 1.199,  1.298,  0.868,  0.741], 
          [ 1.198,  1.271,  0.479,  0.849], 
          [ 1.254,  1.242,  0.082,  0.836], 
          [ 1.161,  1.099,  0.883,  0.750], 
          [ 1.127,  1.048,  0.512,  0.847], 
          [ 1.202,  1.020,  0.105,  0.864], 
          [ 1.050,  1.220,  1.650,  0.878], 
          [ 1.052,  1.158,  1.647,  0.791], 
          [ 1.150,  1.256,  1.635,  0.784], 
          [ 1.128,  1.122,  1.635,  0.770], 
          [ 1.050,  1.008,  0.062,  0.782], 
          [ 1.094,  0.961,  0.052,  0.778], 
          [ 1.239,  1.046,  0.051,  0.758], 
          [ 1.093,  1.252,  0.030,  0.731], 
          [ 1.122,  1.296,  0.030,  0.698], 
          [ 1.300,  1.225,  0.030,  0.696]
        ]
    },
    {
        "id": 6,
        "keypoints3d": [
          [-0.366,  0.047,  1.006,  0.868], 
          [-0.390,  0.115,  0.778,  0.796], 
          [-0.494, -0.006,  0.769,  0.767], 
          [-0.494, -0.117,  0.560,  0.876], 
          [-0.343, -0.226,  0.618,  0.888], 
          [-0.283,  0.212,  0.815,  0.788], 
          [-0.099,  0.322,  0.706,  0.867], 
          [ 0.040,  0.151,  0.654,  0.854], 
          [-0.163, -0.015,  0.416,  0.676], 
          [-0.238, -0.092,  0.397,  0.627], 
          [ 0.131, -0.364,  0.387,  0.746], 
          [ 0.410, -0.554,  0.197,  0.707], 
          [-0.093,  0.067,  0.434,  0.675], 
          [ 0.275, -0.137,  0.423,  0.756], 
          [ 0.565, -0.304,  0.238,  0.823], 
          [-0.413,  0.046,  1.039,  0.876], 
          [-0.375,  0.097,  1.036,  0.884], 
          [-0.551, -0.045,  0.998,  0.857], 
          [-0.393,  0.188,  0.991,  0.761], 
          [ 0.702, -0.338,  0.295,  0.720], 
          [ 0.695, -0.292,  0.288,  0.733], 
          [ 0.576, -0.330,  0.202,  0.712], 
          [ 0.536, -0.629,  0.265,  0.712], 
          [ 0.491, -0.639,  0.231,  0.670], 
          [ 0.436, -0.543,  0.152,  0.691]
        ]
    }
]
