[
    {
        "id": 0,
        "keypoints3d": [
          [-1.019, -1.186,  1.511,  0.800], 
          [-1.099, -1.318,  1.355,  0.879], 
          [-0.970, -1.381,  1.346,  0.854], 
          [-0.985, -1.441,  1.070,  0.751], 
          [-1.046, -1.457,  0.872,  0.748], 
          [-1.251, -1.225,  1.367,  0.860], 
          [-1.312, -1.274,  1.112,  0.754], 
          [-1.271, -1.382,  0.914,  0.612], 
          [-1.112, -1.304,  0.836,  0.761], 
          [-1.022, -1.343,  0.831,  0.751], 
          [-1.021, -1.372,  0.444,  0.824], 
          [-1.017, -1.396,  0.097,  0.810], 
          [-1.209, -1.263,  0.844,  0.742], 
          [-1.230, -1.302,  0.456,  0.819], 
          [-1.288, -1.335,  0.084,  0.779], 
          [-0.999, -1.222,  1.538,  0.786], 
          [-1.049, -1.171,  1.556,  0.831], 
          [-0.994, -1.310,  1.535,  0.756], 
          [-1.124, -1.224,  1.563,  0.849], 
          [-1.241, -1.176,  0.035,  0.758], 
          [-1.298, -1.190,  0.042,  0.766], 
          [-1.304, -1.377,  0.038,  0.706], 
          [-0.891, -1.289,  0.055,  0.726], 
          [-0.880, -1.331,  0.066,  0.669], 
          [-1.040, -1.416,  0.052,  0.738]
        ]
    },
    {
        "id": 2,
        "keypoints3d": [
          [ 1.037, -1.319,  1.578,  0.875], 
          [ 1.136, -1.406,  1.386,  0.863], 
          [ 1.249, -1.290,  1.391,  0.806], 
          [ 1.138, -1.168,  1.180,  0.856], 
          [ 0.974, -1.363,  1.190,  0.800], 
          [ 1.004, -1.521,  1.379,  0.819], 
          [ 0.919, -1.453,  1.144,  0.857], 
          [ 1.070, -1.263,  1.174,  0.765], 
          [ 1.093, -1.363,  0.861,  0.734], 
          [ 1.157, -1.289,  0.866,  0.719], 
          [ 1.174, -1.311,  0.479,  0.749], 
          [ 1.237, -1.354,  0.090,  0.746], 
          [ 1.022, -1.438,  0.861,  0.719], 
          [ 1.043, -1.445,  0.480,  0.727], 
          [ 1.071, -1.470,  0.103,  0.753], 
          [ 1.074, -1.312,  1.625,  0.822], 
          [ 1.017, -1.360,  1.608,  0.868], 
          [ 1.175, -1.323,  1.605,  0.904], 
          [ 1.046, -1.454,  1.585,  0.859], 
          [ 0.979, -1.365,  0.059,  0.682], 
          [ 0.962, -1.428,  0.056,  0.701], 
          [ 1.106, -1.482,  0.056,  0.677], 
          [ 1.120, -1.234,  0.052,  0.712], 
          [ 1.184, -1.224,  0.045,  0.718], 
          [ 1.249, -1.385,  0.042,  0.676]
        ]
    },
    {
        "id": 4,
        "keypoints3d": [
          [ 1.004,  1.023,  1.614,  0.798], 
          [ 1.155,  1.125,  1.412,  0.866], 
          [ 1.111,  1.283,  1.426,  0.828], 
          [ 1.135,  1.366,  1.166,  0.801], 
          [ 1.094,  1.383,  0.920,  0.811], 
          [ 1.196,  0.973,  1.404,  0.835], 
          [ 1.223,  0.932,  1.123,  0.864], 
          [ 1.155,  0.921,  0.882,  0.882], 
          [ 1.133,  1.154,  0.860,  0.728], 
          [ 1.109,  1.246,  0.862,  0.706], 
          [ 1.135,  1.237,  0.478,  0.834], 
          [ 1.236,  1.256,  0.110,  0.743], 
          [ 1.154,  1.067,  0.863,  0.701], 
          [ 1.140,  1.073,  0.495,  0.823], 
          [ 1.129,  1.102,  0.117,  0.812], 
          [ 1.011,  1.074,  1.652,  0.816], 
          [ 1.049,  1.015,  1.647,  0.756], 
          [ 1.067,  1.161,  1.652,  0.772], 
          [ 1.156,  1.019,  1.636,  0.854], 
          [ 1.039,  0.967,  0.043,  0.706], 
          [ 1.084,  0.965,  0.038,  0.751], 
          [ 1.138,  1.127,  0.083,  0.693], 
          [ 1.132,  1.211,  0.002,  0.634], 
          [ 1.149,  1.265,  0.012,  0.699], 
          [ 1.289,  1.259,  0.045,  0.686]
        ]
    },
    {
        "id": 6,
        "keypoints3d": [
          [-0.348,  0.116,  1.013,  0.800], 
          [-0.348,  0.176,  0.792,  0.869], 
          [-0.483,  0.126,  0.782,  0.836], 
          [-0.544,  0.030,  0.569,  0.780], 
          [-0.460, -0.122,  0.616,  0.879], 
          [-0.195,  0.234,  0.803,  0.783], 
          [ 0.037,  0.239,  0.720,  0.825], 
          [ 0.077,  0.045,  0.659,  0.871], 
          [-0.153, -0.095,  0.461,  0.722], 
          [-0.250, -0.138,  0.454,  0.716], 
          [-0.083, -0.488,  0.383,  0.782], 
          [ 0.050, -0.824,  0.229,  0.808], 
          [-0.051, -0.063,  0.478,  0.716], 
          [ 0.152, -0.324,  0.438,  0.820], 
          [ 0.302, -0.570,  0.240,  0.661], 
          [-0.394,  0.134,  1.033,  0.718], 
          [-0.327,  0.146,  1.046,  0.779], 
          [-0.460,  0.183,  0.979,  0.881], 
          [-0.311,  0.243,  0.991,  0.813], 
          [ 0.463, -0.680,  0.285,  0.747], 
          [ 0.461, -0.651,  0.263,  0.764], 
          [ 0.333, -0.626,  0.218,  0.628], 
          [ 0.099, -0.925,  0.316,  0.709], 
          [ 0.060, -0.924,  0.289,  0.696], 
          [ 0.065, -0.830,  0.185,  0.654]
        ]
    }
]
