[
    {
        "id": 0,
        "keypoints3d": [
          [ 1.037, -1.314,  1.579,  0.880], 
          [ 1.136, -1.406,  1.386,  0.860], 
          [ 1.248, -1.287,  1.390,  0.813], 
          [ 1.142, -1.167,  1.179,  0.791], 
          [ 0.973, -1.363,  1.191,  0.797], 
          [ 1.003, -1.519,  1.380,  0.816], 
          [ 0.917, -1.448,  1.141,  0.863], 
          [ 1.071, -1.258,  1.172,  0.772], 
          [ 1.089, -1.362,  0.857,  0.723], 
          [ 1.152, -1.281,  0.863,  0.710], 
          [ 1.173, -1.312,  0.471,  0.786], 
          [ 1.236, -1.352,  0.086,  0.779], 
          [ 1.022, -1.438,  0.861,  0.708], 
          [ 1.039, -1.443,  0.470,  0.692], 
          [ 1.072, -1.470,  0.102,  0.843], 
          [ 1.076, -1.295,  1.616,  0.803], 
          [ 1.020, -1.359,  1.607,  0.872], 
          [ 1.173, -1.324,  1.608,  0.838], 
          [ 1.047, -1.452,  1.586,  0.856], 
          [ 0.986, -1.365,  0.056,  0.680], 
          [ 0.965, -1.436,  0.055,  0.706], 
          [ 1.108, -1.484,  0.055,  0.678], 
          [ 1.122, -1.244,  0.049,  0.706], 
          [ 1.186, -1.231,  0.046,  0.712], 
          [ 1.243, -1.381,  0.049,  0.689]
        ]
    },
    {
        "id": 2,
        "keypoints3d": [
          [-0.923, -1.185,  1.508,  0.860], 
          [-0.984, -1.336,  1.355,  0.890], 
          [-0.845, -1.393,  1.338,  0.865], 
          [-0.865, -1.468,  1.065,  0.772], 
          [-0.938, -1.489,  0.869,  0.769], 
          [-1.142, -1.269,  1.375,  0.862], 
          [-1.201, -1.346,  1.121,  0.760], 
          [-1.141, -1.436,  0.909,  0.748], 
          [-1.028, -1.336,  0.830,  0.762], 
          [-0.934, -1.370,  0.818,  0.747], 
          [-0.961, -1.391,  0.445,  0.791], 
          [-1.003, -1.396,  0.100,  0.850], 
          [-1.118, -1.292,  0.840,  0.747], 
          [-1.156, -1.274,  0.467,  0.775], 
          [-1.244, -1.320,  0.096,  0.805], 
          [-0.890, -1.205,  1.538,  0.871], 
          [-0.947, -1.178,  1.550,  0.862], 
          [-0.864, -1.301,  1.528,  0.689], 
          [-1.009, -1.260,  1.557,  0.764], 
          [-1.219, -1.168,  0.044,  0.752], 
          [-1.267, -1.191,  0.052,  0.771], 
          [-1.265, -1.371,  0.053,  0.664], 
          [-0.898, -1.274,  0.052,  0.765], 
          [-0.880, -1.334,  0.062,  0.745], 
          [-1.032, -1.418,  0.057,  0.749]
        ]
    },
    {
        "id": 4,
        "keypoints3d": [
          [ 0.946,  0.938,  1.613,  0.851], 
          [ 1.072,  1.075,  1.414,  0.853], 
          [ 0.950,  1.185,  1.439,  0.834], 
          [ 0.945,  1.296,  1.184,  0.852], 
          [ 0.917,  1.320,  0.938,  0.878], 
          [ 1.175,  0.959,  1.401,  0.837], 
          [ 1.220,  0.944,  1.116,  0.842], 
          [ 1.136,  0.910,  0.881,  0.841], 
          [ 1.037,  1.138,  0.873,  0.720], 
          [ 0.963,  1.202,  0.884,  0.703], 
          [ 0.908,  1.185,  0.505,  0.776], 
          [ 0.910,  1.257,  0.109,  0.757], 
          [ 1.116,  1.077,  0.868,  0.717], 
          [ 1.128,  1.100,  0.479,  0.794], 
          [ 1.120,  1.116,  0.093,  0.809], 
          [ 0.930,  0.970,  1.662,  0.839], 
          [ 1.001,  0.935,  1.643,  0.833], 
          [ 0.965,  1.070,  1.647,  0.871], 
          [ 1.089,  0.965,  1.639,  0.826], 
          [ 1.043,  0.963,  0.052,  0.767], 
          [ 1.120,  0.981,  0.039,  0.684], 
          [ 1.117,  1.150,  0.058,  0.627], 
          [ 0.818,  1.111,  0.059,  0.731], 
          [ 0.789,  1.177,  0.059,  0.723], 
          [ 0.941,  1.286,  0.050,  0.812]
        ]
    },
    {
        "id": 6,
        "keypoints3d": [
          [-0.302,  0.154,  1.016,  0.869], 
          [-0.256,  0.229,  0.783,  0.818], 
          [-0.407,  0.231,  0.768,  0.815], 
          [-0.519,  0.163,  0.574,  0.788], 
          [-0.497, -0.037,  0.614,  0.805], 
          [-0.097,  0.232,  0.819,  0.773], 
          [ 0.099,  0.146,  0.714,  0.871], 
          [ 0.062, -0.066,  0.656,  0.775], 
          [-0.177, -0.037,  0.420,  0.739], 
          [-0.291, -0.034,  0.405,  0.694], 
          [-0.319, -0.461,  0.392,  0.832], 
          [-0.324, -0.823,  0.253,  0.791], 
          [-0.071, -0.036,  0.437,  0.685], 
          [-0.021, -0.469,  0.434,  0.695], 
          [ 0.022, -0.741,  0.233,  0.678], 
          [-0.334,  0.191,  1.046,  0.747], 
          [-0.264,  0.192,  1.038,  0.901], 
          [-0.385,  0.264,  0.986,  0.875], 
          [-0.212,  0.257,  1.000,  0.920], 
          [ 0.088, -0.897,  0.265,  0.690], 
          [ 0.103, -0.867,  0.268,  0.702], 
          [-0.015, -0.775,  0.192,  0.639], 
          [-0.281, -0.995,  0.319,  0.625], 
          [-0.320, -0.963,  0.310,  0.680], 
          [-0.314, -0.847,  0.227,  0.619]
        ]
    }
]
