[
    {
        "id": 0,
        "keypoints3d": [
          [-1.057, -1.171,  1.510,  0.843], 
          [-1.149, -1.302,  1.353,  0.872], 
          [-0.999, -1.367,  1.346,  0.860], 
          [-1.007, -1.433,  1.081,  0.783], 
          [-1.088, -1.449,  0.868,  0.690], 
          [-1.297, -1.226,  1.360,  0.850], 
          [-1.345, -1.271,  1.103,  0.752], 
          [-1.284, -1.381,  0.883,  0.710], 
          [-1.143, -1.298,  0.833,  0.746], 
          [-1.049, -1.337,  0.831,  0.759], 
          [-1.029, -1.363,  0.448,  0.828], 
          [-1.017, -1.399,  0.098,  0.832], 
          [-1.242, -1.256,  0.838,  0.727], 
          [-1.254, -1.298,  0.452,  0.815], 
          [-1.296, -1.334,  0.081,  0.789], 
          [-1.038, -1.202,  1.537,  0.803], 
          [-1.099, -1.158,  1.547,  0.854], 
          [-1.043, -1.292,  1.536,  0.719], 
          [-1.186, -1.215,  1.553,  0.848], 
          [-1.245, -1.174,  0.035,  0.728], 
          [-1.301, -1.190,  0.041,  0.745], 
          [-1.309, -1.373,  0.043,  0.639], 
          [-0.896, -1.282,  0.064,  0.674], 
          [-0.878, -1.318,  0.073,  0.689], 
          [-1.041, -1.418,  0.050,  0.751]
        ]
    },
    {
        "id": 2,
        "keypoints3d": [
          [ 1.037, -1.320,  1.580,  0.881], 
          [ 1.136, -1.406,  1.387,  0.863], 
          [ 1.250, -1.290,  1.392,  0.814], 
          [ 1.140, -1.167,  1.180,  0.863], 
          [ 0.973, -1.362,  1.189,  0.797], 
          [ 1.004, -1.523,  1.380,  0.820], 
          [ 0.921, -1.453,  1.143,  0.854], 
          [ 1.067, -1.261,  1.173,  0.769], 
          [ 1.092, -1.362,  0.860,  0.732], 
          [ 1.156, -1.287,  0.868,  0.713], 
          [ 1.174, -1.307,  0.480,  0.810], 
          [ 1.234, -1.353,  0.090,  0.748], 
          [ 1.021, -1.437,  0.862,  0.724], 
          [ 1.040, -1.445,  0.480,  0.730], 
          [ 1.074, -1.472,  0.103,  0.763], 
          [ 1.075, -1.314,  1.624,  0.824], 
          [ 1.017, -1.360,  1.608,  0.874], 
          [ 1.175, -1.323,  1.605,  0.906], 
          [ 1.047, -1.454,  1.587,  0.860], 
          [ 0.975, -1.357,  0.059,  0.694], 
          [ 0.962, -1.426,  0.060,  0.709], 
          [ 1.110, -1.481,  0.051,  0.679], 
          [ 1.119, -1.239,  0.051,  0.714], 
          [ 1.184, -1.223,  0.047,  0.715], 
          [ 1.247, -1.389,  0.047,  0.628]
        ]
    },
    {
        "id": 4,
        "keypoints3d": [
          [ 1.027,  1.095,  1.611,  0.828], 
          [ 1.183,  1.142,  1.413,  0.861], 
          [ 1.141,  1.309,  1.424,  0.830], 
          [ 1.177,  1.382,  1.152,  0.826], 
          [ 1.134,  1.390,  0.912,  0.786], 
          [ 1.210,  0.998,  1.405,  0.836], 
          [ 1.208,  0.953,  1.126,  0.835], 
          [ 1.120,  0.945,  0.893,  0.870], 
          [ 1.145,  1.172,  0.864,  0.746], 
          [ 1.143,  1.267,  0.865,  0.717], 
          [ 1.162,  1.254,  0.479,  0.828], 
          [ 1.243,  1.255,  0.109,  0.792], 
          [ 1.155,  1.085,  0.869,  0.715], 
          [ 1.120,  1.063,  0.506,  0.796], 
          [ 1.133,  1.096,  0.119,  0.776], 
          [ 1.017,  1.129,  1.651,  0.811], 
          [ 1.062,  1.069,  1.648,  0.868], 
          [ 1.090,  1.180,  1.639,  0.774], 
          [ 1.156,  1.055,  1.639,  0.795], 
          [ 1.036,  0.971,  0.047,  0.746], 
          [ 1.079,  0.967,  0.039,  0.787], 
          [ 1.148,  1.126,  0.072,  0.651], 
          [ 1.118,  1.223,  0.010,  0.735], 
          [ 1.141,  1.270,  0.015,  0.726], 
          [ 1.295,  1.255,  0.052,  0.704]
        ]
    },
    {
        "id": 6,
        "keypoints3d": [
          [-0.358,  0.088,  1.017,  0.915], 
          [-0.351,  0.161,  0.789,  0.855], 
          [-0.481,  0.081,  0.784,  0.845], 
          [-0.531, -0.013,  0.563,  0.748], 
          [-0.429, -0.181,  0.629,  0.837], 
          [-0.216,  0.238,  0.794,  0.814], 
          [ 0.015,  0.228,  0.722,  0.718], 
          [ 0.067,  0.037,  0.658,  0.760], 
          [-0.157, -0.074,  0.438,  0.713], 
          [-0.252, -0.132,  0.439,  0.711], 
          [-0.033, -0.471,  0.380,  0.777], 
          [ 0.130, -0.767,  0.222,  0.811], 
          [-0.058, -0.027,  0.448,  0.719], 
          [ 0.193, -0.286,  0.421,  0.803], 
          [ 0.406, -0.545,  0.219,  0.815], 
          [-0.407,  0.091,  1.039,  0.761], 
          [-0.340,  0.139,  1.049,  0.766], 
          [-0.472,  0.140,  0.980,  0.851], 
          [-0.326,  0.220,  1.000,  0.946], 
          [ 0.529, -0.631,  0.270,  0.684], 
          [ 0.533, -0.584,  0.248,  0.750], 
          [ 0.387, -0.558,  0.184,  0.657], 
          [ 0.163, -0.890,  0.285,  0.638], 
          [ 0.137, -0.872,  0.273,  0.673], 
          [ 0.155, -0.785,  0.199,  0.691]
        ]
    }
]
