[
    {
        "id": 0,
        "keypoints3d": [
          [-0.987, -1.183,  1.511,  0.874], 
          [-1.071, -1.321,  1.356,  0.883], 
          [-0.936, -1.392,  1.334,  0.841], 
          [-0.958, -1.443,  1.070,  0.751], 
          [-0.982, -1.473,  0.903,  0.660], 
          [-1.218, -1.234,  1.370,  0.856], 
          [-1.290, -1.283,  1.110,  0.799], 
          [-1.242, -1.360,  0.911,  0.690], 
          [-1.085, -1.310,  0.833,  0.776], 
          [-0.995, -1.356,  0.826,  0.765], 
          [-1.007, -1.377,  0.440,  0.803], 
          [-1.015, -1.394,  0.101,  0.821], 
          [-1.177, -1.269,  0.842,  0.744], 
          [-1.206, -1.284,  0.468,  0.817], 
          [-1.285, -1.331,  0.088,  0.789], 
          [-0.966, -1.225,  1.539,  0.743], 
          [-1.019, -1.188,  1.554,  0.811], 
          [-0.949, -1.315,  1.533,  0.782], 
          [-1.103, -1.228,  1.565,  0.875], 
          [-1.237, -1.173,  0.034,  0.741], 
          [-1.295, -1.189,  0.044,  0.762], 
          [-1.297, -1.378,  0.043,  0.707], 
          [-0.895, -1.288,  0.058,  0.723], 
          [-0.880, -1.335,  0.064,  0.675], 
          [-1.043, -1.414,  0.052,  0.745]
        ]
    },
    {
        "id": 2,
        "keypoints3d": [
          [ 1.038, -1.319,  1.578,  0.876], 
          [ 1.136, -1.405,  1.387,  0.865], 
          [ 1.250, -1.290,  1.390,  0.811], 
          [ 1.143, -1.169,  1.178,  0.795], 
          [ 0.974, -1.362,  1.189,  0.800], 
          [ 1.004, -1.523,  1.379,  0.819], 
          [ 0.919, -1.453,  1.144,  0.858], 
          [ 1.068, -1.260,  1.171,  0.764], 
          [ 1.095, -1.360,  0.862,  0.732], 
          [ 1.158, -1.286,  0.866,  0.721], 
          [ 1.175, -1.312,  0.480,  0.764], 
          [ 1.240, -1.354,  0.094,  0.775], 
          [ 1.024, -1.435,  0.862,  0.714], 
          [ 1.046, -1.443,  0.481,  0.730], 
          [ 1.070, -1.472,  0.105,  0.786], 
          [ 1.074, -1.312,  1.625,  0.822], 
          [ 1.017, -1.360,  1.608,  0.871], 
          [ 1.174, -1.318,  1.605,  0.903], 
          [ 1.047, -1.454,  1.582,  0.861], 
          [ 0.980, -1.363,  0.056,  0.681], 
          [ 0.963, -1.424,  0.057,  0.696], 
          [ 1.106, -1.482,  0.056,  0.682], 
          [ 1.120, -1.229,  0.049,  0.721], 
          [ 1.186, -1.227,  0.046,  0.725], 
          [ 1.249, -1.391,  0.046,  0.631]
        ]
    },
    {
        "id": 4,
        "keypoints3d": [
          [ 1.002,  1.008,  1.622,  0.819], 
          [ 1.131,  1.106,  1.411,  0.856], 
          [ 1.077,  1.260,  1.431,  0.811], 
          [ 1.107,  1.349,  1.173,  0.773], 
          [ 1.048,  1.382,  0.932,  0.798], 
          [ 1.191,  0.955,  1.396,  0.824], 
          [ 1.226,  0.924,  1.118,  0.854], 
          [ 1.186,  0.920,  0.877,  0.860], 
          [ 1.108,  1.152,  0.858,  0.720], 
          [ 1.084,  1.248,  0.865,  0.692], 
          [ 1.094,  1.241,  0.481,  0.823], 
          [ 1.226,  1.264,  0.112,  0.755], 
          [ 1.137,  1.064,  0.856,  0.709], 
          [ 1.138,  1.086,  0.480,  0.822], 
          [ 1.127,  1.110,  0.114,  0.789], 
          [ 0.998,  1.046,  1.663,  0.782], 
          [ 1.041,  0.989,  1.646,  0.809], 
          [ 1.046,  1.129,  1.651,  0.819], 
          [ 1.136,  1.004,  1.629,  0.860], 
          [ 1.038,  0.965,  0.049,  0.796], 
          [ 1.092,  0.955,  0.039,  0.813], 
          [ 1.137,  1.138,  0.078,  0.661], 
          [ 1.094,  1.232,  0.014,  0.651], 
          [ 1.117,  1.283,  0.025,  0.648], 
          [ 1.284,  1.273,  0.055,  0.710]
        ]
    },
    {
        "id": 6,
        "keypoints3d": [
          [-0.336,  0.125,  1.014,  0.838], 
          [-0.326,  0.192,  0.792,  0.842], 
          [-0.473,  0.146,  0.776,  0.815], 
          [-0.544,  0.052,  0.575,  0.750], 
          [-0.473, -0.120,  0.620,  0.890], 
          [-0.169,  0.237,  0.801,  0.786], 
          [ 0.044,  0.211,  0.718,  0.719], 
          [ 0.061,  0.004,  0.655,  0.785], 
          [-0.169, -0.089,  0.467,  0.732], 
          [-0.255, -0.128,  0.452,  0.724], 
          [-0.124, -0.513,  0.399,  0.796], 
          [-0.036, -0.824,  0.231,  0.783], 
          [-0.054, -0.068,  0.481,  0.723], 
          [ 0.116, -0.360,  0.434,  0.808], 
          [ 0.219, -0.639,  0.222,  0.586], 
          [-0.391,  0.150,  1.034,  0.742], 
          [-0.316,  0.166,  1.045,  0.766], 
          [-0.451,  0.196,  0.979,  0.881], 
          [-0.285,  0.253,  0.994,  0.877], 
          [ 0.359, -0.744,  0.273,  0.746], 
          [ 0.370, -0.699,  0.239,  0.758], 
          [ 0.225, -0.690,  0.176,  0.607], 
          [ 0.007, -0.945,  0.320,  0.663], 
          [-0.032, -0.927,  0.287,  0.659], 
          [-0.025, -0.839,  0.200,  0.660]
        ]
    }
]
