[
    {
        "id": 0,
        "keypoints3d": [
          [ 1.035, -1.324,  1.582,  0.879], 
          [ 1.135, -1.406,  1.389,  0.857], 
          [ 1.249, -1.287,  1.392,  0.813], 
          [ 1.139, -1.166,  1.182,  0.867], 
          [ 0.972, -1.362,  1.194,  0.806], 
          [ 1.004, -1.523,  1.381,  0.821], 
          [ 0.916, -1.448,  1.142,  0.852], 
          [ 1.072, -1.256,  1.170,  0.765], 
          [ 1.093, -1.364,  0.859,  0.734], 
          [ 1.156, -1.287,  0.867,  0.713], 
          [ 1.165, -1.312,  0.479,  0.748], 
          [ 1.232, -1.355,  0.090,  0.746], 
          [ 1.024, -1.439,  0.860,  0.723], 
          [ 1.039, -1.441,  0.477,  0.733], 
          [ 1.074, -1.471,  0.104,  0.764], 
          [ 1.076, -1.321,  1.627,  0.813], 
          [ 1.020, -1.358,  1.609,  0.873], 
          [ 1.175, -1.323,  1.605,  0.906], 
          [ 1.051, -1.459,  1.586,  0.847], 
          [ 0.979, -1.358,  0.058,  0.694], 
          [ 0.961, -1.431,  0.059,  0.707], 
          [ 1.110, -1.481,  0.053,  0.674], 
          [ 1.122, -1.241,  0.043,  0.716], 
          [ 1.183, -1.225,  0.043,  0.711], 
          [ 1.245, -1.388,  0.047,  0.623]
        ]
    },
    {
        "id": 2,
        "keypoints3d": [
          [-1.107, -1.149,  1.501,  0.837], 
          [-1.192, -1.290,  1.347,  0.890], 
          [-1.044, -1.361,  1.344,  0.851], 
          [-1.033, -1.425,  1.078,  0.768], 
          [-1.097, -1.451,  0.859,  0.662], 
          [-1.337, -1.220,  1.353,  0.834], 
          [-1.399, -1.283,  1.098,  0.748], 
          [-1.335, -1.367,  0.887,  0.643], 
          [-1.184, -1.301,  0.830,  0.758], 
          [-1.083, -1.330,  0.828,  0.749], 
          [-1.045, -1.340,  0.457,  0.831], 
          [-1.021, -1.394,  0.098,  0.779], 
          [-1.278, -1.260,  0.832,  0.721], 
          [-1.276, -1.294,  0.444,  0.788], 
          [-1.289, -1.342,  0.074,  0.849], 
          [-1.087, -1.173,  1.533,  0.790], 
          [-1.144, -1.150,  1.537,  0.782], 
          [-1.076, -1.270,  1.529,  0.736], 
          [-1.220, -1.196,  1.542,  0.880], 
          [-1.243, -1.176,  0.038,  0.729], 
          [-1.303, -1.193,  0.043,  0.730], 
          [-1.297, -1.377,  0.034,  0.696], 
          [-0.894, -1.286,  0.051,  0.713], 
          [-0.873, -1.324,  0.064,  0.728], 
          [-1.040, -1.420,  0.049,  0.790]
        ]
    },
    {
        "id": 4,
        "keypoints3d": [
          [ 1.028,  1.136,  1.603,  0.818], 
          [ 1.201,  1.169,  1.412,  0.875], 
          [ 1.182,  1.337,  1.421,  0.824], 
          [ 1.217,  1.398,  1.148,  0.869], 
          [ 1.167,  1.415,  0.906,  0.873], 
          [ 1.211,  1.013,  1.411,  0.836], 
          [ 1.203,  0.963,  1.136,  0.830], 
          [ 1.097,  0.974,  0.914,  0.869], 
          [ 1.159,  1.191,  0.867,  0.733], 
          [ 1.170,  1.287,  0.868,  0.711], 
          [ 1.169,  1.273,  0.478,  0.829], 
          [ 1.260,  1.251,  0.094,  0.795], 
          [ 1.167,  1.093,  0.880,  0.723], 
          [ 1.104,  1.048,  0.518,  0.795], 
          [ 1.143,  1.089,  0.110,  0.754], 
          [ 1.041,  1.172,  1.642,  0.811], 
          [ 1.054,  1.089,  1.647,  0.860], 
          [ 1.112,  1.235,  1.636,  0.764], 
          [ 1.149,  1.093,  1.638,  0.780], 
          [ 1.029,  0.975,  0.044,  0.780], 
          [ 1.070,  0.964,  0.039,  0.803], 
          [ 1.166,  1.126,  0.059,  0.801], 
          [ 1.111,  1.229,  0.014,  0.735], 
          [ 1.134,  1.277,  0.019,  0.737], 
          [ 1.302,  1.245,  0.040,  0.787]
        ]
    },
    {
        "id": 6,
        "keypoints3d": [
          [-0.366,  0.077,  1.015,  0.918], 
          [-0.357,  0.138,  0.788,  0.843], 
          [-0.489,  0.057,  0.781,  0.846], 
          [-0.512, -0.055,  0.586,  0.725], 
          [-0.404, -0.195,  0.627,  0.839], 
          [-0.226,  0.224,  0.798,  0.801], 
          [-0.009,  0.241,  0.726,  0.736], 
          [ 0.042,  0.052,  0.660,  0.759], 
          [-0.166, -0.052,  0.424,  0.713], 
          [-0.262, -0.119,  0.426,  0.725], 
          [ 0.028, -0.447,  0.371,  0.789], 
          [ 0.230, -0.723,  0.217,  0.810], 
          [-0.076,  0.006,  0.433,  0.712], 
          [ 0.230, -0.221,  0.420,  0.803], 
          [ 0.466, -0.453,  0.223,  0.824], 
          [-0.405,  0.078,  1.041,  0.803], 
          [-0.350,  0.128,  1.045,  0.876], 
          [-0.483,  0.119,  0.972,  0.843], 
          [-0.319,  0.212,  1.003,  0.953], 
          [ 0.575, -0.545,  0.267,  0.738], 
          [ 0.576, -0.496,  0.247,  0.733], 
          [ 0.471, -0.470,  0.170,  0.656], 
          [ 0.270, -0.825,  0.268,  0.743], 
          [ 0.238, -0.829,  0.264,  0.717], 
          [ 0.264, -0.731,  0.177,  0.697]
        ]
    }
]
