[
    {
        "id": 0,
        "keypoints3d": [
          [ 1.037, -1.319,  1.578,  0.877], 
          [ 1.136, -1.405,  1.386,  0.865], 
          [ 1.249, -1.290,  1.390,  0.807], 
          [ 1.142, -1.167,  1.177,  0.781], 
          [ 0.974, -1.362,  1.189,  0.801], 
          [ 1.004, -1.522,  1.379,  0.819], 
          [ 0.919, -1.453,  1.144,  0.856], 
          [ 1.070, -1.263,  1.171,  0.767], 
          [ 1.095, -1.360,  0.861,  0.732], 
          [ 1.157, -1.290,  0.866,  0.720], 
          [ 1.175, -1.311,  0.480,  0.764], 
          [ 1.239, -1.354,  0.094,  0.772], 
          [ 1.024, -1.436,  0.862,  0.717], 
          [ 1.045, -1.442,  0.481,  0.734], 
          [ 1.070, -1.472,  0.103,  0.788], 
          [ 1.074, -1.312,  1.625,  0.819], 
          [ 1.018, -1.360,  1.608,  0.876], 
          [ 1.175, -1.321,  1.606,  0.903], 
          [ 1.046, -1.454,  1.585,  0.862], 
          [ 0.978, -1.362,  0.057,  0.686], 
          [ 0.962, -1.431,  0.054,  0.698], 
          [ 1.107, -1.481,  0.053,  0.684], 
          [ 1.120, -1.228,  0.049,  0.723], 
          [ 1.183, -1.224,  0.045,  0.730], 
          [ 1.250, -1.385,  0.047,  0.627]
        ]
    },
    {
        "id": 2,
        "keypoints3d": [
          [-1.001, -1.188,  1.510,  0.805], 
          [-1.086, -1.314,  1.354,  0.875], 
          [-0.944, -1.386,  1.338,  0.849], 
          [-0.968, -1.442,  1.072,  0.773], 
          [-1.015, -1.461,  0.894,  0.652], 
          [-1.232, -1.220,  1.368,  0.858], 
          [-1.301, -1.279,  1.112,  0.787], 
          [-1.264, -1.352,  0.913,  0.712], 
          [-1.093, -1.309,  0.833,  0.767], 
          [-1.006, -1.350,  0.825,  0.758], 
          [-1.016, -1.373,  0.444,  0.807], 
          [-1.017, -1.395,  0.094,  0.801], 
          [-1.191, -1.267,  0.839,  0.739], 
          [-1.212, -1.299,  0.464,  0.811], 
          [-1.288, -1.334,  0.084,  0.852], 
          [-0.973, -1.225,  1.538,  0.809], 
          [-1.028, -1.184,  1.552,  0.880], 
          [-0.958, -1.317,  1.529,  0.749], 
          [-1.111, -1.228,  1.561,  0.883], 
          [-1.239, -1.170,  0.037,  0.747], 
          [-1.297, -1.187,  0.045,  0.766], 
          [-1.300, -1.379,  0.039,  0.703], 
          [-0.894, -1.278,  0.067,  0.726], 
          [-0.876, -1.321,  0.071,  0.722], 
          [-1.038, -1.418,  0.049,  0.742]
        ]
    },
    {
        "id": 4,
        "keypoints3d": [
          [ 0.998,  1.019,  1.615,  0.811], 
          [ 1.139,  1.109,  1.410,  0.864], 
          [ 1.084,  1.268,  1.427,  0.816], 
          [ 1.120,  1.350,  1.163,  0.849], 
          [ 1.081,  1.382,  0.923,  0.862], 
          [ 1.191,  0.960,  1.400,  0.828], 
          [ 1.227,  0.925,  1.121,  0.858], 
          [ 1.172,  0.926,  0.878,  0.848], 
          [ 1.120,  1.154,  0.858,  0.723], 
          [ 1.097,  1.246,  0.860,  0.700], 
          [ 1.116,  1.233,  0.480,  0.824], 
          [ 1.238,  1.255,  0.109,  0.753], 
          [ 1.145,  1.063,  0.856,  0.705], 
          [ 1.139,  1.080,  0.487,  0.818], 
          [ 1.127,  1.107,  0.114,  0.802], 
          [ 0.999,  1.053,  1.653,  0.810], 
          [ 1.037,  1.002,  1.643,  0.806], 
          [ 1.047,  1.142,  1.651,  0.806], 
          [ 1.146,  1.012,  1.634,  0.862], 
          [ 1.040,  0.965,  0.051,  0.791], 
          [ 1.084,  0.966,  0.038,  0.747], 
          [ 1.136,  1.133,  0.080,  0.671], 
          [ 1.133,  1.210, -0.001,  0.636], 
          [ 1.148,  1.264,  0.009,  0.634], 
          [ 1.297,  1.265,  0.045,  0.702]
        ]
    },
    {
        "id": 6,
        "keypoints3d": [
          [-0.347,  0.121,  1.013,  0.790], 
          [-0.340,  0.189,  0.791,  0.856], 
          [-0.482,  0.137,  0.777,  0.824], 
          [-0.539,  0.034,  0.570,  0.763], 
          [-0.473, -0.120,  0.622,  0.887], 
          [-0.184,  0.242,  0.798,  0.808], 
          [ 0.048,  0.234,  0.715,  0.825], 
          [ 0.065,  0.021,  0.653,  0.777], 
          [-0.162, -0.078,  0.463,  0.713], 
          [-0.252, -0.122,  0.451,  0.729], 
          [-0.101, -0.508,  0.390,  0.774], 
          [ 0.001, -0.829,  0.231,  0.817], 
          [-0.053, -0.056,  0.475,  0.695], 
          [ 0.128, -0.339,  0.443,  0.834], 
          [ 0.229, -0.581,  0.233,  0.641], 
          [-0.391,  0.141,  1.032,  0.692], 
          [-0.322,  0.158,  1.048,  0.775], 
          [-0.458,  0.190,  0.985,  0.891], 
          [-0.291,  0.240,  0.994,  0.889], 
          [ 0.399, -0.734,  0.264,  0.715], 
          [ 0.404, -0.685,  0.255,  0.727], 
          [ 0.281, -0.658,  0.192,  0.521], 
          [ 0.043, -0.943,  0.300,  0.696], 
          [ 0.004, -0.928,  0.282,  0.677], 
          [ 0.014, -0.836,  0.202,  0.688]
        ]
    }
]
