[
    {
        "id": 0,
        "keypoints3d": [
          [-0.951, -1.193,  1.501,  0.852], 
          [-1.050, -1.325,  1.354,  0.888], 
          [-0.895, -1.396,  1.332,  0.837], 
          [-0.937, -1.450,  1.062,  0.719], 
          [-1.030, -1.465,  0.844,  0.840], 
          [-1.187, -1.247,  1.370,  0.863], 
          [-1.261, -1.288,  1.115,  0.773], 
          [-1.200, -1.393,  0.897,  0.649], 
          [-1.063, -1.318,  0.830,  0.766], 
          [-0.975, -1.360,  0.821,  0.752], 
          [-0.991, -1.385,  0.439,  0.814], 
          [-1.016, -1.395,  0.096,  0.842], 
          [-1.154, -1.273,  0.839,  0.754], 
          [-1.192, -1.285,  0.461,  0.825], 
          [-1.281, -1.334,  0.086,  0.808], 
          [-0.925, -1.215,  1.532,  0.786], 
          [-0.990, -1.192,  1.547,  0.772], 
          [-0.914, -1.308,  1.530,  0.760], 
          [-1.065, -1.251,  1.563,  0.871], 
          [-1.239, -1.168,  0.037,  0.783], 
          [-1.293, -1.188,  0.048,  0.788], 
          [-1.294, -1.383,  0.040,  0.730], 
          [-0.886, -1.286,  0.053,  0.724], 
          [-0.873, -1.328,  0.065,  0.718], 
          [-1.042, -1.418,  0.052,  0.757]
        ]
    },
    {
        "id": 2,
        "keypoints3d": [
          [ 1.037, -1.317,  1.578,  0.878], 
          [ 1.136, -1.405,  1.387,  0.862], 
          [ 1.249, -1.291,  1.390,  0.811], 
          [ 1.145, -1.166,  1.178,  0.790], 
          [ 0.976, -1.362,  1.189,  0.803], 
          [ 1.004, -1.523,  1.379,  0.818], 
          [ 0.919, -1.453,  1.144,  0.859], 
          [ 1.068, -1.257,  1.172,  0.767], 
          [ 1.092, -1.361,  0.859,  0.727], 
          [ 1.157, -1.286,  0.862,  0.718], 
          [ 1.173, -1.313,  0.472,  0.740], 
          [ 1.237, -1.351,  0.087,  0.786], 
          [ 1.021, -1.436,  0.860,  0.712], 
          [ 1.040, -1.442,  0.477,  0.709], 
          [ 1.072, -1.470,  0.102,  0.844], 
          [ 1.074, -1.291,  1.616,  0.801], 
          [ 1.024, -1.354,  1.608,  0.874], 
          [ 1.173, -1.324,  1.608,  0.836], 
          [ 1.048, -1.453,  1.585,  0.860], 
          [ 0.979, -1.365,  0.056,  0.686], 
          [ 0.963, -1.431,  0.055,  0.707], 
          [ 1.102, -1.484,  0.053,  0.679], 
          [ 1.124, -1.236,  0.046,  0.718], 
          [ 1.190, -1.229,  0.044,  0.722], 
          [ 1.248, -1.383,  0.039,  0.678]
        ]
    },
    {
        "id": 4,
        "keypoints3d": [
          [ 0.982,  0.981,  1.615,  0.881], 
          [ 1.111,  1.091,  1.412,  0.860], 
          [ 1.034,  1.233,  1.432,  0.797], 
          [ 1.071,  1.341,  1.177,  0.784], 
          [ 1.033,  1.381,  0.933,  0.834], 
          [ 1.184,  0.953,  1.400,  0.812], 
          [ 1.227,  0.924,  1.129,  0.805], 
          [ 1.205,  0.928,  0.875,  0.799], 
          [ 1.085,  1.147,  0.865,  0.730], 
          [ 1.033,  1.229,  0.873,  0.701], 
          [ 1.047,  1.229,  0.493,  0.830], 
          [ 1.151,  1.275,  0.108,  0.769], 
          [ 1.127,  1.059,  0.856,  0.715], 
          [ 1.136,  1.083,  0.491,  0.822], 
          [ 1.127,  1.109,  0.115,  0.779], 
          [ 0.987,  1.012,  1.657,  0.781], 
          [ 1.024,  0.957,  1.644,  0.785], 
          [ 1.020,  1.098,  1.649,  0.871], 
          [ 1.115,  0.982,  1.630,  0.870], 
          [ 1.023,  0.973,  0.070,  0.809], 
          [ 1.089,  0.970,  0.061,  0.803], 
          [ 1.139,  1.139,  0.079,  0.645], 
          [ 1.018,  1.219,  0.031,  0.830], 
          [ 1.026,  1.279,  0.038,  0.840], 
          [ 1.202,  1.302,  0.061,  0.691]
        ]
    },
    {
        "id": 6,
        "keypoints3d": [
          [-0.330,  0.130,  1.015,  0.857], 
          [-0.302,  0.217,  0.793,  0.860], 
          [-0.458,  0.180,  0.774,  0.797], 
          [-0.531,  0.089,  0.570,  0.726], 
          [-0.485, -0.087,  0.617,  0.846], 
          [-0.148,  0.240,  0.819,  0.767], 
          [ 0.063,  0.202,  0.714,  0.712], 
          [ 0.062, -0.018,  0.657,  0.821], 
          [-0.176, -0.086,  0.459,  0.740], 
          [-0.266, -0.113,  0.445,  0.685], 
          [-0.163, -0.481,  0.398,  0.847], 
          [-0.123, -0.798,  0.242,  0.713], 
          [-0.056, -0.080,  0.478,  0.722], 
          [ 0.088, -0.390,  0.441,  0.729], 
          [ 0.173, -0.704,  0.236,  0.753], 
          [-0.380,  0.155,  1.042,  0.830], 
          [-0.301,  0.189,  1.047,  0.814], 
          [-0.421,  0.227,  0.979,  0.888], 
          [-0.257,  0.264,  1.000,  0.897], 
          [ 0.271, -0.808,  0.273,  0.748], 
          [ 0.287, -0.764,  0.247,  0.768], 
          [ 0.172, -0.731,  0.189,  0.658], 
          [-0.090, -0.968,  0.334,  0.627], 
          [-0.119, -0.958,  0.312,  0.604], 
          [-0.106, -0.830,  0.217,  0.577]
        ]
    }
]
