[
    {
        "id": 0,
        "keypoints3d": [
          [ 1.036, -1.332,  1.582,  0.893], 
          [ 1.133, -1.411,  1.389,  0.858], 
          [ 1.250, -1.299,  1.393,  0.817], 
          [ 1.142, -1.171,  1.179,  0.813], 
          [ 0.969, -1.358,  1.188,  0.812], 
          [ 1.000, -1.524,  1.381,  0.819], 
          [ 0.911, -1.450,  1.143,  0.847], 
          [ 1.063, -1.258,  1.177,  0.759], 
          [ 1.093, -1.359,  0.860,  0.735], 
          [ 1.153, -1.287,  0.866,  0.723], 
          [ 1.170, -1.308,  0.480,  0.763], 
          [ 1.239, -1.353,  0.087,  0.796], 
          [ 1.026, -1.437,  0.861,  0.724], 
          [ 1.040, -1.439,  0.477,  0.750], 
          [ 1.073, -1.473,  0.102,  0.833], 
          [ 1.075, -1.321,  1.627,  0.873], 
          [ 1.020, -1.377,  1.616,  0.844], 
          [ 1.180, -1.305,  1.610,  0.863], 
          [ 1.061, -1.475,  1.590,  0.848], 
          [ 0.987, -1.362,  0.063,  0.653], 
          [ 0.966, -1.432,  0.061,  0.679], 
          [ 1.103, -1.488,  0.052,  0.661], 
          [ 1.129, -1.250,  0.049,  0.704], 
          [ 1.188, -1.228,  0.052,  0.723], 
          [ 1.245, -1.388,  0.045,  0.663]
        ]
    },
    {
        "id": 2,
        "keypoints3d": [
          [ 1.039,  1.191,  1.601,  0.805], 
          [ 1.198,  1.165,  1.416,  0.839], 
          [ 1.244,  1.319,  1.421,  0.814], 
          [ 1.318,  1.340,  1.156,  0.835], 
          [ 1.310,  1.346,  0.902,  0.827], 
          [ 1.149,  1.008,  1.428,  0.795], 
          [ 1.131,  0.972,  1.157,  0.847], 
          [ 1.043,  1.035,  0.923,  0.807], 
          [ 1.165,  1.168,  0.877,  0.709], 
          [ 1.199,  1.258,  0.871,  0.698], 
          [ 1.182,  1.260,  0.476,  0.788], 
          [ 1.251,  1.240,  0.079,  0.747], 
          [ 1.143,  1.069,  0.884,  0.702], 
          [ 1.158,  1.040,  0.501,  0.811], 
          [ 1.212,  1.010,  0.101,  0.849], 
          [ 1.054,  1.226,  1.638,  0.879], 
          [ 1.047,  1.169,  1.643,  0.823], 
          [ 1.136,  1.267,  1.638,  0.733], 
          [ 1.120,  1.109,  1.637,  0.816], 
          [ 1.062,  1.042,  0.059,  0.753], 
          [ 1.093,  0.983,  0.045,  0.765], 
          [ 1.261,  1.020,  0.060,  0.740], 
          [ 1.093,  1.251,  0.034,  0.722], 
          [ 1.128,  1.293,  0.028,  0.701], 
          [ 1.299,  1.233,  0.032,  0.668]
        ]
    },
    {
        "id": 4,
        "keypoints3d": [
          [-1.197, -1.124,  1.506,  0.863], 
          [-1.284, -1.269,  1.346,  0.874], 
          [-1.125, -1.321,  1.351,  0.856], 
          [-1.113, -1.395,  1.080,  0.804], 
          [-1.178, -1.430,  0.858,  0.752], 
          [-1.427, -1.213,  1.338,  0.840], 
          [-1.481, -1.290,  1.072,  0.744], 
          [-1.444, -1.361,  0.857,  0.654], 
          [-1.257, -1.275,  0.809,  0.769], 
          [-1.164, -1.308,  0.822,  0.743], 
          [-1.092, -1.275,  0.466,  0.839], 
          [-1.096, -1.364,  0.094,  0.769], 
          [-1.353, -1.247,  0.808,  0.735], 
          [-1.343, -1.280,  0.431,  0.799], 
          [-1.304, -1.336,  0.087,  0.846], 
          [-1.188, -1.134,  1.533,  0.787], 
          [-1.255, -1.113,  1.539,  0.780], 
          [-1.200, -1.244,  1.536,  0.737], 
          [-1.330, -1.165,  1.526,  0.873], 
          [-1.248, -1.179,  0.035,  0.781], 
          [-1.308, -1.195,  0.040,  0.788], 
          [-1.304, -1.370,  0.045,  0.693], 
          [-0.981, -1.244,  0.062,  0.714], 
          [-0.968, -1.301,  0.071,  0.703], 
          [-1.132, -1.394,  0.046,  0.767]
        ]
    },
    {
        "id": 6,
        "keypoints3d": [
          [-0.358,  0.015,  1.004,  0.824], 
          [-0.406,  0.065,  0.782,  0.806], 
          [-0.467, -0.073,  0.768,  0.764], 
          [-0.456, -0.163,  0.553,  0.852], 
          [-0.270, -0.261,  0.609,  0.865], 
          [-0.335,  0.202,  0.811,  0.826], 
          [-0.172,  0.344,  0.705,  0.864], 
          [ 0.007,  0.203,  0.649,  0.818], 
          [-0.132, -0.029,  0.438,  0.701], 
          [-0.152, -0.131,  0.430,  0.659], 
          [ 0.236, -0.283,  0.367,  0.832], 
          [ 0.502, -0.354,  0.106,  0.799], 
          [-0.092,  0.080,  0.450,  0.728], 
          [ 0.310, -0.038,  0.434,  0.840], 
          [ 0.621, -0.109,  0.235,  0.782], 
          [-0.406, -0.024,  1.034,  0.879], 
          [-0.376,  0.049,  1.043,  0.793], 
          [-0.474, -0.195,  1.028,  0.816], 
          [-0.405,  0.138,  0.996,  0.795], 
          [ 0.780, -0.141,  0.316,  0.733], 
          [ 0.762, -0.103,  0.296,  0.715], 
          [ 0.642, -0.138,  0.188,  0.667], 
          [ 0.627, -0.369,  0.153,  0.745], 
          [ 0.601, -0.418,  0.143,  0.712], 
          [ 0.509, -0.347,  0.069,  0.638]
        ]
    }
]
