[
    {
        "id": 0,
        "keypoints3d": [
          [ 1.038, -1.316,  1.579,  0.878], 
          [ 1.133, -1.406,  1.387,  0.861], 
          [ 1.250, -1.293,  1.390,  0.818], 
          [ 1.140, -1.171,  1.179,  0.856], 
          [ 0.971, -1.362,  1.194,  0.803], 
          [ 0.998, -1.516,  1.382,  0.822], 
          [ 0.915, -1.447,  1.143,  0.841], 
          [ 1.068, -1.262,  1.172,  0.770], 
          [ 1.092, -1.359,  0.857,  0.724], 
          [ 1.155, -1.280,  0.863,  0.714], 
          [ 1.176, -1.309,  0.469,  0.800], 
          [ 1.238, -1.352,  0.089,  0.729], 
          [ 1.023, -1.434,  0.862,  0.708], 
          [ 1.036, -1.439,  0.466,  0.715], 
          [ 1.070, -1.468,  0.094,  0.834], 
          [ 1.073, -1.312,  1.624,  0.818], 
          [ 1.024, -1.353,  1.606,  0.876], 
          [ 1.173, -1.323,  1.609,  0.840], 
          [ 1.047, -1.453,  1.588,  0.854], 
          [ 0.980, -1.358,  0.062,  0.708], 
          [ 0.959, -1.436,  0.056,  0.723], 
          [ 1.100, -1.487,  0.056,  0.641], 
          [ 1.113, -1.238,  0.053,  0.814], 
          [ 1.176, -1.219,  0.052,  0.807], 
          [ 1.249, -1.386,  0.040,  0.673]
        ]
    },
    {
        "id": 2,
        "keypoints3d": [
          [-0.929, -1.186,  1.511,  0.881], 
          [-0.980, -1.333,  1.351,  0.888], 
          [-0.838, -1.393,  1.341,  0.853], 
          [-0.832, -1.475,  1.082,  0.762], 
          [-0.919, -1.496,  0.883,  0.708], 
          [-1.135, -1.265,  1.357,  0.856], 
          [-1.181, -1.327,  1.092,  0.773], 
          [-1.114, -1.409,  0.868,  0.618], 
          [-0.994, -1.339,  0.828,  0.765], 
          [-0.904, -1.377,  0.817,  0.756], 
          [-0.939, -1.387,  0.440,  0.784], 
          [-0.996, -1.395,  0.092,  0.831], 
          [-1.082, -1.293,  0.836,  0.770], 
          [-1.096, -1.251,  0.471,  0.826], 
          [-1.161, -1.291,  0.106,  0.752], 
          [-0.897, -1.206,  1.542,  0.810], 
          [-0.957, -1.177,  1.546,  0.879], 
          [-0.872, -1.299,  1.536,  0.790], 
          [-1.030, -1.252,  1.552,  0.880], 
          [-1.172, -1.148,  0.049,  0.720], 
          [-1.217, -1.173,  0.050,  0.762], 
          [-1.173, -1.346,  0.053,  0.735], 
          [-0.894, -1.296,  0.055,  0.747], 
          [-0.875, -1.345,  0.064,  0.726], 
          [-1.035, -1.410,  0.053,  0.722]
        ]
    },
    {
        "id": 4,
        "keypoints3d": [
          [ 0.815,  0.965,  1.605,  0.825], 
          [ 0.914,  1.118,  1.414,  0.869], 
          [ 0.772,  1.174,  1.424,  0.853], 
          [ 0.727,  1.255,  1.164,  0.818], 
          [ 0.710,  1.249,  0.907,  0.887], 
          [ 1.071,  1.051,  1.406,  0.818], 
          [ 1.095,  1.034,  1.123,  0.848], 
          [ 1.054,  0.949,  0.902,  0.836], 
          [ 0.906,  1.120,  0.856,  0.761], 
          [ 0.795,  1.149,  0.866,  0.755], 
          [ 0.762,  1.123,  0.485,  0.814], 
          [ 0.651,  1.218,  0.102,  0.834], 
          [ 1.017,  1.098,  0.845,  0.747], 
          [ 1.057,  1.095,  0.470,  0.790], 
          [ 1.115,  1.112,  0.092,  0.829], 
          [ 0.786,  1.014,  1.640,  0.765], 
          [ 0.859,  0.991,  1.636,  0.825], 
          [ 0.809,  1.099,  1.638,  0.867], 
          [ 0.957,  1.054,  1.636,  0.809], 
          [ 1.043,  0.968,  0.047,  0.667], 
          [ 1.106,  0.979,  0.049,  0.665], 
          [ 1.121,  1.140,  0.052,  0.689], 
          [ 0.725,  1.075,  0.057,  0.666], 
          [ 0.674,  1.103,  0.041,  0.717], 
          [ 0.640,  1.253,  0.061,  0.777]
        ]
    },
    {
        "id": 6,
        "keypoints3d": [
          [-0.260,  0.165,  1.030,  0.814], 
          [-0.188,  0.235,  0.795,  0.853], 
          [-0.350,  0.282,  0.776,  0.798], 
          [-0.470,  0.259,  0.585,  0.852], 
          [-0.514,  0.057,  0.612,  0.745], 
          [-0.036,  0.179,  0.826,  0.765], 
          [ 0.117,  0.027,  0.730,  0.838], 
          [ 0.009, -0.133,  0.656,  0.840], 
          [-0.208, -0.010,  0.419,  0.692], 
          [-0.306,  0.036,  0.406,  0.642], 
          [-0.416, -0.366,  0.385,  0.767], 
          [-0.518, -0.688,  0.216,  0.728], 
          [-0.103, -0.054,  0.434,  0.675], 
          [-0.185, -0.485,  0.424,  0.752], 
          [-0.341, -0.684,  0.145,  0.709], 
          [-0.270,  0.205,  1.043,  0.814], 
          [-0.209,  0.204,  1.044,  0.881], 
          [-0.285,  0.280,  0.997,  0.828], 
          [-0.148,  0.259,  0.992,  0.842], 
          [-0.352, -0.811,  0.158,  0.559], 
          [-0.310, -0.785,  0.123,  0.597], 
          [-0.369, -0.681,  0.101,  0.594], 
          [-0.563, -0.840,  0.279,  0.518], 
          [-0.611, -0.806,  0.268,  0.567], 
          [-0.517, -0.705,  0.180,  0.633]
        ]
    }
]
