[
    {
        "id": 0,
        "keypoints3d": [
          [ 1.037, -1.314,  1.579,  0.880], 
          [ 1.136, -1.406,  1.386,  0.861], 
          [ 1.248, -1.287,  1.390,  0.813], 
          [ 1.142, -1.167,  1.179,  0.791], 
          [ 0.973, -1.363,  1.191,  0.797], 
          [ 1.003, -1.519,  1.380,  0.817], 
          [ 0.917, -1.448,  1.141,  0.863], 
          [ 1.071, -1.258,  1.172,  0.772], 
          [ 1.089, -1.362,  0.857,  0.722], 
          [ 1.152, -1.281,  0.863,  0.710], 
          [ 1.173, -1.312,  0.471,  0.785], 
          [ 1.236, -1.352,  0.086,  0.779], 
          [ 1.022, -1.438,  0.861,  0.708], 
          [ 1.039, -1.443,  0.470,  0.692], 
          [ 1.072, -1.470,  0.102,  0.843], 
          [ 1.076, -1.295,  1.616,  0.803], 
          [ 1.020, -1.359,  1.607,  0.873], 
          [ 1.173, -1.324,  1.608,  0.838], 
          [ 1.047, -1.452,  1.586,  0.856], 
          [ 0.987, -1.360,  0.057,  0.686], 
          [ 0.965, -1.436,  0.055,  0.710], 
          [ 1.108, -1.484,  0.055,  0.679], 
          [ 1.122, -1.244,  0.049,  0.710], 
          [ 1.186, -1.230,  0.043,  0.714], 
          [ 1.248, -1.383,  0.047,  0.688]
        ]
    },
    {
        "id": 2,
        "keypoints3d": [
          [-0.917, -1.190,  1.505,  0.866], 
          [-0.984, -1.336,  1.353,  0.893], 
          [-0.845, -1.393,  1.338,  0.866], 
          [-0.863, -1.468,  1.063,  0.776], 
          [-0.938, -1.489,  0.869,  0.769], 
          [-1.137, -1.272,  1.374,  0.859], 
          [-1.198, -1.349,  1.122,  0.760], 
          [-1.140, -1.437,  0.912,  0.754], 
          [-1.026, -1.336,  0.831,  0.759], 
          [-0.928, -1.371,  0.819,  0.746], 
          [-0.958, -1.393,  0.447,  0.790], 
          [-1.001, -1.398,  0.099,  0.834], 
          [-1.114, -1.294,  0.840,  0.746], 
          [-1.151, -1.276,  0.472,  0.778], 
          [-1.239, -1.319,  0.095,  0.794], 
          [-0.890, -1.205,  1.536,  0.874], 
          [-0.947, -1.179,  1.550,  0.862], 
          [-0.860, -1.303,  1.526,  0.689], 
          [-1.008, -1.255,  1.556,  0.713], 
          [-1.217, -1.165,  0.044,  0.751], 
          [-1.264, -1.188,  0.052,  0.773], 
          [-1.261, -1.367,  0.051,  0.723], 
          [-0.899, -1.277,  0.053,  0.763], 
          [-0.882, -1.337,  0.067,  0.685], 
          [-1.031, -1.419,  0.059,  0.743]
        ]
    },
    {
        "id": 4,
        "keypoints3d": [
          [ 0.946,  0.938,  1.613,  0.850], 
          [ 1.068,  1.076,  1.415,  0.846], 
          [ 0.946,  1.185,  1.439,  0.828], 
          [ 0.936,  1.298,  1.184,  0.849], 
          [ 0.908,  1.322,  0.941,  0.888], 
          [ 1.173,  0.960,  1.401,  0.831], 
          [ 1.219,  0.947,  1.116,  0.839], 
          [ 1.133,  0.909,  0.883,  0.833], 
          [ 1.034,  1.138,  0.872,  0.728], 
          [ 0.959,  1.199,  0.885,  0.709], 
          [ 0.905,  1.184,  0.507,  0.776], 
          [ 0.904,  1.260,  0.108,  0.762], 
          [ 1.114,  1.079,  0.866,  0.721], 
          [ 1.126,  1.103,  0.478,  0.798], 
          [ 1.118,  1.117,  0.092,  0.801], 
          [ 0.930,  0.973,  1.662,  0.839], 
          [ 1.001,  0.935,  1.643,  0.836], 
          [ 0.962,  1.071,  1.646,  0.880], 
          [ 1.089,  0.966,  1.638,  0.737], 
          [ 1.043,  0.963,  0.052,  0.770], 
          [ 1.120,  0.981,  0.039,  0.684], 
          [ 1.116,  1.154,  0.059,  0.621], 
          [ 0.814,  1.113,  0.052,  0.734], 
          [ 0.787,  1.175,  0.053,  0.735], 
          [ 0.940,  1.281,  0.052,  0.730]
        ]
    },
    {
        "id": 6,
        "keypoints3d": [
          [-0.303,  0.155,  1.014,  0.871], 
          [-0.256,  0.227,  0.784,  0.822], 
          [-0.407,  0.235,  0.768,  0.823], 
          [-0.517,  0.166,  0.576,  0.782], 
          [-0.497, -0.032,  0.611,  0.793], 
          [-0.098,  0.229,  0.819,  0.782], 
          [ 0.092,  0.129,  0.716,  0.807], 
          [ 0.060, -0.075,  0.660,  0.846], 
          [-0.178, -0.039,  0.420,  0.740], 
          [-0.292, -0.036,  0.406,  0.694], 
          [-0.324, -0.468,  0.391,  0.827], 
          [-0.329, -0.824,  0.247,  0.785], 
          [-0.074, -0.049,  0.441,  0.691], 
          [-0.029, -0.474,  0.429,  0.703], 
          [ 0.007, -0.748,  0.222,  0.673], 
          [-0.334,  0.191,  1.046,  0.754], 
          [-0.264,  0.192,  1.038,  0.901], 
          [-0.383,  0.266,  0.988,  0.877], 
          [-0.212,  0.257,  1.000,  0.920], 
          [ 0.064, -0.914,  0.248,  0.726], 
          [ 0.084, -0.881,  0.256,  0.720], 
          [-0.028, -0.793,  0.193,  0.675], 
          [-0.289, -1.011,  0.314,  0.629], 
          [-0.331, -0.967,  0.296,  0.668], 
          [-0.326, -0.850,  0.217,  0.620]
        ]
    }
]
