[
    {
        "id": 0,
        "keypoints3d": [
          [ 1.036, -1.317,  1.579,  0.880], 
          [ 1.136, -1.405,  1.387,  0.860], 
          [ 1.250, -1.292,  1.391,  0.817], 
          [ 1.142, -1.167,  1.178,  0.796], 
          [ 0.971, -1.362,  1.190,  0.808], 
          [ 1.000, -1.517,  1.380,  0.818], 
          [ 0.915, -1.447,  1.141,  0.850], 
          [ 1.068, -1.258,  1.173,  0.765], 
          [ 1.090, -1.361,  0.856,  0.718], 
          [ 1.151, -1.282,  0.862,  0.707], 
          [ 1.170, -1.313,  0.467,  0.791], 
          [ 1.236, -1.353,  0.088,  0.769], 
          [ 1.020, -1.437,  0.861,  0.706], 
          [ 1.037, -1.447,  0.467,  0.695], 
          [ 1.069, -1.466,  0.101,  0.769], 
          [ 1.076, -1.295,  1.616,  0.798], 
          [ 1.021, -1.359,  1.608,  0.872], 
          [ 1.173, -1.324,  1.608,  0.839], 
          [ 1.046, -1.452,  1.586,  0.857], 
          [ 0.985, -1.367,  0.056,  0.700], 
          [ 0.962, -1.433,  0.057,  0.718], 
          [ 1.101, -1.485,  0.058,  0.682], 
          [ 1.116, -1.248,  0.050,  0.707], 
          [ 1.187, -1.230,  0.043,  0.710], 
          [ 1.248, -1.383,  0.043,  0.682]
        ]
    },
    {
        "id": 2,
        "keypoints3d": [
          [-0.916, -1.194,  1.505,  0.861], 
          [-0.979, -1.338,  1.359,  0.893], 
          [-0.831, -1.395,  1.342,  0.861], 
          [-0.842, -1.470,  1.077,  0.757], 
          [-0.921, -1.494,  0.886,  0.727], 
          [-1.131, -1.274,  1.375,  0.857], 
          [-1.194, -1.354,  1.121,  0.743], 
          [-1.142, -1.437,  0.907,  0.670], 
          [-1.017, -1.341,  0.830,  0.762], 
          [-0.917, -1.376,  0.822,  0.754], 
          [-0.955, -1.395,  0.447,  0.783], 
          [-1.006, -1.397,  0.096,  0.772], 
          [-1.106, -1.301,  0.841,  0.752], 
          [-1.141, -1.280,  0.472,  0.792], 
          [-1.220, -1.307,  0.088,  0.864], 
          [-0.882, -1.211,  1.536,  0.868], 
          [-0.945, -1.187,  1.547,  0.853], 
          [-0.854, -1.297,  1.532,  0.696], 
          [-1.012, -1.256,  1.556,  0.727], 
          [-1.187, -1.149,  0.044,  0.744], 
          [-1.237, -1.171,  0.040,  0.787], 
          [-1.232, -1.341,  0.052,  0.741], 
          [-0.895, -1.290,  0.050,  0.751], 
          [-0.880, -1.341,  0.064,  0.743], 
          [-1.033, -1.413,  0.055,  0.761]
        ]
    },
    {
        "id": 4,
        "keypoints3d": [
          [ 0.929,  0.939,  1.606,  0.855], 
          [ 1.039,  1.086,  1.418,  0.848], 
          [ 0.914,  1.182,  1.440,  0.844], 
          [ 0.899,  1.287,  1.183,  0.863], 
          [ 0.853,  1.286,  0.936,  0.855], 
          [ 1.156,  0.972,  1.406,  0.841], 
          [ 1.196,  0.974,  1.119,  0.813], 
          [ 1.106,  0.906,  0.903,  0.833], 
          [ 1.001,  1.120,  0.870,  0.727], 
          [ 0.910,  1.172,  0.884,  0.711], 
          [ 0.859,  1.164,  0.515,  0.737], 
          [ 0.819,  1.240,  0.106,  0.855], 
          [ 1.089,  1.074,  0.862,  0.701], 
          [ 1.116,  1.109,  0.476,  0.791], 
          [ 1.114,  1.111,  0.090,  0.813], 
          [ 0.911,  0.967,  1.642,  0.865], 
          [ 0.973,  0.936,  1.635,  0.819], 
          [ 0.934,  1.071,  1.642,  0.890], 
          [ 1.072,  0.965,  1.637,  0.666], 
          [ 1.048,  0.957,  0.051,  0.699], 
          [ 1.109,  0.968,  0.048,  0.694], 
          [ 1.117,  1.155,  0.055,  0.632], 
          [ 0.731,  1.094,  0.051,  0.739], 
          [ 0.713,  1.156,  0.048,  0.744], 
          [ 0.850,  1.272,  0.047,  0.742]
        ]
    },
    {
        "id": 6,
        "keypoints3d": [
          [-0.284,  0.157,  1.021,  0.874], 
          [-0.232,  0.230,  0.787,  0.828], 
          [-0.396,  0.254,  0.772,  0.807], 
          [-0.515,  0.199,  0.578,  0.792], 
          [-0.507,  0.014,  0.608,  0.740], 
          [-0.085,  0.226,  0.812,  0.765], 
          [ 0.103,  0.099,  0.722,  0.833], 
          [ 0.041, -0.096,  0.658,  0.836], 
          [-0.192, -0.043,  0.415,  0.714], 
          [-0.295, -0.035,  0.399,  0.674], 
          [-0.355, -0.456,  0.394,  0.806], 
          [-0.404, -0.814,  0.237,  0.817], 
          [-0.096, -0.061,  0.429,  0.682], 
          [-0.080, -0.489,  0.432,  0.717], 
          [-0.103, -0.766,  0.204,  0.782], 
          [-0.325,  0.200,  1.046,  0.762], 
          [-0.256,  0.195,  1.041,  0.921], 
          [-0.365,  0.272,  0.995,  0.857], 
          [-0.197,  0.256,  0.999,  0.884], 
          [-0.042, -0.905,  0.226,  0.593], 
          [-0.018, -0.865,  0.212,  0.612], 
          [-0.118, -0.781,  0.164,  0.582], 
          [-0.376, -0.951,  0.307,  0.611], 
          [-0.416, -0.921,  0.294,  0.605], 
          [-0.398, -0.837,  0.206,  0.627]
        ]
    }
]
