[
    {
        "id": 0,
        "keypoints3d": [
          [-1.159, -1.135,  1.493,  0.853], 
          [-1.240, -1.280,  1.345,  0.878], 
          [-1.091, -1.339,  1.343,  0.867], 
          [-1.088, -1.420,  1.071,  0.776], 
          [-1.158, -1.437,  0.865,  0.660], 
          [-1.400, -1.217,  1.345,  0.823], 
          [-1.439, -1.290,  1.078,  0.769], 
          [-1.362, -1.388,  0.851,  0.789], 
          [-1.230, -1.285,  0.818,  0.756], 
          [-1.131, -1.308,  0.823,  0.758], 
          [-1.058, -1.284,  0.466,  0.848], 
          [-1.057, -1.359,  0.102,  0.819], 
          [-1.331, -1.269,  0.814,  0.736], 
          [-1.314, -1.298,  0.443,  0.794], 
          [-1.295, -1.339,  0.086,  0.844], 
          [-1.130, -1.149,  1.511,  0.805], 
          [-1.192, -1.135,  1.527,  0.869], 
          [-1.137, -1.252,  1.524,  0.788], 
          [-1.278, -1.164,  1.530,  0.856], 
          [-1.248, -1.183,  0.036,  0.782], 
          [-1.301, -1.198,  0.043,  0.793], 
          [-1.298, -1.370,  0.040,  0.706], 
          [-0.937, -1.251,  0.064,  0.705], 
          [-0.909, -1.301,  0.072,  0.684], 
          [-1.069, -1.392,  0.043,  0.714]
        ]
    },
    {
        "id": 2,
        "keypoints3d": [
          [ 1.032, -1.329,  1.587,  0.882], 
          [ 1.134, -1.405,  1.389,  0.859], 
          [ 1.249, -1.288,  1.392,  0.814], 
          [ 1.136, -1.168,  1.177,  0.793], 
          [ 0.968, -1.357,  1.192,  0.822], 
          [ 1.004, -1.522,  1.380,  0.822], 
          [ 0.913, -1.448,  1.144,  0.847], 
          [ 1.063, -1.251,  1.178,  0.763], 
          [ 1.089, -1.362,  0.859,  0.733], 
          [ 1.153, -1.285,  0.868,  0.716], 
          [ 1.173, -1.307,  0.480,  0.815], 
          [ 1.241, -1.348,  0.094,  0.789], 
          [ 1.023, -1.439,  0.860,  0.725], 
          [ 1.040, -1.443,  0.479,  0.740], 
          [ 1.069, -1.469,  0.107,  0.805], 
          [ 1.077, -1.323,  1.628,  0.914], 
          [ 1.019, -1.361,  1.614,  0.872], 
          [ 1.172, -1.324,  1.608,  0.814], 
          [ 1.050, -1.457,  1.592,  0.829], 
          [ 0.982, -1.358,  0.067,  0.700], 
          [ 0.963, -1.432,  0.060,  0.719], 
          [ 1.102, -1.486,  0.060,  0.633], 
          [ 1.122, -1.242,  0.055,  0.668], 
          [ 1.185, -1.226,  0.057,  0.688], 
          [ 1.254, -1.380,  0.055,  0.655]
        ]
    },
    {
        "id": 4,
        "keypoints3d": [
          [ 1.036,  1.174,  1.616,  0.849], 
          [ 1.201,  1.186,  1.413,  0.884], 
          [ 1.217,  1.355,  1.415,  0.850], 
          [ 1.252,  1.403,  1.143,  0.760], 
          [ 1.218,  1.427,  0.901,  0.785], 
          [ 1.182,  1.033,  1.421,  0.864], 
          [ 1.177,  0.990,  1.143,  0.835], 
          [ 1.097,  1.046,  0.915,  0.844], 
          [ 1.168,  1.204,  0.877,  0.752], 
          [ 1.193,  1.299,  0.867,  0.739], 
          [ 1.191,  1.272,  0.474,  0.840], 
          [ 1.255,  1.249,  0.089,  0.853], 
          [ 1.163,  1.097,  0.884,  0.753], 
          [ 1.115,  1.047,  0.521,  0.855], 
          [ 1.181,  1.035,  0.114,  0.864], 
          [ 1.029,  1.214,  1.652,  0.872], 
          [ 1.052,  1.162,  1.648,  0.879], 
          [ 1.144,  1.254,  1.632,  0.779], 
          [ 1.129,  1.122,  1.632,  0.850], 
          [ 1.028,  0.980,  0.062,  0.773], 
          [ 1.081,  0.944,  0.051,  0.766], 
          [ 1.218,  1.068,  0.056,  0.764], 
          [ 1.093,  1.249,  0.037,  0.708], 
          [ 1.121,  1.291,  0.033,  0.682], 
          [ 1.300,  1.231,  0.036,  0.707]
        ]
    },
    {
        "id": 6,
        "keypoints3d": [
          [-0.360,  0.057,  1.014,  0.869], 
          [-0.384,  0.121,  0.782,  0.765], 
          [-0.494,  0.004,  0.778,  0.718], 
          [-0.490, -0.101,  0.562,  0.705], 
          [-0.353, -0.218,  0.623,  0.876], 
          [-0.278,  0.226,  0.812,  0.753], 
          [-0.087,  0.313,  0.708,  0.828], 
          [ 0.041,  0.139,  0.650,  0.786], 
          [-0.165, -0.020,  0.421,  0.668], 
          [-0.245, -0.106,  0.410,  0.611], 
          [ 0.097, -0.368,  0.397,  0.702], 
          [ 0.376, -0.579,  0.189,  0.678], 
          [-0.097,  0.061,  0.427,  0.674], 
          [ 0.258, -0.157,  0.421,  0.750], 
          [ 0.547, -0.330,  0.228,  0.818], 
          [-0.414,  0.053,  1.041,  0.857], 
          [-0.365,  0.101,  1.043,  0.866], 
          [-0.544, -0.045,  1.005,  0.877], 
          [-0.390,  0.194,  0.996,  0.869], 
          [ 0.653, -0.405,  0.275,  0.696], 
          [ 0.659, -0.364,  0.268,  0.710], 
          [ 0.564, -0.361,  0.192,  0.674], 
          [ 0.455, -0.685,  0.267,  0.697], 
          [ 0.426, -0.679,  0.248,  0.699], 
          [ 0.402, -0.573,  0.115,  0.719]
        ]
    }
]
