[
    {
        "id": 0,
        "keypoints3d": [
          [-0.938, -1.176,  1.513,  0.889], 
          [-0.985, -1.332,  1.349,  0.885], 
          [-0.846, -1.391,  1.341,  0.858], 
          [-0.841, -1.472,  1.086,  0.757], 
          [-0.920, -1.491,  0.873,  0.659], 
          [-1.139, -1.261,  1.351,  0.855], 
          [-1.182, -1.324,  1.087,  0.774], 
          [-1.101, -1.414,  0.853,  0.726], 
          [-0.988, -1.335,  0.828,  0.760], 
          [-0.900, -1.377,  0.817,  0.758], 
          [-0.933, -1.385,  0.444,  0.791], 
          [-0.998, -1.394,  0.098,  0.830], 
          [-1.075, -1.287,  0.834,  0.763], 
          [-1.091, -1.241,  0.472,  0.822], 
          [-1.163, -1.286,  0.099,  0.824], 
          [-0.906, -1.211,  1.540,  0.899], 
          [-0.967, -1.174,  1.547,  0.882], 
          [-0.883, -1.296,  1.536,  0.800], 
          [-1.033, -1.254,  1.551,  0.861], 
          [-1.171, -1.148,  0.046,  0.714], 
          [-1.220, -1.174,  0.048,  0.755], 
          [-1.172, -1.340,  0.058,  0.750], 
          [-0.897, -1.292,  0.057,  0.751], 
          [-0.878, -1.339,  0.066,  0.738], 
          [-1.030, -1.409,  0.056,  0.731]
        ]
    },
    {
        "id": 2,
        "keypoints3d": [
          [ 1.038, -1.316,  1.579,  0.877], 
          [ 1.134, -1.408,  1.386,  0.859], 
          [ 1.250, -1.293,  1.390,  0.819], 
          [ 1.144, -1.173,  1.177,  0.788], 
          [ 0.972, -1.362,  1.191,  0.805], 
          [ 0.997, -1.519,  1.380,  0.822], 
          [ 0.912, -1.445,  1.146,  0.888], 
          [ 1.071, -1.263,  1.174,  0.769], 
          [ 1.091, -1.358,  0.857,  0.728], 
          [ 1.155, -1.281,  0.862,  0.717], 
          [ 1.179, -1.308,  0.470,  0.744], 
          [ 1.238, -1.349,  0.087,  0.743], 
          [ 1.023, -1.434,  0.862,  0.709], 
          [ 1.040, -1.443,  0.471,  0.724], 
          [ 1.068, -1.470,  0.095,  0.837], 
          [ 1.073, -1.312,  1.624,  0.822], 
          [ 1.018, -1.357,  1.606,  0.868], 
          [ 1.173, -1.323,  1.609,  0.838], 
          [ 1.047, -1.452,  1.589,  0.859], 
          [ 0.975, -1.364,  0.058,  0.654], 
          [ 0.958, -1.444,  0.054,  0.670], 
          [ 1.096, -1.490,  0.055,  0.647], 
          [ 1.114, -1.238,  0.053,  0.712], 
          [ 1.176, -1.219,  0.052,  0.806], 
          [ 1.248, -1.386,  0.038,  0.672]
        ]
    },
    {
        "id": 4,
        "keypoints3d": [
          [ 0.766,  0.969,  1.603,  0.796], 
          [ 0.869,  1.120,  1.414,  0.903], 
          [ 0.715,  1.180,  1.420,  0.850], 
          [ 0.676,  1.261,  1.157,  0.847], 
          [ 0.652,  1.238,  0.895,  0.852], 
          [ 1.026,  1.076,  1.411,  0.847], 
          [ 1.070,  1.055,  1.127,  0.848], 
          [ 1.042,  0.967,  0.903,  0.827], 
          [ 0.865,  1.125,  0.848,  0.761], 
          [ 0.759,  1.148,  0.852,  0.756], 
          [ 0.730,  1.129,  0.483,  0.797], 
          [ 0.635,  1.202,  0.110,  0.846], 
          [ 0.970,  1.103,  0.842,  0.722], 
          [ 1.034,  1.093,  0.471,  0.787], 
          [ 1.109,  1.116,  0.095,  0.828], 
          [ 0.740,  1.008,  1.638,  0.768], 
          [ 0.804,  0.971,  1.634,  0.841], 
          [ 0.751,  1.100,  1.637,  0.867], 
          [ 0.892,  1.014,  1.630,  0.850], 
          [ 1.045,  0.979,  0.044,  0.625], 
          [ 1.107,  0.984,  0.048,  0.623], 
          [ 1.123,  1.133,  0.068,  0.703], 
          [ 0.720,  1.093,  0.043,  0.674], 
          [ 0.667,  1.107,  0.034,  0.718], 
          [ 0.615,  1.242,  0.067,  0.776]
        ]
    },
    {
        "id": 6,
        "keypoints3d": [
          [-0.243,  0.178,  1.025,  0.813], 
          [-0.185,  0.226,  0.791,  0.823], 
          [-0.320,  0.304,  0.778,  0.772], 
          [-0.455,  0.279,  0.578,  0.786], 
          [-0.506,  0.091,  0.618,  0.737], 
          [-0.049,  0.156,  0.819,  0.783], 
          [ 0.114,  0.004,  0.731,  0.825], 
          [-0.008, -0.157,  0.655,  0.816], 
          [-0.245, -0.050,  0.441,  0.671], 
          [-0.343,  0.002,  0.426,  0.610], 
          [-0.504, -0.377,  0.426,  0.788], 
          [-0.653, -0.709,  0.282,  0.763], 
          [-0.151, -0.098,  0.455,  0.684], 
          [-0.272, -0.507,  0.452,  0.857], 
          [-0.415, -0.655,  0.136,  0.766], 
          [-0.260,  0.212,  1.037,  0.879], 
          [-0.194,  0.205,  1.042,  0.857], 
          [-0.257,  0.291,  0.989,  0.845], 
          [-0.125,  0.252,  0.998,  0.706], 
          [-0.428, -0.762,  0.128,  0.661], 
          [-0.380, -0.748,  0.119,  0.693], 
          [-0.433, -0.642,  0.101,  0.592], 
          [-0.719, -0.819,  0.370,  0.583], 
          [-0.727, -0.786,  0.341,  0.632], 
          [-0.663, -0.739,  0.251,  0.660]
        ]
    }
]
