[
    {
        "id": 0,
        "keypoints3d": [
          [ 1.036, -1.317,  1.579,  0.880], 
          [ 1.136, -1.405,  1.387,  0.862], 
          [ 1.247, -1.288,  1.390,  0.814], 
          [ 1.144, -1.168,  1.176,  0.811], 
          [ 0.973, -1.363,  1.191,  0.799], 
          [ 1.005, -1.522,  1.380,  0.818], 
          [ 0.919, -1.452,  1.144,  0.859], 
          [ 1.073, -1.259,  1.170,  0.774], 
          [ 1.092, -1.362,  0.859,  0.725], 
          [ 1.154, -1.286,  0.861,  0.719], 
          [ 1.172, -1.313,  0.471,  0.741], 
          [ 1.238, -1.351,  0.087,  0.784], 
          [ 1.021, -1.436,  0.860,  0.710], 
          [ 1.041, -1.441,  0.477,  0.712], 
          [ 1.073, -1.470,  0.105,  0.843], 
          [ 1.076, -1.295,  1.615,  0.800], 
          [ 1.024, -1.354,  1.608,  0.874], 
          [ 1.173, -1.324,  1.608,  0.838], 
          [ 1.048, -1.453,  1.587,  0.859], 
          [ 0.984, -1.364,  0.059,  0.676], 
          [ 0.965, -1.433,  0.058,  0.699], 
          [ 1.101, -1.486,  0.057,  0.678], 
          [ 1.125, -1.235,  0.047,  0.711], 
          [ 1.186, -1.227,  0.046,  0.718], 
          [ 1.248, -1.383,  0.042,  0.677]
        ]
    },
    {
        "id": 2,
        "keypoints3d": [
          [ 0.974,  0.964,  1.623,  0.880], 
          [ 1.100,  1.082,  1.415,  0.841], 
          [ 1.017,  1.221,  1.441,  0.821], 
          [ 1.046,  1.322,  1.179,  0.719], 
          [ 1.002,  1.361,  0.931,  0.889], 
          [ 1.184,  0.953,  1.401,  0.808], 
          [ 1.225,  0.926,  1.122,  0.794], 
          [ 1.201,  0.910,  0.873,  0.829], 
          [ 1.074,  1.138,  0.863,  0.721], 
          [ 1.015,  1.213,  0.869,  0.710], 
          [ 1.014,  1.228,  0.495,  0.806], 
          [ 1.092,  1.282,  0.118,  0.806], 
          [ 1.129,  1.050,  0.858,  0.721], 
          [ 1.132,  1.078,  0.487,  0.809], 
          [ 1.122,  1.119,  0.105,  0.819], 
          [ 0.979,  0.997,  1.659,  0.874], 
          [ 1.022,  0.941,  1.649,  0.794], 
          [ 1.011,  1.097,  1.654,  0.882], 
          [ 1.107,  0.978,  1.628,  0.856], 
          [ 1.031,  0.974,  0.063,  0.795], 
          [ 1.089,  0.969,  0.058,  0.791], 
          [ 1.125,  1.152,  0.074,  0.672], 
          [ 0.955,  1.197,  0.053,  0.735], 
          [ 0.963,  1.259,  0.051,  0.739], 
          [ 1.105,  1.323,  0.077,  0.716]
        ]
    },
    {
        "id": 4,
        "keypoints3d": [
          [-0.941, -1.189,  1.516,  0.825], 
          [-1.030, -1.326,  1.356,  0.874], 
          [-0.880, -1.395,  1.332,  0.851], 
          [-0.915, -1.460,  1.064,  0.722], 
          [-1.012, -1.476,  0.847,  0.730], 
          [-1.174, -1.264,  1.372,  0.862], 
          [-1.242, -1.324,  1.111,  0.746], 
          [-1.183, -1.405,  0.896,  0.678], 
          [-1.052, -1.326,  0.831,  0.758], 
          [-0.960, -1.359,  0.819,  0.743], 
          [-0.980, -1.386,  0.446,  0.806], 
          [-1.011, -1.398,  0.096,  0.839], 
          [-1.144, -1.281,  0.843,  0.741], 
          [-1.188, -1.283,  0.467,  0.823], 
          [-1.283, -1.327,  0.089,  0.798], 
          [-0.903, -1.211,  1.541,  0.833], 
          [-0.969, -1.188,  1.553,  0.869], 
          [-0.899, -1.302,  1.532,  0.772], 
          [-1.040, -1.258,  1.565,  0.857], 
          [-1.236, -1.172,  0.034,  0.775], 
          [-1.294, -1.183,  0.048,  0.788], 
          [-1.297, -1.374,  0.045,  0.728], 
          [-0.885, -1.283,  0.049,  0.742], 
          [-0.873, -1.328,  0.065,  0.730], 
          [-1.038, -1.417,  0.052,  0.753]
        ]
    },
    {
        "id": 6,
        "keypoints3d": [
          [-0.325,  0.143,  1.013,  0.817], 
          [-0.283,  0.222,  0.792,  0.857], 
          [-0.435,  0.199,  0.772,  0.807], 
          [-0.539,  0.107,  0.574,  0.764], 
          [-0.499, -0.074,  0.616,  0.857], 
          [-0.121,  0.237,  0.810,  0.772], 
          [ 0.092,  0.167,  0.720,  0.751], 
          [ 0.071, -0.042,  0.651,  0.836], 
          [-0.174, -0.042,  0.412,  0.731], 
          [-0.276, -0.062,  0.398,  0.680], 
          [-0.209, -0.481,  0.403,  0.797], 
          [-0.167, -0.818,  0.255,  0.716], 
          [-0.056, -0.029,  0.430,  0.709], 
          [ 0.074, -0.411,  0.436,  0.845], 
          [ 0.137, -0.719,  0.234,  0.719], 
          [-0.374,  0.165,  1.043,  0.777], 
          [-0.294,  0.190,  1.044,  0.849], 
          [-0.412,  0.235,  0.976,  0.828], 
          [-0.244,  0.268,  0.994,  0.880], 
          [ 0.240, -0.830,  0.279,  0.774], 
          [ 0.251, -0.792,  0.264,  0.785], 
          [ 0.111, -0.740,  0.194,  0.582], 
          [-0.105, -0.984,  0.309,  0.564], 
          [-0.136, -0.973,  0.304,  0.597], 
          [-0.152, -0.848,  0.233,  0.568]
        ]
    }
]
