[
    {
        "id": 0,
        "keypoints3d": [
          [ 1.037, -1.314,  1.579,  0.880], 
          [ 1.136, -1.406,  1.386,  0.861], 
          [ 1.248, -1.287,  1.390,  0.812], 
          [ 1.140, -1.168,  1.178,  0.861], 
          [ 0.973, -1.363,  1.191,  0.797], 
          [ 1.003, -1.519,  1.380,  0.817], 
          [ 0.917, -1.448,  1.141,  0.860], 
          [ 1.071, -1.258,  1.172,  0.772], 
          [ 1.091, -1.360,  0.857,  0.722], 
          [ 1.152, -1.281,  0.863,  0.709], 
          [ 1.172, -1.311,  0.469,  0.782], 
          [ 1.236, -1.352,  0.086,  0.778], 
          [ 1.021, -1.438,  0.859,  0.708], 
          [ 1.038, -1.442,  0.469,  0.695], 
          [ 1.072, -1.469,  0.102,  0.842], 
          [ 1.076, -1.295,  1.616,  0.803], 
          [ 1.020, -1.359,  1.607,  0.872], 
          [ 1.173, -1.324,  1.608,  0.839], 
          [ 1.047, -1.452,  1.588,  0.856], 
          [ 0.986, -1.365,  0.056,  0.676], 
          [ 0.963, -1.432,  0.057,  0.703], 
          [ 1.106, -1.481,  0.053,  0.680], 
          [ 1.126, -1.243,  0.049,  0.708], 
          [ 1.186, -1.231,  0.049,  0.715], 
          [ 1.243, -1.382,  0.047,  0.687]
        ]
    },
    {
        "id": 2,
        "keypoints3d": [
          [-0.929, -1.184,  1.510,  0.826], 
          [-0.985, -1.335,  1.356,  0.885], 
          [-0.849, -1.391,  1.338,  0.865], 
          [-0.878, -1.468,  1.064,  0.759], 
          [-0.954, -1.486,  0.858,  0.752], 
          [-1.144, -1.271,  1.375,  0.862], 
          [-1.206, -1.343,  1.119,  0.752], 
          [-1.146, -1.433,  0.905,  0.746], 
          [-1.028, -1.335,  0.827,  0.761], 
          [-0.934, -1.369,  0.817,  0.746], 
          [-0.963, -1.392,  0.443,  0.790], 
          [-1.008, -1.396,  0.099,  0.850], 
          [-1.123, -1.294,  0.839,  0.741], 
          [-1.161, -1.278,  0.467,  0.774], 
          [-1.255, -1.321,  0.095,  0.811], 
          [-0.890, -1.205,  1.539,  0.824], 
          [-0.954, -1.176,  1.551,  0.842], 
          [-0.862, -1.288,  1.529,  0.685], 
          [-1.015, -1.255,  1.558,  0.765], 
          [-1.225, -1.171,  0.040,  0.768], 
          [-1.278, -1.192,  0.049,  0.784], 
          [-1.273, -1.374,  0.053,  0.668], 
          [-0.897, -1.276,  0.054,  0.762], 
          [-0.880, -1.332,  0.064,  0.731], 
          [-1.036, -1.421,  0.055,  0.754]
        ]
    },
    {
        "id": 4,
        "keypoints3d": [
          [ 0.946,  0.946,  1.611,  0.819], 
          [ 1.078,  1.076,  1.416,  0.850], 
          [ 0.966,  1.194,  1.440,  0.826], 
          [ 0.956,  1.301,  1.188,  0.863], 
          [ 0.922,  1.327,  0.941,  0.875], 
          [ 1.175,  0.960,  1.403,  0.832], 
          [ 1.221,  0.944,  1.118,  0.834], 
          [ 1.141,  0.913,  0.878,  0.846], 
          [ 1.038,  1.139,  0.873,  0.729], 
          [ 0.970,  1.206,  0.877,  0.725], 
          [ 0.931,  1.200,  0.502,  0.791], 
          [ 0.934,  1.265,  0.110,  0.724], 
          [ 1.114,  1.072,  0.865,  0.724], 
          [ 1.125,  1.092,  0.483,  0.801], 
          [ 1.119,  1.120,  0.098,  0.827], 
          [ 0.934,  0.979,  1.656,  0.853], 
          [ 0.997,  0.942,  1.645,  0.820], 
          [ 0.963,  1.070,  1.647,  0.861], 
          [ 1.090,  0.965,  1.637,  0.881], 
          [ 1.030,  0.964,  0.057,  0.726], 
          [ 1.105,  0.966,  0.044,  0.720], 
          [ 1.122,  1.152,  0.063,  0.658], 
          [ 0.845,  1.124,  0.052,  0.799], 
          [ 0.818,  1.203,  0.054,  0.782], 
          [ 0.968,  1.299,  0.058,  0.724]
        ]
    },
    {
        "id": 6,
        "keypoints3d": [
          [-0.304,  0.150,  1.016,  0.876], 
          [-0.260,  0.231,  0.783,  0.824], 
          [-0.414,  0.228,  0.770,  0.803], 
          [-0.513,  0.144,  0.575,  0.803], 
          [-0.499, -0.050,  0.619,  0.789], 
          [-0.102,  0.237,  0.816,  0.767], 
          [ 0.099,  0.152,  0.712,  0.876], 
          [ 0.066, -0.060,  0.654,  0.788], 
          [-0.180, -0.043,  0.414,  0.746], 
          [-0.290, -0.040,  0.400,  0.693], 
          [-0.288, -0.468,  0.391,  0.811], 
          [-0.300, -0.829,  0.255,  0.785], 
          [-0.077, -0.044,  0.435,  0.708], 
          [-0.000, -0.474,  0.436,  0.724], 
          [ 0.004, -0.758,  0.225,  0.752], 
          [-0.334,  0.191,  1.043,  0.749], 
          [-0.265,  0.192,  1.038,  0.895], 
          [-0.385,  0.265,  0.981,  0.861], 
          [-0.216,  0.267,  0.998,  0.908], 
          [ 0.095, -0.902,  0.260,  0.681], 
          [ 0.110, -0.876,  0.265,  0.689], 
          [-0.013, -0.777,  0.189,  0.618], 
          [-0.268, -0.999,  0.329,  0.634], 
          [-0.303, -0.964,  0.317,  0.676], 
          [-0.292, -0.856,  0.235,  0.606]
        ]
    }
]
