[
    {
        "id": 0,
        "keypoints3d": [
          [ 1.038, -1.316,  1.579,  0.878], 
          [ 1.133, -1.406,  1.387,  0.862], 
          [ 1.250, -1.293,  1.390,  0.818], 
          [ 1.140, -1.171,  1.180,  0.860], 
          [ 0.970, -1.362,  1.192,  0.804], 
          [ 0.998, -1.516,  1.382,  0.822], 
          [ 0.915, -1.447,  1.143,  0.840], 
          [ 1.069, -1.259,  1.172,  0.771], 
          [ 1.092, -1.359,  0.857,  0.724], 
          [ 1.158, -1.281,  0.863,  0.714], 
          [ 1.176, -1.309,  0.469,  0.800], 
          [ 1.238, -1.352,  0.089,  0.728], 
          [ 1.023, -1.434,  0.860,  0.709], 
          [ 1.039, -1.440,  0.464,  0.714], 
          [ 1.070, -1.468,  0.094,  0.833], 
          [ 1.073, -1.312,  1.624,  0.818], 
          [ 1.024, -1.353,  1.606,  0.877], 
          [ 1.173, -1.323,  1.609,  0.839], 
          [ 1.047, -1.453,  1.588,  0.854], 
          [ 0.980, -1.359,  0.062,  0.708], 
          [ 0.964, -1.438,  0.054,  0.727], 
          [ 1.101, -1.482,  0.057,  0.643], 
          [ 1.116, -1.243,  0.052,  0.806], 
          [ 1.176, -1.219,  0.052,  0.799], 
          [ 1.249, -1.385,  0.041,  0.676]
        ]
    },
    {
        "id": 2,
        "keypoints3d": [
          [-0.928, -1.187,  1.510,  0.887], 
          [-0.978, -1.335,  1.353,  0.894], 
          [-0.833, -1.393,  1.345,  0.859], 
          [-0.829, -1.476,  1.082,  0.759], 
          [-0.928, -1.495,  0.880,  0.687], 
          [-1.131, -1.264,  1.360,  0.855], 
          [-1.183, -1.328,  1.097,  0.763], 
          [-1.119, -1.410,  0.864,  0.614], 
          [-0.996, -1.335,  0.828,  0.766], 
          [-0.905, -1.378,  0.818,  0.756], 
          [-0.941, -1.391,  0.448,  0.791], 
          [-0.996, -1.398,  0.095,  0.758], 
          [-1.082, -1.294,  0.837,  0.769], 
          [-1.098, -1.255,  0.476,  0.834], 
          [-1.166, -1.289,  0.107,  0.756], 
          [-0.894, -1.208,  1.540,  0.809], 
          [-0.954, -1.181,  1.546,  0.871], 
          [-0.869, -1.300,  1.537,  0.790], 
          [-1.027, -1.248,  1.551,  0.872], 
          [-1.160, -1.148,  0.054,  0.726], 
          [-1.210, -1.172,  0.050,  0.762], 
          [-1.180, -1.341,  0.055,  0.724], 
          [-0.897, -1.300,  0.053,  0.730], 
          [-0.877, -1.350,  0.062,  0.713], 
          [-1.034, -1.408,  0.056,  0.712]
        ]
    },
    {
        "id": 4,
        "keypoints3d": [
          [ 0.821,  0.958,  1.606,  0.853], 
          [ 0.940,  1.096,  1.417,  0.866], 
          [ 0.784,  1.169,  1.427,  0.854], 
          [ 0.753,  1.258,  1.167,  0.848], 
          [ 0.727,  1.250,  0.914,  0.870], 
          [ 1.081,  1.037,  1.412,  0.808], 
          [ 1.116,  1.006,  1.125,  0.850], 
          [ 1.065,  0.931,  0.910,  0.800], 
          [ 0.922,  1.114,  0.856,  0.762], 
          [ 0.812,  1.143,  0.866,  0.741], 
          [ 0.772,  1.123,  0.489,  0.832], 
          [ 0.663,  1.226,  0.099,  0.853], 
          [ 1.028,  1.095,  0.843,  0.744], 
          [ 1.066,  1.095,  0.467,  0.791], 
          [ 1.114,  1.112,  0.091,  0.834], 
          [ 0.814,  0.992,  1.639,  0.772], 
          [ 0.873,  0.966,  1.638,  0.800], 
          [ 0.830,  1.093,  1.636,  0.892], 
          [ 0.968,  1.020,  1.638,  0.810], 
          [ 1.048,  0.970,  0.045,  0.680], 
          [ 1.108,  0.979,  0.046,  0.678], 
          [ 1.122,  1.143,  0.052,  0.702], 
          [ 0.724,  1.079,  0.051,  0.660], 
          [ 0.675,  1.107,  0.038,  0.707], 
          [ 0.652,  1.254,  0.061,  0.769]
        ]
    },
    {
        "id": 6,
        "keypoints3d": [
          [-0.260,  0.163,  1.030,  0.813], 
          [-0.192,  0.240,  0.793,  0.843], 
          [-0.351,  0.282,  0.772,  0.793], 
          [-0.470,  0.258,  0.582,  0.841], 
          [-0.510,  0.048,  0.613,  0.743], 
          [-0.043,  0.192,  0.821,  0.742], 
          [ 0.120,  0.051,  0.726,  0.857], 
          [ 0.012, -0.121,  0.652,  0.857], 
          [-0.207, -0.024,  0.423,  0.696], 
          [-0.310,  0.022,  0.405,  0.643], 
          [-0.410, -0.377,  0.388,  0.779], 
          [-0.498, -0.715,  0.219,  0.730], 
          [-0.108, -0.072,  0.439,  0.681], 
          [-0.174, -0.486,  0.428,  0.731], 
          [-0.306, -0.704,  0.179,  0.677], 
          [-0.274,  0.209,  1.038,  0.819], 
          [-0.210,  0.204,  1.043,  0.887], 
          [-0.298,  0.286,  0.997,  0.840], 
          [-0.148,  0.259,  0.992,  0.842], 
          [-0.336, -0.829,  0.180,  0.560], 
          [-0.305, -0.794,  0.127,  0.736], 
          [-0.341, -0.692,  0.122,  0.611], 
          [-0.538, -0.860,  0.290,  0.495], 
          [-0.594, -0.819,  0.275,  0.545], 
          [-0.498, -0.729,  0.185,  0.636]
        ]
    }
]
