[
    {
        "id": 0,
        "keypoints3d": [
          [-1.036, -1.174,  1.505,  0.854], 
          [-1.128, -1.305,  1.352,  0.865], 
          [-0.982, -1.370,  1.346,  0.866], 
          [-1.000, -1.435,  1.070,  0.766], 
          [-1.048, -1.450,  0.862,  0.764], 
          [-1.284, -1.228,  1.364,  0.844], 
          [-1.332, -1.274,  1.104,  0.757], 
          [-1.293, -1.373,  0.895,  0.599], 
          [-1.134, -1.297,  0.838,  0.743], 
          [-1.038, -1.335,  0.831,  0.756], 
          [-1.028, -1.367,  0.450,  0.832], 
          [-1.019, -1.397,  0.100,  0.831], 
          [-1.231, -1.261,  0.845,  0.726], 
          [-1.248, -1.301,  0.458,  0.811], 
          [-1.292, -1.337,  0.080,  0.779], 
          [-1.013, -1.193,  1.533,  0.827], 
          [-1.078, -1.160,  1.550,  0.862], 
          [-1.016, -1.280,  1.533,  0.722], 
          [-1.165, -1.218,  1.559,  0.842], 
          [-1.247, -1.171,  0.037,  0.737], 
          [-1.300, -1.191,  0.042,  0.752], 
          [-1.308, -1.378,  0.045,  0.773], 
          [-0.894, -1.286,  0.061,  0.667], 
          [-0.877, -1.325,  0.073,  0.673], 
          [-1.044, -1.422,  0.052,  0.744]
        ]
    },
    {
        "id": 2,
        "keypoints3d": [
          [ 1.036, -1.320,  1.578,  0.880], 
          [ 1.136, -1.405,  1.387,  0.864], 
          [ 1.251, -1.290,  1.392,  0.814], 
          [ 1.141, -1.167,  1.182,  0.863], 
          [ 0.974, -1.364,  1.191,  0.796], 
          [ 1.004, -1.522,  1.380,  0.819], 
          [ 0.919, -1.452,  1.143,  0.853], 
          [ 1.068, -1.257,  1.173,  0.766], 
          [ 1.092, -1.362,  0.860,  0.733], 
          [ 1.157, -1.287,  0.868,  0.715], 
          [ 1.172, -1.310,  0.478,  0.749], 
          [ 1.236, -1.351,  0.092,  0.751], 
          [ 1.022, -1.438,  0.861,  0.723], 
          [ 1.043, -1.443,  0.481,  0.736], 
          [ 1.072, -1.470,  0.105,  0.787], 
          [ 1.075, -1.314,  1.624,  0.827], 
          [ 1.017, -1.360,  1.608,  0.870], 
          [ 1.175, -1.323,  1.605,  0.906], 
          [ 1.047, -1.454,  1.585,  0.860], 
          [ 0.979, -1.356,  0.059,  0.694], 
          [ 0.961, -1.426,  0.057,  0.707], 
          [ 1.101, -1.483,  0.056,  0.624], 
          [ 1.115, -1.237,  0.052,  0.709], 
          [ 1.184, -1.222,  0.047,  0.714], 
          [ 1.248, -1.385,  0.044,  0.630]
        ]
    },
    {
        "id": 4,
        "keypoints3d": [
          [ 1.017,  1.067,  1.611,  0.783], 
          [ 1.172,  1.136,  1.414,  0.871], 
          [ 1.131,  1.301,  1.427,  0.844], 
          [ 1.164,  1.382,  1.159,  0.808], 
          [ 1.125,  1.389,  0.914,  0.863], 
          [ 1.204,  0.980,  1.406,  0.834], 
          [ 1.214,  0.944,  1.123,  0.820], 
          [ 1.128,  0.934,  0.887,  0.879], 
          [ 1.142,  1.166,  0.864,  0.732], 
          [ 1.133,  1.263,  0.863,  0.710], 
          [ 1.155,  1.247,  0.476,  0.813], 
          [ 1.244,  1.256,  0.106,  0.785], 
          [ 1.156,  1.079,  0.868,  0.703], 
          [ 1.134,  1.071,  0.499,  0.792], 
          [ 1.128,  1.102,  0.119,  0.783], 
          [ 1.017,  1.100,  1.648,  0.824], 
          [ 1.059,  1.044,  1.646,  0.796], 
          [ 1.080,  1.170,  1.647,  0.799], 
          [ 1.157,  1.047,  1.637,  0.874], 
          [ 1.039,  0.970,  0.042,  0.738], 
          [ 1.081,  0.969,  0.037,  0.785], 
          [ 1.143,  1.128,  0.074,  0.659], 
          [ 1.123,  1.215,  0.006,  0.645], 
          [ 1.153,  1.267,  0.013,  0.722], 
          [ 1.292,  1.260,  0.047,  0.697]
        ]
    },
    {
        "id": 6,
        "keypoints3d": [
          [-0.355,  0.098,  1.015,  0.909], 
          [-0.353,  0.166,  0.790,  0.856], 
          [-0.486,  0.091,  0.783,  0.837], 
          [-0.540,  0.003,  0.571,  0.753], 
          [-0.443, -0.158,  0.627,  0.837], 
          [-0.203,  0.233,  0.796,  0.805], 
          [ 0.031,  0.246,  0.713,  0.813], 
          [ 0.076,  0.049,  0.649,  0.863], 
          [-0.157, -0.073,  0.440,  0.710], 
          [-0.257, -0.138,  0.442,  0.700], 
          [-0.061, -0.482,  0.373,  0.760], 
          [ 0.082, -0.779,  0.209,  0.664], 
          [-0.059, -0.024,  0.449,  0.712], 
          [ 0.184, -0.296,  0.418,  0.751], 
          [ 0.365, -0.567,  0.214,  0.830], 
          [-0.405,  0.107,  1.035,  0.749], 
          [-0.333,  0.138,  1.048,  0.765], 
          [-0.472,  0.156,  0.978,  0.849], 
          [-0.315,  0.225,  0.996,  0.774], 
          [ 0.500, -0.655,  0.267,  0.601], 
          [ 0.500, -0.608,  0.253,  0.601], 
          [ 0.360, -0.581,  0.166,  0.649], 
          [ 0.145, -0.897,  0.290,  0.642], 
          [ 0.112, -0.889,  0.276,  0.627], 
          [ 0.121, -0.807,  0.190,  0.646]
        ]
    }
]
