[
    {
        "id": 0,
        "keypoints3d": [
          [ 1.036, -1.317,  1.579,  0.880], 
          [ 1.136, -1.405,  1.386,  0.861], 
          [ 1.248, -1.287,  1.390,  0.811], 
          [ 1.140, -1.168,  1.179,  0.862], 
          [ 0.973, -1.363,  1.191,  0.801], 
          [ 1.003, -1.519,  1.380,  0.817], 
          [ 0.918, -1.451,  1.142,  0.859], 
          [ 1.071, -1.258,  1.172,  0.771], 
          [ 1.091, -1.360,  0.857,  0.721], 
          [ 1.152, -1.281,  0.863,  0.708], 
          [ 1.172, -1.311,  0.469,  0.781], 
          [ 1.236, -1.352,  0.086,  0.774], 
          [ 1.021, -1.438,  0.859,  0.708], 
          [ 1.037, -1.443,  0.469,  0.694], 
          [ 1.072, -1.470,  0.102,  0.843], 
          [ 1.076, -1.295,  1.616,  0.804], 
          [ 1.020, -1.359,  1.607,  0.872], 
          [ 1.173, -1.324,  1.608,  0.839], 
          [ 1.047, -1.452,  1.588,  0.856], 
          [ 0.985, -1.360,  0.048,  0.680], 
          [ 0.964, -1.426,  0.058,  0.701], 
          [ 1.104, -1.486,  0.053,  0.680], 
          [ 1.121, -1.234,  0.051,  0.710], 
          [ 1.187, -1.229,  0.043,  0.720], 
          [ 1.248, -1.383,  0.042,  0.684]
        ]
    },
    {
        "id": 2,
        "keypoints3d": [
          [ 0.953,  0.948,  1.609,  0.883], 
          [ 1.086,  1.079,  1.415,  0.849], 
          [ 0.977,  1.194,  1.437,  0.830], 
          [ 0.984,  1.295,  1.179,  0.821], 
          [ 0.943,  1.331,  0.941,  0.853], 
          [ 1.178,  0.954,  1.402,  0.817], 
          [ 1.225,  0.935,  1.123,  0.824], 
          [ 1.154,  0.903,  0.874,  0.817], 
          [ 1.046,  1.132,  0.872,  0.720], 
          [ 0.981,  1.201,  0.882,  0.718], 
          [ 0.945,  1.207,  0.499,  0.786], 
          [ 0.967,  1.265,  0.111,  0.731], 
          [ 1.117,  1.064,  0.866,  0.701], 
          [ 1.129,  1.091,  0.486,  0.804], 
          [ 1.117,  1.115,  0.101,  0.805], 
          [ 0.943,  0.979,  1.656,  0.867], 
          [ 1.003,  0.941,  1.642,  0.787], 
          [ 0.976,  1.071,  1.647,  0.851], 
          [ 1.093,  0.964,  1.634,  0.866], 
          [ 1.028,  0.967,  0.058,  0.729], 
          [ 1.101,  0.968,  0.045,  0.736], 
          [ 1.122,  1.151,  0.068,  0.650], 
          [ 0.862,  1.136,  0.055,  0.797], 
          [ 0.834,  1.210,  0.061,  0.773], 
          [ 1.001,  1.307,  0.049,  0.722]
        ]
    },
    {
        "id": 4,
        "keypoints3d": [
          [-0.924, -1.184,  1.509,  0.822], 
          [-0.991, -1.332,  1.354,  0.885], 
          [-0.854, -1.394,  1.339,  0.868], 
          [-0.881, -1.462,  1.063,  0.729], 
          [-0.951, -1.487,  0.868,  0.760], 
          [-1.148, -1.270,  1.377,  0.861], 
          [-1.212, -1.340,  1.117,  0.761], 
          [-1.174, -1.414,  0.924,  0.687], 
          [-1.037, -1.333,  0.832,  0.768], 
          [-0.941, -1.372,  0.821,  0.747], 
          [-0.967, -1.391,  0.443,  0.794], 
          [-1.008, -1.395,  0.099,  0.841], 
          [-1.132, -1.289,  0.836,  0.751], 
          [-1.170, -1.276,  0.467,  0.808], 
          [-1.260, -1.330,  0.088,  0.798], 
          [-0.890, -1.204,  1.537,  0.814], 
          [-0.952, -1.182,  1.551,  0.824], 
          [-0.864, -1.288,  1.529,  0.726], 
          [-1.022, -1.254,  1.561,  0.821], 
          [-1.231, -1.169,  0.043,  0.761], 
          [-1.281, -1.190,  0.046,  0.788], 
          [-1.273, -1.372,  0.049,  0.727], 
          [-0.888, -1.281,  0.051,  0.744], 
          [-0.873, -1.335,  0.064,  0.720], 
          [-1.035, -1.415,  0.054,  0.754]
        ]
    },
    {
        "id": 6,
        "keypoints3d": [
          [-0.306,  0.149,  1.021,  0.866], 
          [-0.266,  0.229,  0.782,  0.837], 
          [-0.415,  0.228,  0.769,  0.801], 
          [-0.514,  0.138,  0.576,  0.800], 
          [-0.497, -0.050,  0.620,  0.812], 
          [-0.104,  0.237,  0.813,  0.764], 
          [ 0.097,  0.157,  0.710,  0.878], 
          [ 0.066, -0.058,  0.653,  0.785], 
          [-0.176, -0.039,  0.411,  0.733], 
          [-0.286, -0.039,  0.391,  0.675], 
          [-0.265, -0.467,  0.389,  0.801], 
          [-0.288, -0.816,  0.263,  0.797], 
          [-0.076, -0.040,  0.437,  0.709], 
          [ 0.031, -0.468,  0.434,  0.747], 
          [ 0.031, -0.749,  0.238,  0.793], 
          [-0.338,  0.192,  1.042,  0.735], 
          [-0.267,  0.192,  1.038,  0.883], 
          [-0.389,  0.255,  0.982,  0.784], 
          [-0.218,  0.261,  0.996,  0.899], 
          [ 0.129, -0.886,  0.278,  0.690], 
          [ 0.143, -0.861,  0.264,  0.682], 
          [ 0.021, -0.770,  0.215,  0.648], 
          [-0.218, -1.007,  0.329,  0.667], 
          [-0.259, -0.974,  0.305,  0.681], 
          [-0.275, -0.851,  0.235,  0.635]
        ]
    }
]
