[
    {
        "id": 0,
        "keypoints3d": [
          [-0.944, -1.174,  1.508,  0.880], 
          [-0.997, -1.325,  1.347,  0.878], 
          [-0.853, -1.393,  1.341,  0.871], 
          [-0.850, -1.471,  1.088,  0.825], 
          [-0.912, -1.491,  0.878,  0.698], 
          [-1.151, -1.258,  1.343,  0.853], 
          [-1.185, -1.318,  1.090,  0.785], 
          [-1.110, -1.432,  0.870,  0.814], 
          [-0.989, -1.327,  0.825,  0.756], 
          [-0.902, -1.380,  0.815,  0.754], 
          [-0.928, -1.381,  0.440,  0.784], 
          [-0.981, -1.403,  0.093,  0.791], 
          [-1.071, -1.283,  0.830,  0.751], 
          [-1.085, -1.237,  0.471,  0.834], 
          [-1.187, -1.293,  0.096,  0.756], 
          [-0.911, -1.210,  1.539,  0.812], 
          [-0.981, -1.178,  1.544,  0.877], 
          [-0.896, -1.296,  1.535,  0.751], 
          [-1.054, -1.249,  1.548,  0.852], 
          [-1.181, -1.143,  0.039,  0.693], 
          [-1.229, -1.168,  0.044,  0.727], 
          [-1.204, -1.331,  0.054,  0.725], 
          [-0.909, -1.291,  0.058,  0.732], 
          [-0.881, -1.339,  0.066,  0.713], 
          [-1.020, -1.420,  0.066,  0.654]
        ]
    },
    {
        "id": 2,
        "keypoints3d": [
          [ 1.037, -1.318,  1.579,  0.878], 
          [ 1.134, -1.407,  1.387,  0.862], 
          [ 1.253, -1.293,  1.392,  0.820], 
          [ 1.144, -1.170,  1.179,  0.800], 
          [ 0.971, -1.362,  1.189,  0.805], 
          [ 0.996, -1.519,  1.380,  0.821], 
          [ 0.912, -1.444,  1.146,  0.887], 
          [ 1.071, -1.259,  1.174,  0.774], 
          [ 1.090, -1.359,  0.855,  0.729], 
          [ 1.155, -1.281,  0.862,  0.716], 
          [ 1.179, -1.308,  0.472,  0.747], 
          [ 1.228, -1.355,  0.079,  0.756], 
          [ 1.023, -1.433,  0.860,  0.711], 
          [ 1.038, -1.440,  0.474,  0.723], 
          [ 1.068, -1.465,  0.098,  0.842], 
          [ 1.075, -1.294,  1.614,  0.807], 
          [ 1.018, -1.358,  1.606,  0.871], 
          [ 1.173, -1.317,  1.607,  0.898], 
          [ 1.049, -1.457,  1.587,  0.861], 
          [ 0.971, -1.372,  0.061,  0.670], 
          [ 0.951, -1.438,  0.058,  0.686], 
          [ 1.099, -1.485,  0.054,  0.663], 
          [ 1.112, -1.235,  0.055,  0.811], 
          [ 1.176, -1.219,  0.055,  0.801], 
          [ 1.246, -1.391,  0.037,  0.623]
        ]
    },
    {
        "id": 4,
        "keypoints3d": [
          [ 0.703,  0.980,  1.603,  0.840], 
          [ 0.794,  1.144,  1.416,  0.849], 
          [ 0.632,  1.168,  1.412,  0.824], 
          [ 0.585,  1.234,  1.136,  0.815], 
          [ 0.557,  1.212,  0.887,  0.844], 
          [ 0.955,  1.120,  1.417,  0.845], 
          [ 1.017,  1.127,  1.160,  0.780], 
          [ 1.012,  1.057,  0.925,  0.862], 
          [ 0.806,  1.132,  0.852,  0.714], 
          [ 0.711,  1.140,  0.851,  0.708], 
          [ 0.697,  1.128,  0.477,  0.736], 
          [ 0.632,  1.206,  0.104,  0.809], 
          [ 0.907,  1.130,  0.858,  0.693], 
          [ 0.992,  1.107,  0.487,  0.744], 
          [ 1.078,  1.133,  0.102,  0.793], 
          [ 0.678,  1.010,  1.646,  0.801], 
          [ 0.752,  1.008,  1.644,  0.887], 
          [ 0.668,  1.097,  1.635,  0.769], 
          [ 0.836,  1.050,  1.639,  0.877], 
          [ 1.036,  0.996,  0.038,  0.634], 
          [ 1.102,  1.006,  0.045,  0.585], 
          [ 1.106,  1.147,  0.069,  0.751], 
          [ 0.706,  1.097,  0.043,  0.693], 
          [ 0.659,  1.110,  0.030,  0.706], 
          [ 0.616,  1.237,  0.062,  0.704]
        ]
    },
    {
        "id": 6,
        "keypoints3d": [
          [-0.217,  0.195,  1.025,  0.925], 
          [-0.160,  0.233,  0.793,  0.812], 
          [-0.289,  0.326,  0.779,  0.787], 
          [-0.405,  0.316,  0.571,  0.767], 
          [-0.493,  0.144,  0.613,  0.788], 
          [-0.041,  0.142,  0.829,  0.785], 
          [ 0.117, -0.031,  0.728,  0.835], 
          [-0.029, -0.184,  0.655,  0.800], 
          [-0.249, -0.034,  0.442,  0.708], 
          [-0.341,  0.035,  0.434,  0.657], 
          [-0.537, -0.307,  0.455,  0.737], 
          [-0.716, -0.628,  0.336,  0.626], 
          [-0.165, -0.093,  0.459,  0.723], 
          [-0.316, -0.473,  0.439,  0.764], 
          [-0.512, -0.589,  0.126,  0.739], 
          [-0.224,  0.233,  1.035,  0.867], 
          [-0.170,  0.197,  1.043,  0.806], 
          [-0.213,  0.318,  0.984,  0.880], 
          [-0.085,  0.231,  1.001,  0.739], 
          [-0.543, -0.722,  0.110,  0.659], 
          [-0.495, -0.717,  0.112,  0.659], 
          [-0.543, -0.584,  0.075,  0.620], 
          [-0.815, -0.740,  0.496,  0.682], 
          [-0.815, -0.717,  0.473,  0.691], 
          [-0.726, -0.660,  0.295,  0.539]
        ]
    }
]
