[
    {
        "id": 0,
        "keypoints3d": [
          [ 1.036, -1.335,  1.583,  0.891], 
          [ 1.133, -1.411,  1.389,  0.856], 
          [ 1.249, -1.293,  1.392,  0.811], 
          [ 1.139, -1.168,  1.179,  0.816], 
          [ 0.968, -1.357,  1.191,  0.815], 
          [ 1.005, -1.523,  1.381,  0.817], 
          [ 0.911, -1.450,  1.143,  0.850], 
          [ 1.066, -1.258,  1.177,  0.763], 
          [ 1.091, -1.360,  0.860,  0.733], 
          [ 1.153, -1.285,  0.868,  0.717], 
          [ 1.173, -1.307,  0.480,  0.817], 
          [ 1.240, -1.350,  0.091,  0.796], 
          [ 1.026, -1.437,  0.861,  0.725], 
          [ 1.038, -1.442,  0.480,  0.742], 
          [ 1.074, -1.475,  0.109,  0.833], 
          [ 1.074, -1.320,  1.626,  0.884], 
          [ 1.023, -1.377,  1.612,  0.856], 
          [ 1.178, -1.310,  1.609,  0.859], 
          [ 1.061, -1.474,  1.587,  0.848], 
          [ 0.982, -1.362,  0.064,  0.644], 
          [ 0.964, -1.434,  0.063,  0.665], 
          [ 1.105, -1.488,  0.060,  0.653], 
          [ 1.118, -1.252,  0.052,  0.704], 
          [ 1.188, -1.229,  0.048,  0.716], 
          [ 1.252, -1.381,  0.052,  0.661]
        ]
    },
    {
        "id": 2,
        "keypoints3d": [
          [-1.193, -1.129,  1.503,  0.893], 
          [-1.277, -1.272,  1.341,  0.871], 
          [-1.118, -1.323,  1.348,  0.855], 
          [-1.103, -1.398,  1.082,  0.806], 
          [-1.159, -1.437,  0.881,  0.725], 
          [-1.423, -1.215,  1.337,  0.844], 
          [-1.472, -1.292,  1.073,  0.763], 
          [-1.400, -1.415,  0.863,  0.668], 
          [-1.257, -1.277,  0.810,  0.767], 
          [-1.161, -1.309,  0.818,  0.745], 
          [-1.092, -1.274,  0.464,  0.845], 
          [-1.105, -1.361,  0.098,  0.778], 
          [-1.352, -1.253,  0.810,  0.733], 
          [-1.345, -1.281,  0.435,  0.799], 
          [-1.311, -1.331,  0.090,  0.776], 
          [-1.186, -1.141,  1.530,  0.794], 
          [-1.241, -1.122,  1.534,  0.774], 
          [-1.191, -1.245,  1.529,  0.710], 
          [-1.322, -1.172,  1.527,  0.882], 
          [-1.247, -1.180,  0.037,  0.773], 
          [-1.307, -1.195,  0.040,  0.785], 
          [-1.300, -1.372,  0.043,  0.699], 
          [-0.981, -1.243,  0.070,  0.780], 
          [-0.969, -1.297,  0.078,  0.687], 
          [-1.134, -1.391,  0.048,  0.770]
        ]
    },
    {
        "id": 4,
        "keypoints3d": [
          [ 1.044,  1.199,  1.601,  0.862], 
          [ 1.196,  1.173,  1.414,  0.851], 
          [ 1.242,  1.327,  1.418,  0.813], 
          [ 1.328,  1.354,  1.150,  0.844], 
          [ 1.296,  1.374,  0.896,  0.844], 
          [ 1.147,  1.023,  1.420,  0.806], 
          [ 1.131,  0.977,  1.153,  0.850], 
          [ 1.047,  1.051,  0.920,  0.825], 
          [ 1.172,  1.174,  0.877,  0.699], 
          [ 1.207,  1.266,  0.872,  0.693], 
          [ 1.194,  1.262,  0.478,  0.802], 
          [ 1.258,  1.236,  0.078,  0.754], 
          [ 1.150,  1.081,  0.888,  0.697], 
          [ 1.152,  1.047,  0.507,  0.809], 
          [ 1.215,  1.008,  0.103,  0.848], 
          [ 1.053,  1.236,  1.640,  0.871], 
          [ 1.053,  1.170,  1.649,  0.726], 
          [ 1.137,  1.276,  1.636,  0.748], 
          [ 1.116,  1.111,  1.637,  0.816], 
          [ 1.070,  1.033,  0.055,  0.779], 
          [ 1.101,  0.979,  0.046,  0.785], 
          [ 1.255,  1.024,  0.059,  0.733], 
          [ 1.093,  1.249,  0.031,  0.713], 
          [ 1.125,  1.293,  0.029,  0.688], 
          [ 1.302,  1.224,  0.031,  0.669]
        ]
    },
    {
        "id": 6,
        "keypoints3d": [
          [-0.363,  0.017,  1.002,  0.774], 
          [-0.401,  0.076,  0.781,  0.811], 
          [-0.480, -0.057,  0.764,  0.754], 
          [-0.472, -0.155,  0.560,  0.855], 
          [-0.266, -0.233,  0.602,  0.677], 
          [-0.314,  0.191,  0.810,  0.831], 
          [-0.161,  0.338,  0.704,  0.860], 
          [ 0.013,  0.172,  0.645,  0.815], 
          [-0.136, -0.034,  0.432,  0.714], 
          [-0.175, -0.122,  0.411,  0.653], 
          [ 0.223, -0.312,  0.377,  0.811], 
          [ 0.492, -0.375,  0.115,  0.730], 
          [-0.089,  0.078,  0.440,  0.720], 
          [ 0.313, -0.073,  0.432,  0.846], 
          [ 0.615, -0.158,  0.234,  0.797], 
          [-0.422, -0.002,  1.027,  0.864], 
          [-0.378,  0.063,  1.037,  0.743], 
          [-0.478, -0.170,  1.020,  0.821], 
          [-0.390,  0.143,  0.992,  0.796], 
          [ 0.764, -0.160,  0.305,  0.623], 
          [ 0.745, -0.136,  0.290,  0.649], 
          [ 0.632, -0.187,  0.196,  0.681], 
          [ 0.616, -0.434,  0.166,  0.724], 
          [ 0.565, -0.460,  0.139,  0.716], 
          [ 0.490, -0.350,  0.070,  0.743]
        ]
    }
]
