[
    {
        "id": 0,
        "keypoints3d": [
          [-1.050, -1.170,  1.506,  0.855], 
          [-1.141, -1.308,  1.351,  0.867], 
          [-0.985, -1.371,  1.346,  0.857], 
          [-1.006, -1.436,  1.068,  0.765], 
          [-1.068, -1.451,  0.861,  0.739], 
          [-1.290, -1.230,  1.360,  0.848], 
          [-1.338, -1.276,  1.102,  0.759], 
          [-1.270, -1.388,  0.895,  0.607], 
          [-1.139, -1.300,  0.832,  0.740], 
          [-1.040, -1.336,  0.829,  0.755], 
          [-1.027, -1.366,  0.448,  0.830], 
          [-1.017, -1.397,  0.097,  0.829], 
          [-1.236, -1.259,  0.841,  0.726], 
          [-1.252, -1.302,  0.454,  0.814], 
          [-1.294, -1.335,  0.081,  0.792], 
          [-1.026, -1.191,  1.531,  0.800], 
          [-1.090, -1.164,  1.549,  0.859], 
          [-1.035, -1.285,  1.531,  0.714], 
          [-1.177, -1.216,  1.556,  0.846], 
          [-1.249, -1.173,  0.037,  0.733], 
          [-1.301, -1.190,  0.041,  0.747], 
          [-1.309, -1.377,  0.046,  0.695], 
          [-0.897, -1.284,  0.058,  0.677], 
          [-0.878, -1.320,  0.071,  0.690], 
          [-1.043, -1.418,  0.050,  0.754]
        ]
    },
    {
        "id": 2,
        "keypoints3d": [
          [ 1.036, -1.320,  1.578,  0.882], 
          [ 1.136, -1.406,  1.387,  0.863], 
          [ 1.250, -1.290,  1.392,  0.813], 
          [ 1.140, -1.167,  1.180,  0.863], 
          [ 0.974, -1.364,  1.191,  0.792], 
          [ 1.004, -1.522,  1.380,  0.819], 
          [ 0.919, -1.452,  1.143,  0.854], 
          [ 1.067, -1.261,  1.173,  0.767], 
          [ 1.092, -1.362,  0.860,  0.733], 
          [ 1.156, -1.287,  0.868,  0.714], 
          [ 1.172, -1.306,  0.479,  0.813], 
          [ 1.235, -1.353,  0.091,  0.759], 
          [ 1.022, -1.437,  0.862,  0.725], 
          [ 1.040, -1.445,  0.481,  0.735], 
          [ 1.075, -1.472,  0.104,  0.793], 
          [ 1.075, -1.314,  1.624,  0.826], 
          [ 1.017, -1.360,  1.608,  0.874], 
          [ 1.175, -1.323,  1.605,  0.905], 
          [ 1.047, -1.454,  1.585,  0.862], 
          [ 0.979, -1.356,  0.059,  0.694], 
          [ 0.963, -1.426,  0.060,  0.710], 
          [ 1.106, -1.484,  0.057,  0.627], 
          [ 1.119, -1.240,  0.051,  0.715], 
          [ 1.184, -1.223,  0.047,  0.716], 
          [ 1.247, -1.388,  0.049,  0.638]
        ]
    },
    {
        "id": 4,
        "keypoints3d": [
          [ 1.021,  1.083,  1.614,  0.810], 
          [ 1.176,  1.137,  1.414,  0.872], 
          [ 1.136,  1.300,  1.426,  0.833], 
          [ 1.166,  1.382,  1.159,  0.813], 
          [ 1.132,  1.390,  0.914,  0.873], 
          [ 1.208,  0.987,  1.407,  0.828], 
          [ 1.214,  0.950,  1.126,  0.817], 
          [ 1.124,  0.941,  0.889,  0.864], 
          [ 1.143,  1.167,  0.868,  0.737], 
          [ 1.136,  1.263,  0.867,  0.711], 
          [ 1.158,  1.252,  0.478,  0.818], 
          [ 1.244,  1.256,  0.106,  0.789], 
          [ 1.156,  1.082,  0.872,  0.706], 
          [ 1.129,  1.070,  0.501,  0.797], 
          [ 1.129,  1.099,  0.119,  0.776], 
          [ 1.016,  1.120,  1.648,  0.821], 
          [ 1.058,  1.063,  1.648,  0.860], 
          [ 1.085,  1.175,  1.639,  0.803], 
          [ 1.157,  1.043,  1.637,  0.795], 
          [ 1.035,  0.975,  0.043,  0.745], 
          [ 1.080,  0.969,  0.037,  0.787], 
          [ 1.147,  1.127,  0.072,  0.650], 
          [ 1.122,  1.221,  0.011,  0.731], 
          [ 1.153,  1.267,  0.013,  0.723], 
          [ 1.296,  1.258,  0.051,  0.703]
        ]
    },
    {
        "id": 6,
        "keypoints3d": [
          [-0.358,  0.098,  1.015,  0.911], 
          [-0.353,  0.166,  0.790,  0.861], 
          [-0.481,  0.092,  0.784,  0.834], 
          [-0.535, -0.004,  0.566,  0.762], 
          [-0.438, -0.169,  0.632,  0.847], 
          [-0.214,  0.236,  0.795,  0.815], 
          [ 0.019,  0.228,  0.716,  0.712], 
          [ 0.066,  0.030,  0.656,  0.767], 
          [-0.156, -0.065,  0.435,  0.722], 
          [-0.253, -0.127,  0.438,  0.703], 
          [-0.036, -0.475,  0.380,  0.791], 
          [ 0.105, -0.764,  0.215,  0.675], 
          [-0.060, -0.019,  0.447,  0.716], 
          [ 0.185, -0.294,  0.425,  0.792], 
          [ 0.387, -0.568,  0.232,  0.825], 
          [-0.405,  0.107,  1.035,  0.747], 
          [-0.339,  0.140,  1.047,  0.760], 
          [-0.476,  0.144,  0.979,  0.865], 
          [-0.321,  0.227,  0.996,  0.937], 
          [ 0.517, -0.647,  0.287,  0.604], 
          [ 0.516, -0.604,  0.269,  0.622], 
          [ 0.387, -0.576,  0.194,  0.632], 
          [ 0.154, -0.887,  0.295,  0.633], 
          [ 0.131, -0.874,  0.282,  0.652], 
          [ 0.148, -0.791,  0.210,  0.690]
        ]
    }
]
