[
    {
        "id": 0,
        "keypoints3d": [
          [ 1.038, -1.325,  1.587,  0.884], 
          [ 1.134, -1.405,  1.389,  0.862], 
          [ 1.249, -1.288,  1.392,  0.815], 
          [ 1.133, -1.163,  1.178,  0.803], 
          [ 0.968, -1.358,  1.194,  0.821], 
          [ 1.004, -1.522,  1.382,  0.824], 
          [ 0.913, -1.448,  1.144,  0.851], 
          [ 1.063, -1.249,  1.179,  0.761], 
          [ 1.089, -1.361,  0.860,  0.734], 
          [ 1.152, -1.285,  0.869,  0.716], 
          [ 1.171, -1.303,  0.481,  0.815], 
          [ 1.243, -1.350,  0.092,  0.778], 
          [ 1.022, -1.439,  0.861,  0.723], 
          [ 1.040, -1.441,  0.480,  0.742], 
          [ 1.072, -1.466,  0.108,  0.789], 
          [ 1.076, -1.323,  1.625,  0.913], 
          [ 1.021, -1.354,  1.610,  0.871], 
          [ 1.171, -1.330,  1.607,  0.910], 
          [ 1.050, -1.457,  1.592,  0.834], 
          [ 0.977, -1.361,  0.065,  0.706], 
          [ 0.962, -1.432,  0.060,  0.721], 
          [ 1.106, -1.483,  0.057,  0.619], 
          [ 1.116, -1.232,  0.053,  0.709], 
          [ 1.183, -1.226,  0.045,  0.658], 
          [ 1.252, -1.382,  0.050,  0.644]
        ]
    },
    {
        "id": 2,
        "keypoints3d": [
          [ 1.028,  1.174,  1.611,  0.853], 
          [ 1.202,  1.177,  1.414,  0.871], 
          [ 1.208,  1.354,  1.418,  0.831], 
          [ 1.245,  1.400,  1.149,  0.865], 
          [ 1.211,  1.426,  0.907,  0.856], 
          [ 1.199,  1.027,  1.419,  0.834], 
          [ 1.182,  0.985,  1.142,  0.831], 
          [ 1.089,  1.024,  0.914,  0.855], 
          [ 1.173,  1.203,  0.882,  0.710], 
          [ 1.195,  1.297,  0.876,  0.709], 
          [ 1.185,  1.274,  0.484,  0.830], 
          [ 1.249,  1.253,  0.098,  0.776], 
          [ 1.170,  1.098,  0.889,  0.700], 
          [ 1.106,  1.043,  0.527,  0.799], 
          [ 1.173,  1.054,  0.128,  0.816], 
          [ 1.036,  1.201,  1.642,  0.851], 
          [ 1.047,  1.153,  1.648,  0.873], 
          [ 1.116,  1.254,  1.634,  0.770], 
          [ 1.135,  1.114,  1.632,  0.833], 
          [ 1.028,  0.986,  0.058,  0.775], 
          [ 1.072,  0.946,  0.050,  0.762], 
          [ 1.207,  1.080,  0.063,  0.784], 
          [ 1.089,  1.246,  0.035,  0.718], 
          [ 1.112,  1.292,  0.039,  0.693], 
          [ 1.299,  1.240,  0.040,  0.708]
        ]
    },
    {
        "id": 4,
        "keypoints3d": [
          [-1.149, -1.140,  1.493,  0.818], 
          [-1.231, -1.283,  1.342,  0.884], 
          [-1.082, -1.341,  1.342,  0.862], 
          [-1.086, -1.421,  1.067,  0.790], 
          [-1.158, -1.443,  0.858,  0.692], 
          [-1.388, -1.213,  1.341,  0.827], 
          [-1.432, -1.285,  1.081,  0.769], 
          [-1.329, -1.390,  0.863,  0.659], 
          [-1.227, -1.292,  0.830,  0.760], 
          [-1.126, -1.307,  0.822,  0.758], 
          [-1.051, -1.293,  0.480,  0.843], 
          [-1.040, -1.364,  0.116,  0.807], 
          [-1.327, -1.267,  0.826,  0.733], 
          [-1.312, -1.299,  0.452,  0.804], 
          [-1.294, -1.339,  0.087,  0.786], 
          [-1.118, -1.161,  1.517,  0.802], 
          [-1.185, -1.138,  1.527,  0.894], 
          [-1.124, -1.257,  1.522,  0.814], 
          [-1.266, -1.169,  1.531,  0.880], 
          [-1.245, -1.187,  0.036,  0.787], 
          [-1.306, -1.203,  0.043,  0.808], 
          [-1.295, -1.376,  0.038,  0.695], 
          [-0.908, -1.273,  0.058,  0.701], 
          [-0.877, -1.314,  0.070,  0.699], 
          [-1.053, -1.395,  0.057,  0.716]
        ]
    },
    {
        "id": 6,
        "keypoints3d": [
          [-0.370,  0.068,  1.013,  0.832], 
          [-0.386,  0.122,  0.785,  0.834], 
          [-0.510,  0.014,  0.775,  0.791], 
          [-0.498, -0.073,  0.557,  0.815], 
          [-0.358, -0.206,  0.619,  0.867], 
          [-0.268,  0.221,  0.811,  0.795], 
          [-0.076,  0.314,  0.710,  0.869], 
          [ 0.046,  0.130,  0.651,  0.828], 
          [-0.162, -0.037,  0.436,  0.690], 
          [-0.242, -0.117,  0.431,  0.664], 
          [ 0.078, -0.385,  0.393,  0.678], 
          [ 0.345, -0.617,  0.208,  0.816], 
          [-0.092,  0.036,  0.444,  0.681], 
          [ 0.260, -0.186,  0.429,  0.749], 
          [ 0.521, -0.368,  0.224,  0.798], 
          [-0.407,  0.064,  1.041,  0.850], 
          [-0.367,  0.107,  1.043,  0.806], 
          [-0.548, -0.043,  1.004,  0.885], 
          [-0.384,  0.199,  0.995,  0.836], 
          [ 0.641, -0.454,  0.285,  0.700], 
          [ 0.646, -0.408,  0.266,  0.704], 
          [ 0.534, -0.383,  0.192,  0.645], 
          [ 0.411, -0.735,  0.293,  0.709], 
          [ 0.371, -0.742,  0.273,  0.736], 
          [ 0.360, -0.615,  0.148,  0.707]
        ]
    }
]
