[
    {
        "id": 0,
        "keypoints3d": [
          [ 1.037, -1.326,  1.581,  0.883], 
          [ 1.134, -1.405,  1.389,  0.863], 
          [ 1.250, -1.289,  1.392,  0.818], 
          [ 1.136, -1.167,  1.176,  0.808], 
          [ 0.966, -1.357,  1.195,  0.815], 
          [ 1.003, -1.522,  1.381,  0.825], 
          [ 0.916, -1.449,  1.144,  0.852], 
          [ 1.063, -1.250,  1.176,  0.760], 
          [ 1.090, -1.362,  0.859,  0.736], 
          [ 1.155, -1.287,  0.867,  0.717], 
          [ 1.170, -1.310,  0.482,  0.754], 
          [ 1.240, -1.352,  0.091,  0.761], 
          [ 1.023, -1.439,  0.860,  0.723], 
          [ 1.043, -1.443,  0.479,  0.740], 
          [ 1.072, -1.467,  0.106,  0.768], 
          [ 1.076, -1.321,  1.627,  0.816], 
          [ 1.022, -1.361,  1.607,  0.869], 
          [ 1.171, -1.330,  1.607,  0.912], 
          [ 1.050, -1.457,  1.588,  0.843], 
          [ 0.979, -1.367,  0.060,  0.697], 
          [ 0.962, -1.431,  0.060,  0.709], 
          [ 1.109, -1.485,  0.053,  0.675], 
          [ 1.116, -1.227,  0.050,  0.725], 
          [ 1.183, -1.226,  0.040,  0.727], 
          [ 1.251, -1.386,  0.049,  0.639]
        ]
    },
    {
        "id": 2,
        "keypoints3d": [
          [ 1.035,  1.161,  1.605,  0.822], 
          [ 1.202,  1.176,  1.414,  0.874], 
          [ 1.201,  1.351,  1.421,  0.831], 
          [ 1.233,  1.399,  1.147,  0.848], 
          [ 1.197,  1.423,  0.904,  0.858], 
          [ 1.202,  1.025,  1.417,  0.828], 
          [ 1.195,  0.978,  1.148,  0.830], 
          [ 1.087,  1.011,  0.916,  0.887], 
          [ 1.170,  1.197,  0.866,  0.730], 
          [ 1.189,  1.293,  0.863,  0.715], 
          [ 1.180,  1.274,  0.473,  0.838], 
          [ 1.250,  1.260,  0.100,  0.862], 
          [ 1.171,  1.098,  0.875,  0.731], 
          [ 1.106,  1.045,  0.522,  0.818], 
          [ 1.167,  1.070,  0.130,  0.829], 
          [ 1.040,  1.189,  1.640,  0.859], 
          [ 1.049,  1.132,  1.644,  0.842], 
          [ 1.115,  1.248,  1.638,  0.764], 
          [ 1.140,  1.103,  1.633,  0.845], 
          [ 1.025,  0.986,  0.059,  0.744], 
          [ 1.071,  0.951,  0.048,  0.735], 
          [ 1.204,  1.089,  0.071,  0.788], 
          [ 1.085,  1.244,  0.038,  0.705], 
          [ 1.112,  1.293,  0.042,  0.691], 
          [ 1.302,  1.245,  0.045,  0.729]
        ]
    },
    {
        "id": 4,
        "keypoints3d": [
          [-1.126, -1.146,  1.489,  0.833], 
          [-1.216, -1.293,  1.342,  0.883], 
          [-1.073, -1.348,  1.341,  0.849], 
          [-1.080, -1.422,  1.069,  0.750], 
          [-1.153, -1.445,  0.848,  0.694], 
          [-1.368, -1.214,  1.345,  0.819], 
          [-1.421, -1.289,  1.083,  0.782], 
          [-1.338, -1.389,  0.879,  0.628], 
          [-1.207, -1.296,  0.824,  0.757], 
          [-1.110, -1.315,  0.820,  0.759], 
          [-1.037, -1.306,  0.476,  0.830], 
          [-1.021, -1.374,  0.110,  0.809], 
          [-1.309, -1.267,  0.825,  0.721], 
          [-1.311, -1.292,  0.451,  0.798], 
          [-1.294, -1.344,  0.081,  0.772], 
          [-1.107, -1.171,  1.519,  0.814], 
          [-1.172, -1.134,  1.531,  0.888], 
          [-1.110, -1.266,  1.527,  0.779], 
          [-1.245, -1.184,  1.531,  0.860], 
          [-1.242, -1.186,  0.037,  0.788], 
          [-1.305, -1.207,  0.043,  0.807], 
          [-1.300, -1.379,  0.036,  0.713], 
          [-0.903, -1.281,  0.054,  0.716], 
          [-0.880, -1.320,  0.070,  0.668], 
          [-1.047, -1.404,  0.059,  0.727]
        ]
    },
    {
        "id": 6,
        "keypoints3d": [
          [-0.373,  0.073,  1.015,  0.923], 
          [-0.375,  0.127,  0.785,  0.870], 
          [-0.503,  0.023,  0.777,  0.853], 
          [-0.505, -0.051,  0.552,  0.698], 
          [-0.363, -0.195,  0.615,  0.847], 
          [-0.237,  0.221,  0.810,  0.826], 
          [-0.049,  0.296,  0.713,  0.721], 
          [ 0.038,  0.128,  0.650,  0.712], 
          [-0.135, -0.062,  0.464,  0.730], 
          [-0.220, -0.133,  0.457,  0.737], 
          [ 0.067, -0.405,  0.381,  0.650], 
          [ 0.324, -0.646,  0.199,  0.828], 
          [-0.053, -0.010,  0.476,  0.687], 
          [ 0.272, -0.223,  0.426,  0.851], 
          [ 0.527, -0.404,  0.230,  0.809], 
          [-0.410,  0.069,  1.039,  0.830], 
          [-0.366,  0.118,  1.048,  0.874], 
          [-0.550, -0.035,  1.003,  0.872], 
          [-0.356,  0.204,  0.990,  0.935], 
          [ 0.627, -0.493,  0.294,  0.760], 
          [ 0.631, -0.435,  0.263,  0.738], 
          [ 0.520, -0.412,  0.190,  0.707], 
          [ 0.379, -0.764,  0.295,  0.669], 
          [ 0.357, -0.757,  0.283,  0.700], 
          [ 0.342, -0.636,  0.157,  0.697]
        ]
    }
]
