[
    {
        "id": 0,
        "keypoints3d": [
          [ 1.038, -1.325,  1.587,  0.884], 
          [ 1.134, -1.405,  1.389,  0.861], 
          [ 1.249, -1.288,  1.392,  0.814], 
          [ 1.133, -1.163,  1.178,  0.804], 
          [ 0.968, -1.358,  1.194,  0.821], 
          [ 1.004, -1.522,  1.382,  0.824], 
          [ 0.916, -1.449,  1.144,  0.850], 
          [ 1.063, -1.249,  1.179,  0.761], 
          [ 1.089, -1.361,  0.860,  0.734], 
          [ 1.152, -1.285,  0.869,  0.715], 
          [ 1.170, -1.306,  0.481,  0.815], 
          [ 1.239, -1.349,  0.093,  0.777], 
          [ 1.022, -1.439,  0.861,  0.723], 
          [ 1.040, -1.441,  0.480,  0.741], 
          [ 1.071, -1.468,  0.106,  0.789], 
          [ 1.076, -1.323,  1.625,  0.914], 
          [ 1.021, -1.354,  1.610,  0.870], 
          [ 1.171, -1.330,  1.607,  0.911], 
          [ 1.050, -1.457,  1.592,  0.834], 
          [ 0.980, -1.362,  0.061,  0.700], 
          [ 0.962, -1.431,  0.060,  0.717], 
          [ 1.105, -1.487,  0.057,  0.620], 
          [ 1.116, -1.227,  0.050,  0.721], 
          [ 1.184, -1.221,  0.045,  0.665], 
          [ 1.252, -1.384,  0.050,  0.649]
        ]
    },
    {
        "id": 2,
        "keypoints3d": [
          [ 1.030,  1.173,  1.611,  0.849], 
          [ 1.202,  1.177,  1.413,  0.873], 
          [ 1.207,  1.355,  1.418,  0.834], 
          [ 1.244,  1.400,  1.149,  0.858], 
          [ 1.206,  1.427,  0.908,  0.865], 
          [ 1.199,  1.027,  1.417,  0.836], 
          [ 1.183,  0.984,  1.144,  0.829], 
          [ 1.092,  1.016,  0.914,  0.859], 
          [ 1.174,  1.202,  0.875,  0.719], 
          [ 1.195,  1.294,  0.870,  0.712], 
          [ 1.184,  1.280,  0.477,  0.833], 
          [ 1.247,  1.258,  0.095,  0.847], 
          [ 1.171,  1.096,  0.884,  0.719], 
          [ 1.108,  1.045,  0.524,  0.810], 
          [ 1.167,  1.059,  0.127,  0.831], 
          [ 1.042,  1.196,  1.642,  0.862], 
          [ 1.050,  1.150,  1.645,  0.875], 
          [ 1.117,  1.250,  1.635,  0.758], 
          [ 1.138,  1.108,  1.632,  0.860], 
          [ 1.028,  0.985,  0.058,  0.763], 
          [ 1.071,  0.947,  0.051,  0.760], 
          [ 1.204,  1.085,  0.059,  0.788], 
          [ 1.090,  1.243,  0.034,  0.711], 
          [ 1.113,  1.288,  0.037,  0.690], 
          [ 1.293,  1.246,  0.038,  0.700]
        ]
    },
    {
        "id": 4,
        "keypoints3d": [
          [-1.141, -1.143,  1.491,  0.816], 
          [-1.225, -1.288,  1.342,  0.880], 
          [-1.081, -1.343,  1.342,  0.856], 
          [-1.084, -1.424,  1.070,  0.764], 
          [-1.157, -1.444,  0.863,  0.750], 
          [-1.384, -1.214,  1.344,  0.823], 
          [-1.429, -1.283,  1.083,  0.766], 
          [-1.349, -1.382,  0.872,  0.609], 
          [-1.220, -1.295,  0.829,  0.762], 
          [-1.119, -1.311,  0.823,  0.754], 
          [-1.046, -1.297,  0.479,  0.833], 
          [-1.037, -1.370,  0.114,  0.828], 
          [-1.322, -1.266,  0.826,  0.729], 
          [-1.313, -1.296,  0.450,  0.799], 
          [-1.294, -1.339,  0.087,  0.787], 
          [-1.118, -1.161,  1.517,  0.803], 
          [-1.184, -1.138,  1.531,  0.891], 
          [-1.121, -1.260,  1.523,  0.776], 
          [-1.263, -1.174,  1.535,  0.867], 
          [-1.244, -1.185,  0.038,  0.786], 
          [-1.306, -1.202,  0.043,  0.806], 
          [-1.297, -1.374,  0.039,  0.699], 
          [-0.903, -1.271,  0.071,  0.688], 
          [-0.876, -1.311,  0.083,  0.707], 
          [-1.052, -1.396,  0.060,  0.734]
        ]
    },
    {
        "id": 6,
        "keypoints3d": [
          [-0.372,  0.066,  1.012,  0.911], 
          [-0.379,  0.120,  0.784,  0.865], 
          [-0.503,  0.008,  0.779,  0.855], 
          [-0.504, -0.064,  0.554,  0.817], 
          [-0.356, -0.206,  0.622,  0.878], 
          [-0.248,  0.214,  0.811,  0.790], 
          [-0.066,  0.307,  0.712,  0.866], 
          [ 0.032,  0.136,  0.649,  0.822], 
          [-0.124, -0.063,  0.459,  0.733], 
          [-0.214, -0.136,  0.451,  0.727], 
          [ 0.076, -0.388,  0.386,  0.668], 
          [ 0.345, -0.617,  0.208,  0.816], 
          [-0.045,  0.004,  0.473,  0.695], 
          [ 0.273, -0.188,  0.425,  0.736], 
          [ 0.530, -0.372,  0.229,  0.816], 
          [-0.410,  0.068,  1.040,  0.852], 
          [-0.365,  0.104,  1.048,  0.881], 
          [-0.552, -0.037,  0.999,  0.884], 
          [-0.390,  0.204,  0.982,  0.938], 
          [ 0.641, -0.454,  0.285,  0.700], 
          [ 0.646, -0.408,  0.266,  0.704], 
          [ 0.532, -0.379,  0.186,  0.650], 
          [ 0.411, -0.735,  0.293,  0.709], 
          [ 0.371, -0.742,  0.273,  0.736], 
          [ 0.360, -0.615,  0.148,  0.707]
        ]
    }
]
