[
    {
        "id": 0,
        "keypoints3d": [
          [-1.061, -1.165,  1.509,  0.848], 
          [-1.162, -1.293,  1.353,  0.889], 
          [-1.007, -1.366,  1.349,  0.853], 
          [-1.009, -1.434,  1.079,  0.789], 
          [-1.095, -1.449,  0.864,  0.695], 
          [-1.304, -1.224,  1.357,  0.856], 
          [-1.350, -1.270,  1.105,  0.759], 
          [-1.318, -1.361,  0.891,  0.700], 
          [-1.154, -1.297,  0.829,  0.751], 
          [-1.056, -1.335,  0.828,  0.753], 
          [-1.040, -1.362,  0.446,  0.829], 
          [-1.014, -1.401,  0.096,  0.833], 
          [-1.250, -1.255,  0.833,  0.735], 
          [-1.260, -1.293,  0.452,  0.799], 
          [-1.293, -1.335,  0.078,  0.849], 
          [-1.049, -1.182,  1.543,  0.804], 
          [-1.108, -1.152,  1.549,  0.817], 
          [-1.051, -1.280,  1.537,  0.729], 
          [-1.195, -1.201,  1.554,  0.842], 
          [-1.243, -1.175,  0.034,  0.737], 
          [-1.300, -1.191,  0.039,  0.753], 
          [-1.308, -1.374,  0.041,  0.708], 
          [-0.890, -1.290,  0.058,  0.674], 
          [-0.877, -1.327,  0.068,  0.681], 
          [-1.037, -1.419,  0.051,  0.747]
        ]
    },
    {
        "id": 2,
        "keypoints3d": [
          [ 1.037, -1.320,  1.580,  0.879], 
          [ 1.136, -1.406,  1.387,  0.862], 
          [ 1.251, -1.291,  1.392,  0.815], 
          [ 1.139, -1.166,  1.180,  0.865], 
          [ 0.974, -1.363,  1.189,  0.792], 
          [ 1.003, -1.522,  1.381,  0.822], 
          [ 0.920, -1.452,  1.144,  0.851], 
          [ 1.067, -1.261,  1.173,  0.767], 
          [ 1.092, -1.362,  0.860,  0.729], 
          [ 1.156, -1.286,  0.868,  0.711], 
          [ 1.172, -1.309,  0.481,  0.814], 
          [ 1.233, -1.353,  0.091,  0.747], 
          [ 1.022, -1.438,  0.861,  0.723], 
          [ 1.041, -1.447,  0.479,  0.722], 
          [ 1.069, -1.470,  0.105,  0.763], 
          [ 1.078, -1.299,  1.615,  0.920], 
          [ 1.018, -1.361,  1.608,  0.880], 
          [ 1.174, -1.328,  1.607,  0.828], 
          [ 1.048, -1.455,  1.586,  0.860], 
          [ 0.980, -1.359,  0.057,  0.695], 
          [ 0.962, -1.427,  0.058,  0.705], 
          [ 1.107, -1.480,  0.053,  0.673], 
          [ 1.119, -1.240,  0.047,  0.714], 
          [ 1.184, -1.225,  0.047,  0.714], 
          [ 1.247, -1.387,  0.051,  0.627]
        ]
    },
    {
        "id": 4,
        "keypoints3d": [
          [ 1.022,  1.105,  1.606,  0.824], 
          [ 1.188,  1.152,  1.413,  0.856], 
          [ 1.151,  1.315,  1.424,  0.822], 
          [ 1.183,  1.386,  1.150,  0.854], 
          [ 1.139,  1.392,  0.908,  0.842], 
          [ 1.213,  1.005,  1.409,  0.833], 
          [ 1.205,  0.956,  1.127,  0.832], 
          [ 1.106,  0.955,  0.901,  0.865], 
          [ 1.146,  1.178,  0.868,  0.748], 
          [ 1.144,  1.274,  0.868,  0.719], 
          [ 1.164,  1.260,  0.477,  0.827], 
          [ 1.250,  1.255,  0.098,  0.839], 
          [ 1.152,  1.089,  0.873,  0.720], 
          [ 1.117,  1.061,  0.510,  0.790], 
          [ 1.134,  1.095,  0.121,  0.764], 
          [ 1.014,  1.136,  1.646,  0.801], 
          [ 1.055,  1.072,  1.646,  0.860], 
          [ 1.089,  1.187,  1.640,  0.869], 
          [ 1.152,  1.069,  1.633,  0.801], 
          [ 1.032,  0.975,  0.048,  0.766], 
          [ 1.076,  0.965,  0.039,  0.800], 
          [ 1.153,  1.125,  0.070,  0.689], 
          [ 1.116,  1.222,  0.010,  0.724], 
          [ 1.114,  1.274,  0.026,  0.858], 
          [ 1.299,  1.247,  0.039,  0.703]
        ]
    },
    {
        "id": 6,
        "keypoints3d": [
          [-0.358,  0.085,  1.019,  0.913], 
          [-0.352,  0.156,  0.788,  0.859], 
          [-0.490,  0.070,  0.780,  0.848], 
          [-0.528, -0.022,  0.564,  0.730], 
          [-0.429, -0.186,  0.631,  0.862], 
          [-0.218,  0.233,  0.802,  0.792], 
          [ 0.001,  0.218,  0.722,  0.752], 
          [ 0.045,  0.020,  0.666,  0.786], 
          [-0.161, -0.057,  0.433,  0.717], 
          [-0.256, -0.124,  0.436,  0.704], 
          [-0.032, -0.453,  0.370,  0.739], 
          [ 0.161, -0.756,  0.227,  0.798], 
          [-0.065, -0.012,  0.438,  0.704], 
          [ 0.203, -0.272,  0.425,  0.747], 
          [ 0.424, -0.508,  0.221,  0.830], 
          [-0.401,  0.080,  1.042,  0.782], 
          [-0.346,  0.137,  1.046,  0.893], 
          [-0.478,  0.135,  0.980,  0.837], 
          [-0.327,  0.219,  1.000,  0.942], 
          [ 0.557, -0.607,  0.267,  0.642], 
          [ 0.541, -0.556,  0.242,  0.687], 
          [ 0.414, -0.535,  0.180,  0.627], 
          [ 0.208, -0.860,  0.286,  0.700], 
          [ 0.175, -0.856,  0.258,  0.679], 
          [ 0.187, -0.768,  0.196,  0.675]
        ]
    }
]
