[
    {
        "id": 0,
        "keypoints3d": [
          [ 1.036, -1.317,  1.579,  0.879], 
          [ 1.135, -1.405,  1.386,  0.862], 
          [ 1.248, -1.287,  1.390,  0.811], 
          [ 1.142, -1.168,  1.177,  0.790], 
          [ 0.973, -1.363,  1.192,  0.799], 
          [ 1.005, -1.522,  1.380,  0.818], 
          [ 0.919, -1.451,  1.143,  0.860], 
          [ 1.071, -1.259,  1.171,  0.774], 
          [ 1.088, -1.360,  0.860,  0.720], 
          [ 1.153, -1.284,  0.861,  0.712], 
          [ 1.171, -1.312,  0.469,  0.783], 
          [ 1.236, -1.352,  0.086,  0.776], 
          [ 1.020, -1.437,  0.860,  0.706], 
          [ 1.041, -1.444,  0.470,  0.696], 
          [ 1.073, -1.470,  0.104,  0.755], 
          [ 1.076, -1.295,  1.615,  0.801], 
          [ 1.020, -1.359,  1.608,  0.872], 
          [ 1.173, -1.324,  1.608,  0.837], 
          [ 1.047, -1.453,  1.588,  0.855], 
          [ 0.986, -1.361,  0.054,  0.683], 
          [ 0.966, -1.428,  0.059,  0.702], 
          [ 1.105, -1.485,  0.053,  0.678], 
          [ 1.120, -1.240,  0.050,  0.705], 
          [ 1.186, -1.231,  0.046,  0.714], 
          [ 1.248, -1.383,  0.042,  0.680]
        ]
    },
    {
        "id": 2,
        "keypoints3d": [
          [ 0.962,  0.948,  1.616,  0.809], 
          [ 1.091,  1.080,  1.417,  0.838], 
          [ 0.996,  1.203,  1.439,  0.815], 
          [ 1.020,  1.316,  1.178,  0.835], 
          [ 0.959,  1.344,  0.941,  0.823], 
          [ 1.180,  0.953,  1.403,  0.811], 
          [ 1.227,  0.931,  1.127,  0.803], 
          [ 1.179,  0.907,  0.878,  0.764], 
          [ 1.050,  1.141,  0.868,  0.727], 
          [ 0.993,  1.212,  0.878,  0.718], 
          [ 0.975,  1.214,  0.490,  0.803], 
          [ 1.012,  1.279,  0.109,  0.761], 
          [ 1.114,  1.058,  0.868,  0.705], 
          [ 1.126,  1.084,  0.486,  0.782], 
          [ 1.121,  1.123,  0.096,  0.810], 
          [ 0.958,  0.981,  1.658,  0.854], 
          [ 1.009,  0.940,  1.645,  0.802], 
          [ 0.991,  1.075,  1.650,  0.852], 
          [ 1.095,  0.975,  1.631,  0.861], 
          [ 1.035,  0.976,  0.059,  0.720], 
          [ 1.107,  0.979,  0.046,  0.715], 
          [ 1.126,  1.142,  0.080,  0.673], 
          [ 0.885,  1.157,  0.052,  0.823], 
          [ 0.876,  1.224,  0.059,  0.805], 
          [ 1.034,  1.318,  0.057,  0.751]
        ]
    },
    {
        "id": 4,
        "keypoints3d": [
          [-0.927, -1.194,  1.506,  0.860], 
          [-1.001, -1.330,  1.352,  0.884], 
          [-0.862, -1.392,  1.337,  0.862], 
          [-0.896, -1.462,  1.066,  0.741], 
          [-0.969, -1.485,  0.861,  0.749], 
          [-1.159, -1.269,  1.376,  0.867], 
          [-1.219, -1.333,  1.113,  0.756], 
          [-1.182, -1.400,  0.908,  0.689], 
          [-1.044, -1.328,  0.830,  0.763], 
          [-0.951, -1.366,  0.824,  0.738], 
          [-0.971, -1.393,  0.445,  0.798], 
          [-1.007, -1.398,  0.103,  0.857], 
          [-1.135, -1.281,  0.841,  0.743], 
          [-1.177, -1.273,  0.474,  0.818], 
          [-1.276, -1.321,  0.099,  0.799], 
          [-0.895, -1.212,  1.537,  0.884], 
          [-0.956, -1.180,  1.549,  0.865], 
          [-0.876, -1.300,  1.527,  0.775], 
          [-1.028, -1.257,  1.565,  0.859], 
          [-1.231, -1.173,  0.037,  0.749], 
          [-1.289, -1.184,  0.048,  0.777], 
          [-1.293, -1.368,  0.055,  0.721], 
          [-0.885, -1.284,  0.046,  0.736], 
          [-0.874, -1.340,  0.061,  0.722], 
          [-1.034, -1.418,  0.061,  0.761]
        ]
    },
    {
        "id": 6,
        "keypoints3d": [
          [-0.307,  0.148,  1.022,  0.870], 
          [-0.276,  0.223,  0.788,  0.839], 
          [-0.422,  0.213,  0.771,  0.808], 
          [-0.516,  0.126,  0.575,  0.734], 
          [-0.496, -0.055,  0.618,  0.853], 
          [-0.117,  0.235,  0.812,  0.776], 
          [ 0.085,  0.154,  0.713,  0.760], 
          [ 0.060, -0.048,  0.643,  0.744], 
          [-0.170, -0.037,  0.406,  0.738], 
          [-0.277, -0.058,  0.395,  0.697], 
          [-0.245, -0.478,  0.390,  0.799], 
          [-0.230, -0.814,  0.253,  0.718], 
          [-0.059, -0.031,  0.425,  0.710], 
          [ 0.051, -0.444,  0.433,  0.765], 
          [ 0.077, -0.734,  0.207,  0.644], 
          [-0.348,  0.185,  1.044,  0.798], 
          [-0.272,  0.193,  1.042,  0.863], 
          [-0.396,  0.248,  0.975,  0.831], 
          [-0.225,  0.262,  0.996,  0.893], 
          [ 0.172, -0.861,  0.266,  0.774], 
          [ 0.191, -0.820,  0.255,  0.766], 
          [ 0.069, -0.781,  0.199,  0.751], 
          [-0.186, -1.007,  0.328,  0.611], 
          [-0.233, -0.973,  0.303,  0.639], 
          [-0.221, -0.854,  0.222,  0.603]
        ]
    }
]
