[
    {
        "id": 0,
        "keypoints3d": [
          [ 1.036, -1.327,  1.587,  0.884], 
          [ 1.134, -1.405,  1.389,  0.861], 
          [ 1.249, -1.288,  1.392,  0.814], 
          [ 1.135, -1.166,  1.178,  0.793], 
          [ 0.968, -1.357,  1.193,  0.823], 
          [ 1.004, -1.522,  1.382,  0.822], 
          [ 0.913, -1.448,  1.145,  0.848], 
          [ 1.063, -1.249,  1.179,  0.761], 
          [ 1.090, -1.361,  0.861,  0.733], 
          [ 1.153, -1.286,  0.868,  0.717], 
          [ 1.172, -1.303,  0.480,  0.812], 
          [ 1.243, -1.350,  0.092,  0.778], 
          [ 1.022, -1.439,  0.861,  0.723], 
          [ 1.040, -1.441,  0.480,  0.741], 
          [ 1.071, -1.466,  0.108,  0.788], 
          [ 1.076, -1.323,  1.625,  0.913], 
          [ 1.018, -1.355,  1.610,  0.872], 
          [ 1.175, -1.319,  1.609,  0.814], 
          [ 1.050, -1.457,  1.592,  0.833], 
          [ 0.976, -1.361,  0.065,  0.702], 
          [ 0.962, -1.432,  0.060,  0.714], 
          [ 1.106, -1.483,  0.057,  0.618], 
          [ 1.116, -1.232,  0.053,  0.709], 
          [ 1.183, -1.227,  0.048,  0.658], 
          [ 1.252, -1.381,  0.051,  0.644]
        ]
    },
    {
        "id": 2,
        "keypoints3d": [
          [-1.154, -1.134,  1.495,  0.822], 
          [-1.234, -1.282,  1.343,  0.880], 
          [-1.086, -1.340,  1.341,  0.859], 
          [-1.086, -1.421,  1.069,  0.790], 
          [-1.149, -1.439,  0.860,  0.672], 
          [-1.391, -1.213,  1.342,  0.823], 
          [-1.434, -1.287,  1.082,  0.756], 
          [-1.329, -1.390,  0.863,  0.659], 
          [-1.230, -1.289,  0.826,  0.762], 
          [-1.132, -1.304,  0.823,  0.762], 
          [-1.058, -1.287,  0.479,  0.845], 
          [-1.044, -1.363,  0.115,  0.812], 
          [-1.331, -1.266,  0.823,  0.732], 
          [-1.311, -1.301,  0.449,  0.802], 
          [-1.297, -1.341,  0.090,  0.783], 
          [-1.119, -1.156,  1.515,  0.813], 
          [-1.185, -1.137,  1.528,  0.897], 
          [-1.126, -1.260,  1.523,  0.810], 
          [-1.272, -1.167,  1.530,  0.885], 
          [-1.249, -1.184,  0.034,  0.789], 
          [-1.306, -1.203,  0.043,  0.808], 
          [-1.295, -1.375,  0.036,  0.698], 
          [-0.923, -1.255,  0.065,  0.712], 
          [-0.888, -1.304,  0.075,  0.708], 
          [-1.054, -1.396,  0.054,  0.720]
        ]
    },
    {
        "id": 4,
        "keypoints3d": [
          [ 1.032,  1.177,  1.612,  0.829], 
          [ 1.204,  1.177,  1.414,  0.875], 
          [ 1.213,  1.356,  1.418,  0.836], 
          [ 1.250,  1.403,  1.150,  0.791], 
          [ 1.220,  1.426,  0.903,  0.783], 
          [ 1.196,  1.026,  1.421,  0.844], 
          [ 1.180,  0.986,  1.144,  0.828], 
          [ 1.098,  1.032,  0.914,  0.838], 
          [ 1.173,  1.203,  0.881,  0.712], 
          [ 1.196,  1.298,  0.875,  0.708], 
          [ 1.185,  1.276,  0.484,  0.828], 
          [ 1.249,  1.253,  0.098,  0.777], 
          [ 1.167,  1.098,  0.888,  0.696], 
          [ 1.113,  1.045,  0.523,  0.793], 
          [ 1.177,  1.053,  0.127,  0.811], 
          [ 1.037,  1.201,  1.642,  0.848], 
          [ 1.050,  1.155,  1.648,  0.857], 
          [ 1.122,  1.259,  1.633,  0.797], 
          [ 1.132,  1.114,  1.632,  0.837], 
          [ 1.030,  0.986,  0.058,  0.776], 
          [ 1.074,  0.949,  0.052,  0.760], 
          [ 1.211,  1.079,  0.061,  0.775], 
          [ 1.090,  1.245,  0.037,  0.711], 
          [ 1.112,  1.291,  0.038,  0.689], 
          [ 1.296,  1.239,  0.039,  0.704]
        ]
    },
    {
        "id": 6,
        "keypoints3d": [
          [-0.370,  0.064,  1.013,  0.828], 
          [-0.383,  0.127,  0.783,  0.779], 
          [-0.507,  0.015,  0.771,  0.725], 
          [-0.497, -0.076,  0.556,  0.692], 
          [-0.356, -0.205,  0.616,  0.867], 
          [-0.267,  0.231,  0.812,  0.765], 
          [-0.081,  0.309,  0.707,  0.828], 
          [ 0.042,  0.132,  0.650,  0.776], 
          [-0.169, -0.020,  0.423,  0.663], 
          [-0.246, -0.103,  0.417,  0.614], 
          [ 0.080, -0.377,  0.390,  0.697], 
          [ 0.350, -0.604,  0.201,  0.653], 
          [-0.101,  0.057,  0.428,  0.669], 
          [ 0.259, -0.173,  0.426,  0.756], 
          [ 0.539, -0.344,  0.225,  0.810], 
          [-0.410,  0.057,  1.042,  0.833], 
          [-0.366,  0.102,  1.042,  0.813], 
          [-0.547, -0.040,  1.004,  0.878], 
          [-0.391,  0.196,  0.992,  0.830], 
          [ 0.648, -0.423,  0.264,  0.694], 
          [ 0.652, -0.373,  0.261,  0.715], 
          [ 0.554, -0.365,  0.193,  0.682], 
          [ 0.418, -0.720,  0.274,  0.711], 
          [ 0.381, -0.716,  0.243,  0.752], 
          [ 0.363, -0.595,  0.130,  0.673]
        ]
    }
]
