[
    {
        "id": 0,
        "keypoints3d": [
          [-0.929, -1.190,  1.508,  0.869], 
          [-0.978, -1.337,  1.357,  0.889], 
          [-0.830, -1.391,  1.345,  0.858], 
          [-0.833, -1.476,  1.077,  0.781], 
          [-0.935, -1.495,  0.874,  0.685], 
          [-1.124, -1.273,  1.371,  0.853], 
          [-1.187, -1.328,  1.110,  0.747], 
          [-1.135, -1.425,  0.882,  0.677], 
          [-1.004, -1.340,  0.831,  0.767], 
          [-0.910, -1.377,  0.823,  0.757], 
          [-0.944, -1.395,  0.450,  0.795], 
          [-1.003, -1.395,  0.098,  0.758], 
          [-1.095, -1.298,  0.840,  0.766], 
          [-1.109, -1.268,  0.478,  0.834], 
          [-1.193, -1.294,  0.101,  0.835], 
          [-0.899, -1.211,  1.536,  0.896], 
          [-0.954, -1.177,  1.547,  0.877], 
          [-0.864, -1.299,  1.536,  0.775], 
          [-1.021, -1.242,  1.553,  0.811], 
          [-1.164, -1.141,  0.051,  0.758], 
          [-1.209, -1.163,  0.043,  0.780], 
          [-1.200, -1.338,  0.052,  0.734], 
          [-0.895, -1.297,  0.054,  0.721], 
          [-0.879, -1.343,  0.066,  0.710], 
          [-1.033, -1.412,  0.053,  0.749]
        ]
    },
    {
        "id": 2,
        "keypoints3d": [
          [ 1.044, -1.316,  1.582,  0.885], 
          [ 1.129, -1.399,  1.388,  0.876], 
          [ 1.240, -1.285,  1.391,  0.842], 
          [ 1.144, -1.167,  1.179,  0.799], 
          [ 0.971, -1.361,  1.191,  0.808], 
          [ 0.993, -1.514,  1.380,  0.836], 
          [ 0.914, -1.448,  1.141,  0.856], 
          [ 1.078, -1.268,  1.172,  0.797], 
          [ 1.090, -1.357,  0.856,  0.754], 
          [ 1.149, -1.274,  0.865,  0.757], 
          [ 1.175, -1.311,  0.464,  0.803], 
          [ 1.238, -1.352,  0.086,  0.787], 
          [ 1.018, -1.438,  0.859,  0.731], 
          [ 1.035, -1.444,  0.460,  0.762], 
          [ 1.068, -1.464,  0.092,  0.830], 
          [ 1.073, -1.312,  1.624,  0.818], 
          [ 1.019, -1.355,  1.607,  0.886], 
          [ 1.173, -1.324,  1.608,  0.841], 
          [ 1.024, -1.442,  1.587,  0.846], 
          [ 0.980, -1.363,  0.058,  0.708], 
          [ 0.964, -1.438,  0.054,  0.724], 
          [ 1.101, -1.481,  0.053,  0.639], 
          [ 1.112, -1.244,  0.052,  0.803], 
          [ 1.176, -1.219,  0.055,  0.794], 
          [ 1.249, -1.385,  0.041,  0.679]
        ]
    },
    {
        "id": 4,
        "keypoints3d": [
          [ 0.863,  0.953,  1.611,  0.827], 
          [ 0.978,  1.091,  1.420,  0.880], 
          [ 0.842,  1.170,  1.426,  0.845], 
          [ 0.822,  1.267,  1.174,  0.858], 
          [ 0.768,  1.255,  0.911,  0.865], 
          [ 1.117,  0.998,  1.407,  0.818], 
          [ 1.161,  0.990,  1.119,  0.764], 
          [ 1.074,  0.916,  0.908,  0.794], 
          [ 0.951,  1.105,  0.857,  0.755], 
          [ 0.859,  1.149,  0.879,  0.736], 
          [ 0.790,  1.135,  0.502,  0.822], 
          [ 0.718,  1.235,  0.088,  0.840], 
          [ 1.047,  1.074,  0.848,  0.708], 
          [ 1.105,  1.104,  0.465,  0.813], 
          [ 1.113,  1.113,  0.088,  0.825], 
          [ 0.843,  0.992,  1.648,  0.854], 
          [ 0.913,  0.951,  1.648,  0.847], 
          [ 0.877,  1.083,  1.640,  0.880], 
          [ 1.002,  1.003,  1.628,  0.700], 
          [ 1.047,  0.953,  0.055,  0.766], 
          [ 1.110,  0.976,  0.044,  0.760], 
          [ 1.115,  1.152,  0.045,  0.680], 
          [ 0.721,  1.071,  0.053,  0.750], 
          [ 0.673,  1.115,  0.043,  0.813], 
          [ 0.723,  1.269,  0.064,  0.743]
        ]
    },
    {
        "id": 6,
        "keypoints3d": [
          [-0.274,  0.158,  1.022,  0.807], 
          [-0.203,  0.241,  0.793,  0.844], 
          [-0.362,  0.280,  0.771,  0.782], 
          [-0.494,  0.227,  0.583,  0.787], 
          [-0.505,  0.031,  0.612,  0.766], 
          [-0.069,  0.196,  0.818,  0.748], 
          [ 0.119,  0.070,  0.726,  0.863], 
          [ 0.020, -0.114,  0.649,  0.782], 
          [-0.206, -0.031,  0.424,  0.706], 
          [-0.306,  0.009,  0.401,  0.646], 
          [-0.380, -0.403,  0.380,  0.732], 
          [-0.423, -0.733,  0.223,  0.781], 
          [-0.103, -0.071,  0.444,  0.685], 
          [-0.133, -0.492,  0.435,  0.739], 
          [-0.226, -0.729,  0.186,  0.825], 
          [-0.309,  0.201,  1.045,  0.785], 
          [-0.238,  0.197,  1.040,  0.874], 
          [-0.314,  0.283,  0.995,  0.838], 
          [-0.162,  0.245,  0.998,  0.842], 
          [-0.216, -0.849,  0.188,  0.586], 
          [-0.190, -0.818,  0.169,  0.788], 
          [-0.236, -0.740,  0.159,  0.599], 
          [-0.437, -0.880,  0.289,  0.572], 
          [-0.486, -0.861,  0.275,  0.587], 
          [-0.401, -0.741,  0.192,  0.651]
        ]
    }
]
