[
    {
        "id": 0,
        "keypoints3d": [
          [ 0.902,  0.940,  1.606,  0.834], 
          [ 1.005,  1.093,  1.419,  0.832], 
          [ 0.877,  1.171,  1.433,  0.826], 
          [ 0.854,  1.271,  1.173,  0.871], 
          [ 0.824,  1.257,  0.911,  0.858], 
          [ 1.144,  0.996,  1.407,  0.819], 
          [ 1.176,  0.991,  1.120,  0.790], 
          [ 1.081,  0.907,  0.913,  0.811], 
          [ 0.987,  1.116,  0.860,  0.740], 
          [ 0.894,  1.158,  0.877,  0.725], 
          [ 0.833,  1.139,  0.497,  0.758], 
          [ 0.779,  1.244,  0.090,  0.779], 
          [ 1.072,  1.081,  0.854,  0.714], 
          [ 1.108,  1.104,  0.466,  0.800], 
          [ 1.116,  1.114,  0.089,  0.747], 
          [ 0.880,  0.989,  1.647,  0.854], 
          [ 0.933,  0.944,  1.638,  0.830], 
          [ 0.912,  1.066,  1.638,  0.895], 
          [ 1.014,  0.987,  1.629,  0.756], 
          [ 1.039,  0.956,  0.055,  0.682], 
          [ 1.112,  0.973,  0.050,  0.764], 
          [ 1.115,  1.159,  0.047,  0.644], 
          [ 0.710,  1.085,  0.047,  0.789], 
          [ 0.681,  1.126,  0.043,  0.814], 
          [ 0.776,  1.273,  0.061,  0.786]
        ]
    },
    {
        "id": 2,
        "keypoints3d": [
          [-0.919, -1.187,  1.508,  0.862], 
          [-0.976, -1.339,  1.357,  0.893], 
          [-0.830, -1.394,  1.344,  0.863], 
          [-0.829, -1.478,  1.078,  0.797], 
          [-0.915, -1.505,  0.900,  0.725], 
          [-1.128, -1.277,  1.372,  0.855], 
          [-1.195, -1.331,  1.114,  0.740], 
          [-1.155, -1.431,  0.912,  0.638], 
          [-1.009, -1.344,  0.829,  0.767], 
          [-0.915, -1.375,  0.822,  0.759], 
          [-0.947, -1.396,  0.447,  0.789], 
          [-1.001, -1.396,  0.097,  0.776], 
          [-1.098, -1.301,  0.838,  0.762], 
          [-1.123, -1.272,  0.475,  0.823], 
          [-1.211, -1.291,  0.103,  0.778], 
          [-0.889, -1.207,  1.537,  0.887], 
          [-0.952, -1.182,  1.547,  0.855], 
          [-0.859, -1.291,  1.533,  0.773], 
          [-1.015, -1.258,  1.555,  0.798], 
          [-1.170, -1.144,  0.046,  0.749], 
          [-1.212, -1.162,  0.041,  0.780], 
          [-1.218, -1.331,  0.057,  0.770], 
          [-0.894, -1.299,  0.051,  0.743], 
          [-0.877, -1.345,  0.063,  0.723], 
          [-1.034, -1.412,  0.056,  0.757]
        ]
    },
    {
        "id": 4,
        "keypoints3d": [
          [ 1.041, -1.317,  1.582,  0.886], 
          [ 1.129, -1.399,  1.388,  0.876], 
          [ 1.240, -1.285,  1.392,  0.842], 
          [ 1.144, -1.168,  1.178,  0.796], 
          [ 0.971, -1.361,  1.189,  0.808], 
          [ 0.994, -1.513,  1.380,  0.834], 
          [ 0.915, -1.448,  1.141,  0.863], 
          [ 1.078, -1.269,  1.170,  0.795], 
          [ 1.087, -1.358,  0.856,  0.754], 
          [ 1.147, -1.276,  0.864,  0.758], 
          [ 1.169, -1.313,  0.466,  0.798], 
          [ 1.237, -1.353,  0.088,  0.766], 
          [ 1.018, -1.438,  0.859,  0.731], 
          [ 1.034, -1.447,  0.464,  0.758], 
          [ 1.070, -1.469,  0.096,  0.814], 
          [ 1.076, -1.295,  1.616,  0.796], 
          [ 1.019, -1.355,  1.610,  0.882], 
          [ 1.173, -1.324,  1.608,  0.839], 
          [ 1.024, -1.442,  1.587,  0.846], 
          [ 0.985, -1.367,  0.056,  0.700], 
          [ 0.963, -1.433,  0.057,  0.720], 
          [ 1.103, -1.484,  0.056,  0.622], 
          [ 1.112, -1.242,  0.055,  0.803], 
          [ 1.176, -1.218,  0.052,  0.794], 
          [ 1.248, -1.384,  0.042,  0.682]
        ]
    },
    {
        "id": 6,
        "keypoints3d": [
          [-0.273,  0.156,  1.019,  0.807], 
          [-0.216,  0.234,  0.789,  0.829], 
          [-0.371,  0.270,  0.772,  0.770], 
          [-0.509,  0.212,  0.578,  0.772], 
          [-0.505,  0.022,  0.610,  0.771], 
          [-0.084,  0.206,  0.806,  0.749], 
          [ 0.108,  0.094,  0.725,  0.853], 
          [ 0.031, -0.107,  0.654,  0.745], 
          [-0.201, -0.053,  0.429,  0.706], 
          [-0.301, -0.026,  0.407,  0.649], 
          [-0.373, -0.443,  0.375,  0.723], 
          [-0.420, -0.772,  0.224,  0.740], 
          [-0.105, -0.084,  0.449,  0.688], 
          [-0.110, -0.492,  0.438,  0.732], 
          [-0.184, -0.744,  0.194,  0.717], 
          [-0.314,  0.203,  1.044,  0.800], 
          [-0.241,  0.194,  1.041,  0.877], 
          [-0.330,  0.286,  0.987,  0.852], 
          [-0.180,  0.250,  1.000,  0.843], 
          [-0.155, -0.874,  0.219,  0.615], 
          [-0.122, -0.846,  0.195,  0.627], 
          [-0.129, -0.717,  0.165,  0.565], 
          [-0.432, -0.938,  0.308,  0.628], 
          [-0.478, -0.906,  0.282,  0.645], 
          [-0.418, -0.782,  0.192,  0.593]
        ]
    }
]
