[
    {
        "id": 0,
        "keypoints3d": [
          [-1.086, -1.155,  1.505,  0.807], 
          [-1.173, -1.290,  1.352,  0.896], 
          [-1.024, -1.367,  1.347,  0.853], 
          [-1.013, -1.429,  1.075,  0.797], 
          [-1.088, -1.450,  0.859,  0.733], 
          [-1.316, -1.222,  1.356,  0.852], 
          [-1.370, -1.286,  1.100,  0.755], 
          [-1.351, -1.350,  0.911,  0.608], 
          [-1.166, -1.296,  0.827,  0.759], 
          [-1.069, -1.333,  0.824,  0.759], 
          [-1.043, -1.356,  0.449,  0.844], 
          [-1.017, -1.399,  0.095,  0.826], 
          [-1.258, -1.254,  0.830,  0.729], 
          [-1.266, -1.289,  0.448,  0.795], 
          [-1.294, -1.335,  0.080,  0.849], 
          [-1.059, -1.174,  1.540,  0.771], 
          [-1.127, -1.146,  1.546,  0.880], 
          [-1.062, -1.272,  1.534,  0.818], 
          [-1.207, -1.198,  1.547,  0.875], 
          [-1.243, -1.179,  0.036,  0.736], 
          [-1.299, -1.190,  0.040,  0.743], 
          [-1.305, -1.368,  0.038,  0.700], 
          [-0.892, -1.291,  0.049,  0.725], 
          [-0.873, -1.326,  0.064,  0.732], 
          [-1.038, -1.419,  0.052,  0.752]
        ]
    },
    {
        "id": 2,
        "keypoints3d": [
          [ 1.039, -1.322,  1.582,  0.883], 
          [ 1.135, -1.405,  1.387,  0.860], 
          [ 1.251, -1.290,  1.392,  0.813], 
          [ 1.140, -1.166,  1.182,  0.865], 
          [ 0.972, -1.362,  1.192,  0.798], 
          [ 1.003, -1.522,  1.381,  0.820], 
          [ 0.919, -1.450,  1.141,  0.853], 
          [ 1.067, -1.261,  1.173,  0.764], 
          [ 1.089, -1.362,  0.862,  0.731], 
          [ 1.153, -1.286,  0.868,  0.713], 
          [ 1.173, -1.311,  0.479,  0.751], 
          [ 1.232, -1.355,  0.092,  0.754], 
          [ 1.025, -1.436,  0.861,  0.723], 
          [ 1.039, -1.442,  0.480,  0.731], 
          [ 1.073, -1.471,  0.105,  0.753], 
          [ 1.078, -1.302,  1.616,  0.916], 
          [ 1.021, -1.356,  1.608,  0.873], 
          [ 1.175, -1.323,  1.605,  0.905], 
          [ 1.049, -1.455,  1.585,  0.860], 
          [ 0.982, -1.358,  0.058,  0.688], 
          [ 0.961, -1.431,  0.059,  0.697], 
          [ 1.110, -1.482,  0.056,  0.667], 
          [ 1.119, -1.240,  0.047,  0.717], 
          [ 1.183, -1.226,  0.043,  0.719], 
          [ 1.248, -1.389,  0.048,  0.614]
        ]
    },
    {
        "id": 4,
        "keypoints3d": [
          [ 1.017,  1.117,  1.608,  0.846], 
          [ 1.189,  1.164,  1.412,  0.862], 
          [ 1.159,  1.321,  1.424,  0.826], 
          [ 1.196,  1.385,  1.151,  0.879], 
          [ 1.151,  1.403,  0.911,  0.853], 
          [ 1.211,  1.011,  1.409,  0.833], 
          [ 1.202,  0.963,  1.126,  0.843], 
          [ 1.097,  0.962,  0.907,  0.863], 
          [ 1.148,  1.183,  0.866,  0.732], 
          [ 1.157,  1.278,  0.865,  0.711], 
          [ 1.169,  1.269,  0.475,  0.838], 
          [ 1.252,  1.255,  0.092,  0.834], 
          [ 1.159,  1.086,  0.873,  0.717], 
          [ 1.107,  1.053,  0.514,  0.802], 
          [ 1.138,  1.096,  0.124,  0.753], 
          [ 1.026,  1.154,  1.649,  0.797], 
          [ 1.052,  1.079,  1.648,  0.872], 
          [ 1.094,  1.205,  1.636,  0.851], 
          [ 1.151,  1.083,  1.638,  0.806], 
          [ 1.027,  0.979,  0.049,  0.777], 
          [ 1.072,  0.965,  0.041,  0.804], 
          [ 1.156,  1.124,  0.070,  0.695], 
          [ 1.107,  1.223,  0.013,  0.715], 
          [ 1.113,  1.275,  0.026,  0.846], 
          [ 1.298,  1.258,  0.034,  0.699]
        ]
    },
    {
        "id": 6,
        "keypoints3d": [
          [-0.363,  0.084,  1.016,  0.917], 
          [-0.352,  0.148,  0.792,  0.851], 
          [-0.485,  0.073,  0.781,  0.832], 
          [-0.525, -0.038,  0.573,  0.724], 
          [-0.417, -0.187,  0.623,  0.830], 
          [-0.217,  0.229,  0.803,  0.790], 
          [-0.000,  0.259,  0.719,  0.824], 
          [ 0.072,  0.076,  0.656,  0.818], 
          [-0.160, -0.055,  0.432,  0.721], 
          [-0.251, -0.125,  0.436,  0.702], 
          [ 0.008, -0.443,  0.364,  0.727], 
          [ 0.205, -0.745,  0.222,  0.822], 
          [-0.065, -0.003,  0.436,  0.712], 
          [ 0.216, -0.260,  0.423,  0.730], 
          [ 0.439, -0.487,  0.216,  0.822], 
          [-0.405,  0.080,  1.042,  0.799], 
          [-0.350,  0.133,  1.044,  0.882], 
          [-0.483,  0.135,  0.973,  0.822], 
          [-0.319,  0.212,  1.003,  0.950], 
          [ 0.569, -0.590,  0.275,  0.656], 
          [ 0.565, -0.545,  0.258,  0.686], 
          [ 0.433, -0.496,  0.155,  0.670], 
          [ 0.240, -0.836,  0.284,  0.719], 
          [ 0.198, -0.837,  0.256,  0.713], 
          [ 0.220, -0.748,  0.186,  0.684]
        ]
    }
]
