[
    {
        "id": 0,
        "keypoints3d": [
          [ 1.037, -1.314,  1.579,  0.880], 
          [ 1.136, -1.405,  1.387,  0.861], 
          [ 1.249, -1.287,  1.390,  0.816], 
          [ 1.142, -1.167,  1.179,  0.789], 
          [ 0.973, -1.363,  1.191,  0.797], 
          [ 1.003, -1.519,  1.380,  0.817], 
          [ 0.917, -1.448,  1.142,  0.856], 
          [ 1.071, -1.259,  1.171,  0.769], 
          [ 1.088, -1.361,  0.857,  0.723], 
          [ 1.152, -1.282,  0.863,  0.711], 
          [ 1.172, -1.311,  0.472,  0.786], 
          [ 1.236, -1.352,  0.086,  0.778], 
          [ 1.022, -1.438,  0.861,  0.708], 
          [ 1.038, -1.443,  0.471,  0.691], 
          [ 1.072, -1.470,  0.102,  0.843], 
          [ 1.076, -1.295,  1.616,  0.803], 
          [ 1.020, -1.359,  1.608,  0.873], 
          [ 1.173, -1.324,  1.608,  0.839], 
          [ 1.047, -1.452,  1.586,  0.855], 
          [ 0.987, -1.360,  0.057,  0.687], 
          [ 0.964, -1.436,  0.056,  0.710], 
          [ 1.108, -1.484,  0.054,  0.680], 
          [ 1.122, -1.244,  0.049,  0.711], 
          [ 1.187, -1.230,  0.043,  0.715], 
          [ 1.248, -1.383,  0.047,  0.688]
        ]
    },
    {
        "id": 2,
        "keypoints3d": [
          [-0.917, -1.191,  1.505,  0.864], 
          [-0.982, -1.335,  1.353,  0.889], 
          [-0.843, -1.392,  1.338,  0.864], 
          [-0.858, -1.466,  1.065,  0.774], 
          [-0.937, -1.491,  0.874,  0.784], 
          [-1.135, -1.270,  1.373,  0.863], 
          [-1.198, -1.349,  1.122,  0.760], 
          [-1.137, -1.436,  0.911,  0.756], 
          [-1.026, -1.335,  0.832,  0.761], 
          [-0.926, -1.369,  0.820,  0.745], 
          [-0.957, -1.393,  0.447,  0.798], 
          [-1.002, -1.397,  0.101,  0.834], 
          [-1.115, -1.297,  0.841,  0.750], 
          [-1.150, -1.274,  0.474,  0.790], 
          [-1.238, -1.319,  0.093,  0.794], 
          [-0.890, -1.205,  1.536,  0.870], 
          [-0.947, -1.179,  1.550,  0.862], 
          [-0.854, -1.297,  1.526,  0.687], 
          [-1.008, -1.255,  1.556,  0.714], 
          [-1.216, -1.164,  0.043,  0.741], 
          [-1.264, -1.188,  0.051,  0.766], 
          [-1.261, -1.366,  0.051,  0.723], 
          [-0.900, -1.276,  0.056,  0.765], 
          [-0.883, -1.333,  0.070,  0.687], 
          [-1.031, -1.419,  0.059,  0.744]
        ]
    },
    {
        "id": 4,
        "keypoints3d": [
          [ 0.934,  0.941,  1.614,  0.858], 
          [ 1.060,  1.077,  1.416,  0.847], 
          [ 0.939,  1.186,  1.439,  0.828], 
          [ 0.931,  1.295,  1.178,  0.857], 
          [ 0.893,  1.323,  0.939,  0.885], 
          [ 1.171,  0.961,  1.402,  0.836], 
          [ 1.218,  0.946,  1.116,  0.833], 
          [ 1.129,  0.907,  0.884,  0.833], 
          [ 1.026,  1.137,  0.872,  0.724], 
          [ 0.945,  1.202,  0.890,  0.708], 
          [ 0.895,  1.182,  0.508,  0.790], 
          [ 0.891,  1.258,  0.106,  0.755], 
          [ 1.111,  1.079,  0.864,  0.720], 
          [ 1.124,  1.104,  0.479,  0.799], 
          [ 1.118,  1.117,  0.092,  0.798], 
          [ 0.926,  0.974,  1.663,  0.838], 
          [ 0.988,  0.932,  1.643,  0.832], 
          [ 0.962,  1.071,  1.646,  0.880], 
          [ 1.081,  0.965,  1.636,  0.736], 
          [ 1.043,  0.963,  0.052,  0.780], 
          [ 1.120,  0.981,  0.039,  0.689], 
          [ 1.118,  1.155,  0.058,  0.619], 
          [ 0.783,  1.121,  0.062,  0.738], 
          [ 0.760,  1.180,  0.060,  0.738], 
          [ 0.916,  1.285,  0.058,  0.751]
        ]
    },
    {
        "id": 6,
        "keypoints3d": [
          [-0.293,  0.157,  1.014,  0.870], 
          [-0.249,  0.228,  0.783,  0.821], 
          [-0.404,  0.235,  0.769,  0.819], 
          [-0.512,  0.168,  0.575,  0.768], 
          [-0.497, -0.029,  0.616,  0.799], 
          [-0.095,  0.228,  0.817,  0.783], 
          [ 0.092,  0.125,  0.715,  0.807], 
          [ 0.054, -0.078,  0.656,  0.831], 
          [-0.180, -0.040,  0.420,  0.729], 
          [-0.294, -0.035,  0.408,  0.686], 
          [-0.327, -0.466,  0.394,  0.830], 
          [-0.347, -0.822,  0.250,  0.785], 
          [-0.082, -0.050,  0.441,  0.694], 
          [-0.034, -0.477,  0.425,  0.711], 
          [-0.028, -0.764,  0.216,  0.773], 
          [-0.333,  0.191,  1.046,  0.748], 
          [-0.261,  0.196,  1.041,  0.897], 
          [-0.380,  0.266,  0.987,  0.745], 
          [-0.203,  0.259,  1.002,  0.912], 
          [ 0.028, -0.913,  0.241,  0.718], 
          [ 0.047, -0.883,  0.245,  0.713], 
          [-0.052, -0.793,  0.193,  0.665], 
          [-0.319, -0.996,  0.324,  0.644], 
          [-0.362, -0.954,  0.305,  0.685], 
          [-0.341, -0.850,  0.216,  0.623]
        ]
    }
]
