[
    {
        "id": 0,
        "keypoints3d": [
          [-0.939, -1.176,  1.509,  0.889], 
          [-0.987, -1.332,  1.349,  0.887], 
          [-0.848, -1.391,  1.343,  0.861], 
          [-0.841, -1.472,  1.086,  0.757], 
          [-0.908, -1.495,  0.884,  0.693], 
          [-1.139, -1.261,  1.351,  0.856], 
          [-1.178, -1.326,  1.087,  0.777], 
          [-1.111, -1.434,  0.868,  0.806], 
          [-0.988, -1.335,  0.829,  0.761], 
          [-0.900, -1.377,  0.817,  0.761], 
          [-0.931, -1.382,  0.444,  0.794], 
          [-1.000, -1.393,  0.095,  0.829], 
          [-1.072, -1.287,  0.835,  0.763], 
          [-1.087, -1.240,  0.472,  0.824], 
          [-1.163, -1.287,  0.101,  0.822], 
          [-0.910, -1.211,  1.540,  0.898], 
          [-0.969, -1.179,  1.547,  0.878], 
          [-0.883, -1.296,  1.537,  0.762], 
          [-1.035, -1.257,  1.548,  0.859], 
          [-1.169, -1.150,  0.047,  0.704], 
          [-1.216, -1.175,  0.047,  0.749], 
          [-1.174, -1.337,  0.059,  0.747], 
          [-0.896, -1.294,  0.061,  0.750], 
          [-0.883, -1.338,  0.065,  0.731], 
          [-1.034, -1.409,  0.056,  0.730]
        ]
    },
    {
        "id": 2,
        "keypoints3d": [
          [ 1.038, -1.316,  1.579,  0.878], 
          [ 1.134, -1.408,  1.386,  0.859], 
          [ 1.250, -1.293,  1.390,  0.819], 
          [ 1.144, -1.173,  1.177,  0.788], 
          [ 0.971, -1.362,  1.189,  0.806], 
          [ 0.997, -1.519,  1.380,  0.822], 
          [ 0.912, -1.444,  1.146,  0.887], 
          [ 1.072, -1.260,  1.174,  0.770], 
          [ 1.091, -1.358,  0.857,  0.727], 
          [ 1.155, -1.281,  0.862,  0.716], 
          [ 1.179, -1.308,  0.470,  0.743], 
          [ 1.238, -1.349,  0.087,  0.743], 
          [ 1.023, -1.434,  0.862,  0.709], 
          [ 1.040, -1.442,  0.469,  0.724], 
          [ 1.068, -1.470,  0.096,  0.837], 
          [ 1.073, -1.312,  1.624,  0.822], 
          [ 1.018, -1.357,  1.606,  0.868], 
          [ 1.173, -1.323,  1.609,  0.839], 
          [ 1.047, -1.452,  1.589,  0.859], 
          [ 0.975, -1.364,  0.058,  0.654], 
          [ 0.958, -1.444,  0.054,  0.670], 
          [ 1.097, -1.486,  0.056,  0.649], 
          [ 1.113, -1.244,  0.053,  0.712], 
          [ 1.176, -1.218,  0.052,  0.802], 
          [ 1.249, -1.386,  0.041,  0.673]
        ]
    },
    {
        "id": 4,
        "keypoints3d": [
          [ 0.764,  0.970,  1.600,  0.860], 
          [ 0.862,  1.119,  1.412,  0.903], 
          [ 0.712,  1.178,  1.420,  0.854], 
          [ 0.666,  1.248,  1.148,  0.852], 
          [ 0.639,  1.235,  0.892,  0.832], 
          [ 1.022,  1.077,  1.410,  0.841], 
          [ 1.071,  1.067,  1.128,  0.763], 
          [ 1.044,  0.993,  0.900,  0.831], 
          [ 0.865,  1.125,  0.852,  0.765], 
          [ 0.757,  1.147,  0.857,  0.758], 
          [ 0.728,  1.130,  0.481,  0.793], 
          [ 0.633,  1.203,  0.107,  0.843], 
          [ 0.967,  1.099,  0.843,  0.729], 
          [ 1.034,  1.093,  0.470,  0.784], 
          [ 1.109,  1.115,  0.094,  0.826], 
          [ 0.733,  1.003,  1.636,  0.736], 
          [ 0.805,  0.984,  1.634,  0.759], 
          [ 0.741,  1.096,  1.636,  0.860], 
          [ 0.892,  1.014,  1.630,  0.850], 
          [ 1.041,  0.977,  0.045,  0.628], 
          [ 1.106,  0.983,  0.048,  0.629], 
          [ 1.123,  1.134,  0.068,  0.701], 
          [ 0.718,  1.096,  0.044,  0.662], 
          [ 0.666,  1.110,  0.034,  0.708], 
          [ 0.615,  1.238,  0.066,  0.766]
        ]
    },
    {
        "id": 6,
        "keypoints3d": [
          [-0.242,  0.180,  1.026,  0.818], 
          [-0.186,  0.222,  0.792,  0.826], 
          [-0.319,  0.306,  0.778,  0.774], 
          [-0.453,  0.289,  0.577,  0.783], 
          [-0.505,  0.093,  0.617,  0.735], 
          [-0.050,  0.152,  0.819,  0.782], 
          [ 0.112,  0.003,  0.730,  0.820], 
          [-0.009, -0.158,  0.654,  0.799], 
          [-0.247, -0.047,  0.436,  0.675], 
          [-0.343,  0.010,  0.421,  0.614], 
          [-0.499, -0.369,  0.426,  0.785], 
          [-0.654, -0.711,  0.283,  0.761], 
          [-0.153, -0.097,  0.451,  0.686], 
          [-0.273, -0.506,  0.450,  0.857], 
          [-0.417, -0.654,  0.134,  0.768], 
          [-0.259,  0.216,  1.036,  0.872], 
          [-0.194,  0.205,  1.042,  0.857], 
          [-0.254,  0.297,  0.991,  0.844], 
          [-0.125,  0.252,  0.998,  0.706], 
          [-0.428, -0.762,  0.128,  0.661], 
          [-0.380, -0.748,  0.119,  0.693], 
          [-0.440, -0.642,  0.093,  0.617], 
          [-0.722, -0.820,  0.368,  0.576], 
          [-0.727, -0.786,  0.341,  0.628], 
          [-0.663, -0.739,  0.251,  0.657]
        ]
    }
]
