[
    {
        "id": 0,
        "keypoints3d": [
          [-1.098, -1.153,  1.505,  0.813], 
          [-1.178, -1.289,  1.352,  0.892], 
          [-1.029, -1.367,  1.345,  0.856], 
          [-1.013, -1.429,  1.075,  0.795], 
          [-1.088, -1.449,  0.867,  0.646], 
          [-1.321, -1.222,  1.356,  0.846], 
          [-1.382, -1.285,  1.103,  0.755], 
          [-1.347, -1.352,  0.905,  0.589], 
          [-1.172, -1.297,  0.827,  0.757], 
          [-1.072, -1.334,  0.824,  0.760], 
          [-1.042, -1.355,  0.448,  0.842], 
          [-1.015, -1.397,  0.095,  0.824], 
          [-1.264, -1.254,  0.828,  0.727], 
          [-1.271, -1.289,  0.448,  0.795], 
          [-1.294, -1.335,  0.080,  0.849], 
          [-1.072, -1.175,  1.539,  0.725], 
          [-1.131, -1.145,  1.542,  0.878], 
          [-1.062, -1.272,  1.534,  0.818], 
          [-1.211, -1.200,  1.549,  0.874], 
          [-1.244, -1.179,  0.033,  0.735], 
          [-1.300, -1.190,  0.040,  0.747], 
          [-1.302, -1.369,  0.038,  0.695], 
          [-0.891, -1.292,  0.051,  0.725], 
          [-0.873, -1.326,  0.064,  0.733], 
          [-1.038, -1.419,  0.052,  0.752]
        ]
    },
    {
        "id": 2,
        "keypoints3d": [
          [ 1.039, -1.322,  1.582,  0.882], 
          [ 1.135, -1.406,  1.389,  0.860], 
          [ 1.251, -1.290,  1.392,  0.813], 
          [ 1.139, -1.166,  1.182,  0.867], 
          [ 0.972, -1.362,  1.194,  0.801], 
          [ 1.003, -1.522,  1.381,  0.821], 
          [ 0.917, -1.450,  1.141,  0.853], 
          [ 1.073, -1.258,  1.173,  0.765], 
          [ 1.089, -1.362,  0.862,  0.731], 
          [ 1.153, -1.286,  0.868,  0.713], 
          [ 1.174, -1.311,  0.480,  0.753], 
          [ 1.232, -1.356,  0.093,  0.768], 
          [ 1.022, -1.438,  0.861,  0.722], 
          [ 1.039, -1.442,  0.480,  0.733], 
          [ 1.073, -1.471,  0.105,  0.769], 
          [ 1.078, -1.302,  1.616,  0.914], 
          [ 1.020, -1.359,  1.608,  0.872], 
          [ 1.175, -1.323,  1.605,  0.908], 
          [ 1.049, -1.455,  1.585,  0.854], 
          [ 0.978, -1.359,  0.058,  0.687], 
          [ 0.961, -1.431,  0.059,  0.697], 
          [ 1.110, -1.481,  0.053,  0.667], 
          [ 1.119, -1.240,  0.047,  0.718], 
          [ 1.183, -1.226,  0.043,  0.720], 
          [ 1.247, -1.390,  0.048,  0.624]
        ]
    },
    {
        "id": 4,
        "keypoints3d": [
          [ 1.020,  1.121,  1.608,  0.838], 
          [ 1.193,  1.167,  1.413,  0.863], 
          [ 1.164,  1.329,  1.424,  0.825], 
          [ 1.202,  1.388,  1.151,  0.868], 
          [ 1.156,  1.408,  0.911,  0.852], 
          [ 1.214,  1.013,  1.412,  0.833], 
          [ 1.204,  0.961,  1.130,  0.843], 
          [ 1.100,  0.966,  0.907,  0.862], 
          [ 1.150,  1.187,  0.865,  0.735], 
          [ 1.160,  1.282,  0.865,  0.711], 
          [ 1.170,  1.270,  0.474,  0.839], 
          [ 1.252,  1.255,  0.092,  0.836], 
          [ 1.160,  1.089,  0.872,  0.718], 
          [ 1.106,  1.053,  0.513,  0.802], 
          [ 1.139,  1.096,  0.123,  0.754], 
          [ 1.036,  1.165,  1.648,  0.801], 
          [ 1.054,  1.083,  1.648,  0.867], 
          [ 1.107,  1.219,  1.638,  0.859], 
          [ 1.151,  1.083,  1.638,  0.806], 
          [ 1.028,  0.983,  0.046,  0.774], 
          [ 1.073,  0.969,  0.036,  0.802], 
          [ 1.157,  1.127,  0.069,  0.701], 
          [ 1.115,  1.227,  0.011,  0.725], 
          [ 1.116,  1.279,  0.027,  0.861], 
          [ 1.295,  1.251,  0.035,  0.701]
        ]
    },
    {
        "id": 6,
        "keypoints3d": [
          [-0.363,  0.084,  1.016,  0.917], 
          [-0.352,  0.148,  0.792,  0.851], 
          [-0.485,  0.073,  0.781,  0.832], 
          [-0.525, -0.038,  0.573,  0.724], 
          [-0.417, -0.187,  0.623,  0.830], 
          [-0.217,  0.229,  0.803,  0.790], 
          [-0.000,  0.259,  0.719,  0.824], 
          [ 0.072,  0.076,  0.656,  0.818], 
          [-0.160, -0.055,  0.432,  0.721], 
          [-0.251, -0.125,  0.436,  0.702], 
          [ 0.008, -0.443,  0.364,  0.727], 
          [ 0.205, -0.745,  0.222,  0.822], 
          [-0.065, -0.003,  0.436,  0.712], 
          [ 0.216, -0.260,  0.423,  0.730], 
          [ 0.439, -0.487,  0.216,  0.822], 
          [-0.405,  0.080,  1.042,  0.799], 
          [-0.350,  0.133,  1.044,  0.882], 
          [-0.483,  0.135,  0.973,  0.822], 
          [-0.319,  0.212,  1.003,  0.950], 
          [ 0.569, -0.590,  0.275,  0.656], 
          [ 0.565, -0.545,  0.258,  0.686], 
          [ 0.433, -0.496,  0.155,  0.670], 
          [ 0.240, -0.836,  0.284,  0.719], 
          [ 0.198, -0.837,  0.256,  0.713], 
          [ 0.220, -0.748,  0.186,  0.684]
        ]
    }
]
