[
    {
        "id": 0,
        "keypoints3d": [
          [ 1.036, -1.334,  1.584,  0.892], 
          [ 1.133, -1.411,  1.389,  0.856], 
          [ 1.249, -1.298,  1.393,  0.814], 
          [ 1.140, -1.169,  1.180,  0.815], 
          [ 0.968, -1.357,  1.189,  0.817], 
          [ 1.000, -1.525,  1.380,  0.816], 
          [ 0.911, -1.450,  1.143,  0.848], 
          [ 1.063, -1.259,  1.175,  0.753], 
          [ 1.093, -1.358,  0.860,  0.736], 
          [ 1.155, -1.289,  0.867,  0.721], 
          [ 1.173, -1.309,  0.480,  0.760], 
          [ 1.239, -1.353,  0.088,  0.796], 
          [ 1.026, -1.437,  0.861,  0.725], 
          [ 1.041, -1.438,  0.478,  0.748], 
          [ 1.073, -1.473,  0.102,  0.833], 
          [ 1.075, -1.320,  1.627,  0.880], 
          [ 1.020, -1.377,  1.616,  0.844], 
          [ 1.180, -1.305,  1.610,  0.863], 
          [ 1.061, -1.475,  1.590,  0.848], 
          [ 0.983, -1.362,  0.064,  0.652], 
          [ 0.968, -1.436,  0.060,  0.676], 
          [ 1.103, -1.487,  0.052,  0.661], 
          [ 1.129, -1.250,  0.049,  0.704], 
          [ 1.188, -1.228,  0.052,  0.723], 
          [ 1.245, -1.388,  0.045,  0.662]
        ]
    },
    {
        "id": 2,
        "keypoints3d": [
          [-1.197, -1.126,  1.506,  0.866], 
          [-1.281, -1.271,  1.346,  0.872], 
          [-1.125, -1.322,  1.351,  0.857], 
          [-1.112, -1.398,  1.082,  0.802], 
          [-1.186, -1.435,  0.861,  0.726], 
          [-1.424, -1.215,  1.339,  0.844], 
          [-1.478, -1.292,  1.073,  0.745], 
          [-1.437, -1.376,  0.862,  0.648], 
          [-1.256, -1.278,  0.812,  0.767], 
          [-1.164, -1.308,  0.822,  0.744], 
          [-1.094, -1.274,  0.469,  0.839], 
          [-1.097, -1.363,  0.097,  0.763], 
          [-1.350, -1.253,  0.809,  0.735], 
          [-1.340, -1.282,  0.431,  0.800], 
          [-1.303, -1.338,  0.087,  0.845], 
          [-1.188, -1.134,  1.533,  0.788], 
          [-1.254, -1.117,  1.539,  0.771], 
          [-1.198, -1.246,  1.536,  0.735], 
          [-1.329, -1.167,  1.526,  0.871], 
          [-1.248, -1.179,  0.035,  0.783], 
          [-1.307, -1.198,  0.040,  0.788], 
          [-1.303, -1.373,  0.042,  0.688], 
          [-0.980, -1.240,  0.069,  0.774], 
          [-0.965, -1.300,  0.074,  0.764], 
          [-1.134, -1.390,  0.048,  0.763]
        ]
    },
    {
        "id": 4,
        "keypoints3d": [
          [ 1.040,  1.193,  1.602,  0.800], 
          [ 1.198,  1.167,  1.414,  0.837], 
          [ 1.244,  1.320,  1.420,  0.814], 
          [ 1.322,  1.340,  1.156,  0.825], 
          [ 1.309,  1.348,  0.903,  0.823], 
          [ 1.149,  1.015,  1.426,  0.793], 
          [ 1.130,  0.973,  1.155,  0.841], 
          [ 1.043,  1.040,  0.923,  0.812], 
          [ 1.171,  1.166,  0.880,  0.703], 
          [ 1.205,  1.257,  0.874,  0.695], 
          [ 1.190,  1.255,  0.478,  0.788], 
          [ 1.254,  1.239,  0.079,  0.743], 
          [ 1.144,  1.070,  0.888,  0.700], 
          [ 1.156,  1.040,  0.506,  0.817], 
          [ 1.215,  1.009,  0.103,  0.848], 
          [ 1.050,  1.231,  1.642,  0.867], 
          [ 1.048,  1.169,  1.645,  0.799], 
          [ 1.136,  1.268,  1.638,  0.736], 
          [ 1.121,  1.111,  1.637,  0.811], 
          [ 1.065,  1.039,  0.059,  0.762], 
          [ 1.095,  0.982,  0.047,  0.772], 
          [ 1.261,  1.021,  0.059,  0.735], 
          [ 1.091,  1.251,  0.034,  0.720], 
          [ 1.128,  1.293,  0.028,  0.698], 
          [ 1.300,  1.231,  0.032,  0.661]
        ]
    },
    {
        "id": 6,
        "keypoints3d": [
          [-0.358,  0.017,  1.006,  0.908], 
          [-0.402,  0.066,  0.782,  0.815], 
          [-0.464, -0.071,  0.766,  0.770], 
          [-0.458, -0.163,  0.557,  0.856], 
          [-0.271, -0.255,  0.606,  0.860], 
          [-0.331,  0.198,  0.812,  0.837], 
          [-0.167,  0.344,  0.704,  0.862], 
          [ 0.010,  0.202,  0.652,  0.821], 
          [-0.128, -0.036,  0.439,  0.702], 
          [-0.152, -0.128,  0.427,  0.656], 
          [ 0.239, -0.297,  0.371,  0.813], 
          [ 0.503, -0.357,  0.107,  0.795], 
          [-0.089,  0.079,  0.449,  0.722], 
          [ 0.309, -0.046,  0.436,  0.826], 
          [ 0.617, -0.128,  0.239,  0.773], 
          [-0.408, -0.019,  1.032,  0.870], 
          [-0.372,  0.056,  1.040,  0.844], 
          [-0.474, -0.195,  1.028,  0.816], 
          [-0.398,  0.140,  0.991,  0.775], 
          [ 0.779, -0.150,  0.321,  0.721], 
          [ 0.762, -0.114,  0.304,  0.699], 
          [ 0.639, -0.158,  0.199,  0.660], 
          [ 0.627, -0.374,  0.158,  0.730], 
          [ 0.597, -0.420,  0.150,  0.711], 
          [ 0.506, -0.348,  0.074,  0.640]
        ]
    }
]
