[
    {
        "id": 0,
        "keypoints3d": [
          [ 1.037, -1.326,  1.581,  0.883], 
          [ 1.134, -1.405,  1.389,  0.861], 
          [ 1.250, -1.289,  1.392,  0.813], 
          [ 1.135, -1.163,  1.181,  0.869], 
          [ 0.970, -1.357,  1.194,  0.810], 
          [ 1.003, -1.522,  1.381,  0.824], 
          [ 0.916, -1.449,  1.144,  0.853], 
          [ 1.067, -1.250,  1.175,  0.763], 
          [ 1.089, -1.362,  0.859,  0.737], 
          [ 1.155, -1.287,  0.867,  0.720], 
          [ 1.170, -1.309,  0.483,  0.756], 
          [ 1.238, -1.353,  0.091,  0.755], 
          [ 1.023, -1.440,  0.860,  0.724], 
          [ 1.045, -1.441,  0.479,  0.740], 
          [ 1.072, -1.466,  0.103,  0.769], 
          [ 1.077, -1.322,  1.627,  0.817], 
          [ 1.022, -1.361,  1.607,  0.869], 
          [ 1.175, -1.324,  1.605,  0.906], 
          [ 1.051, -1.461,  1.590,  0.842], 
          [ 0.978, -1.368,  0.060,  0.696], 
          [ 0.962, -1.432,  0.063,  0.712], 
          [ 1.109, -1.485,  0.053,  0.675], 
          [ 1.116, -1.227,  0.050,  0.725], 
          [ 1.183, -1.225,  0.040,  0.725], 
          [ 1.251, -1.386,  0.048,  0.631]
        ]
    },
    {
        "id": 2,
        "keypoints3d": [
          [ 1.034,  1.157,  1.605,  0.818], 
          [ 1.200,  1.177,  1.414,  0.873], 
          [ 1.190,  1.348,  1.421,  0.823], 
          [ 1.229,  1.401,  1.145,  0.857], 
          [ 1.186,  1.419,  0.903,  0.874], 
          [ 1.201,  1.025,  1.411,  0.824], 
          [ 1.194,  0.973,  1.135,  0.842], 
          [ 1.091,  0.999,  0.915,  0.871], 
          [ 1.166,  1.197,  0.869,  0.729], 
          [ 1.180,  1.295,  0.865,  0.715], 
          [ 1.174,  1.276,  0.474,  0.843], 
          [ 1.255,  1.264,  0.098,  0.851], 
          [ 1.172,  1.096,  0.875,  0.731], 
          [ 1.101,  1.047,  0.521,  0.818], 
          [ 1.151,  1.075,  0.135,  0.747], 
          [ 1.043,  1.180,  1.640,  0.797], 
          [ 1.057,  1.113,  1.646,  0.838], 
          [ 1.113,  1.242,  1.638,  0.757], 
          [ 1.142,  1.099,  1.634,  0.858], 
          [ 1.020,  0.986,  0.054,  0.806], 
          [ 1.067,  0.950,  0.039,  0.794], 
          [ 1.195,  1.097,  0.080,  0.791], 
          [ 1.087,  1.244,  0.039,  0.687], 
          [ 1.113,  1.287,  0.038,  0.679], 
          [ 1.310,  1.252,  0.048,  0.731]
        ]
    },
    {
        "id": 4,
        "keypoints3d": [
          [-1.123, -1.145,  1.494,  0.837], 
          [-1.207, -1.294,  1.344,  0.889], 
          [-1.066, -1.354,  1.342,  0.846], 
          [-1.069, -1.421,  1.068,  0.779], 
          [-1.105, -1.452,  0.858,  0.686], 
          [-1.356, -1.215,  1.349,  0.827], 
          [-1.412, -1.285,  1.093,  0.764], 
          [-1.341, -1.385,  0.883,  0.583], 
          [-1.200, -1.300,  0.825,  0.756], 
          [-1.101, -1.322,  0.821,  0.753], 
          [-1.035, -1.326,  0.468,  0.830], 
          [-1.020, -1.382,  0.110,  0.804], 
          [-1.305, -1.268,  0.826,  0.719], 
          [-1.304, -1.295,  0.447,  0.797], 
          [-1.292, -1.343,  0.077,  0.768], 
          [-1.104, -1.178,  1.525,  0.801], 
          [-1.168, -1.138,  1.537,  0.885], 
          [-1.102, -1.269,  1.528,  0.795], 
          [-1.236, -1.195,  1.533,  0.871], 
          [-1.245, -1.176,  0.042,  0.786], 
          [-1.304, -1.193,  0.047,  0.813], 
          [-1.291, -1.382,  0.034,  0.698], 
          [-0.893, -1.282,  0.051,  0.714], 
          [-0.880, -1.319,  0.071,  0.663], 
          [-1.045, -1.416,  0.057,  0.727]
        ]
    },
    {
        "id": 6,
        "keypoints3d": [
          [-0.370,  0.077,  1.015,  0.927], 
          [-0.362,  0.131,  0.793,  0.859], 
          [-0.501,  0.044,  0.779,  0.861], 
          [-0.515, -0.044,  0.560,  0.823], 
          [-0.384, -0.183,  0.607,  0.820], 
          [-0.225,  0.218,  0.812,  0.841], 
          [-0.019,  0.265,  0.720,  0.806], 
          [ 0.061,  0.096,  0.653,  0.805], 
          [-0.130, -0.074,  0.466,  0.734], 
          [-0.226, -0.137,  0.454,  0.734], 
          [ 0.050, -0.413,  0.361,  0.692], 
          [ 0.280, -0.668,  0.213,  0.812], 
          [-0.050, -0.017,  0.464,  0.728], 
          [ 0.247, -0.208,  0.416,  0.775], 
          [ 0.505, -0.426,  0.225,  0.817], 
          [-0.408,  0.070,  1.039,  0.812], 
          [-0.359,  0.126,  1.044,  0.870], 
          [-0.490,  0.120,  0.967,  0.864], 
          [-0.334,  0.212,  0.998,  0.951], 
          [ 0.620, -0.510,  0.293,  0.709], 
          [ 0.616, -0.475,  0.269,  0.706], 
          [ 0.500, -0.432,  0.172,  0.707], 
          [ 0.343, -0.791,  0.301,  0.709], 
          [ 0.309, -0.796,  0.272,  0.688], 
          [ 0.313, -0.658,  0.176,  0.686]
        ]
    }
]
