{
    "filename": "images/1/002545.jpg",
    "height": 360,
    "width": 640,
    "annots": [
        {
            "bbox": [
                169.3912,
                69.94798000000002,
                243.3688,
                246.05782,
                0.8145475000000001
            ],
            "personID": 0,
            "keypoints": [
                [
                    191.287,
                    89.5328,
                    0.970799
                ],
                [
                    188.327,
                    106.181,
                    0.882879
                ],
                [
                    175.605,
                    113.951,
                    0.929821
                ],
                [
                    175.556,
                    141.343,
                    0.805131
                ],
                [
                    183.394,
                    153.133,
                    0.497386
                ],
                [
                    200.084,
                    99.3126,
                    0.90667
                ],
                [
                    206.913,
                    122.801,
                    0.538633
                ],
                [
                    214.703,
                    145.304,
                    0.352376
                ],
                [
                    200.095,
                    156.031,
                    0.791444
                ],
                [
                    192.232,
                    159.929,
                    0.819737
                ],
                [
                    200.099,
                    192.239,
                    0.880827
                ],
                [
                    208.875,
                    222.527,
                    0.899159
                ],
                [
                    208.874,
                    153.084,
                    0.789107
                ],
                [
                    222.573,
                    183.423,
                    0.920659
                ],
                [
                    222.579,
                    208.871,
                    0.894948
                ],
                [
                    186.343,
                    88.5421,
                    0.881627
                ],
                [
                    192.226,
                    84.6238,
                    0.9067
                ],
                [
                    177.587,
                    91.4777,
                    0.883552
                ],
                [
                    0.0,
                    0.0,
                    0.0
                ],
                [
                    237.204,
                    214.74,
                    0.839185
                ],
                [
                    236.256,
                    212.785,
                    0.808267
                ],
                [
                    219.622,
                    213.758,
                    0.773373
                ],
                [
                    217.656,
                    231.332,
                    0.889219
                ],
                [
                    212.744,
                    231.382,
                    0.86808
                ],
                [
                    209.82,
                    223.535,
                    0.819561
                ]
            ],
            "isKeyframe": false
        },
        {
            "bbox": [
                445.6771,
                66.84527,
                503.1799,
                280.43843000000004,
                0.7387919583333332
            ],
            "personID": 1,
            "keypoints": [
                [
                    460.259,
                    89.5568,
                    0.88848
                ],
                [
                    480.75,
                    112.979,
                    0.893637
                ],
                [
                    466.17,
                    108.098,
                    0.799747
                ],
                [
                    466.138,
                    137.477,
                    0.17964
                ],
                [
                    458.3,
                    155.07,
                    0.082086
                ],
                [
                    490.599,
                    115.92,
                    0.8124
                ],
                [
                    498.388,
                    149.204,
                    0.859368
                ],
                [
                    489.653,
                    179.515,
                    0.85265
                ],
                [
                    472.953,
                    171.697,
                    0.772117
                ],
                [
                    465.095,
                    169.715,
                    0.749222
                ],
                [
                    466.16,
                    205.891,
                    0.810797
                ],
                [
                    466.109,
                    231.326,
                    0.90446
                ],
                [
                    480.816,
                    174.616,
                    0.778073
                ],
                [
                    481.801,
                    214.683,
                    0.832965
                ],
                [
                    480.789,
                    247.054,
                    0.884987
                ],
                [
                    459.268,
                    84.6447,
                    0.200587
                ],
                [
                    465.127,
                    86.5894,
                    0.890318
                ],
                [
                    0.0,
                    0.0,
                    0.0
                ],
                [
                    476.89,
                    88.5309,
                    0.8671
                ],
                [
                    471.996,
                    262.634,
                    0.848004
                ],
                [
                    477.853,
                    262.639,
                    0.843653
                ],
                [
                    480.798,
                    250.924,
                    0.72688
                ],
                [
                    450.469,
                    235.283,
                    0.745813
                ],
                [
                    451.469,
                    232.323,
                    0.711114
                ],
                [
                    470.022,
                    234.272,
                    0.796909
                ]
            ],
            "isKeyframe": false
        },
        {
            "bbox": [
                50.99174999999999,
                160.27479999999997,
                137.82075,
                356.2372,
                0.54941741875
            ],
            "personID": 2,
            "keypoints": [
                [
                    75.8046,
                    183.442,
                    0.901796
                ],
                [
                    67.0355,
                    222.518,
                    0.751818
                ],
                [
                    68.0139,
                    231.356,
                    0.778263
                ],
                [
                    112.965,
                    254.809,
                    0.844315
                ],
                [
                    97.3161,
                    232.357,
                    0.613909
                ],
                [
                    67.0544,
                    209.825,
                    0.569766
                ],
                [
                    113.943,
                    253.875,
                    0.0660554
                ],
                [
                    105.153,
                    244.062,
                    0.223044
                ],
                [
                    107.12,
                    289.076,
                    0.447483
                ],
                [
                    108.11,
                    291.982,
                    0.570772
                ],
                [
                    130.585,
                    339.907,
                    0.537384
                ],
                [
                    0.0,
                    0.0,
                    0.0
                ],
                [
                    106.161,
                    288.101,
                    0.328149
                ],
                [
                    122.777,
                    336.023,
                    0.336458
                ],
                [
                    0.0,
                    0.0,
                    0.0
                ],
                [
                    69.9596,
                    182.405,
                    0.818132
                ],
                [
                    73.8545,
                    176.605,
                    0.0578883
                ],
                [
                    58.2275,
                    191.236,
                    0.945446
                ],
                [
                    0.0,
                    0.0,
                    0.0
                ],
                [
                    0.0,
                    0.0,
                    0.0
                ],
                [
                    0.0,
                    0.0,
                    0.0
                ],
                [
                    0.0,
                    0.0,
                    0.0
                ],
                [
                    0.0,
                    0.0,
                    0.0
                ],
                [
                    0.0,
                    0.0,
                    0.0
                ],
                [
                    0.0,
                    0.0,
                    0.0
                ]
            ],
            "isKeyframe": false
        },
        {
            "bbox": [
                298.13290000000006,
                132.57079999999996,
                412.02610000000004,
                285.1412,
                0.7108185217391305
            ],
            "personID": 3,
            "keypoints": [
                [
                    349.726,
                    150.149,
                    0.590923
                ],
                [
                    326.233,
                    172.659,
                    0.797254
                ],
                [
                    323.29,
                    178.535,
                    0.769714
                ],
                [
                    307.624,
                    214.736,
                    0.896447
                ],
                [
                    339.892,
                    222.591,
                    0.891707
                ],
                [
                    332.14,
                    165.815,
                    0.706319
                ],
                [
                    337.005,
                    190.279,
                    0.302256
                ],
                [
                    351.661,
                    186.368,
                    0.574244
                ],
                [
                    346.77,
                    219.625,
                    0.641433
                ],
                [
                    340.911,
                    226.449,
                    0.609045
                ],
                [
                    391.782,
                    216.708,
                    0.802206
                ],
                [
                    379.051,
                    264.621,
                    0.867888
                ],
                [
                    351.674,
                    213.761,
                    0.63802
                ],
                [
                    399.615,
                    207.92,
                    0.84969
                ],
                [
                    386.875,
                    254.837,
                    0.844942
                ],
                [
                    348.71,
                    145.285,
                    0.73728
                ],
                [
                    0.0,
                    0.0,
                    0.0
                ],
                [
                    340.875,
                    150.172,
                    0.867685
                ],
                [
                    0.0,
                    0.0,
                    0.0
                ],
                [
                    402.535,
                    258.754,
                    0.771409
                ],
                [
                    400.565,
                    254.857,
                    0.720853
                ],
                [
                    386.833,
                    256.783,
                    0.291885
                ],
                [
                    396.658,
                    269.503,
                    0.724832
                ],
                [
                    392.763,
                    272.427,
                    0.661765
                ],
                [
                    372.24,
                    269.539,
                    0.791029
                ]
            ],
            "isKeyframe": false
        }
    ],
    "isKeyframe": false
}