{
    "filename": "images/1/002502.jpg",
    "height": 360,
    "width": 640,
    "annots": [
        {
            "bbox": [
                177.9333,
                67.91693000000001,
                243.6777,
                245.16137,
                0.8063028750000001
            ],
            "personID": 0,
            "keypoints": [
                [
                    200.038,
                    87.5649,
                    0.909697
                ],
                [
                    196.141,
                    104.206,
                    0.873997
                ],
                [
                    183.413,
                    108.116,
                    0.8726
                ],
                [
                    183.412,
                    136.451,
                    0.881218
                ],
                [
                    191.26,
                    154.072,
                    0.507271
                ],
                [
                    207.93,
                    98.3161,
                    0.925053
                ],
                [
                    215.746,
                    121.782,
                    0.748772
                ],
                [
                    227.446,
                    121.779,
                    0.115517
                ],
                [
                    206.845,
                    153.101,
                    0.823536
                ],
                [
                    198.061,
                    155.053,
                    0.775057
                ],
                [
                    202.972,
                    190.253,
                    0.834001
                ],
                [
                    208.873,
                    221.539,
                    0.870223
                ],
                [
                    214.721,
                    152.087,
                    0.80679
                ],
                [
                    222.506,
                    182.452,
                    0.865553
                ],
                [
                    224.499,
                    207.924,
                    0.884634
                ],
                [
                    197.11,
                    83.6464,
                    0.879207
                ],
                [
                    201.054,
                    82.6873,
                    0.908602
                ],
                [
                    189.29,
                    86.5915,
                    0.835983
                ],
                [
                    0.0,
                    0.0,
                    0.0
                ],
                [
                    238.199,
                    213.75,
                    0.86322
                ],
                [
                    238.188,
                    209.846,
                    0.811573
                ],
                [
                    222.552,
                    213.735,
                    0.857723
                ],
                [
                    217.652,
                    230.346,
                    0.835956
                ],
                [
                    212.762,
                    230.391,
                    0.819953
                ],
                [
                    208.859,
                    223.492,
                    0.845133
                ]
            ],
            "isKeyframe": false
        },
        {
            "bbox": [
                283.6425,
                128.89569999999998,
                395.2245,
                324.9793,
                0.8229013599999999
            ],
            "personID": 1,
            "keypoints": [
                [
                    333.09,
                    153.143,
                    0.919778
                ],
                [
                    339.895,
                    161.912,
                    0.915007
                ],
                [
                    318.418,
                    162.884,
                    0.849064
                ],
                [
                    303.756,
                    179.525,
                    0.822209
                ],
                [
                    301.832,
                    200.065,
                    0.90152
                ],
                [
                    357.541,
                    160.963,
                    0.877887
                ],
                [
                    385.926,
                    175.61,
                    0.904435
                ],
                [
                    375.141,
                    199.026,
                    0.833288
                ],
                [
                    341.908,
                    214.737,
                    0.823298
                ],
                [
                    331.101,
                    214.716,
                    0.801917
                ],
                [
                    315.483,
                    240.186,
                    0.82677
                ],
                [
                    303.74,
                    277.334,
                    0.862095
                ],
                [
                    355.596,
                    214.751,
                    0.837917
                ],
                [
                    347.739,
                    242.101,
                    0.863025
                ],
                [
                    339.898,
                    291.031,
                    0.828206
                ],
                [
                    329.183,
                    151.15,
                    0.856067
                ],
                [
                    337.954,
                    150.154,
                    0.84462
                ],
                [
                    324.262,
                    148.195,
                    0.361045
                ],
                [
                    342.865,
                    145.236,
                    0.824886
                ],
                [
                    339.925,
                    308.639,
                    0.857945
                ],
                [
                    346.785,
                    306.682,
                    0.820322
                ],
                [
                    334.087,
                    293.01,
                    0.658256
                ],
                [
                    294.975,
                    291.978,
                    0.855546
                ],
                [
                    292.941,
                    286.168,
                    0.863819
                ],
                [
                    307.641,
                    279.297,
                    0.763612
                ]
            ],
            "isKeyframe": false
        },
        {
            "bbox": [
                444.735,
                63.73601000000001,
                502.21500000000003,
                279.68908999999996,
                0.8079332499999999
            ],
            "personID": 2,
            "keypoints": [
                [
                    459.267,
                    87.5431,
                    0.858085
                ],
                [
                    476.872,
                    108.117,
                    0.799994
                ],
                [
                    465.149,
                    105.149,
                    0.855525
                ],
                [
                    466.095,
                    129.661,
                    0.627345
                ],
                [
                    457.355,
                    151.134,
                    0.720529
                ],
                [
                    489.579,
                    113.935,
                    0.868174
                ],
                [
                    497.425,
                    144.324,
                    0.884655
                ],
                [
                    492.537,
                    174.617,
                    0.835622
                ],
                [
                    472.945,
                    168.736,
                    0.805458
                ],
                [
                    465.094,
                    167.757,
                    0.765145
                ],
                [
                    467.106,
                    201.064,
                    0.789008
                ],
                [
                    466.108,
                    230.403,
                    0.888388
                ],
                [
                    480.797,
                    169.733,
                    0.780487
                ],
                [
                    481.784,
                    211.781,
                    0.81061
                ],
                [
                    480.767,
                    247.01,
                    0.878412
                ],
                [
                    458.305,
                    81.7321,
                    0.747447
                ],
                [
                    465.125,
                    82.6541,
                    0.940198
                ],
                [
                    0.0,
                    0.0,
                    0.0
                ],
                [
                    477.853,
                    83.6374,
                    0.867521
                ],
                [
                    472.917,
                    261.693,
                    0.843948
                ],
                [
                    477.866,
                    261.69,
                    0.841067
                ],
                [
                    480.767,
                    248.974,
                    0.735803
                ],
                [
                    449.525,
                    234.291,
                    0.738719
                ],
                [
                    451.438,
                    231.394,
                    0.718345
                ],
                [
                    469.07,
                    233.322,
                    0.789913
                ]
            ],
            "isKeyframe": false
        },
        {
            "bbox": [
                51.015830000000015,
                167.1382,
                137.82947,
                362.05180000000007,
                0.6539093076923077
            ],
            "personID": 3,
            "keypoints": [
                [
                    74.8696,
                    184.425,
                    0.875521
                ],
                [
                    67.018,
                    222.524,
                    0.751544
                ],
                [
                    67.0524,
                    231.343,
                    0.794755
                ],
                [
                    112.0,
                    253.874,
                    0.839344
                ],
                [
                    97.3389,
                    228.423,
                    0.683447
                ],
                [
                    67.0119,
                    209.824,
                    0.543762
                ],
                [
                    0.0,
                    0.0,
                    0.0
                ],
                [
                    0.0,
                    0.0,
                    0.0
                ],
                [
                    111.999,
                    292.981,
                    0.48491
                ],
                [
                    109.073,
                    294.934,
                    0.582357
                ],
                [
                    129.611,
                    345.809,
                    0.485918
                ],
                [
                    0.0,
                    0.0,
                    0.0
                ],
                [
                    113.014,
                    290.039,
                    0.394054
                ],
                [
                    130.595,
                    338.965,
                    0.286229
                ],
                [
                    0.0,
                    0.0,
                    0.0
                ],
                [
                    71.8844,
                    183.381,
                    0.833014
                ],
                [
                    0.0,
                    0.0,
                    0.0
                ],
                [
                    58.2503,
                    191.24,
                    0.945966
                ],
                [
                    0.0,
                    0.0,
                    0.0
                ],
                [
                    0.0,
                    0.0,
                    0.0
                ],
                [
                    0.0,
                    0.0,
                    0.0
                ],
                [
                    0.0,
                    0.0,
                    0.0
                ],
                [
                    0.0,
                    0.0,
                    0.0
                ],
                [
                    0.0,
                    0.0,
                    0.0
                ],
                [
                    0.0,
                    0.0,
                    0.0
                ]
            ],
            "isKeyframe": false
        }
    ],
    "isKeyframe": false
}