{
    "filename": "images/1/002534.jpg",
    "height": 360,
    "width": 640,
    "annots": [
        {
            "bbox": [
                281.86879999999996,
                123.74989999999998,
                414.61519999999996,
                299.86310000000003,
                0.81079125
            ],
            "personID": 0,
            "keypoints": [
                [
                    341.924,
                    145.238,
                    0.905726
                ],
                [
                    325.314,
                    167.719,
                    0.890726
                ],
                [
                    309.662,
                    175.6,
                    0.83187
                ],
                [
                    292.931,
                    202.993,
                    0.853267
                ],
                [
                    316.466,
                    216.688,
                    0.92699
                ],
                [
                    340.972,
                    157.998,
                    0.864536
                ],
                [
                    355.553,
                    173.65,
                    0.792044
                ],
                [
                    364.353,
                    189.305,
                    0.830003
                ],
                [
                    344.83,
                    216.673,
                    0.756131
                ],
                [
                    333.13,
                    222.557,
                    0.751995
                ],
                [
                    373.218,
                    231.382,
                    0.879822
                ],
                [
                    364.349,
                    276.361,
                    0.896463
                ],
                [
                    355.563,
                    212.753,
                    0.747501
                ],
                [
                    392.765,
                    222.562,
                    0.880924
                ],
                [
                    385.907,
                    265.583,
                    0.807506
                ],
                [
                    339.913,
                    143.283,
                    0.874637
                ],
                [
                    341.917,
                    138.426,
                    0.2015
                ],
                [
                    325.31,
                    144.317,
                    0.93412
                ],
                [
                    0.0,
                    0.0,
                    0.0
                ],
                [
                    403.553,
                    273.422,
                    0.793991
                ],
                [
                    403.502,
                    270.463,
                    0.803035
                ],
                [
                    380.056,
                    269.474,
                    0.736749
                ],
                [
                    383.95,
                    284.187,
                    0.843913
                ],
                [
                    378.071,
                    285.187,
                    0.852928
                ],
                [
                    359.492,
                    278.363,
                    0.802613
                ]
            ],
            "isKeyframe": false
        },
        {
            "bbox": [
                169.993,
                71.02674999999999,
                236.97700000000003,
                245.88774999999998,
                0.7941575000000002
            ],
            "personID": 1,
            "keypoints": [
                [
                    192.192,
                    90.4466,
                    0.980241
                ],
                [
                    188.299,
                    107.115,
                    0.870979
                ],
                [
                    175.594,
                    113.939,
                    0.936441
                ],
                [
                    175.575,
                    140.392,
                    0.838446
                ],
                [
                    184.39,
                    157.019,
                    0.450295
                ],
                [
                    200.085,
                    101.242,
                    0.891136
                ],
                [
                    207.91,
                    123.753,
                    0.64846
                ],
                [
                    214.747,
                    147.221,
                    0.269979
                ],
                [
                    200.03,
                    157.012,
                    0.810718
                ],
                [
                    191.263,
                    159.943,
                    0.826766
                ],
                [
                    200.061,
                    192.253,
                    0.889812
                ],
                [
                    209.849,
                    222.573,
                    0.87259
                ],
                [
                    207.908,
                    153.134,
                    0.804018
                ],
                [
                    218.645,
                    184.447,
                    0.848222
                ],
                [
                    221.554,
                    215.706,
                    0.871159
                ],
                [
                    186.377,
                    89.4615,
                    0.89488
                ],
                [
                    192.262,
                    85.5985,
                    0.889109
                ],
                [
                    179.499,
                    90.5466,
                    0.8733
                ],
                [
                    0.0,
                    0.0,
                    0.0
                ],
                [
                    231.395,
                    221.542,
                    0.769165
                ],
                [
                    231.373,
                    216.703,
                    0.778302
                ],
                [
                    218.628,
                    220.593,
                    0.698798
                ],
                [
                    217.687,
                    230.332,
                    0.807331
                ],
                [
                    213.758,
                    231.316,
                    0.805418
                ],
                [
                    210.804,
                    224.529,
                    0.734215
                ]
            ],
            "isKeyframe": false
        },
        {
            "bbox": [
                445.7327,
                65.86607000000002,
                502.1843,
                279.50963,
                0.7868400416666667
            ],
            "personID": 2,
            "keypoints": [
                [
                    460.239,
                    89.533,
                    0.8911
                ],
                [
                    480.747,
                    112.976,
                    0.886465
                ],
                [
                    466.16,
                    108.123,
                    0.788598
                ],
                [
                    466.118,
                    135.506,
                    0.598217
                ],
                [
                    458.31,
                    153.073,
                    0.633853
                ],
                [
                    491.544,
                    114.943,
                    0.819286
                ],
                [
                    497.48,
                    146.271,
                    0.864394
                ],
                [
                    491.581,
                    177.575,
                    0.827315
                ],
                [
                    473.916,
                    169.717,
                    0.808588
                ],
                [
                    465.182,
                    168.725,
                    0.800909
                ],
                [
                    468.073,
                    203.965,
                    0.772389
                ],
                [
                    466.106,
                    231.319,
                    0.904445
                ],
                [
                    481.767,
                    171.683,
                    0.763107
                ],
                [
                    481.814,
                    213.726,
                    0.826888
                ],
                [
                    480.784,
                    247.028,
                    0.894041
                ],
                [
                    459.279,
                    83.6697,
                    0.350218
                ],
                [
                    465.133,
                    85.6043,
                    0.885548
                ],
                [
                    0.0,
                    0.0,
                    0.0
                ],
                [
                    478.832,
                    87.5592,
                    0.83933
                ],
                [
                    471.997,
                    261.696,
                    0.853219
                ],
                [
                    477.858,
                    261.706,
                    0.83834
                ],
                [
                    480.782,
                    249.942,
                    0.737083
                ],
                [
                    450.437,
                    235.261,
                    0.768155
                ],
                [
                    451.443,
                    231.412,
                    0.747683
                ],
                [
                    469.08,
                    234.286,
                    0.78499
                ]
            ],
            "isKeyframe": false
        },
        {
            "bbox": [
                51.105619999999995,
                166.40189999999996,
                136.79258,
                358.9071,
                0.6574263076923076
            ],
            "personID": 3,
            "keypoints": [
                [
                    74.8496,
                    184.401,
                    0.884381
                ],
                [
                    67.0116,
                    222.504,
                    0.768137
                ],
                [
                    67.0236,
                    231.326,
                    0.8062
                ],
                [
                    107.137,
                    253.835,
                    0.798866
                ],
                [
                    97.3794,
                    232.357,
                    0.729978
                ],
                [
                    67.0342,
                    209.837,
                    0.572181
                ],
                [
                    0.0,
                    0.0,
                    0.0
                ],
                [
                    0.0,
                    0.0,
                    0.0
                ],
                [
                    111.989,
                    291.995,
                    0.477275
                ],
                [
                    108.105,
                    293.937,
                    0.5949
                ],
                [
                    128.651,
                    342.865,
                    0.476731
                ],
                [
                    0.0,
                    0.0,
                    0.0
                ],
                [
                    113.018,
                    288.087,
                    0.38858
                ],
                [
                    129.652,
                    335.051,
                    0.293087
                ],
                [
                    0.0,
                    0.0,
                    0.0
                ],
                [
                    70.918,
                    182.444,
                    0.816381
                ],
                [
                    0.0,
                    0.0,
                    0.0
                ],
                [
                    58.2462,
                    191.201,
                    0.939845
                ],
                [
                    0.0,
                    0.0,
                    0.0
                ],
                [
                    0.0,
                    0.0,
                    0.0
                ],
                [
                    0.0,
                    0.0,
                    0.0
                ],
                [
                    0.0,
                    0.0,
                    0.0
                ],
                [
                    0.0,
                    0.0,
                    0.0
                ],
                [
                    0.0,
                    0.0,
                    0.0
                ],
                [
                    0.0,
                    0.0,
                    0.0
                ]
            ],
            "isKeyframe": false
        }
    ],
    "isKeyframe": false
}