{
    "filename": "images/1/002547.jpg",
    "height": 360,
    "width": 640,
    "annots": [
        {
            "bbox": [
                169.3354,
                69.95582999999998,
                244.4386,
                246.06146999999999,
                0.8127027916666666
            ],
            "personID": 0,
            "keypoints": [
                [
                    192.212,
                    89.5314,
                    0.96066
                ],
                [
                    189.286,
                    106.155,
                    0.902171
                ],
                [
                    175.625,
                    113.025,
                    0.93015
                ],
                [
                    175.594,
                    139.423,
                    0.828784
                ],
                [
                    183.461,
                    157.016,
                    0.549011
                ],
                [
                    200.091,
                    99.3041,
                    0.914214
                ],
                [
                    207.861,
                    121.841,
                    0.537965
                ],
                [
                    214.693,
                    144.268,
                    0.201302
                ],
                [
                    201.016,
                    156.037,
                    0.78705
                ],
                [
                    192.241,
                    159.936,
                    0.823466
                ],
                [
                    200.087,
                    192.198,
                    0.893443
                ],
                [
                    208.876,
                    222.516,
                    0.897949
                ],
                [
                    209.82,
                    153.087,
                    0.781634
                ],
                [
                    222.557,
                    183.418,
                    0.902253
                ],
                [
                    223.531,
                    208.858,
                    0.898073
                ],
                [
                    187.343,
                    88.5247,
                    0.860965
                ],
                [
                    192.27,
                    84.6313,
                    0.8896
                ],
                [
                    178.528,
                    90.5343,
                    0.890316
                ],
                [
                    0.0,
                    0.0,
                    0.0
                ],
                [
                    238.18,
                    214.734,
                    0.87345
                ],
                [
                    238.163,
                    212.783,
                    0.839345
                ],
                [
                    221.562,
                    213.75,
                    0.784489
                ],
                [
                    217.653,
                    231.337,
                    0.882561
                ],
                [
                    211.808,
                    231.386,
                    0.8616
                ],
                [
                    209.82,
                    223.526,
                    0.814416
                ]
            ],
            "isKeyframe": false
        },
        {
            "bbox": [
                445.7612,
                67.88642000000002,
                502.1828,
                280.34378000000004,
                0.7364051666666667
            ],
            "personID": 1,
            "keypoints": [
                [
                    460.262,
                    89.5601,
                    0.884962
                ],
                [
                    480.755,
                    112.963,
                    0.892298
                ],
                [
                    466.179,
                    107.133,
                    0.803856
                ],
                [
                    466.145,
                    137.466,
                    0.145819
                ],
                [
                    458.326,
                    156.021,
                    0.058751
                ],
                [
                    490.6,
                    115.912,
                    0.81236
                ],
                [
                    497.481,
                    150.164,
                    0.867312
                ],
                [
                    489.649,
                    179.524,
                    0.853668
                ],
                [
                    472.957,
                    172.645,
                    0.771398
                ],
                [
                    465.106,
                    169.722,
                    0.75332
                ],
                [
                    466.164,
                    205.9,
                    0.81354
                ],
                [
                    466.108,
                    231.328,
                    0.904443
                ],
                [
                    480.816,
                    174.618,
                    0.776303
                ],
                [
                    481.803,
                    214.687,
                    0.832711
                ],
                [
                    480.788,
                    247.054,
                    0.885222
                ],
                [
                    459.271,
                    85.5912,
                    0.17645
                ],
                [
                    465.128,
                    86.5959,
                    0.889577
                ],
                [
                    0.0,
                    0.0,
                    0.0
                ],
                [
                    476.891,
                    88.5405,
                    0.872958
                ],
                [
                    471.995,
                    262.634,
                    0.846791
                ],
                [
                    477.852,
                    262.639,
                    0.842617
                ],
                [
                    480.797,
                    250.922,
                    0.726311
                ],
                [
                    450.463,
                    236.227,
                    0.752408
                ],
                [
                    451.463,
                    232.332,
                    0.712934
                ],
                [
                    470.022,
                    234.274,
                    0.797715
                ]
            ],
            "isKeyframe": false
        },
        {
            "bbox": [
                50.99091000000001,
                160.28140000000002,
                137.82519,
                356.2366,
                0.5501337
            ],
            "personID": 2,
            "keypoints": [
                [
                    75.8029,
                    183.443,
                    0.899461
                ],
                [
                    67.0336,
                    222.52,
                    0.751428
                ],
                [
                    68.0131,
                    231.356,
                    0.779518
                ],
                [
                    112.968,
                    254.802,
                    0.845381
                ],
                [
                    97.3091,
                    232.34,
                    0.62658
                ],
                [
                    67.0518,
                    209.825,
                    0.571956
                ],
                [
                    113.955,
                    253.869,
                    0.0663864
                ],
                [
                    105.149,
                    244.062,
                    0.211129
                ],
                [
                    107.118,
                    289.077,
                    0.449243
                ],
                [
                    108.114,
                    291.981,
                    0.569729
                ],
                [
                    130.589,
                    339.907,
                    0.539326
                ],
                [
                    0.0,
                    0.0,
                    0.0
                ],
                [
                    106.151,
                    289.058,
                    0.330565
                ],
                [
                    122.773,
                    336.029,
                    0.340719
                ],
                [
                    0.0,
                    0.0,
                    0.0
                ],
                [
                    69.9593,
                    182.409,
                    0.818223
                ],
                [
                    73.8582,
                    176.611,
                    0.0575878
                ],
                [
                    58.2271,
                    191.236,
                    0.944907
                ],
                [
                    0.0,
                    0.0,
                    0.0
                ],
                [
                    0.0,
                    0.0,
                    0.0
                ],
                [
                    0.0,
                    0.0,
                    0.0
                ],
                [
                    0.0,
                    0.0,
                    0.0
                ],
                [
                    0.0,
                    0.0,
                    0.0
                ],
                [
                    0.0,
                    0.0,
                    0.0
                ],
                [
                    0.0,
                    0.0,
                    0.0
                ]
            ],
            "isKeyframe": false
        },
        {
            "bbox": [
                300.2201,
                132.88049999999998,
                412.88689999999997,
                281.89050000000003,
                0.6216032173913044
            ],
            "personID": 3,
            "keypoints": [
                [
                    353.605,
                    149.197,
                    0.287862
                ],
                [
                    327.204,
                    173.646,
                    0.734093
                ],
                [
                    324.323,
                    178.553,
                    0.78381
                ],
                [
                    309.609,
                    215.673,
                    0.895305
                ],
                [
                    341.874,
                    222.584,
                    0.880405
                ],
                [
                    332.074,
                    167.731,
                    0.628324
                ],
                [
                    339.94,
                    193.207,
                    0.167961
                ],
                [
                    354.597,
                    191.211,
                    0.301154
                ],
                [
                    347.728,
                    221.567,
                    0.583469
                ],
                [
                    342.876,
                    227.445,
                    0.55952
                ],
                [
                    394.671,
                    215.697,
                    0.867762
                ],
                [
                    382.974,
                    262.644,
                    0.813049
                ],
                [
                    350.699,
                    215.689,
                    0.544773
                ],
                [
                    398.639,
                    206.939,
                    0.838825
                ],
                [
                    387.842,
                    253.871,
                    0.773192
                ],
                [
                    350.71,
                    145.298,
                    0.493594
                ],
                [
                    0.0,
                    0.0,
                    0.0
                ],
                [
                    342.89,
                    151.153,
                    0.852331
                ],
                [
                    0.0,
                    0.0,
                    0.0
                ],
                [
                    403.498,
                    256.801,
                    0.55489
                ],
                [
                    400.598,
                    254.796,
                    0.509101
                ],
                [
                    383.96,
                    256.783,
                    0.194375
                ],
                [
                    402.52,
                    263.658,
                    0.694868
                ],
                [
                    396.701,
                    269.473,
                    0.632611
                ],
                [
                    379.053,
                    268.514,
                    0.7056
                ]
            ],
            "isKeyframe": false
        }
    ],
    "isKeyframe": false
}