{
    "filename": "images/1/002518.jpg",
    "height": 360,
    "width": 640,
    "annots": [
        {
            "bbox": [
                170.3859,
                71.03754999999998,
                244.3191,
                245.90095,
                0.8023615
            ],
            "personID": 0,
            "keypoints": [
                [
                    195.173,
                    89.5545,
                    0.900946
                ],
                [
                    191.239,
                    106.154,
                    0.951376
                ],
                [
                    176.602,
                    112.957,
                    0.902979
                ],
                [
                    176.547,
                    138.447,
                    0.887763
                ],
                [
                    184.4,
                    159.936,
                    0.622651
                ],
                [
                    203.952,
                    100.268,
                    0.852521
                ],
                [
                    208.889,
                    122.803,
                    0.604047
                ],
                [
                    213.733,
                    144.28,
                    0.077318
                ],
                [
                    201.03,
                    155.062,
                    0.78208
                ],
                [
                    192.239,
                    158.971,
                    0.806563
                ],
                [
                    201.056,
                    191.286,
                    0.834424
                ],
                [
                    208.87,
                    221.587,
                    0.876882
                ],
                [
                    209.852,
                    153.084,
                    0.772841
                ],
                [
                    222.509,
                    183.375,
                    0.866646
                ],
                [
                    223.498,
                    209.822,
                    0.874453
                ],
                [
                    191.263,
                    88.5343,
                    0.942664
                ],
                [
                    198.068,
                    85.6095,
                    0.854216
                ],
                [
                    183.406,
                    90.4715,
                    0.957489
                ],
                [
                    0.0,
                    0.0,
                    0.0
                ],
                [
                    238.158,
                    214.677,
                    0.812788
                ],
                [
                    237.197,
                    211.784,
                    0.732683
                ],
                [
                    220.611,
                    214.69,
                    0.820064
                ],
                [
                    217.663,
                    230.381,
                    0.85256
                ],
                [
                    212.78,
                    231.329,
                    0.840422
                ],
                [
                    208.866,
                    223.518,
                    0.8303
                ]
            ],
            "isKeyframe": false
        },
        {
            "bbox": [
                444.73839999999996,
                64.82422999999999,
                502.26160000000004,
                279.58907,
                0.8163581249999998
            ],
            "personID": 1,
            "keypoints": [
                [
                    460.249,
                    89.4774,
                    0.891944
                ],
                [
                    478.838,
                    112.94,
                    0.852027
                ],
                [
                    466.098,
                    108.089,
                    0.851133
                ],
                [
                    465.172,
                    131.589,
                    0.7095
                ],
                [
                    457.333,
                    150.175,
                    0.803895
                ],
                [
                    489.642,
                    113.998,
                    0.855655
                ],
                [
                    497.468,
                    145.327,
                    0.864656
                ],
                [
                    496.406,
                    176.569,
                    0.880916
                ],
                [
                    472.989,
                    169.727,
                    0.807142
                ],
                [
                    465.16,
                    168.736,
                    0.801192
                ],
                [
                    468.077,
                    203.002,
                    0.7942
                ],
                [
                    466.11,
                    231.324,
                    0.915182
                ],
                [
                    480.829,
                    171.697,
                    0.7675
                ],
                [
                    481.767,
                    209.84,
                    0.840694
                ],
                [
                    480.776,
                    247.004,
                    0.890829
                ],
                [
                    459.269,
                    82.7213,
                    0.588507
                ],
                [
                    465.161,
                    83.6626,
                    0.923348
                ],
                [
                    0.0,
                    0.0,
                    0.0
                ],
                [
                    479.793,
                    85.6029,
                    0.847478
                ],
                [
                    472.012,
                    261.691,
                    0.856116
                ],
                [
                    477.861,
                    261.692,
                    0.84519
                ],
                [
                    480.77,
                    248.967,
                    0.736178
                ],
                [
                    449.532,
                    235.26,
                    0.756346
                ],
                [
                    451.439,
                    232.32,
                    0.724768
                ],
                [
                    470.027,
                    234.303,
                    0.788199
                ]
            ],
            "isKeyframe": false
        },
        {
            "bbox": [
                286.0764,
                121.0795,
                381.1356,
                317.12949999999995,
                0.7993526280000001
            ],
            "personID": 2,
            "keypoints": [
                [
                    339.904,
                    143.293,
                    0.872204
                ],
                [
                    333.082,
                    160.961,
                    0.934844
                ],
                [
                    312.545,
                    166.765,
                    0.819538
                ],
                [
                    293.998,
                    190.286,
                    0.902387
                ],
                [
                    303.743,
                    207.853,
                    0.901704
                ],
                [
                    353.644,
                    158.933,
                    0.833327
                ],
                [
                    373.214,
                    171.701,
                    0.831294
                ],
                [
                    372.268,
                    192.197,
                    0.906163
                ],
                [
                    341.93,
                    214.745,
                    0.824742
                ],
                [
                    331.099,
                    215.725,
                    0.810448
                ],
                [
                    347.728,
                    238.169,
                    0.920262
                ],
                [
                    333.058,
                    284.179,
                    0.835523
                ],
                [
                    356.542,
                    214.687,
                    0.852414
                ],
                [
                    371.216,
                    231.376,
                    0.923611
                ],
                [
                    362.405,
                    283.213,
                    0.777254
                ],
                [
                    333.059,
                    138.427,
                    0.876968
                ],
                [
                    340.88,
                    137.417,
                    0.906824
                ],
                [
                    324.242,
                    144.248,
                    0.928233
                ],
                [
                    343.844,
                    137.44,
                    0.0543397
                ],
                [
                    363.387,
                    300.792,
                    0.761532
                ],
                [
                    369.289,
                    298.833,
                    0.745582
                ],
                [
                    355.591,
                    286.127,
                    0.649045
                ],
                [
                    338.975,
                    300.766,
                    0.747541
                ],
                [
                    331.142,
                    298.858,
                    0.746301
                ],
                [
                    331.119,
                    286.137,
                    0.621735
                ]
            ],
            "isKeyframe": false
        },
        {
            "bbox": [
                50.99675999999999,
                167.2274,
                137.82684,
                360.9746,
                0.6653426923076922
            ],
            "personID": 3,
            "keypoints": [
                [
                    74.8475,
                    184.423,
                    0.867956
                ],
                [
                    67.0348,
                    222.524,
                    0.769297
                ],
                [
                    67.0161,
                    231.326,
                    0.809472
                ],
                [
                    110.048,
                    253.879,
                    0.820575
                ],
                [
                    98.3263,
                    232.356,
                    0.714721
                ],
                [
                    68.0056,
                    210.825,
                    0.574429
                ],
                [
                    0.0,
                    0.0,
                    0.0
                ],
                [
                    0.0,
                    0.0,
                    0.0
                ],
                [
                    111.99,
                    292.006,
                    0.497865
                ],
                [
                    108.098,
                    293.956,
                    0.601067
                ],
                [
                    128.678,
                    344.829,
                    0.501083
                ],
                [
                    0.0,
                    0.0,
                    0.0
                ],
                [
                    113.02,
                    288.088,
                    0.4192
                ],
                [
                    130.591,
                    337.986,
                    0.311693
                ],
                [
                    0.0,
                    0.0,
                    0.0
                ],
                [
                    70.928,
                    183.373,
                    0.817625
                ],
                [
                    0.0,
                    0.0,
                    0.0
                ],
                [
                    58.2326,
                    191.229,
                    0.944472
                ],
                [
                    0.0,
                    0.0,
                    0.0
                ],
                [
                    0.0,
                    0.0,
                    0.0
                ],
                [
                    0.0,
                    0.0,
                    0.0
                ],
                [
                    0.0,
                    0.0,
                    0.0
                ],
                [
                    0.0,
                    0.0,
                    0.0
                ],
                [
                    0.0,
                    0.0,
                    0.0
                ],
                [
                    0.0,
                    0.0,
                    0.0
                ]
            ],
            "isKeyframe": false
        }
    ],
    "isKeyframe": false
}