{
    "filename": "images/1/002531.jpg",
    "height": 360,
    "width": 640,
    "annots": [
        {
            "bbox": [
                280.94599999999997,
                123.56670000000001,
                413.546,
                301.98629999999997,
                0.82463525
            ],
            "personID": 0,
            "keypoints": [
                [
                    341.879,
                    144.31,
                    0.931151
                ],
                [
                    326.236,
                    165.803,
                    0.86304
                ],
                [
                    309.647,
                    173.647,
                    0.821754
                ],
                [
                    291.996,
                    200.112,
                    0.881174
                ],
                [
                    314.499,
                    215.738,
                    0.888352
                ],
                [
                    342.884,
                    156.055,
                    0.833225
                ],
                [
                    356.567,
                    172.647,
                    0.820635
                ],
                [
                    365.359,
                    189.299,
                    0.821223
                ],
                [
                    345.814,
                    215.725,
                    0.790827
                ],
                [
                    333.11,
                    221.583,
                    0.759283
                ],
                [
                    371.184,
                    232.348,
                    0.874718
                ],
                [
                    361.447,
                    277.311,
                    0.859472
                ],
                [
                    356.567,
                    211.781,
                    0.776489
                ],
                [
                    389.846,
                    223.531,
                    0.864133
                ],
                [
                    382.973,
                    268.494,
                    0.801958
                ],
                [
                    338.947,
                    142.32,
                    0.846412
                ],
                [
                    341.874,
                    138.435,
                    0.418811
                ],
                [
                    324.308,
                    144.283,
                    0.961077
                ],
                [
                    0.0,
                    0.0,
                    0.0
                ],
                [
                    402.496,
                    277.298,
                    0.85237
                ],
                [
                    401.532,
                    272.463,
                    0.754565
                ],
                [
                    379.042,
                    270.48,
                    0.787329
                ],
                [
                    379.074,
                    286.126,
                    0.897694
                ],
                [
                    372.207,
                    287.118,
                    0.861986
                ],
                [
                    356.534,
                    279.301,
                    0.823568
                ]
            ],
            "isKeyframe": false
        },
        {
            "bbox": [
                170.01550000000003,
                71.03098999999999,
                236.96949999999998,
                245.89391,
                0.7940134583333333
            ],
            "personID": 1,
            "keypoints": [
                [
                    192.217,
                    90.447,
                    0.974882
                ],
                [
                    188.317,
                    106.201,
                    0.88097
                ],
                [
                    175.601,
                    113.03,
                    0.94064
                ],
                [
                    175.595,
                    140.397,
                    0.847166
                ],
                [
                    184.427,
                    157.967,
                    0.443007
                ],
                [
                    200.101,
                    100.304,
                    0.890929
                ],
                [
                    207.924,
                    123.745,
                    0.664007
                ],
                [
                    215.679,
                    147.224,
                    0.27535
                ],
                [
                    200.044,
                    157.987,
                    0.805465
                ],
                [
                    191.28,
                    159.968,
                    0.820852
                ],
                [
                    200.055,
                    193.195,
                    0.880423
                ],
                [
                    209.842,
                    222.577,
                    0.877027
                ],
                [
                    207.92,
                    154.081,
                    0.778479
                ],
                [
                    217.675,
                    186.352,
                    0.816198
                ],
                [
                    221.569,
                    215.73,
                    0.870102
                ],
                [
                    187.347,
                    88.5573,
                    0.881045
                ],
                [
                    193.194,
                    85.6029,
                    0.876094
                ],
                [
                    179.529,
                    90.515,
                    0.88664
                ],
                [
                    0.0,
                    0.0,
                    0.0
                ],
                [
                    231.39,
                    220.613,
                    0.772974
                ],
                [
                    231.358,
                    216.711,
                    0.793336
                ],
                [
                    218.653,
                    221.544,
                    0.719952
                ],
                [
                    217.647,
                    230.344,
                    0.821201
                ],
                [
                    213.725,
                    231.322,
                    0.799868
                ],
                [
                    210.811,
                    224.514,
                    0.739716
                ]
            ],
            "isKeyframe": false
        },
        {
            "bbox": [
                51.003449999999994,
                166.2077,
                137.83605,
                361.05529999999993,
                0.659345076923077
            ],
            "personID": 2,
            "keypoints": [
                [
                    74.8529,
                    184.406,
                    0.881328
                ],
                [
                    67.0189,
                    222.509,
                    0.766777
                ],
                [
                    67.024,
                    231.324,
                    0.802979
                ],
                [
                    108.102,
                    253.841,
                    0.785987
                ],
                [
                    98.2858,
                    232.364,
                    0.707911
                ],
                [
                    67.0564,
                    209.857,
                    0.571728
                ],
                [
                    0.0,
                    0.0,
                    0.0
                ],
                [
                    0.0,
                    0.0,
                    0.0
                ],
                [
                    111.996,
                    292.006,
                    0.490333
                ],
                [
                    108.107,
                    293.953,
                    0.597007
                ],
                [
                    128.676,
                    344.818,
                    0.498811
                ],
                [
                    0.0,
                    0.0,
                    0.0
                ],
                [
                    113.948,
                    288.096,
                    0.401899
                ],
                [
                    130.6,
                    337.975,
                    0.311716
                ],
                [
                    0.0,
                    0.0,
                    0.0
                ],
                [
                    70.9204,
                    182.445,
                    0.816715
                ],
                [
                    0.0,
                    0.0,
                    0.0
                ],
                [
                    58.2395,
                    191.199,
                    0.938295
                ],
                [
                    0.0,
                    0.0,
                    0.0
                ],
                [
                    0.0,
                    0.0,
                    0.0
                ],
                [
                    0.0,
                    0.0,
                    0.0
                ],
                [
                    0.0,
                    0.0,
                    0.0
                ],
                [
                    0.0,
                    0.0,
                    0.0
                ],
                [
                    0.0,
                    0.0,
                    0.0
                ],
                [
                    0.0,
                    0.0,
                    0.0
                ]
            ],
            "isKeyframe": false
        },
        {
            "bbox": [
                445.73480000000006,
                65.87247000000002,
                502.1852,
                279.49923,
                0.7888061666666667
            ],
            "personID": 3,
            "keypoints": [
                [
                    459.315,
                    89.5305,
                    0.893929
                ],
                [
                    479.829,
                    112.967,
                    0.885717
                ],
                [
                    466.15,
                    108.126,
                    0.805626
                ],
                [
                    466.144,
                    136.456,
                    0.603628
                ],
                [
                    458.306,
                    153.089,
                    0.63612
                ],
                [
                    490.6,
                    114.021,
                    0.82734
                ],
                [
                    497.481,
                    146.266,
                    0.866008
                ],
                [
                    493.515,
                    177.563,
                    0.836535
                ],
                [
                    473.93,
                    169.739,
                    0.799277
                ],
                [
                    466.086,
                    168.742,
                    0.799209
                ],
                [
                    468.071,
                    203.97,
                    0.765855
                ],
                [
                    466.106,
                    231.325,
                    0.905187
                ],
                [
                    481.786,
                    172.653,
                    0.758022
                ],
                [
                    481.809,
                    213.722,
                    0.825716
                ],
                [
                    480.785,
                    247.032,
                    0.891832
                ],
                [
                    459.275,
                    83.6747,
                    0.38433
                ],
                [
                    465.136,
                    85.5966,
                    0.88803
                ],
                [
                    0.0,
                    0.0,
                    0.0
                ],
                [
                    478.845,
                    87.5612,
                    0.844761
                ],
                [
                    472.006,
                    261.684,
                    0.852331
                ],
                [
                    477.869,
                    261.697,
                    0.840685
                ],
                [
                    480.786,
                    249.956,
                    0.729364
                ],
                [
                    450.439,
                    235.265,
                    0.765376
                ],
                [
                    451.44,
                    232.316,
                    0.74335
                ],
                [
                    470.017,
                    234.288,
                    0.78312
                ]
            ],
            "isKeyframe": false
        }
    ],
    "isKeyframe": false
}