{
    "filename": "images/1/002486.jpg",
    "height": 360,
    "width": 640,
    "annots": [
        {
            "bbox": [
                271.3747,
                136.4412,
                389.96229999999997,
                324.23879999999997,
                0.8012768333333334
            ],
            "personID": 0,
            "keypoints": [
                [
                    314.516,
                    161.919,
                    0.831681
                ],
                [
                    333.077,
                    168.719,
                    0.89862
                ],
                [
                    317.434,
                    166.799,
                    0.775341
                ],
                [
                    314.515,
                    179.501,
                    0.585945
                ],
                [
                    308.63,
                    196.155,
                    0.788914
                ],
                [
                    347.782,
                    168.802,
                    0.820275
                ],
                [
                    380.08,
                    182.448,
                    0.873166
                ],
                [
                    365.385,
                    205.931,
                    0.866967
                ],
                [
                    338.976,
                    216.712,
                    0.758095
                ],
                [
                    327.216,
                    215.723,
                    0.767858
                ],
                [
                    292.953,
                    239.208,
                    0.911206
                ],
                [
                    296.881,
                    268.527,
                    0.82932
                ],
                [
                    348.757,
                    219.613,
                    0.724363
                ],
                [
                    324.3,
                    245.978,
                    0.916705
                ],
                [
                    338.927,
                    291.972,
                    0.776715
                ],
                [
                    310.577,
                    159.89,
                    0.554996
                ],
                [
                    317.405,
                    159.898,
                    0.899642
                ],
                [
                    0.0,
                    0.0,
                    0.0
                ],
                [
                    329.188,
                    152.091,
                    0.869417
                ],
                [
                    328.213,
                    308.589,
                    0.825515
                ],
                [
                    335.048,
                    307.652,
                    0.808305
                ],
                [
                    340.951,
                    293.003,
                    0.708684
                ],
                [
                    284.145,
                    283.214,
                    0.798901
                ],
                [
                    281.257,
                    278.328,
                    0.773395
                ],
                [
                    301.774,
                    269.528,
                    0.866618
                ]
            ],
            "isKeyframe": false
        },
        {
            "bbox": [
                181.1786,
                67.85086000000001,
                243.3794,
                245.18374,
                0.7931336666666665
            ],
            "personID": 1,
            "keypoints": [
                [
                    207.862,
                    84.6517,
                    0.893447
                ],
                [
                    200.104,
                    100.294,
                    0.879731
                ],
                [
                    188.302,
                    105.165,
                    0.862227
                ],
                [
                    186.362,
                    132.545,
                    0.760892
                ],
                [
                    193.216,
                    152.15,
                    0.320728
                ],
                [
                    214.736,
                    97.3562,
                    0.955832
                ],
                [
                    220.58,
                    120.775,
                    0.693693
                ],
                [
                    223.529,
                    143.323,
                    0.118423
                ],
                [
                    207.919,
                    151.154,
                    0.818912
                ],
                [
                    200.041,
                    153.071,
                    0.826089
                ],
                [
                    206.916,
                    185.402,
                    0.882722
                ],
                [
                    208.899,
                    221.552,
                    0.853156
                ],
                [
                    216.708,
                    149.181,
                    0.764033
                ],
                [
                    222.542,
                    181.454,
                    0.844907
                ],
                [
                    224.502,
                    207.896,
                    0.878674
                ],
                [
                    205.89,
                    82.6445,
                    0.903993
                ],
                [
                    209.831,
                    82.6286,
                    0.877964
                ],
                [
                    197.107,
                    82.6372,
                    0.859365
                ],
                [
                    0.0,
                    0.0,
                    0.0
                ],
                [
                    238.165,
                    214.68,
                    0.858556
                ],
                [
                    238.196,
                    210.805,
                    0.811932
                ],
                [
                    222.555,
                    212.777,
                    0.833069
                ],
                [
                    217.67,
                    230.371,
                    0.848086
                ],
                [
                    213.713,
                    230.406,
                    0.828318
                ],
                [
                    208.855,
                    223.509,
                    0.860459
                ]
            ],
            "isKeyframe": false
        },
        {
            "bbox": [
                445.0057,
                63.63306999999999,
                498.99729999999994,
                279.68863000000005,
                0.8113827916666668
            ],
            "personID": 2,
            "keypoints": [
                [
                    458.315,
                    83.666,
                    0.908204
                ],
                [
                    473.92,
                    106.133,
                    0.910742
                ],
                [
                    464.135,
                    104.169,
                    0.806895
                ],
                [
                    465.099,
                    131.576,
                    0.598059
                ],
                [
                    456.322,
                    151.135,
                    0.702234
                ],
                [
                    483.757,
                    109.089,
                    0.780521
                ],
                [
                    494.498,
                    140.394,
                    0.814875
                ],
                [
                    488.649,
                    168.775,
                    0.929355
                ],
                [
                    470.049,
                    167.77,
                    0.76705
                ],
                [
                    463.201,
                    167.732,
                    0.737449
                ],
                [
                    467.089,
                    201.042,
                    0.799462
                ],
                [
                    466.115,
                    230.411,
                    0.882726
                ],
                [
                    477.849,
                    168.729,
                    0.749949
                ],
                [
                    480.758,
                    207.88,
                    0.836873
                ],
                [
                    480.76,
                    246.991,
                    0.857209
                ],
                [
                    457.324,
                    81.6377,
                    0.885294
                ],
                [
                    464.159,
                    81.6696,
                    0.913096
                ],
                [
                    0.0,
                    0.0,
                    0.0
                ],
                [
                    474.002,
                    81.7355,
                    0.919854
                ],
                [
                    471.979,
                    261.684,
                    0.819008
                ],
                [
                    476.883,
                    261.681,
                    0.814377
                ],
                [
                    480.808,
                    248.952,
                    0.744882
                ],
                [
                    449.505,
                    234.307,
                    0.784816
                ],
                [
                    450.519,
                    232.318,
                    0.744965
                ],
                [
                    469.078,
                    234.275,
                    0.765292
                ]
            ],
            "isKeyframe": false
        },
        {
            "bbox": [
                52.12966999999999,
                167.05,
                136.69403,
                363.10599999999994,
                0.5945676071428572
            ],
            "personID": 3,
            "keypoints": [
                [
                    74.8984,
                    184.438,
                    0.848842
                ],
                [
                    67.0233,
                    222.574,
                    0.730655
                ],
                [
                    69.9613,
                    232.329,
                    0.734917
                ],
                [
                    112.985,
                    253.87,
                    0.834864
                ],
                [
                    97.3629,
                    230.401,
                    0.738186
                ],
                [
                    64.0711,
                    208.864,
                    0.514536
                ],
                [
                    115.918,
                    254.805,
                    0.0527445
                ],
                [
                    0.0,
                    0.0,
                    0.0
                ],
                [
                    112.026,
                    293.002,
                    0.435908
                ],
                [
                    111.037,
                    295.903,
                    0.563527
                ],
                [
                    129.647,
                    346.768,
                    0.489201
                ],
                [
                    0.0,
                    0.0,
                    0.0
                ],
                [
                    113.956,
                    291.026,
                    0.327161
                ],
                [
                    129.618,
                    340.913,
                    0.252509
                ],
                [
                    0.0,
                    0.0,
                    0.0
                ],
                [
                    71.9247,
                    183.388,
                    0.855038
                ],
                [
                    0.0,
                    0.0,
                    0.0
                ],
                [
                    59.1767,
                    191.277,
                    0.945858
                ],
                [
                    0.0,
                    0.0,
                    0.0
                ],
                [
                    0.0,
                    0.0,
                    0.0
                ],
                [
                    0.0,
                    0.0,
                    0.0
                ],
                [
                    0.0,
                    0.0,
                    0.0
                ],
                [
                    0.0,
                    0.0,
                    0.0
                ],
                [
                    0.0,
                    0.0,
                    0.0
                ],
                [
                    0.0,
                    0.0,
                    0.0
                ]
            ],
            "isKeyframe": false
        }
    ],
    "isKeyframe": false
}