{
    "filename": "images/1/002491.jpg",
    "height": 360,
    "width": 640,
    "annots": [
        {
            "bbox": [
                179.07389999999998,
                67.86987999999998,
                243.58710000000002,
                245.18092000000001,
                0.8101964166666665
            ],
            "personID": 0,
            "keypoints": [
                [
                    205.917,
                    85.6177,
                    0.860176
                ],
                [
                    199.096,
                    103.202,
                    0.908377
                ],
                [
                    184.45,
                    106.177,
                    0.895999
                ],
                [
                    185.372,
                    135.5,
                    0.836605
                ],
                [
                    193.21,
                    154.1,
                    0.458363
                ],
                [
                    213.72,
                    97.385,
                    0.918807
                ],
                [
                    217.659,
                    120.784,
                    0.648802
                ],
                [
                    222.553,
                    144.303,
                    0.145465
                ],
                [
                    207.882,
                    152.136,
                    0.842621
                ],
                [
                    200.015,
                    153.136,
                    0.830107
                ],
                [
                    205.941,
                    188.313,
                    0.841716
                ],
                [
                    208.865,
                    220.611,
                    0.860986
                ],
                [
                    215.75,
                    151.121,
                    0.787954
                ],
                [
                    222.56,
                    182.437,
                    0.86736
                ],
                [
                    224.521,
                    207.915,
                    0.88102
                ],
                [
                    201.016,
                    82.658,
                    0.929172
                ],
                [
                    206.938,
                    82.6458,
                    0.940147
                ],
                [
                    193.192,
                    82.6782,
                    0.93482
                ],
                [
                    0.0,
                    0.0,
                    0.0
                ],
                [
                    238.201,
                    214.679,
                    0.889239
                ],
                [
                    238.211,
                    210.813,
                    0.829722
                ],
                [
                    222.562,
                    212.786,
                    0.855363
                ],
                [
                    217.669,
                    230.365,
                    0.83212
                ],
                [
                    212.783,
                    230.405,
                    0.811724
                ],
                [
                    207.911,
                    223.494,
                    0.838049
                ]
            ],
            "isKeyframe": false
        },
        {
            "bbox": [
                271.8612,
                130.13890000000004,
                396.2628,
                323.7721,
                0.8054270416666666
            ],
            "personID": 1,
            "keypoints": [
                [
                    320.385,
                    159.896,
                    0.859697
                ],
                [
                    335.035,
                    166.755,
                    0.84005
                ],
                [
                    317.439,
                    161.92,
                    0.87336
                ],
                [
                    310.578,
                    182.415,
                    0.765158
                ],
                [
                    304.708,
                    200.025,
                    0.828403
                ],
                [
                    352.664,
                    167.783,
                    0.828013
                ],
                [
                    385.896,
                    179.531,
                    0.82586
                ],
                [
                    369.278,
                    204.931,
                    0.809774
                ],
                [
                    336.039,
                    219.599,
                    0.726658
                ],
                [
                    325.261,
                    217.651,
                    0.780148
                ],
                [
                    296.902,
                    241.131,
                    0.827228
                ],
                [
                    299.815,
                    269.507,
                    0.870675
                ],
                [
                    347.753,
                    220.596,
                    0.744045
                ],
                [
                    332.127,
                    245.011,
                    0.873896
                ],
                [
                    337.979,
                    290.034,
                    0.743571
                ],
                [
                    317.43,
                    153.147,
                    0.814494
                ],
                [
                    324.301,
                    154.069,
                    0.933073
                ],
                [
                    0.0,
                    0.0,
                    0.0
                ],
                [
                    334.078,
                    146.275,
                    0.856924
                ],
                [
                    334.062,
                    307.636,
                    0.792022
                ],
                [
                    340.938,
                    304.721,
                    0.780333
                ],
                [
                    339.906,
                    292.937,
                    0.58508
                ],
                [
                    284.145,
                    283.177,
                    0.766499
                ],
                [
                    282.228,
                    278.291,
                    0.756891
                ],
                [
                    301.828,
                    271.454,
                    0.848397
                ]
            ],
            "isKeyframe": false
        },
        {
            "bbox": [
                444.8239,
                63.679680000000005,
                501.0811,
                279.68111999999996,
                0.8191504583333332
            ],
            "personID": 2,
            "keypoints": [
                [
                    458.328,
                    84.6498,
                    0.874333
                ],
                [
                    473.993,
                    106.172,
                    0.880743
                ],
                [
                    465.107,
                    104.175,
                    0.826016
                ],
                [
                    465.14,
                    129.637,
                    0.651946
                ],
                [
                    456.333,
                    151.123,
                    0.769815
                ],
                [
                    487.627,
                    112.003,
                    0.807818
                ],
                [
                    496.393,
                    143.319,
                    0.864995
                ],
                [
                    489.572,
                    170.728,
                    0.886749
                ],
                [
                    471.975,
                    167.796,
                    0.775661
                ],
                [
                    464.145,
                    167.747,
                    0.746868
                ],
                [
                    467.1,
                    201.059,
                    0.793861
                ],
                [
                    466.107,
                    230.416,
                    0.896676
                ],
                [
                    479.818,
                    168.767,
                    0.768885
                ],
                [
                    480.831,
                    207.909,
                    0.845726
                ],
                [
                    480.766,
                    246.983,
                    0.867152
                ],
                [
                    457.35,
                    81.6798,
                    0.86921
                ],
                [
                    464.177,
                    81.7035,
                    0.92366
                ],
                [
                    0.0,
                    0.0,
                    0.0
                ],
                [
                    474.935,
                    82.6677,
                    0.917876
                ],
                [
                    471.988,
                    261.681,
                    0.830533
                ],
                [
                    476.903,
                    261.678,
                    0.828102
                ],
                [
                    480.796,
                    248.018,
                    0.746022
                ],
                [
                    449.512,
                    234.306,
                    0.765804
                ],
                [
                    450.517,
                    231.412,
                    0.734153
                ],
                [
                    469.067,
                    234.28,
                    0.787007
                ]
            ],
            "isKeyframe": false
        },
        {
            "bbox": [
                52.12053000000001,
                167.0519,
                136.69377,
                363.13309999999996,
                0.5657493866666667
            ],
            "personID": 3,
            "keypoints": [
                [
                    75.8051,
                    184.434,
                    0.859177
                ],
                [
                    67.0296,
                    222.566,
                    0.733786
                ],
                [
                    68.9642,
                    232.333,
                    0.747863
                ],
                [
                    112.95,
                    253.871,
                    0.838875
                ],
                [
                    97.3478,
                    230.339,
                    0.714027
                ],
                [
                    65.0637,
                    208.862,
                    0.506437
                ],
                [
                    114.93,
                    253.886,
                    0.0550757
                ],
                [
                    105.164,
                    244.079,
                    0.0730861
                ],
                [
                    112.024,
                    293.944,
                    0.462702
                ],
                [
                    111.02,
                    295.925,
                    0.570304
                ],
                [
                    129.646,
                    346.793,
                    0.498011
                ],
                [
                    0.0,
                    0.0,
                    0.0
                ],
                [
                    113.956,
                    291.034,
                    0.358817
                ],
                [
                    129.621,
                    341.897,
                    0.263526
                ],
                [
                    0.0,
                    0.0,
                    0.0
                ],
                [
                    71.923,
                    183.392,
                    0.859083
                ],
                [
                    0.0,
                    0.0,
                    0.0
                ],
                [
                    59.1683,
                    191.268,
                    0.945471
                ],
                [
                    0.0,
                    0.0,
                    0.0
                ],
                [
                    0.0,
                    0.0,
                    0.0
                ],
                [
                    0.0,
                    0.0,
                    0.0
                ],
                [
                    0.0,
                    0.0,
                    0.0
                ],
                [
                    0.0,
                    0.0,
                    0.0
                ],
                [
                    0.0,
                    0.0,
                    0.0
                ],
                [
                    0.0,
                    0.0,
                    0.0
                ]
            ],
            "isKeyframe": false
        }
    ],
    "isKeyframe": false
}