{
    "filename": "images/1/002481.jpg",
    "height": 360,
    "width": 640,
    "annots": [
        {
            "bbox": [
                182.2686,
                66.79319,
                243.26940000000002,
                245.26571,
                0.7858133458333333
            ],
            "personID": 0,
            "keypoints": [
                [
                    209.859,
                    84.6132,
                    0.84747
                ],
                [
                    202.031,
                    99.3226,
                    0.861934
                ],
                [
                    190.246,
                    104.198,
                    0.866165
                ],
                [
                    187.352,
                    130.608,
                    0.794009
                ],
                [
                    196.149,
                    149.182,
                    0.181134
                ],
                [
                    215.729,
                    97.368,
                    0.936561
                ],
                [
                    222.576,
                    120.799,
                    0.670316
                ],
                [
                    229.395,
                    141.359,
                    0.0629563
                ],
                [
                    209.835,
                    152.094,
                    0.800265
                ],
                [
                    200.1,
                    153.086,
                    0.818616
                ],
                [
                    207.87,
                    185.368,
                    0.895612
                ],
                [
                    209.86,
                    220.608,
                    0.825057
                ],
                [
                    219.635,
                    150.163,
                    0.749095
                ],
                [
                    222.587,
                    182.41,
                    0.853837
                ],
                [
                    223.582,
                    207.894,
                    0.885908
                ],
                [
                    207.846,
                    81.6969,
                    0.956172
                ],
                [
                    213.768,
                    81.7087,
                    0.882655
                ],
                [
                    200.011,
                    81.6659,
                    0.909219
                ],
                [
                    0.0,
                    0.0,
                    0.0
                ],
                [
                    238.159,
                    214.689,
                    0.865235
                ],
                [
                    238.186,
                    210.823,
                    0.816061
                ],
                [
                    222.54,
                    212.768,
                    0.83027
                ],
                [
                    217.681,
                    230.361,
                    0.867043
                ],
                [
                    213.719,
                    230.393,
                    0.848016
                ],
                [
                    209.818,
                    223.5,
                    0.835914
                ]
            ],
            "isKeyframe": false
        },
        {
            "bbox": [
                445.32869999999997,
                62.58802999999999,
                495.7443,
                279.77927,
                0.798708875
            ],
            "personID": 1,
            "keypoints": [
                [
                    458.263,
                    83.6344,
                    0.924179
                ],
                [
                    472.996,
                    105.206,
                    0.915504
                ],
                [
                    462.227,
                    101.259,
                    0.783222
                ],
                [
                    464.143,
                    130.613,
                    0.550683
                ],
                [
                    456.307,
                    151.14,
                    0.611038
                ],
                [
                    483.731,
                    109.099,
                    0.79519
                ],
                [
                    491.543,
                    138.456,
                    0.842423
                ],
                [
                    487.648,
                    168.724,
                    0.900554
                ],
                [
                    468.077,
                    166.799,
                    0.755707
                ],
                [
                    462.215,
                    165.808,
                    0.700065
                ],
                [
                    466.169,
                    201.033,
                    0.795793
                ],
                [
                    466.106,
                    230.394,
                    0.886505
                ],
                [
                    474.913,
                    167.776,
                    0.785492
                ],
                [
                    478.827,
                    207.871,
                    0.788867
                ],
                [
                    480.748,
                    246.981,
                    0.857806
                ],
                [
                    456.362,
                    80.6873,
                    0.807485
                ],
                [
                    462.223,
                    81.6364,
                    0.869447
                ],
                [
                    0.0,
                    0.0,
                    0.0
                ],
                [
                    473.929,
                    81.677,
                    0.9304
                ],
                [
                    471.996,
                    261.68,
                    0.833361
                ],
                [
                    476.898,
                    261.672,
                    0.81479
                ],
                [
                    480.823,
                    248.014,
                    0.750463
                ],
                [
                    449.53,
                    234.304,
                    0.766564
                ],
                [
                    451.468,
                    231.41,
                    0.722081
                ],
                [
                    469.057,
                    233.303,
                    0.781394
                ]
            ],
            "isKeyframe": false
        },
        {
            "bbox": [
                271.5511,
                138.64780000000002,
                387.7459,
                324.0382,
                0.7888986666666667
            ],
            "personID": 2,
            "keypoints": [
                [
                    308.584,
                    167.789,
                    0.923656
                ],
                [
                    330.143,
                    168.801,
                    0.823904
                ],
                [
                    317.41,
                    167.798,
                    0.775839
                ],
                [
                    315.462,
                    176.574,
                    0.673754
                ],
                [
                    308.605,
                    195.162,
                    0.763696
                ],
                [
                    340.945,
                    170.728,
                    0.81671
                ],
                [
                    378.063,
                    183.455,
                    0.893672
                ],
                [
                    363.385,
                    207.882,
                    0.883106
                ],
                [
                    338.974,
                    215.698,
                    0.779153
                ],
                [
                    329.174,
                    214.697,
                    0.754795
                ],
                [
                    291.029,
                    237.232,
                    0.86963
                ],
                [
                    295.928,
                    268.536,
                    0.821693
                ],
                [
                    348.712,
                    217.652,
                    0.717992
                ],
                [
                    317.426,
                    246.016,
                    0.941541
                ],
                [
                    339.885,
                    288.109,
                    0.793205
                ],
                [
                    302.796,
                    162.89,
                    0.278069
                ],
                [
                    309.594,
                    161.941,
                    0.897368
                ],
                [
                    0.0,
                    0.0,
                    0.0
                ],
                [
                    322.323,
                    154.097,
                    0.87401
                ],
                [
                    326.256,
                    308.589,
                    0.778044
                ],
                [
                    333.138,
                    307.632,
                    0.758279
                ],
                [
                    344.829,
                    291.988,
                    0.717846
                ],
                [
                    284.144,
                    283.205,
                    0.778223
                ],
                [
                    281.234,
                    278.331,
                    0.769482
                ],
                [
                    301.788,
                    270.462,
                    0.849901
                ]
            ],
            "isKeyframe": false
        },
        {
            "bbox": [
                52.15627000000001,
                167.12439999999998,
                136.67743,
                362.0596,
                0.625678076923077
            ],
            "personID": 3,
            "keypoints": [
                [
                    75.8133,
                    184.415,
                    0.837249
                ],
                [
                    67.0176,
                    222.577,
                    0.724782
                ],
                [
                    70.9414,
                    232.359,
                    0.720569
                ],
                [
                    112.029,
                    253.851,
                    0.817608
                ],
                [
                    98.3277,
                    232.323,
                    0.706575
                ],
                [
                    62.1345,
                    208.847,
                    0.513494
                ],
                [
                    0.0,
                    0.0,
                    0.0
                ],
                [
                    0.0,
                    0.0,
                    0.0
                ],
                [
                    111.997,
                    292.971,
                    0.422418
                ],
                [
                    110.058,
                    293.983,
                    0.56599
                ],
                [
                    129.625,
                    345.815,
                    0.485993
                ],
                [
                    0.0,
                    0.0,
                    0.0
                ],
                [
                    112.993,
                    290.051,
                    0.320886
                ],
                [
                    129.634,
                    339.925,
                    0.253736
                ],
                [
                    0.0,
                    0.0,
                    0.0
                ],
                [
                    72.8512,
                    183.369,
                    0.833582
                ],
                [
                    0.0,
                    0.0,
                    0.0
                ],
                [
                    59.1997,
                    191.282,
                    0.930933
                ],
                [
                    0.0,
                    0.0,
                    0.0
                ],
                [
                    0.0,
                    0.0,
                    0.0
                ],
                [
                    0.0,
                    0.0,
                    0.0
                ],
                [
                    0.0,
                    0.0,
                    0.0
                ],
                [
                    0.0,
                    0.0,
                    0.0
                ],
                [
                    0.0,
                    0.0,
                    0.0
                ],
                [
                    0.0,
                    0.0,
                    0.0
                ]
            ],
            "isKeyframe": false
        }
    ],
    "isKeyframe": false
}