{
    "filename": "images/1/002565.jpg",
    "height": 360,
    "width": 640,
    "annots": [
        {
            "bbox": [
                172.5723,
                67.79281999999999,
                244.2087,
                246.23737999999997,
                0.8198911083333332
            ],
            "personID": 0,
            "keypoints": [
                [
                    197.094,
                    87.562,
                    0.860956
                ],
                [
                    192.261,
                    104.207,
                    0.916376
                ],
                [
                    179.524,
                    110.051,
                    0.816335
                ],
                [
                    178.542,
                    136.475,
                    0.866128
                ],
                [
                    190.255,
                    153.091,
                    0.790736
                ],
                [
                    206.891,
                    97.3798,
                    0.94617
                ],
                [
                    212.784,
                    120.818,
                    0.620575
                ],
                [
                    216.693,
                    141.362,
                    0.0687066
                ],
                [
                    206.847,
                    153.113,
                    0.820547
                ],
                [
                    198.094,
                    156.019,
                    0.77491
                ],
                [
                    204.947,
                    191.227,
                    0.85658
                ],
                [
                    208.889,
                    222.505,
                    0.884793
                ],
                [
                    214.702,
                    152.09,
                    0.809326
                ],
                [
                    222.528,
                    183.38,
                    0.874393
                ],
                [
                    224.527,
                    209.822,
                    0.857388
                ],
                [
                    191.286,
                    83.6707,
                    0.921179
                ],
                [
                    198.108,
                    82.6632,
                    0.920151
                ],
                [
                    184.357,
                    89.4644,
                    0.925438
                ],
                [
                    0.0,
                    0.0,
                    0.0
                ],
                [
                    238.239,
                    214.71,
                    0.906751
                ],
                [
                    238.239,
                    212.748,
                    0.86752
                ],
                [
                    222.584,
                    214.708,
                    0.863657
                ],
                [
                    217.653,
                    231.332,
                    0.855104
                ],
                [
                    212.754,
                    231.367,
                    0.832882
                ],
                [
                    208.878,
                    223.532,
                    0.820785
                ]
            ],
            "isKeyframe": false
        },
        {
            "bbox": [
                445.7611,
                66.80949000000001,
                502.1479,
                280.45041000000003,
                0.7727735347826088
            ],
            "personID": 1,
            "keypoints": [
                [
                    462.191,
                    89.4978,
                    0.87323
                ],
                [
                    480.757,
                    112.983,
                    0.885387
                ],
                [
                    466.173,
                    107.146,
                    0.80119
                ],
                [
                    466.123,
                    136.46,
                    0.0805753
                ],
                [
                    0.0,
                    0.0,
                    0.0
                ],
                [
                    490.608,
                    115.948,
                    0.801426
                ],
                [
                    497.449,
                    151.137,
                    0.88215
                ],
                [
                    489.62,
                    182.434,
                    0.885515
                ],
                [
                    472.989,
                    173.619,
                    0.786765
                ],
                [
                    465.149,
                    169.754,
                    0.77007
                ],
                [
                    466.168,
                    206.87,
                    0.840936
                ],
                [
                    466.111,
                    231.33,
                    0.920455
                ],
                [
                    480.831,
                    175.561,
                    0.787194
                ],
                [
                    481.805,
                    214.699,
                    0.863361
                ],
                [
                    480.785,
                    247.05,
                    0.897799
                ],
                [
                    460.241,
                    84.6129,
                    0.159134
                ],
                [
                    465.181,
                    84.6487,
                    0.897878
                ],
                [
                    0.0,
                    0.0,
                    0.0
                ],
                [
                    477.874,
                    88.5484,
                    0.862036
                ],
                [
                    471.984,
                    262.644,
                    0.849522
                ],
                [
                    476.898,
                    262.647,
                    0.872984
                ],
                [
                    480.788,
                    250.928,
                    0.737122
                ],
                [
                    450.46,
                    236.253,
                    0.794677
                ],
                [
                    451.459,
                    232.351,
                    0.740583
                ],
                [
                    470.039,
                    234.294,
                    0.783802
                ]
            ],
            "isKeyframe": false
        },
        {
            "bbox": [
                50.99036,
                166.66279999999998,
                137.86124,
                355.6892,
                0.6538389230769232
            ],
            "personID": 2,
            "keypoints": [
                [
                    74.8862,
                    183.449,
                    0.902418
                ],
                [
                    67.0341,
                    222.528,
                    0.751928
                ],
                [
                    68.0282,
                    231.366,
                    0.763613
                ],
                [
                    112.982,
                    253.88,
                    0.881518
                ],
                [
                    97.3318,
                    231.394,
                    0.667967
                ],
                [
                    67.0395,
                    208.889,
                    0.564937
                ],
                [
                    0.0,
                    0.0,
                    0.0
                ],
                [
                    0.0,
                    0.0,
                    0.0
                ],
                [
                    107.143,
                    291.032,
                    0.44872
                ],
                [
                    110.039,
                    292.97,
                    0.555452
                ],
                [
                    130.622,
                    339.937,
                    0.54108
                ],
                [
                    0.0,
                    0.0,
                    0.0
                ],
                [
                    106.152,
                    291.023,
                    0.327259
                ],
                [
                    122.793,
                    337.971,
                    0.333332
                ],
                [
                    0.0,
                    0.0,
                    0.0
                ],
                [
                    69.9469,
                    182.415,
                    0.813681
                ],
                [
                    0.0,
                    0.0,
                    0.0
                ],
                [
                    58.2296,
                    191.242,
                    0.948001
                ],
                [
                    0.0,
                    0.0,
                    0.0
                ],
                [
                    0.0,
                    0.0,
                    0.0
                ],
                [
                    0.0,
                    0.0,
                    0.0
                ],
                [
                    0.0,
                    0.0,
                    0.0
                ],
                [
                    0.0,
                    0.0,
                    0.0
                ],
                [
                    0.0,
                    0.0,
                    0.0
                ],
                [
                    0.0,
                    0.0,
                    0.0
                ]
            ],
            "isKeyframe": false
        },
        {
            "bbox": [
                323.2004,
                134.4961,
                418.2476,
                263.62690000000003,
                0.5708349545454545
            ],
            "personID": 3,
            "keypoints": [
                [
                    0.0,
                    0.0,
                    0.0
                ],
                [
                    337.978,
                    171.684,
                    0.757691
                ],
                [
                    341.898,
                    180.483,
                    0.773617
                ],
                [
                    332.114,
                    217.682,
                    0.843586
                ],
                [
                    362.437,
                    217.682,
                    0.792923
                ],
                [
                    331.121,
                    161.897,
                    0.689853
                ],
                [
                    342.861,
                    191.266,
                    0.231298
                ],
                [
                    356.58,
                    192.19,
                    0.504588
                ],
                [
                    341.885,
                    222.525,
                    0.508924
                ],
                [
                    344.822,
                    228.426,
                    0.554842
                ],
                [
                    394.7,
                    199.079,
                    0.926874
                ],
                [
                    393.752,
                    245.994,
                    0.736336
                ],
                [
                    342.869,
                    213.74,
                    0.33845
                ],
                [
                    374.172,
                    195.17,
                    0.511697
                ],
                [
                    387.868,
                    239.215,
                    0.470834
                ],
                [
                    0.0,
                    0.0,
                    0.0
                ],
                [
                    0.0,
                    0.0,
                    0.0
                ],
                [
                    357.53,
                    152.071,
                    0.868231
                ],
                [
                    339.923,
                    145.257,
                    0.326134
                ],
                [
                    408.421,
                    236.234,
                    0.298685
                ],
                [
                    404.524,
                    234.296,
                    0.202357
                ],
                [
                    380.074,
                    248.014,
                    0.327668
                ],
                [
                    410.327,
                    238.202,
                    0.613021
                ],
                [
                    409.367,
                    241.141,
                    0.565001
                ],
                [
                    387.892,
                    252.866,
                    0.715759
                ]
            ],
            "isKeyframe": false
        }
    ],
    "isKeyframe": false
}