{
    "filename": "images/1/002566.jpg",
    "height": 360,
    "width": 640,
    "annots": [
        {
            "bbox": [
                176.7444,
                66.75796000000001,
                244.8156,
                246.32164,
                0.8194503083333333
            ],
            "personID": 0,
            "keypoints": [
                [
                    198.109,
                    85.6018,
                    0.885104
                ],
                [
                    193.223,
                    104.19,
                    0.887894
                ],
                [
                    182.433,
                    109.092,
                    0.837676
                ],
                [
                    182.417,
                    136.476,
                    0.860375
                ],
                [
                    190.287,
                    153.129,
                    0.777713
                ],
                [
                    206.946,
                    97.3648,
                    0.953624
                ],
                [
                    213.718,
                    120.795,
                    0.535337
                ],
                [
                    219.616,
                    143.291,
                    0.0977844
                ],
                [
                    206.909,
                    153.109,
                    0.836185
                ],
                [
                    199.061,
                    155.066,
                    0.799869
                ],
                [
                    204.934,
                    190.271,
                    0.836873
                ],
                [
                    208.876,
                    221.557,
                    0.872725
                ],
                [
                    214.756,
                    152.092,
                    0.815196
                ],
                [
                    222.528,
                    183.388,
                    0.872582
                ],
                [
                    224.533,
                    209.829,
                    0.852064
                ],
                [
                    192.236,
                    82.7203,
                    0.947802
                ],
                [
                    199.076,
                    81.7216,
                    0.954941
                ],
                [
                    184.427,
                    88.5356,
                    0.921685
                ],
                [
                    0.0,
                    0.0,
                    0.0
                ],
                [
                    239.143,
                    214.705,
                    0.898634
                ],
                [
                    238.242,
                    211.805,
                    0.852648
                ],
                [
                    223.487,
                    214.72,
                    0.85337
                ],
                [
                    217.669,
                    231.329,
                    0.851793
                ],
                [
                    212.756,
                    231.358,
                    0.829253
                ],
                [
                    208.86,
                    223.508,
                    0.83568
                ]
            ],
            "isKeyframe": false
        },
        {
            "bbox": [
                445.7472,
                65.77775000000001,
                502.14480000000003,
                280.53875,
                0.7760368695652172
            ],
            "personID": 1,
            "keypoints": [
                [
                    462.207,
                    89.475,
                    0.874463
                ],
                [
                    480.759,
                    112.98,
                    0.8886
                ],
                [
                    467.105,
                    106.201,
                    0.802839
                ],
                [
                    465.171,
                    136.451,
                    0.066812
                ],
                [
                    0.0,
                    0.0,
                    0.0
                ],
                [
                    490.59,
                    117.883,
                    0.807555
                ],
                [
                    497.445,
                    151.154,
                    0.887609
                ],
                [
                    489.628,
                    182.44,
                    0.883893
                ],
                [
                    473.013,
                    173.636,
                    0.798148
                ],
                [
                    465.174,
                    170.696,
                    0.777193
                ],
                [
                    466.138,
                    206.851,
                    0.838293
                ],
                [
                    466.101,
                    231.322,
                    0.919042
                ],
                [
                    481.748,
                    175.576,
                    0.797825
                ],
                [
                    481.826,
                    214.706,
                    0.847925
                ],
                [
                    480.788,
                    247.052,
                    0.897003
                ],
                [
                    460.248,
                    83.6745,
                    0.164548
                ],
                [
                    466.083,
                    84.6282,
                    0.905632
                ],
                [
                    0.0,
                    0.0,
                    0.0
                ],
                [
                    478.832,
                    89.4659,
                    0.878414
                ],
                [
                    471.999,
                    262.635,
                    0.85475
                ],
                [
                    476.907,
                    262.642,
                    0.864991
                ],
                [
                    480.788,
                    250.933,
                    0.733621
                ],
                [
                    450.447,
                    236.262,
                    0.80399
                ],
                [
                    451.451,
                    232.356,
                    0.748965
                ],
                [
                    470.02,
                    234.284,
                    0.806737
                ]
            ],
            "isKeyframe": false
        },
        {
            "bbox": [
                50.987939999999995,
                166.66469999999998,
                137.86146000000002,
                355.6683,
                0.6572666923076922
            ],
            "personID": 2,
            "keypoints": [
                [
                    74.8947,
                    183.448,
                    0.905417
                ],
                [
                    67.0311,
                    222.524,
                    0.752322
                ],
                [
                    68.9648,
                    231.362,
                    0.759991
                ],
                [
                    112.974,
                    253.886,
                    0.878122
                ],
                [
                    97.3567,
                    231.393,
                    0.701368
                ],
                [
                    67.0327,
                    209.829,
                    0.566082
                ],
                [
                    0.0,
                    0.0,
                    0.0
                ],
                [
                    0.0,
                    0.0,
                    0.0
                ],
                [
                    107.132,
                    291.03,
                    0.45337
                ],
                [
                    110.037,
                    292.963,
                    0.552619
                ],
                [
                    130.622,
                    339.918,
                    0.540524
                ],
                [
                    0.0,
                    0.0,
                    0.0
                ],
                [
                    106.137,
                    291.022,
                    0.335134
                ],
                [
                    122.781,
                    336.993,
                    0.339578
                ],
                [
                    0.0,
                    0.0,
                    0.0
                ],
                [
                    69.9535,
                    182.415,
                    0.814407
                ],
                [
                    0.0,
                    0.0,
                    0.0
                ],
                [
                    58.2274,
                    191.24,
                    0.945533
                ],
                [
                    0.0,
                    0.0,
                    0.0
                ],
                [
                    0.0,
                    0.0,
                    0.0
                ],
                [
                    0.0,
                    0.0,
                    0.0
                ],
                [
                    0.0,
                    0.0,
                    0.0
                ],
                [
                    0.0,
                    0.0,
                    0.0
                ],
                [
                    0.0,
                    0.0,
                    0.0
                ],
                [
                    0.0,
                    0.0,
                    0.0
                ]
            ],
            "isKeyframe": false
        },
        {
            "bbox": [
                308.20739999999995,
                133.71020000000004,
                418.6026,
                260.4998,
                0.5910556363636363
            ],
            "personID": 3,
            "keypoints": [
                [
                    0.0,
                    0.0,
                    0.0
                ],
                [
                    337.008,
                    168.797,
                    0.782862
                ],
                [
                    345.796,
                    178.549,
                    0.74989
                ],
                [
                    335.045,
                    216.663,
                    0.829696
                ],
                [
                    363.437,
                    216.681,
                    0.863769
                ],
                [
                    327.213,
                    159.973,
                    0.775531
                ],
                [
                    317.407,
                    174.61,
                    0.373666
                ],
                [
                    358.511,
                    195.151,
                    0.289731
                ],
                [
                    346.772,
                    214.707,
                    0.580044
                ],
                [
                    350.704,
                    217.672,
                    0.590189
                ],
                [
                    394.689,
                    199.049,
                    0.882046
                ],
                [
                    394.752,
                    244.057,
                    0.764932
                ],
                [
                    343.846,
                    207.876,
                    0.416116
                ],
                [
                    380.063,
                    196.142,
                    0.510821
                ],
                [
                    387.905,
                    238.232,
                    0.545323
                ],
                [
                    0.0,
                    0.0,
                    0.0
                ],
                [
                    0.0,
                    0.0,
                    0.0
                ],
                [
                    359.507,
                    151.13,
                    0.812739
                ],
                [
                    340.896,
                    144.276,
                    0.374056
                ],
                [
                    407.407,
                    232.341,
                    0.252865
                ],
                [
                    403.496,
                    232.344,
                    0.187343
                ],
                [
                    382.963,
                    247.026,
                    0.381248
                ],
                [
                    409.403,
                    237.216,
                    0.668317
                ],
                [
                    409.385,
                    239.206,
                    0.665235
                ],
                [
                    391.768,
                    249.934,
                    0.706805
                ]
            ],
            "isKeyframe": false
        }
    ],
    "isKeyframe": false
}