{
    "filename": "images/1/002561.jpg",
    "height": 360,
    "width": 640,
    "annots": [
        {
            "bbox": [
                171.4918,
                68.85673999999999,
                244.2862,
                246.15265999999997,
                0.8063216166666667
            ],
            "personID": 0,
            "keypoints": [
                [
                    192.279,
                    89.4626,
                    0.932816
                ],
                [
                    191.296,
                    105.152,
                    0.956441
                ],
                [
                    177.558,
                    111.979,
                    0.858873
                ],
                [
                    177.587,
                    138.451,
                    0.82059
                ],
                [
                    190.27,
                    156.03,
                    0.553352
                ],
                [
                    205.889,
                    98.3061,
                    0.914207
                ],
                [
                    210.816,
                    121.778,
                    0.610263
                ],
                [
                    214.728,
                    144.267,
                    0.0872438
                ],
                [
                    205.886,
                    155.066,
                    0.770963
                ],
                [
                    197.098,
                    158.976,
                    0.76837
                ],
                [
                    202.012,
                    192.193,
                    0.852879
                ],
                [
                    208.879,
                    222.516,
                    0.893854
                ],
                [
                    213.755,
                    153.086,
                    0.797269
                ],
                [
                    221.586,
                    183.453,
                    0.876533
                ],
                [
                    224.518,
                    209.836,
                    0.860179
                ],
                [
                    190.236,
                    86.5844,
                    0.870111
                ],
                [
                    194.187,
                    83.6314,
                    0.897843
                ],
                [
                    182.449,
                    90.4547,
                    0.923576
                ],
                [
                    0.0,
                    0.0,
                    0.0
                ],
                [
                    238.22,
                    214.701,
                    0.881184
                ],
                [
                    238.212,
                    212.749,
                    0.849567
                ],
                [
                    222.582,
                    214.714,
                    0.855983
                ],
                [
                    217.646,
                    231.34,
                    0.861378
                ],
                [
                    211.8,
                    231.378,
                    0.843125
                ],
                [
                    208.89,
                    223.531,
                    0.815119
                ]
            ],
            "isKeyframe": false
        },
        {
            "bbox": [
                445.75089999999994,
                65.76628999999998,
                502.1641,
                280.54961000000003,
                0.7733811260869564
            ],
            "personID": 1,
            "keypoints": [
                [
                    460.26,
                    89.4926,
                    0.881924
                ],
                [
                    480.75,
                    112.992,
                    0.892263
                ],
                [
                    466.171,
                    108.118,
                    0.792566
                ],
                [
                    465.142,
                    137.451,
                    0.0933189
                ],
                [
                    0.0,
                    0.0,
                    0.0
                ],
                [
                    490.6,
                    115.932,
                    0.808379
                ],
                [
                    497.463,
                    151.139,
                    0.887948
                ],
                [
                    489.601,
                    181.484,
                    0.883119
                ],
                [
                    472.986,
                    174.597,
                    0.793607
                ],
                [
                    465.141,
                    171.68,
                    0.752652
                ],
                [
                    466.17,
                    206.851,
                    0.828228
                ],
                [
                    466.105,
                    231.326,
                    0.914802
                ],
                [
                    480.834,
                    175.596,
                    0.801348
                ],
                [
                    481.809,
                    214.703,
                    0.852622
                ],
                [
                    480.787,
                    247.059,
                    0.89082
                ],
                [
                    458.363,
                    83.6649,
                    0.185526
                ],
                [
                    465.138,
                    84.6312,
                    0.900618
                ],
                [
                    0.0,
                    0.0,
                    0.0
                ],
                [
                    477.861,
                    88.5329,
                    0.857419
                ],
                [
                    471.986,
                    262.647,
                    0.856327
                ],
                [
                    476.896,
                    262.651,
                    0.864753
                ],
                [
                    480.792,
                    250.922,
                    0.735964
                ],
                [
                    450.452,
                    236.248,
                    0.776894
                ],
                [
                    451.45,
                    232.348,
                    0.736639
                ],
                [
                    470.018,
                    234.271,
                    0.800029
                ]
            ],
            "isKeyframe": false
        },
        {
            "bbox": [
                50.989190000000015,
                166.6653,
                137.86571,
                355.6617,
                0.6508461538461539
            ],
            "personID": 2,
            "keypoints": [
                [
                    74.8866,
                    183.449,
                    0.902638
                ],
                [
                    67.0324,
                    222.533,
                    0.746186
                ],
                [
                    68.03,
                    231.366,
                    0.761353
                ],
                [
                    112.98,
                    254.812,
                    0.864017
                ],
                [
                    97.3528,
                    232.357,
                    0.658257
                ],
                [
                    67.0368,
                    209.828,
                    0.555593
                ],
                [
                    0.0,
                    0.0,
                    0.0
                ],
                [
                    0.0,
                    0.0,
                    0.0
                ],
                [
                    107.143,
                    291.983,
                    0.447516
                ],
                [
                    110.05,
                    292.971,
                    0.559882
                ],
                [
                    130.626,
                    339.912,
                    0.538348
                ],
                [
                    0.0,
                    0.0,
                    0.0
                ],
                [
                    106.131,
                    291.984,
                    0.325417
                ],
                [
                    122.778,
                    337.973,
                    0.338396
                ],
                [
                    0.0,
                    0.0,
                    0.0
                ],
                [
                    69.9473,
                    182.415,
                    0.816256
                ],
                [
                    0.0,
                    0.0,
                    0.0
                ],
                [
                    58.2289,
                    191.242,
                    0.947141
                ],
                [
                    0.0,
                    0.0,
                    0.0
                ],
                [
                    0.0,
                    0.0,
                    0.0
                ],
                [
                    0.0,
                    0.0,
                    0.0
                ],
                [
                    0.0,
                    0.0,
                    0.0
                ],
                [
                    0.0,
                    0.0,
                    0.0
                ],
                [
                    0.0,
                    0.0,
                    0.0
                ],
                [
                    0.0,
                    0.0,
                    0.0
                ]
            ],
            "isKeyframe": false
        },
        {
            "bbox": [
                310.80520000000007,
                134.3508,
                425.83480000000003,
                265.8372,
                0.6055861047619049
            ],
            "personID": 3,
            "keypoints": [
                [
                    0.0,
                    0.0,
                    0.0
                ],
                [
                    333.075,
                    172.646,
                    0.798878
                ],
                [
                    337.966,
                    182.43,
                    0.75013
                ],
                [
                    324.264,
                    218.658,
                    0.850117
                ],
                [
                    355.576,
                    220.607,
                    0.871833
                ],
                [
                    328.217,
                    160.925,
                    0.69847
                ],
                [
                    320.391,
                    175.599,
                    0.0897057
                ],
                [
                    0.0,
                    0.0,
                    0.0
                ],
                [
                    346.779,
                    219.609,
                    0.483471
                ],
                [
                    347.74,
                    225.488,
                    0.527248
                ],
                [
                    395.684,
                    202.008,
                    0.864813
                ],
                [
                    395.736,
                    248.953,
                    0.790005
                ],
                [
                    346.797,
                    210.813,
                    0.430557
                ],
                [
                    382.969,
                    200.066,
                    0.487772
                ],
                [
                    386.841,
                    247.004,
                    0.747771
                ],
                [
                    0.0,
                    0.0,
                    0.0
                ],
                [
                    0.0,
                    0.0,
                    0.0
                ],
                [
                    355.568,
                    152.07,
                    0.867822
                ],
                [
                    335.046,
                    145.308,
                    0.283736
                ],
                [
                    408.413,
                    244.063,
                    0.162694
                ],
                [
                    406.444,
                    245.034,
                    0.0838095
                ],
                [
                    381.041,
                    253.884,
                    0.721512
                ],
                [
                    416.249,
                    245.038,
                    0.699381
                ],
                [
                    413.285,
                    247.982,
                    0.692843
                ],
                [
                    393.754,
                    254.88,
                    0.81474
                ]
            ],
            "isKeyframe": false
        }
    ],
    "isKeyframe": false
}