{
    "filename": "images/1/002556.jpg",
    "height": 360,
    "width": 640,
    "annots": [
        {
            "bbox": [
                170.399,
                69.93416000000002,
                244.37900000000002,
                246.03944,
                0.7943159583333333
            ],
            "personID": 0,
            "keypoints": [
                [
                    192.26,
                    89.5162,
                    0.94969
                ],
                [
                    191.199,
                    106.133,
                    0.933858
                ],
                [
                    176.564,
                    112.988,
                    0.921187
                ],
                [
                    176.604,
                    140.392,
                    0.81848
                ],
                [
                    185.379,
                    157.004,
                    0.362951
                ],
                [
                    202.976,
                    99.2872,
                    0.863363
                ],
                [
                    210.814,
                    121.841,
                    0.545725
                ],
                [
                    221.562,
                    129.635,
                    0.060242
                ],
                [
                    203.959,
                    157.983,
                    0.757054
                ],
                [
                    193.244,
                    159.977,
                    0.792969
                ],
                [
                    201.025,
                    192.255,
                    0.860515
                ],
                [
                    208.88,
                    221.589,
                    0.886124
                ],
                [
                    213.718,
                    154.074,
                    0.764828
                ],
                [
                    221.568,
                    184.448,
                    0.855258
                ],
                [
                    224.512,
                    208.893,
                    0.871863
                ],
                [
                    189.281,
                    88.5093,
                    0.869419
                ],
                [
                    193.231,
                    84.6096,
                    0.876196
                ],
                [
                    181.446,
                    90.5044,
                    0.869826
                ],
                [
                    0.0,
                    0.0,
                    0.0
                ],
                [
                    238.207,
                    214.718,
                    0.906389
                ],
                [
                    238.214,
                    212.769,
                    0.880353
                ],
                [
                    222.569,
                    214.683,
                    0.828993
                ],
                [
                    217.646,
                    231.32,
                    0.8924
                ],
                [
                    211.804,
                    231.364,
                    0.873747
                ],
                [
                    209.829,
                    223.506,
                    0.822153
                ]
            ],
            "isKeyframe": false
        },
        {
            "bbox": [
                445.75329999999997,
                66.84442000000001,
                502.1617,
                280.44178,
                0.766372304347826
            ],
            "personID": 1,
            "keypoints": [
                [
                    459.308,
                    89.5199,
                    0.88901
                ],
                [
                    480.765,
                    112.974,
                    0.896053
                ],
                [
                    467.097,
                    107.16,
                    0.778656
                ],
                [
                    466.119,
                    137.445,
                    0.100231
                ],
                [
                    0.0,
                    0.0,
                    0.0
                ],
                [
                    490.619,
                    115.914,
                    0.810441
                ],
                [
                    497.461,
                    151.118,
                    0.87839
                ],
                [
                    489.601,
                    181.452,
                    0.874629
                ],
                [
                    472.978,
                    172.664,
                    0.782226
                ],
                [
                    465.129,
                    169.733,
                    0.766198
                ],
                [
                    466.17,
                    205.9,
                    0.802907
                ],
                [
                    466.109,
                    231.329,
                    0.912969
                ],
                [
                    480.834,
                    174.634,
                    0.783227
                ],
                [
                    481.806,
                    214.692,
                    0.848143
                ],
                [
                    480.789,
                    247.046,
                    0.890591
                ],
                [
                    458.353,
                    84.6442,
                    0.143919
                ],
                [
                    465.108,
                    85.6169,
                    0.875987
                ],
                [
                    0.0,
                    0.0,
                    0.0
                ],
                [
                    476.897,
                    88.5481,
                    0.866624
                ],
                [
                    471.99,
                    262.638,
                    0.854675
                ],
                [
                    476.904,
                    262.642,
                    0.862746
                ],
                [
                    480.799,
                    250.926,
                    0.733792
                ],
                [
                    450.454,
                    236.235,
                    0.764869
                ],
                [
                    451.457,
                    232.338,
                    0.715528
                ],
                [
                    470.026,
                    234.283,
                    0.794752
                ]
            ],
            "isKeyframe": false
        },
        {
            "bbox": [
                50.99002000000001,
                166.6648,
                137.84818,
                355.67920000000004,
                0.6545008461538462
            ],
            "personID": 2,
            "keypoints": [
                [
                    74.8877,
                    183.45,
                    0.90512
                ],
                [
                    67.0321,
                    222.519,
                    0.750474
                ],
                [
                    68.0178,
                    231.361,
                    0.773995
                ],
                [
                    112.97,
                    254.824,
                    0.859569
                ],
                [
                    97.3453,
                    232.362,
                    0.654131
                ],
                [
                    67.0501,
                    208.889,
                    0.567113
                ],
                [
                    0.0,
                    0.0,
                    0.0
                ],
                [
                    0.0,
                    0.0,
                    0.0
                ],
                [
                    107.142,
                    290.049,
                    0.450496
                ],
                [
                    109.078,
                    292.007,
                    0.569866
                ],
                [
                    130.61,
                    339.928,
                    0.54312
                ],
                [
                    0.0,
                    0.0,
                    0.0
                ],
                [
                    106.158,
                    290.036,
                    0.324084
                ],
                [
                    122.789,
                    337.984,
                    0.343826
                ],
                [
                    0.0,
                    0.0,
                    0.0
                ],
                [
                    69.9489,
                    182.416,
                    0.817297
                ],
                [
                    0.0,
                    0.0,
                    0.0
                ],
                [
                    58.2282,
                    191.243,
                    0.94942
                ],
                [
                    0.0,
                    0.0,
                    0.0
                ],
                [
                    0.0,
                    0.0,
                    0.0
                ],
                [
                    0.0,
                    0.0,
                    0.0
                ],
                [
                    0.0,
                    0.0,
                    0.0
                ],
                [
                    0.0,
                    0.0,
                    0.0
                ],
                [
                    0.0,
                    0.0,
                    0.0
                ],
                [
                    0.0,
                    0.0,
                    0.0
                ]
            ],
            "isKeyframe": false
        },
        {
            "bbox": [
                307.65060000000005,
                133.5781,
                425.05139999999994,
                274.3849,
                0.6731397105263158
            ],
            "personID": 3,
            "keypoints": [
                [
                    0.0,
                    0.0,
                    0.0
                ],
                [
                    332.107,
                    174.63,
                    0.806974
                ],
                [
                    332.149,
                    184.367,
                    0.82748
                ],
                [
                    317.434,
                    219.614,
                    0.831912
                ],
                [
                    350.683,
                    221.577,
                    0.842156
                ],
                [
                    332.079,
                    161.904,
                    0.69264
                ],
                [
                    0.0,
                    0.0,
                    0.0
                ],
                [
                    0.0,
                    0.0,
                    0.0
                ],
                [
                    347.723,
                    216.689,
                    0.531668
                ],
                [
                    346.797,
                    223.514,
                    0.579334
                ],
                [
                    396.655,
                    206.877,
                    0.858381
                ],
                [
                    395.717,
                    255.822,
                    0.833292
                ],
                [
                    347.747,
                    208.855,
                    0.4367
                ],
                [
                    392.772,
                    202.988,
                    0.581128
                ],
                [
                    386.856,
                    251.893,
                    0.757358
                ],
                [
                    356.568,
                    145.316,
                    0.1865
                ],
                [
                    0.0,
                    0.0,
                    0.0
                ],
                [
                    350.688,
                    152.114,
                    0.843774
                ],
                [
                    334.089,
                    145.312,
                    0.0889025
                ],
                [
                    0.0,
                    0.0,
                    0.0
                ],
                [
                    0.0,
                    0.0,
                    0.0
                ],
                [
                    381.016,
                    255.812,
                    0.664101
                ],
                [
                    415.268,
                    251.906,
                    0.754618
                ],
                [
                    411.39,
                    254.858,
                    0.786761
                ],
                [
                    393.729,
                    262.651,
                    0.885975
                ]
            ],
            "isKeyframe": false
        }
    ],
    "isKeyframe": false
}