{
    "filename": "images/1/002537.jpg",
    "height": 360,
    "width": 640,
    "annots": [
        {
            "bbox": [
                282.861,
                129.7181,
                415.59299999999996,
                292.8809,
                0.8103192173913042
            ],
            "personID": 0,
            "keypoints": [
                [
                    346.789,
                    145.258,
                    0.901035
                ],
                [
                    325.296,
                    167.764,
                    0.904161
                ],
                [
                    313.531,
                    176.547,
                    0.792999
                ],
                [
                    293.922,
                    206.922,
                    0.939656
                ],
                [
                    321.347,
                    220.595,
                    0.825752
                ],
                [
                    339.921,
                    158.986,
                    0.832291
                ],
                [
                    348.748,
                    172.681,
                    0.725824
                ],
                [
                    363.388,
                    187.328,
                    0.744895
                ],
                [
                    347.769,
                    215.711,
                    0.797668
                ],
                [
                    339.899,
                    222.528,
                    0.717236
                ],
                [
                    381.015,
                    229.361,
                    0.859443
                ],
                [
                    371.19,
                    270.511,
                    0.885022
                ],
                [
                    355.617,
                    209.847,
                    0.740737
                ],
                [
                    396.657,
                    216.708,
                    0.875667
                ],
                [
                    386.904,
                    261.663,
                    0.86044
                ],
                [
                    341.886,
                    143.315,
                    0.86911
                ],
                [
                    0.0,
                    0.0,
                    0.0
                ],
                [
                    332.073,
                    146.244,
                    0.90103
                ],
                [
                    0.0,
                    0.0,
                    0.0
                ],
                [
                    404.532,
                    265.602,
                    0.721874
                ],
                [
                    403.525,
                    262.681,
                    0.698245
                ],
                [
                    383.95,
                    262.693,
                    0.557976
                ],
                [
                    389.833,
                    277.334,
                    0.824964
                ],
                [
                    383.951,
                    279.284,
                    0.794043
                ],
                [
                    364.39,
                    276.358,
                    0.867274
                ]
            ],
            "isKeyframe": false
        },
        {
            "bbox": [
                169.81339999999997,
                71.02092,
                239.0966,
                245.88828,
                0.8175327916666667
            ],
            "personID": 1,
            "keypoints": [
                [
                    191.282,
                    89.5444,
                    0.980863
                ],
                [
                    187.341,
                    107.15,
                    0.858185
                ],
                [
                    175.59,
                    113.988,
                    0.927942
                ],
                [
                    175.587,
                    142.343,
                    0.857223
                ],
                [
                    183.448,
                    159.912,
                    0.626908
                ],
                [
                    200.074,
                    101.266,
                    0.885032
                ],
                [
                    207.868,
                    126.672,
                    0.713667
                ],
                [
                    215.728,
                    148.213,
                    0.445475
                ],
                [
                    200.059,
                    157.969,
                    0.811933
                ],
                [
                    191.291,
                    159.969,
                    0.835285
                ],
                [
                    200.087,
                    192.245,
                    0.874503
                ],
                [
                    208.895,
                    221.587,
                    0.853785
                ],
                [
                    208.838,
                    153.138,
                    0.79342
                ],
                [
                    222.561,
                    184.389,
                    0.929784
                ],
                [
                    221.568,
                    214.72,
                    0.869487
                ],
                [
                    186.358,
                    88.5583,
                    0.896719
                ],
                [
                    192.226,
                    85.5932,
                    0.894664
                ],
                [
                    179.501,
                    91.4948,
                    0.854138
                ],
                [
                    0.0,
                    0.0,
                    0.0
                ],
                [
                    233.323,
                    219.63,
                    0.744343
                ],
                [
                    232.365,
                    215.736,
                    0.794913
                ],
                [
                    216.719,
                    216.699,
                    0.721211
                ],
                [
                    216.716,
                    230.354,
                    0.858472
                ],
                [
                    212.76,
                    231.316,
                    0.839858
                ],
                [
                    209.851,
                    223.53,
                    0.752977
                ]
            ],
            "isKeyframe": false
        },
        {
            "bbox": [
                52.107189999999996,
                166.3832,
                136.66771,
                358.90880000000004,
                0.6477014615384615
            ],
            "personID": 2,
            "keypoints": [
                [
                    74.8649,
                    184.385,
                    0.875629
                ],
                [
                    66.9983,
                    221.581,
                    0.766517
                ],
                [
                    67.0308,
                    231.336,
                    0.798107
                ],
                [
                    108.101,
                    253.845,
                    0.806825
                ],
                [
                    98.283,
                    232.343,
                    0.727949
                ],
                [
                    67.0037,
                    208.861,
                    0.558468
                ],
                [
                    0.0,
                    0.0,
                    0.0
                ],
                [
                    0.0,
                    0.0,
                    0.0
                ],
                [
                    111.991,
                    291.994,
                    0.457839
                ],
                [
                    108.113,
                    293.006,
                    0.581491
                ],
                [
                    128.657,
                    342.865,
                    0.467267
                ],
                [
                    0.0,
                    0.0,
                    0.0
                ],
                [
                    113.016,
                    288.09,
                    0.358303
                ],
                [
                    129.621,
                    335.044,
                    0.277722
                ],
                [
                    0.0,
                    0.0,
                    0.0
                ],
                [
                    70.9341,
                    182.427,
                    0.809616
                ],
                [
                    0.0,
                    0.0,
                    0.0
                ],
                [
                    59.1539,
                    191.198,
                    0.934386
                ],
                [
                    0.0,
                    0.0,
                    0.0
                ],
                [
                    0.0,
                    0.0,
                    0.0
                ],
                [
                    0.0,
                    0.0,
                    0.0
                ],
                [
                    0.0,
                    0.0,
                    0.0
                ],
                [
                    0.0,
                    0.0,
                    0.0
                ],
                [
                    0.0,
                    0.0,
                    0.0
                ],
                [
                    0.0,
                    0.0,
                    0.0
                ]
            ],
            "isKeyframe": false
        },
        {
            "bbox": [
                444.73290000000003,
                65.85940000000001,
                502.22610000000003,
                279.50260000000003,
                0.7555402083333335
            ],
            "personID": 3,
            "keypoints": [
                [
                    460.236,
                    89.5245,
                    0.89105
                ],
                [
                    479.815,
                    112.029,
                    0.851375
                ],
                [
                    466.154,
                    106.195,
                    0.781287
                ],
                [
                    466.169,
                    137.442,
                    0.300787
                ],
                [
                    458.316,
                    155.062,
                    0.299157
                ],
                [
                    489.644,
                    114.936,
                    0.834941
                ],
                [
                    497.435,
                    148.213,
                    0.856921
                ],
                [
                    490.586,
                    178.55,
                    0.837828
                ],
                [
                    473.912,
                    171.675,
                    0.783344
                ],
                [
                    466.086,
                    168.781,
                    0.785184
                ],
                [
                    468.071,
                    204.953,
                    0.782858
                ],
                [
                    466.102,
                    231.329,
                    0.901348
                ],
                [
                    481.747,
                    174.592,
                    0.771598
                ],
                [
                    481.796,
                    213.754,
                    0.848572
                ],
                [
                    480.786,
                    247.034,
                    0.895318
                ],
                [
                    459.281,
                    83.663,
                    0.267534
                ],
                [
                    465.123,
                    85.6022,
                    0.884332
                ],
                [
                    0.0,
                    0.0,
                    0.0
                ],
                [
                    477.868,
                    88.5009,
                    0.843688
                ],
                [
                    472.914,
                    261.686,
                    0.85539
                ],
                [
                    477.866,
                    261.699,
                    0.837257
                ],
                [
                    480.791,
                    249.952,
                    0.737272
                ],
                [
                    449.524,
                    235.271,
                    0.764206
                ],
                [
                    450.523,
                    232.323,
                    0.743159
                ],
                [
                    469.076,
                    234.29,
                    0.778559
                ]
            ],
            "isKeyframe": false
        }
    ],
    "isKeyframe": false
}