{
    "filename": "images/1/002510.jpg",
    "height": 360,
    "width": 640,
    "annots": [
        {
            "bbox": [
                171.53199999999998,
                68.96997000000002,
                244.264,
                245.09072999999998,
                0.7962319583333333
            ],
            "personID": 0,
            "keypoints": [
                [
                    199.028,
                    89.4759,
                    0.918483
                ],
                [
                    192.241,
                    105.181,
                    0.955934
                ],
                [
                    177.593,
                    111.047,
                    0.84433
                ],
                [
                    179.508,
                    138.436,
                    0.813213
                ],
                [
                    189.29,
                    154.098,
                    0.227762
                ],
                [
                    206.897,
                    99.2936,
                    0.931826
                ],
                [
                    213.756,
                    121.836,
                    0.797297
                ],
                [
                    225.502,
                    121.78,
                    0.112405
                ],
                [
                    202.983,
                    153.106,
                    0.799442
                ],
                [
                    193.21,
                    156.026,
                    0.773285
                ],
                [
                    201.068,
                    190.28,
                    0.826083
                ],
                [
                    208.88,
                    221.551,
                    0.864252
                ],
                [
                    212.77,
                    152.1,
                    0.787516
                ],
                [
                    221.591,
                    182.434,
                    0.852465
                ],
                [
                    223.571,
                    207.913,
                    0.888779
                ],
                [
                    192.272,
                    86.5725,
                    0.893621
                ],
                [
                    199.105,
                    83.6467,
                    0.903689
                ],
                [
                    184.437,
                    89.4731,
                    0.931368
                ],
                [
                    0.0,
                    0.0,
                    0.0
                ],
                [
                    238.203,
                    214.679,
                    0.838112
                ],
                [
                    238.192,
                    210.814,
                    0.78645
                ],
                [
                    222.527,
                    213.709,
                    0.830754
                ],
                [
                    217.665,
                    230.372,
                    0.860573
                ],
                [
                    212.772,
                    230.414,
                    0.842007
                ],
                [
                    208.874,
                    223.494,
                    0.829921
                ]
            ],
            "isKeyframe": false
        },
        {
            "bbox": [
                291.8076,
                126.9513,
                388.12440000000004,
                323.0277,
                0.8056268400000001
            ],
            "personID": 1,
            "keypoints": [
                [
                    339.912,
                    150.158,
                    0.88859
                ],
                [
                    336.032,
                    161.904,
                    0.87029
                ],
                [
                    316.456,
                    166.758,
                    0.872285
                ],
                [
                    299.834,
                    184.442,
                    0.898411
                ],
                [
                    301.84,
                    205.923,
                    0.87872
                ],
                [
                    356.572,
                    159.943,
                    0.925967
                ],
                [
                    380.098,
                    174.595,
                    0.86172
                ],
                [
                    376.116,
                    193.244,
                    0.813941
                ],
                [
                    341.891,
                    215.684,
                    0.840481
                ],
                [
                    330.139,
                    215.688,
                    0.80301
                ],
                [
                    333.118,
                    238.233,
                    0.90633
                ],
                [
                    316.502,
                    282.234,
                    0.824657
                ],
                [
                    355.609,
                    215.702,
                    0.860003
                ],
                [
                    359.492,
                    238.222,
                    0.809165
                ],
                [
                    347.718,
                    288.079,
                    0.805867
                ],
                [
                    333.097,
                    145.295,
                    0.909743
                ],
                [
                    340.934,
                    144.289,
                    0.933722
                ],
                [
                    324.287,
                    145.297,
                    0.926664
                ],
                [
                    343.857,
                    143.291,
                    0.210643
                ],
                [
                    340.896,
                    306.688,
                    0.765105
                ],
                [
                    348.711,
                    305.691,
                    0.777408
                ],
                [
                    340.943,
                    292.012,
                    0.59424
                ],
                [
                    316.477,
                    300.802,
                    0.805615
                ],
                [
                    309.585,
                    297.875,
                    0.760762
                ],
                [
                    316.464,
                    285.169,
                    0.597332
                ]
            ],
            "isKeyframe": false
        },
        {
            "bbox": [
                444.72639999999996,
                64.77060999999999,
                502.2376,
                279.60049,
                0.8124594583333332
            ],
            "personID": 2,
            "keypoints": [
                [
                    459.307,
                    88.5226,
                    0.870402
                ],
                [
                    478.831,
                    111.023,
                    0.806457
                ],
                [
                    466.087,
                    106.15,
                    0.867211
                ],
                [
                    465.13,
                    129.669,
                    0.731924
                ],
                [
                    457.315,
                    150.158,
                    0.80312
                ],
                [
                    489.614,
                    113.942,
                    0.863904
                ],
                [
                    497.445,
                    145.282,
                    0.868823
                ],
                [
                    494.492,
                    176.567,
                    0.846597
                ],
                [
                    472.93,
                    168.769,
                    0.793125
                ],
                [
                    465.097,
                    167.777,
                    0.765269
                ],
                [
                    467.136,
                    202.992,
                    0.784268
                ],
                [
                    466.103,
                    231.323,
                    0.914343
                ],
                [
                    480.771,
                    170.726,
                    0.751878
                ],
                [
                    481.754,
                    210.811,
                    0.828746
                ],
                [
                    480.775,
                    247.019,
                    0.885542
                ],
                [
                    458.342,
                    82.6731,
                    0.620032
                ],
                [
                    465.137,
                    82.7009,
                    0.93307
                ],
                [
                    0.0,
                    0.0,
                    0.0
                ],
                [
                    477.871,
                    83.6703,
                    0.859693
                ],
                [
                    472.926,
                    261.696,
                    0.85415
                ],
                [
                    477.877,
                    261.698,
                    0.846011
                ],
                [
                    480.772,
                    249.925,
                    0.716712
                ],
                [
                    449.519,
                    234.301,
                    0.76355
                ],
                [
                    450.52,
                    231.405,
                    0.732155
                ],
                [
                    469.078,
                    234.305,
                    0.792045
                ]
            ],
            "isKeyframe": false
        },
        {
            "bbox": [
                51.08958000000001,
                167.14640000000003,
                136.78422,
                362.03360000000004,
                0.6539197692307693
            ],
            "personID": 3,
            "keypoints": [
                [
                    74.8612,
                    184.436,
                    0.875996
                ],
                [
                    67.0349,
                    222.529,
                    0.763611
                ],
                [
                    67.0346,
                    231.343,
                    0.801481
                ],
                [
                    111.032,
                    253.875,
                    0.832267
                ],
                [
                    97.3563,
                    230.358,
                    0.65029
                ],
                [
                    67.9836,
                    210.804,
                    0.553306
                ],
                [
                    0.0,
                    0.0,
                    0.0
                ],
                [
                    0.0,
                    0.0,
                    0.0
                ],
                [
                    111.992,
                    292.009,
                    0.482959
                ],
                [
                    108.11,
                    293.959,
                    0.586741
                ],
                [
                    129.591,
                    345.793,
                    0.483419
                ],
                [
                    0.0,
                    0.0,
                    0.0
                ],
                [
                    113.945,
                    288.089,
                    0.39308
                ],
                [
                    129.643,
                    337.982,
                    0.292245
                ],
                [
                    0.0,
                    0.0,
                    0.0
                ],
                [
                    70.9442,
                    183.387,
                    0.842433
                ],
                [
                    0.0,
                    0.0,
                    0.0
                ],
                [
                    58.2308,
                    191.228,
                    0.943129
                ],
                [
                    0.0,
                    0.0,
                    0.0
                ],
                [
                    0.0,
                    0.0,
                    0.0
                ],
                [
                    0.0,
                    0.0,
                    0.0
                ],
                [
                    0.0,
                    0.0,
                    0.0
                ],
                [
                    0.0,
                    0.0,
                    0.0
                ],
                [
                    0.0,
                    0.0,
                    0.0
                ],
                [
                    0.0,
                    0.0,
                    0.0
                ]
            ],
            "isKeyframe": false
        }
    ],
    "isKeyframe": false
}