{
    "filename": "images/1/002483.jpg",
    "height": 360,
    "width": 640,
    "annots": [
        {
            "bbox": [
                182.2733,
                66.83976999999997,
                243.26569999999998,
                245.23093,
                0.7917954583333334
            ],
            "personID": 0,
            "keypoints": [
                [
                    208.845,
                    85.5906,
                    0.868044
                ],
                [
                    201.062,
                    100.27,
                    0.869297
                ],
                [
                    189.301,
                    105.135,
                    0.874269
                ],
                [
                    187.356,
                    131.589,
                    0.77857
                ],
                [
                    196.132,
                    152.086,
                    0.205283
                ],
                [
                    215.678,
                    97.3682,
                    0.96286
                ],
                [
                    222.533,
                    120.832,
                    0.726228
                ],
                [
                    228.422,
                    144.277,
                    0.107188
                ],
                [
                    208.873,
                    152.135,
                    0.824501
                ],
                [
                    200.075,
                    153.128,
                    0.822838
                ],
                [
                    207.84,
                    185.375,
                    0.909845
                ],
                [
                    209.831,
                    219.625,
                    0.826233
                ],
                [
                    218.648,
                    151.139,
                    0.767585
                ],
                [
                    222.558,
                    182.421,
                    0.862092
                ],
                [
                    224.496,
                    207.894,
                    0.882605
                ],
                [
                    206.889,
                    82.6315,
                    0.944344
                ],
                [
                    212.747,
                    82.6288,
                    0.877299
                ],
                [
                    199.023,
                    81.7057,
                    0.887414
                ],
                [
                    0.0,
                    0.0,
                    0.0
                ],
                [
                    237.236,
                    214.681,
                    0.858127
                ],
                [
                    238.183,
                    210.802,
                    0.813459
                ],
                [
                    222.552,
                    212.767,
                    0.830076
                ],
                [
                    216.723,
                    230.339,
                    0.847264
                ],
                [
                    212.765,
                    230.365,
                    0.812563
                ],
                [
                    208.875,
                    222.562,
                    0.845107
                ]
            ],
            "isKeyframe": false
        },
        {
            "bbox": [
                271.37589999999994,
                137.5475,
                389.8771,
                324.1295,
                0.8061424166666668
            ],
            "personID": 1,
            "keypoints": [
                [
                    311.571,
                    166.783,
                    0.848478
                ],
                [
                    332.075,
                    168.767,
                    0.876516
                ],
                [
                    317.438,
                    167.791,
                    0.792646
                ],
                [
                    315.455,
                    179.508,
                    0.680067
                ],
                [
                    307.663,
                    198.105,
                    0.811056
                ],
                [
                    342.897,
                    169.725,
                    0.806334
                ],
                [
                    380.002,
                    183.384,
                    0.9048
                ],
                [
                    364.402,
                    206.875,
                    0.892615
                ],
                [
                    339.965,
                    215.697,
                    0.799249
                ],
                [
                    330.161,
                    214.704,
                    0.773532
                ],
                [
                    292.964,
                    238.165,
                    0.926518
                ],
                [
                    296.881,
                    268.512,
                    0.818668
                ],
                [
                    349.73,
                    216.715,
                    0.697336
                ],
                [
                    321.335,
                    246.026,
                    0.890551
                ],
                [
                    338.931,
                    289.06,
                    0.766297
                ],
                [
                    309.585,
                    160.95,
                    0.460654
                ],
                [
                    315.47,
                    160.935,
                    0.910317
                ],
                [
                    0.0,
                    0.0,
                    0.0
                ],
                [
                    325.253,
                    153.096,
                    0.962454
                ],
                [
                    327.21,
                    308.581,
                    0.822083
                ],
                [
                    334.083,
                    307.634,
                    0.787938
                ],
                [
                    342.858,
                    292.005,
                    0.702784
                ],
                [
                    284.159,
                    283.219,
                    0.790825
                ],
                [
                    281.251,
                    278.334,
                    0.764437
                ],
                [
                    301.775,
                    269.523,
                    0.861263
                ]
            ],
            "isKeyframe": false
        },
        {
            "bbox": [
                445.1977,
                62.63486999999999,
                496.8253,
                279.79683,
                0.8112781666666667
            ],
            "personID": 2,
            "keypoints": [
                [
                    458.287,
                    83.6597,
                    0.920255
                ],
                [
                    473.015,
                    106.104,
                    0.916506
                ],
                [
                    462.219,
                    101.265,
                    0.787704
                ],
                [
                    464.147,
                    130.591,
                    0.645394
                ],
                [
                    455.379,
                    151.159,
                    0.708425
                ],
                [
                    484.719,
                    110.045,
                    0.788467
                ],
                [
                    492.523,
                    139.423,
                    0.812193
                ],
                [
                    488.615,
                    168.742,
                    0.947118
                ],
                [
                    469.076,
                    167.741,
                    0.759349
                ],
                [
                    463.18,
                    166.782,
                    0.722202
                ],
                [
                    466.18,
                    201.997,
                    0.782981
                ],
                [
                    466.102,
                    230.404,
                    0.880858
                ],
                [
                    475.917,
                    167.792,
                    0.755525
                ],
                [
                    479.829,
                    207.906,
                    0.805753
                ],
                [
                    480.762,
                    246.975,
                    0.860066
                ],
                [
                    457.299,
                    80.7317,
                    0.840241
                ],
                [
                    463.191,
                    81.6712,
                    0.896781
                ],
                [
                    0.0,
                    0.0,
                    0.0
                ],
                [
                    473.944,
                    81.7196,
                    0.948768
                ],
                [
                    471.982,
                    261.7,
                    0.824944
                ],
                [
                    476.893,
                    261.69,
                    0.819624
                ],
                [
                    480.819,
                    248.001,
                    0.753907
                ],
                [
                    449.5,
                    234.304,
                    0.78262
                ],
                [
                    450.517,
                    232.315,
                    0.746566
                ],
                [
                    469.059,
                    233.331,
                    0.764429
                ]
            ],
            "isKeyframe": false
        },
        {
            "bbox": [
                52.154439999999994,
                167.0267,
                136.68196,
                363.1223,
                0.6372233076923076
            ],
            "personID": 3,
            "keypoints": [
                [
                    75.817,
                    184.415,
                    0.837215
                ],
                [
                    67.0298,
                    222.577,
                    0.73042
                ],
                [
                    70.9231,
                    232.343,
                    0.729719
                ],
                [
                    112.966,
                    253.871,
                    0.837418
                ],
                [
                    98.3251,
                    231.375,
                    0.763633
                ],
                [
                    63.1088,
                    208.858,
                    0.510277
                ],
                [
                    0.0,
                    0.0,
                    0.0
                ],
                [
                    0.0,
                    0.0,
                    0.0
                ],
                [
                    112.021,
                    293.936,
                    0.444318
                ],
                [
                    111.03,
                    294.962,
                    0.57177
                ],
                [
                    129.638,
                    346.781,
                    0.495556
                ],
                [
                    0.0,
                    0.0,
                    0.0
                ],
                [
                    113.008,
                    291.989,
                    0.334174
                ],
                [
                    129.629,
                    340.922,
                    0.261708
                ],
                [
                    0.0,
                    0.0,
                    0.0
                ],
                [
                    72.8524,
                    183.368,
                    0.835153
                ],
                [
                    0.0,
                    0.0,
                    0.0
                ],
                [
                    59.1984,
                    191.281,
                    0.932542
                ],
                [
                    0.0,
                    0.0,
                    0.0
                ],
                [
                    0.0,
                    0.0,
                    0.0
                ],
                [
                    0.0,
                    0.0,
                    0.0
                ],
                [
                    0.0,
                    0.0,
                    0.0
                ],
                [
                    0.0,
                    0.0,
                    0.0
                ],
                [
                    0.0,
                    0.0,
                    0.0
                ],
                [
                    0.0,
                    0.0,
                    0.0
                ]
            ],
            "isKeyframe": false
        }
    ],
    "isKeyframe": false
}