{
    "filename": "images/1/002511.jpg",
    "height": 360,
    "width": 640,
    "annots": [
        {
            "bbox": [
                170.4591,
                68.88473,
                244.37789999999998,
                246.09557,
                0.8165807083333334
            ],
            "personID": 0,
            "keypoints": [
                [
                    198.09,
                    89.4768,
                    0.905892
                ],
                [
                    192.184,
                    106.101,
                    0.967169
                ],
                [
                    176.619,
                    111.988,
                    0.878937
                ],
                [
                    178.529,
                    138.452,
                    0.822202
                ],
                [
                    186.363,
                    159.918,
                    0.451844
                ],
                [
                    206.843,
                    99.3392,
                    0.889641
                ],
                [
                    213.729,
                    122.768,
                    0.798201
                ],
                [
                    229.395,
                    127.662,
                    0.26402
                ],
                [
                    202.02,
                    154.082,
                    0.783138
                ],
                [
                    192.282,
                    157.995,
                    0.787563
                ],
                [
                    201.997,
                    191.256,
                    0.849346
                ],
                [
                    208.874,
                    221.582,
                    0.87831
                ],
                [
                    212.755,
                    152.152,
                    0.789165
                ],
                [
                    222.516,
                    182.451,
                    0.870027
                ],
                [
                    223.573,
                    208.844,
                    0.888695
                ],
                [
                    192.242,
                    86.572,
                    0.90302
                ],
                [
                    199.065,
                    83.6523,
                    0.908204
                ],
                [
                    184.411,
                    89.4922,
                    0.945649
                ],
                [
                    0.0,
                    0.0,
                    0.0
                ],
                [
                    238.218,
                    213.753,
                    0.854024
                ],
                [
                    238.188,
                    209.859,
                    0.801297
                ],
                [
                    222.528,
                    213.762,
                    0.850459
                ],
                [
                    217.664,
                    230.385,
                    0.847348
                ],
                [
                    212.767,
                    231.328,
                    0.826114
                ],
                [
                    208.871,
                    223.511,
                    0.837672
                ]
            ],
            "isKeyframe": false
        },
        {
            "bbox": [
                444.72290000000004,
                64.80302,
                502.2281,
                279.59318,
                0.8157627083333333
            ],
            "personID": 1,
            "keypoints": [
                [
                    459.312,
                    88.5566,
                    0.876782
                ],
                [
                    478.825,
                    111.988,
                    0.825464
                ],
                [
                    466.082,
                    107.108,
                    0.873406
                ],
                [
                    465.101,
                    131.586,
                    0.739197
                ],
                [
                    457.276,
                    151.112,
                    0.812785
                ],
                [
                    489.626,
                    113.956,
                    0.86069
                ],
                [
                    497.436,
                    145.289,
                    0.868834
                ],
                [
                    495.442,
                    176.565,
                    0.860108
                ],
                [
                    472.957,
                    168.788,
                    0.799581
                ],
                [
                    465.125,
                    168.72,
                    0.782529
                ],
                [
                    468.076,
                    202.993,
                    0.787984
                ],
                [
                    466.101,
                    231.328,
                    0.915536
                ],
                [
                    480.801,
                    171.674,
                    0.762281
                ],
                [
                    481.759,
                    210.8,
                    0.829523
                ],
                [
                    480.775,
                    247.021,
                    0.885286
                ],
                [
                    458.349,
                    82.7022,
                    0.58809
                ],
                [
                    465.143,
                    83.6403,
                    0.928956
                ],
                [
                    0.0,
                    0.0,
                    0.0
                ],
                [
                    478.832,
                    84.6276,
                    0.846562
                ],
                [
                    472.921,
                    261.693,
                    0.859462
                ],
                [
                    477.874,
                    261.694,
                    0.84439
                ],
                [
                    480.778,
                    249.933,
                    0.726866
                ],
                [
                    449.515,
                    234.302,
                    0.772
                ],
                [
                    450.523,
                    231.407,
                    0.739173
                ],
                [
                    469.07,
                    235.249,
                    0.79282
                ]
            ],
            "isKeyframe": false
        },
        {
            "bbox": [
                290.80099999999993,
                125.0323,
                387.125,
                321.0487,
                0.7988602400000001
            ],
            "personID": 2,
            "keypoints": [
                [
                    339.909,
                    147.246,
                    0.880096
                ],
                [
                    335.06,
                    160.974,
                    0.885599
                ],
                [
                    315.499,
                    165.831,
                    0.848129
                ],
                [
                    298.828,
                    185.371,
                    0.857811
                ],
                [
                    301.823,
                    205.921,
                    0.897091
                ],
                [
                    356.55,
                    158.984,
                    0.904249
                ],
                [
                    379.098,
                    174.588,
                    0.88001
                ],
                [
                    374.163,
                    193.194,
                    0.817473
                ],
                [
                    342.864,
                    214.755,
                    0.8298
                ],
                [
                    330.165,
                    215.671,
                    0.81905
                ],
                [
                    338.973,
                    239.139,
                    0.912923
                ],
                [
                    323.267,
                    285.142,
                    0.818543
                ],
                [
                    356.559,
                    214.745,
                    0.862315
                ],
                [
                    363.399,
                    236.242,
                    0.866492
                ],
                [
                    351.66,
                    287.124,
                    0.765037
                ],
                [
                    333.091,
                    145.232,
                    0.926561
                ],
                [
                    340.92,
                    143.315,
                    0.911522
                ],
                [
                    324.256,
                    145.277,
                    0.921324
                ],
                [
                    345.787,
                    141.367,
                    0.169079
                ],
                [
                    343.86,
                    304.714,
                    0.751393
                ],
                [
                    352.661,
                    303.736,
                    0.762766
                ],
                [
                    348.737,
                    291.998,
                    0.586017
                ],
                [
                    323.325,
                    301.764,
                    0.777566
                ],
                [
                    316.444,
                    299.831,
                    0.758539
                ],
                [
                    321.352,
                    287.101,
                    0.562121
                ]
            ],
            "isKeyframe": false
        },
        {
            "bbox": [
                51.08381000000001,
                167.14710000000002,
                136.79129,
                362.03790000000004,
                0.6550555384615383
            ],
            "personID": 3,
            "keypoints": [
                [
                    74.859,
                    184.436,
                    0.878179
                ],
                [
                    67.0225,
                    222.528,
                    0.76758
                ],
                [
                    67.0143,
                    231.335,
                    0.807505
                ],
                [
                    110.046,
                    253.864,
                    0.821809
                ],
                [
                    97.3552,
                    230.353,
                    0.621661
                ],
                [
                    67.9814,
                    210.804,
                    0.557622
                ],
                [
                    0.0,
                    0.0,
                    0.0
                ],
                [
                    0.0,
                    0.0,
                    0.0
                ],
                [
                    112.0,
                    292.954,
                    0.492436
                ],
                [
                    108.113,
                    293.974,
                    0.590621
                ],
                [
                    129.589,
                    345.797,
                    0.495608
                ],
                [
                    0.0,
                    0.0,
                    0.0
                ],
                [
                    113.947,
                    288.102,
                    0.399899
                ],
                [
                    129.649,
                    337.988,
                    0.298886
                ],
                [
                    0.0,
                    0.0,
                    0.0
                ],
                [
                    70.9392,
                    183.388,
                    0.84084
                ],
                [
                    0.0,
                    0.0,
                    0.0
                ],
                [
                    58.2261,
                    191.23,
                    0.943076
                ],
                [
                    0.0,
                    0.0,
                    0.0
                ],
                [
                    0.0,
                    0.0,
                    0.0
                ],
                [
                    0.0,
                    0.0,
                    0.0
                ],
                [
                    0.0,
                    0.0,
                    0.0
                ],
                [
                    0.0,
                    0.0,
                    0.0
                ],
                [
                    0.0,
                    0.0,
                    0.0
                ],
                [
                    0.0,
                    0.0,
                    0.0
                ]
            ],
            "isKeyframe": false
        }
    ],
    "isKeyframe": false
}