{
    "filename": "images/1/002569.jpg",
    "height": 360,
    "width": 640,
    "annots": [
        {
            "bbox": [
                177.7961,
                66.72678000000002,
                244.7309,
                246.30702000000002,
                0.8340521666666666
            ],
            "personID": 0,
            "keypoints": [
                [
                    199.04,
                    84.613,
                    0.905013
                ],
                [
                    194.177,
                    104.154,
                    0.857426
                ],
                [
                    183.391,
                    108.121,
                    0.858373
                ],
                [
                    183.374,
                    136.437,
                    0.854866
                ],
                [
                    192.194,
                    153.11,
                    0.767254
                ],
                [
                    207.835,
                    97.3247,
                    0.947701
                ],
                [
                    213.753,
                    120.788,
                    0.669564
                ],
                [
                    220.606,
                    143.309,
                    0.341355
                ],
                [
                    207.846,
                    153.086,
                    0.834102
                ],
                [
                    200.019,
                    154.102,
                    0.811292
                ],
                [
                    205.918,
                    190.242,
                    0.83789
                ],
                [
                    208.876,
                    221.569,
                    0.875964
                ],
                [
                    215.68,
                    151.16,
                    0.79866
                ],
                [
                    222.542,
                    182.413,
                    0.863473
                ],
                [
                    224.542,
                    208.882,
                    0.852772
                ],
                [
                    192.269,
                    82.6835,
                    0.943484
                ],
                [
                    199.1,
                    81.6918,
                    0.94882
                ],
                [
                    184.443,
                    88.4989,
                    0.894232
                ],
                [
                    0.0,
                    0.0,
                    0.0
                ],
                [
                    239.153,
                    214.693,
                    0.905923
                ],
                [
                    239.147,
                    211.78,
                    0.851223
                ],
                [
                    223.49,
                    214.697,
                    0.861536
                ],
                [
                    217.676,
                    230.408,
                    0.851225
                ],
                [
                    212.784,
                    231.342,
                    0.840079
                ],
                [
                    208.845,
                    223.514,
                    0.845025
                ]
            ],
            "isKeyframe": false
        },
        {
            "bbox": [
                305.9847,
                133.78130000000002,
                419.85630000000003,
                259.4177,
                0.5942384545454544
            ],
            "personID": 1,
            "keypoints": [
                [
                    0.0,
                    0.0,
                    0.0
                ],
                [
                    338.964,
                    168.797,
                    0.826792
                ],
                [
                    347.758,
                    177.587,
                    0.805954
                ],
                [
                    338.978,
                    214.746,
                    0.896409
                ],
                [
                    364.416,
                    215.708,
                    0.909349
                ],
                [
                    327.218,
                    159.98,
                    0.816514
                ],
                [
                    315.474,
                    172.675,
                    0.626262
                ],
                [
                    325.285,
                    190.244,
                    0.179499
                ],
                [
                    341.883,
                    218.627,
                    0.545677
                ],
                [
                    347.772,
                    222.581,
                    0.589504
                ],
                [
                    393.699,
                    198.092,
                    0.809257
                ],
                [
                    395.668,
                    243.088,
                    0.774874
                ],
                [
                    333.096,
                    214.727,
                    0.421466
                ],
                [
                    378.099,
                    193.229,
                    0.519813
                ],
                [
                    386.911,
                    237.238,
                    0.414604
                ],
                [
                    0.0,
                    0.0,
                    0.0
                ],
                [
                    0.0,
                    0.0,
                    0.0
                ],
                [
                    361.455,
                    150.158,
                    0.804187
                ],
                [
                    340.947,
                    144.251,
                    0.513136
                ],
                [
                    408.394,
                    232.335,
                    0.183879
                ],
                [
                    404.49,
                    234.283,
                    0.113805
                ],
                [
                    380.068,
                    242.134,
                    0.240165
                ],
                [
                    410.367,
                    237.195,
                    0.681643
                ],
                [
                    410.347,
                    239.197,
                    0.698971
                ],
                [
                    392.766,
                    248.948,
                    0.701486
                ]
            ],
            "isKeyframe": false
        },
        {
            "bbox": [
                445.7671,
                66.80518,
                502.1539,
                280.44861999999995,
                0.7751578695652175
            ],
            "personID": 2,
            "keypoints": [
                [
                    463.172,
                    89.4838,
                    0.877438
                ],
                [
                    480.775,
                    112.994,
                    0.894835
                ],
                [
                    468.072,
                    107.151,
                    0.773378
                ],
                [
                    466.126,
                    137.434,
                    0.101785
                ],
                [
                    0.0,
                    0.0,
                    0.0
                ],
                [
                    490.589,
                    116.917,
                    0.804189
                ],
                [
                    497.455,
                    152.126,
                    0.908917
                ],
                [
                    489.608,
                    183.398,
                    0.913821
                ],
                [
                    473.002,
                    173.644,
                    0.789598
                ],
                [
                    465.158,
                    170.699,
                    0.766185
                ],
                [
                    465.179,
                    204.941,
                    0.804146
                ],
                [
                    466.104,
                    230.414,
                    0.919123
                ],
                [
                    481.745,
                    175.59,
                    0.790122
                ],
                [
                    482.786,
                    214.719,
                    0.83336
                ],
                [
                    480.782,
                    247.057,
                    0.897704
                ],
                [
                    461.229,
                    84.6088,
                    0.138511
                ],
                [
                    466.094,
                    84.6345,
                    0.900061
                ],
                [
                    0.0,
                    0.0,
                    0.0
                ],
                [
                    478.851,
                    89.4709,
                    0.883186
                ],
                [
                    472.002,
                    262.637,
                    0.857558
                ],
                [
                    477.854,
                    262.645,
                    0.869912
                ],
                [
                    480.777,
                    251.884,
                    0.736958
                ],
                [
                    450.466,
                    236.252,
                    0.800338
                ],
                [
                    451.469,
                    232.343,
                    0.752585
                ],
                [
                    470.023,
                    233.325,
                    0.814921
                ]
            ],
            "isKeyframe": false
        },
        {
            "bbox": [
                50.99005,
                166.7632,
                137.85145,
                354.62080000000003,
                0.658457769230769
            ],
            "personID": 3,
            "keypoints": [
                [
                    74.897,
                    183.448,
                    0.904122
                ],
                [
                    67.0387,
                    222.535,
                    0.748609
                ],
                [
                    68.9821,
                    231.37,
                    0.751586
                ],
                [
                    112.979,
                    253.887,
                    0.880704
                ],
                [
                    97.3586,
                    231.401,
                    0.734035
                ],
                [
                    67.0361,
                    209.834,
                    0.56722
                ],
                [
                    0.0,
                    0.0,
                    0.0
                ],
                [
                    0.0,
                    0.0,
                    0.0
                ],
                [
                    107.126,
                    291.029,
                    0.451341
                ],
                [
                    110.037,
                    292.961,
                    0.549777
                ],
                [
                    130.613,
                    338.966,
                    0.539579
                ],
                [
                    0.0,
                    0.0,
                    0.0
                ],
                [
                    106.129,
                    291.023,
                    0.335635
                ],
                [
                    122.776,
                    336.017,
                    0.339396
                ],
                [
                    0.0,
                    0.0,
                    0.0
                ],
                [
                    69.9609,
                    182.418,
                    0.8153
                ],
                [
                    0.0,
                    0.0,
                    0.0
                ],
                [
                    58.2285,
                    191.244,
                    0.942647
                ],
                [
                    0.0,
                    0.0,
                    0.0
                ],
                [
                    0.0,
                    0.0,
                    0.0
                ],
                [
                    0.0,
                    0.0,
                    0.0
                ],
                [
                    0.0,
                    0.0,
                    0.0
                ],
                [
                    0.0,
                    0.0,
                    0.0
                ],
                [
                    0.0,
                    0.0,
                    0.0
                ],
                [
                    0.0,
                    0.0,
                    0.0
                ]
            ],
            "isKeyframe": false
        }
    ],
    "isKeyframe": false
}