{
    "filename": "images/1/002572.jpg",
    "height": 360,
    "width": 640,
    "annots": [
        {
            "bbox": [
                177.8501,
                65.65111000000002,
                244.7249,
                246.44299,
                0.8285001666666666
            ],
            "personID": 0,
            "keypoints": [
                [
                    199.094,
                    82.7228,
                    0.946956
                ],
                [
                    195.18,
                    103.2,
                    0.838781
                ],
                [
                    183.441,
                    107.129,
                    0.892652
                ],
                [
                    183.423,
                    136.42,
                    0.878249
                ],
                [
                    192.244,
                    153.127,
                    0.78654
                ],
                [
                    207.87,
                    97.3201,
                    0.94182
                ],
                [
                    214.727,
                    119.831,
                    0.706284
                ],
                [
                    222.567,
                    139.4,
                    0.334235
                ],
                [
                    207.878,
                    152.131,
                    0.836476
                ],
                [
                    200.047,
                    153.144,
                    0.824592
                ],
                [
                    206.868,
                    189.279,
                    0.846247
                ],
                [
                    208.879,
                    221.586,
                    0.858265
                ],
                [
                    215.711,
                    150.174,
                    0.785505
                ],
                [
                    222.529,
                    181.46,
                    0.857387
                ],
                [
                    224.541,
                    208.874,
                    0.848772
                ],
                [
                    193.228,
                    81.7344,
                    0.917764
                ],
                [
                    200.044,
                    80.7171,
                    0.925242
                ],
                [
                    185.401,
                    86.586,
                    0.847874
                ],
                [
                    0.0,
                    0.0,
                    0.0
                ],
                [
                    239.152,
                    214.69,
                    0.884169
                ],
                [
                    239.152,
                    211.783,
                    0.828279
                ],
                [
                    222.594,
                    214.694,
                    0.859209
                ],
                [
                    217.675,
                    231.343,
                    0.818583
                ],
                [
                    212.779,
                    231.377,
                    0.804795
                ],
                [
                    208.847,
                    223.517,
                    0.815328
                ]
            ],
            "isKeyframe": false
        },
        {
            "bbox": [
                445.7798,
                65.85565999999999,
                502.1702,
                279.51493999999997,
                0.7761118260869565
            ],
            "personID": 1,
            "keypoints": [
                [
                    461.244,
                    88.5475,
                    0.865293
                ],
                [
                    480.756,
                    112.972,
                    0.888121
                ],
                [
                    467.091,
                    107.11,
                    0.805807
                ],
                [
                    466.088,
                    137.434,
                    0.075354
                ],
                [
                    0.0,
                    0.0,
                    0.0
                ],
                [
                    490.594,
                    116.895,
                    0.812502
                ],
                [
                    497.471,
                    152.113,
                    0.898337
                ],
                [
                    489.617,
                    183.399,
                    0.91104
                ],
                [
                    473.013,
                    174.593,
                    0.805845
                ],
                [
                    465.161,
                    170.724,
                    0.77412
                ],
                [
                    466.082,
                    205.915,
                    0.826188
                ],
                [
                    466.099,
                    231.326,
                    0.923911
                ],
                [
                    481.759,
                    175.605,
                    0.804265
                ],
                [
                    482.774,
                    214.748,
                    0.835728
                ],
                [
                    480.792,
                    247.047,
                    0.905948
                ],
                [
                    460.27,
                    83.6667,
                    0.116584
                ],
                [
                    465.182,
                    83.6606,
                    0.920626
                ],
                [
                    0.0,
                    0.0,
                    0.0
                ],
                [
                    478.816,
                    89.4593,
                    0.857278
                ],
                [
                    472.923,
                    261.687,
                    0.861494
                ],
                [
                    477.866,
                    261.71,
                    0.86871
                ],
                [
                    480.796,
                    250.929,
                    0.738494
                ],
                [
                    450.479,
                    236.219,
                    0.783624
                ],
                [
                    452.421,
                    232.319,
                    0.754971
                ],
                [
                    469.075,
                    234.291,
                    0.816332
                ]
            ],
            "isKeyframe": false
        },
        {
            "bbox": [
                51.01034000000001,
                166.7887,
                137.86705999999998,
                354.61629999999997,
                0.6587808461538462
            ],
            "personID": 2,
            "keypoints": [
                [
                    75.815,
                    184.365,
                    0.888826
                ],
                [
                    67.0313,
                    222.543,
                    0.740988
                ],
                [
                    68.9814,
                    231.383,
                    0.746757
                ],
                [
                    112.996,
                    253.889,
                    0.8873
                ],
                [
                    97.3544,
                    231.377,
                    0.754567
                ],
                [
                    67.005,
                    208.881,
                    0.56621
                ],
                [
                    0.0,
                    0.0,
                    0.0
                ],
                [
                    0.0,
                    0.0,
                    0.0
                ],
                [
                    107.143,
                    292.003,
                    0.443084
                ],
                [
                    110.057,
                    292.989,
                    0.553678
                ],
                [
                    130.629,
                    338.964,
                    0.537707
                ],
                [
                    0.0,
                    0.0,
                    0.0
                ],
                [
                    106.132,
                    292.003,
                    0.336635
                ],
                [
                    122.767,
                    336.991,
                    0.3485
                ],
                [
                    0.0,
                    0.0,
                    0.0
                ],
                [
                    70.9378,
                    182.441,
                    0.81738
                ],
                [
                    0.0,
                    0.0,
                    0.0
                ],
                [
                    58.2484,
                    191.255,
                    0.942519
                ],
                [
                    0.0,
                    0.0,
                    0.0
                ],
                [
                    0.0,
                    0.0,
                    0.0
                ],
                [
                    0.0,
                    0.0,
                    0.0
                ],
                [
                    0.0,
                    0.0,
                    0.0
                ],
                [
                    0.0,
                    0.0,
                    0.0
                ],
                [
                    0.0,
                    0.0,
                    0.0
                ],
                [
                    0.0,
                    0.0,
                    0.0
                ]
            ],
            "isKeyframe": false
        },
        {
            "bbox": [
                306.0927,
                133.8179,
                418.7883,
                259.4471,
                0.6251164736842106
            ],
            "personID": 3,
            "keypoints": [
                [
                    0.0,
                    0.0,
                    0.0
                ],
                [
                    340.886,
                    169.728,
                    0.837472
                ],
                [
                    349.743,
                    176.58,
                    0.818209
                ],
                [
                    340.917,
                    214.678,
                    0.894672
                ],
                [
                    366.332,
                    214.718,
                    0.848743
                ],
                [
                    329.171,
                    160.942,
                    0.764211
                ],
                [
                    315.484,
                    170.698,
                    0.296741
                ],
                [
                    0.0,
                    0.0,
                    0.0
                ],
                [
                    335.062,
                    223.527,
                    0.513187
                ],
                [
                    340.919,
                    227.444,
                    0.546525
                ],
                [
                    392.764,
                    199.032,
                    0.809463
                ],
                [
                    395.708,
                    244.061,
                    0.810612
                ],
                [
                    330.148,
                    219.623,
                    0.449901
                ],
                [
                    376.139,
                    191.238,
                    0.574121
                ],
                [
                    380.033,
                    229.383,
                    0.200912
                ],
                [
                    0.0,
                    0.0,
                    0.0
                ],
                [
                    0.0,
                    0.0,
                    0.0
                ],
                [
                    363.378,
                    150.159,
                    0.848145
                ],
                [
                    342.891,
                    144.287,
                    0.45584
                ],
                [
                    0.0,
                    0.0,
                    0.0
                ],
                [
                    0.0,
                    0.0,
                    0.0
                ],
                [
                    378.088,
                    229.389,
                    0.104988
                ],
                [
                    409.376,
                    237.193,
                    0.66126
                ],
                [
                    409.397,
                    239.177,
                    0.706705
                ],
                [
                    394.682,
                    248.978,
                    0.735506
                ]
            ],
            "isKeyframe": false
        }
    ],
    "isKeyframe": false
}