{
    "filename": "images/1/002495.jpg",
    "height": 360,
    "width": 640,
    "annots": [
        {
            "bbox": [
                179.02079999999998,
                67.91402000000002,
                243.5952,
                245.18017999999998,
                0.8092981250000001
            ],
            "personID": 0,
            "keypoints": [
                [
                    204.939,
                    87.5421,
                    0.851369
                ],
                [
                    199.057,
                    104.159,
                    0.911442
                ],
                [
                    184.402,
                    107.124,
                    0.892914
                ],
                [
                    184.435,
                    136.457,
                    0.872908
                ],
                [
                    192.24,
                    155.072,
                    0.424605
                ],
                [
                    212.766,
                    98.281,
                    0.904496
                ],
                [
                    219.6,
                    120.825,
                    0.756399
                ],
                [
                    233.313,
                    122.796,
                    0.107303
                ],
                [
                    207.872,
                    152.111,
                    0.844433
                ],
                [
                    199.105,
                    153.119,
                    0.834693
                ],
                [
                    205.938,
                    188.328,
                    0.837838
                ],
                [
                    208.873,
                    221.545,
                    0.863901
                ],
                [
                    215.747,
                    150.154,
                    0.785853
                ],
                [
                    222.564,
                    182.445,
                    0.858608
                ],
                [
                    224.514,
                    207.921,
                    0.882585
                ],
                [
                    200.072,
                    82.7083,
                    0.940851
                ],
                [
                    206.883,
                    82.6862,
                    0.913113
                ],
                [
                    192.245,
                    83.6517,
                    0.926517
                ],
                [
                    0.0,
                    0.0,
                    0.0
                ],
                [
                    238.205,
                    214.688,
                    0.87409
                ],
                [
                    238.214,
                    210.823,
                    0.815208
                ],
                [
                    222.553,
                    213.71,
                    0.840261
                ],
                [
                    217.673,
                    230.366,
                    0.82974
                ],
                [
                    213.71,
                    230.408,
                    0.815263
                ],
                [
                    207.92,
                    223.5,
                    0.838765
                ]
            ],
            "isKeyframe": false
        },
        {
            "bbox": [
                272.84630000000004,
                128.91949999999997,
                397.2107,
                324.92150000000004,
                0.8170858333333334
            ],
            "personID": 1,
            "keypoints": [
                [
                    324.286,
                    157.024,
                    0.861766
                ],
                [
                    336.998,
                    164.852,
                    0.826961
                ],
                [
                    317.469,
                    162.892,
                    0.855364
                ],
                [
                    309.582,
                    177.548,
                    0.861236
                ],
                [
                    302.762,
                    196.151,
                    0.839785
                ],
                [
                    355.555,
                    165.823,
                    0.81389
                ],
                [
                    386.847,
                    178.545,
                    0.861612
                ],
                [
                    371.221,
                    203.977,
                    0.862568
                ],
                [
                    339.916,
                    216.71,
                    0.799668
                ],
                [
                    327.216,
                    216.688,
                    0.767294
                ],
                [
                    300.836,
                    241.15,
                    0.861269
                ],
                [
                    300.787,
                    269.542,
                    0.898674
                ],
                [
                    349.726,
                    218.621,
                    0.745599
                ],
                [
                    334.107,
                    244.062,
                    0.829908
                ],
                [
                    339.905,
                    292.964,
                    0.801916
                ],
                [
                    319.414,
                    152.153,
                    0.814566
                ],
                [
                    327.214,
                    152.134,
                    0.857478
                ],
                [
                    0.0,
                    0.0,
                    0.0
                ],
                [
                    338.972,
                    145.253,
                    0.915734
                ],
                [
                    338.958,
                    308.588,
                    0.809442
                ],
                [
                    345.783,
                    305.692,
                    0.771064
                ],
                [
                    339.95,
                    293.998,
                    0.575388
                ],
                [
                    285.107,
                    283.195,
                    0.787092
                ],
                [
                    283.21,
                    278.3,
                    0.769893
                ],
                [
                    302.786,
                    272.447,
                    0.821893
                ]
            ],
            "isKeyframe": false
        },
        {
            "bbox": [
                52.01963999999999,
                166.94949999999997,
                137.73276,
                364.1635,
                0.6486105384615384
            ],
            "personID": 2,
            "keypoints": [
                [
                    74.8929,
                    184.425,
                    0.866849
                ],
                [
                    67.0363,
                    222.547,
                    0.747473
                ],
                [
                    67.9994,
                    231.388,
                    0.772377
                ],
                [
                    112.028,
                    253.874,
                    0.845888
                ],
                [
                    97.3593,
                    229.377,
                    0.676662
                ],
                [
                    66.0419,
                    208.86,
                    0.521151
                ],
                [
                    0.0,
                    0.0,
                    0.0
                ],
                [
                    0.0,
                    0.0,
                    0.0
                ],
                [
                    112.951,
                    293.937,
                    0.478304
                ],
                [
                    110.074,
                    295.909,
                    0.576412
                ],
                [
                    129.633,
                    347.729,
                    0.504266
                ],
                [
                    0.0,
                    0.0,
                    0.0
                ],
                [
                    113.965,
                    291.023,
                    0.377381
                ],
                [
                    130.59,
                    340.929,
                    0.270334
                ],
                [
                    0.0,
                    0.0,
                    0.0
                ],
                [
                    71.9069,
                    183.384,
                    0.845146
                ],
                [
                    0.0,
                    0.0,
                    0.0
                ],
                [
                    59.1624,
                    191.26,
                    0.949694
                ],
                [
                    0.0,
                    0.0,
                    0.0
                ],
                [
                    0.0,
                    0.0,
                    0.0
                ],
                [
                    0.0,
                    0.0,
                    0.0
                ],
                [
                    0.0,
                    0.0,
                    0.0
                ],
                [
                    0.0,
                    0.0,
                    0.0
                ],
                [
                    0.0,
                    0.0,
                    0.0
                ],
                [
                    0.0,
                    0.0,
                    0.0
                ]
            ],
            "isKeyframe": false
        },
        {
            "bbox": [
                444.8207,
                63.6983,
                501.1403,
                279.6827,
                0.817124125
            ],
            "personID": 3,
            "keypoints": [
                [
                    458.346,
                    85.6214,
                    0.865473
                ],
                [
                    474.936,
                    107.11,
                    0.851772
                ],
                [
                    465.104,
                    104.19,
                    0.830305
                ],
                [
                    465.125,
                    128.682,
                    0.693812
                ],
                [
                    457.289,
                    149.183,
                    0.758908
                ],
                [
                    488.608,
                    112.97,
                    0.848522
                ],
                [
                    496.447,
                    143.31,
                    0.876356
                ],
                [
                    489.602,
                    172.649,
                    0.864985
                ],
                [
                    471.996,
                    168.718,
                    0.781832
                ],
                [
                    464.141,
                    167.748,
                    0.74437
                ],
                [
                    467.096,
                    201.063,
                    0.78872
                ],
                [
                    466.107,
                    230.396,
                    0.887162
                ],
                [
                    480.761,
                    168.792,
                    0.769406
                ],
                [
                    481.737,
                    208.852,
                    0.834704
                ],
                [
                    480.767,
                    246.985,
                    0.871756
                ],
                [
                    458.255,
                    81.697,
                    0.874547
                ],
                [
                    465.106,
                    81.7246,
                    0.935545
                ],
                [
                    0.0,
                    0.0,
                    0.0
                ],
                [
                    475.905,
                    82.6994,
                    0.888436
                ],
                [
                    471.995,
                    261.684,
                    0.828664
                ],
                [
                    477.854,
                    261.68,
                    0.823814
                ],
                [
                    480.785,
                    248.948,
                    0.741743
                ],
                [
                    449.514,
                    234.304,
                    0.745125
                ],
                [
                    450.519,
                    231.407,
                    0.719763
                ],
                [
                    469.068,
                    233.323,
                    0.785259
                ]
            ],
            "isKeyframe": false
        }
    ],
    "isKeyframe": false
}