{
    "filename": "images/1/002575.jpg",
    "height": 360,
    "width": 640,
    "annots": [
        {
            "bbox": [
                177.85590000000002,
                65.64938,
                244.73309999999998,
                246.43442,
                0.8332985833333334
            ],
            "personID": 0,
            "keypoints": [
                [
                    200.039,
                    83.6276,
                    0.940731
                ],
                [
                    197.097,
                    101.255,
                    0.836775
                ],
                [
                    183.466,
                    106.162,
                    0.917346
                ],
                [
                    183.429,
                    134.509,
                    0.861964
                ],
                [
                    192.218,
                    153.143,
                    0.824391
                ],
                [
                    207.88,
                    97.2913,
                    0.933241
                ],
                [
                    214.745,
                    118.846,
                    0.758383
                ],
                [
                    223.515,
                    137.438,
                    0.408312
                ],
                [
                    207.9,
                    152.083,
                    0.82276
                ],
                [
                    200.072,
                    153.089,
                    0.831913
                ],
                [
                    206.892,
                    187.334,
                    0.840905
                ],
                [
                    208.882,
                    221.567,
                    0.847624
                ],
                [
                    215.725,
                    149.189,
                    0.781049
                ],
                [
                    222.498,
                    180.49,
                    0.848079
                ],
                [
                    225.473,
                    208.878,
                    0.845139
                ],
                [
                    195.174,
                    81.7351,
                    0.895193
                ],
                [
                    200.094,
                    80.7148,
                    0.903761
                ],
                [
                    186.383,
                    86.568,
                    0.826873
                ],
                [
                    0.0,
                    0.0,
                    0.0
                ],
                [
                    239.156,
                    214.708,
                    0.900242
                ],
                [
                    239.16,
                    211.808,
                    0.844702
                ],
                [
                    223.49,
                    214.704,
                    0.890754
                ],
                [
                    217.68,
                    231.334,
                    0.824096
                ],
                [
                    212.771,
                    231.369,
                    0.809489
                ],
                [
                    208.854,
                    223.518,
                    0.805444
                ]
            ],
            "isKeyframe": false
        },
        {
            "bbox": [
                445.7865,
                65.84755000000003,
                502.1805,
                279.50695,
                0.7781327083333333
            ],
            "personID": 1,
            "keypoints": [
                [
                    462.204,
                    88.5582,
                    0.871918
                ],
                [
                    480.779,
                    112.978,
                    0.903782
                ],
                [
                    468.073,
                    107.115,
                    0.792947
                ],
                [
                    470.027,
                    137.431,
                    0.388026
                ],
                [
                    461.227,
                    155.06,
                    0.441843
                ],
                [
                    490.61,
                    116.905,
                    0.803214
                ],
                [
                    497.481,
                    152.128,
                    0.896899
                ],
                [
                    489.603,
                    183.415,
                    0.922654
                ],
                [
                    473.907,
                    173.63,
                    0.795877
                ],
                [
                    465.172,
                    169.749,
                    0.786229
                ],
                [
                    465.181,
                    204.934,
                    0.802626
                ],
                [
                    466.106,
                    230.421,
                    0.922316
                ],
                [
                    481.756,
                    175.584,
                    0.793416
                ],
                [
                    483.726,
                    214.724,
                    0.828429
                ],
                [
                    480.799,
                    247.041,
                    0.915418
                ],
                [
                    460.256,
                    83.6525,
                    0.162718
                ],
                [
                    466.087,
                    83.6671,
                    0.923914
                ],
                [
                    0.0,
                    0.0,
                    0.0
                ],
                [
                    478.848,
                    89.4651,
                    0.874444
                ],
                [
                    472.922,
                    261.678,
                    0.855958
                ],
                [
                    477.863,
                    261.702,
                    0.865501
                ],
                [
                    480.8,
                    250.927,
                    0.74481
                ],
                [
                    450.486,
                    236.219,
                    0.799105
                ],
                [
                    452.432,
                    231.41,
                    0.769432
                ],
                [
                    469.076,
                    233.333,
                    0.813709
                ]
            ],
            "isKeyframe": false
        },
        {
            "bbox": [
                293.264,
                131.3028,
                418.89199999999994,
                263.9292,
                0.655825195
            ],
            "personID": 2,
            "keypoints": [
                [
                    0.0,
                    0.0,
                    0.0
                ],
                [
                    341.89,
                    168.72,
                    0.863337
                ],
                [
                    355.535,
                    175.626,
                    0.880993
                ],
                [
                    342.89,
                    212.758,
                    0.81204
                ],
                [
                    370.239,
                    213.743,
                    0.843929
                ],
                [
                    330.133,
                    159.948,
                    0.815831
                ],
                [
                    309.643,
                    168.798,
                    0.500396
                ],
                [
                    303.733,
                    170.718,
                    0.0915079
                ],
                [
                    338.934,
                    220.597,
                    0.556541
                ],
                [
                    342.892,
                    224.516,
                    0.589227
                ],
                [
                    393.74,
                    200.069,
                    0.843385
                ],
                [
                    395.699,
                    246.037,
                    0.864767
                ],
                [
                    332.078,
                    214.736,
                    0.494485
                ],
                [
                    378.06,
                    189.276,
                    0.750872
                ],
                [
                    379.08,
                    229.392,
                    0.309268
                ],
                [
                    0.0,
                    0.0,
                    0.0
                ],
                [
                    0.0,
                    0.0,
                    0.0
                ],
                [
                    364.358,
                    150.147,
                    0.86731
                ],
                [
                    346.749,
                    142.355,
                    0.562806
                ],
                [
                    0.0,
                    0.0,
                    0.0
                ],
                [
                    0.0,
                    0.0,
                    0.0
                ],
                [
                    378.083,
                    232.332,
                    0.154745
                ],
                [
                    408.384,
                    238.163,
                    0.762528
                ],
                [
                    408.423,
                    239.213,
                    0.761769
                ],
                [
                    394.689,
                    252.877,
                    0.790767
                ]
            ],
            "isKeyframe": false
        },
        {
            "bbox": [
                51.00861999999999,
                166.78159999999997,
                137.85958,
                354.58639999999997,
                0.6590666153846154
            ],
            "personID": 3,
            "keypoints": [
                [
                    75.8141,
                    183.463,
                    0.890229
                ],
                [
                    67.034,
                    222.518,
                    0.74747
                ],
                [
                    68.9634,
                    231.353,
                    0.756549
                ],
                [
                    112.99,
                    253.887,
                    0.879788
                ],
                [
                    97.3694,
                    231.392,
                    0.737794
                ],
                [
                    67.0181,
                    208.884,
                    0.584032
                ],
                [
                    0.0,
                    0.0,
                    0.0
                ],
                [
                    0.0,
                    0.0,
                    0.0
                ],
                [
                    107.124,
                    291.021,
                    0.438706
                ],
                [
                    109.077,
                    292.013,
                    0.549365
                ],
                [
                    130.622,
                    338.936,
                    0.536144
                ],
                [
                    0.0,
                    0.0,
                    0.0
                ],
                [
                    106.127,
                    291.018,
                    0.328449
                ],
                [
                    121.829,
                    335.044,
                    0.35783
                ],
                [
                    0.0,
                    0.0,
                    0.0
                ],
                [
                    70.9345,
                    182.432,
                    0.815137
                ],
                [
                    0.0,
                    0.0,
                    0.0
                ],
                [
                    58.2462,
                    191.258,
                    0.946373
                ],
                [
                    0.0,
                    0.0,
                    0.0
                ],
                [
                    0.0,
                    0.0,
                    0.0
                ],
                [
                    0.0,
                    0.0,
                    0.0
                ],
                [
                    0.0,
                    0.0,
                    0.0
                ],
                [
                    0.0,
                    0.0,
                    0.0
                ],
                [
                    0.0,
                    0.0,
                    0.0
                ],
                [
                    0.0,
                    0.0,
                    0.0
                ]
            ],
            "isKeyframe": false
        }
    ],
    "isKeyframe": false
}