{
    "filename": "images/1/002497.jpg",
    "height": 360,
    "width": 640,
    "annots": [
        {
            "bbox": [
                177.9839,
                67.91549,
                243.67310000000003,
                245.16040999999998,
                0.8067850416666668
            ],
            "personID": 0,
            "keypoints": [
                [
                    202.011,
                    87.5623,
                    0.85344
                ],
                [
                    198.099,
                    104.159,
                    0.892616
                ],
                [
                    183.458,
                    107.11,
                    0.908884
                ],
                [
                    184.358,
                    136.439,
                    0.882036
                ],
                [
                    192.196,
                    154.098,
                    0.313495
                ],
                [
                    209.862,
                    98.2776,
                    0.887028
                ],
                [
                    218.639,
                    121.765,
                    0.781019
                ],
                [
                    222.578,
                    145.256,
                    0.120314
                ],
                [
                    206.936,
                    153.109,
                    0.839193
                ],
                [
                    199.048,
                    155.056,
                    0.797985
                ],
                [
                    204.936,
                    191.217,
                    0.854517
                ],
                [
                    208.879,
                    221.548,
                    0.875171
                ],
                [
                    215.707,
                    152.107,
                    0.813719
                ],
                [
                    222.558,
                    182.44,
                    0.851385
                ],
                [
                    224.498,
                    207.919,
                    0.886534
                ],
                [
                    199.096,
                    82.7163,
                    0.946663
                ],
                [
                    205.892,
                    82.6859,
                    0.903268
                ],
                [
                    191.267,
                    83.6579,
                    0.918498
                ],
                [
                    0.0,
                    0.0,
                    0.0
                ],
                [
                    238.195,
                    214.671,
                    0.875015
                ],
                [
                    238.199,
                    210.799,
                    0.821443
                ],
                [
                    222.538,
                    213.719,
                    0.839097
                ],
                [
                    217.67,
                    230.341,
                    0.830893
                ],
                [
                    212.783,
                    230.39,
                    0.821322
                ],
                [
                    208.853,
                    223.492,
                    0.849306
                ]
            ],
            "isKeyframe": false
        },
        {
            "bbox": [
                276.0361,
                128.92759999999998,
                396.9709,
                324.9164,
                0.796732624
            ],
            "personID": 1,
            "keypoints": [
                [
                    328.186,
                    157.984,
                    0.797761
                ],
                [
                    338.935,
                    164.819,
                    0.841477
                ],
                [
                    317.471,
                    161.936,
                    0.869933
                ],
                [
                    308.591,
                    177.537,
                    0.863212
                ],
                [
                    302.756,
                    198.068,
                    0.857841
                ],
                [
                    356.585,
                    164.856,
                    0.813682
                ],
                [
                    386.893,
                    177.58,
                    0.888597
                ],
                [
                    372.202,
                    202.003,
                    0.870586
                ],
                [
                    339.965,
                    215.69,
                    0.850555
                ],
                [
                    328.198,
                    214.739,
                    0.797014
                ],
                [
                    302.759,
                    244.062,
                    0.84864
                ],
                [
                    301.745,
                    269.53,
                    0.91247
                ],
                [
                    350.72,
                    215.744,
                    0.753644
                ],
                [
                    339.891,
                    244.063,
                    0.838897
                ],
                [
                    339.906,
                    292.008,
                    0.792928
                ],
                [
                    324.304,
                    153.088,
                    0.880451
                ],
                [
                    332.104,
                    152.143,
                    0.892017
                ],
                [
                    318.422,
                    146.269,
                    0.0768616
                ],
                [
                    340.871,
                    145.26,
                    0.95417
                ],
                [
                    339.944,
                    308.584,
                    0.806545
                ],
                [
                    347.725,
                    304.719,
                    0.792586
                ],
                [
                    337.993,
                    293.967,
                    0.595308
                ],
                [
                    287.113,
                    285.15,
                    0.832853
                ],
                [
                    286.114,
                    280.249,
                    0.767997
                ],
                [
                    304.721,
                    270.526,
                    0.72229
                ]
            ],
            "isKeyframe": false
        },
        {
            "bbox": [
                444.8272,
                63.705319999999986,
                501.1768,
                279.70388,
                0.8112046249999999
            ],
            "personID": 2,
            "keypoints": [
                [
                    458.353,
                    86.5779,
                    0.859754
                ],
                [
                    474.967,
                    107.144,
                    0.824257
                ],
                [
                    465.138,
                    105.133,
                    0.831303
                ],
                [
                    466.087,
                    129.636,
                    0.641895
                ],
                [
                    457.319,
                    150.156,
                    0.75337
                ],
                [
                    488.623,
                    112.994,
                    0.854671
                ],
                [
                    496.481,
                    143.337,
                    0.879075
                ],
                [
                    490.559,
                    172.654,
                    0.847522
                ],
                [
                    472.935,
                    168.756,
                    0.785144
                ],
                [
                    464.176,
                    167.786,
                    0.752684
                ],
                [
                    467.117,
                    201.994,
                    0.777949
                ],
                [
                    466.111,
                    230.403,
                    0.885033
                ],
                [
                    480.784,
                    169.745,
                    0.76596
                ],
                [
                    481.748,
                    208.891,
                    0.818848
                ],
                [
                    480.767,
                    246.985,
                    0.870025
                ],
                [
                    458.261,
                    81.7052,
                    0.88718
                ],
                [
                    465.119,
                    82.6242,
                    0.940138
                ],
                [
                    0.0,
                    0.0,
                    0.0
                ],
                [
                    476.89,
                    82.6997,
                    0.872939
                ],
                [
                    471.996,
                    261.704,
                    0.83342
                ],
                [
                    477.865,
                    261.696,
                    0.830089
                ],
                [
                    480.774,
                    248.014,
                    0.733896
                ],
                [
                    449.523,
                    235.265,
                    0.727121
                ],
                [
                    451.44,
                    232.32,
                    0.698975
                ],
                [
                    469.069,
                    233.326,
                    0.797663
                ]
            ],
            "isKeyframe": false
        },
        {
            "bbox": [
                52.11262000000001,
                166.94889999999998,
                136.68358,
                364.17010000000005,
                0.5697659266666667
            ],
            "personID": 3,
            "keypoints": [
                [
                    74.8948,
                    184.424,
                    0.861039
                ],
                [
                    67.031,
                    222.552,
                    0.744462
                ],
                [
                    67.9837,
                    231.394,
                    0.773408
                ],
                [
                    111.996,
                    253.88,
                    0.828638
                ],
                [
                    97.3679,
                    229.37,
                    0.692582
                ],
                [
                    66.0484,
                    208.871,
                    0.517012
                ],
                [
                    113.969,
                    253.886,
                    0.0588765
                ],
                [
                    105.196,
                    245.025,
                    0.0976474
                ],
                [
                    112.021,
                    292.99,
                    0.470636
                ],
                [
                    110.057,
                    294.95,
                    0.581525
                ],
                [
                    129.633,
                    347.735,
                    0.498704
                ],
                [
                    0.0,
                    0.0,
                    0.0
                ],
                [
                    113.956,
                    290.05,
                    0.370977
                ],
                [
                    129.636,
                    340.927,
                    0.259226
                ],
                [
                    0.0,
                    0.0,
                    0.0
                ],
                [
                    71.9091,
                    183.384,
                    0.84487
                ],
                [
                    0.0,
                    0.0,
                    0.0
                ],
                [
                    59.1602,
                    191.259,
                    0.946886
                ],
                [
                    0.0,
                    0.0,
                    0.0
                ],
                [
                    0.0,
                    0.0,
                    0.0
                ],
                [
                    0.0,
                    0.0,
                    0.0
                ],
                [
                    0.0,
                    0.0,
                    0.0
                ],
                [
                    0.0,
                    0.0,
                    0.0
                ],
                [
                    0.0,
                    0.0,
                    0.0
                ],
                [
                    0.0,
                    0.0,
                    0.0
                ]
            ],
            "isKeyframe": false
        }
    ],
    "isKeyframe": false
}