{
    "filename": "images/1/002558.jpg",
    "height": 360,
    "width": 640,
    "annots": [
        {
            "bbox": [
                170.43060000000003,
                68.88689999999998,
                244.36739999999998,
                246.14010000000002,
                0.7929989791666667
            ],
            "personID": 0,
            "keypoints": [
                [
                    192.284,
                    89.4805,
                    0.925918
                ],
                [
                    191.253,
                    105.199,
                    0.960973
                ],
                [
                    176.592,
                    112.948,
                    0.900602
                ],
                [
                    177.559,
                    138.466,
                    0.824362
                ],
                [
                    188.318,
                    155.055,
                    0.392034
                ],
                [
                    204.944,
                    98.3336,
                    0.895706
                ],
                [
                    210.826,
                    121.801,
                    0.535176
                ],
                [
                    216.695,
                    144.27,
                    0.0568325
                ],
                [
                    204.918,
                    156.034,
                    0.755613
                ],
                [
                    195.146,
                    159.915,
                    0.776287
                ],
                [
                    201.054,
                    192.219,
                    0.858881
                ],
                [
                    208.873,
                    222.51,
                    0.895909
                ],
                [
                    213.73,
                    153.108,
                    0.78302
                ],
                [
                    221.587,
                    184.396,
                    0.868702
                ],
                [
                    224.523,
                    209.831,
                    0.8662
                ],
                [
                    190.237,
                    87.5376,
                    0.865679
                ],
                [
                    194.185,
                    83.658,
                    0.883481
                ],
                [
                    182.426,
                    90.4746,
                    0.91621
                ],
                [
                    0.0,
                    0.0,
                    0.0
                ],
                [
                    238.206,
                    214.695,
                    0.868827
                ],
                [
                    238.195,
                    212.745,
                    0.82944
                ],
                [
                    222.587,
                    214.698,
                    0.845222
                ],
                [
                    217.648,
                    231.327,
                    0.874015
                ],
                [
                    212.744,
                    231.369,
                    0.84982
                ],
                [
                    208.889,
                    223.524,
                    0.803066
                ]
            ],
            "isKeyframe": false
        },
        {
            "bbox": [
                445.75930000000005,
                66.83867,
                502.14369999999997,
                280.43903,
                0.7437554958333333
            ],
            "personID": 1,
            "keypoints": [
                [
                    461.218,
                    89.5328,
                    0.86866
                ],
                [
                    480.75,
                    112.993,
                    0.893152
                ],
                [
                    466.171,
                    109.071,
                    0.786471
                ],
                [
                    466.097,
                    139.404,
                    0.137702
                ],
                [
                    458.319,
                    158.95,
                    0.0867639
                ],
                [
                    490.597,
                    115.918,
                    0.816933
                ],
                [
                    497.445,
                    151.109,
                    0.874233
                ],
                [
                    489.603,
                    181.466,
                    0.873586
                ],
                [
                    472.984,
                    173.628,
                    0.787542
                ],
                [
                    465.143,
                    170.693,
                    0.762655
                ],
                [
                    466.177,
                    205.935,
                    0.829495
                ],
                [
                    466.109,
                    231.329,
                    0.926684
                ],
                [
                    480.83,
                    175.564,
                    0.791872
                ],
                [
                    481.809,
                    214.683,
                    0.85472
                ],
                [
                    480.79,
                    247.046,
                    0.896737
                ],
                [
                    459.296,
                    84.6387,
                    0.150723
                ],
                [
                    465.142,
                    86.572,
                    0.886768
                ],
                [
                    0.0,
                    0.0,
                    0.0
                ],
                [
                    477.855,
                    88.539,
                    0.865612
                ],
                [
                    471.996,
                    262.635,
                    0.862765
                ],
                [
                    477.848,
                    262.639,
                    0.870784
                ],
                [
                    480.795,
                    250.925,
                    0.730661
                ],
                [
                    450.458,
                    236.24,
                    0.768658
                ],
                [
                    451.461,
                    232.343,
                    0.723224
                ],
                [
                    470.031,
                    234.284,
                    0.803731
                ]
            ],
            "isKeyframe": false
        },
        {
            "bbox": [
                50.98891999999999,
                166.76039999999998,
                137.86028,
                354.6275999999999,
                0.6516376153846153
            ],
            "personID": 2,
            "keypoints": [
                [
                    74.8878,
                    183.449,
                    0.905002
                ],
                [
                    67.035,
                    222.527,
                    0.746182
                ],
                [
                    68.9704,
                    231.374,
                    0.758488
                ],
                [
                    112.977,
                    254.82,
                    0.867389
                ],
                [
                    97.3709,
                    233.31,
                    0.632525
                ],
                [
                    67.0337,
                    208.881,
                    0.560743
                ],
                [
                    0.0,
                    0.0,
                    0.0
                ],
                [
                    0.0,
                    0.0,
                    0.0
                ],
                [
                    107.127,
                    291.024,
                    0.453868
                ],
                [
                    110.048,
                    292.954,
                    0.558149
                ],
                [
                    130.621,
                    338.972,
                    0.541917
                ],
                [
                    0.0,
                    0.0,
                    0.0
                ],
                [
                    105.183,
                    291.025,
                    0.334141
                ],
                [
                    122.762,
                    336.998,
                    0.350244
                ],
                [
                    0.0,
                    0.0,
                    0.0
                ],
                [
                    69.9486,
                    182.416,
                    0.818034
                ],
                [
                    0.0,
                    0.0,
                    0.0
                ],
                [
                    58.2282,
                    191.241,
                    0.944607
                ],
                [
                    0.0,
                    0.0,
                    0.0
                ],
                [
                    0.0,
                    0.0,
                    0.0
                ],
                [
                    0.0,
                    0.0,
                    0.0
                ],
                [
                    0.0,
                    0.0,
                    0.0
                ],
                [
                    0.0,
                    0.0,
                    0.0
                ],
                [
                    0.0,
                    0.0,
                    0.0
                ],
                [
                    0.0,
                    0.0,
                    0.0
                ]
            ],
            "isKeyframe": false
        },
        {
            "bbox": [
                309.62930000000006,
                134.9056,
                426.9737,
                271.08639999999997,
                0.6566896999999999
            ],
            "personID": 3,
            "keypoints": [
                [
                    0.0,
                    0.0,
                    0.0
                ],
                [
                    333.046,
                    171.703,
                    0.806143
                ],
                [
                    335.031,
                    183.38,
                    0.7595
                ],
                [
                    320.381,
                    219.616,
                    0.792836
                ],
                [
                    354.59,
                    221.589,
                    0.864551
                ],
                [
                    329.188,
                    160.899,
                    0.708456
                ],
                [
                    319.408,
                    175.587,
                    0.0915813
                ],
                [
                    0.0,
                    0.0,
                    0.0
                ],
                [
                    343.848,
                    215.71,
                    0.522076
                ],
                [
                    344.824,
                    222.554,
                    0.550511
                ],
                [
                    395.733,
                    204.934,
                    0.8401
                ],
                [
                    396.658,
                    253.815,
                    0.829438
                ],
                [
                    344.81,
                    207.856,
                    0.447241
                ],
                [
                    386.908,
                    201.019,
                    0.501506
                ],
                [
                    386.85,
                    248.947,
                    0.718479
                ],
                [
                    0.0,
                    0.0,
                    0.0
                ],
                [
                    0.0,
                    0.0,
                    0.0
                ],
                [
                    354.603,
                    152.118,
                    0.868567
                ],
                [
                    334.076,
                    146.254,
                    0.246425
                ],
                [
                    0.0,
                    0.0,
                    0.0
                ],
                [
                    0.0,
                    0.0,
                    0.0
                ],
                [
                    381.037,
                    254.847,
                    0.634096
                ],
                [
                    417.195,
                    247.037,
                    0.74132
                ],
                [
                    413.297,
                    252.858,
                    0.738369
                ],
                [
                    394.677,
                    259.738,
                    0.815909
                ]
            ],
            "isKeyframe": false
        }
    ],
    "isKeyframe": false
}