{
    "filename": "images/1/002530.jpg",
    "height": 360,
    "width": 640,
    "annots": [
        {
            "bbox": [
                281.1141,
                122.99409999999999,
                411.44489999999996,
                308.4049,
                0.8161508333333334
            ],
            "personID": 0,
            "keypoints": [
                [
                    340.961,
                    144.313,
                    0.945413
                ],
                [
                    326.262,
                    164.829,
                    0.843038
                ],
                [
                    309.643,
                    172.65,
                    0.826364
                ],
                [
                    291.975,
                    199.09,
                    0.895187
                ],
                [
                    309.63,
                    214.739,
                    0.946335
                ],
                [
                    344.844,
                    156.039,
                    0.834309
                ],
                [
                    360.474,
                    169.742,
                    0.811114
                ],
                [
                    366.368,
                    190.253,
                    0.806613
                ],
                [
                    346.755,
                    215.744,
                    0.798308
                ],
                [
                    333.096,
                    221.582,
                    0.775216
                ],
                [
                    364.447,
                    235.27,
                    0.86244
                ],
                [
                    355.628,
                    279.285,
                    0.851522
                ],
                [
                    357.525,
                    212.777,
                    0.79146
                ],
                [
                    387.867,
                    225.482,
                    0.874913
                ],
                [
                    380.05,
                    270.474,
                    0.875591
                ],
                [
                    338.926,
                    141.377,
                    0.841794
                ],
                [
                    340.97,
                    138.445,
                    0.505487
                ],
                [
                    324.288,
                    144.266,
                    0.957541
                ],
                [
                    0.0,
                    0.0,
                    0.0
                ],
                [
                    400.584,
                    281.232,
                    0.789722
                ],
                [
                    400.564,
                    277.368,
                    0.758764
                ],
                [
                    374.197,
                    274.384,
                    0.71482
                ],
                [
                    374.159,
                    291.971,
                    0.767569
                ],
                [
                    367.309,
                    292.954,
                    0.799976
                ],
                [
                    350.703,
                    284.165,
                    0.714124
                ]
            ],
            "isKeyframe": false
        },
        {
            "bbox": [
                170.0107,
                71.14220999999998,
                236.9623,
                244.87689,
                0.7909967916666667
            ],
            "personID": 1,
            "keypoints": [
                [
                    192.247,
                    90.4475,
                    0.972725
                ],
                [
                    189.274,
                    106.178,
                    0.89352
                ],
                [
                    175.616,
                    112.983,
                    0.933062
                ],
                [
                    175.59,
                    139.418,
                    0.844937
                ],
                [
                    185.399,
                    156.032,
                    0.444054
                ],
                [
                    200.109,
                    101.247,
                    0.88253
                ],
                [
                    207.921,
                    122.798,
                    0.588206
                ],
                [
                    214.751,
                    148.199,
                    0.266466
                ],
                [
                    200.057,
                    157.026,
                    0.80218
                ],
                [
                    192.195,
                    159.949,
                    0.820967
                ],
                [
                    200.104,
                    192.25,
                    0.869743
                ],
                [
                    209.834,
                    222.557,
                    0.872888
                ],
                [
                    207.932,
                    154.062,
                    0.777287
                ],
                [
                    216.71,
                    185.383,
                    0.842516
                ],
                [
                    221.55,
                    215.73,
                    0.862738
                ],
                [
                    189.282,
                    88.5525,
                    0.890485
                ],
                [
                    193.226,
                    85.6201,
                    0.858329
                ],
                [
                    181.453,
                    90.4946,
                    0.897965
                ],
                [
                    0.0,
                    0.0,
                    0.0
                ],
                [
                    231.383,
                    221.547,
                    0.79367
                ],
                [
                    231.352,
                    216.72,
                    0.794119
                ],
                [
                    218.63,
                    221.545,
                    0.708126
                ],
                [
                    217.652,
                    229.412,
                    0.814672
                ],
                [
                    213.724,
                    230.399,
                    0.802473
                ],
                [
                    209.856,
                    224.507,
                    0.750265
                ]
            ],
            "isKeyframe": false
        },
        {
            "bbox": [
                445.6421,
                65.88740999999999,
                503.18090000000007,
                279.48369,
                0.7944163333333334
            ],
            "personID": 2,
            "keypoints": [
                [
                    460.248,
                    89.542,
                    0.896201
                ],
                [
                    479.833,
                    112.966,
                    0.885881
                ],
                [
                    466.159,
                    108.108,
                    0.813542
                ],
                [
                    466.145,
                    135.484,
                    0.62799
                ],
                [
                    458.311,
                    152.155,
                    0.718589
                ],
                [
                    490.592,
                    114.931,
                    0.828824
                ],
                [
                    498.386,
                    147.214,
                    0.845981
                ],
                [
                    493.525,
                    177.577,
                    0.82418
                ],
                [
                    473.013,
                    169.744,
                    0.798304
                ],
                [
                    465.18,
                    168.742,
                    0.797967
                ],
                [
                    468.073,
                    203.96,
                    0.772959
                ],
                [
                    466.104,
                    231.321,
                    0.912596
                ],
                [
                    481.747,
                    172.664,
                    0.766369
                ],
                [
                    481.787,
                    212.751,
                    0.828622
                ],
                [
                    480.787,
                    247.026,
                    0.893706
                ],
                [
                    459.282,
                    83.6871,
                    0.406855
                ],
                [
                    465.143,
                    85.6091,
                    0.892164
                ],
                [
                    0.0,
                    0.0,
                    0.0
                ],
                [
                    479.78,
                    87.5429,
                    0.845022
                ],
                [
                    472.914,
                    261.67,
                    0.845851
                ],
                [
                    477.869,
                    261.684,
                    0.833676
                ],
                [
                    480.794,
                    249.948,
                    0.73896
                ],
                [
                    450.437,
                    235.257,
                    0.763974
                ],
                [
                    451.441,
                    231.41,
                    0.739443
                ],
                [
                    469.075,
                    234.291,
                    0.788336
                ]
            ],
            "isKeyframe": false
        },
        {
            "bbox": [
                50.996559999999995,
                166.298,
                137.82904,
                359.99,
                0.6652977692307692
            ],
            "personID": 3,
            "keypoints": [
                [
                    74.8613,
                    184.4,
                    0.872555
                ],
                [
                    67.0211,
                    222.516,
                    0.774183
                ],
                [
                    67.0162,
                    231.341,
                    0.806345
                ],
                [
                    108.12,
                    253.844,
                    0.792502
                ],
                [
                    98.2868,
                    232.356,
                    0.718885
                ],
                [
                    67.0542,
                    209.846,
                    0.57421
                ],
                [
                    0.0,
                    0.0,
                    0.0
                ],
                [
                    0.0,
                    0.0,
                    0.0
                ],
                [
                    111.997,
                    292.006,
                    0.506711
                ],
                [
                    108.105,
                    293.954,
                    0.604798
                ],
                [
                    128.668,
                    343.849,
                    0.501713
                ],
                [
                    0.0,
                    0.0,
                    0.0
                ],
                [
                    113.949,
                    288.094,
                    0.418472
                ],
                [
                    130.593,
                    337.009,
                    0.321101
                ],
                [
                    0.0,
                    0.0,
                    0.0
                ],
                [
                    70.9402,
                    182.439,
                    0.815278
                ],
                [
                    0.0,
                    0.0,
                    0.0
                ],
                [
                    58.2326,
                    191.212,
                    0.942118
                ],
                [
                    0.0,
                    0.0,
                    0.0
                ],
                [
                    0.0,
                    0.0,
                    0.0
                ],
                [
                    0.0,
                    0.0,
                    0.0
                ],
                [
                    0.0,
                    0.0,
                    0.0
                ],
                [
                    0.0,
                    0.0,
                    0.0
                ],
                [
                    0.0,
                    0.0,
                    0.0
                ],
                [
                    0.0,
                    0.0,
                    0.0
                ]
            ],
            "isKeyframe": false
        }
    ],
    "isKeyframe": false
}