{
    "filename": "images/1/002514.jpg",
    "height": 360,
    "width": 640,
    "annots": [
        {
            "bbox": [
                170.4356,
                68.91519999999998,
                244.3724,
                246.1048,
                0.8117459583333333
            ],
            "personID": 0,
            "keypoints": [
                [
                    198.066,
                    89.5022,
                    0.906447
                ],
                [
                    191.269,
                    106.126,
                    0.968727
                ],
                [
                    176.597,
                    112.01,
                    0.88993
                ],
                [
                    176.608,
                    138.425,
                    0.883588
                ],
                [
                    184.417,
                    159.942,
                    0.611458
                ],
                [
                    205.898,
                    100.276,
                    0.867375
                ],
                [
                    210.816,
                    125.713,
                    0.679856
                ],
                [
                    217.671,
                    144.308,
                    0.138438
                ],
                [
                    201.048,
                    155.051,
                    0.777072
                ],
                [
                    192.244,
                    158.959,
                    0.800258
                ],
                [
                    201.052,
                    191.287,
                    0.850407
                ],
                [
                    208.874,
                    222.506,
                    0.884745
                ],
                [
                    210.826,
                    153.084,
                    0.772894
                ],
                [
                    222.535,
                    183.373,
                    0.871898
                ],
                [
                    223.575,
                    208.868,
                    0.877415
                ],
                [
                    192.216,
                    87.5595,
                    0.924407
                ],
                [
                    199.023,
                    83.681,
                    0.881579
                ],
                [
                    184.357,
                    89.5388,
                    0.958091
                ],
                [
                    0.0,
                    0.0,
                    0.0
                ],
                [
                    238.211,
                    214.677,
                    0.819607
                ],
                [
                    238.185,
                    211.778,
                    0.768705
                ],
                [
                    222.521,
                    214.679,
                    0.820108
                ],
                [
                    218.642,
                    230.39,
                    0.857061
                ],
                [
                    213.722,
                    231.339,
                    0.842119
                ],
                [
                    208.872,
                    223.527,
                    0.829718
                ]
            ],
            "isKeyframe": false
        },
        {
            "bbox": [
                444.72740000000005,
                64.82051,
                502.2506,
                279.59159,
                0.8183416250000001
            ],
            "personID": 1,
            "keypoints": [
                [
                    459.313,
                    89.4695,
                    0.886409
                ],
                [
                    478.825,
                    112.023,
                    0.842089
                ],
                [
                    466.09,
                    107.154,
                    0.85283
                ],
                [
                    465.152,
                    133.546,
                    0.688571
                ],
                [
                    457.311,
                    151.124,
                    0.807232
                ],
                [
                    489.63,
                    113.987,
                    0.855114
                ],
                [
                    497.457,
                    146.249,
                    0.857489
                ],
                [
                    495.472,
                    176.581,
                    0.881041
                ],
                [
                    472.982,
                    168.789,
                    0.8121
                ],
                [
                    465.151,
                    168.722,
                    0.798808
                ],
                [
                    468.069,
                    202.989,
                    0.792865
                ],
                [
                    466.107,
                    231.329,
                    0.913897
                ],
                [
                    480.824,
                    170.727,
                    0.769002
                ],
                [
                    481.778,
                    210.8,
                    0.829144
                ],
                [
                    480.773,
                    247.011,
                    0.889709
                ],
                [
                    458.352,
                    82.7181,
                    0.645777
                ],
                [
                    465.151,
                    83.6529,
                    0.931412
                ],
                [
                    0.0,
                    0.0,
                    0.0
                ],
                [
                    478.855,
                    84.645,
                    0.847274
                ],
                [
                    472.919,
                    261.691,
                    0.862463
                ],
                [
                    477.874,
                    261.694,
                    0.848319
                ],
                [
                    480.766,
                    248.975,
                    0.729537
                ],
                [
                    449.521,
                    235.274,
                    0.770538
                ],
                [
                    450.516,
                    232.329,
                    0.737823
                ],
                [
                    470.027,
                    234.304,
                    0.790756
                ]
            ],
            "isKeyframe": false
        },
        {
            "bbox": [
                287.70489999999995,
                119.98269999999998,
                386.2981,
                318.2983,
                0.7941362400000002
            ],
            "personID": 2,
            "keypoints": [
                [
                    337.001,
                    143.293,
                    0.82771
                ],
                [
                    333.144,
                    160.959,
                    0.917465
                ],
                [
                    314.508,
                    165.829,
                    0.827665
                ],
                [
                    295.921,
                    187.333,
                    0.82804
                ],
                [
                    302.791,
                    206.862,
                    0.894705
                ],
                [
                    355.568,
                    158.955,
                    0.887892
                ],
                [
                    378.082,
                    173.647,
                    0.840549
                ],
                [
                    373.22,
                    192.228,
                    0.844596
                ],
                [
                    342.868,
                    215.694,
                    0.822029
                ],
                [
                    330.17,
                    215.73,
                    0.803513
                ],
                [
                    341.933,
                    238.204,
                    0.884301
                ],
                [
                    326.258,
                    284.18,
                    0.798484
                ],
                [
                    356.567,
                    215.669,
                    0.852747
                ],
                [
                    367.343,
                    234.309,
                    0.805869
                ],
                [
                    355.608,
                    284.19,
                    0.811242
                ],
                [
                    331.133,
                    138.414,
                    0.866606
                ],
                [
                    339.902,
                    136.509,
                    0.901171
                ],
                [
                    323.321,
                    144.262,
                    0.914788
                ],
                [
                    343.831,
                    137.48,
                    0.375747
                ],
                [
                    351.689,
                    301.772,
                    0.713722
                ],
                [
                    360.468,
                    300.787,
                    0.708431
                ],
                [
                    349.737,
                    286.157,
                    0.559241
                ],
                [
                    332.119,
                    300.832,
                    0.774784
                ],
                [
                    324.291,
                    299.832,
                    0.755333
                ],
                [
                    324.295,
                    286.115,
                    0.636776
                ]
            ],
            "isKeyframe": false
        },
        {
            "bbox": [
                51.08739999999999,
                167.12960000000004,
                136.79860000000002,
                362.03839999999997,
                0.6561334615384615
            ],
            "personID": 3,
            "keypoints": [
                [
                    74.8475,
                    184.422,
                    0.868499
                ],
                [
                    67.0316,
                    222.53,
                    0.768873
                ],
                [
                    67.0132,
                    231.338,
                    0.809535
                ],
                [
                    110.051,
                    253.866,
                    0.825319
                ],
                [
                    97.3714,
                    230.376,
                    0.630519
                ],
                [
                    67.9987,
                    210.809,
                    0.566815
                ],
                [
                    0.0,
                    0.0,
                    0.0
                ],
                [
                    0.0,
                    0.0,
                    0.0
                ],
                [
                    112.001,
                    292.959,
                    0.499064
                ],
                [
                    108.112,
                    293.98,
                    0.592448
                ],
                [
                    129.594,
                    345.796,
                    0.494674
                ],
                [
                    0.0,
                    0.0,
                    0.0
                ],
                [
                    113.948,
                    288.108,
                    0.408997
                ],
                [
                    129.656,
                    338.952,
                    0.30515
                ],
                [
                    0.0,
                    0.0,
                    0.0
                ],
                [
                    70.9235,
                    183.372,
                    0.816841
                ],
                [
                    0.0,
                    0.0,
                    0.0
                ],
                [
                    58.23,
                    191.228,
                    0.943001
                ],
                [
                    0.0,
                    0.0,
                    0.0
                ],
                [
                    0.0,
                    0.0,
                    0.0
                ],
                [
                    0.0,
                    0.0,
                    0.0
                ],
                [
                    0.0,
                    0.0,
                    0.0
                ],
                [
                    0.0,
                    0.0,
                    0.0
                ],
                [
                    0.0,
                    0.0,
                    0.0
                ],
                [
                    0.0,
                    0.0,
                    0.0
                ]
            ],
            "isKeyframe": false
        }
    ],
    "isKeyframe": false
}