{
    "filename": "images/1/002507.jpg",
    "height": 360,
    "width": 640,
    "annots": [
        {
            "bbox": [
                173.6435,
                68.96987000000001,
                244.0535,
                245.05583000000001,
                0.8031462916666667
            ],
            "personID": 0,
            "keypoints": [
                [
                    199.058,
                    89.4779,
                    0.934078
                ],
                [
                    193.197,
                    105.162,
                    0.925385
                ],
                [
                    180.486,
                    110.067,
                    0.816944
                ],
                [
                    179.511,
                    137.495,
                    0.808868
                ],
                [
                    191.219,
                    152.092,
                    0.273298
                ],
                [
                    207.832,
                    98.3712,
                    0.928237
                ],
                [
                    215.674,
                    121.837,
                    0.842895
                ],
                [
                    228.414,
                    137.466,
                    0.281779
                ],
                [
                    203.967,
                    153.07,
                    0.797397
                ],
                [
                    194.173,
                    154.106,
                    0.769569
                ],
                [
                    201.066,
                    190.239,
                    0.824552
                ],
                [
                    208.87,
                    220.605,
                    0.865668
                ],
                [
                    213.731,
                    151.143,
                    0.772047
                ],
                [
                    222.507,
                    182.412,
                    0.852304
                ],
                [
                    224.489,
                    207.906,
                    0.881142
                ],
                [
                    193.202,
                    85.6203,
                    0.873954
                ],
                [
                    200.038,
                    83.6437,
                    0.924177
                ],
                [
                    185.381,
                    89.4744,
                    0.91688
                ],
                [
                    0.0,
                    0.0,
                    0.0
                ],
                [
                    238.186,
                    214.679,
                    0.848682
                ],
                [
                    238.185,
                    210.818,
                    0.785098
                ],
                [
                    222.547,
                    213.715,
                    0.841898
                ],
                [
                    216.718,
                    230.334,
                    0.841575
                ],
                [
                    212.744,
                    230.382,
                    0.819666
                ],
                [
                    208.875,
                    222.584,
                    0.849418
                ]
            ],
            "isKeyframe": false
        },
        {
            "bbox": [
                292.43539999999996,
                127.91030000000002,
                393.31460000000004,
                324.0107,
                0.8233690800000001
            ],
            "personID": 1,
            "keypoints": [
                [
                    338.928,
                    152.069,
                    0.894729
                ],
                [
                    337.988,
                    161.898,
                    0.890747
                ],
                [
                    317.419,
                    163.877,
                    0.86785
                ],
                [
                    301.772,
                    183.41,
                    0.926396
                ],
                [
                    302.789,
                    203.952,
                    0.840081
                ],
                [
                    356.597,
                    160.893,
                    0.921376
                ],
                [
                    384.908,
                    174.614,
                    0.856898
                ],
                [
                    377.081,
                    195.173,
                    0.81057
                ],
                [
                    341.897,
                    214.741,
                    0.824897
                ],
                [
                    330.162,
                    214.749,
                    0.796509
                ],
                [
                    328.184,
                    239.141,
                    0.859165
                ],
                [
                    310.605,
                    281.248,
                    0.818404
                ],
                [
                    355.609,
                    214.747,
                    0.855942
                ],
                [
                    355.533,
                    239.151,
                    0.865401
                ],
                [
                    344.822,
                    287.134,
                    0.770743
                ],
                [
                    332.143,
                    146.258,
                    0.889776
                ],
                [
                    340.888,
                    145.259,
                    0.94177
                ],
                [
                    324.27,
                    146.246,
                    0.877974
                ],
                [
                    344.817,
                    144.252,
                    0.602011
                ],
                [
                    339.911,
                    307.669,
                    0.829637
                ],
                [
                    347.745,
                    306.669,
                    0.799628
                ],
                [
                    340.899,
                    291.985,
                    0.620917
                ],
                [
                    308.59,
                    299.803,
                    0.79214
                ],
                [
                    300.842,
                    294.009,
                    0.787096
                ],
                [
                    311.575,
                    285.135,
                    0.64357
                ]
            ],
            "isKeyframe": false
        },
        {
            "bbox": [
                444.7213,
                64.74967000000002,
                502.23369999999994,
                279.59803,
                0.8085931666666667
            ],
            "personID": 2,
            "keypoints": [
                [
                    459.289,
                    88.5065,
                    0.864938
                ],
                [
                    477.864,
                    109.095,
                    0.790469
                ],
                [
                    466.099,
                    106.132,
                    0.851192
                ],
                [
                    465.136,
                    130.586,
                    0.682096
                ],
                [
                    457.322,
                    151.133,
                    0.780325
                ],
                [
                    489.57,
                    113.015,
                    0.861946
                ],
                [
                    497.441,
                    145.238,
                    0.893226
                ],
                [
                    494.493,
                    175.631,
                    0.853792
                ],
                [
                    472.935,
                    168.762,
                    0.79505
                ],
                [
                    465.11,
                    167.784,
                    0.77102
                ],
                [
                    467.128,
                    202.019,
                    0.785471
                ],
                [
                    466.107,
                    231.312,
                    0.896793
                ],
                [
                    480.768,
                    170.702,
                    0.752308
                ],
                [
                    481.767,
                    210.821,
                    0.818402
                ],
                [
                    480.779,
                    247.007,
                    0.889472
                ],
                [
                    458.336,
                    82.6537,
                    0.634373
                ],
                [
                    465.13,
                    82.6921,
                    0.935814
                ],
                [
                    0.0,
                    0.0,
                    0.0
                ],
                [
                    477.874,
                    83.6593,
                    0.863037
                ],
                [
                    472.915,
                    261.691,
                    0.855546
                ],
                [
                    477.871,
                    261.694,
                    0.850943
                ],
                [
                    480.783,
                    248.974,
                    0.727181
                ],
                [
                    449.514,
                    234.305,
                    0.752405
                ],
                [
                    450.516,
                    231.408,
                    0.720591
                ],
                [
                    470.017,
                    234.285,
                    0.779846
                ]
            ],
            "isKeyframe": false
        },
        {
            "bbox": [
                51.09001000000001,
                167.24579999999997,
                136.79509,
                360.9762,
                0.6576540769230769
            ],
            "personID": 3,
            "keypoints": [
                [
                    74.8593,
                    184.439,
                    0.875658
                ],
                [
                    67.0334,
                    222.522,
                    0.764769
                ],
                [
                    67.0187,
                    231.327,
                    0.813709
                ],
                [
                    111.04,
                    253.881,
                    0.826981
                ],
                [
                    98.3005,
                    230.404,
                    0.646182
                ],
                [
                    67.9983,
                    210.815,
                    0.560844
                ],
                [
                    0.0,
                    0.0,
                    0.0
                ],
                [
                    0.0,
                    0.0,
                    0.0
                ],
                [
                    111.999,
                    292.951,
                    0.489232
                ],
                [
                    108.11,
                    293.972,
                    0.588611
                ],
                [
                    129.588,
                    344.832,
                    0.489424
                ],
                [
                    0.0,
                    0.0,
                    0.0
                ],
                [
                    113.949,
                    288.099,
                    0.402519
                ],
                [
                    129.653,
                    337.982,
                    0.305354
                ],
                [
                    0.0,
                    0.0,
                    0.0
                ],
                [
                    70.9416,
                    183.39,
                    0.842549
                ],
                [
                    0.0,
                    0.0,
                    0.0
                ],
                [
                    58.2321,
                    191.228,
                    0.943671
                ],
                [
                    0.0,
                    0.0,
                    0.0
                ],
                [
                    0.0,
                    0.0,
                    0.0
                ],
                [
                    0.0,
                    0.0,
                    0.0
                ],
                [
                    0.0,
                    0.0,
                    0.0
                ],
                [
                    0.0,
                    0.0,
                    0.0
                ],
                [
                    0.0,
                    0.0,
                    0.0
                ],
                [
                    0.0,
                    0.0,
                    0.0
                ]
            ],
            "isKeyframe": false
        }
    ],
    "isKeyframe": false
}