{
    "filename": "images/1/002562.jpg",
    "height": 360,
    "width": 640,
    "annots": [
        {
            "bbox": [
                171.5075,
                68.8583,
                244.3055,
                246.1427,
                0.8242958333333332
            ],
            "personID": 0,
            "keypoints": [
                [
                    194.188,
                    89.4605,
                    0.905054
                ],
                [
                    192.222,
                    105.134,
                    0.95091
                ],
                [
                    178.524,
                    111.038,
                    0.83452
                ],
                [
                    177.574,
                    137.418,
                    0.883834
                ],
                [
                    190.273,
                    153.14,
                    0.740797
                ],
                [
                    206.849,
                    97.3802,
                    0.926444
                ],
                [
                    212.755,
                    120.811,
                    0.706372
                ],
                [
                    226.46,
                    128.652,
                    0.192826
                ],
                [
                    205.936,
                    154.063,
                    0.792814
                ],
                [
                    198.09,
                    157.009,
                    0.757273
                ],
                [
                    202.999,
                    191.252,
                    0.834291
                ],
                [
                    208.86,
                    221.576,
                    0.885685
                ],
                [
                    214.69,
                    152.123,
                    0.79746
                ],
                [
                    222.505,
                    183.42,
                    0.872667
                ],
                [
                    224.533,
                    209.832,
                    0.852643
                ],
                [
                    191.212,
                    86.5751,
                    0.900277
                ],
                [
                    197.096,
                    83.632,
                    0.883574
                ],
                [
                    183.4,
                    90.4514,
                    0.937897
                ],
                [
                    0.0,
                    0.0,
                    0.0
                ],
                [
                    238.239,
                    214.704,
                    0.888086
                ],
                [
                    238.234,
                    212.741,
                    0.860496
                ],
                [
                    223.488,
                    214.716,
                    0.853566
                ],
                [
                    217.671,
                    231.327,
                    0.863969
                ],
                [
                    212.761,
                    231.369,
                    0.838692
                ],
                [
                    208.859,
                    223.508,
                    0.822953
                ]
            ],
            "isKeyframe": false
        },
        {
            "bbox": [
                445.759,
                67.88368000000001,
                502.159,
                280.35712,
                0.7698060217391304
            ],
            "personID": 1,
            "keypoints": [
                [
                    461.229,
                    89.5067,
                    0.871559
                ],
                [
                    480.762,
                    112.991,
                    0.891305
                ],
                [
                    467.091,
                    108.089,
                    0.775877
                ],
                [
                    465.146,
                    136.48,
                    0.0755935
                ],
                [
                    0.0,
                    0.0,
                    0.0
                ],
                [
                    490.612,
                    116.894,
                    0.799878
                ],
                [
                    497.459,
                    151.135,
                    0.880449
                ],
                [
                    489.624,
                    182.416,
                    0.8881
                ],
                [
                    472.988,
                    174.61,
                    0.806066
                ],
                [
                    465.137,
                    171.686,
                    0.758482
                ],
                [
                    466.178,
                    206.88,
                    0.839028
                ],
                [
                    466.112,
                    231.328,
                    0.915529
                ],
                [
                    480.839,
                    175.613,
                    0.806582
                ],
                [
                    481.806,
                    214.701,
                    0.862512
                ],
                [
                    480.787,
                    247.055,
                    0.891431
                ],
                [
                    460.248,
                    85.6029,
                    0.110594
                ],
                [
                    465.15,
                    85.5898,
                    0.893872
                ],
                [
                    0.0,
                    0.0,
                    0.0
                ],
                [
                    477.858,
                    88.5501,
                    0.866042
                ],
                [
                    471.984,
                    262.646,
                    0.84746
                ],
                [
                    476.894,
                    262.651,
                    0.864998
                ],
                [
                    480.787,
                    250.933,
                    0.738572
                ],
                [
                    450.459,
                    236.248,
                    0.792653
                ],
                [
                    451.465,
                    232.347,
                    0.735384
                ],
                [
                    470.035,
                    234.291,
                    0.793572
                ]
            ],
            "isKeyframe": false
        },
        {
            "bbox": [
                50.989329999999995,
                166.66189999999995,
                137.86897,
                355.6871,
                0.654941076923077
            ],
            "personID": 2,
            "keypoints": [
                [
                    74.8865,
                    183.449,
                    0.902621
                ],
                [
                    67.034,
                    222.534,
                    0.747147
                ],
                [
                    68.0316,
                    231.368,
                    0.76277
                ],
                [
                    112.985,
                    253.887,
                    0.88008
                ],
                [
                    97.313,
                    231.374,
                    0.688814
                ],
                [
                    67.0384,
                    209.824,
                    0.559135
                ],
                [
                    0.0,
                    0.0,
                    0.0
                ],
                [
                    0.0,
                    0.0,
                    0.0
                ],
                [
                    108.087,
                    291.995,
                    0.449543
                ],
                [
                    110.055,
                    292.982,
                    0.563429
                ],
                [
                    130.629,
                    339.935,
                    0.536695
                ],
                [
                    0.0,
                    0.0,
                    0.0
                ],
                [
                    106.146,
                    291.987,
                    0.32897
                ],
                [
                    122.785,
                    337.982,
                    0.334658
                ],
                [
                    0.0,
                    0.0,
                    0.0
                ],
                [
                    69.9473,
                    182.414,
                    0.813805
                ],
                [
                    0.0,
                    0.0,
                    0.0
                ],
                [
                    58.2293,
                    191.242,
                    0.946567
                ],
                [
                    0.0,
                    0.0,
                    0.0
                ],
                [
                    0.0,
                    0.0,
                    0.0
                ],
                [
                    0.0,
                    0.0,
                    0.0
                ],
                [
                    0.0,
                    0.0,
                    0.0
                ],
                [
                    0.0,
                    0.0,
                    0.0
                ],
                [
                    0.0,
                    0.0,
                    0.0
                ],
                [
                    0.0,
                    0.0,
                    0.0
                ]
            ],
            "isKeyframe": false
        },
        {
            "bbox": [
                317.6717,
                134.4257,
                420.9113,
                264.7133,
                0.5621187272727273
            ],
            "personID": 3,
            "keypoints": [
                [
                    0.0,
                    0.0,
                    0.0
                ],
                [
                    334.056,
                    171.693,
                    0.758062
                ],
                [
                    339.92,
                    181.469,
                    0.750455
                ],
                [
                    326.275,
                    220.578,
                    0.800887
                ],
                [
                    357.573,
                    219.633,
                    0.82163
                ],
                [
                    329.168,
                    160.96,
                    0.687308
                ],
                [
                    338.959,
                    191.241,
                    0.110532
                ],
                [
                    354.589,
                    191.219,
                    0.31725
                ],
                [
                    341.921,
                    217.659,
                    0.534033
                ],
                [
                    345.814,
                    223.559,
                    0.573178
                ],
                [
                    395.678,
                    200.036,
                    0.918491
                ],
                [
                    394.748,
                    246.052,
                    0.787153
                ],
                [
                    343.849,
                    209.837,
                    0.413079
                ],
                [
                    371.264,
                    192.264,
                    0.508768
                ],
                [
                    387.842,
                    243.093,
                    0.573839
                ],
                [
                    0.0,
                    0.0,
                    0.0
                ],
                [
                    0.0,
                    0.0,
                    0.0
                ],
                [
                    356.555,
                    151.141,
                    0.862644
                ],
                [
                    337.963,
                    145.283,
                    0.31653
                ],
                [
                    409.382,
                    239.207,
                    0.222196
                ],
                [
                    408.41,
                    239.203,
                    0.128015
                ],
                [
                    380.082,
                    251.9,
                    0.448661
                ],
                [
                    412.308,
                    243.098,
                    0.544134
                ],
                [
                    411.314,
                    246.984,
                    0.594093
                ],
                [
                    390.794,
                    253.856,
                    0.695674
                ]
            ],
            "isKeyframe": false
        }
    ],
    "isKeyframe": false
}