{
    "filename": "images/1/002589.jpg",
    "height": 360,
    "width": 640,
    "annots": [
        {
            "bbox": [
                182.2645,
                65.62994999999998,
                243.3145,
                246.38055,
                0.7931545
            ],
            "personID": 0,
            "keypoints": [
                [
                    206.844,
                    82.6895,
                    0.912381
                ],
                [
                    200.051,
                    100.275,
                    0.908353
                ],
                [
                    190.235,
                    106.14,
                    0.879896
                ],
                [
                    187.352,
                    133.548,
                    0.787847
                ],
                [
                    198.088,
                    153.121,
                    0.703392
                ],
                [
                    212.761,
                    95.3944,
                    0.842063
                ],
                [
                    217.661,
                    117.886,
                    0.554165
                ],
                [
                    224.528,
                    141.357,
                    0.241686
                ],
                [
                    213.744,
                    150.147,
                    0.780666
                ],
                [
                    206.88,
                    152.101,
                    0.821278
                ],
                [
                    213.73,
                    184.443,
                    0.843285
                ],
                [
                    211.796,
                    220.581,
                    0.802514
                ],
                [
                    220.59,
                    146.271,
                    0.747004
                ],
                [
                    222.574,
                    180.471,
                    0.829026
                ],
                [
                    224.507,
                    208.85,
                    0.868428
                ],
                [
                    200.099,
                    81.6961,
                    0.934224
                ],
                [
                    206.858,
                    80.6925,
                    0.818605
                ],
                [
                    192.216,
                    83.6611,
                    0.913912
                ],
                [
                    0.0,
                    0.0,
                    0.0
                ],
                [
                    238.227,
                    214.714,
                    0.854314
                ],
                [
                    238.221,
                    212.758,
                    0.822765
                ],
                [
                    222.561,
                    213.745,
                    0.834016
                ],
                [
                    218.641,
                    230.41,
                    0.788013
                ],
                [
                    213.726,
                    231.318,
                    0.785192
                ],
                [
                    209.824,
                    222.547,
                    0.762683
                ]
            ],
            "isKeyframe": false
        },
        {
            "bbox": [
                445.60120000000006,
                65.78638,
                504.2908,
                280.54341999999997,
                0.755415625
            ],
            "personID": 1,
            "keypoints": [
                [
                    464.174,
                    89.4833,
                    0.900097
                ],
                [
                    481.743,
                    113.989,
                    0.88366
                ],
                [
                    470.033,
                    109.083,
                    0.752232
                ],
                [
                    472.926,
                    142.333,
                    0.186682
                ],
                [
                    464.161,
                    157.987,
                    0.218193
                ],
                [
                    494.474,
                    120.786,
                    0.832211
                ],
                [
                    499.4,
                    154.08,
                    0.845992
                ],
                [
                    489.64,
                    184.392,
                    0.916003
                ],
                [
                    473.949,
                    175.58,
                    0.811942
                ],
                [
                    466.1,
                    172.66,
                    0.770247
                ],
                [
                    463.193,
                    203.98,
                    0.736926
                ],
                [
                    465.189,
                    230.409,
                    0.91688
                ],
                [
                    481.815,
                    176.604,
                    0.760562
                ],
                [
                    484.7,
                    216.701,
                    0.799811
                ],
                [
                    480.79,
                    247.063,
                    0.90984
                ],
                [
                    464.147,
                    83.6828,
                    0.182958
                ],
                [
                    467.11,
                    83.6882,
                    0.8515
                ],
                [
                    0.0,
                    0.0,
                    0.0
                ],
                [
                    480.788,
                    89.5182,
                    0.911894
                ],
                [
                    471.972,
                    262.623,
                    0.865164
                ],
                [
                    476.878,
                    262.647,
                    0.878766
                ],
                [
                    480.791,
                    250.92,
                    0.765984
                ],
                [
                    450.492,
                    236.234,
                    0.805577
                ],
                [
                    451.482,
                    232.33,
                    0.774045
                ],
                [
                    469.07,
                    233.304,
                    0.852809
                ]
            ],
            "isKeyframe": false
        },
        {
            "bbox": [
                52.01122999999999,
                166.6685,
                137.76407,
                355.7105,
                0.6404585384615384
            ],
            "personID": 2,
            "keypoints": [
                [
                    75.811,
                    183.464,
                    0.887924
                ],
                [
                    67.0476,
                    222.555,
                    0.733651
                ],
                [
                    69.969,
                    231.371,
                    0.733952
                ],
                [
                    112.97,
                    254.818,
                    0.852212
                ],
                [
                    98.3309,
                    234.306,
                    0.67291
                ],
                [
                    66.0618,
                    209.833,
                    0.537425
                ],
                [
                    0.0,
                    0.0,
                    0.0
                ],
                [
                    0.0,
                    0.0,
                    0.0
                ],
                [
                    107.129,
                    292.013,
                    0.428545
                ],
                [
                    110.064,
                    292.995,
                    0.545238
                ],
                [
                    130.618,
                    339.957,
                    0.526133
                ],
                [
                    0.0,
                    0.0,
                    0.0
                ],
                [
                    105.173,
                    292.959,
                    0.322784
                ],
                [
                    121.807,
                    337.987,
                    0.325315
                ],
                [
                    0.0,
                    0.0,
                    0.0
                ],
                [
                    70.9277,
                    182.422,
                    0.812877
                ],
                [
                    0.0,
                    0.0,
                    0.0
                ],
                [
                    59.1573,
                    191.25,
                    0.946995
                ],
                [
                    0.0,
                    0.0,
                    0.0
                ],
                [
                    0.0,
                    0.0,
                    0.0
                ],
                [
                    0.0,
                    0.0,
                    0.0
                ],
                [
                    0.0,
                    0.0,
                    0.0
                ],
                [
                    0.0,
                    0.0,
                    0.0
                ],
                [
                    0.0,
                    0.0,
                    0.0
                ],
                [
                    0.0,
                    0.0,
                    0.0
                ]
            ],
            "isKeyframe": false
        },
        {
            "bbox": [
                303.82550000000003,
                126.87770000000002,
                408.31550000000004,
                265.40930000000003,
                0.717463125
            ],
            "personID": 3,
            "keypoints": [
                [
                    0.0,
                    0.0,
                    0.0
                ],
                [
                    352.66,
                    162.903,
                    0.816174
                ],
                [
                    370.223,
                    168.744,
                    0.862986
                ],
                [
                    364.42,
                    199.087,
                    0.908986
                ],
                [
                    381.995,
                    205.887,
                    0.7191
                ],
                [
                    335.033,
                    158.942,
                    0.818395
                ],
                [
                    312.533,
                    168.776,
                    0.467538
                ],
                [
                    0.0,
                    0.0,
                    0.0
                ],
                [
                    334.079,
                    221.565,
                    0.558462
                ],
                [
                    345.79,
                    225.496,
                    0.53916
                ],
                [
                    387.835,
                    206.924,
                    0.660287
                ],
                [
                    387.911,
                    247.003,
                    0.827568
                ],
                [
                    324.274,
                    215.681,
                    0.509194
                ],
                [
                    0.0,
                    0.0,
                    0.0
                ],
                [
                    0.0,
                    0.0,
                    0.0
                ],
                [
                    0.0,
                    0.0,
                    0.0
                ],
                [
                    0.0,
                    0.0,
                    0.0
                ],
                [
                    373.212,
                    144.264,
                    0.82722
                ],
                [
                    355.56,
                    138.422,
                    0.677913
                ],
                [
                    0.0,
                    0.0,
                    0.0
                ],
                [
                    0.0,
                    0.0,
                    0.0
                ],
                [
                    0.0,
                    0.0,
                    0.0
                ],
                [
                    398.624,
                    239.199,
                    0.754214
                ],
                [
                    399.608,
                    243.086,
                    0.755121
                ],
                [
                    386.897,
                    253.865,
                    0.777092
                ]
            ],
            "isKeyframe": false
        }
    ],
    "isKeyframe": false
}