{
    "filename": "images/1/002645.jpg",
    "height": 360,
    "width": 640,
    "annots": [
        {
            "bbox": [
                184.385,
                68.44225000000002,
                243.089,
                238.72525000000002,
                0.7876907083333333
            ],
            "personID": 0,
            "keypoints": [
                [
                    206.86,
                    85.5992,
                    0.872033
                ],
                [
                    200.076,
                    100.277,
                    0.902907
                ],
                [
                    190.232,
                    106.122,
                    0.884321
                ],
                [
                    189.277,
                    132.565,
                    0.789544
                ],
                [
                    195.178,
                    152.086,
                    0.634629
                ],
                [
                    213.737,
                    96.3312,
                    0.868957
                ],
                [
                    220.58,
                    116.925,
                    0.517562
                ],
                [
                    223.553,
                    138.427,
                    0.120684
                ],
                [
                    213.719,
                    151.121,
                    0.778781
                ],
                [
                    205.907,
                    152.129,
                    0.799388
                ],
                [
                    210.817,
                    184.42,
                    0.85681
                ],
                [
                    214.752,
                    215.753,
                    0.916624
                ],
                [
                    221.535,
                    147.244,
                    0.740528
                ],
                [
                    222.562,
                    180.493,
                    0.856669
                ],
                [
                    224.542,
                    208.838,
                    0.854113
                ],
                [
                    201.035,
                    82.6992,
                    0.911031
                ],
                [
                    206.915,
                    82.6325,
                    0.881735
                ],
                [
                    192.279,
                    84.6223,
                    0.879507
                ],
                [
                    0.0,
                    0.0,
                    0.0
                ],
                [
                    238.184,
                    214.711,
                    0.789934
                ],
                [
                    238.197,
                    212.746,
                    0.773481
                ],
                [
                    223.513,
                    213.74,
                    0.778467
                ],
                [
                    222.559,
                    223.568,
                    0.880459
                ],
                [
                    215.743,
                    224.535,
                    0.824167
                ],
                [
                    214.719,
                    220.576,
                    0.792246
                ]
            ],
            "isKeyframe": false
        },
        {
            "bbox": [
                318.1159,
                54.10009999999998,
                403.8451,
                256.0109,
                0.6795039090909091
            ],
            "personID": 1,
            "keypoints": [
                [
                    0.0,
                    0.0,
                    0.0
                ],
                [
                    355.58,
                    97.3341,
                    0.935752
                ],
                [
                    372.258,
                    97.3414,
                    0.879679
                ],
                [
                    380.049,
                    134.513,
                    0.874849
                ],
                [
                    384.917,
                    160.888,
                    0.879744
                ],
                [
                    336.996,
                    97.2895,
                    0.847233
                ],
                [
                    325.26,
                    128.593,
                    0.876087
                ],
                [
                    331.101,
                    154.063,
                    0.797559
                ],
                [
                    356.552,
                    158.964,
                    0.786512
                ],
                [
                    370.236,
                    158.957,
                    0.715649
                ],
                [
                    382.989,
                    194.202,
                    0.81447
                ],
                [
                    391.792,
                    234.304,
                    0.747134
                ],
                [
                    344.814,
                    158.964,
                    0.710792
                ],
                [
                    346.768,
                    196.15,
                    0.733875
                ],
                [
                    347.72,
                    231.368,
                    0.384119
                ],
                [
                    0.0,
                    0.0,
                    0.0
                ],
                [
                    0.0,
                    0.0,
                    0.0
                ],
                [
                    370.25,
                    72.8751,
                    0.888908
                ],
                [
                    348.794,
                    70.926,
                    0.759495
                ],
                [
                    350.692,
                    237.212,
                    0.088288
                ],
                [
                    346.78,
                    236.249,
                    0.114948
                ],
                [
                    345.799,
                    239.165,
                    0.260495
                ],
                [
                    394.702,
                    238.182,
                    0.524424
                ],
                [
                    396.701,
                    238.222,
                    0.60977
                ],
                [
                    391.776,
                    239.185,
                    0.719304
                ]
            ],
            "isKeyframe": false
        },
        {
            "bbox": [
                428.6435,
                73.24963000000001,
                502.5575,
                279.86167,
                0.7628813826086958
            ],
            "personID": 2,
            "keypoints": [
                [
                    451.49,
                    95.3699,
                    0.844985
                ],
                [
                    473.915,
                    119.845,
                    0.88578
                ],
                [
                    459.293,
                    114.932,
                    0.81349
                ],
                [
                    461.223,
                    145.263,
                    0.0621289
                ],
                [
                    0.0,
                    0.0,
                    0.0
                ],
                [
                    487.638,
                    121.821,
                    0.843014
                ],
                [
                    496.398,
                    157.99,
                    0.864683
                ],
                [
                    488.62,
                    191.196,
                    0.90949
                ],
                [
                    466.154,
                    181.448,
                    0.769836
                ],
                [
                    457.349,
                    177.566,
                    0.759964
                ],
                [
                    455.379,
                    215.749,
                    0.824482
                ],
                [
                    453.417,
                    254.849,
                    0.826328
                ],
                [
                    476.891,
                    183.402,
                    0.709259
                ],
                [
                    480.768,
                    218.649,
                    0.820434
                ],
                [
                    480.778,
                    248.007,
                    0.87687
                ],
                [
                    450.507,
                    90.4673,
                    0.0924409
                ],
                [
                    457.27,
                    90.4861,
                    0.918982
                ],
                [
                    0.0,
                    0.0,
                    0.0
                ],
                [
                    468.103,
                    91.5066,
                    0.833522
                ],
                [
                    471.956,
                    262.644,
                    0.882773
                ],
                [
                    475.922,
                    262.63,
                    0.853402
                ],
                [
                    480.83,
                    251.911,
                    0.730422
                ],
                [
                    434.803,
                    262.635,
                    0.808119
                ],
                [
                    435.787,
                    260.702,
                    0.748243
                ],
                [
                    458.275,
                    260.675,
                    0.867624
                ]
            ],
            "isKeyframe": false
        },
        {
            "bbox": [
                52.025420000000004,
                165.71779999999995,
                137.73878000000002,
                354.72020000000003,
                0.6343532307692308
            ],
            "personID": 3,
            "keypoints": [
                [
                    75.8334,
                    183.442,
                    0.861938
                ],
                [
                    67.0251,
                    223.547,
                    0.726845
                ],
                [
                    73.841,
                    235.254,
                    0.72312
                ],
                [
                    112.969,
                    254.839,
                    0.846809
                ],
                [
                    105.16,
                    240.17,
                    0.646827
                ],
                [
                    64.0699,
                    210.82,
                    0.484797
                ],
                [
                    0.0,
                    0.0,
                    0.0
                ],
                [
                    0.0,
                    0.0,
                    0.0
                ],
                [
                    107.118,
                    292.983,
                    0.447651
                ],
                [
                    111.018,
                    293.951,
                    0.562195
                ],
                [
                    130.596,
                    338.97,
                    0.533546
                ],
                [
                    0.0,
                    0.0,
                    0.0
                ],
                [
                    105.149,
                    292.995,
                    0.331225
                ],
                [
                    121.82,
                    334.078,
                    0.328228
                ],
                [
                    0.0,
                    0.0,
                    0.0
                ],
                [
                    71.8998,
                    181.468,
                    0.806465
                ],
                [
                    0.0,
                    0.0,
                    0.0
                ],
                [
                    59.1682,
                    191.278,
                    0.946946
                ],
                [
                    0.0,
                    0.0,
                    0.0
                ],
                [
                    0.0,
                    0.0,
                    0.0
                ],
                [
                    0.0,
                    0.0,
                    0.0
                ],
                [
                    0.0,
                    0.0,
                    0.0
                ],
                [
                    0.0,
                    0.0,
                    0.0
                ],
                [
                    0.0,
                    0.0,
                    0.0
                ],
                [
                    0.0,
                    0.0,
                    0.0
                ]
            ],
            "isKeyframe": false
        }
    ],
    "isKeyframe": false
}