{
    "filename": "images/1/002642.jpg",
    "height": 360,
    "width": 640,
    "annots": [
        {
            "bbox": [
                184.4024,
                68.3459,
                243.10160000000002,
                239.7671,
                0.7905952875
            ],
            "personID": 0,
            "keypoints": [
                [
                    206.861,
                    85.5987,
                    0.873526
                ],
                [
                    201.012,
                    99.3289,
                    0.89534
                ],
                [
                    190.278,
                    105.202,
                    0.906078
                ],
                [
                    189.294,
                    131.571,
                    0.810335
                ],
                [
                    195.18,
                    151.141,
                    0.660351
                ],
                [
                    214.67,
                    96.3294,
                    0.883473
                ],
                [
                    221.555,
                    115.938,
                    0.595918
                ],
                [
                    225.492,
                    137.446,
                    0.0951719
                ],
                [
                    213.72,
                    149.17,
                    0.766336
                ],
                [
                    205.92,
                    151.148,
                    0.788035
                ],
                [
                    210.826,
                    184.367,
                    0.845125
                ],
                [
                    214.729,
                    215.754,
                    0.903689
                ],
                [
                    220.613,
                    146.237,
                    0.754849
                ],
                [
                    222.568,
                    180.47,
                    0.841935
                ],
                [
                    224.526,
                    207.924,
                    0.861518
                ],
                [
                    201.042,
                    82.705,
                    0.900591
                ],
                [
                    206.925,
                    82.631,
                    0.890977
                ],
                [
                    193.203,
                    84.6147,
                    0.867321
                ],
                [
                    0.0,
                    0.0,
                    0.0
                ],
                [
                    238.191,
                    214.718,
                    0.79182
                ],
                [
                    238.21,
                    212.751,
                    0.781435
                ],
                [
                    223.498,
                    213.737,
                    0.772405
                ],
                [
                    222.556,
                    224.51,
                    0.874393
                ],
                [
                    215.743,
                    225.482,
                    0.820433
                ],
                [
                    214.696,
                    220.583,
                    0.793232
                ]
            ],
            "isKeyframe": false
        },
        {
            "bbox": [
                428.68479999999994,
                73.38179000000001,
                502.6552,
                278.83511,
                0.7986163181818181
            ],
            "personID": 1,
            "keypoints": [
                [
                    454.385,
                    95.3961,
                    0.844753
                ],
                [
                    474.002,
                    120.799,
                    0.86511
                ],
                [
                    462.211,
                    114.985,
                    0.762977
                ],
                [
                    0.0,
                    0.0,
                    0.0
                ],
                [
                    0.0,
                    0.0,
                    0.0
                ],
                [
                    488.607,
                    123.771,
                    0.820573
                ],
                [
                    496.491,
                    158.981,
                    0.908018
                ],
                [
                    489.578,
                    191.203,
                    0.923213
                ],
                [
                    467.142,
                    181.482,
                    0.761522
                ],
                [
                    458.293,
                    178.521,
                    0.771264
                ],
                [
                    456.342,
                    216.694,
                    0.849239
                ],
                [
                    455.359,
                    254.858,
                    0.831256
                ],
                [
                    479.8,
                    183.436,
                    0.755247
                ],
                [
                    480.818,
                    219.633,
                    0.842163
                ],
                [
                    480.793,
                    248.017,
                    0.881012
                ],
                [
                    453.406,
                    90.5056,
                    0.138922
                ],
                [
                    457.346,
                    90.5029,
                    0.933441
                ],
                [
                    0.0,
                    0.0,
                    0.0
                ],
                [
                    471.975,
                    92.4401,
                    0.85824
                ],
                [
                    472.005,
                    261.714,
                    0.893484
                ],
                [
                    477.86,
                    261.708,
                    0.856715
                ],
                [
                    480.831,
                    252.86,
                    0.711277
                ],
                [
                    434.849,
                    261.695,
                    0.789532
                ],
                [
                    436.786,
                    259.733,
                    0.702661
                ],
                [
                    458.3,
                    260.675,
                    0.86894
                ]
            ],
            "isKeyframe": false
        },
        {
            "bbox": [
                318.1838,
                57.14632999999999,
                402.75019999999995,
                257.84597,
                0.6554127272727271
            ],
            "personID": 2,
            "keypoints": [
                [
                    0.0,
                    0.0,
                    0.0
                ],
                [
                    355.582,
                    98.3506,
                    0.942428
                ],
                [
                    373.188,
                    98.3699,
                    0.854395
                ],
                [
                    380.074,
                    137.475,
                    0.892742
                ],
                [
                    383.945,
                    161.9,
                    0.842415
                ],
                [
                    336.029,
                    98.3094,
                    0.872348
                ],
                [
                    325.231,
                    128.683,
                    0.909017
                ],
                [
                    327.237,
                    158.957,
                    0.793983
                ],
                [
                    355.616,
                    159.944,
                    0.796632
                ],
                [
                    368.297,
                    159.922,
                    0.706061
                ],
                [
                    382.991,
                    198.081,
                    0.808564
                ],
                [
                    390.785,
                    238.158,
                    0.590289
                ],
                [
                    342.862,
                    159.947,
                    0.730145
                ],
                [
                    347.755,
                    199.045,
                    0.737045
                ],
                [
                    347.75,
                    233.304,
                    0.402063
                ],
                [
                    0.0,
                    0.0,
                    0.0
                ],
                [
                    0.0,
                    0.0,
                    0.0
                ],
                [
                    369.276,
                    74.8244,
                    0.893847
                ],
                [
                    348.795,
                    73.8713,
                    0.638723
                ],
                [
                    349.716,
                    239.182,
                    0.116299
                ],
                [
                    345.803,
                    238.194,
                    0.146296
                ],
                [
                    347.747,
                    239.179,
                    0.350539
                ],
                [
                    393.746,
                    239.165,
                    0.393398
                ],
                [
                    395.703,
                    239.213,
                    0.455916
                ],
                [
                    389.824,
                    241.121,
                    0.545935
                ]
            ],
            "isKeyframe": false
        },
        {
            "bbox": [
                51.338029999999996,
                163.84300000000002,
                145.31327,
                375.18699999999995,
                0.5609777333333333
            ],
            "personID": 3,
            "keypoints": [
                [
                    75.8308,
                    183.436,
                    0.863985
                ],
                [
                    67.0275,
                    223.532,
                    0.74433
                ],
                [
                    72.8779,
                    234.304,
                    0.719277
                ],
                [
                    112.967,
                    254.835,
                    0.846064
                ],
                [
                    104.183,
                    239.206,
                    0.669521
                ],
                [
                    64.0946,
                    210.805,
                    0.508517
                ],
                [
                    0.0,
                    0.0,
                    0.0
                ],
                [
                    0.0,
                    0.0,
                    0.0
                ],
                [
                    106.182,
                    292.007,
                    0.447409
                ],
                [
                    110.053,
                    292.979,
                    0.556113
                ],
                [
                    130.594,
                    337.971,
                    0.533987
                ],
                [
                    137.482,
                    357.573,
                    0.0519124
                ],
                [
                    104.202,
                    292.959,
                    0.329755
                ],
                [
                    121.789,
                    333.092,
                    0.347057
                ],
                [
                    131.576,
                    357.575,
                    0.0522336
                ],
                [
                    71.8885,
                    181.455,
                    0.798844
                ],
                [
                    0.0,
                    0.0,
                    0.0
                ],
                [
                    59.1693,
                    191.276,
                    0.945661
                ],
                [
                    0.0,
                    0.0,
                    0.0
                ],
                [
                    0.0,
                    0.0,
                    0.0
                ],
                [
                    0.0,
                    0.0,
                    0.0
                ],
                [
                    0.0,
                    0.0,
                    0.0
                ],
                [
                    0.0,
                    0.0,
                    0.0
                ],
                [
                    0.0,
                    0.0,
                    0.0
                ],
                [
                    0.0,
                    0.0,
                    0.0
                ]
            ],
            "isKeyframe": false
        }
    ],
    "isKeyframe": false
}