{
    "filename": "images/1/002649.jpg",
    "height": 360,
    "width": 640,
    "annots": [
        {
            "bbox": [
                181.18300000000002,
                67.34239000000001,
                243.367,
                239.88450999999998,
                0.7896322916666666
            ],
            "personID": 0,
            "keypoints": [
                [
                    205.905,
                    85.5963,
                    0.852872
                ],
                [
                    200.043,
                    101.239,
                    0.900514
                ],
                [
                    189.27,
                    106.131,
                    0.875595
                ],
                [
                    186.365,
                    132.549,
                    0.804387
                ],
                [
                    194.169,
                    151.137,
                    0.740086
                ],
                [
                    212.782,
                    96.3645,
                    0.86926
                ],
                [
                    219.629,
                    118.87,
                    0.558553
                ],
                [
                    224.527,
                    141.353,
                    0.129527
                ],
                [
                    210.808,
                    150.166,
                    0.756276
                ],
                [
                    202.999,
                    152.107,
                    0.782336
                ],
                [
                    208.844,
                    184.422,
                    0.879028
                ],
                [
                    214.75,
                    216.686,
                    0.902469
                ],
                [
                    218.623,
                    147.228,
                    0.72408
                ],
                [
                    222.513,
                    181.474,
                    0.829992
                ],
                [
                    224.524,
                    207.915,
                    0.857746
                ],
                [
                    200.065,
                    82.7004,
                    0.937754
                ],
                [
                    206.871,
                    81.7209,
                    0.906049
                ],
                [
                    192.197,
                    85.6098,
                    0.892388
                ],
                [
                    0.0,
                    0.0,
                    0.0
                ],
                [
                    237.238,
                    214.704,
                    0.77215
                ],
                [
                    238.185,
                    211.798,
                    0.764417
                ],
                [
                    223.503,
                    213.715,
                    0.771243
                ],
                [
                    222.563,
                    224.52,
                    0.852286
                ],
                [
                    215.752,
                    225.506,
                    0.79592
                ],
                [
                    214.741,
                    220.6,
                    0.796247
                ]
            ],
            "isKeyframe": false
        },
        {
            "bbox": [
                429.1241,
                72.25545,
                497.2469,
                279.95205,
                0.7632042913043477
            ],
            "personID": 1,
            "keypoints": [
                [
                    449.473,
                    94.4123,
                    0.877282
                ],
                [
                    471.015,
                    119.836,
                    0.827225
                ],
                [
                    457.31,
                    113.987,
                    0.848151
                ],
                [
                    457.345,
                    141.361,
                    0.0526517
                ],
                [
                    0.0,
                    0.0,
                    0.0
                ],
                [
                    483.723,
                    122.796,
                    0.79984
                ],
                [
                    491.57,
                    157.969,
                    0.824309
                ],
                [
                    486.664,
                    190.257,
                    0.857908
                ],
                [
                    465.089,
                    181.465,
                    0.764962
                ],
                [
                    454.374,
                    177.573,
                    0.723087
                ],
                [
                    451.44,
                    216.707,
                    0.8479
                ],
                [
                    453.409,
                    254.862,
                    0.833143
                ],
                [
                    473.912,
                    183.415,
                    0.776245
                ],
                [
                    473.979,
                    219.609,
                    0.828081
                ],
                [
                    480.758,
                    247.992,
                    0.884229
                ],
                [
                    449.453,
                    89.5635,
                    0.116494
                ],
                [
                    451.449,
                    90.4481,
                    0.902471
                ],
                [
                    0.0,
                    0.0,
                    0.0
                ],
                [
                    465.181,
                    91.4526,
                    0.907691
                ],
                [
                    471.964,
                    262.624,
                    0.871094
                ],
                [
                    475.915,
                    261.707,
                    0.861948
                ],
                [
                    481.743,
                    251.897,
                    0.74416
                ],
                [
                    434.801,
                    262.644,
                    0.797831
                ],
                [
                    435.799,
                    260.719,
                    0.737972
                ],
                [
                    458.281,
                    260.675,
                    0.869024
                ]
            ],
            "isKeyframe": false
        },
        {
            "bbox": [
                325.0291,
                50.903090000000006,
                409.6039,
                256.30481,
                0.6878253818181818
            ],
            "personID": 2,
            "keypoints": [
                [
                    0.0,
                    0.0,
                    0.0
                ],
                [
                    356.534,
                    95.3901,
                    0.891101
                ],
                [
                    374.16,
                    95.397,
                    0.818023
                ],
                [
                    380.082,
                    129.599,
                    0.919444
                ],
                [
                    386.875,
                    157.981,
                    0.876789
                ],
                [
                    338.955,
                    94.3945,
                    0.837222
                ],
                [
                    332.077,
                    124.74,
                    0.788866
                ],
                [
                    337.982,
                    150.181,
                    0.715855
                ],
                [
                    358.531,
                    156.043,
                    0.709185
                ],
                [
                    371.26,
                    155.067,
                    0.733222
                ],
                [
                    387.856,
                    192.261,
                    0.870354
                ],
                [
                    393.737,
                    233.329,
                    0.808548
                ],
                [
                    347.774,
                    157.021,
                    0.728435
                ],
                [
                    347.726,
                    193.236,
                    0.769547
                ],
                [
                    347.778,
                    231.363,
                    0.396196
                ],
                [
                    0.0,
                    0.0,
                    0.0
                ],
                [
                    0.0,
                    0.0,
                    0.0
                ],
                [
                    371.229,
                    68.0317,
                    0.892831
                ],
                [
                    351.682,
                    68.0199,
                    0.732694
                ],
                [
                    354.608,
                    238.217,
                    0.0725234
                ],
                [
                    348.73,
                    237.213,
                    0.097374
                ],
                [
                    347.752,
                    239.177,
                    0.249477
                ],
                [
                    401.562,
                    231.352,
                    0.683263
                ],
                [
                    402.556,
                    233.311,
                    0.774642
                ],
                [
                    392.762,
                    239.188,
                    0.766567
                ]
            ],
            "isKeyframe": false
        },
        {
            "bbox": [
                51.31878,
                164.89040000000003,
                145.29102,
                375.0896,
                0.5840795214285713
            ],
            "personID": 3,
            "keypoints": [
                [
                    75.8064,
                    183.46,
                    0.88064
                ],
                [
                    67.0066,
                    223.537,
                    0.729803
                ],
                [
                    72.8965,
                    234.297,
                    0.714185
                ],
                [
                    112.958,
                    254.823,
                    0.834736
                ],
                [
                    105.133,
                    239.223,
                    0.633828
                ],
                [
                    63.1044,
                    210.82,
                    0.480464
                ],
                [
                    0.0,
                    0.0,
                    0.0
                ],
                [
                    0.0,
                    0.0,
                    0.0
                ],
                [
                    107.123,
                    292.988,
                    0.425524
                ],
                [
                    110.064,
                    293.954,
                    0.547406
                ],
                [
                    129.663,
                    339.91,
                    0.500932
                ],
                [
                    137.46,
                    357.573,
                    0.0558523
                ],
                [
                    105.168,
                    292.996,
                    0.316678
                ],
                [
                    121.821,
                    334.068,
                    0.301744
                ],
                [
                    0.0,
                    0.0,
                    0.0
                ],
                [
                    70.9309,
                    182.407,
                    0.809865
                ],
                [
                    0.0,
                    0.0,
                    0.0
                ],
                [
                    59.1498,
                    191.263,
                    0.945456
                ],
                [
                    0.0,
                    0.0,
                    0.0
                ],
                [
                    0.0,
                    0.0,
                    0.0
                ],
                [
                    0.0,
                    0.0,
                    0.0
                ],
                [
                    0.0,
                    0.0,
                    0.0
                ],
                [
                    0.0,
                    0.0,
                    0.0
                ],
                [
                    0.0,
                    0.0,
                    0.0
                ],
                [
                    0.0,
                    0.0,
                    0.0
                ]
            ],
            "isKeyframe": false
        }
    ],
    "isKeyframe": false
}