{
    "filename": "images/1/002612.jpg",
    "height": 360,
    "width": 640,
    "annots": [
        {
            "bbox": [
                185.4889,
                67.19399000000001,
                242.9581,
                240.94091,
                0.805094
            ],
            "personID": 0,
            "keypoints": [
                [
                    206.931,
                    83.6506,
                    0.906141
                ],
                [
                    201.068,
                    98.3689,
                    0.903308
                ],
                [
                    191.259,
                    105.176,
                    0.916179
                ],
                [
                    190.278,
                    130.594,
                    0.87003
                ],
                [
                    199.065,
                    149.177,
                    0.767336
                ],
                [
                    214.673,
                    94.4072,
                    0.87059
                ],
                [
                    220.602,
                    114.959,
                    0.611522
                ],
                [
                    228.404,
                    138.419,
                    0.264767
                ],
                [
                    214.767,
                    146.277,
                    0.816621
                ],
                [
                    207.883,
                    150.15,
                    0.811226
                ],
                [
                    215.67,
                    183.454,
                    0.889878
                ],
                [
                    214.72,
                    215.749,
                    0.901315
                ],
                [
                    222.557,
                    145.254,
                    0.810828
                ],
                [
                    223.538,
                    179.505,
                    0.817032
                ],
                [
                    224.521,
                    207.887,
                    0.870549
                ],
                [
                    203.95,
                    82.6351,
                    0.884862
                ],
                [
                    207.87,
                    81.6729,
                    0.861687
                ],
                [
                    195.15,
                    83.6419,
                    0.851833
                ],
                [
                    0.0,
                    0.0,
                    0.0
                ],
                [
                    237.234,
                    214.69,
                    0.786462
                ],
                [
                    238.169,
                    211.778,
                    0.762654
                ],
                [
                    223.504,
                    212.763,
                    0.721199
                ],
                [
                    222.538,
                    225.483,
                    0.85145
                ],
                [
                    215.732,
                    226.462,
                    0.823493
                ],
                [
                    213.74,
                    220.58,
                    0.751294
                ]
            ],
            "isKeyframe": false
        },
        {
            "bbox": [
                443.93379999999996,
                71.124,
                510.80019999999996,
                280.044,
                0.8042631818181818
            ],
            "personID": 1,
            "keypoints": [
                [
                    465.139,
                    90.5381,
                    0.914555
                ],
                [
                    482.784,
                    114.962,
                    0.826049
                ],
                [
                    472.952,
                    112.976,
                    0.837939
                ],
                [
                    0.0,
                    0.0,
                    0.0
                ],
                [
                    0.0,
                    0.0,
                    0.0
                ],
                [
                    496.423,
                    120.792,
                    0.863146
                ],
                [
                    505.228,
                    156.023,
                    0.884375
                ],
                [
                    495.482,
                    186.382,
                    0.855637
                ],
                [
                    474.963,
                    176.594,
                    0.778535
                ],
                [
                    466.16,
                    174.609,
                    0.768974
                ],
                [
                    456.337,
                    203.951,
                    0.814151
                ],
                [
                    464.138,
                    230.352,
                    0.896387
                ],
                [
                    486.647,
                    181.445,
                    0.705101
                ],
                [
                    487.641,
                    219.601,
                    0.811074
                ],
                [
                    480.78,
                    248.0,
                    0.883831
                ],
                [
                    465.157,
                    89.4346,
                    0.128384
                ],
                [
                    468.093,
                    88.534,
                    0.855177
                ],
                [
                    0.0,
                    0.0,
                    0.0
                ],
                [
                    480.823,
                    90.4932,
                    0.934972
                ],
                [
                    472.005,
                    261.698,
                    0.859262
                ],
                [
                    477.859,
                    262.634,
                    0.850876
                ],
                [
                    480.746,
                    251.885,
                    0.685241
                ],
                [
                    449.506,
                    238.164,
                    0.816748
                ],
                [
                    450.459,
                    234.282,
                    0.76091
                ],
                [
                    466.15,
                    231.364,
                    0.962466
                ]
            ],
            "isKeyframe": false
        },
        {
            "bbox": [
                52.01155000000001,
                160.07729999999998,
                137.77495,
                358.4097,
                0.5906068
            ],
            "personID": 2,
            "keypoints": [
                [
                    75.8123,
                    183.455,
                    0.896536
                ],
                [
                    67.042,
                    223.51,
                    0.732021
                ],
                [
                    70.9219,
                    232.351,
                    0.721886
                ],
                [
                    112.989,
                    254.85,
                    0.850571
                ],
                [
                    100.283,
                    237.206,
                    0.609929
                ],
                [
                    66.0427,
                    210.815,
                    0.515223
                ],
                [
                    0.0,
                    0.0,
                    0.0
                ],
                [
                    0.0,
                    0.0,
                    0.0
                ],
                [
                    108.117,
                    293.955,
                    0.422276
                ],
                [
                    112.005,
                    294.94,
                    0.564406
                ],
                [
                    130.628,
                    341.882,
                    0.516233
                ],
                [
                    0.0,
                    0.0,
                    0.0
                ],
                [
                    106.136,
                    293.962,
                    0.305928
                ],
                [
                    122.771,
                    339.921,
                    0.300765
                ],
                [
                    0.0,
                    0.0,
                    0.0
                ],
                [
                    70.9215,
                    182.417,
                    0.815333
                ],
                [
                    73.8912,
                    176.605,
                    0.0645452
                ],
                [
                    59.1585,
                    191.271,
                    0.952843
                ],
                [
                    0.0,
                    0.0,
                    0.0
                ],
                [
                    0.0,
                    0.0,
                    0.0
                ],
                [
                    0.0,
                    0.0,
                    0.0
                ],
                [
                    0.0,
                    0.0,
                    0.0
                ],
                [
                    0.0,
                    0.0,
                    0.0
                ],
                [
                    0.0,
                    0.0,
                    0.0
                ],
                [
                    0.0,
                    0.0,
                    0.0
                ]
            ],
            "isKeyframe": false
        },
        {
            "bbox": [
                300.9959,
                116.4068,
                404.30510000000004,
                263.14520000000005,
                0.7428255882352941
            ],
            "personID": 3,
            "keypoints": [
                [
                    0.0,
                    0.0,
                    0.0
                ],
                [
                    363.376,
                    148.198,
                    0.878562
                ],
                [
                    381.051,
                    151.131,
                    0.834279
                ],
                [
                    386.847,
                    170.725,
                    0.84966
                ],
                [
                    383.96,
                    197.127,
                    0.808274
                ],
                [
                    341.876,
                    146.245,
                    0.854148
                ],
                [
                    317.476,
                    160.884,
                    0.761693
                ],
                [
                    309.605,
                    161.908,
                    0.456966
                ],
                [
                    354.598,
                    202.021,
                    0.691649
                ],
                [
                    365.401,
                    204.952,
                    0.676356
                ],
                [
                    382.974,
                    210.802,
                    0.612651
                ],
                [
                    386.9,
                    245.987,
                    0.815012
                ],
                [
                    340.935,
                    200.041,
                    0.674489
                ],
                [
                    0.0,
                    0.0,
                    0.0
                ],
                [
                    0.0,
                    0.0,
                    0.0
                ],
                [
                    0.0,
                    0.0,
                    0.0
                ],
                [
                    0.0,
                    0.0,
                    0.0
                ],
                [
                    379.076,
                    129.649,
                    0.878351
                ],
                [
                    359.495,
                    128.635,
                    0.778018
                ],
                [
                    0.0,
                    0.0,
                    0.0
                ],
                [
                    0.0,
                    0.0,
                    0.0
                ],
                [
                    0.0,
                    0.0,
                    0.0
                ],
                [
                    394.724,
                    238.22,
                    0.667267
                ],
                [
                    395.696,
                    240.182,
                    0.711359
                ],
                [
                    385.909,
                    250.917,
                    0.679301
                ]
            ],
            "isKeyframe": false
        }
    ],
    "isKeyframe": false
}