{
    "filename": "images/1/002592.jpg",
    "height": 360,
    "width": 640,
    "annots": [
        {
            "bbox": [
                184.3855,
                65.74962000000001,
                243.1315,
                245.33658000000003,
                0.7932280416666666
            ],
            "personID": 0,
            "keypoints": [
                [
                    206.862,
                    82.7117,
                    0.918211
                ],
                [
                    200.078,
                    100.269,
                    0.898384
                ],
                [
                    190.259,
                    106.129,
                    0.889467
                ],
                [
                    189.281,
                    131.584,
                    0.796011
                ],
                [
                    198.084,
                    152.107,
                    0.709342
                ],
                [
                    213.716,
                    96.3325,
                    0.85461
                ],
                [
                    218.637,
                    116.921,
                    0.578785
                ],
                [
                    224.527,
                    139.402,
                    0.23465
                ],
                [
                    213.756,
                    149.173,
                    0.780174
                ],
                [
                    206.889,
                    151.158,
                    0.812609
                ],
                [
                    213.765,
                    184.394,
                    0.85286
                ],
                [
                    212.759,
                    218.631,
                    0.800714
                ],
                [
                    221.533,
                    146.243,
                    0.760558
                ],
                [
                    222.584,
                    180.487,
                    0.827777
                ],
                [
                    224.525,
                    207.907,
                    0.858732
                ],
                [
                    201.021,
                    81.7101,
                    0.931656
                ],
                [
                    206.893,
                    80.7152,
                    0.840279
                ],
                [
                    192.251,
                    83.6444,
                    0.922211
                ],
                [
                    0.0,
                    0.0,
                    0.0
                ],
                [
                    238.223,
                    214.7,
                    0.837866
                ],
                [
                    238.236,
                    211.79,
                    0.786492
                ],
                [
                    222.588,
                    213.715,
                    0.791124
                ],
                [
                    217.671,
                    230.371,
                    0.807167
                ],
                [
                    213.71,
                    230.37,
                    0.791175
                ],
                [
                    210.8,
                    222.505,
                    0.756619
                ]
            ],
            "isKeyframe": false
        },
        {
            "bbox": [
                445.49940000000004,
                65.77318999999999,
                505.3506,
                280.56971,
                0.7586222500000002
            ],
            "personID": 1,
            "keypoints": [
                [
                    464.185,
                    89.5055,
                    0.905499
                ],
                [
                    481.756,
                    114.012,
                    0.873971
                ],
                [
                    470.991,
                    111.031,
                    0.749049
                ],
                [
                    472.945,
                    143.305,
                    0.161214
                ],
                [
                    465.124,
                    159.923,
                    0.169502
                ],
                [
                    494.496,
                    120.788,
                    0.836574
                ],
                [
                    500.363,
                    153.139,
                    0.851369
                ],
                [
                    490.604,
                    184.382,
                    0.887859
                ],
                [
                    473.962,
                    175.601,
                    0.815904
                ],
                [
                    466.101,
                    173.629,
                    0.772542
                ],
                [
                    461.253,
                    202.986,
                    0.740435
                ],
                [
                    465.171,
                    230.374,
                    0.92567
                ],
                [
                    482.746,
                    177.538,
                    0.75086
                ],
                [
                    485.673,
                    216.708,
                    0.797847
                ],
                [
                    480.778,
                    247.977,
                    0.899379
                ],
                [
                    464.181,
                    83.6729,
                    0.311533
                ],
                [
                    467.135,
                    84.6434,
                    0.839536
                ],
                [
                    0.0,
                    0.0,
                    0.0
                ],
                [
                    480.823,
                    89.5332,
                    0.928625
                ],
                [
                    471.968,
                    262.651,
                    0.866087
                ],
                [
                    476.881,
                    262.67,
                    0.877661
                ],
                [
                    480.776,
                    250.933,
                    0.749414
                ],
                [
                    450.487,
                    236.252,
                    0.827294
                ],
                [
                    451.472,
                    232.337,
                    0.789835
                ],
                [
                    468.102,
                    232.335,
                    0.879275
                ]
            ],
            "isKeyframe": false
        },
        {
            "bbox": [
                52.010600000000004,
                166.66570000000002,
                137.7674,
                355.7173,
                0.641177923076923
            ],
            "personID": 2,
            "keypoints": [
                [
                    75.8368,
                    183.456,
                    0.87717
                ],
                [
                    67.0375,
                    222.543,
                    0.73413
                ],
                [
                    69.9394,
                    231.373,
                    0.745567
                ],
                [
                    112.972,
                    254.821,
                    0.849351
                ],
                [
                    97.3305,
                    232.346,
                    0.681117
                ],
                [
                    66.9901,
                    208.888,
                    0.538635
                ],
                [
                    0.0,
                    0.0,
                    0.0
                ],
                [
                    0.0,
                    0.0,
                    0.0
                ],
                [
                    107.152,
                    292.007,
                    0.432858
                ],
                [
                    110.058,
                    293.001,
                    0.552149
                ],
                [
                    130.621,
                    339.963,
                    0.519535
                ],
                [
                    0.0,
                    0.0,
                    0.0
                ],
                [
                    106.142,
                    292.003,
                    0.320459
                ],
                [
                    121.824,
                    338.95,
                    0.323301
                ],
                [
                    0.0,
                    0.0,
                    0.0
                ],
                [
                    71.8861,
                    182.42,
                    0.817395
                ],
                [
                    0.0,
                    0.0,
                    0.0
                ],
                [
                    59.157,
                    191.26,
                    0.943646
                ],
                [
                    0.0,
                    0.0,
                    0.0
                ],
                [
                    0.0,
                    0.0,
                    0.0
                ],
                [
                    0.0,
                    0.0,
                    0.0
                ],
                [
                    0.0,
                    0.0,
                    0.0
                ],
                [
                    0.0,
                    0.0,
                    0.0
                ],
                [
                    0.0,
                    0.0,
                    0.0
                ],
                [
                    0.0,
                    0.0,
                    0.0
                ]
            ],
            "isKeyframe": false
        },
        {
            "bbox": [
                307.36359999999996,
                126.79570000000001,
                393.0124,
                266.4433,
                0.6898989375
            ],
            "personID": 3,
            "keypoints": [
                [
                    0.0,
                    0.0,
                    0.0
                ],
                [
                    355.563,
                    160.977,
                    0.90845
                ],
                [
                    371.275,
                    167.781,
                    0.899822
                ],
                [
                    369.292,
                    194.193,
                    0.815886
                ],
                [
                    381.007,
                    203.95,
                    0.77262
                ],
                [
                    337.991,
                    156.037,
                    0.798144
                ],
                [
                    314.501,
                    167.769,
                    0.604334
                ],
                [
                    0.0,
                    0.0,
                    0.0
                ],
                [
                    335.046,
                    215.692,
                    0.691198
                ],
                [
                    346.77,
                    221.562,
                    0.647088
                ],
                [
                    385.875,
                    215.715,
                    0.728888
                ],
                [
                    348.731,
                    246.057,
                    0.671099
                ],
                [
                    325.254,
                    209.855,
                    0.622499
                ],
                [
                    0.0,
                    0.0,
                    0.0
                ],
                [
                    0.0,
                    0.0,
                    0.0
                ],
                [
                    0.0,
                    0.0,
                    0.0
                ],
                [
                    0.0,
                    0.0,
                    0.0
                ],
                [
                    377.1,
                    144.297,
                    0.79919
                ],
                [
                    356.566,
                    138.433,
                    0.692819
                ],
                [
                    0.0,
                    0.0,
                    0.0
                ],
                [
                    0.0,
                    0.0,
                    0.0
                ],
                [
                    0.0,
                    0.0,
                    0.0
                ],
                [
                    355.573,
                    253.885,
                    0.408068
                ],
                [
                    351.668,
                    254.806,
                    0.449542
                ],
                [
                    342.884,
                    247.014,
                    0.528736
                ]
            ],
            "isKeyframe": false
        }
    ],
    "isKeyframe": false
}