{
    "filename": "images/1/002662.jpg",
    "height": 360,
    "width": 640,
    "annots": [
        {
            "bbox": [
                179.05360000000002,
                68.35519,
                243.5944,
                239.78370999999999,
                0.7800500833333333
            ],
            "personID": 0,
            "keypoints": [
                [
                    202.024,
                    86.5827,
                    0.833196
                ],
                [
                    198.089,
                    104.155,
                    0.889003
                ],
                [
                    184.432,
                    107.145,
                    0.880328
                ],
                [
                    185.38,
                    136.463,
                    0.826162
                ],
                [
                    189.306,
                    150.159,
                    0.347133
                ],
                [
                    208.838,
                    97.3328,
                    0.921973
                ],
                [
                    215.742,
                    120.777,
                    0.600102
                ],
                [
                    222.573,
                    144.271,
                    0.112642
                ],
                [
                    207.893,
                    152.096,
                    0.830024
                ],
                [
                    200.053,
                    153.105,
                    0.82661
                ],
                [
                    206.887,
                    185.393,
                    0.852724
                ],
                [
                    214.73,
                    215.743,
                    0.887976
                ],
                [
                    215.734,
                    149.195,
                    0.773677
                ],
                [
                    222.535,
                    181.442,
                    0.843361
                ],
                [
                    224.55,
                    207.915,
                    0.863143
                ],
                [
                    199.074,
                    83.6525,
                    0.896842
                ],
                [
                    203.96,
                    82.6409,
                    0.844687
                ],
                [
                    190.289,
                    88.5197,
                    0.85702
                ],
                [
                    0.0,
                    0.0,
                    0.0
                ],
                [
                    238.189,
                    214.696,
                    0.830578
                ],
                [
                    238.216,
                    211.777,
                    0.799964
                ],
                [
                    223.513,
                    213.735,
                    0.799241
                ],
                [
                    222.551,
                    224.498,
                    0.849522
                ],
                [
                    215.731,
                    225.498,
                    0.823911
                ],
                [
                    214.748,
                    219.614,
                    0.731383
                ]
            ],
            "isKeyframe": false
        },
        {
            "bbox": [
                342.4826,
                46.26312999999999,
                417.5954,
                248.18917,
                0.6977590952380952
            ],
            "personID": 1,
            "keypoints": [
                [
                    0.0,
                    0.0,
                    0.0
                ],
                [
                    364.421,
                    90.4552,
                    0.933004
                ],
                [
                    381.039,
                    90.4553,
                    0.860176
                ],
                [
                    387.895,
                    126.699,
                    0.877056
                ],
                [
                    395.675,
                    154.118,
                    0.903532
                ],
                [
                    348.76,
                    89.5446,
                    0.912801
                ],
                [
                    348.742,
                    119.828,
                    0.309525
                ],
                [
                    0.0,
                    0.0,
                    0.0
                ],
                [
                    371.183,
                    153.09,
                    0.769264
                ],
                [
                    380.069,
                    153.077,
                    0.768605
                ],
                [
                    395.657,
                    190.285,
                    0.882923
                ],
                [
                    395.698,
                    226.472,
                    0.861288
                ],
                [
                    357.58,
                    153.086,
                    0.735374
                ],
                [
                    362.405,
                    190.259,
                    0.822651
                ],
                [
                    356.539,
                    225.498,
                    0.625996
                ],
                [
                    0.0,
                    0.0,
                    0.0
                ],
                [
                    0.0,
                    0.0,
                    0.0
                ],
                [
                    380.027,
                    63.1177,
                    0.875447
                ],
                [
                    363.375,
                    63.0903,
                    0.455504
                ],
                [
                    369.279,
                    230.368,
                    0.144286
                ],
                [
                    364.409,
                    224.506,
                    0.142361
                ],
                [
                    355.596,
                    231.362,
                    0.405927
                ],
                [
                    411.336,
                    227.427,
                    0.738505
                ],
                [
                    410.365,
                    230.338,
                    0.84419
                ],
                [
                    393.748,
                    231.325,
                    0.784526
                ]
            ],
            "isKeyframe": false
        },
        {
            "bbox": [
                430.1338,
                72.20302000000001,
                486.4762,
                280.02117999999996,
                0.7925968624999999
            ],
            "personID": 2,
            "keypoints": [
                [
                    439.7,
                    94.423,
                    0.822587
                ],
                [
                    462.222,
                    119.829,
                    0.823205
                ],
                [
                    449.524,
                    114.931,
                    0.843661
                ],
                [
                    451.46,
                    146.24,
                    0.764718
                ],
                [
                    441.639,
                    166.766,
                    0.869567
                ],
                [
                    473.96,
                    121.821,
                    0.841871
                ],
                [
                    481.768,
                    157.025,
                    0.869496
                ],
                [
                    473.912,
                    190.248,
                    0.881186
                ],
                [
                    456.361,
                    183.396,
                    0.760032
                ],
                [
                    449.444,
                    181.466,
                    0.734271
                ],
                [
                    449.515,
                    220.604,
                    0.794706
                ],
                [
                    453.398,
                    254.858,
                    0.830448
                ],
                [
                    464.177,
                    184.374,
                    0.744163
                ],
                [
                    458.289,
                    223.523,
                    0.843926
                ],
                [
                    478.841,
                    246.03,
                    0.851227
                ],
                [
                    439.693,
                    89.5212,
                    0.0847147
                ],
                [
                    442.601,
                    89.5592,
                    0.916942
                ],
                [
                    0.0,
                    0.0,
                    0.0
                ],
                [
                    456.316,
                    90.5325,
                    0.87496
                ],
                [
                    471.98,
                    262.703,
                    0.875711
                ],
                [
                    475.9,
                    261.718,
                    0.838701
                ],
                [
                    481.781,
                    246.009,
                    0.761456
                ],
                [
                    434.829,
                    262.631,
                    0.829132
                ],
                [
                    435.826,
                    260.718,
                    0.748177
                ],
                [
                    458.274,
                    259.739,
                    0.817467
                ]
            ],
            "isKeyframe": false
        },
        {
            "bbox": [
                50.97148000000001,
                166.6526,
                137.84332,
                355.70540000000005,
                0.641755076923077
            ],
            "personID": 3,
            "keypoints": [
                [
                    74.8603,
                    184.375,
                    0.87066
                ],
                [
                    65.9954,
                    223.521,
                    0.696587
                ],
                [
                    73.8249,
                    234.29,
                    0.70944
                ],
                [
                    111.989,
                    254.788,
                    0.824037
                ],
                [
                    99.304,
                    237.197,
                    0.642442
                ],
                [
                    58.2108,
                    209.833,
                    0.469886
                ],
                [
                    0.0,
                    0.0,
                    0.0
                ],
                [
                    0.0,
                    0.0,
                    0.0
                ],
                [
                    106.156,
                    293.969,
                    0.48701
                ],
                [
                    110.058,
                    293.982,
                    0.569099
                ],
                [
                    130.604,
                    339.951,
                    0.577379
                ],
                [
                    0.0,
                    0.0,
                    0.0
                ],
                [
                    103.203,
                    294.935,
                    0.373202
                ],
                [
                    121.808,
                    337.005,
                    0.373008
                ],
                [
                    0.0,
                    0.0,
                    0.0
                ],
                [
                    70.9244,
                    182.407,
                    0.801825
                ],
                [
                    0.0,
                    0.0,
                    0.0
                ],
                [
                    59.1497,
                    191.236,
                    0.948241
                ],
                [
                    0.0,
                    0.0,
                    0.0
                ],
                [
                    0.0,
                    0.0,
                    0.0
                ],
                [
                    0.0,
                    0.0,
                    0.0
                ],
                [
                    0.0,
                    0.0,
                    0.0
                ],
                [
                    0.0,
                    0.0,
                    0.0
                ],
                [
                    0.0,
                    0.0,
                    0.0
                ],
                [
                    0.0,
                    0.0,
                    0.0
                ]
            ],
            "isKeyframe": false
        }
    ],
    "isKeyframe": false
}