{
    "filename": "images/1/002671.jpg",
    "height": 360,
    "width": 640,
    "annots": [
        {
            "bbox": [
                177.97400000000002,
                69.50091000000002,
                243.65,
                239.67519,
                0.801031875
            ],
            "personID": 0,
            "keypoints": [
                [
                    200.102,
                    89.5018,
                    0.918992
                ],
                [
                    195.172,
                    105.132,
                    0.892808
                ],
                [
                    183.447,
                    111.028,
                    0.879336
                ],
                [
                    184.406,
                    137.466,
                    0.846785
                ],
                [
                    186.358,
                    144.284,
                    0.352536
                ],
                [
                    207.854,
                    98.2845,
                    0.957183
                ],
                [
                    215.712,
                    120.791,
                    0.79078
                ],
                [
                    227.433,
                    129.65,
                    0.259973
                ],
                [
                    207.836,
                    153.106,
                    0.837697
                ],
                [
                    199.095,
                    155.073,
                    0.799419
                ],
                [
                    205.931,
                    188.319,
                    0.823427
                ],
                [
                    214.724,
                    215.729,
                    0.8896
                ],
                [
                    215.692,
                    152.081,
                    0.806724
                ],
                [
                    222.584,
                    182.417,
                    0.860716
                ],
                [
                    224.521,
                    207.918,
                    0.886652
                ],
                [
                    198.088,
                    87.5576,
                    0.842681
                ],
                [
                    201.035,
                    83.6821,
                    0.775158
                ],
                [
                    189.299,
                    89.5242,
                    0.879876
                ],
                [
                    0.0,
                    0.0,
                    0.0
                ],
                [
                    237.23,
                    214.697,
                    0.837085
                ],
                [
                    238.177,
                    211.786,
                    0.81802
                ],
                [
                    223.494,
                    213.722,
                    0.806698
                ],
                [
                    222.518,
                    224.516,
                    0.873922
                ],
                [
                    215.699,
                    225.494,
                    0.857491
                ],
                [
                    215.673,
                    218.626,
                    0.731206
                ]
            ],
            "isKeyframe": false
        },
        {
            "bbox": [
                429.81909999999993,
                72.41438000000002,
                478.0099,
                289.57142,
                0.8117554347826087
            ],
            "personID": 1,
            "keypoints": [
                [
                    433.835,
                    96.3663,
                    0.880605
                ],
                [
                    457.315,
                    120.783,
                    0.8917
                ],
                [
                    444.596,
                    114.95,
                    0.795871
                ],
                [
                    449.512,
                    145.294,
                    0.740171
                ],
                [
                    439.693,
                    161.936,
                    0.794035
                ],
                [
                    467.139,
                    122.773,
                    0.807324
                ],
                [
                    473.994,
                    158.957,
                    0.871523
                ],
                [
                    465.169,
                    190.251,
                    0.881572
                ],
                [
                    452.422,
                    184.399,
                    0.751539
                ],
                [
                    445.579,
                    183.404,
                    0.738367
                ],
                [
                    448.532,
                    223.563,
                    0.776475
                ],
                [
                    451.485,
                    255.795,
                    0.830314
                ],
                [
                    459.287,
                    186.342,
                    0.719441
                ],
                [
                    455.35,
                    228.409,
                    0.769769
                ],
                [
                    469.053,
                    259.699,
                    0.801555
                ],
                [
                    0.0,
                    0.0,
                    0.0
                ],
                [
                    435.78,
                    90.5108,
                    0.882486
                ],
                [
                    0.0,
                    0.0,
                    0.0
                ],
                [
                    449.504,
                    91.4644,
                    0.914173
                ],
                [
                    457.291,
                    270.525,
                    0.857942
                ],
                [
                    463.172,
                    271.475,
                    0.806706
                ],
                [
                    473.933,
                    261.653,
                    0.805604
                ],
                [
                    435.808,
                    261.686,
                    0.831861
                ],
                [
                    438.724,
                    259.737,
                    0.736059
                ],
                [
                    456.343,
                    259.719,
                    0.785283
                ]
            ],
            "isKeyframe": false
        },
        {
            "bbox": [
                354.41679999999997,
                43.04964000000001,
                415.48720000000003,
                248.45076,
                0.6119107874999999
            ],
            "personID": 2,
            "keypoints": [
                [
                    397.642,
                    65.0252,
                    0.13252
                ],
                [
                    379.051,
                    89.4709,
                    0.906369
                ],
                [
                    393.743,
                    89.5499,
                    0.873467
                ],
                [
                    397.678,
                    122.81,
                    0.811482
                ],
                [
                    404.49,
                    155.044,
                    0.868238
                ],
                [
                    363.447,
                    86.5681,
                    0.851306
                ],
                [
                    364.427,
                    120.844,
                    0.402275
                ],
                [
                    371.256,
                    130.613,
                    0.0900147
                ],
                [
                    380.05,
                    149.195,
                    0.753349
                ],
                [
                    389.848,
                    150.172,
                    0.713737
                ],
                [
                    400.573,
                    189.3,
                    0.82575
                ],
                [
                    395.691,
                    226.474,
                    0.877959
                ],
                [
                    371.231,
                    148.199,
                    0.743365
                ],
                [
                    370.23,
                    183.452,
                    0.869789
                ],
                [
                    361.439,
                    220.577,
                    0.674271
                ],
                [
                    396.692,
                    60.1664,
                    0.273277
                ],
                [
                    0.0,
                    0.0,
                    0.0
                ],
                [
                    392.744,
                    62.1325,
                    0.822676
                ],
                [
                    378.097,
                    60.2021,
                    0.193223
                ],
                [
                    370.257,
                    225.483,
                    0.0717224
                ],
                [
                    363.384,
                    222.559,
                    0.0793008
                ],
                [
                    359.506,
                    224.525,
                    0.464387
                ],
                [
                    410.398,
                    226.472,
                    0.728965
                ],
                [
                    410.373,
                    229.394,
                    0.834607
                ],
                [
                    393.751,
                    231.334,
                    0.823809
                ]
            ],
            "isKeyframe": false
        },
        {
            "bbox": [
                51.00023,
                166.2716,
                137.83307000000002,
                359.9924,
                0.6406123076923076
            ],
            "personID": 3,
            "keypoints": [
                [
                    74.8592,
                    184.371,
                    0.892075
                ],
                [
                    66.9862,
                    223.515,
                    0.735615
                ],
                [
                    72.8598,
                    233.319,
                    0.708916
                ],
                [
                    111.996,
                    253.885,
                    0.836759
                ],
                [
                    98.3423,
                    236.239,
                    0.667601
                ],
                [
                    62.1372,
                    209.855,
                    0.48501
                ],
                [
                    0.0,
                    0.0,
                    0.0
                ],
                [
                    0.0,
                    0.0,
                    0.0
                ],
                [
                    107.148,
                    294.94,
                    0.451976
                ],
                [
                    111.027,
                    295.926,
                    0.571998
                ],
                [
                    130.597,
                    343.849,
                    0.5427
                ],
                [
                    0.0,
                    0.0,
                    0.0
                ],
                [
                    105.189,
                    294.952,
                    0.340087
                ],
                [
                    122.768,
                    339.948,
                    0.321546
                ],
                [
                    0.0,
                    0.0,
                    0.0
                ],
                [
                    69.9609,
                    182.415,
                    0.816795
                ],
                [
                    0.0,
                    0.0,
                    0.0
                ],
                [
                    58.2363,
                    191.246,
                    0.956882
                ],
                [
                    0.0,
                    0.0,
                    0.0
                ],
                [
                    0.0,
                    0.0,
                    0.0
                ],
                [
                    0.0,
                    0.0,
                    0.0
                ],
                [
                    0.0,
                    0.0,
                    0.0
                ],
                [
                    0.0,
                    0.0,
                    0.0
                ],
                [
                    0.0,
                    0.0,
                    0.0
                ],
                [
                    0.0,
                    0.0,
                    0.0
                ]
            ],
            "isKeyframe": false
        }
    ],
    "isKeyframe": false
}