{
    "filename": "images/1/002670.jpg",
    "height": 360,
    "width": 640,
    "annots": [
        {
            "bbox": [
                178.98160000000001,
                69.37593999999999,
                243.5824,
                240.72946,
                0.8008067083333333
            ],
            "personID": 0,
            "keypoints": [
                [
                    201.047,
                    89.4768,
                    0.889318
                ],
                [
                    196.149,
                    104.205,
                    0.883094
                ],
                [
                    184.365,
                    109.092,
                    0.865522
                ],
                [
                    184.439,
                    137.443,
                    0.886829
                ],
                [
                    191.252,
                    156.023,
                    0.497203
                ],
                [
                    207.891,
                    97.3715,
                    0.95238
                ],
                [
                    214.753,
                    120.847,
                    0.690832
                ],
                [
                    222.508,
                    145.243,
                    0.24106
                ],
                [
                    207.855,
                    152.155,
                    0.843191
                ],
                [
                    200.01,
                    154.089,
                    0.814979
                ],
                [
                    205.937,
                    186.377,
                    0.816538
                ],
                [
                    214.722,
                    215.717,
                    0.882625
                ],
                [
                    215.699,
                    151.128,
                    0.800718
                ],
                [
                    222.558,
                    181.451,
                    0.855841
                ],
                [
                    224.54,
                    207.907,
                    0.881819
                ],
                [
                    199.028,
                    86.5946,
                    0.841658
                ],
                [
                    201.063,
                    83.6554,
                    0.747418
                ],
                [
                    190.262,
                    89.5245,
                    0.910297
                ],
                [
                    0.0,
                    0.0,
                    0.0
                ],
                [
                    238.166,
                    214.698,
                    0.851781
                ],
                [
                    238.199,
                    211.781,
                    0.826836
                ],
                [
                    223.508,
                    213.713,
                    0.805991
                ],
                [
                    222.55,
                    224.529,
                    0.863911
                ],
                [
                    215.729,
                    226.45,
                    0.850582
                ],
                [
                    214.756,
                    218.625,
                    0.718938
                ]
            ],
            "isKeyframe": false
        },
        {
            "bbox": [
                430.7688,
                72.49757999999999,
                480.03119999999996,
                288.44022,
                0.80962
            ],
            "personID": 1,
            "keypoints": [
                [
                    434.874,
                    96.3378,
                    0.860494
                ],
                [
                    458.283,
                    119.85,
                    0.888539
                ],
                [
                    446.573,
                    114.975,
                    0.783329
                ],
                [
                    449.515,
                    146.249,
                    0.71556
                ],
                [
                    439.704,
                    165.794,
                    0.787567
                ],
                [
                    470.997,
                    121.804,
                    0.828971
                ],
                [
                    475.919,
                    157.968,
                    0.813689
                ],
                [
                    467.092,
                    188.328,
                    0.841376
                ],
                [
                    452.419,
                    184.397,
                    0.760694
                ],
                [
                    445.573,
                    183.41,
                    0.743987
                ],
                [
                    449.501,
                    223.5,
                    0.802218
                ],
                [
                    452.455,
                    254.858,
                    0.839464
                ],
                [
                    459.28,
                    185.395,
                    0.739247
                ],
                [
                    457.303,
                    225.493,
                    0.771842
                ],
                [
                    472.98,
                    253.858,
                    0.883676
                ],
                [
                    0.0,
                    0.0,
                    0.0
                ],
                [
                    439.695,
                    90.4928,
                    0.851522
                ],
                [
                    0.0,
                    0.0,
                    0.0
                ],
                [
                    450.501,
                    90.5495,
                    0.898033
                ],
                [
                    463.163,
                    270.445,
                    0.815447
                ],
                [
                    467.1,
                    269.529,
                    0.81705
                ],
                [
                    475.926,
                    254.824,
                    0.727414
                ],
                [
                    435.793,
                    261.703,
                    0.860309
                ],
                [
                    437.762,
                    260.686,
                    0.744804
                ],
                [
                    457.315,
                    259.705,
                    0.846028
                ]
            ],
            "isKeyframe": false
        },
        {
            "bbox": [
                351.04859999999996,
                43.06339,
                416.8374,
                248.44951,
                0.6492273826086957
            ],
            "personID": 2,
            "keypoints": [
                [
                    394.72,
                    65.0467,
                    0.124953
                ],
                [
                    373.235,
                    89.4933,
                    0.887322
                ],
                [
                    389.814,
                    90.4582,
                    0.847499
                ],
                [
                    395.751,
                    125.711,
                    0.822757
                ],
                [
                    402.547,
                    154.073,
                    0.89961
                ],
                [
                    359.485,
                    88.5045,
                    0.816801
                ],
                [
                    356.566,
                    107.13,
                    0.545681
                ],
                [
                    0.0,
                    0.0,
                    0.0
                ],
                [
                    379.039,
                    152.088,
                    0.781098
                ],
                [
                    387.868,
                    152.1,
                    0.787721
                ],
                [
                    397.649,
                    191.204,
                    0.855373
                ],
                [
                    395.708,
                    226.474,
                    0.869374
                ],
                [
                    369.268,
                    151.144,
                    0.722939
                ],
                [
                    365.411,
                    184.416,
                    0.838772
                ],
                [
                    356.56,
                    220.583,
                    0.702053
                ],
                [
                    394.718,
                    60.1789,
                    0.230557
                ],
                [
                    0.0,
                    0.0,
                    0.0
                ],
                [
                    387.898,
                    62.1234,
                    0.857128
                ],
                [
                    372.245,
                    60.2104,
                    0.250411
                ],
                [
                    367.331,
                    226.456,
                    0.0963829
                ],
                [
                    363.428,
                    224.491,
                    0.0917829
                ],
                [
                    356.531,
                    224.496,
                    0.504224
                ],
                [
                    411.355,
                    227.429,
                    0.742016
                ],
                [
                    410.397,
                    230.335,
                    0.851592
                ],
                [
                    394.673,
                    231.334,
                    0.806183
                ]
            ],
            "isKeyframe": false
        },
        {
            "bbox": [
                50.99947999999999,
                166.4681,
                137.83531999999997,
                357.8309,
                0.6416009230769231
            ],
            "personID": 3,
            "keypoints": [
                [
                    74.8594,
                    184.372,
                    0.893245
                ],
                [
                    66.0763,
                    223.528,
                    0.727991
                ],
                [
                    72.8582,
                    233.325,
                    0.712355
                ],
                [
                    111.04,
                    253.87,
                    0.822139
                ],
                [
                    98.3509,
                    236.246,
                    0.66753
                ],
                [
                    63.091,
                    210.82,
                    0.474919
                ],
                [
                    0.0,
                    0.0,
                    0.0
                ],
                [
                    0.0,
                    0.0,
                    0.0
                ],
                [
                    107.115,
                    294.936,
                    0.462525
                ],
                [
                    111.022,
                    295.908,
                    0.56542
                ],
                [
                    130.599,
                    341.884,
                    0.552725
                ],
                [
                    0.0,
                    0.0,
                    0.0
                ],
                [
                    105.142,
                    295.904,
                    0.35267
                ],
                [
                    121.804,
                    339.926,
                    0.338842
                ],
                [
                    0.0,
                    0.0,
                    0.0
                ],
                [
                    69.9619,
                    182.415,
                    0.815831
                ],
                [
                    0.0,
                    0.0,
                    0.0
                ],
                [
                    58.2358,
                    191.245,
                    0.95462
                ],
                [
                    0.0,
                    0.0,
                    0.0
                ],
                [
                    0.0,
                    0.0,
                    0.0
                ],
                [
                    0.0,
                    0.0,
                    0.0
                ],
                [
                    0.0,
                    0.0,
                    0.0
                ],
                [
                    0.0,
                    0.0,
                    0.0
                ],
                [
                    0.0,
                    0.0,
                    0.0
                ],
                [
                    0.0,
                    0.0,
                    0.0
                ]
            ],
            "isKeyframe": false
        }
    ],
    "isKeyframe": false
}