{
    "filename": "images/1/002679.jpg",
    "height": 360,
    "width": 640,
    "annots": [
        {
            "bbox": [
                178.03850000000003,
                71.51455999999999,
                242.6045,
                240.54704,
                0.7974030416666666
            ],
            "personID": 0,
            "keypoints": [
                [
                    200.034,
                    89.5513,
                    0.93628
                ],
                [
                    194.203,
                    105.165,
                    0.890344
                ],
                [
                    183.419,
                    111.983,
                    0.880526
                ],
                [
                    184.367,
                    137.487,
                    0.878684
                ],
                [
                    191.266,
                    157.973,
                    0.469572
                ],
                [
                    207.836,
                    98.3128,
                    0.951679
                ],
                [
                    215.673,
                    120.835,
                    0.756057
                ],
                [
                    223.531,
                    132.561,
                    0.112684
                ],
                [
                    206.899,
                    153.087,
                    0.831796
                ],
                [
                    199.048,
                    155.052,
                    0.790312
                ],
                [
                    205.927,
                    188.3,
                    0.826278
                ],
                [
                    214.706,
                    217.655,
                    0.879427
                ],
                [
                    214.749,
                    151.147,
                    0.800472
                ],
                [
                    223.501,
                    182.457,
                    0.890171
                ],
                [
                    223.581,
                    209.821,
                    0.853073
                ],
                [
                    196.141,
                    88.5443,
                    0.850548
                ],
                [
                    200.085,
                    85.6006,
                    0.832809
                ],
                [
                    188.313,
                    90.4582,
                    0.872157
                ],
                [
                    0.0,
                    0.0,
                    0.0
                ],
                [
                    237.224,
                    214.683,
                    0.811389
                ],
                [
                    237.209,
                    211.787,
                    0.771986
                ],
                [
                    222.568,
                    214.698,
                    0.808082
                ],
                [
                    222.556,
                    224.511,
                    0.845927
                ],
                [
                    215.753,
                    226.461,
                    0.79327
                ],
                [
                    214.695,
                    221.569,
                    0.80415
                ]
            ],
            "isKeyframe": false
        },
        {
            "bbox": [
                425.0329,
                73.01174000000002,
                471.9781,
                294.81566,
                0.7664380869565217
            ],
            "personID": 1,
            "keypoints": [
                [
                    428.945,
                    97.3441,
                    0.880666
                ],
                [
                    453.422,
                    119.848,
                    0.805878
                ],
                [
                    443.615,
                    115.949,
                    0.774681
                ],
                [
                    446.566,
                    145.303,
                    0.586586
                ],
                [
                    437.759,
                    165.805,
                    0.767705
                ],
                [
                    464.146,
                    121.793,
                    0.813547
                ],
                [
                    468.066,
                    158.979,
                    0.818749
                ],
                [
                    458.311,
                    191.24,
                    0.886986
                ],
                [
                    450.472,
                    189.277,
                    0.728384
                ],
                [
                    443.654,
                    186.378,
                    0.688269
                ],
                [
                    450.445,
                    226.46,
                    0.688925
                ],
                [
                    454.377,
                    255.797,
                    0.752049
                ],
                [
                    457.283,
                    190.265,
                    0.713386
                ],
                [
                    451.457,
                    230.387,
                    0.785022
                ],
                [
                    457.263,
                    268.503,
                    0.82125
                ],
                [
                    0.0,
                    0.0,
                    0.0
                ],
                [
                    432.844,
                    91.4954,
                    0.838238
                ],
                [
                    0.0,
                    0.0,
                    0.0
                ],
                [
                    443.617,
                    91.5136,
                    0.861164
                ],
                [
                    438.746,
                    270.515,
                    0.762603
                ],
                [
                    442.608,
                    276.332,
                    0.749833
                ],
                [
                    459.265,
                    270.479,
                    0.870543
                ],
                [
                    437.759,
                    261.652,
                    0.833869
                ],
                [
                    440.696,
                    258.75,
                    0.738888
                ],
                [
                    458.331,
                    259.695,
                    0.460855
                ]
            ],
            "isKeyframe": false
        },
        {
            "bbox": [
                51.05069000000001,
                166.58260000000004,
                136.81721,
                356.7514,
                0.6534387692307692
            ],
            "personID": 2,
            "keypoints": [
                [
                    74.8343,
                    184.381,
                    0.907093
                ],
                [
                    66.0729,
                    223.499,
                    0.7379
                ],
                [
                    72.8657,
                    233.297,
                    0.706135
                ],
                [
                    111.983,
                    253.887,
                    0.836722
                ],
                [
                    98.3323,
                    236.244,
                    0.69778
                ],
                [
                    63.1051,
                    210.826,
                    0.481359
                ],
                [
                    0.0,
                    0.0,
                    0.0
                ],
                [
                    0.0,
                    0.0,
                    0.0
                ],
                [
                    106.169,
                    293.965,
                    0.479658
                ],
                [
                    110.056,
                    293.987,
                    0.573071
                ],
                [
                    129.67,
                    340.904,
                    0.571476
                ],
                [
                    0.0,
                    0.0,
                    0.0
                ],
                [
                    104.175,
                    294.928,
                    0.362979
                ],
                [
                    121.804,
                    337.008,
                    0.351021
                ],
                [
                    0.0,
                    0.0,
                    0.0
                ],
                [
                    68.9678,
                    182.43,
                    0.839383
                ],
                [
                    0.0,
                    0.0,
                    0.0
                ],
                [
                    58.1979,
                    191.245,
                    0.950127
                ],
                [
                    0.0,
                    0.0,
                    0.0
                ],
                [
                    0.0,
                    0.0,
                    0.0
                ],
                [
                    0.0,
                    0.0,
                    0.0
                ],
                [
                    0.0,
                    0.0,
                    0.0
                ],
                [
                    0.0,
                    0.0,
                    0.0
                ],
                [
                    0.0,
                    0.0,
                    0.0
                ],
                [
                    0.0,
                    0.0,
                    0.0
                ]
            ],
            "isKeyframe": false
        },
        {
            "bbox": [
                359.6814,
                42.13116000000001,
                416.07660000000004,
                247.51644,
                0.6464920695652173
            ],
            "personID": 3,
            "keypoints": [
                [
                    407.425,
                    65.0297,
                    0.286821
                ],
                [
                    386.877,
                    88.5136,
                    0.887927
                ],
                [
                    399.607,
                    89.5119,
                    0.838425
                ],
                [
                    404.525,
                    122.768,
                    0.846766
                ],
                [
                    411.377,
                    153.101,
                    0.893064
                ],
                [
                    372.24,
                    84.6271,
                    0.834481
                ],
                [
                    374.175,
                    114.943,
                    0.0902436
                ],
                [
                    0.0,
                    0.0,
                    0.0
                ],
                [
                    387.892,
                    146.264,
                    0.760943
                ],
                [
                    396.693,
                    147.226,
                    0.730407
                ],
                [
                    402.512,
                    189.292,
                    0.854863
                ],
                [
                    395.698,
                    225.509,
                    0.879527
                ],
                [
                    380.013,
                    146.241,
                    0.763244
                ],
                [
                    380.094,
                    181.482,
                    0.833809
                ],
                [
                    368.316,
                    215.73,
                    0.682245
                ],
                [
                    406.444,
                    59.2466,
                    0.456171
                ],
                [
                    0.0,
                    0.0,
                    0.0
                ],
                [
                    400.584,
                    60.1874,
                    0.839189
                ],
                [
                    386.927,
                    60.1828,
                    0.10146
                ],
                [
                    373.205,
                    225.47,
                    0.122133
                ],
                [
                    364.381,
                    222.543,
                    0.126352
                ],
                [
                    364.412,
                    222.558,
                    0.541382
                ],
                [
                    411.318,
                    226.477,
                    0.7711
                ],
                [
                    410.37,
                    229.403,
                    0.869332
                ],
                [
                    393.742,
                    230.401,
                    0.859433
                ]
            ],
            "isKeyframe": false
        }
    ],
    "isKeyframe": false
}