{
    "filename": "images/1/002624.jpg",
    "height": 360,
    "width": 640,
    "annots": [
        {
            "bbox": [
                185.5008,
                67.41814000000001,
                242.97119999999998,
                238.79326000000003,
                0.7974211250000001
            ],
            "personID": 0,
            "keypoints": [
                [
                    207.867,
                    83.6606,
                    0.904679
                ],
                [
                    201.054,
                    99.2858,
                    0.894845
                ],
                [
                    191.22,
                    105.175,
                    0.90225
                ],
                [
                    190.29,
                    131.576,
                    0.841014
                ],
                [
                    199.033,
                    150.175,
                    0.640752
                ],
                [
                    214.697,
                    95.3631,
                    0.891002
                ],
                [
                    221.582,
                    114.941,
                    0.634745
                ],
                [
                    229.384,
                    137.458,
                    0.188364
                ],
                [
                    214.741,
                    147.251,
                    0.803101
                ],
                [
                    207.841,
                    151.129,
                    0.810686
                ],
                [
                    215.663,
                    184.372,
                    0.886791
                ],
                [
                    214.765,
                    215.716,
                    0.924321
                ],
                [
                    222.552,
                    145.281,
                    0.81503
                ],
                [
                    223.534,
                    179.516,
                    0.814564
                ],
                [
                    224.521,
                    207.884,
                    0.872235
                ],
                [
                    205.883,
                    82.6398,
                    0.892006
                ],
                [
                    207.89,
                    81.6994,
                    0.760287
                ],
                [
                    196.138,
                    83.6532,
                    0.841089
                ],
                [
                    0.0,
                    0.0,
                    0.0
                ],
                [
                    238.165,
                    214.701,
                    0.807025
                ],
                [
                    238.182,
                    211.79,
                    0.789504
                ],
                [
                    223.502,
                    212.762,
                    0.70799
                ],
                [
                    223.492,
                    223.545,
                    0.889431
                ],
                [
                    216.692,
                    224.512,
                    0.840651
                ],
                [
                    214.705,
                    219.615,
                    0.785745
                ]
            ],
            "isKeyframe": false
        },
        {
            "bbox": [
                432.19309999999996,
                72.27159000000002,
                510.8279,
                278.92731000000003,
                0.7977430909090909
            ],
            "personID": 1,
            "keypoints": [
                [
                    464.154,
                    92.4513,
                    0.85421
                ],
                [
                    481.807,
                    116.925,
                    0.822153
                ],
                [
                    471.019,
                    112.998,
                    0.795195
                ],
                [
                    0.0,
                    0.0,
                    0.0
                ],
                [
                    0.0,
                    0.0,
                    0.0
                ],
                [
                    495.487,
                    121.809,
                    0.85525
                ],
                [
                    504.275,
                    158.937,
                    0.887683
                ],
                [
                    495.435,
                    189.294,
                    0.838795
                ],
                [
                    473.984,
                    178.528,
                    0.798624
                ],
                [
                    466.088,
                    175.611,
                    0.810872
                ],
                [
                    454.368,
                    206.895,
                    0.835658
                ],
                [
                    456.36,
                    241.128,
                    0.85246
                ],
                [
                    483.739,
                    183.382,
                    0.743217
                ],
                [
                    487.605,
                    216.711,
                    0.798119
                ],
                [
                    480.801,
                    247.983,
                    0.895582
                ],
                [
                    464.158,
                    89.4929,
                    0.101375
                ],
                [
                    466.123,
                    89.5177,
                    0.940882
                ],
                [
                    0.0,
                    0.0,
                    0.0
                ],
                [
                    479.822,
                    90.529,
                    0.900462
                ],
                [
                    472.916,
                    261.685,
                    0.885107
                ],
                [
                    477.872,
                    261.706,
                    0.859024
                ],
                [
                    480.759,
                    251.877,
                    0.702035
                ],
                [
                    438.746,
                    248.988,
                    0.727532
                ],
                [
                    440.674,
                    246.977,
                    0.756429
                ],
                [
                    459.276,
                    246.007,
                    0.889684
                ]
            ],
            "isKeyframe": false
        },
        {
            "bbox": [
                51.326260000000005,
                164.91429999999997,
                145.30234000000002,
                375.0907,
                0.5724988933333334
            ],
            "personID": 2,
            "keypoints": [
                [
                    75.808,
                    183.465,
                    0.89487
                ],
                [
                    67.0495,
                    223.516,
                    0.746762
                ],
                [
                    71.922,
                    233.323,
                    0.706971
                ],
                [
                    112.985,
                    254.84,
                    0.866107
                ],
                [
                    103.224,
                    239.147,
                    0.708828
                ],
                [
                    66.0222,
                    210.809,
                    0.522983
                ],
                [
                    0.0,
                    0.0,
                    0.0
                ],
                [
                    0.0,
                    0.0,
                    0.0
                ],
                [
                    107.109,
                    291.996,
                    0.4526
                ],
                [
                    111.018,
                    292.963,
                    0.561222
                ],
                [
                    130.593,
                    336.99,
                    0.545569
                ],
                [
                    137.471,
                    357.573,
                    0.0521474
                ],
                [
                    104.196,
                    292.005,
                    0.336015
                ],
                [
                    121.778,
                    332.119,
                    0.368684
                ],
                [
                    131.578,
                    357.576,
                    0.058739
                ],
                [
                    70.9192,
                    182.429,
                    0.815358
                ],
                [
                    0.0,
                    0.0,
                    0.0
                ],
                [
                    59.1576,
                    191.293,
                    0.950628
                ],
                [
                    0.0,
                    0.0,
                    0.0
                ],
                [
                    0.0,
                    0.0,
                    0.0
                ],
                [
                    0.0,
                    0.0,
                    0.0
                ],
                [
                    0.0,
                    0.0,
                    0.0
                ],
                [
                    0.0,
                    0.0,
                    0.0
                ],
                [
                    0.0,
                    0.0,
                    0.0
                ],
                [
                    0.0,
                    0.0,
                    0.0
                ]
            ],
            "isKeyframe": false
        },
        {
            "bbox": [
                308.5371,
                88.42930000000003,
                403.5879,
                265.6777,
                0.7736875294117647
            ],
            "personID": 3,
            "keypoints": [
                [
                    0.0,
                    0.0,
                    0.0
                ],
                [
                    360.479,
                    124.718,
                    0.831368
                ],
                [
                    379.073,
                    127.628,
                    0.856747
                ],
                [
                    386.928,
                    154.11,
                    0.87943
                ],
                [
                    383.934,
                    184.419,
                    0.808489
                ],
                [
                    340.937,
                    122.768,
                    0.89599
                ],
                [
                    323.307,
                    150.153,
                    0.77357
                ],
                [
                    316.458,
                    168.728,
                    0.600141
                ],
                [
                    349.713,
                    179.509,
                    0.799603
                ],
                [
                    363.431,
                    182.452,
                    0.794695
                ],
                [
                    382.018,
                    204.949,
                    0.705366
                ],
                [
                    386.914,
                    245.063,
                    0.822312
                ],
                [
                    338.958,
                    176.618,
                    0.775528
                ],
                [
                    0.0,
                    0.0,
                    0.0
                ],
                [
                    0.0,
                    0.0,
                    0.0
                ],
                [
                    0.0,
                    0.0,
                    0.0
                ],
                [
                    0.0,
                    0.0,
                    0.0
                ],
                [
                    372.214,
                    103.2,
                    0.860863
                ],
                [
                    353.635,
                    104.16,
                    0.846883
                ],
                [
                    0.0,
                    0.0,
                    0.0
                ],
                [
                    0.0,
                    0.0,
                    0.0
                ],
                [
                    0.0,
                    0.0,
                    0.0
                ],
                [
                    394.687,
                    239.201,
                    0.567568
                ],
                [
                    395.667,
                    242.127,
                    0.655181
                ],
                [
                    386.849,
                    250.907,
                    0.678954
                ]
            ],
            "isKeyframe": false
        }
    ],
    "isKeyframe": false
}