{
    "filename": "images/1/002646.jpg",
    "height": 360,
    "width": 640,
    "annots": [
        {
            "bbox": [
                182.2518,
                68.34676,
                243.2862,
                239.78884,
                0.7972961249999999
            ],
            "personID": 0,
            "keypoints": [
                [
                    206.852,
                    85.6118,
                    0.868879
                ],
                [
                    200.057,
                    100.301,
                    0.90178
                ],
                [
                    189.303,
                    106.144,
                    0.875637
                ],
                [
                    187.338,
                    131.585,
                    0.797445
                ],
                [
                    193.205,
                    151.153,
                    0.729676
                ],
                [
                    213.71,
                    96.351,
                    0.863066
                ],
                [
                    221.544,
                    117.895,
                    0.629525
                ],
                [
                    224.532,
                    144.266,
                    0.171407
                ],
                [
                    211.775,
                    150.147,
                    0.753623
                ],
                [
                    203.963,
                    152.091,
                    0.776526
                ],
                [
                    208.891,
                    184.423,
                    0.874886
                ],
                [
                    214.751,
                    216.695,
                    0.906649
                ],
                [
                    218.659,
                    146.278,
                    0.734829
                ],
                [
                    222.541,
                    180.496,
                    0.856184
                ],
                [
                    224.548,
                    208.843,
                    0.846171
                ],
                [
                    201.017,
                    82.7123,
                    0.909943
                ],
                [
                    206.904,
                    82.6336,
                    0.886193
                ],
                [
                    192.269,
                    85.5886,
                    0.878284
                ],
                [
                    0.0,
                    0.0,
                    0.0
                ],
                [
                    238.183,
                    214.717,
                    0.797479
                ],
                [
                    238.2,
                    212.757,
                    0.781687
                ],
                [
                    223.516,
                    213.743,
                    0.79723
                ],
                [
                    222.574,
                    224.507,
                    0.875214
                ],
                [
                    216.67,
                    225.502,
                    0.810477
                ],
                [
                    214.724,
                    221.54,
                    0.812317
                ]
            ],
            "isKeyframe": false
        },
        {
            "bbox": [
                428.9786,
                73.24397000000002,
                499.39939999999996,
                279.84473,
                0.765826152173913
            ],
            "personID": 1,
            "keypoints": [
                [
                    450.513,
                    95.3638,
                    0.8722
                ],
                [
                    472.97,
                    118.875,
                    0.856377
                ],
                [
                    458.32,
                    113.957,
                    0.856736
                ],
                [
                    459.259,
                    143.322,
                    0.0678955
                ],
                [
                    0.0,
                    0.0,
                    0.0
                ],
                [
                    486.645,
                    121.82,
                    0.819437
                ],
                [
                    493.531,
                    157.978,
                    0.825808
                ],
                [
                    488.566,
                    190.268,
                    0.890825
                ],
                [
                    465.163,
                    181.457,
                    0.798477
                ],
                [
                    456.341,
                    177.568,
                    0.754115
                ],
                [
                    452.429,
                    216.695,
                    0.819328
                ],
                [
                    453.422,
                    254.832,
                    0.839015
                ],
                [
                    473.988,
                    183.413,
                    0.772563
                ],
                [
                    478.843,
                    220.601,
                    0.810931
                ],
                [
                    480.762,
                    247.973,
                    0.882781
                ],
                [
                    450.427,
                    90.4791,
                    0.146623
                ],
                [
                    455.374,
                    90.4607,
                    0.879044
                ],
                [
                    0.0,
                    0.0,
                    0.0
                ],
                [
                    467.097,
                    91.4613,
                    0.870917
                ],
                [
                    471.956,
                    262.628,
                    0.876965
                ],
                [
                    475.918,
                    261.708,
                    0.847774
                ],
                [
                    480.822,
                    250.92,
                    0.716271
                ],
                [
                    434.847,
                    261.719,
                    0.806933
                ],
                [
                    435.832,
                    260.68,
                    0.736031
                ],
                [
                    458.276,
                    259.713,
                    0.866955
                ]
            ],
            "isKeyframe": false
        },
        {
            "bbox": [
                318.8154,
                52.72386999999999,
                407.99459999999993,
                259.33783,
                0.6746262761904761
            ],
            "personID": 2,
            "keypoints": [
                [
                    0.0,
                    0.0,
                    0.0
                ],
                [
                    355.631,
                    96.3405,
                    0.908253
                ],
                [
                    373.215,
                    96.3444,
                    0.827706
                ],
                [
                    380.076,
                    130.615,
                    0.879285
                ],
                [
                    385.922,
                    158.964,
                    0.861183
                ],
                [
                    338.944,
                    95.363,
                    0.842374
                ],
                [
                    326.247,
                    120.856,
                    0.781204
                ],
                [
                    0.0,
                    0.0,
                    0.0
                ],
                [
                    357.529,
                    157.978,
                    0.73497
                ],
                [
                    371.235,
                    157.016,
                    0.735222
                ],
                [
                    386.852,
                    194.188,
                    0.837856
                ],
                [
                    392.744,
                    236.24,
                    0.782801
                ],
                [
                    346.777,
                    157.999,
                    0.721281
                ],
                [
                    346.754,
                    194.182,
                    0.733127
                ],
                [
                    345.817,
                    232.338,
                    0.372409
                ],
                [
                    0.0,
                    0.0,
                    0.0
                ],
                [
                    0.0,
                    0.0,
                    0.0
                ],
                [
                    371.186,
                    70.9462,
                    0.878948
                ],
                [
                    349.733,
                    69.9417,
                    0.821348
                ],
                [
                    348.743,
                    238.196,
                    0.0820418
                ],
                [
                    345.796,
                    237.217,
                    0.10762
                ],
                [
                    341.891,
                    242.12,
                    0.237653
                ],
                [
                    396.667,
                    233.33,
                    0.599732
                ],
                [
                    400.563,
                    236.258,
                    0.688849
                ],
                [
                    391.77,
                    240.165,
                    0.733289
                ]
            ],
            "isKeyframe": false
        },
        {
            "bbox": [
                52.013149999999996,
                165.6295,
                137.73335,
                355.7635,
                0.6337097692307693
            ],
            "personID": 3,
            "keypoints": [
                [
                    75.8323,
                    183.45,
                    0.863869
                ],
                [
                    67.0082,
                    223.536,
                    0.730677
                ],
                [
                    73.8299,
                    234.302,
                    0.716291
                ],
                [
                    112.978,
                    254.846,
                    0.845264
                ],
                [
                    105.186,
                    241.122,
                    0.638563
                ],
                [
                    63.0991,
                    210.813,
                    0.482132
                ],
                [
                    0.0,
                    0.0,
                    0.0
                ],
                [
                    0.0,
                    0.0,
                    0.0
                ],
                [
                    107.115,
                    292.994,
                    0.454143
                ],
                [
                    111.017,
                    293.963,
                    0.561324
                ],
                [
                    130.59,
                    339.919,
                    0.531659
                ],
                [
                    0.0,
                    0.0,
                    0.0
                ],
                [
                    105.149,
                    293.946,
                    0.338383
                ],
                [
                    121.823,
                    335.043,
                    0.328481
                ],
                [
                    0.0,
                    0.0,
                    0.0
                ],
                [
                    71.8933,
                    181.474,
                    0.804332
                ],
                [
                    0.0,
                    0.0,
                    0.0
                ],
                [
                    59.1565,
                    191.262,
                    0.943109
                ],
                [
                    0.0,
                    0.0,
                    0.0
                ],
                [
                    0.0,
                    0.0,
                    0.0
                ],
                [
                    0.0,
                    0.0,
                    0.0
                ],
                [
                    0.0,
                    0.0,
                    0.0
                ],
                [
                    0.0,
                    0.0,
                    0.0
                ],
                [
                    0.0,
                    0.0,
                    0.0
                ],
                [
                    0.0,
                    0.0,
                    0.0
                ]
            ],
            "isKeyframe": false
        }
    ],
    "isKeyframe": false
}