{
    "filename": "images/1/002667.jpg",
    "height": 360,
    "width": 640,
    "annots": [
        {
            "bbox": [
                179.011,
                69.44279999999999,
                243.583,
                239.67720000000003,
                0.8072409166666666
            ],
            "personID": 0,
            "keypoints": [
                [
                    201.052,
                    88.5511,
                    0.888042
                ],
                [
                    197.11,
                    104.173,
                    0.874644
                ],
                [
                    184.392,
                    108.119,
                    0.869061
                ],
                [
                    184.445,
                    136.508,
                    0.885215
                ],
                [
                    191.287,
                    156.032,
                    0.607992
                ],
                [
                    207.887,
                    97.3437,
                    0.950288
                ],
                [
                    214.767,
                    120.83,
                    0.719221
                ],
                [
                    222.507,
                    144.317,
                    0.230197
                ],
                [
                    207.88,
                    153.086,
                    0.838031
                ],
                [
                    200.035,
                    154.103,
                    0.811349
                ],
                [
                    206.856,
                    186.377,
                    0.827578
                ],
                [
                    214.707,
                    215.678,
                    0.862426
                ],
                [
                    215.724,
                    152.079,
                    0.808285
                ],
                [
                    222.555,
                    181.459,
                    0.858074
                ],
                [
                    224.527,
                    207.915,
                    0.881812
                ],
                [
                    199.027,
                    85.6123,
                    0.863323
                ],
                [
                    202.971,
                    83.629,
                    0.831146
                ],
                [
                    190.259,
                    89.4991,
                    0.910751
                ],
                [
                    0.0,
                    0.0,
                    0.0
                ],
                [
                    238.173,
                    214.694,
                    0.829792
                ],
                [
                    238.202,
                    211.777,
                    0.810542
                ],
                [
                    223.5,
                    213.729,
                    0.800687
                ],
                [
                    222.55,
                    224.512,
                    0.862091
                ],
                [
                    215.718,
                    225.491,
                    0.853104
                ],
                [
                    214.73,
                    216.711,
                    0.700131
                ]
            ],
            "isKeyframe": false
        },
        {
            "bbox": [
                430.2668,
                72.66429999999998,
                485.36119999999994,
                286.29670000000004,
                0.8152661304347825
            ],
            "personID": 1,
            "keypoints": [
                [
                    436.76,
                    95.3838,
                    0.833185
                ],
                [
                    458.332,
                    120.763,
                    0.876925
                ],
                [
                    448.482,
                    115.917,
                    0.79655
                ],
                [
                    449.499,
                    145.325,
                    0.758063
                ],
                [
                    439.725,
                    167.719,
                    0.826313
                ],
                [
                    472.001,
                    121.827,
                    0.849739
                ],
                [
                    479.794,
                    157.972,
                    0.834859
                ],
                [
                    469.054,
                    188.327,
                    0.820845
                ],
                [
                    452.441,
                    184.386,
                    0.762336
                ],
                [
                    445.578,
                    183.4,
                    0.74848
                ],
                [
                    449.51,
                    222.567,
                    0.831841
                ],
                [
                    452.454,
                    254.851,
                    0.836661
                ],
                [
                    459.303,
                    185.382,
                    0.73617
                ],
                [
                    457.345,
                    224.507,
                    0.818481
                ],
                [
                    474.003,
                    249.937,
                    0.848175
                ],
                [
                    0.0,
                    0.0,
                    0.0
                ],
                [
                    440.68,
                    90.467,
                    0.880144
                ],
                [
                    0.0,
                    0.0,
                    0.0
                ],
                [
                    451.456,
                    90.5469,
                    0.877675
                ],
                [
                    466.164,
                    268.494,
                    0.829132
                ],
                [
                    472.971,
                    265.587,
                    0.822124
                ],
                [
                    480.77,
                    249.929,
                    0.768712
                ],
                [
                    434.858,
                    261.7,
                    0.838047
                ],
                [
                    436.791,
                    260.682,
                    0.73276
                ],
                [
                    457.327,
                    259.703,
                    0.823904
                ]
            ],
            "isKeyframe": false
        },
        {
            "bbox": [
                348.9367,
                43.09334000000001,
                417.0163,
                248.49806,
                0.6129912458333333
            ],
            "personID": 2,
            "keypoints": [
                [
                    391.761,
                    65.056,
                    0.0670973
                ],
                [
                    371.278,
                    89.4867,
                    0.925757
                ],
                [
                    386.897,
                    89.5093,
                    0.900062
                ],
                [
                    393.718,
                    124.744,
                    0.838113
                ],
                [
                    400.591,
                    156.016,
                    0.830923
                ],
                [
                    356.54,
                    88.5492,
                    0.903118
                ],
                [
                    354.61,
                    112.002,
                    0.378281
                ],
                [
                    364.42,
                    131.575,
                    0.0524796
                ],
                [
                    375.144,
                    151.153,
                    0.720004
                ],
                [
                    386.861,
                    152.104,
                    0.769869
                ],
                [
                    396.686,
                    191.199,
                    0.857025
                ],
                [
                    395.716,
                    226.479,
                    0.861832
                ],
                [
                    364.401,
                    151.142,
                    0.748128
                ],
                [
                    363.457,
                    190.253,
                    0.832184
                ],
                [
                    356.597,
                    225.506,
                    0.612825
                ],
                [
                    390.791,
                    60.2104,
                    0.173296
                ],
                [
                    0.0,
                    0.0,
                    0.0
                ],
                [
                    385.915,
                    64.0918,
                    0.8644
                ],
                [
                    371.212,
                    61.162,
                    0.294137
                ],
                [
                    370.255,
                    229.402,
                    0.165342
                ],
                [
                    366.353,
                    224.513,
                    0.150692
                ],
                [
                    355.606,
                    231.381,
                    0.409113
                ],
                [
                    411.343,
                    226.476,
                    0.737288
                ],
                [
                    410.376,
                    230.33,
                    0.842334
                ],
                [
                    394.68,
                    231.345,
                    0.77749
                ]
            ],
            "isKeyframe": false
        },
        {
            "bbox": [
                51.020570000000006,
                166.56279999999998,
                137.83013,
                356.7652,
                0.6439459230769231
            ],
            "personID": 3,
            "keypoints": [
                [
                    74.8605,
                    184.371,
                    0.885039
                ],
                [
                    66.0738,
                    223.521,
                    0.732586
                ],
                [
                    72.8649,
                    233.325,
                    0.708828
                ],
                [
                    111.043,
                    253.884,
                    0.817162
                ],
                [
                    99.3037,
                    237.229,
                    0.661419
                ],
                [
                    62.1177,
                    210.805,
                    0.480645
                ],
                [
                    0.0,
                    0.0,
                    0.0
                ],
                [
                    0.0,
                    0.0,
                    0.0
                ],
                [
                    106.185,
                    294.927,
                    0.471582
                ],
                [
                    110.072,
                    294.949,
                    0.566198
                ],
                [
                    130.596,
                    340.915,
                    0.568462
                ],
                [
                    0.0,
                    0.0,
                    0.0
                ],
                [
                    104.192,
                    294.956,
                    0.35954
                ],
                [
                    121.814,
                    338.958,
                    0.360136
                ],
                [
                    0.0,
                    0.0,
                    0.0
                ],
                [
                    70.9101,
                    182.413,
                    0.807123
                ],
                [
                    0.0,
                    0.0,
                    0.0
                ],
                [
                    58.2547,
                    191.238,
                    0.952577
                ],
                [
                    0.0,
                    0.0,
                    0.0
                ],
                [
                    0.0,
                    0.0,
                    0.0
                ],
                [
                    0.0,
                    0.0,
                    0.0
                ],
                [
                    0.0,
                    0.0,
                    0.0
                ],
                [
                    0.0,
                    0.0,
                    0.0
                ],
                [
                    0.0,
                    0.0,
                    0.0
                ],
                [
                    0.0,
                    0.0,
                    0.0
                ]
            ],
            "isKeyframe": false
        }
    ],
    "isKeyframe": false
}