{
    "filename": "images/1/002582.jpg",
    "height": 360,
    "width": 640,
    "annots": [
        {
            "bbox": [
                179.07010000000002,
                65.64646000000002,
                243.6169,
                246.42814,
                0.8150356666666667
            ],
            "personID": 0,
            "keypoints": [
                [
                    202.988,
                    82.7089,
                    0.875159
                ],
                [
                    199.042,
                    100.263,
                    0.90875
                ],
                [
                    185.386,
                    106.124,
                    0.882504
                ],
                [
                    184.449,
                    131.595,
                    0.845106
                ],
                [
                    193.202,
                    152.124,
                    0.780531
                ],
                [
                    208.863,
                    96.3318,
                    0.882424
                ],
                [
                    215.731,
                    118.859,
                    0.626144
                ],
                [
                    223.533,
                    141.366,
                    0.363525
                ],
                [
                    209.82,
                    148.223,
                    0.757239
                ],
                [
                    202.028,
                    151.147,
                    0.767637
                ],
                [
                    207.906,
                    186.357,
                    0.860572
                ],
                [
                    208.871,
                    221.561,
                    0.840665
                ],
                [
                    216.696,
                    146.247,
                    0.76317
                ],
                [
                    222.517,
                    179.508,
                    0.849923
                ],
                [
                    224.524,
                    208.844,
                    0.865689
                ],
                [
                    199.068,
                    81.7273,
                    0.953671
                ],
                [
                    203.947,
                    80.7116,
                    0.823044
                ],
                [
                    191.209,
                    85.6037,
                    0.881124
                ],
                [
                    0.0,
                    0.0,
                    0.0
                ],
                [
                    238.234,
                    214.694,
                    0.894694
                ],
                [
                    238.238,
                    211.792,
                    0.826153
                ],
                [
                    222.562,
                    213.761,
                    0.875409
                ],
                [
                    218.64,
                    231.339,
                    0.820982
                ],
                [
                    213.728,
                    231.363,
                    0.809367
                ],
                [
                    207.908,
                    223.509,
                    0.807374
                ]
            ],
            "isKeyframe": false
        },
        {
            "bbox": [
                445.6648,
                66.90378000000001,
                503.2192,
                279.42402000000004,
                0.7963300833333333
            ],
            "personID": 1,
            "keypoints": [
                [
                    463.205,
                    89.4845,
                    0.897781
                ],
                [
                    480.813,
                    113.938,
                    0.915776
                ],
                [
                    469.075,
                    111.015,
                    0.780507
                ],
                [
                    471.98,
                    137.493,
                    0.653073
                ],
                [
                    462.202,
                    157.002,
                    0.672865
                ],
                [
                    491.581,
                    116.923,
                    0.792708
                ],
                [
                    498.423,
                    152.152,
                    0.882794
                ],
                [
                    489.631,
                    183.428,
                    0.915123
                ],
                [
                    473.964,
                    174.59,
                    0.788139
                ],
                [
                    466.119,
                    170.713,
                    0.769149
                ],
                [
                    465.09,
                    203.961,
                    0.78266
                ],
                [
                    465.188,
                    230.393,
                    0.920687
                ],
                [
                    481.82,
                    175.606,
                    0.773636
                ],
                [
                    483.755,
                    215.67,
                    0.81537
                ],
                [
                    480.79,
                    247.041,
                    0.910944
                ],
                [
                    462.197,
                    84.6355,
                    0.137842
                ],
                [
                    466.145,
                    84.6138,
                    0.894583
                ],
                [
                    0.0,
                    0.0,
                    0.0
                ],
                [
                    479.818,
                    89.4871,
                    0.9043
                ],
                [
                    472.01,
                    261.695,
                    0.852256
                ],
                [
                    477.85,
                    261.714,
                    0.854591
                ],
                [
                    480.783,
                    250.917,
                    0.746662
                ],
                [
                    450.461,
                    236.259,
                    0.81802
                ],
                [
                    451.454,
                    232.344,
                    0.785189
                ],
                [
                    469.046,
                    232.367,
                    0.847267
                ]
            ],
            "isKeyframe": false
        },
        {
            "bbox": [
                297.9461,
                128.0709,
                414.1889,
                264.20009999999996,
                0.7071466411764705
            ],
            "personID": 2,
            "keypoints": [
                [
                    0.0,
                    0.0,
                    0.0
                ],
                [
                    347.715,
                    167.725,
                    0.877016
                ],
                [
                    363.37,
                    173.624,
                    0.833447
                ],
                [
                    354.616,
                    206.874,
                    0.9083
                ],
                [
                    372.256,
                    209.832,
                    0.855366
                ],
                [
                    331.131,
                    159.94,
                    0.86314
                ],
                [
                    309.639,
                    175.581,
                    0.465793
                ],
                [
                    307.633,
                    169.732,
                    0.0946219
                ],
                [
                    336.025,
                    223.552,
                    0.533198
                ],
                [
                    345.795,
                    229.382,
                    0.52937
                ],
                [
                    387.87,
                    199.073,
                    0.85166
                ],
                [
                    394.729,
                    246.005,
                    0.878526
                ],
                [
                    325.289,
                    218.652,
                    0.506666
                ],
                [
                    0.0,
                    0.0,
                    0.0
                ],
                [
                    0.0,
                    0.0,
                    0.0
                ],
                [
                    0.0,
                    0.0,
                    0.0
                ],
                [
                    0.0,
                    0.0,
                    0.0
                ],
                [
                    370.222,
                    146.263,
                    0.802716
                ],
                [
                    348.761,
                    139.415,
                    0.747022
                ],
                [
                    0.0,
                    0.0,
                    0.0
                ],
                [
                    0.0,
                    0.0,
                    0.0
                ],
                [
                    0.0,
                    0.0,
                    0.0
                ],
                [
                    403.546,
                    239.159,
                    0.751093
                ],
                [
                    404.502,
                    241.157,
                    0.767946
                ],
                [
                    393.713,
                    252.856,
                    0.755612
                ]
            ],
            "isKeyframe": false
        },
        {
            "bbox": [
                51.02033000000001,
                166.6866,
                137.85197000000002,
                355.7034,
                0.6418575384615385
            ],
            "personID": 3,
            "keypoints": [
                [
                    75.8034,
                    183.462,
                    0.89109
                ],
                [
                    67.0231,
                    222.533,
                    0.739733
                ],
                [
                    68.9732,
                    231.37,
                    0.741067
                ],
                [
                    112.975,
                    254.822,
                    0.866235
                ],
                [
                    98.3451,
                    233.309,
                    0.692374
                ],
                [
                    66.0587,
                    208.876,
                    0.558848
                ],
                [
                    0.0,
                    0.0,
                    0.0
                ],
                [
                    0.0,
                    0.0,
                    0.0
                ],
                [
                    107.139,
                    292.01,
                    0.419055
                ],
                [
                    110.055,
                    293.001,
                    0.540577
                ],
                [
                    130.616,
                    339.952,
                    0.522136
                ],
                [
                    0.0,
                    0.0,
                    0.0
                ],
                [
                    106.128,
                    292.007,
                    0.307143
                ],
                [
                    122.768,
                    338.948,
                    0.308803
                ],
                [
                    0.0,
                    0.0,
                    0.0
                ],
                [
                    70.9121,
                    182.438,
                    0.816817
                ],
                [
                    0.0,
                    0.0,
                    0.0
                ],
                [
                    58.2563,
                    191.252,
                    0.94027
                ],
                [
                    0.0,
                    0.0,
                    0.0
                ],
                [
                    0.0,
                    0.0,
                    0.0
                ],
                [
                    0.0,
                    0.0,
                    0.0
                ],
                [
                    0.0,
                    0.0,
                    0.0
                ],
                [
                    0.0,
                    0.0,
                    0.0
                ],
                [
                    0.0,
                    0.0,
                    0.0
                ],
                [
                    0.0,
                    0.0,
                    0.0
                ]
            ],
            "isKeyframe": false
        }
    ],
    "isKeyframe": false
}