{
    "filename": "images/1/002633.jpg",
    "height": 360,
    "width": 640,
    "annots": [
        {
            "bbox": [
                185.44840000000002,
                68.44636000000003,
                242.9596,
                238.70524,
                0.8178779166666666
            ],
            "personID": 0,
            "keypoints": [
                [
                    206.905,
                    85.6068,
                    0.886358
                ],
                [
                    201.054,
                    99.3127,
                    0.891671
                ],
                [
                    191.215,
                    105.197,
                    0.917626
                ],
                [
                    190.241,
                    130.602,
                    0.849988
                ],
                [
                    198.083,
                    151.116,
                    0.765166
                ],
                [
                    214.693,
                    95.3942,
                    0.895352
                ],
                [
                    222.502,
                    115.939,
                    0.619084
                ],
                [
                    230.345,
                    143.319,
                    0.265597
                ],
                [
                    214.735,
                    148.219,
                    0.817272
                ],
                [
                    206.924,
                    151.147,
                    0.838126
                ],
                [
                    214.74,
                    184.41,
                    0.90629
                ],
                [
                    214.749,
                    215.725,
                    0.934425
                ],
                [
                    222.552,
                    146.236,
                    0.813673
                ],
                [
                    223.509,
                    181.469,
                    0.824732
                ],
                [
                    224.51,
                    207.9,
                    0.879375
                ],
                [
                    202.026,
                    82.7046,
                    0.8703
                ],
                [
                    207.853,
                    82.6346,
                    0.892213
                ],
                [
                    194.173,
                    84.6107,
                    0.853985
                ],
                [
                    0.0,
                    0.0,
                    0.0
                ],
                [
                    238.165,
                    213.766,
                    0.813011
                ],
                [
                    238.167,
                    210.815,
                    0.77954
                ],
                [
                    223.502,
                    212.779,
                    0.736408
                ],
                [
                    222.565,
                    223.554,
                    0.913045
                ],
                [
                    216.668,
                    224.517,
                    0.861667
                ],
                [
                    214.688,
                    219.608,
                    0.804166
                ]
            ],
            "isKeyframe": false
        },
        {
            "bbox": [
                427.1892,
                72.19426999999999,
                507.0108,
                279.93143,
                0.7892053636363635
            ],
            "personID": 1,
            "keypoints": [
                [
                    458.334,
                    93.4143,
                    0.870386
                ],
                [
                    479.837,
                    118.85,
                    0.828385
                ],
                [
                    466.164,
                    113.005,
                    0.784215
                ],
                [
                    0.0,
                    0.0,
                    0.0
                ],
                [
                    0.0,
                    0.0,
                    0.0
                ],
                [
                    490.583,
                    121.848,
                    0.840069
                ],
                [
                    500.359,
                    159.905,
                    0.877061
                ],
                [
                    491.559,
                    190.282,
                    0.86366
                ],
                [
                    472.952,
                    180.481,
                    0.800492
                ],
                [
                    463.186,
                    176.606,
                    0.771436
                ],
                [
                    453.422,
                    212.762,
                    0.798017
                ],
                [
                    453.403,
                    252.854,
                    0.807275
                ],
                [
                    481.774,
                    183.395,
                    0.789003
                ],
                [
                    483.722,
                    217.674,
                    0.7924
                ],
                [
                    480.8,
                    248.966,
                    0.878321
                ],
                [
                    458.288,
                    89.5057,
                    0.126017
                ],
                [
                    464.15,
                    90.4582,
                    0.898187
                ],
                [
                    0.0,
                    0.0,
                    0.0
                ],
                [
                    474.946,
                    92.4696,
                    0.844177
                ],
                [
                    471.98,
                    261.707,
                    0.872579
                ],
                [
                    476.888,
                    262.62,
                    0.857652
                ],
                [
                    480.819,
                    253.817,
                    0.709591
                ],
                [
                    433.841,
                    256.803,
                    0.74896
                ],
                [
                    434.849,
                    254.821,
                    0.741144
                ],
                [
                    458.266,
                    255.821,
                    0.863491
                ]
            ],
            "isKeyframe": false
        },
        {
            "bbox": [
                314.89399999999995,
                65.74280999999998,
                404.10200000000003,
                268.81029,
                0.7318771
            ],
            "personID": 2,
            "keypoints": [
                [
                    0.0,
                    0.0,
                    0.0
                ],
                [
                    356.521,
                    106.162,
                    0.938815
                ],
                [
                    373.22,
                    106.161,
                    0.84486
                ],
                [
                    380.099,
                    138.43,
                    0.862929
                ],
                [
                    382.992,
                    168.793,
                    0.810603
                ],
                [
                    338.935,
                    106.126,
                    0.882995
                ],
                [
                    324.253,
                    137.41,
                    0.849337
                ],
                [
                    322.328,
                    167.759,
                    0.654308
                ],
                [
                    355.564,
                    168.737,
                    0.756009
                ],
                [
                    366.37,
                    167.792,
                    0.709922
                ],
                [
                    381.006,
                    202.973,
                    0.782753
                ],
                [
                    387.87,
                    243.109,
                    0.811474
                ],
                [
                    340.957,
                    168.739,
                    0.723772
                ],
                [
                    340.96,
                    206.873,
                    0.607122
                ],
                [
                    333.128,
                    246.033,
                    0.336753
                ],
                [
                    0.0,
                    0.0,
                    0.0
                ],
                [
                    0.0,
                    0.0,
                    0.0
                ],
                [
                    370.242,
                    82.7208,
                    0.901946
                ],
                [
                    349.75,
                    82.6651,
                    0.764372
                ],
                [
                    0.0,
                    0.0,
                    0.0
                ],
                [
                    0.0,
                    0.0,
                    0.0
                ],
                [
                    332.111,
                    251.888,
                    0.335129
                ],
                [
                    395.685,
                    238.203,
                    0.643681
                ],
                [
                    396.668,
                    240.152,
                    0.69657
                ],
                [
                    386.92,
                    248.002,
                    0.724192
                ]
            ],
            "isKeyframe": false
        },
        {
            "bbox": [
                52.02171,
                166.88979999999998,
                137.74239,
                353.54019999999997,
                0.6458803076923076
            ],
            "personID": 3,
            "keypoints": [
                [
                    74.8967,
                    184.37,
                    0.888587
                ],
                [
                    67.0208,
                    223.542,
                    0.741639
                ],
                [
                    73.8391,
                    235.252,
                    0.706572
                ],
                [
                    112.985,
                    254.851,
                    0.848569
                ],
                [
                    104.187,
                    239.199,
                    0.668367
                ],
                [
                    63.1135,
                    210.803,
                    0.493252
                ],
                [
                    0.0,
                    0.0,
                    0.0
                ],
                [
                    0.0,
                    0.0,
                    0.0
                ],
                [
                    106.163,
                    292.003,
                    0.464133
                ],
                [
                    110.061,
                    292.961,
                    0.562659
                ],
                [
                    130.599,
                    337.986,
                    0.546536
                ],
                [
                    0.0,
                    0.0,
                    0.0
                ],
                [
                    103.215,
                    292.013,
                    0.344722
                ],
                [
                    121.8,
                    333.091,
                    0.36163
                ],
                [
                    0.0,
                    0.0,
                    0.0
                ],
                [
                    70.9137,
                    182.444,
                    0.818412
                ],
                [
                    0.0,
                    0.0,
                    0.0
                ],
                [
                    59.1651,
                    192.185,
                    0.951366
                ],
                [
                    0.0,
                    0.0,
                    0.0
                ],
                [
                    0.0,
                    0.0,
                    0.0
                ],
                [
                    0.0,
                    0.0,
                    0.0
                ],
                [
                    0.0,
                    0.0,
                    0.0
                ],
                [
                    0.0,
                    0.0,
                    0.0
                ],
                [
                    0.0,
                    0.0,
                    0.0
                ],
                [
                    0.0,
                    0.0,
                    0.0
                ]
            ],
            "isKeyframe": false
        }
    ],
    "isKeyframe": false
}