{
    "filename": "images/1/002604.jpg",
    "height": 360,
    "width": 640,
    "annots": [
        {
            "bbox": [
                185.447,
                66.95379999999999,
                242.96299999999997,
                243.1042,
                0.8126377916666666
            ],
            "personID": 0,
            "keypoints": [
                [
                    207.839,
                    82.7043,
                    0.948202
                ],
                [
                    201.042,
                    98.3448,
                    0.92032
                ],
                [
                    191.235,
                    105.151,
                    0.904354
                ],
                [
                    190.24,
                    130.606,
                    0.844677
                ],
                [
                    199.046,
                    149.194,
                    0.761061
                ],
                [
                    213.753,
                    93.4459,
                    0.855566
                ],
                [
                    220.591,
                    114.959,
                    0.644817
                ],
                [
                    228.421,
                    138.429,
                    0.349901
                ],
                [
                    214.739,
                    146.241,
                    0.834066
                ],
                [
                    207.849,
                    148.226,
                    0.808767
                ],
                [
                    215.661,
                    183.448,
                    0.888209
                ],
                [
                    214.726,
                    217.672,
                    0.872228
                ],
                [
                    222.53,
                    144.319,
                    0.817036
                ],
                [
                    223.513,
                    179.498,
                    0.81791
                ],
                [
                    224.505,
                    208.839,
                    0.870196
                ],
                [
                    203.971,
                    81.7182,
                    0.904656
                ],
                [
                    207.859,
                    81.633,
                    0.822229
                ],
                [
                    194.205,
                    83.6351,
                    0.870953
                ],
                [
                    0.0,
                    0.0,
                    0.0
                ],
                [
                    238.17,
                    214.676,
                    0.789856
                ],
                [
                    238.161,
                    211.775,
                    0.747643
                ],
                [
                    222.594,
                    213.754,
                    0.775088
                ],
                [
                    222.522,
                    227.455,
                    0.842315
                ],
                [
                    215.725,
                    228.425,
                    0.822572
                ],
                [
                    213.742,
                    221.579,
                    0.790685
                ]
            ],
            "isKeyframe": false
        },
        {
            "bbox": [
                445.08279999999996,
                68.98570999999998,
                509.6692,
                280.25039,
                0.7756685521739131
            ],
            "personID": 1,
            "keypoints": [
                [
                    465.151,
                    90.4804,
                    0.928637
                ],
                [
                    482.762,
                    114.971,
                    0.825752
                ],
                [
                    472.929,
                    112.957,
                    0.809173
                ],
                [
                    466.131,
                    137.437,
                    0.0730737
                ],
                [
                    0.0,
                    0.0,
                    0.0
                ],
                [
                    496.421,
                    120.817,
                    0.877302
                ],
                [
                    504.287,
                    154.114,
                    0.898273
                ],
                [
                    495.465,
                    185.389,
                    0.879549
                ],
                [
                    475.894,
                    175.622,
                    0.768301
                ],
                [
                    466.171,
                    173.626,
                    0.743474
                ],
                [
                    458.283,
                    201.03,
                    0.834469
                ],
                [
                    465.092,
                    230.329,
                    0.886624
                ],
                [
                    486.661,
                    178.521,
                    0.707828
                ],
                [
                    488.595,
                    216.718,
                    0.841427
                ],
                [
                    480.788,
                    247.975,
                    0.89022
                ],
                [
                    465.14,
                    86.5911,
                    0.174869
                ],
                [
                    469.072,
                    87.562,
                    0.827626
                ],
                [
                    0.0,
                    0.0,
                    0.0
                ],
                [
                    481.749,
                    90.4902,
                    0.935181
                ],
                [
                    472.002,
                    262.625,
                    0.852942
                ],
                [
                    477.855,
                    262.645,
                    0.857084
                ],
                [
                    480.755,
                    250.92,
                    0.699954
                ],
                [
                    450.465,
                    236.249,
                    0.814011
                ],
                [
                    450.513,
                    232.329,
                    0.796037
                ],
                [
                    467.088,
                    231.379,
                    0.91857
                ]
            ],
            "isKeyframe": false
        },
        {
            "bbox": [
                299.8794,
                125.0642,
                404.43059999999997,
                262.36580000000004,
                0.7366148235294118
            ],
            "personID": 2,
            "keypoints": [
                [
                    0.0,
                    0.0,
                    0.0
                ],
                [
                    363.373,
                    156.052,
                    0.87061
                ],
                [
                    380.067,
                    159.95,
                    0.894466
                ],
                [
                    383.97,
                    177.569,
                    0.830252
                ],
                [
                    384.917,
                    198.088,
                    0.803925
                ],
                [
                    342.862,
                    153.078,
                    0.8626
                ],
                [
                    317.452,
                    161.888,
                    0.694054
                ],
                [
                    308.592,
                    160.939,
                    0.333336
                ],
                [
                    347.736,
                    206.904,
                    0.737929
                ],
                [
                    358.527,
                    208.867,
                    0.667617
                ],
                [
                    383.954,
                    207.894,
                    0.701895
                ],
                [
                    386.904,
                    245.989,
                    0.802142
                ],
                [
                    334.093,
                    202.99,
                    0.634206
                ],
                [
                    0.0,
                    0.0,
                    0.0
                ],
                [
                    0.0,
                    0.0,
                    0.0
                ],
                [
                    0.0,
                    0.0,
                    0.0
                ],
                [
                    0.0,
                    0.0,
                    0.0
                ],
                [
                    379.085,
                    139.387,
                    0.818548
                ],
                [
                    362.4,
                    136.506,
                    0.806701
                ],
                [
                    0.0,
                    0.0,
                    0.0
                ],
                [
                    0.0,
                    0.0,
                    0.0
                ],
                [
                    0.0,
                    0.0,
                    0.0
                ],
                [
                    395.67,
                    238.238,
                    0.679111
                ],
                [
                    395.718,
                    241.136,
                    0.721737
                ],
                [
                    385.906,
                    250.924,
                    0.663323
                ]
            ],
            "isKeyframe": false
        },
        {
            "bbox": [
                52.02347000000001,
                166.6692,
                137.77823,
                355.67879999999997,
                0.6428768461538462
            ],
            "personID": 3,
            "keypoints": [
                [
                    75.8247,
                    183.457,
                    0.893054
                ],
                [
                    67.0442,
                    222.579,
                    0.732315
                ],
                [
                    71.8991,
                    232.342,
                    0.724523
                ],
                [
                    112.991,
                    254.852,
                    0.865715
                ],
                [
                    100.286,
                    236.258,
                    0.62444
                ],
                [
                    66.0218,
                    208.883,
                    0.524545
                ],
                [
                    0.0,
                    0.0,
                    0.0
                ],
                [
                    0.0,
                    0.0,
                    0.0
                ],
                [
                    107.148,
                    292.975,
                    0.443051
                ],
                [
                    111.044,
                    293.95,
                    0.557539
                ],
                [
                    130.632,
                    339.928,
                    0.544238
                ],
                [
                    0.0,
                    0.0,
                    0.0
                ],
                [
                    105.174,
                    292.988,
                    0.330801
                ],
                [
                    121.824,
                    337.972,
                    0.349629
                ],
                [
                    0.0,
                    0.0,
                    0.0
                ],
                [
                    70.9352,
                    182.42,
                    0.816224
                ],
                [
                    0.0,
                    0.0,
                    0.0
                ],
                [
                    59.1697,
                    191.275,
                    0.951325
                ],
                [
                    0.0,
                    0.0,
                    0.0
                ],
                [
                    0.0,
                    0.0,
                    0.0
                ],
                [
                    0.0,
                    0.0,
                    0.0
                ],
                [
                    0.0,
                    0.0,
                    0.0
                ],
                [
                    0.0,
                    0.0,
                    0.0
                ],
                [
                    0.0,
                    0.0,
                    0.0
                ],
                [
                    0.0,
                    0.0,
                    0.0
                ]
            ],
            "isKeyframe": false
        }
    ],
    "isKeyframe": false
}