{
    "filename": "images/1/002618.jpg",
    "height": 360,
    "width": 640,
    "annots": [
        {
            "bbox": [
                186.5161,
                67.4887,
                242.8669,
                237.77229999999997,
                0.8086479583333334
            ],
            "personID": 0,
            "keypoints": [
                [
                    207.837,
                    83.6455,
                    0.910948
                ],
                [
                    201.998,
                    98.3764,
                    0.890565
                ],
                [
                    191.261,
                    105.171,
                    0.915972
                ],
                [
                    191.212,
                    130.609,
                    0.870272
                ],
                [
                    200.016,
                    151.126,
                    0.761331
                ],
                [
                    214.691,
                    94.419,
                    0.88267
                ],
                [
                    221.578,
                    114.022,
                    0.625375
                ],
                [
                    229.38,
                    140.37,
                    0.192017
                ],
                [
                    215.664,
                    147.248,
                    0.808447
                ],
                [
                    207.88,
                    151.118,
                    0.814318
                ],
                [
                    215.67,
                    184.368,
                    0.880998
                ],
                [
                    214.738,
                    215.724,
                    0.922844
                ],
                [
                    222.572,
                    145.281,
                    0.821749
                ],
                [
                    223.529,
                    179.521,
                    0.811451
                ],
                [
                    224.515,
                    207.879,
                    0.875089
                ],
                [
                    203.977,
                    82.6329,
                    0.891369
                ],
                [
                    207.876,
                    81.679,
                    0.854112
                ],
                [
                    195.179,
                    83.6426,
                    0.846449
                ],
                [
                    0.0,
                    0.0,
                    0.0
                ],
                [
                    237.232,
                    214.685,
                    0.793429
                ],
                [
                    238.171,
                    210.834,
                    0.766386
                ],
                [
                    223.499,
                    212.753,
                    0.721869
                ],
                [
                    222.575,
                    223.524,
                    0.913262
                ],
                [
                    216.677,
                    223.582,
                    0.862914
                ],
                [
                    213.752,
                    219.616,
                    0.773715
                ]
            ],
            "isKeyframe": false
        },
        {
            "bbox": [
                437.4804,
                71.14566000000002,
                511.3716,
                280.06494,
                0.8083282272727274
            ],
            "personID": 1,
            "keypoints": [
                [
                    465.12,
                    91.4671,
                    0.906959
                ],
                [
                    482.771,
                    115.913,
                    0.817008
                ],
                [
                    472.928,
                    112.969,
                    0.829496
                ],
                [
                    0.0,
                    0.0,
                    0.0
                ],
                [
                    0.0,
                    0.0,
                    0.0
                ],
                [
                    496.426,
                    120.841,
                    0.879414
                ],
                [
                    505.214,
                    157.012,
                    0.881518
                ],
                [
                    495.481,
                    188.322,
                    0.848716
                ],
                [
                    474.91,
                    176.56,
                    0.802613
                ],
                [
                    466.125,
                    173.632,
                    0.775628
                ],
                [
                    454.366,
                    204.934,
                    0.798562
                ],
                [
                    458.326,
                    235.277,
                    0.872411
                ],
                [
                    484.697,
                    180.476,
                    0.706525
                ],
                [
                    487.62,
                    217.677,
                    0.80737
                ],
                [
                    480.781,
                    248.006,
                    0.893856
                ],
                [
                    465.124,
                    88.5556,
                    0.168664
                ],
                [
                    467.13,
                    89.4703,
                    0.88632
                ],
                [
                    0.0,
                    0.0,
                    0.0
                ],
                [
                    480.818,
                    90.4999,
                    0.931467
                ],
                [
                    472.012,
                    262.632,
                    0.907465
                ],
                [
                    477.871,
                    262.655,
                    0.8866
                ],
                [
                    480.745,
                    251.881,
                    0.678187
                ],
                [
                    443.638,
                    244.056,
                    0.794085
                ],
                [
                    445.57,
                    239.209,
                    0.773395
                ],
                [
                    464.176,
                    238.198,
                    0.936962
                ]
            ],
            "isKeyframe": false
        },
        {
            "bbox": [
                51.326370000000004,
                164.9032,
                145.30233,
                375.0928,
                0.5604483066666667
            ],
            "personID": 2,
            "keypoints": [
                [
                    75.8214,
                    183.452,
                    0.893079
                ],
                [
                    67.0239,
                    223.507,
                    0.743556
                ],
                [
                    71.9021,
                    232.365,
                    0.710763
                ],
                [
                    112.988,
                    254.848,
                    0.83833
                ],
                [
                    104.16,
                    238.219,
                    0.604347
                ],
                [
                    64.0918,
                    209.852,
                    0.497994
                ],
                [
                    0.0,
                    0.0,
                    0.0
                ],
                [
                    0.0,
                    0.0,
                    0.0
                ],
                [
                    106.175,
                    291.036,
                    0.446337
                ],
                [
                    111.013,
                    292.959,
                    0.556273
                ],
                [
                    130.583,
                    336.025,
                    0.539818
                ],
                [
                    137.471,
                    357.574,
                    0.0586314
                ],
                [
                    104.183,
                    291.991,
                    0.323317
                ],
                [
                    121.783,
                    332.099,
                    0.36194
                ],
                [
                    131.586,
                    357.577,
                    0.0654302
                ],
                [
                    70.9295,
                    182.419,
                    0.816085
                ],
                [
                    0.0,
                    0.0,
                    0.0
                ],
                [
                    59.1577,
                    191.288,
                    0.950824
                ],
                [
                    0.0,
                    0.0,
                    0.0
                ],
                [
                    0.0,
                    0.0,
                    0.0
                ],
                [
                    0.0,
                    0.0,
                    0.0
                ],
                [
                    0.0,
                    0.0,
                    0.0
                ],
                [
                    0.0,
                    0.0,
                    0.0
                ],
                [
                    0.0,
                    0.0,
                    0.0
                ],
                [
                    0.0,
                    0.0,
                    0.0
                ]
            ],
            "isKeyframe": false
        },
        {
            "bbox": [
                309.69149999999996,
                100.32570000000001,
                402.48150000000004,
                263.55330000000004,
                0.7591614705882354
            ],
            "personID": 3,
            "keypoints": [
                [
                    0.0,
                    0.0,
                    0.0
                ],
                [
                    362.449,
                    135.509,
                    0.893291
                ],
                [
                    381.007,
                    136.459,
                    0.864706
                ],
                [
                    386.889,
                    161.898,
                    0.897637
                ],
                [
                    384.944,
                    191.229,
                    0.83384
                ],
                [
                    341.881,
                    135.45,
                    0.838444
                ],
                [
                    317.424,
                    157.976,
                    0.819371
                ],
                [
                    319.398,
                    175.585,
                    0.232019
                ],
                [
                    349.745,
                    189.274,
                    0.767945
                ],
                [
                    363.422,
                    191.241,
                    0.785502
                ],
                [
                    384.938,
                    206.894,
                    0.727036
                ],
                [
                    386.917,
                    245.048,
                    0.789898
                ],
                [
                    339.928,
                    185.389,
                    0.739722
                ],
                [
                    0.0,
                    0.0,
                    0.0
                ],
                [
                    0.0,
                    0.0,
                    0.0
                ],
                [
                    0.0,
                    0.0,
                    0.0
                ],
                [
                    0.0,
                    0.0,
                    0.0
                ],
                [
                    373.226,
                    113.928,
                    0.906908
                ],
                [
                    355.562,
                    113.932,
                    0.942196
                ],
                [
                    0.0,
                    0.0,
                    0.0
                ],
                [
                    0.0,
                    0.0,
                    0.0
                ],
                [
                    0.0,
                    0.0,
                    0.0
                ],
                [
                    394.689,
                    239.197,
                    0.560246
                ],
                [
                    394.749,
                    243.081,
                    0.644466
                ],
                [
                    385.929,
                    249.951,
                    0.662518
                ]
            ],
            "isKeyframe": false
        }
    ],
    "isKeyframe": false
}