{
    "filename": "images/1/002635.jpg",
    "height": 360,
    "width": 640,
    "annots": [
        {
            "bbox": [
                185.43940000000003,
                68.34859000000002,
                242.9866,
                239.76031,
                0.7998743749999999
            ],
            "personID": 0,
            "keypoints": [
                [
                    206.894,
                    85.6016,
                    0.880522
                ],
                [
                    201.046,
                    99.3076,
                    0.895897
                ],
                [
                    191.221,
                    105.195,
                    0.916116
                ],
                [
                    190.235,
                    130.605,
                    0.839192
                ],
                [
                    198.059,
                    150.168,
                    0.687775
                ],
                [
                    214.685,
                    95.3862,
                    0.888293
                ],
                [
                    221.58,
                    115.925,
                    0.585207
                ],
                [
                    230.375,
                    139.406,
                    0.184344
                ],
                [
                    214.708,
                    148.198,
                    0.796644
                ],
                [
                    206.902,
                    151.125,
                    0.808214
                ],
                [
                    213.763,
                    184.412,
                    0.871871
                ],
                [
                    214.751,
                    216.69,
                    0.897288
                ],
                [
                    222.522,
                    145.3,
                    0.792578
                ],
                [
                    223.511,
                    181.467,
                    0.821124
                ],
                [
                    224.509,
                    207.913,
                    0.873583
                ],
                [
                    202.014,
                    82.7025,
                    0.870628
                ],
                [
                    207.837,
                    82.6329,
                    0.868763
                ],
                [
                    194.178,
                    83.6808,
                    0.856474
                ],
                [
                    0.0,
                    0.0,
                    0.0
                ],
                [
                    238.182,
                    214.69,
                    0.808672
                ],
                [
                    238.191,
                    211.774,
                    0.769816
                ],
                [
                    223.491,
                    213.721,
                    0.769386
                ],
                [
                    222.578,
                    224.491,
                    0.891498
                ],
                [
                    216.684,
                    225.476,
                    0.826221
                ],
                [
                    214.7,
                    220.61,
                    0.796879
                ]
            ],
            "isKeyframe": false
        },
        {
            "bbox": [
                428.3744,
                72.24270000000001,
                505.82959999999997,
                279.9303,
                0.7608405086956521
            ],
            "personID": 1,
            "keypoints": [
                [
                    457.32,
                    93.4354,
                    0.878572
                ],
                [
                    477.876,
                    118.859,
                    0.795989
                ],
                [
                    465.171,
                    113.938,
                    0.79457
                ],
                [
                    465.128,
                    137.455,
                    0.0750717
                ],
                [
                    0.0,
                    0.0,
                    0.0
                ],
                [
                    489.628,
                    121.842,
                    0.842742
                ],
                [
                    499.375,
                    158.984,
                    0.870533
                ],
                [
                    490.58,
                    191.22,
                    0.896052
                ],
                [
                    472.933,
                    180.49,
                    0.782048
                ],
                [
                    462.207,
                    177.538,
                    0.751427
                ],
                [
                    455.373,
                    214.754,
                    0.861714
                ],
                [
                    454.397,
                    253.872,
                    0.838786
                ],
                [
                    481.769,
                    183.391,
                    0.779834
                ],
                [
                    482.761,
                    217.681,
                    0.802705
                ],
                [
                    480.793,
                    248.965,
                    0.875469
                ],
                [
                    457.301,
                    89.55,
                    0.16295
                ],
                [
                    460.255,
                    89.5599,
                    0.889218
                ],
                [
                    0.0,
                    0.0,
                    0.0
                ],
                [
                    473.94,
                    93.4138,
                    0.877148
                ],
                [
                    471.995,
                    261.718,
                    0.9025
                ],
                [
                    477.846,
                    262.623,
                    0.866454
                ],
                [
                    480.803,
                    253.807,
                    0.695883
                ],
                [
                    434.829,
                    259.735,
                    0.718319
                ],
                [
                    436.773,
                    255.815,
                    0.680482
                ],
                [
                    458.286,
                    258.742,
                    0.860865
                ]
            ],
            "isKeyframe": false
        },
        {
            "bbox": [
                317.1511,
                63.851040000000026,
                402.86590000000007,
                265.80336,
                0.6497839545454546
            ],
            "personID": 2,
            "keypoints": [
                [
                    0.0,
                    0.0,
                    0.0
                ],
                [
                    355.613,
                    105.115,
                    0.930365
                ],
                [
                    373.206,
                    104.206,
                    0.842583
                ],
                [
                    380.062,
                    137.453,
                    0.943666
                ],
                [
                    382.992,
                    166.79,
                    0.834057
                ],
                [
                    337.988,
                    104.205,
                    0.851335
                ],
                [
                    324.294,
                    133.538,
                    0.84097
                ],
                [
                    325.25,
                    164.842,
                    0.620067
                ],
                [
                    355.606,
                    166.785,
                    0.761456
                ],
                [
                    368.313,
                    165.807,
                    0.68696
                ],
                [
                    381.057,
                    200.029,
                    0.830515
                ],
                [
                    387.887,
                    239.176,
                    0.745353
                ],
                [
                    341.907,
                    166.796,
                    0.710962
                ],
                [
                    342.872,
                    203.955,
                    0.613509
                ],
                [
                    340.915,
                    240.169,
                    0.26608
                ],
                [
                    0.0,
                    0.0,
                    0.0
                ],
                [
                    0.0,
                    0.0,
                    0.0
                ],
                [
                    370.223,
                    81.6815,
                    0.909402
                ],
                [
                    350.685,
                    80.6804,
                    0.744095
                ],
                [
                    345.802,
                    244.073,
                    0.111952
                ],
                [
                    333.086,
                    246.046,
                    0.130998
                ],
                [
                    334.074,
                    248.974,
                    0.256812
                ],
                [
                    394.704,
                    238.197,
                    0.453338
                ],
                [
                    395.723,
                    239.194,
                    0.546717
                ],
                [
                    387.873,
                    245.064,
                    0.664055
                ]
            ],
            "isKeyframe": false
        },
        {
            "bbox": [
                52.020599999999995,
                166.79340000000002,
                137.7534,
                354.58860000000004,
                0.6481273846153848
            ],
            "personID": 3,
            "keypoints": [
                [
                    74.8966,
                    184.37,
                    0.889048
                ],
                [
                    67.0203,
                    223.543,
                    0.73887
                ],
                [
                    73.8382,
                    235.25,
                    0.705468
                ],
                [
                    112.985,
                    254.851,
                    0.847076
                ],
                [
                    104.186,
                    239.197,
                    0.665629
                ],
                [
                    63.1132,
                    210.802,
                    0.493402
                ],
                [
                    0.0,
                    0.0,
                    0.0
                ],
                [
                    0.0,
                    0.0,
                    0.0
                ],
                [
                    106.158,
                    292.01,
                    0.471921
                ],
                [
                    110.065,
                    292.961,
                    0.563329
                ],
                [
                    130.609,
                    338.939,
                    0.553522
                ],
                [
                    0.0,
                    0.0,
                    0.0
                ],
                [
                    103.205,
                    292.962,
                    0.35684
                ],
                [
                    121.797,
                    334.062,
                    0.3719
                ],
                [
                    0.0,
                    0.0,
                    0.0
                ],
                [
                    70.9134,
                    182.443,
                    0.817853
                ],
                [
                    0.0,
                    0.0,
                    0.0
                ],
                [
                    59.165,
                    192.185,
                    0.950798
                ],
                [
                    0.0,
                    0.0,
                    0.0
                ],
                [
                    0.0,
                    0.0,
                    0.0
                ],
                [
                    0.0,
                    0.0,
                    0.0
                ],
                [
                    0.0,
                    0.0,
                    0.0
                ],
                [
                    0.0,
                    0.0,
                    0.0
                ],
                [
                    0.0,
                    0.0,
                    0.0
                ],
                [
                    0.0,
                    0.0,
                    0.0
                ]
            ],
            "isKeyframe": false
        }
    ],
    "isKeyframe": false
}