{
    "filename": "images/1/002640.jpg",
    "height": 360,
    "width": 640,
    "annots": [
        {
            "bbox": [
                184.4165,
                68.38481000000002,
                243.1025,
                239.78429,
                0.7935849625000001
            ],
            "personID": 0,
            "keypoints": [
                [
                    206.878,
                    86.583,
                    0.887448
                ],
                [
                    201.026,
                    99.3293,
                    0.893765
                ],
                [
                    191.193,
                    105.202,
                    0.914585
                ],
                [
                    189.307,
                    130.621,
                    0.831687
                ],
                [
                    197.092,
                    150.153,
                    0.706529
                ],
                [
                    214.679,
                    95.4015,
                    0.88684
                ],
                [
                    221.562,
                    115.929,
                    0.54767
                ],
                [
                    226.467,
                    137.452,
                    0.0647901
                ],
                [
                    213.76,
                    148.219,
                    0.781768
                ],
                [
                    206.861,
                    151.142,
                    0.801767
                ],
                [
                    211.806,
                    184.365,
                    0.847511
                ],
                [
                    214.733,
                    216.677,
                    0.90134
                ],
                [
                    221.574,
                    146.235,
                    0.773158
                ],
                [
                    222.568,
                    180.498,
                    0.837474
                ],
                [
                    224.529,
                    207.923,
                    0.863112
                ],
                [
                    201.067,
                    83.6352,
                    0.881984
                ],
                [
                    206.939,
                    82.6681,
                    0.896217
                ],
                [
                    193.223,
                    84.6483,
                    0.859354
                ],
                [
                    0.0,
                    0.0,
                    0.0
                ],
                [
                    238.197,
                    214.713,
                    0.806025
                ],
                [
                    238.212,
                    212.745,
                    0.782207
                ],
                [
                    223.499,
                    213.727,
                    0.787453
                ],
                [
                    222.563,
                    224.525,
                    0.872323
                ],
                [
                    215.756,
                    225.501,
                    0.813287
                ],
                [
                    214.691,
                    220.601,
                    0.807745
                ]
            ],
            "isKeyframe": false
        },
        {
            "bbox": [
                429.6291,
                73.34041,
                503.6319,
                278.83669,
                0.8015684545454544
            ],
            "personID": 1,
            "keypoints": [
                [
                    456.356,
                    95.3698,
                    0.867223
                ],
                [
                    475.903,
                    119.826,
                    0.822643
                ],
                [
                    464.176,
                    114.015,
                    0.793924
                ],
                [
                    0.0,
                    0.0,
                    0.0
                ],
                [
                    0.0,
                    0.0,
                    0.0
                ],
                [
                    488.656,
                    122.762,
                    0.845362
                ],
                [
                    497.465,
                    159.912,
                    0.89543
                ],
                [
                    489.617,
                    191.241,
                    0.925271
                ],
                [
                    471.009,
                    181.457,
                    0.744422
                ],
                [
                    459.299,
                    177.571,
                    0.751799
                ],
                [
                    456.335,
                    215.702,
                    0.889822
                ],
                [
                    456.301,
                    254.809,
                    0.849094
                ],
                [
                    480.794,
                    183.404,
                    0.773718
                ],
                [
                    481.769,
                    219.615,
                    0.843568
                ],
                [
                    480.79,
                    248.015,
                    0.884403
                ],
                [
                    456.344,
                    90.4651,
                    0.120683
                ],
                [
                    458.333,
                    90.4744,
                    0.928534
                ],
                [
                    0.0,
                    0.0,
                    0.0
                ],
                [
                    472.937,
                    91.4924,
                    0.890522
                ],
                [
                    472.004,
                    261.712,
                    0.901071
                ],
                [
                    477.855,
                    261.711,
                    0.86047
                ],
                [
                    480.813,
                    252.858,
                    0.703788
                ],
                [
                    435.796,
                    261.634,
                    0.784777
                ],
                [
                    437.759,
                    257.77,
                    0.695417
                ],
                [
                    458.319,
                    259.703,
                    0.862565
                ]
            ],
            "isKeyframe": false
        },
        {
            "bbox": [
                317.7248,
                57.850759999999994,
                396.3752,
                262.06484,
                0.6698036
            ],
            "personID": 2,
            "keypoints": [
                [
                    0.0,
                    0.0,
                    0.0
                ],
                [
                    355.575,
                    99.3171,
                    0.910913
                ],
                [
                    372.24,
                    99.3375,
                    0.838712
                ],
                [
                    380.054,
                    136.5,
                    0.940698
                ],
                [
                    383.947,
                    164.823,
                    0.813776
                ],
                [
                    337.012,
                    99.2934,
                    0.834303
                ],
                [
                    324.279,
                    129.651,
                    0.883978
                ],
                [
                    325.227,
                    159.965,
                    0.843583
                ],
                [
                    355.592,
                    160.933,
                    0.769803
                ],
                [
                    367.318,
                    159.966,
                    0.701746
                ],
                [
                    381.038,
                    199.038,
                    0.846852
                ],
                [
                    388.879,
                    238.18,
                    0.723642
                ],
                [
                    341.915,
                    160.953,
                    0.725153
                ],
                [
                    345.796,
                    199.107,
                    0.70967
                ],
                [
                    343.838,
                    237.212,
                    0.324092
                ],
                [
                    0.0,
                    0.0,
                    0.0
                ],
                [
                    0.0,
                    0.0,
                    0.0
                ],
                [
                    367.327,
                    76.7848,
                    0.829054
                ],
                [
                    349.711,
                    74.8686,
                    0.587421
                ],
                [
                    348.743,
                    241.134,
                    0.100966
                ],
                [
                    345.792,
                    239.189,
                    0.116485
                ],
                [
                    339.937,
                    245.047,
                    0.267963
                ],
                [
                    0.0,
                    0.0,
                    0.0
                ],
                [
                    0.0,
                    0.0,
                    0.0
                ],
                [
                    389.821,
                    243.075,
                    0.627262
                ]
            ],
            "isKeyframe": false
        },
        {
            "bbox": [
                51.338739999999994,
                163.84290000000004,
                145.30666,
                375.1881,
                0.5600975599999999
            ],
            "personID": 3,
            "keypoints": [
                [
                    75.8303,
                    183.437,
                    0.864179
                ],
                [
                    67.023,
                    223.526,
                    0.745564
                ],
                [
                    72.8724,
                    234.296,
                    0.717143
                ],
                [
                    112.964,
                    254.833,
                    0.844889
                ],
                [
                    104.183,
                    239.207,
                    0.670816
                ],
                [
                    64.0851,
                    209.856,
                    0.508925
                ],
                [
                    0.0,
                    0.0,
                    0.0
                ],
                [
                    0.0,
                    0.0,
                    0.0
                ],
                [
                    106.178,
                    291.994,
                    0.439677
                ],
                [
                    110.045,
                    292.966,
                    0.549987
                ],
                [
                    129.666,
                    336.032,
                    0.527607
                ],
                [
                    137.476,
                    357.573,
                    0.0560576
                ],
                [
                    104.199,
                    292.003,
                    0.321399
                ],
                [
                    121.788,
                    332.112,
                    0.351009
                ],
                [
                    131.585,
                    357.576,
                    0.0598828
                ],
                [
                    71.8882,
                    181.455,
                    0.799049
                ],
                [
                    0.0,
                    0.0,
                    0.0
                ],
                [
                    59.1694,
                    191.276,
                    0.945279
                ],
                [
                    0.0,
                    0.0,
                    0.0
                ],
                [
                    0.0,
                    0.0,
                    0.0
                ],
                [
                    0.0,
                    0.0,
                    0.0
                ],
                [
                    0.0,
                    0.0,
                    0.0
                ],
                [
                    0.0,
                    0.0,
                    0.0
                ],
                [
                    0.0,
                    0.0,
                    0.0
                ],
                [
                    0.0,
                    0.0,
                    0.0
                ]
            ],
            "isKeyframe": false
        }
    ],
    "isKeyframe": false
}