{
    "filename": "images/1/002599.jpg",
    "height": 360,
    "width": 640,
    "annots": [
        {
            "bbox": [
                298.8332,
                126.30730000000001,
                404.5148,
                260.1277,
                0.6829589411764706
            ],
            "personID": 0,
            "keypoints": [
                [
                    0.0,
                    0.0,
                    0.0
                ],
                [
                    362.398,
                    159.948,
                    0.899503
                ],
                [
                    379.09,
                    163.861,
                    0.847272
                ],
                [
                    379.085,
                    184.373,
                    0.943006
                ],
                [
                    382.972,
                    201.066,
                    0.785606
                ],
                [
                    340.959,
                    154.069,
                    0.847718
                ],
                [
                    316.492,
                    161.942,
                    0.697015
                ],
                [
                    307.64,
                    160.92,
                    0.279118
                ],
                [
                    340.957,
                    208.883,
                    0.681635
                ],
                [
                    354.595,
                    214.746,
                    0.661902
                ],
                [
                    384.918,
                    214.719,
                    0.671494
                ],
                [
                    386.923,
                    245.04,
                    0.551467
                ],
                [
                    331.139,
                    205.905,
                    0.620122
                ],
                [
                    0.0,
                    0.0,
                    0.0
                ],
                [
                    0.0,
                    0.0,
                    0.0
                ],
                [
                    0.0,
                    0.0,
                    0.0
                ],
                [
                    0.0,
                    0.0,
                    0.0
                ],
                [
                    379.105,
                    143.282,
                    0.790227
                ],
                [
                    362.404,
                    137.459,
                    0.73158
                ],
                [
                    0.0,
                    0.0,
                    0.0
                ],
                [
                    0.0,
                    0.0,
                    0.0
                ],
                [
                    0.0,
                    0.0,
                    0.0
                ],
                [
                    394.75,
                    238.224,
                    0.563802
                ],
                [
                    395.708,
                    240.17,
                    0.580322
                ],
                [
                    385.925,
                    248.976,
                    0.458513
                ]
            ],
            "isKeyframe": false
        },
        {
            "bbox": [
                445.09069999999997,
                67.89894,
                509.60630000000003,
                280.36446,
                0.8083694545454545
            ],
            "personID": 1,
            "keypoints": [
                [
                    465.154,
                    89.5465,
                    0.92823
                ],
                [
                    481.809,
                    114.942,
                    0.860564
                ],
                [
                    471.966,
                    112.005,
                    0.7902
                ],
                [
                    0.0,
                    0.0,
                    0.0
                ],
                [
                    0.0,
                    0.0,
                    0.0
                ],
                [
                    495.487,
                    120.806,
                    0.878158
                ],
                [
                    504.23,
                    154.073,
                    0.89139
                ],
                [
                    494.507,
                    184.398,
                    0.884881
                ],
                [
                    473.998,
                    176.549,
                    0.804412
                ],
                [
                    466.132,
                    173.655,
                    0.773216
                ],
                [
                    459.286,
                    202.017,
                    0.780542
                ],
                [
                    465.133,
                    230.361,
                    0.91733
                ],
                [
                    483.728,
                    178.533,
                    0.723575
                ],
                [
                    486.658,
                    216.707,
                    0.801761
                ],
                [
                    480.786,
                    247.995,
                    0.888395
                ],
                [
                    465.13,
                    85.6044,
                    0.170676
                ],
                [
                    469.067,
                    85.6109,
                    0.810925
                ],
                [
                    0.0,
                    0.0,
                    0.0
                ],
                [
                    481.748,
                    89.5533,
                    0.927633
                ],
                [
                    471.983,
                    262.636,
                    0.850961
                ],
                [
                    476.901,
                    262.659,
                    0.859721
                ],
                [
                    480.768,
                    251.902,
                    0.72419
                ],
                [
                    450.467,
                    236.255,
                    0.818918
                ],
                [
                    451.448,
                    232.34,
                    0.788949
                ],
                [
                    467.135,
                    232.318,
                    0.909501
                ]
            ],
            "isKeyframe": false
        },
        {
            "bbox": [
                52.004160000000006,
                166.66940000000002,
                137.77344,
                355.66460000000006,
                0.6418619999999999
            ],
            "personID": 2,
            "keypoints": [
                [
                    75.8249,
                    183.462,
                    0.890871
                ],
                [
                    67.0327,
                    222.574,
                    0.737343
                ],
                [
                    71.8947,
                    232.332,
                    0.730358
                ],
                [
                    112.968,
                    254.824,
                    0.857887
                ],
                [
                    99.2869,
                    235.273,
                    0.615966
                ],
                [
                    66.0138,
                    209.825,
                    0.522821
                ],
                [
                    0.0,
                    0.0,
                    0.0
                ],
                [
                    0.0,
                    0.0,
                    0.0
                ],
                [
                    108.089,
                    292.978,
                    0.443011
                ],
                [
                    111.981,
                    293.951,
                    0.564091
                ],
                [
                    130.626,
                    339.915,
                    0.541028
                ],
                [
                    0.0,
                    0.0,
                    0.0
                ],
                [
                    105.183,
                    292.988,
                    0.33454
                ],
                [
                    121.835,
                    337.011,
                    0.346161
                ],
                [
                    0.0,
                    0.0,
                    0.0
                ],
                [
                    70.9274,
                    182.419,
                    0.811016
                ],
                [
                    0.0,
                    0.0,
                    0.0
                ],
                [
                    59.1516,
                    191.256,
                    0.949113
                ],
                [
                    0.0,
                    0.0,
                    0.0
                ],
                [
                    0.0,
                    0.0,
                    0.0
                ],
                [
                    0.0,
                    0.0,
                    0.0
                ],
                [
                    0.0,
                    0.0,
                    0.0
                ],
                [
                    0.0,
                    0.0,
                    0.0
                ],
                [
                    0.0,
                    0.0,
                    0.0
                ],
                [
                    0.0,
                    0.0,
                    0.0
                ]
            ],
            "isKeyframe": false
        },
        {
            "bbox": [
                184.40580000000003,
                65.96106999999998,
                243.0642,
                243.18463,
                0.7873608750000001
            ],
            "personID": 3,
            "keypoints": [
                [
                    206.94,
                    82.7004,
                    0.943804
                ],
                [
                    200.105,
                    99.3048,
                    0.907694
                ],
                [
                    190.275,
                    105.21,
                    0.888026
                ],
                [
                    189.294,
                    130.6,
                    0.832675
                ],
                [
                    199.025,
                    150.159,
                    0.733176
                ],
                [
                    213.75,
                    95.3806,
                    0.859375
                ],
                [
                    220.585,
                    114.983,
                    0.59646
                ],
                [
                    227.446,
                    138.415,
                    0.227733
                ],
                [
                    214.724,
                    148.196,
                    0.797641
                ],
                [
                    207.848,
                    151.128,
                    0.813206
                ],
                [
                    214.76,
                    184.384,
                    0.876094
                ],
                [
                    214.744,
                    218.649,
                    0.863996
                ],
                [
                    222.51,
                    145.295,
                    0.792994
                ],
                [
                    222.579,
                    180.489,
                    0.799314
                ],
                [
                    224.506,
                    208.845,
                    0.853786
                ],
                [
                    203.956,
                    81.6993,
                    0.886474
                ],
                [
                    207.833,
                    80.7297,
                    0.688588
                ],
                [
                    193.246,
                    82.7129,
                    0.887288
                ],
                [
                    0.0,
                    0.0,
                    0.0
                ],
                [
                    238.176,
                    214.675,
                    0.787609
                ],
                [
                    238.162,
                    211.782,
                    0.730176
                ],
                [
                    223.488,
                    213.758,
                    0.764082
                ],
                [
                    222.525,
                    226.482,
                    0.791609
                ],
                [
                    215.74,
                    228.416,
                    0.776392
                ],
                [
                    213.764,
                    222.517,
                    0.798469
                ]
            ],
            "isKeyframe": false
        }
    ],
    "isKeyframe": false
}