{
    "filename": "images/1/002610.jpg",
    "height": 360,
    "width": 640,
    "annots": [
        {
            "bbox": [
                444.9846,
                71.07843000000001,
                510.6894,
                280.04486999999995,
                0.8066833181818183
            ],
            "personID": 0,
            "keypoints": [
                [
                    465.141,
                    90.5048,
                    0.928827
                ],
                [
                    483.725,
                    114.986,
                    0.807059
                ],
                [
                    472.958,
                    112.968,
                    0.822012
                ],
                [
                    0.0,
                    0.0,
                    0.0
                ],
                [
                    0.0,
                    0.0,
                    0.0
                ],
                [
                    496.446,
                    120.834,
                    0.878421
                ],
                [
                    505.214,
                    155.076,
                    0.888146
                ],
                [
                    495.477,
                    186.355,
                    0.865181
                ],
                [
                    474.935,
                    176.546,
                    0.792539
                ],
                [
                    466.146,
                    172.671,
                    0.761377
                ],
                [
                    457.32,
                    201.068,
                    0.831886
                ],
                [
                    464.16,
                    229.388,
                    0.875116
                ],
                [
                    484.728,
                    179.507,
                    0.704946
                ],
                [
                    487.64,
                    218.629,
                    0.814574
                ],
                [
                    480.771,
                    248.002,
                    0.87792
                ],
                [
                    465.14,
                    88.4923,
                    0.171827
                ],
                [
                    469.041,
                    88.4973,
                    0.845806
                ],
                [
                    0.0,
                    0.0,
                    0.0
                ],
                [
                    481.745,
                    90.4894,
                    0.935149
                ],
                [
                    472.012,
                    261.693,
                    0.858324
                ],
                [
                    477.867,
                    262.631,
                    0.845684
                ],
                [
                    479.831,
                    251.886,
                    0.686881
                ],
                [
                    450.46,
                    236.237,
                    0.804187
                ],
                [
                    450.504,
                    232.315,
                    0.807428
                ],
                [
                    466.161,
                    230.414,
                    0.943743
                ]
            ],
            "isKeyframe": false
        },
        {
            "bbox": [
                185.47950000000003,
                67.16751000000001,
                242.96550000000002,
                240.95859000000002,
                0.8114986666666667
            ],
            "personID": 1,
            "keypoints": [
                [
                    206.938,
                    82.713,
                    0.93091
                ],
                [
                    201.067,
                    98.3582,
                    0.906722
                ],
                [
                    191.264,
                    105.167,
                    0.912066
                ],
                [
                    190.27,
                    129.672,
                    0.875974
                ],
                [
                    199.029,
                    147.224,
                    0.779849
                ],
                [
                    214.673,
                    94.3916,
                    0.865741
                ],
                [
                    220.597,
                    114.959,
                    0.692702
                ],
                [
                    227.437,
                    137.468,
                    0.379026
                ],
                [
                    214.749,
                    146.248,
                    0.824813
                ],
                [
                    207.867,
                    149.172,
                    0.803362
                ],
                [
                    215.668,
                    183.457,
                    0.884795
                ],
                [
                    214.741,
                    216.702,
                    0.890773
                ],
                [
                    222.534,
                    144.325,
                    0.807216
                ],
                [
                    223.534,
                    178.549,
                    0.810988
                ],
                [
                    224.521,
                    207.883,
                    0.868529
                ],
                [
                    203.949,
                    81.729,
                    0.890072
                ],
                [
                    207.848,
                    81.6501,
                    0.82222
                ],
                [
                    195.148,
                    83.6708,
                    0.84692
                ],
                [
                    0.0,
                    0.0,
                    0.0
                ],
                [
                    238.162,
                    214.677,
                    0.785532
                ],
                [
                    238.175,
                    210.828,
                    0.751835
                ],
                [
                    223.501,
                    212.756,
                    0.734892
                ],
                [
                    222.536,
                    225.489,
                    0.831502
                ],
                [
                    215.739,
                    226.476,
                    0.803477
                ],
                [
                    213.765,
                    221.548,
                    0.776052
                ]
            ],
            "isKeyframe": false
        },
        {
            "bbox": [
                300.98470000000003,
                119.7281,
                404.32030000000003,
                261.7829,
                0.737665
            ],
            "personID": 2,
            "keypoints": [
                [
                    0.0,
                    0.0,
                    0.0
                ],
                [
                    363.402,
                    153.062,
                    0.949416
                ],
                [
                    381.986,
                    154.085,
                    0.836343
                ],
                [
                    386.838,
                    174.621,
                    0.862861
                ],
                [
                    385.876,
                    198.061,
                    0.827321
                ],
                [
                    341.922,
                    151.154,
                    0.84465
                ],
                [
                    317.429,
                    160.931,
                    0.705859
                ],
                [
                    309.596,
                    161.936,
                    0.301819
                ],
                [
                    348.775,
                    203.978,
                    0.738409
                ],
                [
                    363.38,
                    206.889,
                    0.712672
                ],
                [
                    382.989,
                    207.888,
                    0.674897
                ],
                [
                    386.902,
                    245.038,
                    0.804338
                ],
                [
                    337.992,
                    200.076,
                    0.669696
                ],
                [
                    0.0,
                    0.0,
                    0.0
                ],
                [
                    0.0,
                    0.0,
                    0.0
                ],
                [
                    0.0,
                    0.0,
                    0.0
                ],
                [
                    0.0,
                    0.0,
                    0.0
                ],
                [
                    379.084,
                    135.467,
                    0.8095
                ],
                [
                    360.473,
                    131.566,
                    0.754216
                ],
                [
                    0.0,
                    0.0,
                    0.0
                ],
                [
                    0.0,
                    0.0,
                    0.0
                ],
                [
                    0.0,
                    0.0,
                    0.0
                ],
                [
                    394.743,
                    238.217,
                    0.660064
                ],
                [
                    395.709,
                    240.171,
                    0.71027
                ],
                [
                    385.918,
                    249.945,
                    0.677974
                ]
            ],
            "isKeyframe": false
        },
        {
            "bbox": [
                52.01326000000001,
                165.3372,
                137.78134,
                359.0027999999999,
                0.6290582307692307
            ],
            "personID": 3,
            "keypoints": [
                [
                    75.8205,
                    183.433,
                    0.895139
                ],
                [
                    67.0522,
                    223.509,
                    0.720075
                ],
                [
                    70.9322,
                    232.37,
                    0.719776
                ],
                [
                    113.001,
                    254.851,
                    0.864475
                ],
                [
                    100.279,
                    236.247,
                    0.605286
                ],
                [
                    66.0357,
                    209.85,
                    0.512029
                ],
                [
                    0.0,
                    0.0,
                    0.0
                ],
                [
                    0.0,
                    0.0,
                    0.0
                ],
                [
                    109.075,
                    293.974,
                    0.422754
                ],
                [
                    111.996,
                    295.907,
                    0.56344
                ],
                [
                    130.634,
                    342.864,
                    0.509043
                ],
                [
                    0.0,
                    0.0,
                    0.0
                ],
                [
                    106.167,
                    293.975,
                    0.302018
                ],
                [
                    122.783,
                    340.906,
                    0.301639
                ],
                [
                    0.0,
                    0.0,
                    0.0
                ],
                [
                    70.9336,
                    181.476,
                    0.809791
                ],
                [
                    0.0,
                    0.0,
                    0.0
                ],
                [
                    59.1606,
                    191.272,
                    0.952292
                ],
                [
                    0.0,
                    0.0,
                    0.0
                ],
                [
                    0.0,
                    0.0,
                    0.0
                ],
                [
                    0.0,
                    0.0,
                    0.0
                ],
                [
                    0.0,
                    0.0,
                    0.0
                ],
                [
                    0.0,
                    0.0,
                    0.0
                ],
                [
                    0.0,
                    0.0,
                    0.0
                ],
                [
                    0.0,
                    0.0,
                    0.0
                ]
            ],
            "isKeyframe": false
        }
    ],
    "isKeyframe": false
}