{
    "filename": "images/1/002580.jpg",
    "height": 360,
    "width": 640,
    "annots": [
        {
            "bbox": [
                178.90849999999998,
                65.64358,
                244.6265,
                246.41422,
                0.8106989583333334
            ],
            "personID": 0,
            "keypoints": [
                [
                    201.06,
                    82.7041,
                    0.906504
                ],
                [
                    199.02,
                    100.281,
                    0.891798
                ],
                [
                    185.367,
                    106.144,
                    0.889121
                ],
                [
                    184.385,
                    130.634,
                    0.862643
                ],
                [
                    191.281,
                    147.249,
                    0.693995
                ],
                [
                    207.935,
                    96.3338,
                    0.895879
                ],
                [
                    215.756,
                    115.916,
                    0.618665
                ],
                [
                    224.531,
                    139.411,
                    0.221993
                ],
                [
                    208.855,
                    150.169,
                    0.777542
                ],
                [
                    201.035,
                    152.12,
                    0.801907
                ],
                [
                    207.882,
                    185.37,
                    0.886465
                ],
                [
                    208.882,
                    221.549,
                    0.846913
                ],
                [
                    216.67,
                    147.23,
                    0.752303
                ],
                [
                    222.522,
                    180.478,
                    0.857696
                ],
                [
                    224.527,
                    208.878,
                    0.866496
                ],
                [
                    198.112,
                    81.7263,
                    0.938858
                ],
                [
                    202.022,
                    80.7078,
                    0.833968
                ],
                [
                    190.267,
                    85.6083,
                    0.854221
                ],
                [
                    0.0,
                    0.0,
                    0.0
                ],
                [
                    239.15,
                    214.695,
                    0.893919
                ],
                [
                    238.241,
                    211.802,
                    0.841237
                ],
                [
                    222.578,
                    214.699,
                    0.88715
                ],
                [
                    218.625,
                    231.331,
                    0.816914
                ],
                [
                    213.711,
                    231.35,
                    0.80419
                ],
                [
                    207.92,
                    223.504,
                    0.816398
                ]
            ],
            "isKeyframe": false
        },
        {
            "bbox": [
                445.6737,
                65.87335,
                503.2053,
                279.49915,
                0.7867766249999999
            ],
            "personID": 1,
            "keypoints": [
                [
                    464.127,
                    89.464,
                    0.884341
                ],
                [
                    480.807,
                    113.019,
                    0.915778
                ],
                [
                    469.077,
                    110.04,
                    0.777712
                ],
                [
                    471.991,
                    137.47,
                    0.588291
                ],
                [
                    463.165,
                    155.042,
                    0.653354
                ],
                [
                    491.565,
                    115.943,
                    0.801685
                ],
                [
                    498.411,
                    152.144,
                    0.884151
                ],
                [
                    489.613,
                    183.431,
                    0.90421
                ],
                [
                    473.955,
                    174.593,
                    0.79406
                ],
                [
                    466.097,
                    170.721,
                    0.770604
                ],
                [
                    465.133,
                    202.998,
                    0.784166
                ],
                [
                    466.109,
                    230.36,
                    0.893037
                ],
                [
                    481.819,
                    175.602,
                    0.764806
                ],
                [
                    483.748,
                    214.766,
                    0.8301
                ],
                [
                    480.793,
                    247.045,
                    0.913585
                ],
                [
                    463.171,
                    83.6755,
                    0.112599
                ],
                [
                    466.123,
                    83.6814,
                    0.902131
                ],
                [
                    0.0,
                    0.0,
                    0.0
                ],
                [
                    479.78,
                    89.4737,
                    0.882294
                ],
                [
                    472.928,
                    261.669,
                    0.845988
                ],
                [
                    477.874,
                    261.697,
                    0.857814
                ],
                [
                    480.791,
                    250.932,
                    0.738392
                ],
                [
                    450.468,
                    236.246,
                    0.80861
                ],
                [
                    451.475,
                    232.324,
                    0.77798
                ],
                [
                    470.037,
                    232.347,
                    0.796951
                ]
            ],
            "isKeyframe": false
        },
        {
            "bbox": [
                298.9564,
                130.19920000000002,
                415.1596,
                263.9968,
                0.7319888235294119
            ],
            "personID": 2,
            "keypoints": [
                [
                    0.0,
                    0.0,
                    0.0
                ],
                [
                    344.842,
                    167.743,
                    0.845845
                ],
                [
                    359.484,
                    173.636,
                    0.810872
                ],
                [
                    349.701,
                    207.895,
                    0.889789
                ],
                [
                    371.261,
                    210.814,
                    0.874092
                ],
                [
                    331.103,
                    159.956,
                    0.863386
                ],
                [
                    308.64,
                    173.637,
                    0.51968
                ],
                [
                    0.0,
                    0.0,
                    0.0
                ],
                [
                    336.033,
                    216.695,
                    0.565125
                ],
                [
                    342.883,
                    222.552,
                    0.579729
                ],
                [
                    390.79,
                    199.083,
                    0.822768
                ],
                [
                    394.715,
                    245.988,
                    0.868379
                ],
                [
                    328.19,
                    211.8,
                    0.496
                ],
                [
                    373.183,
                    184.434,
                    0.499127
                ],
                [
                    0.0,
                    0.0,
                    0.0
                ],
                [
                    0.0,
                    0.0,
                    0.0
                ],
                [
                    0.0,
                    0.0,
                    0.0
                ],
                [
                    368.29,
                    146.286,
                    0.805563
                ],
                [
                    348.693,
                    141.349,
                    0.683895
                ],
                [
                    0.0,
                    0.0,
                    0.0
                ],
                [
                    0.0,
                    0.0,
                    0.0
                ],
                [
                    0.0,
                    0.0,
                    0.0
                ],
                [
                    404.513,
                    238.236,
                    0.770877
                ],
                [
                    405.476,
                    241.156,
                    0.770538
                ],
                [
                    392.757,
                    252.847,
                    0.778145
                ]
            ],
            "isKeyframe": false
        },
        {
            "bbox": [
                51.01296999999999,
                166.6633,
                137.85372999999998,
                355.69569999999993,
                0.6488073076923077
            ],
            "personID": 3,
            "keypoints": [
                [
                    74.8978,
                    183.438,
                    0.894985
                ],
                [
                    67.0348,
                    222.542,
                    0.747786
                ],
                [
                    68.9721,
                    231.366,
                    0.748018
                ],
                [
                    112.992,
                    254.813,
                    0.881017
                ],
                [
                    98.3044,
                    232.351,
                    0.706052
                ],
                [
                    67.013,
                    209.837,
                    0.564556
                ],
                [
                    0.0,
                    0.0,
                    0.0
                ],
                [
                    0.0,
                    0.0,
                    0.0
                ],
                [
                    107.137,
                    292.008,
                    0.432542
                ],
                [
                    110.05,
                    293.001,
                    0.547258
                ],
                [
                    130.617,
                    339.943,
                    0.525578
                ],
                [
                    0.0,
                    0.0,
                    0.0
                ],
                [
                    106.128,
                    292.006,
                    0.314929
                ],
                [
                    122.77,
                    338.948,
                    0.318134
                ],
                [
                    0.0,
                    0.0,
                    0.0
                ],
                [
                    69.9637,
                    182.416,
                    0.813319
                ],
                [
                    0.0,
                    0.0,
                    0.0
                ],
                [
                    58.2497,
                    191.246,
                    0.940321
                ],
                [
                    0.0,
                    0.0,
                    0.0
                ],
                [
                    0.0,
                    0.0,
                    0.0
                ],
                [
                    0.0,
                    0.0,
                    0.0
                ],
                [
                    0.0,
                    0.0,
                    0.0
                ],
                [
                    0.0,
                    0.0,
                    0.0
                ],
                [
                    0.0,
                    0.0,
                    0.0
                ],
                [
                    0.0,
                    0.0,
                    0.0
                ]
            ],
            "isKeyframe": false
        }
    ],
    "isKeyframe": false
}