{
    "filename": "images/1/002584.jpg",
    "height": 360,
    "width": 640,
    "annots": [
        {
            "bbox": [
                445.67510000000004,
                66.81940000000002,
                503.18989999999997,
                280.4146,
                0.7889477916666666
            ],
            "personID": 0,
            "keypoints": [
                [
                    464.171,
                    89.4891,
                    0.912779
                ],
                [
                    480.809,
                    113.941,
                    0.9194
                ],
                [
                    468.092,
                    109.094,
                    0.788364
                ],
                [
                    471.017,
                    138.445,
                    0.551195
                ],
                [
                    462.22,
                    158.971,
                    0.587867
                ],
                [
                    492.545,
                    118.839,
                    0.795156
                ],
                [
                    498.397,
                    153.084,
                    0.880611
                ],
                [
                    489.632,
                    183.459,
                    0.905431
                ],
                [
                    473.971,
                    174.631,
                    0.794275
                ],
                [
                    466.113,
                    172.649,
                    0.764482
                ],
                [
                    464.169,
                    205.9,
                    0.797283
                ],
                [
                    466.083,
                    230.414,
                    0.918971
                ],
                [
                    482.741,
                    176.556,
                    0.760099
                ],
                [
                    483.758,
                    215.688,
                    0.812306
                ],
                [
                    480.788,
                    247.052,
                    0.913386
                ],
                [
                    463.193,
                    84.6364,
                    0.166181
                ],
                [
                    467.093,
                    84.619,
                    0.869465
                ],
                [
                    0.0,
                    0.0,
                    0.0
                ],
                [
                    480.759,
                    89.5033,
                    0.905628
                ],
                [
                    471.992,
                    261.696,
                    0.858193
                ],
                [
                    476.897,
                    262.615,
                    0.863699
                ],
                [
                    480.779,
                    250.926,
                    0.763558
                ],
                [
                    450.468,
                    236.233,
                    0.796535
                ],
                [
                    451.464,
                    232.328,
                    0.766668
                ],
                [
                    469.081,
                    233.308,
                    0.843215
                ]
            ],
            "isKeyframe": false
        },
        {
            "bbox": [
                180.01389999999998,
                66.66537999999998,
                244.52710000000002,
                246.31042000000002,
                0.804780875
            ],
            "personID": 1,
            "keypoints": [
                [
                    203.946,
                    82.722,
                    0.86979
                ],
                [
                    199.091,
                    100.268,
                    0.914954
                ],
                [
                    186.376,
                    106.122,
                    0.862554
                ],
                [
                    185.39,
                    132.578,
                    0.826988
                ],
                [
                    193.235,
                    153.137,
                    0.73407
                ],
                [
                    209.847,
                    96.3402,
                    0.853956
                ],
                [
                    217.648,
                    118.845,
                    0.6268
                ],
                [
                    224.496,
                    141.364,
                    0.344994
                ],
                [
                    210.83,
                    149.196,
                    0.743562
                ],
                [
                    203.976,
                    152.095,
                    0.765829
                ],
                [
                    208.876,
                    186.375,
                    0.825148
                ],
                [
                    207.908,
                    220.608,
                    0.857045
                ],
                [
                    217.685,
                    146.269,
                    0.729059
                ],
                [
                    222.563,
                    179.508,
                    0.837734
                ],
                [
                    224.531,
                    207.916,
                    0.858691
                ],
                [
                    199.093,
                    81.7331,
                    0.966464
                ],
                [
                    204.939,
                    81.6358,
                    0.860577
                ],
                [
                    191.268,
                    84.6503,
                    0.906794
                ],
                [
                    0.0,
                    0.0,
                    0.0
                ],
                [
                    238.233,
                    214.699,
                    0.872655
                ],
                [
                    239.151,
                    211.791,
                    0.808022
                ],
                [
                    222.569,
                    213.745,
                    0.850288
                ],
                [
                    218.627,
                    230.41,
                    0.80378
                ],
                [
                    213.723,
                    231.34,
                    0.783615
                ],
                [
                    206.93,
                    222.583,
                    0.811372
                ]
            ],
            "isKeyframe": false
        },
        {
            "bbox": [
                304.5393,
                126.89990000000002,
                412.4877,
                265.4171,
                0.7243264375
            ],
            "personID": 2,
            "keypoints": [
                [
                    0.0,
                    0.0,
                    0.0
                ],
                [
                    348.724,
                    166.769,
                    0.892366
                ],
                [
                    364.424,
                    170.73,
                    0.834259
                ],
                [
                    357.563,
                    204.959,
                    0.850254
                ],
                [
                    377.102,
                    208.846,
                    0.816111
                ],
                [
                    332.118,
                    159.901,
                    0.876137
                ],
                [
                    313.535,
                    172.668,
                    0.213945
                ],
                [
                    0.0,
                    0.0,
                    0.0
                ],
                [
                    334.073,
                    215.685,
                    0.661956
                ],
                [
                    343.844,
                    220.608,
                    0.608778
                ],
                [
                    386.887,
                    200.092,
                    0.708382
                ],
                [
                    393.7,
                    247.0,
                    0.803867
                ],
                [
                    325.251,
                    209.824,
                    0.596447
                ],
                [
                    0.0,
                    0.0,
                    0.0
                ],
                [
                    0.0,
                    0.0,
                    0.0
                ],
                [
                    0.0,
                    0.0,
                    0.0
                ],
                [
                    0.0,
                    0.0,
                    0.0
                ],
                [
                    371.197,
                    145.28,
                    0.871141
                ],
                [
                    350.713,
                    138.443,
                    0.61143
                ],
                [
                    0.0,
                    0.0,
                    0.0
                ],
                [
                    0.0,
                    0.0,
                    0.0
                ],
                [
                    0.0,
                    0.0,
                    0.0
                ],
                [
                    402.555,
                    240.15,
                    0.723638
                ],
                [
                    403.492,
                    244.073,
                    0.77057
                ],
                [
                    390.801,
                    253.874,
                    0.749942
                ]
            ],
            "isKeyframe": false
        },
        {
            "bbox": [
                52.01646,
                166.67340000000002,
                137.77014,
                355.6566,
                0.6401535384615383
            ],
            "personID": 3,
            "keypoints": [
                [
                    74.8922,
                    183.457,
                    0.892778
                ],
                [
                    67.0429,
                    222.546,
                    0.746083
                ],
                [
                    68.9851,
                    231.373,
                    0.738721
                ],
                [
                    112.957,
                    254.822,
                    0.858805
                ],
                [
                    99.301,
                    235.268,
                    0.662707
                ],
                [
                    67.011,
                    209.841,
                    0.554681
                ],
                [
                    0.0,
                    0.0,
                    0.0
                ],
                [
                    0.0,
                    0.0,
                    0.0
                ],
                [
                    107.133,
                    292.009,
                    0.42709
                ],
                [
                    110.057,
                    292.995,
                    0.542492
                ],
                [
                    130.624,
                    339.908,
                    0.51895
                ],
                [
                    0.0,
                    0.0,
                    0.0
                ],
                [
                    105.182,
                    292.007,
                    0.315244
                ],
                [
                    121.826,
                    337.008,
                    0.315279
                ],
                [
                    0.0,
                    0.0,
                    0.0
                ],
                [
                    70.91,
                    182.422,
                    0.806347
                ],
                [
                    0.0,
                    0.0,
                    0.0
                ],
                [
                    59.1626,
                    191.246,
                    0.942819
                ],
                [
                    0.0,
                    0.0,
                    0.0
                ],
                [
                    0.0,
                    0.0,
                    0.0
                ],
                [
                    0.0,
                    0.0,
                    0.0
                ],
                [
                    0.0,
                    0.0,
                    0.0
                ],
                [
                    0.0,
                    0.0,
                    0.0
                ],
                [
                    0.0,
                    0.0,
                    0.0
                ],
                [
                    0.0,
                    0.0,
                    0.0
                ]
            ],
            "isKeyframe": false
        }
    ],
    "isKeyframe": false
}