{
    "filename": "images/1/002650.jpg",
    "height": 360,
    "width": 640,
    "annots": [
        {
            "bbox": [
                180.13899999999998,
                68.34973000000001,
                243.463,
                239.77657,
                0.7900331541666666
            ],
            "personID": 0,
            "keypoints": [
                [
                    204.946,
                    86.5788,
                    0.840671
                ],
                [
                    200.023,
                    101.241,
                    0.903654
                ],
                [
                    188.309,
                    106.128,
                    0.873775
                ],
                [
                    185.416,
                    132.559,
                    0.80875
                ],
                [
                    193.219,
                    152.112,
                    0.730483
                ],
                [
                    212.751,
                    96.3709,
                    0.861422
                ],
                [
                    220.576,
                    118.85,
                    0.587158
                ],
                [
                    224.503,
                    141.36,
                    0.0860687
                ],
                [
                    209.835,
                    150.174,
                    0.765464
                ],
                [
                    202.008,
                    152.115,
                    0.798485
                ],
                [
                    207.912,
                    184.425,
                    0.895886
                ],
                [
                    214.752,
                    216.675,
                    0.905113
                ],
                [
                    217.673,
                    147.236,
                    0.730393
                ],
                [
                    222.525,
                    180.487,
                    0.841276
                ],
                [
                    224.512,
                    207.891,
                    0.864031
                ],
                [
                    200.036,
                    82.7269,
                    0.933031
                ],
                [
                    205.941,
                    82.6353,
                    0.892293
                ],
                [
                    191.282,
                    86.5666,
                    0.885054
                ],
                [
                    0.0,
                    0.0,
                    0.0
                ],
                [
                    237.225,
                    214.695,
                    0.77663
                ],
                [
                    238.186,
                    211.781,
                    0.771283
                ],
                [
                    223.495,
                    212.766,
                    0.768874
                ],
                [
                    222.558,
                    224.504,
                    0.847476
                ],
                [
                    215.748,
                    225.491,
                    0.794836
                ],
                [
                    214.749,
                    220.591,
                    0.798689
                ]
            ],
            "isKeyframe": false
        },
        {
            "bbox": [
                325.9366,
                49.67947000000001,
                411.65740000000005,
                257.46223,
                0.6815647681818182
            ],
            "personID": 1,
            "keypoints": [
                [
                    0.0,
                    0.0,
                    0.0
                ],
                [
                    356.552,
                    93.4183,
                    0.882987
                ],
                [
                    374.159,
                    94.4034,
                    0.809288
                ],
                [
                    381.033,
                    128.619,
                    0.899814
                ],
                [
                    387.904,
                    156.046,
                    0.868904
                ],
                [
                    339.9,
                    92.44,
                    0.863377
                ],
                [
                    333.08,
                    126.67,
                    0.75776
                ],
                [
                    344.819,
                    147.238,
                    0.393909
                ],
                [
                    362.393,
                    156.042,
                    0.716099
                ],
                [
                    372.221,
                    154.1,
                    0.733047
                ],
                [
                    388.871,
                    191.241,
                    0.857347
                ],
                [
                    394.716,
                    232.319,
                    0.873504
                ],
                [
                    348.756,
                    157.011,
                    0.72455
                ],
                [
                    348.735,
                    193.236,
                    0.771049
                ],
                [
                    348.722,
                    232.324,
                    0.407904
                ],
                [
                    0.0,
                    0.0,
                    0.0
                ],
                [
                    0.0,
                    0.0,
                    0.0
                ],
                [
                    371.281,
                    67.0374,
                    0.960037
                ],
                [
                    354.573,
                    66.9947,
                    0.698436
                ],
                [
                    356.577,
                    240.147,
                    0.0917049
                ],
                [
                    350.699,
                    238.193,
                    0.108788
                ],
                [
                    347.777,
                    239.19,
                    0.263398
                ],
                [
                    403.54,
                    229.392,
                    0.71786
                ],
                [
                    404.514,
                    231.337,
                    0.797571
                ],
                [
                    393.729,
                    238.227,
                    0.797091
                ]
            ],
            "isKeyframe": false
        },
        {
            "bbox": [
                429.24620000000004,
                72.24967999999998,
                496.1558,
                279.94712000000004,
                0.7645592173913043
            ],
            "personID": 2,
            "keypoints": [
                [
                    448.476,
                    94.4098,
                    0.838498
                ],
                [
                    468.088,
                    119.833,
                    0.82702
                ],
                [
                    456.325,
                    114.022,
                    0.818305
                ],
                [
                    457.35,
                    146.26,
                    0.13333
                ],
                [
                    0.0,
                    0.0,
                    0.0
                ],
                [
                    481.776,
                    121.831,
                    0.848162
                ],
                [
                    490.58,
                    157.029,
                    0.843137
                ],
                [
                    484.695,
                    189.276,
                    0.826903
                ],
                [
                    462.206,
                    182.457,
                    0.742423
                ],
                [
                    451.479,
                    180.476,
                    0.72468
                ],
                [
                    450.505,
                    217.652,
                    0.851948
                ],
                [
                    453.393,
                    254.839,
                    0.84893
                ],
                [
                    471.991,
                    184.372,
                    0.741827
                ],
                [
                    472.975,
                    221.534,
                    0.849836
                ],
                [
                    479.836,
                    247.042,
                    0.883464
                ],
                [
                    447.516,
                    89.5578,
                    0.105922
                ],
                [
                    450.456,
                    90.4571,
                    0.925382
                ],
                [
                    0.0,
                    0.0,
                    0.0
                ],
                [
                    464.166,
                    90.5358,
                    0.891159
                ],
                [
                    471.973,
                    262.639,
                    0.865377
                ],
                [
                    475.933,
                    261.71,
                    0.846421
                ],
                [
                    481.741,
                    249.947,
                    0.718243
                ],
                [
                    434.822,
                    261.715,
                    0.831199
                ],
                [
                    435.817,
                    260.689,
                    0.750582
                ],
                [
                    458.268,
                    259.73,
                    0.872114
                ]
            ],
            "isKeyframe": false
        },
        {
            "bbox": [
                52.101940000000006,
                166.6785,
                136.71946,
                355.6965,
                0.6255304615384616
            ],
            "personID": 3,
            "keypoints": [
                [
                    74.8946,
                    184.369,
                    0.875114
                ],
                [
                    67.0045,
                    223.528,
                    0.73154
                ],
                [
                    72.8911,
                    234.281,
                    0.712
                ],
                [
                    112.019,
                    254.825,
                    0.823394
                ],
                [
                    103.212,
                    239.17,
                    0.664034
                ],
                [
                    63.1051,
                    210.807,
                    0.483091
                ],
                [
                    0.0,
                    0.0,
                    0.0
                ],
                [
                    0.0,
                    0.0,
                    0.0
                ],
                [
                    107.132,
                    293.002,
                    0.421062
                ],
                [
                    110.058,
                    293.976,
                    0.546291
                ],
                [
                    129.668,
                    339.945,
                    0.505793
                ],
                [
                    0.0,
                    0.0,
                    0.0
                ],
                [
                    105.186,
                    293.954,
                    0.308092
                ],
                [
                    122.782,
                    336.032,
                    0.303058
                ],
                [
                    0.0,
                    0.0,
                    0.0
                ],
                [
                    70.9289,
                    182.43,
                    0.807457
                ],
                [
                    0.0,
                    0.0,
                    0.0
                ],
                [
                    59.1534,
                    191.264,
                    0.95097
                ],
                [
                    0.0,
                    0.0,
                    0.0
                ],
                [
                    0.0,
                    0.0,
                    0.0
                ],
                [
                    0.0,
                    0.0,
                    0.0
                ],
                [
                    0.0,
                    0.0,
                    0.0
                ],
                [
                    0.0,
                    0.0,
                    0.0
                ],
                [
                    0.0,
                    0.0,
                    0.0
                ],
                [
                    0.0,
                    0.0,
                    0.0
                ]
            ],
            "isKeyframe": false
        }
    ],
    "isKeyframe": false
}