{
    "filename": "images/1/002615.jpg",
    "height": 360,
    "width": 640,
    "annots": [
        {
            "bbox": [
                186.5051,
                67.40317999999998,
                242.8799,
                238.81862,
                0.80980075
            ],
            "personID": 0,
            "keypoints": [
                [
                    206.92,
                    83.6601,
                    0.901285
                ],
                [
                    201.992,
                    98.3692,
                    0.898725
                ],
                [
                    191.26,
                    105.168,
                    0.91678
                ],
                [
                    191.203,
                    130.592,
                    0.873957
                ],
                [
                    199.059,
                    150.177,
                    0.722591
                ],
                [
                    214.68,
                    94.424,
                    0.878465
                ],
                [
                    221.558,
                    114.964,
                    0.651744
                ],
                [
                    228.424,
                    138.441,
                    0.298333
                ],
                [
                    214.738,
                    145.316,
                    0.829435
                ],
                [
                    207.842,
                    148.214,
                    0.801791
                ],
                [
                    215.665,
                    183.416,
                    0.888125
                ],
                [
                    214.708,
                    215.687,
                    0.909972
                ],
                [
                    222.537,
                    144.309,
                    0.814097
                ],
                [
                    223.526,
                    178.54,
                    0.828187
                ],
                [
                    224.516,
                    207.879,
                    0.872001
                ],
                [
                    203.0,
                    82.6442,
                    0.888682
                ],
                [
                    207.861,
                    81.6878,
                    0.882029
                ],
                [
                    195.162,
                    83.6496,
                    0.848547
                ],
                [
                    0.0,
                    0.0,
                    0.0
                ],
                [
                    237.241,
                    214.691,
                    0.790515
                ],
                [
                    238.182,
                    210.834,
                    0.776617
                ],
                [
                    223.496,
                    212.752,
                    0.701151
                ],
                [
                    222.549,
                    224.497,
                    0.881789
                ],
                [
                    215.726,
                    224.534,
                    0.856147
                ],
                [
                    213.72,
                    217.684,
                    0.724253
                ]
            ],
            "isKeyframe": false
        },
        {
            "bbox": [
                441.77559999999994,
                71.11925000000002,
                510.9964,
                280.05424999999997,
                0.8006161363636363
            ],
            "personID": 1,
            "keypoints": [
                [
                    465.13,
                    90.5195,
                    0.920071
                ],
                [
                    482.783,
                    114.951,
                    0.829386
                ],
                [
                    472.951,
                    112.954,
                    0.827895
                ],
                [
                    0.0,
                    0.0,
                    0.0
                ],
                [
                    0.0,
                    0.0,
                    0.0
                ],
                [
                    496.428,
                    120.79,
                    0.867911
                ],
                [
                    505.228,
                    155.068,
                    0.892661
                ],
                [
                    495.484,
                    187.35,
                    0.854651
                ],
                [
                    474.933,
                    176.564,
                    0.795147
                ],
                [
                    466.146,
                    173.643,
                    0.767573
                ],
                [
                    455.362,
                    202.031,
                    0.805173
                ],
                [
                    462.192,
                    231.328,
                    0.880317
                ],
                [
                    484.726,
                    180.475,
                    0.702801
                ],
                [
                    487.634,
                    218.64,
                    0.804771
                ],
                [
                    480.788,
                    248.001,
                    0.88881
                ],
                [
                    465.133,
                    88.5413,
                    0.107393
                ],
                [
                    468.072,
                    88.5305,
                    0.854263
                ],
                [
                    0.0,
                    0.0,
                    0.0
                ],
                [
                    480.822,
                    90.5034,
                    0.93959
                ],
                [
                    472.93,
                    261.714,
                    0.877889
                ],
                [
                    478.83,
                    262.643,
                    0.848427
                ],
                [
                    479.836,
                    251.886,
                    0.682763
                ],
                [
                    447.544,
                    240.155,
                    0.758547
                ],
                [
                    448.515,
                    238.191,
                    0.774988
                ],
                [
                    466.112,
                    233.301,
                    0.932528
                ]
            ],
            "isKeyframe": false
        },
        {
            "bbox": [
                308.4966,
                109.87460000000002,
                403.62539999999996,
                264.81140000000005,
                0.7297631588235295
            ],
            "personID": 2,
            "keypoints": [
                [
                    0.0,
                    0.0,
                    0.0
                ],
                [
                    363.383,
                    145.252,
                    0.939651
                ],
                [
                    381.993,
                    146.237,
                    0.836914
                ],
                [
                    386.864,
                    168.769,
                    0.897212
                ],
                [
                    385.871,
                    196.145,
                    0.805648
                ],
                [
                    341.88,
                    144.279,
                    0.879286
                ],
                [
                    316.424,
                    160.954,
                    0.822987
                ],
                [
                    333.111,
                    168.734,
                    0.0993897
                ],
                [
                    355.578,
                    200.049,
                    0.742084
                ],
                [
                    368.292,
                    201.016,
                    0.688282
                ],
                [
                    383.948,
                    209.836,
                    0.629036
                ],
                [
                    386.911,
                    246.027,
                    0.837569
                ],
                [
                    341.885,
                    199.052,
                    0.6543
                ],
                [
                    0.0,
                    0.0,
                    0.0
                ],
                [
                    0.0,
                    0.0,
                    0.0
                ],
                [
                    0.0,
                    0.0,
                    0.0
                ],
                [
                    0.0,
                    0.0,
                    0.0
                ],
                [
                    378.046,
                    123.758,
                    0.709296
                ],
                [
                    357.538,
                    122.786,
                    0.823222
                ],
                [
                    0.0,
                    0.0,
                    0.0
                ],
                [
                    0.0,
                    0.0,
                    0.0
                ],
                [
                    0.0,
                    0.0,
                    0.0
                ],
                [
                    394.719,
                    238.221,
                    0.648278
                ],
                [
                    395.698,
                    241.127,
                    0.690966
                ],
                [
                    385.919,
                    251.9,
                    0.701853
                ]
            ],
            "isKeyframe": false
        },
        {
            "bbox": [
                52.013909999999996,
                166.66660000000002,
                137.75619,
                355.69539999999995,
                0.638849076923077
            ],
            "personID": 3,
            "keypoints": [
                [
                    75.8071,
                    183.454,
                    0.898208
                ],
                [
                    67.0389,
                    223.505,
                    0.741027
                ],
                [
                    70.9276,
                    232.357,
                    0.714581
                ],
                [
                    113.004,
                    254.851,
                    0.862184
                ],
                [
                    103.205,
                    238.208,
                    0.665655
                ],
                [
                    66.0263,
                    210.808,
                    0.517404
                ],
                [
                    0.0,
                    0.0,
                    0.0
                ],
                [
                    0.0,
                    0.0,
                    0.0
                ],
                [
                    108.098,
                    292.98,
                    0.425699
                ],
                [
                    111.049,
                    293.958,
                    0.559788
                ],
                [
                    130.611,
                    339.943,
                    0.534074
                ],
                [
                    0.0,
                    0.0,
                    0.0
                ],
                [
                    106.132,
                    292.981,
                    0.305428
                ],
                [
                    122.784,
                    336.032,
                    0.314466
                ],
                [
                    0.0,
                    0.0,
                    0.0
                ],
                [
                    70.9153,
                    182.419,
                    0.814103
                ],
                [
                    0.0,
                    0.0,
                    0.0
                ],
                [
                    59.1591,
                    191.274,
                    0.952421
                ],
                [
                    0.0,
                    0.0,
                    0.0
                ],
                [
                    0.0,
                    0.0,
                    0.0
                ],
                [
                    0.0,
                    0.0,
                    0.0
                ],
                [
                    0.0,
                    0.0,
                    0.0
                ],
                [
                    0.0,
                    0.0,
                    0.0
                ],
                [
                    0.0,
                    0.0,
                    0.0
                ],
                [
                    0.0,
                    0.0,
                    0.0
                ]
            ],
            "isKeyframe": false
        }
    ],
    "isKeyframe": false
}