{
    "filename": "images/1/002655.jpg",
    "height": 360,
    "width": 640,
    "annots": [
        {
            "bbox": [
                180.1194,
                68.47376,
                243.48659999999998,
                238.72784,
                0.802034875
            ],
            "personID": 0,
            "keypoints": [
                [
                    203.979,
                    87.5678,
                    0.8451
                ],
                [
                    199.069,
                    102.238,
                    0.902221
                ],
                [
                    185.4,
                    106.176,
                    0.876179
                ],
                [
                    185.403,
                    134.494,
                    0.815681
                ],
                [
                    192.274,
                    152.14,
                    0.71667
                ],
                [
                    210.81,
                    97.2949,
                    0.859892
                ],
                [
                    216.707,
                    119.855,
                    0.552218
                ],
                [
                    223.524,
                    143.326,
                    0.239447
                ],
                [
                    208.85,
                    151.127,
                    0.7976
                ],
                [
                    201.03,
                    152.142,
                    0.817832
                ],
                [
                    207.855,
                    184.42,
                    0.907389
                ],
                [
                    214.703,
                    215.737,
                    0.894798
                ],
                [
                    216.674,
                    148.2,
                    0.759632
                ],
                [
                    222.521,
                    179.523,
                    0.845513
                ],
                [
                    224.529,
                    207.89,
                    0.861516
                ],
                [
                    199.118,
                    83.6615,
                    0.923616
                ],
                [
                    205.927,
                    82.6616,
                    0.89114
                ],
                [
                    191.239,
                    87.5401,
                    0.887415
                ],
                [
                    0.0,
                    0.0,
                    0.0
                ],
                [
                    238.168,
                    214.689,
                    0.808554
                ],
                [
                    238.206,
                    211.775,
                    0.795391
                ],
                [
                    223.498,
                    212.783,
                    0.804306
                ],
                [
                    222.542,
                    223.56,
                    0.862453
                ],
                [
                    215.723,
                    224.54,
                    0.818973
                ],
                [
                    214.7,
                    219.619,
                    0.765301
                ]
            ],
            "isKeyframe": false
        },
        {
            "bbox": [
                429.437,
                72.22857000000002,
                493.94899999999996,
                279.97412999999995,
                0.7982345541666667
            ],
            "personID": 1,
            "keypoints": [
                [
                    442.691,
                    94.3993,
                    0.856326
                ],
                [
                    466.085,
                    120.765,
                    0.889077
                ],
                [
                    452.428,
                    114.984,
                    0.789807
                ],
                [
                    456.354,
                    147.223,
                    0.65755
                ],
                [
                    445.585,
                    167.77,
                    0.776524
                ],
                [
                    479.799,
                    121.807,
                    0.836197
                ],
                [
                    488.573,
                    157.007,
                    0.848246
                ],
                [
                    480.791,
                    189.303,
                    0.883118
                ],
                [
                    458.268,
                    184.366,
                    0.832052
                ],
                [
                    449.499,
                    183.38,
                    0.794473
                ],
                [
                    450.449,
                    219.632,
                    0.85283
                ],
                [
                    453.424,
                    254.839,
                    0.848116
                ],
                [
                    466.155,
                    185.368,
                    0.776144
                ],
                [
                    466.123,
                    222.535,
                    0.880247
                ],
                [
                    480.737,
                    247.029,
                    0.892598
                ],
                [
                    442.634,
                    89.5462,
                    0.0930003
                ],
                [
                    448.481,
                    89.5407,
                    0.880419
                ],
                [
                    0.0,
                    0.0,
                    0.0
                ],
                [
                    459.31,
                    91.4545,
                    0.865919
                ],
                [
                    471.024,
                    262.662,
                    0.864157
                ],
                [
                    474.962,
                    262.618,
                    0.86348
                ],
                [
                    481.798,
                    248.962,
                    0.748099
                ],
                [
                    434.813,
                    262.622,
                    0.818663
                ],
                [
                    435.806,
                    260.701,
                    0.743372
                ],
                [
                    458.285,
                    259.733,
                    0.867215
                ]
            ],
            "isKeyframe": false
        },
        {
            "bbox": [
                334.089,
                47.75113999999999,
                416.253,
                255.51026,
                0.652690159090909
            ],
            "personID": 2,
            "keypoints": [
                [
                    0.0,
                    0.0,
                    0.0
                ],
                [
                    357.565,
                    90.524,
                    0.893218
                ],
                [
                    376.137,
                    90.4852,
                    0.841476
                ],
                [
                    384.915,
                    127.673,
                    0.843801
                ],
                [
                    391.793,
                    157.004,
                    0.816193
                ],
                [
                    340.936,
                    90.5489,
                    0.883015
                ],
                [
                    341.899,
                    127.685,
                    0.710799
                ],
                [
                    353.616,
                    140.388,
                    0.0666032
                ],
                [
                    364.404,
                    155.07,
                    0.746469
                ],
                [
                    377.11,
                    154.087,
                    0.696659
                ],
                [
                    393.697,
                    190.28,
                    0.83218
                ],
                [
                    395.664,
                    230.359,
                    0.909255
                ],
                [
                    354.6,
                    157.009,
                    0.704637
                ],
                [
                    355.587,
                    193.192,
                    0.812368
                ],
                [
                    354.572,
                    230.369,
                    0.415941
                ],
                [
                    0.0,
                    0.0,
                    0.0
                ],
                [
                    0.0,
                    0.0,
                    0.0
                ],
                [
                    372.272,
                    66.0482,
                    0.932461
                ],
                [
                    355.614,
                    65.0644,
                    0.466687
                ],
                [
                    361.439,
                    238.197,
                    0.0718573
                ],
                [
                    353.62,
                    238.194,
                    0.107856
                ],
                [
                    353.629,
                    238.179,
                    0.255251
                ],
                [
                    409.395,
                    228.401,
                    0.721881
                ],
                [
                    409.406,
                    230.363,
                    0.838193
                ],
                [
                    393.741,
                    236.23,
                    0.792383
                ]
            ],
            "isKeyframe": false
        },
        {
            "bbox": [
                52.01604000000001,
                166.6667,
                137.73636,
                355.70629999999994,
                0.6362392307692306
            ],
            "personID": 3,
            "keypoints": [
                [
                    74.8961,
                    184.381,
                    0.880152
                ],
                [
                    66.043,
                    223.513,
                    0.724135
                ],
                [
                    73.8449,
                    233.326,
                    0.727232
                ],
                [
                    111.997,
                    254.817,
                    0.824398
                ],
                [
                    102.241,
                    239.151,
                    0.654486
                ],
                [
                    59.1936,
                    209.849,
                    0.479124
                ],
                [
                    0.0,
                    0.0,
                    0.0
                ],
                [
                    0.0,
                    0.0,
                    0.0
                ],
                [
                    106.165,
                    293.946,
                    0.453306
                ],
                [
                    110.064,
                    293.968,
                    0.549531
                ],
                [
                    130.593,
                    339.953,
                    0.551029
                ],
                [
                    0.0,
                    0.0,
                    0.0
                ],
                [
                    103.218,
                    293.966,
                    0.343384
                ],
                [
                    121.81,
                    336.019,
                    0.333108
                ],
                [
                    0.0,
                    0.0,
                    0.0
                ],
                [
                    70.9398,
                    182.42,
                    0.802935
                ],
                [
                    0.0,
                    0.0,
                    0.0
                ],
                [
                    59.1594,
                    191.238,
                    0.94829
                ],
                [
                    0.0,
                    0.0,
                    0.0
                ],
                [
                    0.0,
                    0.0,
                    0.0
                ],
                [
                    0.0,
                    0.0,
                    0.0
                ],
                [
                    0.0,
                    0.0,
                    0.0
                ],
                [
                    0.0,
                    0.0,
                    0.0
                ],
                [
                    0.0,
                    0.0,
                    0.0
                ],
                [
                    0.0,
                    0.0,
                    0.0
                ]
            ],
            "isKeyframe": false
        }
    ],
    "isKeyframe": false
}