{
    "filename": "images/1/002622.jpg",
    "height": 360,
    "width": 640,
    "annots": [
        {
            "bbox": [
                186.50449999999998,
                67.39770000000001,
                242.86249999999998,
                238.78529999999998,
                0.8094367916666666
            ],
            "personID": 0,
            "keypoints": [
                [
                    207.842,
                    83.6449,
                    0.909853
                ],
                [
                    201.072,
                    98.3676,
                    0.895933
                ],
                [
                    191.229,
                    105.162,
                    0.90507
                ],
                [
                    191.201,
                    130.585,
                    0.872916
                ],
                [
                    199.044,
                    149.19,
                    0.729114
                ],
                [
                    214.705,
                    94.4228,
                    0.894387
                ],
                [
                    222.506,
                    113.999,
                    0.655217
                ],
                [
                    228.427,
                    137.461,
                    0.190945
                ],
                [
                    214.759,
                    147.228,
                    0.812322
                ],
                [
                    207.854,
                    151.109,
                    0.812847
                ],
                [
                    215.678,
                    183.447,
                    0.894069
                ],
                [
                    214.748,
                    215.717,
                    0.927526
                ],
                [
                    222.568,
                    145.259,
                    0.823086
                ],
                [
                    223.537,
                    178.548,
                    0.813664
                ],
                [
                    224.513,
                    207.879,
                    0.876538
                ],
                [
                    203.982,
                    82.635,
                    0.89198
                ],
                [
                    207.874,
                    81.68,
                    0.846714
                ],
                [
                    195.176,
                    83.6481,
                    0.85102
                ],
                [
                    0.0,
                    0.0,
                    0.0
                ],
                [
                    237.227,
                    214.679,
                    0.793468
                ],
                [
                    238.166,
                    210.823,
                    0.76757
                ],
                [
                    223.501,
                    212.754,
                    0.707719
                ],
                [
                    222.587,
                    223.538,
                    0.911538
                ],
                [
                    216.696,
                    224.503,
                    0.854847
                ],
                [
                    213.764,
                    219.617,
                    0.78814
                ]
            ],
            "isKeyframe": false
        },
        {
            "bbox": [
                435.4162999999999,
                72.13231999999999,
                510.5687,
                280.00688,
                0.807148909090909
            ],
            "personID": 1,
            "keypoints": [
                [
                    465.127,
                    91.4741,
                    0.905652
                ],
                [
                    482.75,
                    114.99,
                    0.823814
                ],
                [
                    472.01,
                    112.961,
                    0.817321
                ],
                [
                    0.0,
                    0.0,
                    0.0
                ],
                [
                    0.0,
                    0.0,
                    0.0
                ],
                [
                    496.413,
                    120.841,
                    0.884633
                ],
                [
                    504.306,
                    157.004,
                    0.884633
                ],
                [
                    495.473,
                    188.305,
                    0.843267
                ],
                [
                    473.989,
                    176.608,
                    0.806241
                ],
                [
                    466.097,
                    174.617,
                    0.790973
                ],
                [
                    454.37,
                    206.875,
                    0.841638
                ],
                [
                    457.335,
                    238.241,
                    0.929301
                ],
                [
                    483.744,
                    181.474,
                    0.717885
                ],
                [
                    487.62,
                    217.68,
                    0.797402
                ],
                [
                    480.777,
                    248.98,
                    0.870442
                ],
                [
                    465.121,
                    89.4552,
                    0.158585
                ],
                [
                    467.13,
                    89.469,
                    0.875625
                ],
                [
                    0.0,
                    0.0,
                    0.0
                ],
                [
                    480.804,
                    90.489,
                    0.930351
                ],
                [
                    471.981,
                    262.662,
                    0.890187
                ],
                [
                    476.907,
                    262.684,
                    0.86652
                ],
                [
                    479.828,
                    252.854,
                    0.714407
                ],
                [
                    441.679,
                    246.047,
                    0.800523
                ],
                [
                    442.631,
                    244.052,
                    0.730834
                ],
                [
                    461.236,
                    241.133,
                    0.877042
                ]
            ],
            "isKeyframe": false
        },
        {
            "bbox": [
                309.5894,
                92.7512,
                403.4966,
                265.2848,
                0.7616969411764706
            ],
            "personID": 2,
            "keypoints": [
                [
                    0.0,
                    0.0,
                    0.0
                ],
                [
                    362.405,
                    129.584,
                    0.906461
                ],
                [
                    380.091,
                    129.656,
                    0.870156
                ],
                [
                    386.907,
                    159.955,
                    0.90807
                ],
                [
                    383.948,
                    187.345,
                    0.758919
                ],
                [
                    340.932,
                    128.614,
                    0.895345
                ],
                [
                    319.41,
                    153.145,
                    0.770519
                ],
                [
                    317.415,
                    167.772,
                    0.222351
                ],
                [
                    350.68,
                    184.374,
                    0.785747
                ],
                [
                    363.439,
                    185.394,
                    0.752202
                ],
                [
                    382.013,
                    207.861,
                    0.747473
                ],
                [
                    386.914,
                    245.053,
                    0.830495
                ],
                [
                    339.908,
                    182.431,
                    0.744975
                ],
                [
                    0.0,
                    0.0,
                    0.0
                ],
                [
                    0.0,
                    0.0,
                    0.0
                ],
                [
                    0.0,
                    0.0,
                    0.0
                ],
                [
                    0.0,
                    0.0,
                    0.0
                ],
                [
                    372.265,
                    107.139,
                    0.835402
                ],
                [
                    354.623,
                    107.129,
                    0.887918
                ],
                [
                    0.0,
                    0.0,
                    0.0
                ],
                [
                    0.0,
                    0.0,
                    0.0
                ],
                [
                    0.0,
                    0.0,
                    0.0
                ],
                [
                    394.695,
                    239.152,
                    0.63233
                ],
                [
                    395.671,
                    241.137,
                    0.705472
                ],
                [
                    386.85,
                    250.907,
                    0.695013
                ]
            ],
            "isKeyframe": false
        },
        {
            "bbox": [
                51.325739999999996,
                164.9022,
                145.30566,
                375.09180000000003,
                0.5699219266666666
            ],
            "personID": 3,
            "keypoints": [
                [
                    75.8207,
                    183.451,
                    0.894535
                ],
                [
                    67.0233,
                    223.498,
                    0.747491
                ],
                [
                    71.909,
                    232.36,
                    0.718421
                ],
                [
                    112.993,
                    254.845,
                    0.845399
                ],
                [
                    102.218,
                    238.163,
                    0.67066
                ],
                [
                    64.0925,
                    209.843,
                    0.501635
                ],
                [
                    0.0,
                    0.0,
                    0.0
                ],
                [
                    0.0,
                    0.0,
                    0.0
                ],
                [
                    106.165,
                    291.988,
                    0.460341
                ],
                [
                    110.058,
                    292.018,
                    0.556161
                ],
                [
                    130.588,
                    336.033,
                    0.548351
                ],
                [
                    137.474,
                    357.573,
                    0.0550996
                ],
                [
                    103.213,
                    292.0,
                    0.339529
                ],
                [
                    121.77,
                    332.111,
                    0.379539
                ],
                [
                    131.577,
                    357.576,
                    0.0649083
                ],
                [
                    70.9298,
                    182.418,
                    0.812483
                ],
                [
                    0.0,
                    0.0,
                    0.0
                ],
                [
                    59.1574,
                    191.289,
                    0.954276
                ],
                [
                    0.0,
                    0.0,
                    0.0
                ],
                [
                    0.0,
                    0.0,
                    0.0
                ],
                [
                    0.0,
                    0.0,
                    0.0
                ],
                [
                    0.0,
                    0.0,
                    0.0
                ],
                [
                    0.0,
                    0.0,
                    0.0
                ],
                [
                    0.0,
                    0.0,
                    0.0
                ],
                [
                    0.0,
                    0.0,
                    0.0
                ]
            ],
            "isKeyframe": false
        }
    ],
    "isKeyframe": false
}