{
    "filename": "images/1/002666.jpg",
    "height": 360,
    "width": 640,
    "annots": [
        {
            "bbox": [
                179.0215,
                68.45496999999999,
                243.58749999999998,
                238.73172999999997,
                0.7973117916666667
            ],
            "personID": 0,
            "keypoints": [
                [
                    202.024,
                    86.591,
                    0.835222
                ],
                [
                    198.067,
                    104.165,
                    0.885058
                ],
                [
                    184.402,
                    107.157,
                    0.88715
                ],
                [
                    184.451,
                    135.507,
                    0.832046
                ],
                [
                    190.28,
                    152.107,
                    0.467564
                ],
                [
                    207.932,
                    97.3444,
                    0.932846
                ],
                [
                    215.729,
                    120.817,
                    0.674539
                ],
                [
                    222.567,
                    143.318,
                    0.226915
                ],
                [
                    207.867,
                    152.085,
                    0.83401
                ],
                [
                    200.024,
                    153.089,
                    0.833592
                ],
                [
                    206.856,
                    185.365,
                    0.861214
                ],
                [
                    214.704,
                    215.688,
                    0.879935
                ],
                [
                    215.711,
                    149.188,
                    0.780715
                ],
                [
                    222.538,
                    180.49,
                    0.851305
                ],
                [
                    224.546,
                    207.899,
                    0.869462
                ],
                [
                    199.074,
                    83.662,
                    0.892155
                ],
                [
                    203.945,
                    82.6447,
                    0.835903
                ],
                [
                    190.283,
                    88.5453,
                    0.868422
                ],
                [
                    0.0,
                    0.0,
                    0.0
                ],
                [
                    238.168,
                    214.7,
                    0.836271
                ],
                [
                    238.207,
                    211.783,
                    0.810167
                ],
                [
                    223.512,
                    213.715,
                    0.80492
                ],
                [
                    222.537,
                    223.563,
                    0.862629
                ],
                [
                    215.707,
                    224.542,
                    0.845253
                ],
                [
                    214.724,
                    217.66,
                    0.72819
                ]
            ],
            "isKeyframe": false
        },
        {
            "bbox": [
                430.14489999999995,
                73.11822000000001,
                486.42609999999996,
                280.98198,
                0.784764875
            ],
            "personID": 1,
            "keypoints": [
                [
                    437.757,
                    95.3862,
                    0.82226
                ],
                [
                    460.253,
                    119.802,
                    0.822699
                ],
                [
                    449.477,
                    114.931,
                    0.836803
                ],
                [
                    450.484,
                    145.293,
                    0.76406
                ],
                [
                    440.68,
                    166.786,
                    0.835911
                ],
                [
                    472.973,
                    121.789,
                    0.867357
                ],
                [
                    480.774,
                    156.994,
                    0.860497
                ],
                [
                    472.939,
                    188.33,
                    0.856704
                ],
                [
                    455.354,
                    184.378,
                    0.740411
                ],
                [
                    447.541,
                    183.402,
                    0.729531
                ],
                [
                    450.434,
                    222.56,
                    0.847249
                ],
                [
                    453.419,
                    254.866,
                    0.833523
                ],
                [
                    462.221,
                    185.373,
                    0.702437
                ],
                [
                    458.283,
                    223.578,
                    0.812393
                ],
                [
                    476.871,
                    246.072,
                    0.855324
                ],
                [
                    436.791,
                    90.4402,
                    0.056547
                ],
                [
                    441.648,
                    90.4744,
                    0.896723
                ],
                [
                    0.0,
                    0.0,
                    0.0
                ],
                [
                    454.369,
                    91.462,
                    0.84656
                ],
                [
                    470.987,
                    263.66,
                    0.816067
                ],
                [
                    474.919,
                    262.665,
                    0.824315
                ],
                [
                    481.736,
                    246.048,
                    0.800425
                ],
                [
                    434.835,
                    262.617,
                    0.834756
                ],
                [
                    436.772,
                    260.71,
                    0.73339
                ],
                [
                    458.261,
                    259.732,
                    0.838415
                ]
            ],
            "isKeyframe": false
        },
        {
            "bbox": [
                342.4849,
                44.13709999999999,
                417.59409999999997,
                248.3639,
                0.696925
            ],
            "personID": 2,
            "keypoints": [
                [
                    0.0,
                    0.0,
                    0.0
                ],
                [
                    367.344,
                    89.5412,
                    0.88453
                ],
                [
                    384.95,
                    90.4848,
                    0.856542
                ],
                [
                    389.826,
                    126.705,
                    0.846257
                ],
                [
                    396.671,
                    156.022,
                    0.853189
                ],
                [
                    350.717,
                    89.4675,
                    0.86321
                ],
                [
                    348.744,
                    110.067,
                    0.634781
                ],
                [
                    0.0,
                    0.0,
                    0.0
                ],
                [
                    372.221,
                    153.08,
                    0.791065
                ],
                [
                    382.981,
                    152.15,
                    0.735374
                ],
                [
                    395.695,
                    191.23,
                    0.89914
                ],
                [
                    395.694,
                    226.469,
                    0.866277
                ],
                [
                    363.367,
                    153.071,
                    0.75751
                ],
                [
                    363.364,
                    191.204,
                    0.823269
                ],
                [
                    358.506,
                    224.534,
                    0.577187
                ],
                [
                    0.0,
                    0.0,
                    0.0
                ],
                [
                    0.0,
                    0.0,
                    0.0
                ],
                [
                    381.997,
                    64.0972,
                    0.840603
                ],
                [
                    364.41,
                    61.156,
                    0.361321
                ],
                [
                    369.28,
                    226.479,
                    0.119293
                ],
                [
                    364.409,
                    223.516,
                    0.12742
                ],
                [
                    357.528,
                    231.345,
                    0.378286
                ],
                [
                    411.335,
                    226.467,
                    0.762574
                ],
                [
                    410.351,
                    230.332,
                    0.864469
                ],
                [
                    393.744,
                    231.329,
                    0.793128
                ]
            ],
            "isKeyframe": false
        },
        {
            "bbox": [
                52.00195,
                165.62310000000002,
                137.73655000000002,
                355.7979,
                0.6462978461538461
            ],
            "personID": 3,
            "keypoints": [
                [
                    74.8539,
                    183.455,
                    0.886672
                ],
                [
                    66.0566,
                    223.508,
                    0.731163
                ],
                [
                    71.898,
                    233.307,
                    0.705585
                ],
                [
                    111.05,
                    253.883,
                    0.822523
                ],
                [
                    99.3078,
                    237.217,
                    0.659969
                ],
                [
                    62.1315,
                    209.832,
                    0.494789
                ],
                [
                    0.0,
                    0.0,
                    0.0
                ],
                [
                    0.0,
                    0.0,
                    0.0
                ],
                [
                    106.165,
                    293.956,
                    0.477774
                ],
                [
                    109.095,
                    293.967,
                    0.573058
                ],
                [
                    130.592,
                    339.95,
                    0.576099
                ],
                [
                    0.0,
                    0.0,
                    0.0
                ],
                [
                    104.176,
                    293.983,
                    0.35784
                ],
                [
                    121.825,
                    337.004,
                    0.360472
                ],
                [
                    0.0,
                    0.0,
                    0.0
                ],
                [
                    69.9623,
                    181.471,
                    0.8038
                ],
                [
                    0.0,
                    0.0,
                    0.0
                ],
                [
                    59.1465,
                    191.239,
                    0.952128
                ],
                [
                    0.0,
                    0.0,
                    0.0
                ],
                [
                    0.0,
                    0.0,
                    0.0
                ],
                [
                    0.0,
                    0.0,
                    0.0
                ],
                [
                    0.0,
                    0.0,
                    0.0
                ],
                [
                    0.0,
                    0.0,
                    0.0
                ],
                [
                    0.0,
                    0.0,
                    0.0
                ],
                [
                    0.0,
                    0.0,
                    0.0
                ]
            ],
            "isKeyframe": false
        }
    ],
    "isKeyframe": false
}