{
    "filename": "images/1/002594.jpg",
    "height": 360,
    "width": 640,
    "annots": [
        {
            "bbox": [
                185.43939999999998,
                66.93392000000001,
                242.9986,
                244.15328,
                0.7808362916666667
            ],
            "personID": 0,
            "keypoints": [
                [
                    206.901,
                    83.6805,
                    0.907878
                ],
                [
                    200.099,
                    99.3163,
                    0.90574
                ],
                [
                    190.289,
                    106.11,
                    0.903706
                ],
                [
                    190.236,
                    131.571,
                    0.784925
                ],
                [
                    199.084,
                    151.127,
                    0.406716
                ],
                [
                    213.724,
                    95.3712,
                    0.851082
                ],
                [
                    218.636,
                    114.97,
                    0.535956
                ],
                [
                    224.534,
                    137.44,
                    0.183826
                ],
                [
                    214.697,
                    148.193,
                    0.787338
                ],
                [
                    206.935,
                    151.119,
                    0.791009
                ],
                [
                    214.717,
                    184.373,
                    0.889339
                ],
                [
                    213.761,
                    217.671,
                    0.845422
                ],
                [
                    221.565,
                    145.297,
                    0.773539
                ],
                [
                    222.578,
                    180.501,
                    0.826305
                ],
                [
                    223.585,
                    208.852,
                    0.872926
                ],
                [
                    202.013,
                    82.6647,
                    0.88481
                ],
                [
                    206.912,
                    81.7022,
                    0.787852
                ],
                [
                    193.205,
                    83.6832,
                    0.883315
                ],
                [
                    0.0,
                    0.0,
                    0.0
                ],
                [
                    238.202,
                    214.703,
                    0.84806
                ],
                [
                    238.19,
                    212.755,
                    0.799897
                ],
                [
                    222.559,
                    213.758,
                    0.82142
                ],
                [
                    219.616,
                    229.375,
                    0.842012
                ],
                [
                    214.697,
                    229.385,
                    0.843029
                ],
                [
                    212.764,
                    221.565,
                    0.763969
                ]
            ],
            "isKeyframe": false
        },
        {
            "bbox": [
                309.4836,
                125.84859999999999,
                392.8524,
                265.4974,
                0.69201525
            ],
            "personID": 1,
            "keypoints": [
                [
                    0.0,
                    0.0,
                    0.0
                ],
                [
                    356.567,
                    160.925,
                    0.929518
                ],
                [
                    374.158,
                    167.743,
                    0.853283
                ],
                [
                    372.187,
                    191.292,
                    0.922214
                ],
                [
                    383.951,
                    204.947,
                    0.763361
                ],
                [
                    339.914,
                    154.108,
                    0.852589
                ],
                [
                    316.431,
                    166.784,
                    0.514881
                ],
                [
                    0.0,
                    0.0,
                    0.0
                ],
                [
                    334.056,
                    217.65,
                    0.65472
                ],
                [
                    346.768,
                    223.503,
                    0.649713
                ],
                [
                    385.905,
                    215.748,
                    0.754209
                ],
                [
                    347.797,
                    246.029,
                    0.655872
                ],
                [
                    323.31,
                    212.769,
                    0.616278
                ],
                [
                    0.0,
                    0.0,
                    0.0
                ],
                [
                    0.0,
                    0.0,
                    0.0
                ],
                [
                    0.0,
                    0.0,
                    0.0
                ],
                [
                    0.0,
                    0.0,
                    0.0
                ],
                [
                    379.011,
                    144.259,
                    0.865985
                ],
                [
                    357.57,
                    137.486,
                    0.64977
                ],
                [
                    0.0,
                    0.0,
                    0.0
                ],
                [
                    0.0,
                    0.0,
                    0.0
                ],
                [
                    0.0,
                    0.0,
                    0.0
                ],
                [
                    355.587,
                    253.831,
                    0.40446
                ],
                [
                    352.648,
                    253.86,
                    0.448926
                ],
                [
                    341.886,
                    247.014,
                    0.536465
                ]
            ],
            "isKeyframe": false
        },
        {
            "bbox": [
                445.304,
                66.83043000000002,
                507.476,
                280.46486999999996,
                0.7764082173913044
            ],
            "personID": 2,
            "keypoints": [
                [
                    465.107,
                    89.525,
                    0.917558
                ],
                [
                    481.798,
                    114.024,
                    0.868452
                ],
                [
                    471.973,
                    111.977,
                    0.774401
                ],
                [
                    471.98,
                    138.44,
                    0.060461
                ],
                [
                    0.0,
                    0.0,
                    0.0
                ],
                [
                    495.457,
                    120.803,
                    0.86542
                ],
                [
                    502.295,
                    154.068,
                    0.850432
                ],
                [
                    491.576,
                    184.384,
                    0.87635
                ],
                [
                    473.972,
                    175.624,
                    0.817142
                ],
                [
                    466.116,
                    173.649,
                    0.779169
                ],
                [
                    460.28,
                    201.047,
                    0.772012
                ],
                [
                    465.154,
                    230.346,
                    0.919286
                ],
                [
                    482.754,
                    177.576,
                    0.74753
                ],
                [
                    486.666,
                    217.647,
                    0.800905
                ],
                [
                    480.78,
                    247.978,
                    0.893555
                ],
                [
                    464.183,
                    84.6333,
                    0.213123
                ],
                [
                    468.064,
                    84.6477,
                    0.826329
                ],
                [
                    0.0,
                    0.0,
                    0.0
                ],
                [
                    480.83,
                    89.5292,
                    0.920236
                ],
                [
                    471.979,
                    262.642,
                    0.84957
                ],
                [
                    476.884,
                    262.662,
                    0.859035
                ],
                [
                    480.763,
                    250.93,
                    0.723229
                ],
                [
                    450.485,
                    236.239,
                    0.824055
                ],
                [
                    451.464,
                    232.322,
                    0.795031
                ],
                [
                    468.069,
                    231.403,
                    0.904108
                ]
            ],
            "isKeyframe": false
        },
        {
            "bbox": [
                52.01931,
                166.67400000000004,
                137.76879,
                355.69800000000004,
                0.6390502307692307
            ],
            "personID": 3,
            "keypoints": [
                [
                    75.846,
                    183.463,
                    0.869756
                ],
                [
                    67.0329,
                    222.541,
                    0.737687
                ],
                [
                    69.9505,
                    231.369,
                    0.743264
                ],
                [
                    112.971,
                    254.823,
                    0.857943
                ],
                [
                    100.279,
                    237.201,
                    0.595347
                ],
                [
                    66.0671,
                    209.826,
                    0.543847
                ],
                [
                    0.0,
                    0.0,
                    0.0
                ],
                [
                    0.0,
                    0.0,
                    0.0
                ],
                [
                    108.109,
                    292.978,
                    0.430688
                ],
                [
                    111.048,
                    293.956,
                    0.557018
                ],
                [
                    130.623,
                    339.946,
                    0.543884
                ],
                [
                    0.0,
                    0.0,
                    0.0
                ],
                [
                    106.146,
                    292.982,
                    0.320939
                ],
                [
                    122.766,
                    337.98,
                    0.338494
                ],
                [
                    0.0,
                    0.0,
                    0.0
                ],
                [
                    71.8994,
                    182.426,
                    0.822251
                ],
                [
                    0.0,
                    0.0,
                    0.0
                ],
                [
                    59.1651,
                    191.263,
                    0.946535
                ],
                [
                    0.0,
                    0.0,
                    0.0
                ],
                [
                    0.0,
                    0.0,
                    0.0
                ],
                [
                    0.0,
                    0.0,
                    0.0
                ],
                [
                    0.0,
                    0.0,
                    0.0
                ],
                [
                    0.0,
                    0.0,
                    0.0
                ],
                [
                    0.0,
                    0.0,
                    0.0
                ],
                [
                    0.0,
                    0.0,
                    0.0
                ]
            ],
            "isKeyframe": false
        }
    ],
    "isKeyframe": false
}