{
    "filename": "images/1/002607.jpg",
    "height": 360,
    "width": 640,
    "annots": [
        {
            "bbox": [
                308.50379999999996,
                123.93600000000004,
                403.60619999999994,
                262.452,
                0.75079575
            ],
            "personID": 0,
            "keypoints": [
                [
                    0.0,
                    0.0,
                    0.0
                ],
                [
                    363.392,
                    154.058,
                    0.918621
                ],
                [
                    381.011,
                    157.971,
                    0.830949
                ],
                [
                    386.845,
                    176.533,
                    0.9246
                ],
                [
                    384.922,
                    198.068,
                    0.811277
                ],
                [
                    341.929,
                    152.135,
                    0.866367
                ],
                [
                    316.429,
                    161.91,
                    0.706445
                ],
                [
                    0.0,
                    0.0,
                    0.0
                ],
                [
                    347.715,
                    205.939,
                    0.766785
                ],
                [
                    358.529,
                    207.876,
                    0.716899
                ],
                [
                    382.975,
                    208.887,
                    0.677514
                ],
                [
                    386.898,
                    245.99,
                    0.733629
                ],
                [
                    334.054,
                    202.009,
                    0.677934
                ],
                [
                    0.0,
                    0.0,
                    0.0
                ],
                [
                    0.0,
                    0.0,
                    0.0
                ],
                [
                    0.0,
                    0.0,
                    0.0
                ],
                [
                    0.0,
                    0.0,
                    0.0
                ],
                [
                    379.088,
                    136.515,
                    0.860825
                ],
                [
                    362.424,
                    135.479,
                    0.706106
                ],
                [
                    0.0,
                    0.0,
                    0.0
                ],
                [
                    0.0,
                    0.0,
                    0.0
                ],
                [
                    0.0,
                    0.0,
                    0.0
                ],
                [
                    394.715,
                    239.16,
                    0.580466
                ],
                [
                    395.681,
                    241.14,
                    0.626452
                ],
                [
                    385.925,
                    250.909,
                    0.607863
                ]
            ],
            "isKeyframe": false
        },
        {
            "bbox": [
                445.1059,
                70.0431,
                509.6911,
                280.1739,
                0.8068142727272726
            ],
            "personID": 1,
            "keypoints": [
                [
                    465.144,
                    90.4914,
                    0.928551
                ],
                [
                    482.785,
                    115.921,
                    0.811162
                ],
                [
                    472.942,
                    112.973,
                    0.821698
                ],
                [
                    0.0,
                    0.0,
                    0.0
                ],
                [
                    0.0,
                    0.0,
                    0.0
                ],
                [
                    496.44,
                    120.848,
                    0.882691
                ],
                [
                    504.309,
                    155.07,
                    0.890011
                ],
                [
                    495.473,
                    186.345,
                    0.870813
                ],
                [
                    474.954,
                    176.603,
                    0.775851
                ],
                [
                    466.149,
                    174.614,
                    0.770783
                ],
                [
                    457.353,
                    203.956,
                    0.822765
                ],
                [
                    464.165,
                    229.395,
                    0.875021
                ],
                [
                    486.648,
                    181.456,
                    0.711258
                ],
                [
                    488.579,
                    218.651,
                    0.83942
                ],
                [
                    480.785,
                    248.002,
                    0.876023
                ],
                [
                    465.132,
                    87.5647,
                    0.156466
                ],
                [
                    468.102,
                    87.554,
                    0.83257
                ],
                [
                    0.0,
                    0.0,
                    0.0
                ],
                [
                    481.737,
                    90.4705,
                    0.937949
                ],
                [
                    471.998,
                    262.643,
                    0.852091
                ],
                [
                    477.866,
                    262.663,
                    0.854303
                ],
                [
                    480.745,
                    251.891,
                    0.698084
                ],
                [
                    450.488,
                    235.28,
                    0.804118
                ],
                [
                    451.438,
                    231.392,
                    0.814013
                ],
                [
                    466.155,
                    231.331,
                    0.924273
                ]
            ],
            "isKeyframe": false
        },
        {
            "bbox": [
                185.4531,
                67.05970999999998,
                242.9799,
                242.03638999999998,
                0.808405875
            ],
            "personID": 2,
            "keypoints": [
                [
                    207.877,
                    82.7038,
                    0.946678
                ],
                [
                    201.049,
                    98.3697,
                    0.908691
                ],
                [
                    191.241,
                    105.193,
                    0.900479
                ],
                [
                    190.247,
                    130.602,
                    0.847537
                ],
                [
                    199.039,
                    148.22,
                    0.7612
                ],
                [
                    213.762,
                    94.405,
                    0.853101
                ],
                [
                    220.595,
                    114.983,
                    0.675033
                ],
                [
                    227.452,
                    138.442,
                    0.390529
                ],
                [
                    214.754,
                    146.282,
                    0.821605
                ],
                [
                    207.866,
                    150.152,
                    0.812641
                ],
                [
                    214.767,
                    183.451,
                    0.876408
                ],
                [
                    214.731,
                    216.714,
                    0.876027
                ],
                [
                    222.549,
                    145.263,
                    0.823676
                ],
                [
                    223.543,
                    179.495,
                    0.815756
                ],
                [
                    224.531,
                    207.882,
                    0.868341
                ],
                [
                    204.952,
                    81.719,
                    0.909079
                ],
                [
                    207.883,
                    81.6411,
                    0.756968
                ],
                [
                    195.16,
                    83.656,
                    0.85689
                ],
                [
                    0.0,
                    0.0,
                    0.0
                ],
                [
                    238.167,
                    214.686,
                    0.793582
                ],
                [
                    238.186,
                    210.831,
                    0.763746
                ],
                [
                    223.501,
                    212.755,
                    0.739716
                ],
                [
                    222.537,
                    227.425,
                    0.826074
                ],
                [
                    215.741,
                    227.455,
                    0.803049
                ],
                [
                    213.756,
                    221.561,
                    0.774935
                ]
            ],
            "isKeyframe": false
        },
        {
            "bbox": [
                52.00692,
                160.05020000000002,
                137.77428,
                358.4198,
                0.5911051285714286
            ],
            "personID": 3,
            "keypoints": [
                [
                    75.8203,
                    183.429,
                    0.894294
                ],
                [
                    67.0428,
                    222.578,
                    0.734126
                ],
                [
                    70.9407,
                    232.332,
                    0.723974
                ],
                [
                    112.997,
                    254.853,
                    0.864137
                ],
                [
                    101.241,
                    237.21,
                    0.616285
                ],
                [
                    66.0344,
                    209.833,
                    0.519332
                ],
                [
                    0.0,
                    0.0,
                    0.0
                ],
                [
                    0.0,
                    0.0,
                    0.0
                ],
                [
                    108.117,
                    293.946,
                    0.422504
                ],
                [
                    111.05,
                    294.939,
                    0.55606
                ],
                [
                    130.627,
                    341.889,
                    0.511973
                ],
                [
                    0.0,
                    0.0,
                    0.0
                ],
                [
                    106.155,
                    293.949,
                    0.300157
                ],
                [
                    122.79,
                    339.937,
                    0.301052
                ],
                [
                    0.0,
                    0.0,
                    0.0
                ],
                [
                    70.9257,
                    181.476,
                    0.810796
                ],
                [
                    73.8936,
                    176.581,
                    0.0704448
                ],
                [
                    59.1542,
                    191.275,
                    0.950337
                ],
                [
                    0.0,
                    0.0,
                    0.0
                ],
                [
                    0.0,
                    0.0,
                    0.0
                ],
                [
                    0.0,
                    0.0,
                    0.0
                ],
                [
                    0.0,
                    0.0,
                    0.0
                ],
                [
                    0.0,
                    0.0,
                    0.0
                ],
                [
                    0.0,
                    0.0,
                    0.0
                ],
                [
                    0.0,
                    0.0,
                    0.0
                ]
            ],
            "isKeyframe": false
        }
    ],
    "isKeyframe": false
}