{
    "filename": "images/1/002602.jpg",
    "height": 360,
    "width": 640,
    "annots": [
        {
            "bbox": [
                300.9684,
                125.8633,
                404.3316,
                264.3877,
                0.717225588235294
            ],
            "personID": 0,
            "keypoints": [
                [
                    0.0,
                    0.0,
                    0.0
                ],
                [
                    362.452,
                    159.901,
                    0.913075
                ],
                [
                    380.04,
                    161.895,
                    0.874197
                ],
                [
                    381.028,
                    182.436,
                    0.857311
                ],
                [
                    384.95,
                    200.087,
                    0.830038
                ],
                [
                    341.916,
                    153.137,
                    0.849347
                ],
                [
                    317.402,
                    161.905,
                    0.6476
                ],
                [
                    309.582,
                    160.894,
                    0.154277
                ],
                [
                    346.77,
                    206.935,
                    0.742861
                ],
                [
                    357.532,
                    209.828,
                    0.692215
                ],
                [
                    383.968,
                    212.755,
                    0.665811
                ],
                [
                    386.885,
                    246.027,
                    0.780196
                ],
                [
                    334.05,
                    203.975,
                    0.64836
                ],
                [
                    0.0,
                    0.0,
                    0.0
                ],
                [
                    0.0,
                    0.0,
                    0.0
                ],
                [
                    0.0,
                    0.0,
                    0.0
                ],
                [
                    0.0,
                    0.0,
                    0.0
                ],
                [
                    379.108,
                    140.382,
                    0.80606
                ],
                [
                    362.397,
                    137.407,
                    0.720564
                ],
                [
                    0.0,
                    0.0,
                    0.0
                ],
                [
                    0.0,
                    0.0,
                    0.0
                ],
                [
                    0.0,
                    0.0,
                    0.0
                ],
                [
                    395.668,
                    238.217,
                    0.678874
                ],
                [
                    395.718,
                    241.125,
                    0.706153
                ],
                [
                    385.882,
                    252.844,
                    0.625896
                ]
            ],
            "isKeyframe": false
        },
        {
            "bbox": [
                445.1152,
                67.90749999999998,
                509.63679999999994,
                280.34950000000003,
                0.779893408695652
            ],
            "personID": 1,
            "keypoints": [
                [
                    465.146,
                    90.4687,
                    0.933559
                ],
                [
                    481.824,
                    114.959,
                    0.84291
                ],
                [
                    471.969,
                    112.023,
                    0.784876
                ],
                [
                    465.117,
                    137.474,
                    0.0681824
                ],
                [
                    0.0,
                    0.0,
                    0.0
                ],
                [
                    496.406,
                    120.806,
                    0.870686
                ],
                [
                    504.26,
                    154.087,
                    0.895977
                ],
                [
                    495.464,
                    184.449,
                    0.89321
                ],
                [
                    474.909,
                    176.55,
                    0.800268
                ],
                [
                    466.13,
                    174.588,
                    0.771617
                ],
                [
                    458.332,
                    204.938,
                    0.814829
                ],
                [
                    465.122,
                    230.35,
                    0.915825
                ],
                [
                    484.693,
                    178.532,
                    0.712436
                ],
                [
                    487.616,
                    217.657,
                    0.805339
                ],
                [
                    480.787,
                    247.97,
                    0.895691
                ],
                [
                    465.131,
                    85.611,
                    0.243361
                ],
                [
                    469.062,
                    87.5319,
                    0.815139
                ],
                [
                    0.0,
                    0.0,
                    0.0
                ],
                [
                    481.76,
                    90.4529,
                    0.927473
                ],
                [
                    471.99,
                    262.623,
                    0.851465
                ],
                [
                    476.907,
                    262.646,
                    0.856711
                ],
                [
                    480.769,
                    250.926,
                    0.713132
                ],
                [
                    450.492,
                    236.251,
                    0.817067
                ],
                [
                    451.463,
                    232.331,
                    0.794244
                ],
                [
                    467.121,
                    231.397,
                    0.913551
                ]
            ],
            "isKeyframe": false
        },
        {
            "bbox": [
                52.00484,
                166.75989999999996,
                137.77555999999998,
                354.6211,
                0.6438946153846155
            ],
            "personID": 2,
            "keypoints": [
                [
                    75.8203,
                    183.455,
                    0.894024
                ],
                [
                    67.0391,
                    222.576,
                    0.73533
                ],
                [
                    70.947,
                    232.33,
                    0.726992
                ],
                [
                    112.969,
                    254.839,
                    0.85063
                ],
                [
                    99.3094,
                    236.252,
                    0.618367
                ],
                [
                    66.0214,
                    208.888,
                    0.526024
                ],
                [
                    0.0,
                    0.0,
                    0.0
                ],
                [
                    0.0,
                    0.0,
                    0.0
                ],
                [
                    107.139,
                    292.978,
                    0.455033
                ],
                [
                    111.044,
                    293.946,
                    0.56334
                ],
                [
                    130.628,
                    338.966,
                    0.540017
                ],
                [
                    0.0,
                    0.0,
                    0.0
                ],
                [
                    105.159,
                    292.994,
                    0.342533
                ],
                [
                    121.82,
                    336.998,
                    0.355235
                ],
                [
                    0.0,
                    0.0,
                    0.0
                ],
                [
                    70.92,
                    182.415,
                    0.813483
                ],
                [
                    0.0,
                    0.0,
                    0.0
                ],
                [
                    59.1524,
                    191.256,
                    0.949622
                ],
                [
                    0.0,
                    0.0,
                    0.0
                ],
                [
                    0.0,
                    0.0,
                    0.0
                ],
                [
                    0.0,
                    0.0,
                    0.0
                ],
                [
                    0.0,
                    0.0,
                    0.0
                ],
                [
                    0.0,
                    0.0,
                    0.0
                ],
                [
                    0.0,
                    0.0,
                    0.0
                ],
                [
                    0.0,
                    0.0,
                    0.0
                ]
            ],
            "isKeyframe": false
        },
        {
            "bbox": [
                184.41479999999999,
                66.04412000000002,
                243.0492,
                242.12108,
                0.8034388333333333
            ],
            "personID": 3,
            "keypoints": [
                [
                    206.928,
                    82.6902,
                    0.946717
                ],
                [
                    201.042,
                    98.3501,
                    0.921571
                ],
                [
                    191.231,
                    105.159,
                    0.906798
                ],
                [
                    189.301,
                    129.672,
                    0.84631
                ],
                [
                    199.024,
                    148.198,
                    0.730111
                ],
                [
                    213.759,
                    94.3999,
                    0.858378
                ],
                [
                    219.619,
                    114.967,
                    0.584071
                ],
                [
                    228.416,
                    139.416,
                    0.266121
                ],
                [
                    214.743,
                    146.282,
                    0.820385
                ],
                [
                    207.868,
                    150.146,
                    0.807217
                ],
                [
                    214.773,
                    184.392,
                    0.888151
                ],
                [
                    214.734,
                    218.628,
                    0.869421
                ],
                [
                    222.521,
                    145.268,
                    0.810381
                ],
                [
                    223.491,
                    180.489,
                    0.816978
                ],
                [
                    224.498,
                    207.932,
                    0.870376
                ],
                [
                    202.999,
                    81.6964,
                    0.895673
                ],
                [
                    207.84,
                    80.7172,
                    0.808213
                ],
                [
                    193.247,
                    82.7096,
                    0.890222
                ],
                [
                    0.0,
                    0.0,
                    0.0
                ],
                [
                    238.163,
                    213.76,
                    0.785355
                ],
                [
                    237.24,
                    210.829,
                    0.72653
                ],
                [
                    222.588,
                    213.758,
                    0.789531
                ],
                [
                    222.528,
                    226.45,
                    0.833596
                ],
                [
                    215.737,
                    227.448,
                    0.803094
                ],
                [
                    213.752,
                    222.502,
                    0.807332
                ]
            ],
            "isKeyframe": false
        }
    ],
    "isKeyframe": false
}