{
    "filename": "images/1/002675.jpg",
    "height": 360,
    "width": 640,
    "annots": [
        {
            "bbox": [
                178.0674,
                70.43897,
                242.5986,
                240.63173,
                0.7967597083333334
            ],
            "personID": 0,
            "keypoints": [
                [
                    200.055,
                    89.5161,
                    0.926216
                ],
                [
                    195.149,
                    105.145,
                    0.891295
                ],
                [
                    183.445,
                    111.975,
                    0.882113
                ],
                [
                    184.408,
                    138.445,
                    0.855098
                ],
                [
                    191.216,
                    153.121,
                    0.367361
                ],
                [
                    206.947,
                    98.2906,
                    0.953835
                ],
                [
                    215.673,
                    120.825,
                    0.730952
                ],
                [
                    222.555,
                    142.337,
                    0.123189
                ],
                [
                    206.929,
                    154.065,
                    0.829887
                ],
                [
                    199.076,
                    157.006,
                    0.799819
                ],
                [
                    205.922,
                    189.284,
                    0.827389
                ],
                [
                    214.724,
                    216.713,
                    0.894363
                ],
                [
                    215.667,
                    152.129,
                    0.817586
                ],
                [
                    223.502,
                    182.441,
                    0.883756
                ],
                [
                    224.502,
                    208.84,
                    0.869479
                ],
                [
                    197.101,
                    88.5038,
                    0.824767
                ],
                [
                    200.085,
                    84.6217,
                    0.803895
                ],
                [
                    188.314,
                    89.5492,
                    0.871979
                ],
                [
                    0.0,
                    0.0,
                    0.0
                ],
                [
                    237.205,
                    214.674,
                    0.82248
                ],
                [
                    237.221,
                    210.83,
                    0.78539
                ],
                [
                    222.587,
                    213.747,
                    0.829939
                ],
                [
                    222.545,
                    224.497,
                    0.89359
                ],
                [
                    215.739,
                    226.449,
                    0.837391
                ],
                [
                    214.738,
                    221.54,
                    0.800464
                ]
            ],
            "isKeyframe": false
        },
        {
            "bbox": [
                358.6067,
                43.03448999999999,
                416.1143,
                248.44340999999997,
                0.6809297142857142
            ],
            "personID": 1,
            "keypoints": [
                [
                    402.484,
                    64.0707,
                    0.120656
                ],
                [
                    381.022,
                    89.4617,
                    0.86987
                ],
                [
                    395.686,
                    89.5181,
                    0.883485
                ],
                [
                    401.576,
                    123.758,
                    0.827883
                ],
                [
                    408.399,
                    154.066,
                    0.846304
                ],
                [
                    369.275,
                    87.5694,
                    0.78659
                ],
                [
                    368.291,
                    120.79,
                    0.171881
                ],
                [
                    0.0,
                    0.0,
                    0.0
                ],
                [
                    383.939,
                    148.198,
                    0.692874
                ],
                [
                    394.679,
                    149.182,
                    0.733881
                ],
                [
                    400.592,
                    187.331,
                    0.824929
                ],
                [
                    395.688,
                    226.478,
                    0.888342
                ],
                [
                    372.268,
                    147.237,
                    0.72605
                ],
                [
                    372.227,
                    183.383,
                    0.896464
                ],
                [
                    364.358,
                    215.734,
                    0.707608
                ],
                [
                    402.486,
                    60.1519,
                    0.246794
                ],
                [
                    0.0,
                    0.0,
                    0.0
                ],
                [
                    395.67,
                    61.1383,
                    0.874198
                ],
                [
                    380.044,
                    60.1803,
                    0.202931
                ],
                [
                    0.0,
                    0.0,
                    0.0
                ],
                [
                    0.0,
                    0.0,
                    0.0
                ],
                [
                    363.399,
                    222.557,
                    0.494052
                ],
                [
                    411.322,
                    227.429,
                    0.76202
                ],
                [
                    410.387,
                    229.408,
                    0.875853
                ],
                [
                    393.732,
                    231.326,
                    0.866859
                ]
            ],
            "isKeyframe": false
        },
        {
            "bbox": [
                428.7426,
                72.03960000000001,
                478.01939999999996,
                293.8524,
                0.7911158695652173
            ],
            "personID": 2,
            "keypoints": [
                [
                    432.849,
                    96.3743,
                    0.861179
                ],
                [
                    456.314,
                    120.775,
                    0.852314
                ],
                [
                    442.694,
                    115.929,
                    0.80024
                ],
                [
                    449.487,
                    146.251,
                    0.674155
                ],
                [
                    438.742,
                    162.87,
                    0.777189
                ],
                [
                    466.097,
                    121.816,
                    0.844411
                ],
                [
                    473.913,
                    158.94,
                    0.862749
                ],
                [
                    463.196,
                    190.279,
                    0.817411
                ],
                [
                    451.457,
                    184.438,
                    0.734082
                ],
                [
                    445.57,
                    183.452,
                    0.724978
                ],
                [
                    449.521,
                    224.517,
                    0.783659
                ],
                [
                    453.39,
                    255.801,
                    0.808493
                ],
                [
                    458.315,
                    187.322,
                    0.7173
                ],
                [
                    454.399,
                    229.398,
                    0.793344
                ],
                [
                    464.155,
                    262.665,
                    0.86925
                ],
                [
                    0.0,
                    0.0,
                    0.0
                ],
                [
                    434.798,
                    90.524,
                    0.893684
                ],
                [
                    0.0,
                    0.0,
                    0.0
                ],
                [
                    448.499,
                    91.4688,
                    0.877085
                ],
                [
                    448.527,
                    271.493,
                    0.749121
                ],
                [
                    453.414,
                    275.368,
                    0.765094
                ],
                [
                    467.127,
                    265.598,
                    0.803865
                ],
                [
                    436.799,
                    261.692,
                    0.862936
                ],
                [
                    439.724,
                    259.719,
                    0.784899
                ],
                [
                    457.29,
                    259.737,
                    0.538227
                ]
            ],
            "isKeyframe": false
        },
        {
            "bbox": [
                50.9714,
                166.5919,
                137.82260000000002,
                356.78110000000004,
                0.6526668461538463
            ],
            "personID": 3,
            "keypoints": [
                [
                    74.8561,
                    184.393,
                    0.914737
                ],
                [
                    66.0758,
                    223.518,
                    0.737968
                ],
                [
                    72.8922,
                    234.277,
                    0.707384
                ],
                [
                    111.991,
                    253.89,
                    0.836704
                ],
                [
                    98.3073,
                    236.237,
                    0.695352
                ],
                [
                    62.1243,
                    210.808,
                    0.48723
                ],
                [
                    0.0,
                    0.0,
                    0.0
                ],
                [
                    0.0,
                    0.0,
                    0.0
                ],
                [
                    106.183,
                    293.984,
                    0.472933
                ],
                [
                    111.017,
                    294.949,
                    0.578194
                ],
                [
                    130.585,
                    340.932,
                    0.55757
                ],
                [
                    0.0,
                    0.0,
                    0.0
                ],
                [
                    104.192,
                    294.946,
                    0.360808
                ],
                [
                    121.816,
                    337.978,
                    0.338622
                ],
                [
                    0.0,
                    0.0,
                    0.0
                ],
                [
                    69.9394,
                    182.441,
                    0.842728
                ],
                [
                    0.0,
                    0.0,
                    0.0
                ],
                [
                    58.209,
                    191.24,
                    0.954439
                ],
                [
                    0.0,
                    0.0,
                    0.0
                ],
                [
                    0.0,
                    0.0,
                    0.0
                ],
                [
                    0.0,
                    0.0,
                    0.0
                ],
                [
                    0.0,
                    0.0,
                    0.0
                ],
                [
                    0.0,
                    0.0,
                    0.0
                ],
                [
                    0.0,
                    0.0,
                    0.0
                ],
                [
                    0.0,
                    0.0,
                    0.0
                ]
            ],
            "isKeyframe": false
        }
    ],
    "isKeyframe": false
}