{
    "filename": "images/1/002660.jpg",
    "height": 360,
    "width": 640,
    "annots": [
        {
            "bbox": [
                179.05190000000002,
                68.39179999999999,
                243.5771,
                239.75419999999997,
                0.7830024999999999
            ],
            "personID": 0,
            "keypoints": [
                [
                    202.021,
                    87.5631,
                    0.841565
                ],
                [
                    198.111,
                    103.214,
                    0.890138
                ],
                [
                    184.429,
                    107.121,
                    0.887197
                ],
                [
                    185.403,
                    136.433,
                    0.809106
                ],
                [
                    191.283,
                    152.102,
                    0.398954
                ],
                [
                    208.869,
                    97.321,
                    0.903464
                ],
                [
                    215.75,
                    119.848,
                    0.552421
                ],
                [
                    222.567,
                    144.266,
                    0.107951
                ],
                [
                    207.901,
                    151.144,
                    0.826698
                ],
                [
                    200.062,
                    153.071,
                    0.837504
                ],
                [
                    206.894,
                    185.374,
                    0.864348
                ],
                [
                    214.719,
                    215.703,
                    0.897123
                ],
                [
                    215.744,
                    148.206,
                    0.776268
                ],
                [
                    222.505,
                    179.516,
                    0.843131
                ],
                [
                    224.526,
                    207.911,
                    0.869325
                ],
                [
                    199.075,
                    83.6791,
                    0.898133
                ],
                [
                    204.921,
                    82.672,
                    0.857284
                ],
                [
                    191.213,
                    87.5735,
                    0.857662
                ],
                [
                    0.0,
                    0.0,
                    0.0
                ],
                [
                    238.165,
                    214.693,
                    0.817549
                ],
                [
                    238.2,
                    211.782,
                    0.809199
                ],
                [
                    223.503,
                    213.729,
                    0.817528
                ],
                [
                    222.531,
                    224.496,
                    0.857277
                ],
                [
                    215.707,
                    225.474,
                    0.830995
                ],
                [
                    214.738,
                    217.682,
                    0.74124
                ]
            ],
            "isKeyframe": false
        },
        {
            "bbox": [
                341.3554,
                46.16136,
                417.6946,
                249.27623999999997,
                0.6423603043478262
            ],
            "personID": 1,
            "keypoints": [
                [
                    0.0,
                    0.0,
                    0.0
                ],
                [
                    363.397,
                    90.4527,
                    0.929876
                ],
                [
                    379.062,
                    90.4523,
                    0.893588
                ],
                [
                    386.878,
                    126.702,
                    0.88184
                ],
                [
                    394.698,
                    153.152,
                    0.911974
                ],
                [
                    347.717,
                    89.5461,
                    0.892448
                ],
                [
                    347.767,
                    122.785,
                    0.567396
                ],
                [
                    356.588,
                    137.481,
                    0.126615
                ],
                [
                    368.294,
                    153.084,
                    0.720641
                ],
                [
                    379.063,
                    153.075,
                    0.761405
                ],
                [
                    394.741,
                    189.282,
                    0.848457
                ],
                [
                    395.72,
                    227.425,
                    0.851086
                ],
                [
                    356.591,
                    153.104,
                    0.745003
                ],
                [
                    359.506,
                    190.287,
                    0.828223
                ],
                [
                    355.605,
                    227.439,
                    0.604008
                ],
                [
                    381.0,
                    63.106,
                    0.119292
                ],
                [
                    0.0,
                    0.0,
                    0.0
                ],
                [
                    377.116,
                    65.0679,
                    0.872609
                ],
                [
                    361.453,
                    63.0876,
                    0.251913
                ],
                [
                    370.233,
                    231.346,
                    0.135925
                ],
                [
                    364.395,
                    224.522,
                    0.137316
                ],
                [
                    355.572,
                    232.35,
                    0.381076
                ],
                [
                    411.333,
                    227.437,
                    0.709796
                ],
                [
                    410.388,
                    230.335,
                    0.825672
                ],
                [
                    394.687,
                    231.342,
                    0.778128
                ]
            ],
            "isKeyframe": false
        },
        {
            "bbox": [
                430.0014,
                72.17609000000003,
                487.57259999999997,
                279.97781,
                0.7936570416666667
            ],
            "personID": 2,
            "keypoints": [
                [
                    441.627,
                    93.4185,
                    0.861324
                ],
                [
                    464.155,
                    119.801,
                    0.828308
                ],
                [
                    450.495,
                    114.024,
                    0.825907
                ],
                [
                    452.454,
                    146.278,
                    0.659812
                ],
                [
                    442.617,
                    167.765,
                    0.870484
                ],
                [
                    473.999,
                    121.759,
                    0.841518
                ],
                [
                    482.775,
                    155.082,
                    0.832178
                ],
                [
                    475.907,
                    189.294,
                    0.838259
                ],
                [
                    457.302,
                    183.452,
                    0.796615
                ],
                [
                    449.459,
                    182.452,
                    0.758917
                ],
                [
                    449.537,
                    220.586,
                    0.826079
                ],
                [
                    453.39,
                    254.86,
                    0.835498
                ],
                [
                    465.141,
                    184.433,
                    0.770741
                ],
                [
                    462.219,
                    222.59,
                    0.792127
                ],
                [
                    479.786,
                    246.032,
                    0.857425
                ],
                [
                    441.618,
                    89.4929,
                    0.159216
                ],
                [
                    443.615,
                    89.521,
                    0.888637
                ],
                [
                    0.0,
                    0.0,
                    0.0
                ],
                [
                    457.317,
                    90.5056,
                    0.914414
                ],
                [
                    471.978,
                    262.661,
                    0.886548
                ],
                [
                    475.907,
                    261.697,
                    0.834612
                ],
                [
                    481.762,
                    246.046,
                    0.757859
                ],
                [
                    434.799,
                    262.631,
                    0.8283
                ],
                [
                    435.796,
                    261.624,
                    0.745335
                ],
                [
                    458.264,
                    260.671,
                    0.837656
                ]
            ],
            "isKeyframe": false
        },
        {
            "bbox": [
                52.0028,
                166.5804,
                137.75719999999998,
                356.76360000000005,
                0.6418946153846155
            ],
            "personID": 3,
            "keypoints": [
                [
                    74.8803,
                    184.401,
                    0.872756
                ],
                [
                    66.0147,
                    223.523,
                    0.706166
                ],
                [
                    73.8324,
                    234.294,
                    0.714808
                ],
                [
                    112.013,
                    254.796,
                    0.837486
                ],
                [
                    101.26,
                    238.189,
                    0.648072
                ],
                [
                    59.1846,
                    209.834,
                    0.470326
                ],
                [
                    0.0,
                    0.0,
                    0.0
                ],
                [
                    0.0,
                    0.0,
                    0.0
                ],
                [
                    106.18,
                    294.932,
                    0.471244
                ],
                [
                    111.033,
                    294.954,
                    0.569292
                ],
                [
                    130.611,
                    340.915,
                    0.565296
                ],
                [
                    0.0,
                    0.0,
                    0.0
                ],
                [
                    104.17,
                    295.915,
                    0.361964
                ],
                [
                    121.805,
                    338.944,
                    0.360574
                ],
                [
                    0.0,
                    0.0,
                    0.0
                ],
                [
                    70.9377,
                    182.429,
                    0.817927
                ],
                [
                    0.0,
                    0.0,
                    0.0
                ],
                [
                    59.149,
                    191.236,
                    0.948719
                ],
                [
                    0.0,
                    0.0,
                    0.0
                ],
                [
                    0.0,
                    0.0,
                    0.0
                ],
                [
                    0.0,
                    0.0,
                    0.0
                ],
                [
                    0.0,
                    0.0,
                    0.0
                ],
                [
                    0.0,
                    0.0,
                    0.0
                ],
                [
                    0.0,
                    0.0,
                    0.0
                ],
                [
                    0.0,
                    0.0,
                    0.0
                ]
            ],
            "isKeyframe": false
        }
    ],
    "isKeyframe": false
}