{
    "filename": "images/1/002748.jpg",
    "height": 360,
    "width": 640,
    "annots": [
        {
            "bbox": [
                429.27630000000005,
                40.52742000000002,
                496.16069999999996,
                264.70878,
                0.7868782800000002
            ],
            "personID": 0,
            "keypoints": [
                [
                    472.004,
                    65.0568,
                    0.886118
                ],
                [
                    464.151,
                    83.6317,
                    0.887064
                ],
                [
                    447.513,
                    82.6809,
                    0.839424
                ],
                [
                    434.86,
                    113.023,
                    0.846581
                ],
                [
                    434.85,
                    138.42,
                    0.839132
                ],
                [
                    480.802,
                    83.6745,
                    0.883417
                ],
                [
                    485.687,
                    113.976,
                    0.836055
                ],
                [
                    490.587,
                    143.302,
                    0.862439
                ],
                [
                    459.287,
                    145.252,
                    0.777606
                ],
                [
                    450.473,
                    145.251,
                    0.778704
                ],
                [
                    458.342,
                    185.398,
                    0.803298
                ],
                [
                    471.971,
                    231.376,
                    0.823845
                ],
                [
                    469.068,
                    145.253,
                    0.748348
                ],
                [
                    461.226,
                    183.452,
                    0.783819
                ],
                [
                    448.493,
                    213.727,
                    0.822354
                ],
                [
                    466.145,
                    59.2092,
                    0.913487
                ],
                [
                    473.998,
                    59.2221,
                    0.910818
                ],
                [
                    458.323,
                    60.1786,
                    0.90365
                ],
                [
                    480.754,
                    62.1418,
                    0.301578
                ],
                [
                    458.338,
                    222.564,
                    0.661518
                ],
                [
                    459.277,
                    219.619,
                    0.67819
                ],
                [
                    441.69,
                    214.762,
                    0.786326
                ],
                [
                    477.845,
                    246.027,
                    0.71431
                ],
                [
                    472.931,
                    246.005,
                    0.709554
                ],
                [
                    471.988,
                    236.234,
                    0.674322
                ]
            ],
            "isKeyframe": false
        },
        {
            "bbox": [
                324.7144,
                86.1084,
                425.62960000000004,
                268.0236,
                0.7470458
            ],
            "personID": 1,
            "keypoints": [
                [
                    0.0,
                    0.0,
                    0.0
                ],
                [
                    379.028,
                    127.658,
                    0.904803
                ],
                [
                    395.683,
                    128.598,
                    0.893894
                ],
                [
                    404.501,
                    155.08,
                    0.843282
                ],
                [
                    401.578,
                    184.366,
                    0.896349
                ],
                [
                    359.517,
                    126.703,
                    0.803848
                ],
                [
                    339.965,
                    151.157,
                    0.871709
                ],
                [
                    333.124,
                    169.728,
                    0.832949
                ],
                [
                    372.195,
                    184.412,
                    0.860137
                ],
                [
                    385.885,
                    184.421,
                    0.788109
                ],
                [
                    404.506,
                    207.925,
                    0.862614
                ],
                [
                    404.49,
                    247.01,
                    0.867567
                ],
                [
                    359.508,
                    184.396,
                    0.763647
                ],
                [
                    363.407,
                    201.052,
                    0.257642
                ],
                [
                    352.66,
                    229.384,
                    0.0666772
                ],
                [
                    0.0,
                    0.0,
                    0.0
                ],
                [
                    0.0,
                    0.0,
                    0.0
                ],
                [
                    387.88,
                    101.268,
                    0.601156
                ],
                [
                    370.233,
                    103.199,
                    0.836226
                ],
                [
                    0.0,
                    0.0,
                    0.0
                ],
                [
                    0.0,
                    0.0,
                    0.0
                ],
                [
                    0.0,
                    0.0,
                    0.0
                ],
                [
                    417.22,
                    247.969,
                    0.712532
                ],
                [
                    417.188,
                    250.908,
                    0.759639
                ],
                [
                    402.532,
                    252.864,
                    0.77109
                ]
            ],
            "isKeyframe": false
        },
        {
            "bbox": [
                185.48559999999998,
                65.16190000000002,
                243.00639999999999,
                240.08710000000002,
                0.762603375
            ],
            "personID": 2,
            "keypoints": [
                [
                    207.847,
                    82.6685,
                    0.938776
                ],
                [
                    199.11,
                    101.259,
                    0.88694
                ],
                [
                    190.279,
                    105.211,
                    0.881186
                ],
                [
                    191.223,
                    135.471,
                    0.863013
                ],
                [
                    198.062,
                    153.138,
                    0.798012
                ],
                [
                    207.927,
                    97.3482,
                    0.911244
                ],
                [
                    215.689,
                    121.805,
                    0.248981
                ],
                [
                    225.48,
                    140.394,
                    0.144926
                ],
                [
                    212.764,
                    151.114,
                    0.760066
                ],
                [
                    206.883,
                    152.117,
                    0.808097
                ],
                [
                    210.821,
                    184.427,
                    0.828032
                ],
                [
                    214.719,
                    218.631,
                    0.84871
                ],
                [
                    217.656,
                    147.242,
                    0.718374
                ],
                [
                    222.519,
                    182.432,
                    0.826566
                ],
                [
                    224.489,
                    209.847,
                    0.842877
                ],
                [
                    204.93,
                    81.644,
                    0.878352
                ],
                [
                    207.873,
                    79.739,
                    0.535913
                ],
                [
                    193.245,
                    82.6416,
                    0.895451
                ],
                [
                    0.0,
                    0.0,
                    0.0
                ],
                [
                    238.213,
                    213.764,
                    0.797992
                ],
                [
                    238.168,
                    211.781,
                    0.713997
                ],
                [
                    222.576,
                    214.714,
                    0.808045
                ],
                [
                    223.502,
                    224.491,
                    0.820772
                ],
                [
                    217.649,
                    225.51,
                    0.756445
                ],
                [
                    213.723,
                    222.509,
                    0.789714
                ]
            ],
            "isKeyframe": false
        },
        {
            "bbox": [
                51.03315,
                165.62670000000003,
                136.81334999999999,
                355.7943,
                0.6155697428571428
            ],
            "personID": 3,
            "keypoints": [
                [
                    74.8601,
                    183.455,
                    0.899561
                ],
                [
                    66.9792,
                    222.555,
                    0.758212
                ],
                [
                    67.9832,
                    231.348,
                    0.759117
                ],
                [
                    110.047,
                    253.885,
                    0.828699
                ],
                [
                    97.3748,
                    235.264,
                    0.678631
                ],
                [
                    66.9872,
                    212.771,
                    0.569578
                ],
                [
                    89.4955,
                    248.959,
                    0.0517984
                ],
                [
                    0.0,
                    0.0,
                    0.0
                ],
                [
                    106.15,
                    292.978,
                    0.459539
                ],
                [
                    108.093,
                    292.999,
                    0.576848
                ],
                [
                    129.665,
                    339.947,
                    0.583836
                ],
                [
                    0.0,
                    0.0,
                    0.0
                ],
                [
                    104.186,
                    292.988,
                    0.337595
                ],
                [
                    121.783,
                    336.029,
                    0.356099
                ],
                [
                    0.0,
                    0.0,
                    0.0
                ],
                [
                    69.9348,
                    181.474,
                    0.818535
                ],
                [
                    0.0,
                    0.0,
                    0.0
                ],
                [
                    58.1815,
                    191.219,
                    0.939928
                ],
                [
                    0.0,
                    0.0,
                    0.0
                ],
                [
                    0.0,
                    0.0,
                    0.0
                ],
                [
                    0.0,
                    0.0,
                    0.0
                ],
                [
                    0.0,
                    0.0,
                    0.0
                ],
                [
                    0.0,
                    0.0,
                    0.0
                ],
                [
                    0.0,
                    0.0,
                    0.0
                ],
                [
                    0.0,
                    0.0,
                    0.0
                ]
            ],
            "isKeyframe": false
        }
    ],
    "isKeyframe": false
}