{
    "filename": "images/1/002712.jpg",
    "height": 360,
    "width": 640,
    "annots": [
        {
            "bbox": [
                177.94639999999998,
                69.57682,
                243.64159999999998,
                238.62538,
                0.8078815416666667
            ],
            "personID": 0,
            "keypoints": [
                [
                    200.084,
                    89.4779,
                    0.921863
                ],
                [
                    193.244,
                    105.152,
                    0.907128
                ],
                [
                    183.421,
                    111.993,
                    0.887817
                ],
                [
                    184.384,
                    137.491,
                    0.897248
                ],
                [
                    192.223,
                    158.952,
                    0.673149
                ],
                [
                    206.876,
                    98.2793,
                    0.943675
                ],
                [
                    214.732,
                    120.774,
                    0.690921
                ],
                [
                    225.483,
                    128.65,
                    0.176668
                ],
                [
                    207.837,
                    152.153,
                    0.841687
                ],
                [
                    199.116,
                    154.099,
                    0.824617
                ],
                [
                    204.959,
                    185.398,
                    0.827518
                ],
                [
                    214.676,
                    215.736,
                    0.89074
                ],
                [
                    215.68,
                    151.114,
                    0.793415
                ],
                [
                    222.499,
                    182.407,
                    0.850755
                ],
                [
                    223.58,
                    208.88,
                    0.869968
                ],
                [
                    198.065,
                    86.5829,
                    0.837696
                ],
                [
                    201.036,
                    83.6642,
                    0.847332
                ],
                [
                    188.32,
                    89.4887,
                    0.866482
                ],
                [
                    0.0,
                    0.0,
                    0.0
                ],
                [
                    238.167,
                    214.691,
                    0.78299
                ],
                [
                    238.156,
                    211.789,
                    0.765344
                ],
                [
                    222.581,
                    214.685,
                    0.829958
                ],
                [
                    222.542,
                    223.555,
                    0.875161
                ],
                [
                    215.729,
                    224.538,
                    0.83636
                ],
                [
                    214.688,
                    218.651,
                    0.750665
                ]
            ],
            "isKeyframe": false
        },
        {
            "bbox": [
                386.19809999999995,
                80.71336999999998,
                453.1209,
                280.26533,
                0.729362043478261
            ],
            "personID": 1,
            "keypoints": [
                [
                    395.74,
                    99.3146,
                    0.251295
                ],
                [
                    425.989,
                    120.796,
                    0.868505
                ],
                [
                    438.726,
                    113.957,
                    0.866573
                ],
                [
                    446.57,
                    141.349,
                    0.675197
                ],
                [
                    447.544,
                    168.739,
                    0.62328
                ],
                [
                    411.338,
                    127.674,
                    0.828065
                ],
                [
                    403.514,
                    160.966,
                    0.904165
                ],
                [
                    391.775,
                    183.427,
                    0.874818
                ],
                [
                    426.968,
                    183.441,
                    0.741444
                ],
                [
                    436.79,
                    180.495,
                    0.635912
                ],
                [
                    425.02,
                    214.681,
                    0.821063
                ],
                [
                    426.959,
                    247.005,
                    0.833874
                ],
                [
                    417.222,
                    186.355,
                    0.691987
                ],
                [
                    410.379,
                    223.501,
                    0.877524
                ],
                [
                    435.827,
                    253.833,
                    0.819395
                ],
                [
                    0.0,
                    0.0,
                    0.0
                ],
                [
                    396.682,
                    97.3427,
                    0.487152
                ],
                [
                    0.0,
                    0.0,
                    0.0
                ],
                [
                    404.48,
                    97.3722,
                    0.895819
                ],
                [
                    425.014,
                    261.7,
                    0.721257
                ],
                [
                    427.971,
                    263.636,
                    0.714825
                ],
                [
                    442.656,
                    254.849,
                    0.774061
                ],
                [
                    415.262,
                    250.909,
                    0.715948
                ],
                [
                    417.227,
                    248.003,
                    0.691931
                ],
                [
                    427.042,
                    251.873,
                    0.461237
                ]
            ],
            "isKeyframe": false
        },
        {
            "bbox": [
                423.6355,
                54.92403,
                451.8415,
                118.25126999999999,
                0.6014379999999999
            ],
            "personID": 2,
            "keypoints": [
                [
                    448.511,
                    66.084,
                    0.874335
                ],
                [
                    428.943,
                    82.6292,
                    0.520944
                ],
                [
                    425.986,
                    82.6951,
                    0.780633
                ],
                [
                    426.001,
                    112.974,
                    0.131891
                ],
                [
                    0.0,
                    0.0,
                    0.0
                ],
                [
                    434.805,
                    81.659,
                    0.435906
                ],
                [
                    0.0,
                    0.0,
                    0.0
                ],
                [
                    0.0,
                    0.0,
                    0.0
                ],
                [
                    0.0,
                    0.0,
                    0.0
                ],
                [
                    0.0,
                    0.0,
                    0.0
                ],
                [
                    0.0,
                    0.0,
                    0.0
                ],
                [
                    0.0,
                    0.0,
                    0.0
                ],
                [
                    0.0,
                    0.0,
                    0.0
                ],
                [
                    0.0,
                    0.0,
                    0.0
                ],
                [
                    0.0,
                    0.0,
                    0.0
                ],
                [
                    443.632,
                    62.1449,
                    0.82826
                ],
                [
                    449.491,
                    61.1595,
                    0.377437
                ],
                [
                    433.807,
                    60.2013,
                    0.862098
                ],
                [
                    0.0,
                    0.0,
                    0.0
                ],
                [
                    0.0,
                    0.0,
                    0.0
                ],
                [
                    0.0,
                    0.0,
                    0.0
                ],
                [
                    0.0,
                    0.0,
                    0.0
                ],
                [
                    0.0,
                    0.0,
                    0.0
                ],
                [
                    0.0,
                    0.0,
                    0.0
                ],
                [
                    0.0,
                    0.0,
                    0.0
                ]
            ],
            "isKeyframe": false
        },
        {
            "bbox": [
                51.01581,
                166.5557,
                136.81929000000002,
                356.7953,
                0.6597603076923076
            ],
            "personID": 3,
            "keypoints": [
                [
                    74.8288,
                    183.467,
                    0.903991
                ],
                [
                    66.9956,
                    222.571,
                    0.759617
                ],
                [
                    68.0031,
                    232.319,
                    0.750117
                ],
                [
                    110.068,
                    253.883,
                    0.846162
                ],
                [
                    97.3455,
                    232.358,
                    0.699414
                ],
                [
                    66.0489,
                    210.816,
                    0.542248
                ],
                [
                    0.0,
                    0.0,
                    0.0
                ],
                [
                    0.0,
                    0.0,
                    0.0
                ],
                [
                    107.128,
                    292.996,
                    0.452094
                ],
                [
                    109.068,
                    293.969,
                    0.582478
                ],
                [
                    129.669,
                    340.942,
                    0.578353
                ],
                [
                    0.0,
                    0.0,
                    0.0
                ],
                [
                    106.14,
                    292.993,
                    0.326604
                ],
                [
                    121.827,
                    338.955,
                    0.356049
                ],
                [
                    0.0,
                    0.0,
                    0.0
                ],
                [
                    68.0351,
                    182.409,
                    0.838585
                ],
                [
                    0.0,
                    0.0,
                    0.0
                ],
                [
                    58.1661,
                    191.254,
                    0.941172
                ],
                [
                    0.0,
                    0.0,
                    0.0
                ],
                [
                    0.0,
                    0.0,
                    0.0
                ],
                [
                    0.0,
                    0.0,
                    0.0
                ],
                [
                    0.0,
                    0.0,
                    0.0
                ],
                [
                    0.0,
                    0.0,
                    0.0
                ],
                [
                    0.0,
                    0.0,
                    0.0
                ],
                [
                    0.0,
                    0.0,
                    0.0
                ]
            ],
            "isKeyframe": false
        }
    ],
    "isKeyframe": false
}