{
    "filename": "images/1/002764.jpg",
    "height": 360,
    "width": 640,
    "annots": [
        {
            "bbox": [
                188.71529999999998,
                64.66416999999998,
                242.69969999999998,
                233.71453,
                0.7035228136363636
            ],
            "personID": 0,
            "keypoints": [
                [
                    211.789,
                    81.6689,
                    0.86552
                ],
                [
                    200.087,
                    100.283,
                    0.883114
                ],
                [
                    193.228,
                    105.172,
                    0.903731
                ],
                [
                    193.214,
                    132.567,
                    0.849695
                ],
                [
                    200.026,
                    152.146,
                    0.897229
                ],
                [
                    207.874,
                    97.3282,
                    0.874431
                ],
                [
                    215.708,
                    120.792,
                    0.0929429
                ],
                [
                    0.0,
                    0.0,
                    0.0
                ],
                [
                    214.749,
                    148.217,
                    0.768927
                ],
                [
                    210.829,
                    151.13,
                    0.739465
                ],
                [
                    219.629,
                    184.386,
                    0.817135
                ],
                [
                    222.525,
                    214.722,
                    0.801718
                ],
                [
                    218.65,
                    146.245,
                    0.678715
                ],
                [
                    219.607,
                    183.414,
                    0.741309
                ],
                [
                    221.544,
                    212.759,
                    0.677763
                ],
                [
                    207.911,
                    78.7517,
                    0.87553
                ],
                [
                    0.0,
                    0.0,
                    0.0
                ],
                [
                    200.097,
                    81.6877,
                    0.932858
                ],
                [
                    0.0,
                    0.0,
                    0.0
                ],
                [
                    238.201,
                    211.799,
                    0.442774
                ],
                [
                    236.236,
                    209.837,
                    0.361349
                ],
                [
                    215.694,
                    216.682,
                    0.396664
                ],
                [
                    236.245,
                    213.758,
                    0.622909
                ],
                [
                    231.376,
                    215.75,
                    0.602868
                ],
                [
                    218.649,
                    219.627,
                    0.650855
                ]
            ],
            "isKeyframe": false
        },
        {
            "bbox": [
                444.6895,
                48.87415,
                502.2715,
                266.07835,
                0.8168651200000001
            ],
            "personID": 1,
            "keypoints": [
                [
                    474.937,
                    71.9002,
                    0.834394
                ],
                [
                    473.014,
                    89.5574,
                    0.955475
                ],
                [
                    456.35,
                    90.529,
                    0.876727
                ],
                [
                    449.488,
                    123.75,
                    0.858652
                ],
                [
                    449.515,
                    152.143,
                    0.926029
                ],
                [
                    490.571,
                    89.4667,
                    0.880466
                ],
                [
                    495.485,
                    118.844,
                    0.821607
                ],
                [
                    497.473,
                    145.318,
                    0.850113
                ],
                [
                    473.953,
                    148.207,
                    0.763752
                ],
                [
                    465.146,
                    149.184,
                    0.738908
                ],
                [
                    470.048,
                    193.213,
                    0.792636
                ],
                [
                    474.954,
                    234.307,
                    0.806419
                ],
                [
                    482.774,
                    147.231,
                    0.715928
                ],
                [
                    485.671,
                    186.358,
                    0.797718
                ],
                [
                    456.336,
                    205.941,
                    0.835878
                ],
                [
                    471.956,
                    67.0155,
                    0.864716
                ],
                [
                    479.832,
                    66.9745,
                    0.881044
                ],
                [
                    465.142,
                    67.983,
                    0.863946
                ],
                [
                    484.698,
                    67.0195,
                    0.628036
                ],
                [
                    462.227,
                    222.57,
                    0.743258
                ],
                [
                    465.099,
                    220.594,
                    0.792035
                ],
                [
                    449.515,
                    205.906,
                    0.777032
                ],
                [
                    481.773,
                    247.978,
                    0.819184
                ],
                [
                    473.995,
                    247.04,
                    0.846058
                ],
                [
                    475.906,
                    238.212,
                    0.751617
                ]
            ],
            "isKeyframe": false
        },
        {
            "bbox": [
                51.05380999999999,
                165.61169999999998,
                136.80929,
                355.7553,
                0.6562066153846153
            ],
            "personID": 2,
            "keypoints": [
                [
                    74.8665,
                    183.449,
                    0.897283
                ],
                [
                    66.0721,
                    222.541,
                    0.750399
                ],
                [
                    68.0014,
                    231.356,
                    0.753549
                ],
                [
                    110.048,
                    253.896,
                    0.83195
                ],
                [
                    98.3012,
                    235.254,
                    0.664022
                ],
                [
                    66.0378,
                    211.782,
                    0.550312
                ],
                [
                    0.0,
                    0.0,
                    0.0
                ],
                [
                    0.0,
                    0.0,
                    0.0
                ],
                [
                    106.125,
                    292.971,
                    0.470036
                ],
                [
                    107.154,
                    292.974,
                    0.577745
                ],
                [
                    129.663,
                    339.91,
                    0.575226
                ],
                [
                    0.0,
                    0.0,
                    0.0
                ],
                [
                    103.2,
                    292.985,
                    0.346933
                ],
                [
                    120.842,
                    334.076,
                    0.362488
                ],
                [
                    0.0,
                    0.0,
                    0.0
                ],
                [
                    69.9609,
                    181.457,
                    0.813025
                ],
                [
                    0.0,
                    0.0,
                    0.0
                ],
                [
                    58.2001,
                    191.203,
                    0.937718
                ],
                [
                    0.0,
                    0.0,
                    0.0
                ],
                [
                    0.0,
                    0.0,
                    0.0
                ],
                [
                    0.0,
                    0.0,
                    0.0
                ],
                [
                    0.0,
                    0.0,
                    0.0
                ],
                [
                    0.0,
                    0.0,
                    0.0
                ],
                [
                    0.0,
                    0.0,
                    0.0
                ],
                [
                    0.0,
                    0.0,
                    0.0
                ]
            ],
            "isKeyframe": false
        },
        {
            "bbox": [
                312.8419,
                107.87620000000001,
                426.7111,
                262.8538,
                0.6501035499999999
            ],
            "personID": 3,
            "keypoints": [
                [
                    0.0,
                    0.0,
                    0.0
                ],
                [
                    362.4,
                    144.339,
                    0.901149
                ],
                [
                    379.062,
                    146.249,
                    0.865471
                ],
                [
                    379.092,
                    169.768,
                    0.848503
                ],
                [
                    372.265,
                    196.123,
                    0.794385
                ],
                [
                    341.923,
                    143.301,
                    0.831794
                ],
                [
                    324.233,
                    160.907,
                    0.795611
                ],
                [
                    322.331,
                    177.557,
                    0.0567715
                ],
                [
                    351.684,
                    200.024,
                    0.748018
                ],
                [
                    363.392,
                    200.072,
                    0.740219
                ],
                [
                    395.745,
                    202.995,
                    0.812254
                ],
                [
                    401.565,
                    245.996,
                    0.858961
                ],
                [
                    340.922,
                    199.062,
                    0.743085
                ],
                [
                    359.497,
                    207.903,
                    0.0664825
                ],
                [
                    346.778,
                    239.16,
                    0.138548
                ],
                [
                    0.0,
                    0.0,
                    0.0
                ],
                [
                    0.0,
                    0.0,
                    0.0
                ],
                [
                    377.123,
                    122.758,
                    0.724675
                ],
                [
                    357.565,
                    120.791,
                    0.691095
                ],
                [
                    0.0,
                    0.0,
                    0.0
                ],
                [
                    0.0,
                    0.0,
                    0.0
                ],
                [
                    344.83,
                    241.137,
                    0.12182
                ],
                [
                    417.222,
                    247.02,
                    0.743201
                ],
                [
                    412.334,
                    249.939,
                    0.761085
                ],
                [
                    396.657,
                    248.983,
                    0.758943
                ]
            ],
            "isKeyframe": false
        }
    ],
    "isKeyframe": false
}