{
    "filename": "images/1/002768.jpg",
    "height": 360,
    "width": 640,
    "annots": [
        {
            "bbox": [
                445.66670000000005,
                49.97671000000001,
                503.22229999999996,
                265.98139,
                0.8082838799999998
            ],
            "personID": 0,
            "keypoints": [
                [
                    476.901,
                    73.8413,
                    0.873875
                ],
                [
                    473.986,
                    90.4618,
                    0.940216
                ],
                [
                    457.306,
                    90.5431,
                    0.895686
                ],
                [
                    450.463,
                    124.73,
                    0.872574
                ],
                [
                    451.447,
                    153.151,
                    0.889238
                ],
                [
                    492.531,
                    89.486,
                    0.854351
                ],
                [
                    496.479,
                    118.867,
                    0.847488
                ],
                [
                    498.426,
                    146.248,
                    0.854495
                ],
                [
                    474.961,
                    151.15,
                    0.747698
                ],
                [
                    465.165,
                    152.12,
                    0.75804
                ],
                [
                    471.953,
                    199.035,
                    0.815368
                ],
                [
                    474.963,
                    235.281,
                    0.810271
                ],
                [
                    487.649,
                    151.116,
                    0.736005
                ],
                [
                    489.627,
                    191.232,
                    0.87298
                ],
                [
                    460.271,
                    205.923,
                    0.793547
                ],
                [
                    472.957,
                    68.0268,
                    0.870241
                ],
                [
                    480.821,
                    67.9771,
                    0.900208
                ],
                [
                    466.095,
                    68.0336,
                    0.871354
                ],
                [
                    486.653,
                    67.9792,
                    0.556135
                ],
                [
                    464.141,
                    221.583,
                    0.593536
                ],
                [
                    465.153,
                    220.582,
                    0.670058
                ],
                [
                    456.318,
                    203.004,
                    0.747384
                ],
                [
                    480.837,
                    247.981,
                    0.828445
                ],
                [
                    473.974,
                    247.04,
                    0.854988
                ],
                [
                    476.899,
                    238.207,
                    0.752916
                ]
            ],
            "isKeyframe": false
        },
        {
            "bbox": [
                188.7244,
                64.57016999999999,
                242.73160000000001,
                234.76053,
                0.6986650909090909
            ],
            "personID": 1,
            "keypoints": [
                [
                    210.808,
                    81.6574,
                    0.867647
                ],
                [
                    200.096,
                    100.272,
                    0.88009
                ],
                [
                    194.194,
                    105.161,
                    0.883159
                ],
                [
                    193.225,
                    132.564,
                    0.842861
                ],
                [
                    199.094,
                    153.068,
                    0.900643
                ],
                [
                    207.859,
                    97.3155,
                    0.869892
                ],
                [
                    215.684,
                    121.768,
                    0.117146
                ],
                [
                    0.0,
                    0.0,
                    0.0
                ],
                [
                    214.721,
                    148.194,
                    0.76183
                ],
                [
                    210.821,
                    151.112,
                    0.731256
                ],
                [
                    220.58,
                    183.457,
                    0.814154
                ],
                [
                    222.595,
                    214.72,
                    0.809875
                ],
                [
                    217.644,
                    145.312,
                    0.678699
                ],
                [
                    219.627,
                    183.391,
                    0.694569
                ],
                [
                    222.548,
                    210.819,
                    0.672308
                ],
                [
                    207.877,
                    78.7527,
                    0.875557
                ],
                [
                    0.0,
                    0.0,
                    0.0
                ],
                [
                    200.064,
                    81.6872,
                    0.930504
                ],
                [
                    0.0,
                    0.0,
                    0.0
                ],
                [
                    238.231,
                    212.761,
                    0.433126
                ],
                [
                    237.22,
                    209.857,
                    0.368483
                ],
                [
                    216.719,
                    216.675,
                    0.333699
                ],
                [
                    236.254,
                    213.748,
                    0.615928
                ],
                [
                    232.322,
                    215.717,
                    0.603932
                ],
                [
                    221.574,
                    220.578,
                    0.685274
                ]
            ],
            "isKeyframe": false
        },
        {
            "bbox": [
                51.05133000000001,
                165.7032,
                136.80297000000002,
                354.67679999999996,
                0.6568163846153846
            ],
            "personID": 2,
            "keypoints": [
                [
                    74.8749,
                    183.448,
                    0.900917
                ],
                [
                    66.0717,
                    222.54,
                    0.751907
                ],
                [
                    68.0001,
                    231.353,
                    0.754857
                ],
                [
                    110.04,
                    253.894,
                    0.829743
                ],
                [
                    98.3005,
                    235.258,
                    0.664269
                ],
                [
                    66.041,
                    211.782,
                    0.553687
                ],
                [
                    0.0,
                    0.0,
                    0.0
                ],
                [
                    0.0,
                    0.0,
                    0.0
                ],
                [
                    106.117,
                    292.955,
                    0.470459
                ],
                [
                    107.145,
                    292.957,
                    0.579213
                ],
                [
                    129.657,
                    338.929,
                    0.565785
                ],
                [
                    0.0,
                    0.0,
                    0.0
                ],
                [
                    102.243,
                    292.966,
                    0.348083
                ],
                [
                    120.826,
                    333.099,
                    0.368286
                ],
                [
                    0.0,
                    0.0,
                    0.0
                ],
                [
                    70.9123,
                    181.451,
                    0.816311
                ],
                [
                    0.0,
                    0.0,
                    0.0
                ],
                [
                    58.1973,
                    191.201,
                    0.935096
                ],
                [
                    0.0,
                    0.0,
                    0.0
                ],
                [
                    0.0,
                    0.0,
                    0.0
                ],
                [
                    0.0,
                    0.0,
                    0.0
                ],
                [
                    0.0,
                    0.0,
                    0.0
                ],
                [
                    0.0,
                    0.0,
                    0.0
                ],
                [
                    0.0,
                    0.0,
                    0.0
                ],
                [
                    0.0,
                    0.0,
                    0.0
                ]
            ],
            "isKeyframe": false
        },
        {
            "bbox": [
                307.522,
                115.4231,
                426.094,
                262.1699,
                0.6852018888888889
            ],
            "personID": 3,
            "keypoints": [
                [
                    0.0,
                    0.0,
                    0.0
                ],
                [
                    356.613,
                    150.158,
                    0.857131
                ],
                [
                    375.155,
                    152.118,
                    0.851071
                ],
                [
                    377.089,
                    175.635,
                    0.844544
                ],
                [
                    372.203,
                    200.049,
                    0.902737
                ],
                [
                    339.961,
                    145.319,
                    0.883473
                ],
                [
                    317.403,
                    165.802,
                    0.7528
                ],
                [
                    0.0,
                    0.0,
                    0.0
                ],
                [
                    348.722,
                    202.003,
                    0.691595
                ],
                [
                    359.486,
                    202.998,
                    0.618141
                ],
                [
                    395.672,
                    204.926,
                    0.755112
                ],
                [
                    400.59,
                    246.029,
                    0.790448
                ],
                [
                    338.944,
                    200.059,
                    0.666133
                ],
                [
                    382.001,
                    208.852,
                    0.104253
                ],
                [
                    343.854,
                    241.145,
                    0.117932
                ],
                [
                    0.0,
                    0.0,
                    0.0
                ],
                [
                    0.0,
                    0.0,
                    0.0
                ],
                [
                    373.191,
                    128.652,
                    0.723738
                ],
                [
                    355.581,
                    127.652,
                    0.698019
                ],
                [
                    0.0,
                    0.0,
                    0.0
                ],
                [
                    0.0,
                    0.0,
                    0.0
                ],
                [
                    0.0,
                    0.0,
                    0.0
                ],
                [
                    416.213,
                    247.016,
                    0.676447
                ],
                [
                    411.373,
                    249.929,
                    0.702768
                ],
                [
                    395.714,
                    249.941,
                    0.697292
                ]
            ],
            "isKeyframe": false
        }
    ],
    "isKeyframe": false
}