{
    "filename": "images/1/002746.jpg",
    "height": 360,
    "width": 640,
    "annots": [
        {
            "bbox": [
                429.2932,
                41.08762,
                495.1108,
                258.28258,
                0.77058824
            ],
            "personID": 0,
            "keypoints": [
                [
                    472.009,
                    65.0303,
                    0.872165
                ],
                [
                    462.223,
                    82.6852,
                    0.877669
                ],
                [
                    444.6,
                    81.7159,
                    0.84429
                ],
                [
                    434.797,
                    113.0,
                    0.823909
                ],
                [
                    434.778,
                    138.429,
                    0.789008
                ],
                [
                    479.824,
                    83.6716,
                    0.853662
                ],
                [
                    482.753,
                    113.939,
                    0.871578
                ],
                [
                    489.626,
                    143.289,
                    0.878998
                ],
                [
                    458.318,
                    144.262,
                    0.777769
                ],
                [
                    449.503,
                    144.262,
                    0.75244
                ],
                [
                    458.293,
                    184.374,
                    0.820525
                ],
                [
                    466.164,
                    229.412,
                    0.835198
                ],
                [
                    467.134,
                    144.262,
                    0.742324
                ],
                [
                    459.289,
                    182.443,
                    0.767673
                ],
                [
                    448.48,
                    210.827,
                    0.795655
                ],
                [
                    466.161,
                    59.1872,
                    0.906636
                ],
                [
                    473.993,
                    59.2078,
                    0.923598
                ],
                [
                    458.313,
                    59.2265,
                    0.938318
                ],
                [
                    479.835,
                    62.1239,
                    0.218535
                ],
                [
                    456.323,
                    222.545,
                    0.420483
                ],
                [
                    457.311,
                    219.618,
                    0.487679
                ],
                [
                    441.67,
                    214.7,
                    0.741104
                ],
                [
                    473.965,
                    240.183,
                    0.786297
                ],
                [
                    467.095,
                    240.166,
                    0.805795
                ],
                [
                    467.087,
                    231.387,
                    0.733398
                ]
            ],
            "isKeyframe": false
        },
        {
            "bbox": [
                185.43789999999998,
                66.22201000000001,
                243.0151,
                239.99509,
                0.7590717916666668
            ],
            "personID": 1,
            "keypoints": [
                [
                    207.867,
                    82.6987,
                    0.962718
                ],
                [
                    199.093,
                    101.26,
                    0.889009
                ],
                [
                    190.236,
                    106.129,
                    0.872213
                ],
                [
                    190.281,
                    135.503,
                    0.85998
                ],
                [
                    197.126,
                    153.139,
                    0.799648
                ],
                [
                    207.926,
                    97.3141,
                    0.909616
                ],
                [
                    214.733,
                    121.792,
                    0.242753
                ],
                [
                    224.498,
                    142.331,
                    0.124793
                ],
                [
                    212.755,
                    151.119,
                    0.761393
                ],
                [
                    206.867,
                    152.125,
                    0.80563
                ],
                [
                    208.882,
                    185.361,
                    0.841983
                ],
                [
                    214.709,
                    218.623,
                    0.841591
                ],
                [
                    217.648,
                    147.249,
                    0.72042
                ],
                [
                    222.508,
                    182.463,
                    0.83038
                ],
                [
                    224.493,
                    209.829,
                    0.841835
                ],
                [
                    205.896,
                    81.6801,
                    0.928081
                ],
                [
                    207.896,
                    80.7031,
                    0.453579
                ],
                [
                    194.184,
                    82.6689,
                    0.889827
                ],
                [
                    0.0,
                    0.0,
                    0.0
                ],
                [
                    238.217,
                    213.744,
                    0.783379
                ],
                [
                    238.174,
                    210.821,
                    0.71138
                ],
                [
                    222.581,
                    214.707,
                    0.804842
                ],
                [
                    222.587,
                    224.502,
                    0.809051
                ],
                [
                    216.707,
                    225.514,
                    0.756237
                ],
                [
                    213.737,
                    221.59,
                    0.777385
                ]
            ],
            "isKeyframe": false
        },
        {
            "bbox": [
                326.84409999999997,
                82.82692999999999,
                425.44689999999997,
                269.38336999999996,
                0.7438457052631579
            ],
            "personID": 2,
            "keypoints": [
                [
                    0.0,
                    0.0,
                    0.0
                ],
                [
                    380.066,
                    125.719,
                    0.87845
                ],
                [
                    399.594,
                    126.702,
                    0.806424
                ],
                [
                    410.333,
                    154.088,
                    0.894338
                ],
                [
                    404.498,
                    182.409,
                    0.829974
                ],
                [
                    363.403,
                    124.73,
                    0.839474
                ],
                [
                    341.9,
                    151.154,
                    0.850584
                ],
                [
                    335.061,
                    170.71,
                    0.788243
                ],
                [
                    379.008,
                    183.459,
                    0.84611
                ],
                [
                    388.873,
                    184.376,
                    0.804965
                ],
                [
                    405.484,
                    209.844,
                    0.793358
                ],
                [
                    405.492,
                    247.97,
                    0.820929
                ],
                [
                    364.419,
                    183.445,
                    0.813227
                ],
                [
                    363.401,
                    200.068,
                    0.357324
                ],
                [
                    356.605,
                    230.388,
                    0.0958544
                ],
                [
                    0.0,
                    0.0,
                    0.0
                ],
                [
                    0.0,
                    0.0,
                    0.0
                ],
                [
                    388.863,
                    98.3733,
                    0.608051
                ],
                [
                    371.213,
                    101.27,
                    0.87195
                ],
                [
                    0.0,
                    0.0,
                    0.0
                ],
                [
                    0.0,
                    0.0,
                    0.0
                ],
                [
                    0.0,
                    0.0,
                    0.0
                ],
                [
                    417.228,
                    247.988,
                    0.693931
                ],
                [
                    417.23,
                    250.93,
                    0.767322
                ],
                [
                    403.515,
                    253.837,
                    0.77256
                ]
            ],
            "isKeyframe": false
        },
        {
            "bbox": [
                51.03052000000001,
                165.6322,
                136.81468,
                355.79380000000003,
                0.6169267928571429
            ],
            "personID": 3,
            "keypoints": [
                [
                    74.8489,
                    183.463,
                    0.902824
                ],
                [
                    66.0749,
                    222.566,
                    0.754343
                ],
                [
                    67.9945,
                    231.374,
                    0.752733
                ],
                [
                    110.06,
                    253.896,
                    0.833592
                ],
                [
                    98.2924,
                    235.284,
                    0.691601
                ],
                [
                    66.0445,
                    211.802,
                    0.556298
                ],
                [
                    88.545,
                    248.973,
                    0.0519171
                ],
                [
                    0.0,
                    0.0,
                    0.0
                ],
                [
                    106.143,
                    292.98,
                    0.467483
                ],
                [
                    108.094,
                    292.997,
                    0.578626
                ],
                [
                    129.666,
                    339.947,
                    0.584579
                ],
                [
                    0.0,
                    0.0,
                    0.0
                ],
                [
                    103.225,
                    292.992,
                    0.342958
                ],
                [
                    121.779,
                    336.021,
                    0.359325
                ],
                [
                    0.0,
                    0.0,
                    0.0
                ],
                [
                    68.994,
                    181.479,
                    0.821258
                ],
                [
                    0.0,
                    0.0,
                    0.0
                ],
                [
                    58.1792,
                    191.223,
                    0.939438
                ],
                [
                    0.0,
                    0.0,
                    0.0
                ],
                [
                    0.0,
                    0.0,
                    0.0
                ],
                [
                    0.0,
                    0.0,
                    0.0
                ],
                [
                    0.0,
                    0.0,
                    0.0
                ],
                [
                    0.0,
                    0.0,
                    0.0
                ],
                [
                    0.0,
                    0.0,
                    0.0
                ],
                [
                    0.0,
                    0.0,
                    0.0
                ]
            ],
            "isKeyframe": false
        }
    ],
    "isKeyframe": false
}