{
    "filename": "images/1/002727.jpg",
    "height": 360,
    "width": 640,
    "annots": [
        {
            "bbox": [
                178.9941,
                68.15140000000001,
                243.56489999999997,
                241.91859999999997,
                0.7847054166666667
            ],
            "personID": 0,
            "keypoints": [
                [
                    203.963,
                    85.602,
                    0.84232
                ],
                [
                    195.176,
                    105.124,
                    0.889716
                ],
                [
                    184.375,
                    110.067,
                    0.866533
                ],
                [
                    184.456,
                    137.476,
                    0.861809
                ],
                [
                    191.263,
                    157.015,
                    0.493357
                ],
                [
                    206.917,
                    97.384,
                    0.949025
                ],
                [
                    214.698,
                    119.845,
                    0.55033
                ],
                [
                    222.565,
                    136.467,
                    0.181107
                ],
                [
                    207.876,
                    152.116,
                    0.828827
                ],
                [
                    200.054,
                    153.13,
                    0.81889
                ],
                [
                    206.905,
                    187.334,
                    0.848811
                ],
                [
                    214.751,
                    218.64,
                    0.859843
                ],
                [
                    215.7,
                    150.158,
                    0.775577
                ],
                [
                    221.578,
                    183.397,
                    0.848683
                ],
                [
                    223.573,
                    209.845,
                    0.854716
                ],
                [
                    200.018,
                    82.7037,
                    0.94694
                ],
                [
                    205.883,
                    82.632,
                    0.858294
                ],
                [
                    191.237,
                    86.591,
                    0.880423
                ],
                [
                    0.0,
                    0.0,
                    0.0
                ],
                [
                    238.184,
                    213.746,
                    0.77682
                ],
                [
                    237.232,
                    210.811,
                    0.738992
                ],
                [
                    222.57,
                    214.719,
                    0.81915
                ],
                [
                    223.501,
                    225.473,
                    0.796532
                ],
                [
                    217.662,
                    227.438,
                    0.744695
                ],
                [
                    214.721,
                    222.516,
                    0.80154
                ]
            ],
            "isKeyframe": false
        },
        {
            "bbox": [
                414.4739,
                38.27013000000001,
                470.80310000000003,
                277.73217,
                0.7686193478260869
            ],
            "personID": 1,
            "keypoints": [
                [
                    464.149,
                    66.0469,
                    0.900329
                ],
                [
                    448.524,
                    81.6401,
                    0.882383
                ],
                [
                    434.82,
                    80.682,
                    0.847276
                ],
                [
                    427.047,
                    111.028,
                    0.574264
                ],
                [
                    0.0,
                    0.0,
                    0.0
                ],
                [
                    459.277,
                    81.6691,
                    0.872044
                ],
                [
                    460.269,
                    111.026,
                    0.754481
                ],
                [
                    466.109,
                    136.452,
                    0.895338
                ],
                [
                    442.605,
                    138.424,
                    0.739519
                ],
                [
                    433.827,
                    138.415,
                    0.706271
                ],
                [
                    421.117,
                    212.776,
                    0.687731
                ],
                [
                    425.971,
                    253.837,
                    0.847652
                ],
                [
                    450.464,
                    138.417,
                    0.779478
                ],
                [
                    450.5,
                    179.526,
                    0.775719
                ],
                [
                    447.556,
                    214.699,
                    0.827342
                ],
                [
                    459.303,
                    60.2094,
                    0.838981
                ],
                [
                    466.09,
                    62.115,
                    0.717906
                ],
                [
                    449.523,
                    58.2253,
                    0.949825
                ],
                [
                    0.0,
                    0.0,
                    0.0
                ],
                [
                    462.22,
                    221.568,
                    0.841255
                ],
                [
                    460.275,
                    217.68,
                    0.775098
                ],
                [
                    442.645,
                    216.677,
                    0.723833
                ],
                [
                    419.168,
                    249.94,
                    0.520518
                ],
                [
                    424.064,
                    250.916,
                    0.449941
                ],
                [
                    425.973,
                    257.777,
                    0.771061
                ]
            ],
            "isKeyframe": false
        },
        {
            "bbox": [
                357.7871,
                75.23065000000001,
                449.26189999999997,
                246.64884999999998,
                0.6577423714285714
            ],
            "personID": 2,
            "keypoints": [
                [
                    381.033,
                    96.3604,
                    0.0962298
                ],
                [
                    408.415,
                    114.951,
                    0.836474
                ],
                [
                    425.033,
                    112.955,
                    0.845292
                ],
                [
                    437.742,
                    137.455,
                    0.789976
                ],
                [
                    441.639,
                    165.796,
                    0.87671
                ],
                [
                    390.798,
                    120.821,
                    0.824015
                ],
                [
                    379.022,
                    151.153,
                    0.867896
                ],
                [
                    365.41,
                    170.728,
                    0.827312
                ],
                [
                    411.338,
                    174.619,
                    0.769373
                ],
                [
                    425.049,
                    172.678,
                    0.658688
                ],
                [
                    428.943,
                    180.494,
                    0.465007
                ],
                [
                    426.968,
                    217.667,
                    0.56394
                ],
                [
                    397.675,
                    175.575,
                    0.711677
                ],
                [
                    387.905,
                    200.065,
                    0.823397
                ],
                [
                    390.79,
                    230.339,
                    0.802119
                ],
                [
                    0.0,
                    0.0,
                    0.0
                ],
                [
                    381.043,
                    91.4968,
                    0.268017
                ],
                [
                    403.493,
                    89.5155,
                    0.156957
                ],
                [
                    387.828,
                    92.4386,
                    0.893673
                ],
                [
                    388.835,
                    231.339,
                    0.432965
                ],
                [
                    386.878,
                    231.371,
                    0.549882
                ],
                [
                    393.73,
                    232.364,
                    0.75299
                ],
                [
                    0.0,
                    0.0,
                    0.0
                ],
                [
                    0.0,
                    0.0,
                    0.0
                ],
                [
                    0.0,
                    0.0,
                    0.0
                ]
            ],
            "isKeyframe": false
        },
        {
            "bbox": [
                50.91539000000001,
                166.57570000000004,
                137.82551,
                356.76730000000003,
                0.6560607692307692
            ],
            "personID": 3,
            "keypoints": [
                [
                    74.825,
                    184.376,
                    0.907832
                ],
                [
                    66.9969,
                    222.577,
                    0.755905
                ],
                [
                    68.0035,
                    231.404,
                    0.747758
                ],
                [
                    110.066,
                    253.885,
                    0.831685
                ],
                [
                    98.2967,
                    234.306,
                    0.660212
                ],
                [
                    66.0627,
                    211.793,
                    0.533981
                ],
                [
                    0.0,
                    0.0,
                    0.0
                ],
                [
                    0.0,
                    0.0,
                    0.0
                ],
                [
                    106.184,
                    293.949,
                    0.45676
                ],
                [
                    109.075,
                    293.981,
                    0.573677
                ],
                [
                    130.583,
                    340.918,
                    0.582516
                ],
                [
                    0.0,
                    0.0,
                    0.0
                ],
                [
                    105.156,
                    293.967,
                    0.335755
                ],
                [
                    121.788,
                    337.977,
                    0.355066
                ],
                [
                    0.0,
                    0.0,
                    0.0
                ],
                [
                    68.0254,
                    182.425,
                    0.849596
                ],
                [
                    0.0,
                    0.0,
                    0.0
                ],
                [
                    58.1579,
                    191.237,
                    0.938047
                ],
                [
                    0.0,
                    0.0,
                    0.0
                ],
                [
                    0.0,
                    0.0,
                    0.0
                ],
                [
                    0.0,
                    0.0,
                    0.0
                ],
                [
                    0.0,
                    0.0,
                    0.0
                ],
                [
                    0.0,
                    0.0,
                    0.0
                ],
                [
                    0.0,
                    0.0,
                    0.0
                ],
                [
                    0.0,
                    0.0,
                    0.0
                ]
            ],
            "isKeyframe": false
        }
    ],
    "isKeyframe": false
}