{
    "filename": "images/1/002752.jpg",
    "height": 360,
    "width": 640,
    "annots": [
        {
            "bbox": [
                433.266,
                41.49655,
                499.002,
                265.66794999999996,
                0.7768103599999998
            ],
            "personID": 0,
            "keypoints": [
                [
                    472.946,
                    66.0135,
                    0.927963
                ],
                [
                    466.094,
                    86.5935,
                    0.895196
                ],
                [
                    449.491,
                    84.6445,
                    0.837073
                ],
                [
                    438.744,
                    114.956,
                    0.751248
                ],
                [
                    440.662,
                    142.335,
                    0.720046
                ],
                [
                    482.749,
                    87.5443,
                    0.835055
                ],
                [
                    488.644,
                    116.889,
                    0.817569
                ],
                [
                    493.524,
                    144.293,
                    0.82521
                ],
                [
                    465.131,
                    146.24,
                    0.778762
                ],
                [
                    455.369,
                    146.237,
                    0.720339
                ],
                [
                    464.185,
                    189.278,
                    0.777548
                ],
                [
                    474.95,
                    235.286,
                    0.777502
                ],
                [
                    473.918,
                    146.242,
                    0.771828
                ],
                [
                    465.097,
                    184.368,
                    0.790988
                ],
                [
                    449.449,
                    212.782,
                    0.822413
                ],
                [
                    467.093,
                    60.1775,
                    0.875667
                ],
                [
                    475.903,
                    60.1998,
                    0.841349
                ],
                [
                    460.245,
                    64.0645,
                    0.802595
                ],
                [
                    480.835,
                    65.0616,
                    0.52789
                ],
                [
                    462.201,
                    221.579,
                    0.689617
                ],
                [
                    461.236,
                    218.631,
                    0.715089
                ],
                [
                    442.625,
                    215.685,
                    0.810236
                ],
                [
                    480.827,
                    246.987,
                    0.713799
                ],
                [
                    474.929,
                    246.983,
                    0.720742
                ],
                [
                    475.927,
                    239.2,
                    0.674535
                ]
            ],
            "isKeyframe": false
        },
        {
            "bbox": [
                319.1228,
                91.44059999999999,
                428.2292,
                267.52139999999997,
                0.72373456
            ],
            "personID": 1,
            "keypoints": [
                [
                    0.0,
                    0.0,
                    0.0
                ],
                [
                    372.262,
                    129.646,
                    0.917426
                ],
                [
                    392.755,
                    130.621,
                    0.824853
                ],
                [
                    395.736,
                    159.948,
                    0.907542
                ],
                [
                    391.773,
                    184.406,
                    0.85065
                ],
                [
                    355.555,
                    128.672,
                    0.893662
                ],
                [
                    334.106,
                    152.102,
                    0.862232
                ],
                [
                    328.215,
                    168.8,
                    0.783576
                ],
                [
                    364.423,
                    189.275,
                    0.787458
                ],
                [
                    378.082,
                    189.293,
                    0.755247
                ],
                [
                    403.499,
                    206.927,
                    0.891374
                ],
                [
                    404.5,
                    247.0,
                    0.869624
                ],
                [
                    354.603,
                    188.32,
                    0.755817
                ],
                [
                    373.189,
                    208.852,
                    0.356783
                ],
                [
                    356.572,
                    239.179,
                    0.120906
                ],
                [
                    0.0,
                    0.0,
                    0.0
                ],
                [
                    0.0,
                    0.0,
                    0.0
                ],
                [
                    386.882,
                    106.178,
                    0.60766
                ],
                [
                    366.357,
                    106.114,
                    0.902177
                ],
                [
                    0.0,
                    0.0,
                    0.0
                ],
                [
                    0.0,
                    0.0,
                    0.0
                ],
                [
                    353.62,
                    242.109,
                    0.0665352
                ],
                [
                    419.137,
                    248.962,
                    0.757444
                ],
                [
                    417.218,
                    252.848,
                    0.795153
                ],
                [
                    402.526,
                    252.844,
                    0.768572
                ]
            ],
            "isKeyframe": false
        },
        {
            "bbox": [
                186.55970000000002,
                63.01385000000002,
                242.9153,
                240.28565,
                0.7495343041666667
            ],
            "personID": 2,
            "keypoints": [
                [
                    208.89,
                    81.7067,
                    0.912829
                ],
                [
                    200.042,
                    100.293,
                    0.892702
                ],
                [
                    191.277,
                    105.175,
                    0.917169
                ],
                [
                    191.256,
                    135.475,
                    0.887234
                ],
                [
                    199.036,
                    153.108,
                    0.813354
                ],
                [
                    207.923,
                    97.3411,
                    0.888781
                ],
                [
                    215.699,
                    121.789,
                    0.167433
                ],
                [
                    225.507,
                    142.337,
                    0.0640173
                ],
                [
                    214.673,
                    151.122,
                    0.786059
                ],
                [
                    207.868,
                    152.121,
                    0.814684
                ],
                [
                    213.762,
                    184.434,
                    0.849893
                ],
                [
                    214.706,
                    218.648,
                    0.847288
                ],
                [
                    218.649,
                    148.199,
                    0.709205
                ],
                [
                    222.529,
                    183.396,
                    0.840842
                ],
                [
                    224.509,
                    209.849,
                    0.840479
                ],
                [
                    206.913,
                    80.6789,
                    0.915233
                ],
                [
                    209.838,
                    77.7865,
                    0.170001
                ],
                [
                    198.113,
                    82.6582,
                    0.928929
                ],
                [
                    0.0,
                    0.0,
                    0.0
                ],
                [
                    238.219,
                    213.749,
                    0.816719
                ],
                [
                    238.17,
                    210.83,
                    0.724147
                ],
                [
                    222.586,
                    214.712,
                    0.809816
                ],
                [
                    222.592,
                    224.498,
                    0.832538
                ],
                [
                    217.647,
                    225.513,
                    0.769265
                ],
                [
                    212.773,
                    222.512,
                    0.790206
                ]
            ],
            "isKeyframe": false
        },
        {
            "bbox": [
                51.032880000000006,
                165.6155,
                136.80792,
                355.76149999999996,
                0.61232305
            ],
            "personID": 3,
            "keypoints": [
                [
                    74.864,
                    183.444,
                    0.894924
                ],
                [
                    66.0737,
                    222.55,
                    0.754382
                ],
                [
                    67.9849,
                    231.351,
                    0.755726
                ],
                [
                    110.043,
                    253.894,
                    0.826053
                ],
                [
                    98.3028,
                    235.262,
                    0.653418
                ],
                [
                    66.0607,
                    212.759,
                    0.560631
                ],
                [
                    89.5076,
                    248.01,
                    0.0513877
                ],
                [
                    0.0,
                    0.0,
                    0.0
                ],
                [
                    106.138,
                    292.973,
                    0.466232
                ],
                [
                    108.089,
                    292.989,
                    0.578966
                ],
                [
                    129.66,
                    339.916,
                    0.577668
                ],
                [
                    0.0,
                    0.0,
                    0.0
                ],
                [
                    103.223,
                    292.986,
                    0.343863
                ],
                [
                    120.845,
                    334.08,
                    0.359817
                ],
                [
                    0.0,
                    0.0,
                    0.0
                ],
                [
                    69.9472,
                    181.461,
                    0.814903
                ],
                [
                    0.0,
                    0.0,
                    0.0
                ],
                [
                    58.1808,
                    191.21,
                    0.934552
                ],
                [
                    0.0,
                    0.0,
                    0.0
                ],
                [
                    0.0,
                    0.0,
                    0.0
                ],
                [
                    0.0,
                    0.0,
                    0.0
                ],
                [
                    0.0,
                    0.0,
                    0.0
                ],
                [
                    0.0,
                    0.0,
                    0.0
                ],
                [
                    0.0,
                    0.0,
                    0.0
                ],
                [
                    0.0,
                    0.0,
                    0.0
                ]
            ],
            "isKeyframe": false
        }
    ],
    "isKeyframe": false
}