{
    "filename": "images/1/002695.jpg",
    "height": 360,
    "width": 640,
    "annots": [
        {
            "bbox": [
                177.8967,
                70.52264999999998,
                243.6483,
                239.60084999999998,
                0.8046802083333334
            ],
            "personID": 0,
            "keypoints": [
                [
                    199.118,
                    89.5117,
                    0.925985
                ],
                [
                    193.249,
                    105.157,
                    0.902386
                ],
                [
                    183.376,
                    111.991,
                    0.869755
                ],
                [
                    183.434,
                    137.456,
                    0.893528
                ],
                [
                    191.26,
                    155.049,
                    0.518194
                ],
                [
                    206.946,
                    98.2975,
                    0.955742
                ],
                [
                    215.674,
                    120.839,
                    0.744061
                ],
                [
                    225.5,
                    128.652,
                    0.14746
                ],
                [
                    206.89,
                    153.13,
                    0.821214
                ],
                [
                    199.041,
                    156.045,
                    0.787111
                ],
                [
                    205.899,
                    188.321,
                    0.81647
                ],
                [
                    214.686,
                    216.681,
                    0.885546
                ],
                [
                    214.743,
                    152.11,
                    0.81007
                ],
                [
                    222.536,
                    183.387,
                    0.888309
                ],
                [
                    223.575,
                    208.862,
                    0.877355
                ],
                [
                    195.157,
                    88.5062,
                    0.833124
                ],
                [
                    200.055,
                    84.6125,
                    0.866945
                ],
                [
                    186.382,
                    89.5579,
                    0.870206
                ],
                [
                    0.0,
                    0.0,
                    0.0
                ],
                [
                    238.169,
                    214.675,
                    0.815694
                ],
                [
                    238.16,
                    210.826,
                    0.793495
                ],
                [
                    222.57,
                    213.763,
                    0.822925
                ],
                [
                    222.553,
                    224.52,
                    0.865784
                ],
                [
                    215.743,
                    225.511,
                    0.827211
                ],
                [
                    214.685,
                    219.634,
                    0.773755
                ]
            ],
            "isKeyframe": false
        },
        {
            "bbox": [
                389.311,
                42.136970000000005,
                430.44700000000006,
                247.46572999999995,
                0.7297658095238095
            ],
            "personID": 1,
            "keypoints": [
                [
                    427.019,
                    65.9983,
                    0.819659
                ],
                [
                    402.571,
                    82.7079,
                    0.855659
                ],
                [
                    408.425,
                    86.5963,
                    0.788289
                ],
                [
                    410.383,
                    121.78,
                    0.871292
                ],
                [
                    419.153,
                    152.136,
                    0.92087
                ],
                [
                    396.656,
                    81.7105,
                    0.813776
                ],
                [
                    0.0,
                    0.0,
                    0.0
                ],
                [
                    0.0,
                    0.0,
                    0.0
                ],
                [
                    404.486,
                    145.246,
                    0.724804
                ],
                [
                    410.357,
                    145.307,
                    0.737459
                ],
                [
                    409.362,
                    185.39,
                    0.785611
                ],
                [
                    395.675,
                    225.502,
                    0.876767
                ],
                [
                    400.589,
                    144.294,
                    0.692926
                ],
                [
                    416.216,
                    184.368,
                    0.682125
                ],
                [
                    412.315,
                    215.728,
                    0.645774
                ],
                [
                    426.027,
                    60.1504,
                    0.851434
                ],
                [
                    0.0,
                    0.0,
                    0.0
                ],
                [
                    416.211,
                    59.2477,
                    0.833338
                ],
                [
                    0.0,
                    0.0,
                    0.0
                ],
                [
                    419.163,
                    222.542,
                    0.363372
                ],
                [
                    417.195,
                    220.595,
                    0.269705
                ],
                [
                    411.311,
                    218.637,
                    0.396986
                ],
                [
                    411.328,
                    228.434,
                    0.792638
                ],
                [
                    410.326,
                    230.355,
                    0.81074
                ],
                [
                    392.739,
                    230.334,
                    0.791858
                ]
            ],
            "isKeyframe": false
        },
        {
            "bbox": [
                50.92125,
                166.555,
                137.82825000000003,
                356.75499999999994,
                0.6624343846153846
            ],
            "personID": 2,
            "keypoints": [
                [
                    74.8233,
                    183.466,
                    0.904397
                ],
                [
                    66.9937,
                    222.569,
                    0.758406
                ],
                [
                    68.9776,
                    232.329,
                    0.729965
                ],
                [
                    111.023,
                    253.877,
                    0.846462
                ],
                [
                    98.3469,
                    236.231,
                    0.729965
                ],
                [
                    66.017,
                    209.85,
                    0.534344
                ],
                [
                    0.0,
                    0.0,
                    0.0
                ],
                [
                    0.0,
                    0.0,
                    0.0
                ],
                [
                    106.181,
                    292.992,
                    0.466571
                ],
                [
                    109.069,
                    293.957,
                    0.583069
                ],
                [
                    130.586,
                    340.905,
                    0.581256
                ],
                [
                    0.0,
                    0.0,
                    0.0
                ],
                [
                    105.162,
                    292.995,
                    0.341822
                ],
                [
                    121.812,
                    337.01,
                    0.361181
                ],
                [
                    0.0,
                    0.0,
                    0.0
                ],
                [
                    68.0314,
                    182.405,
                    0.834945
                ],
                [
                    0.0,
                    0.0,
                    0.0
                ],
                [
                    58.1635,
                    191.245,
                    0.939264
                ],
                [
                    0.0,
                    0.0,
                    0.0
                ],
                [
                    0.0,
                    0.0,
                    0.0
                ],
                [
                    0.0,
                    0.0,
                    0.0
                ],
                [
                    0.0,
                    0.0,
                    0.0
                ],
                [
                    0.0,
                    0.0,
                    0.0
                ],
                [
                    0.0,
                    0.0,
                    0.0
                ],
                [
                    0.0,
                    0.0,
                    0.0
                ]
            ],
            "isKeyframe": false
        },
        {
            "bbox": [
                412.9939,
                79.37059000000002,
                463.47909999999996,
                295.30231000000003,
                0.744634857142857
            ],
            "personID": 3,
            "keypoints": [
                [
                    417.205,
                    105.134,
                    0.656013
                ],
                [
                    442.646,
                    121.781,
                    0.791483
                ],
                [
                    447.549,
                    119.831,
                    0.658812
                ],
                [
                    0.0,
                    0.0,
                    0.0
                ],
                [
                    0.0,
                    0.0,
                    0.0
                ],
                [
                    439.709,
                    123.766,
                    0.76096
                ],
                [
                    440.689,
                    161.892,
                    0.816071
                ],
                [
                    429.945,
                    192.195,
                    0.833784
                ],
                [
                    445.573,
                    182.457,
                    0.623757
                ],
                [
                    449.484,
                    181.455,
                    0.535105
                ],
                [
                    434.844,
                    222.535,
                    0.711624
                ],
                [
                    434.786,
                    253.888,
                    0.849212
                ],
                [
                    442.655,
                    184.375,
                    0.699332
                ],
                [
                    444.611,
                    229.369,
                    0.738863
                ],
                [
                    456.31,
                    269.489,
                    0.824355
                ],
                [
                    0.0,
                    0.0,
                    0.0
                ],
                [
                    417.201,
                    98.3748,
                    0.681172
                ],
                [
                    0.0,
                    0.0,
                    0.0
                ],
                [
                    425.985,
                    97.3649,
                    0.897157
                ],
                [
                    434.868,
                    272.459,
                    0.775182
                ],
                [
                    441.618,
                    277.308,
                    0.84145
                ],
                [
                    459.272,
                    271.478,
                    0.780599
                ],
                [
                    420.155,
                    252.879,
                    0.753326
                ],
                [
                    425.009,
                    251.898,
                    0.653478
                ],
                [
                    435.821,
                    259.706,
                    0.755597
                ]
            ],
            "isKeyframe": false
        }
    ],
    "isKeyframe": false
}