{
    "filename": "images/1/002705.jpg",
    "height": 360,
    "width": 640,
    "annots": [
        {
            "bbox": [
                177.9227,
                69.57410999999998,
                243.6503,
                238.62999000000002,
                0.8184110416666668
            ],
            "personID": 0,
            "keypoints": [
                [
                    200.056,
                    89.4745,
                    0.930976
                ],
                [
                    194.174,
                    105.171,
                    0.909754
                ],
                [
                    183.4,
                    112.0,
                    0.887683
                ],
                [
                    184.374,
                    137.494,
                    0.889698
                ],
                [
                    192.189,
                    157.021,
                    0.618399
                ],
                [
                    206.908,
                    98.3111,
                    0.953403
                ],
                [
                    215.662,
                    120.806,
                    0.779936
                ],
                [
                    226.469,
                    124.736,
                    0.249385
                ],
                [
                    206.907,
                    153.08,
                    0.836044
                ],
                [
                    199.07,
                    154.109,
                    0.80979
                ],
                [
                    205.886,
                    187.353,
                    0.816726
                ],
                [
                    214.679,
                    216.682,
                    0.889106
                ],
                [
                    214.748,
                    151.143,
                    0.799544
                ],
                [
                    222.53,
                    182.444,
                    0.87872
                ],
                [
                    224.501,
                    208.878,
                    0.867267
                ],
                [
                    197.102,
                    86.5898,
                    0.832663
                ],
                [
                    200.101,
                    83.6621,
                    0.86685
                ],
                [
                    187.345,
                    89.5061,
                    0.888582
                ],
                [
                    0.0,
                    0.0,
                    0.0
                ],
                [
                    238.173,
                    214.673,
                    0.802711
                ],
                [
                    238.164,
                    210.825,
                    0.778151
                ],
                [
                    223.489,
                    214.682,
                    0.858227
                ],
                [
                    222.548,
                    223.554,
                    0.888854
                ],
                [
                    215.749,
                    224.542,
                    0.840024
                ],
                [
                    214.683,
                    219.636,
                    0.769372
                ]
            ],
            "isKeyframe": false
        },
        {
            "bbox": [
                397.1123,
                80.6801,
                461.74070000000006,
                292.0109,
                0.7548533478260869
            ],
            "personID": 1,
            "keypoints": [
                [
                    402.523,
                    103.222,
                    0.597615
                ],
                [
                    428.95,
                    121.763,
                    0.82362
                ],
                [
                    441.634,
                    114.02,
                    0.864092
                ],
                [
                    449.51,
                    143.303,
                    0.746311
                ],
                [
                    449.531,
                    168.754,
                    0.837644
                ],
                [
                    419.134,
                    128.623,
                    0.804937
                ],
                [
                    412.313,
                    163.85,
                    0.832613
                ],
                [
                    402.498,
                    186.355,
                    0.858044
                ],
                [
                    433.816,
                    182.453,
                    0.716367
                ],
                [
                    441.667,
                    177.562,
                    0.676222
                ],
                [
                    425.054,
                    219.629,
                    0.564514
                ],
                [
                    425.012,
                    253.891,
                    0.813043
                ],
                [
                    425.994,
                    185.391,
                    0.678082
                ],
                [
                    423.062,
                    228.42,
                    0.691048
                ],
                [
                    449.508,
                    262.615,
                    0.876547
                ],
                [
                    0.0,
                    0.0,
                    0.0
                ],
                [
                    402.578,
                    98.291,
                    0.804413
                ],
                [
                    0.0,
                    0.0,
                    0.0
                ],
                [
                    411.35,
                    98.336,
                    0.92214
                ],
                [
                    433.879,
                    272.441,
                    0.782917
                ],
                [
                    440.677,
                    274.4,
                    0.78583
                ],
                [
                    456.355,
                    263.663,
                    0.757732
                ],
                [
                    412.332,
                    248.003,
                    0.595788
                ],
                [
                    415.268,
                    247.033,
                    0.545115
                ],
                [
                    426.01,
                    260.69,
                    0.786993
                ]
            ],
            "isKeyframe": false
        },
        {
            "bbox": [
                50.92377,
                166.45960000000002,
                137.82693,
                357.8284,
                0.6571657692307693
            ],
            "personID": 2,
            "keypoints": [
                [
                    74.8293,
                    183.467,
                    0.904113
                ],
                [
                    66.9977,
                    222.587,
                    0.754265
                ],
                [
                    68.9904,
                    232.349,
                    0.725394
                ],
                [
                    111.036,
                    254.79,
                    0.856837
                ],
                [
                    97.3719,
                    234.274,
                    0.718763
                ],
                [
                    66.0166,
                    210.804,
                    0.525537
                ],
                [
                    0.0,
                    0.0,
                    0.0
                ],
                [
                    0.0,
                    0.0,
                    0.0
                ],
                [
                    107.122,
                    293.954,
                    0.453339
                ],
                [
                    109.09,
                    293.986,
                    0.57843
                ],
                [
                    130.585,
                    341.881,
                    0.570589
                ],
                [
                    0.0,
                    0.0,
                    0.0
                ],
                [
                    105.177,
                    293.964,
                    0.329227
                ],
                [
                    121.812,
                    338.949,
                    0.348294
                ],
                [
                    0.0,
                    0.0,
                    0.0
                ],
                [
                    68.0345,
                    182.407,
                    0.837339
                ],
                [
                    0.0,
                    0.0,
                    0.0
                ],
                [
                    58.1657,
                    191.255,
                    0.941028
                ],
                [
                    0.0,
                    0.0,
                    0.0
                ],
                [
                    0.0,
                    0.0,
                    0.0
                ],
                [
                    0.0,
                    0.0,
                    0.0
                ],
                [
                    0.0,
                    0.0,
                    0.0
                ],
                [
                    0.0,
                    0.0,
                    0.0
                ],
                [
                    0.0,
                    0.0,
                    0.0
                ],
                [
                    0.0,
                    0.0,
                    0.0
                ]
            ],
            "isKeyframe": false
        },
        {
            "bbox": [
                415.88230000000004,
                58.04799,
                444.0667,
                83.82531,
                0.45825914285714286
            ],
            "personID": 3,
            "keypoints": [
                [
                    441.676,
                    66.0523,
                    0.829753
                ],
                [
                    424.073,
                    79.7442,
                    0.119166
                ],
                [
                    418.231,
                    81.6772,
                    0.39948
                ],
                [
                    0.0,
                    0.0,
                    0.0
                ],
                [
                    0.0,
                    0.0,
                    0.0
                ],
                [
                    426.037,
                    80.6758,
                    0.125881
                ],
                [
                    0.0,
                    0.0,
                    0.0
                ],
                [
                    0.0,
                    0.0,
                    0.0
                ],
                [
                    0.0,
                    0.0,
                    0.0
                ],
                [
                    0.0,
                    0.0,
                    0.0
                ],
                [
                    0.0,
                    0.0,
                    0.0
                ],
                [
                    0.0,
                    0.0,
                    0.0
                ],
                [
                    0.0,
                    0.0,
                    0.0
                ],
                [
                    0.0,
                    0.0,
                    0.0
                ],
                [
                    0.0,
                    0.0,
                    0.0
                ],
                [
                    439.705,
                    61.1326,
                    0.782043
                ],
                [
                    441.718,
                    62.1136,
                    0.143634
                ],
                [
                    426.036,
                    60.1961,
                    0.807857
                ],
                [
                    0.0,
                    0.0,
                    0.0
                ],
                [
                    0.0,
                    0.0,
                    0.0
                ],
                [
                    0.0,
                    0.0,
                    0.0
                ],
                [
                    0.0,
                    0.0,
                    0.0
                ],
                [
                    0.0,
                    0.0,
                    0.0
                ],
                [
                    0.0,
                    0.0,
                    0.0
                ],
                [
                    0.0,
                    0.0,
                    0.0
                ]
            ],
            "isKeyframe": false
        }
    ],
    "isKeyframe": false
}