{
    "filename": "images/1/002742.jpg",
    "height": 360,
    "width": 640,
    "annots": [
        {
            "bbox": [
                427.4423,
                41.276579999999996,
                492.0587,
                256.10321999999996,
                0.764964875
            ],
            "personID": 0,
            "keypoints": [
                [
                    471.001,
                    66.0089,
                    0.880203
                ],
                [
                    458.306,
                    81.6944,
                    0.950754
                ],
                [
                    442.655,
                    80.7191,
                    0.860502
                ],
                [
                    432.827,
                    109.075,
                    0.739887
                ],
                [
                    433.883,
                    136.495,
                    0.649207
                ],
                [
                    473.959,
                    82.6403,
                    0.916625
                ],
                [
                    480.776,
                    112.974,
                    0.886311
                ],
                [
                    486.674,
                    140.393,
                    0.815409
                ],
                [
                    456.31,
                    141.354,
                    0.709926
                ],
                [
                    446.545,
                    141.344,
                    0.67601
                ],
                [
                    456.344,
                    182.461,
                    0.786197
                ],
                [
                    458.267,
                    223.56,
                    0.848623
                ],
                [
                    465.099,
                    141.354,
                    0.713918
                ],
                [
                    457.332,
                    182.449,
                    0.807928
                ],
                [
                    446.567,
                    214.701,
                    0.806924
                ],
                [
                    466.124,
                    60.1717,
                    0.893416
                ],
                [
                    473.915,
                    60.1984,
                    0.889651
                ],
                [
                    457.314,
                    59.1788,
                    0.93059
                ],
                [
                    0.0,
                    0.0,
                    0.0
                ],
                [
                    454.387,
                    222.575,
                    0.360014
                ],
                [
                    457.296,
                    218.631,
                    0.349847
                ],
                [
                    442.609,
                    215.751,
                    0.819389
                ],
                [
                    466.117,
                    238.201,
                    0.690511
                ],
                [
                    460.275,
                    238.188,
                    0.667603
                ],
                [
                    456.355,
                    227.437,
                    0.709712
                ]
            ],
            "isKeyframe": false
        },
        {
            "bbox": [
                182.2641,
                67.09226,
                243.2709,
                242.00833999999998,
                0.7700670000000001
            ],
            "personID": 1,
            "keypoints": [
                [
                    206.904,
                    83.6515,
                    0.931077
                ],
                [
                    199.038,
                    103.223,
                    0.885999
                ],
                [
                    187.348,
                    107.15,
                    0.810355
                ],
                [
                    188.296,
                    135.501,
                    0.829522
                ],
                [
                    193.228,
                    153.119,
                    0.823149
                ],
                [
                    207.894,
                    97.337,
                    0.916869
                ],
                [
                    214.738,
                    120.831,
                    0.289925
                ],
                [
                    223.557,
                    143.321,
                    0.137676
                ],
                [
                    209.838,
                    149.198,
                    0.762953
                ],
                [
                    204.921,
                    152.092,
                    0.773688
                ],
                [
                    207.918,
                    184.43,
                    0.875933
                ],
                [
                    214.731,
                    218.655,
                    0.852341
                ],
                [
                    216.664,
                    146.278,
                    0.759663
                ],
                [
                    221.575,
                    181.443,
                    0.813678
                ],
                [
                    223.579,
                    209.835,
                    0.84617
                ],
                [
                    202.015,
                    81.7371,
                    0.91371
                ],
                [
                    206.919,
                    81.6686,
                    0.698892
                ],
                [
                    192.236,
                    83.6345,
                    0.935427
                ],
                [
                    0.0,
                    0.0,
                    0.0
                ],
                [
                    238.187,
                    213.734,
                    0.739501
                ],
                [
                    237.233,
                    210.819,
                    0.680358
                ],
                [
                    222.575,
                    214.71,
                    0.829664
                ],
                [
                    223.497,
                    224.536,
                    0.804044
                ],
                [
                    217.656,
                    227.432,
                    0.749525
                ],
                [
                    213.765,
                    222.524,
                    0.821489
                ]
            ],
            "isKeyframe": false
        },
        {
            "bbox": [
                333.0537,
                80.38774000000002,
                428.0613,
                271.74766,
                0.7092307649999999
            ],
            "personID": 2,
            "keypoints": [
                [
                    0.0,
                    0.0,
                    0.0
                ],
                [
                    386.905,
                    122.767,
                    0.929628
                ],
                [
                    405.463,
                    121.826,
                    0.865465
                ],
                [
                    418.133,
                    151.152,
                    0.864916
                ],
                [
                    417.229,
                    177.538,
                    0.848976
                ],
                [
                    368.292,
                    122.782,
                    0.822071
                ],
                [
                    348.78,
                    151.129,
                    0.877432
                ],
                [
                    340.971,
                    169.732,
                    0.878047
                ],
                [
                    386.831,
                    181.45,
                    0.769447
                ],
                [
                    398.634,
                    181.459,
                    0.722093
                ],
                [
                    408.422,
                    213.737,
                    0.820153
                ],
                [
                    412.339,
                    250.929,
                    0.815648
                ],
                [
                    372.186,
                    180.49,
                    0.763721
                ],
                [
                    364.442,
                    207.889,
                    0.660852
                ],
                [
                    357.563,
                    232.348,
                    0.162053
                ],
                [
                    0.0,
                    0.0,
                    0.0
                ],
                [
                    0.0,
                    0.0,
                    0.0
                ],
                [
                    391.796,
                    96.3344,
                    0.452523
                ],
                [
                    372.244,
                    97.3613,
                    0.933783
                ],
                [
                    0.0,
                    0.0,
                    0.0
                ],
                [
                    0.0,
                    0.0,
                    0.0
                ],
                [
                    357.534,
                    234.28,
                    0.0960153
                ],
                [
                    418.193,
                    250.905,
                    0.532794
                ],
                [
                    420.144,
                    252.868,
                    0.616225
                ],
                [
                    411.389,
                    255.801,
                    0.752773
                ]
            ],
            "isKeyframe": false
        },
        {
            "bbox": [
                51.02086999999999,
                166.6547,
                136.81883,
                355.7063,
                0.6613842307692308
            ],
            "personID": 3,
            "keypoints": [
                [
                    74.8357,
                    184.358,
                    0.903993
                ],
                [
                    66.9866,
                    222.578,
                    0.752291
                ],
                [
                    68.0163,
                    231.395,
                    0.741128
                ],
                [
                    110.07,
                    253.897,
                    0.837577
                ],
                [
                    98.3012,
                    235.277,
                    0.69553
                ],
                [
                    66.0534,
                    212.756,
                    0.529037
                ],
                [
                    0.0,
                    0.0,
                    0.0
                ],
                [
                    0.0,
                    0.0,
                    0.0
                ],
                [
                    106.151,
                    292.99,
                    0.475654
                ],
                [
                    108.113,
                    293.006,
                    0.582026
                ],
                [
                    129.669,
                    339.952,
                    0.589063
                ],
                [
                    0.0,
                    0.0,
                    0.0
                ],
                [
                    104.173,
                    293.944,
                    0.34822
                ],
                [
                    121.776,
                    336.034,
                    0.366383
                ],
                [
                    0.0,
                    0.0,
                    0.0
                ],
                [
                    68.9593,
                    182.409,
                    0.83919
                ],
                [
                    0.0,
                    0.0,
                    0.0
                ],
                [
                    58.1707,
                    191.23,
                    0.937903
                ],
                [
                    0.0,
                    0.0,
                    0.0
                ],
                [
                    0.0,
                    0.0,
                    0.0
                ],
                [
                    0.0,
                    0.0,
                    0.0
                ],
                [
                    0.0,
                    0.0,
                    0.0
                ],
                [
                    0.0,
                    0.0,
                    0.0
                ],
                [
                    0.0,
                    0.0,
                    0.0
                ],
                [
                    0.0,
                    0.0,
                    0.0
                ]
            ],
            "isKeyframe": false
        }
    ],
    "isKeyframe": false
}