{
    "filename": "images/1/002759.jpg",
    "height": 360,
    "width": 640,
    "annots": [
        {
            "bbox": [
                437.26939999999996,
                47.84527000000003,
                501.86060000000003,
                266.20243,
                0.79427616
            ],
            "personID": 0,
            "keypoints": [
                [
                    474.937,
                    70.9309,
                    0.835781
                ],
                [
                    471.996,
                    89.478,
                    0.903005
                ],
                [
                    455.346,
                    89.5119,
                    0.843069
                ],
                [
                    442.652,
                    118.86,
                    0.869768
                ],
                [
                    443.639,
                    146.234,
                    0.876832
                ],
                [
                    488.612,
                    88.5107,
                    0.884216
                ],
                [
                    490.576,
                    115.938,
                    0.806292
                ],
                [
                    496.478,
                    144.322,
                    0.894682
                ],
                [
                    472.001,
                    148.195,
                    0.739078
                ],
                [
                    462.22,
                    148.215,
                    0.692371
                ],
                [
                    467.137,
                    192.219,
                    0.806337
                ],
                [
                    475.914,
                    236.248,
                    0.781167
                ],
                [
                    480.79,
                    147.236,
                    0.75317
                ],
                [
                    472.935,
                    184.421,
                    0.79961
                ],
                [
                    450.472,
                    210.815,
                    0.826752
                ],
                [
                    471.029,
                    66.9955,
                    0.853729
                ],
                [
                    479.824,
                    66.0667,
                    0.87541
                ],
                [
                    464.16,
                    67.0114,
                    0.86492
                ],
                [
                    482.745,
                    66.0417,
                    0.379839
                ],
                [
                    464.139,
                    222.551,
                    0.763944
                ],
                [
                    464.143,
                    220.576,
                    0.762212
                ],
                [
                    442.687,
                    214.681,
                    0.778926
                ],
                [
                    481.76,
                    248.006,
                    0.759135
                ],
                [
                    473.992,
                    247.056,
                    0.804491
                ],
                [
                    476.9,
                    239.178,
                    0.702168
                ]
            ],
            "isKeyframe": false
        },
        {
            "bbox": [
                187.58610000000002,
                61.188370000000006,
                243.8409,
                237.18433,
                0.6347135291666667
            ],
            "personID": 1,
            "keypoints": [
                [
                    211.788,
                    81.6867,
                    0.873137
                ],
                [
                    200.077,
                    101.268,
                    0.870567
                ],
                [
                    192.274,
                    105.208,
                    0.898373
                ],
                [
                    193.204,
                    134.525,
                    0.84426
                ],
                [
                    200.033,
                    154.09,
                    0.794131
                ],
                [
                    207.898,
                    97.3451,
                    0.883809
                ],
                [
                    214.754,
                    121.799,
                    0.174243
                ],
                [
                    225.506,
                    142.325,
                    0.0645596
                ],
                [
                    214.68,
                    152.091,
                    0.759154
                ],
                [
                    208.881,
                    153.067,
                    0.753309
                ],
                [
                    216.698,
                    184.435,
                    0.822387
                ],
                [
                    217.68,
                    215.72,
                    0.726934
                ],
                [
                    216.688,
                    150.165,
                    0.65524
                ],
                [
                    217.672,
                    183.398,
                    0.656539
                ],
                [
                    222.512,
                    211.783,
                    0.65332
                ],
                [
                    207.88,
                    79.7205,
                    0.882193
                ],
                [
                    210.8,
                    75.8547,
                    0.0738491
                ],
                [
                    199.11,
                    82.6405,
                    0.938956
                ],
                [
                    0.0,
                    0.0,
                    0.0
                ],
                [
                    239.153,
                    212.748,
                    0.573686
                ],
                [
                    237.216,
                    209.841,
                    0.506691
                ],
                [
                    217.671,
                    215.739,
                    0.320366
                ],
                [
                    234.295,
                    214.715,
                    0.409804
                ],
                [
                    230.37,
                    217.662,
                    0.406385
                ],
                [
                    215.688,
                    222.518,
                    0.691232
                ]
            ],
            "isKeyframe": false
        },
        {
            "bbox": [
                315.9831,
                99.15189999999998,
                427.4499,
                264.71709999999996,
                0.8048034705882353
            ],
            "personID": 2,
            "keypoints": [
                [
                    0.0,
                    0.0,
                    0.0
                ],
                [
                    365.406,
                    137.459,
                    0.893953
                ],
                [
                    385.903,
                    138.452,
                    0.845333
                ],
                [
                    386.844,
                    163.844,
                    0.850381
                ],
                [
                    379.07,
                    190.238,
                    0.875887
                ],
                [
                    347.774,
                    136.477,
                    0.892459
                ],
                [
                    326.266,
                    157.001,
                    0.784288
                ],
                [
                    325.272,
                    175.584,
                    0.630781
                ],
                [
                    356.523,
                    195.162,
                    0.821765
                ],
                [
                    367.32,
                    196.129,
                    0.732998
                ],
                [
                    396.691,
                    203.972,
                    0.796598
                ],
                [
                    402.539,
                    246.021,
                    0.899338
                ],
                [
                    345.809,
                    193.234,
                    0.758513
                ],
                [
                    0.0,
                    0.0,
                    0.0
                ],
                [
                    0.0,
                    0.0,
                    0.0
                ],
                [
                    0.0,
                    0.0,
                    0.0
                ],
                [
                    0.0,
                    0.0,
                    0.0
                ],
                [
                    381.004,
                    113.983,
                    0.826882
                ],
                [
                    362.423,
                    112.949,
                    0.855713
                ],
                [
                    0.0,
                    0.0,
                    0.0
                ],
                [
                    0.0,
                    0.0,
                    0.0
                ],
                [
                    0.0,
                    0.0,
                    0.0
                ],
                [
                    418.161,
                    247.971,
                    0.735789
                ],
                [
                    413.319,
                    250.92,
                    0.746917
                ],
                [
                    398.621,
                    250.904,
                    0.734064
                ]
            ],
            "isKeyframe": false
        },
        {
            "bbox": [
                51.053599999999996,
                165.61310000000003,
                136.8104,
                355.7519,
                0.6573389230769231
            ],
            "personID": 3,
            "keypoints": [
                [
                    74.8666,
                    183.449,
                    0.897004
                ],
                [
                    66.0724,
                    222.543,
                    0.752291
                ],
                [
                    68.0048,
                    231.355,
                    0.7501
                ],
                [
                    110.051,
                    253.896,
                    0.832112
                ],
                [
                    98.3083,
                    235.258,
                    0.661246
                ],
                [
                    66.039,
                    211.786,
                    0.550474
                ],
                [
                    0.0,
                    0.0,
                    0.0
                ],
                [
                    0.0,
                    0.0,
                    0.0
                ],
                [
                    106.123,
                    292.974,
                    0.473776
                ],
                [
                    108.089,
                    292.984,
                    0.577355
                ],
                [
                    129.664,
                    339.907,
                    0.579321
                ],
                [
                    0.0,
                    0.0,
                    0.0
                ],
                [
                    102.243,
                    292.988,
                    0.352306
                ],
                [
                    120.836,
                    334.075,
                    0.369159
                ],
                [
                    0.0,
                    0.0,
                    0.0
                ],
                [
                    69.9607,
                    181.458,
                    0.813094
                ],
                [
                    0.0,
                    0.0,
                    0.0
                ],
                [
                    58.2,
                    191.202,
                    0.937168
                ],
                [
                    0.0,
                    0.0,
                    0.0
                ],
                [
                    0.0,
                    0.0,
                    0.0
                ],
                [
                    0.0,
                    0.0,
                    0.0
                ],
                [
                    0.0,
                    0.0,
                    0.0
                ],
                [
                    0.0,
                    0.0,
                    0.0
                ],
                [
                    0.0,
                    0.0,
                    0.0
                ],
                [
                    0.0,
                    0.0,
                    0.0
                ]
            ],
            "isKeyframe": false
        }
    ],
    "isKeyframe": false
}