{
    "filename": "images/1/002729.jpg",
    "height": 360,
    "width": 640,
    "annots": [
        {
            "bbox": [
                179.0177,
                68.14176000000002,
                243.5693,
                241.92383999999998,
                0.7887849166666667
            ],
            "personID": 0,
            "keypoints": [
                [
                    204.929,
                    84.6444,
                    0.857304
                ],
                [
                    196.147,
                    104.202,
                    0.876541
                ],
                [
                    184.397,
                    109.098,
                    0.860327
                ],
                [
                    185.381,
                    137.44,
                    0.881987
                ],
                [
                    192.21,
                    157.027,
                    0.667778
                ],
                [
                    206.935,
                    97.3679,
                    0.938921
                ],
                [
                    214.699,
                    120.795,
                    0.503982
                ],
                [
                    222.551,
                    139.406,
                    0.191
                ],
                [
                    207.892,
                    152.084,
                    0.819698
                ],
                [
                    200.082,
                    153.098,
                    0.814094
                ],
                [
                    206.934,
                    186.36,
                    0.852707
                ],
                [
                    214.744,
                    218.634,
                    0.863382
                ],
                [
                    215.706,
                    149.181,
                    0.771273
                ],
                [
                    221.577,
                    183.389,
                    0.844401
                ],
                [
                    223.561,
                    209.861,
                    0.849416
                ],
                [
                    200.04,
                    82.6826,
                    0.961298
                ],
                [
                    205.9,
                    82.6236,
                    0.855629
                ],
                [
                    191.265,
                    86.5636,
                    0.892701
                ],
                [
                    0.0,
                    0.0,
                    0.0
                ],
                [
                    238.19,
                    213.742,
                    0.776872
                ],
                [
                    237.224,
                    210.814,
                    0.72367
                ],
                [
                    222.558,
                    214.725,
                    0.801174
                ],
                [
                    223.504,
                    225.476,
                    0.793443
                ],
                [
                    217.669,
                    227.442,
                    0.741687
                ],
                [
                    214.713,
                    222.514,
                    0.791553
                ]
            ],
            "isKeyframe": false
        },
        {
            "bbox": [
                420.7498,
                41.00403,
                472.4002,
                247.59927,
                0.7626325652173912
            ],
            "personID": 1,
            "keypoints": [
                [
                    465.162,
                    65.073,
                    0.892685
                ],
                [
                    449.493,
                    81.6451,
                    0.911868
                ],
                [
                    434.875,
                    80.6869,
                    0.83673
                ],
                [
                    425.054,
                    109.095,
                    0.615341
                ],
                [
                    0.0,
                    0.0,
                    0.0
                ],
                [
                    462.202,
                    81.6774,
                    0.859143
                ],
                [
                    465.158,
                    110.044,
                    0.836389
                ],
                [
                    468.096,
                    136.417,
                    0.840767
                ],
                [
                    442.626,
                    137.48,
                    0.779984
                ],
                [
                    433.803,
                    137.471,
                    0.750265
                ],
                [
                    433.809,
                    176.608,
                    0.643406
                ],
                [
                    429.927,
                    215.689,
                    0.704364
                ],
                [
                    451.442,
                    137.475,
                    0.770459
                ],
                [
                    452.441,
                    178.522,
                    0.781742
                ],
                [
                    448.525,
                    213.714,
                    0.819899
                ],
                [
                    461.253,
                    59.2249,
                    0.828753
                ],
                [
                    466.18,
                    60.1568,
                    0.754536
                ],
                [
                    450.491,
                    58.2203,
                    0.942846
                ],
                [
                    0.0,
                    0.0,
                    0.0
                ],
                [
                    462.199,
                    221.578,
                    0.811532
                ],
                [
                    461.242,
                    217.661,
                    0.753156
                ],
                [
                    443.608,
                    215.703,
                    0.676261
                ],
                [
                    440.694,
                    230.375,
                    0.567985
                ],
                [
                    436.78,
                    230.383,
                    0.530896
                ],
                [
                    428.972,
                    219.6,
                    0.631542
                ]
            ],
            "isKeyframe": false
        },
        {
            "bbox": [
                355.1096,
                72.61065000000002,
                443.1704,
                275.67285,
                0.6622338333333333
            ],
            "personID": 2,
            "keypoints": [
                [
                    380.019,
                    97.2899,
                    0.243205
                ],
                [
                    403.543,
                    114.987,
                    0.868167
                ],
                [
                    420.139,
                    112.973,
                    0.872639
                ],
                [
                    433.883,
                    140.366,
                    0.827708
                ],
                [
                    435.832,
                    167.72,
                    0.915354
                ],
                [
                    386.926,
                    120.81,
                    0.850501
                ],
                [
                    372.207,
                    151.127,
                    0.880534
                ],
                [
                    362.448,
                    170.709,
                    0.85224
                ],
                [
                    409.354,
                    174.62,
                    0.742092
                ],
                [
                    420.156,
                    173.63,
                    0.718817
                ],
                [
                    419.137,
                    214.736,
                    0.896732
                ],
                [
                    425.041,
                    253.842,
                    0.854068
                ],
                [
                    394.735,
                    175.584,
                    0.754781
                ],
                [
                    386.849,
                    200.068,
                    0.739087
                ],
                [
                    381.993,
                    225.478,
                    0.586805
                ],
                [
                    0.0,
                    0.0,
                    0.0
                ],
                [
                    380.026,
                    91.5109,
                    0.399356
                ],
                [
                    401.555,
                    89.5325,
                    0.123071
                ],
                [
                    386.839,
                    91.4763,
                    0.880432
                ],
                [
                    384.935,
                    230.387,
                    0.269507
                ],
                [
                    380.028,
                    230.353,
                    0.331762
                ],
                [
                    382.965,
                    230.353,
                    0.472156
                ],
                [
                    419.179,
                    250.907,
                    0.540492
                ],
                [
                    425.04,
                    252.862,
                    0.47963
                ],
                [
                    425.054,
                    258.751,
                    0.794476
                ]
            ],
            "isKeyframe": false
        },
        {
            "bbox": [
                50.92441,
                166.5743,
                137.82469,
                356.74670000000003,
                0.6582779230769231
            ],
            "personID": 3,
            "keypoints": [
                [
                    74.8217,
                    184.371,
                    0.908269
                ],
                [
                    66.9955,
                    222.582,
                    0.754179
                ],
                [
                    68.0071,
                    231.401,
                    0.745791
                ],
                [
                    110.066,
                    253.886,
                    0.831641
                ],
                [
                    98.2982,
                    234.304,
                    0.661231
                ],
                [
                    66.0583,
                    211.799,
                    0.530934
                ],
                [
                    0.0,
                    0.0,
                    0.0
                ],
                [
                    0.0,
                    0.0,
                    0.0
                ],
                [
                    106.174,
                    293.94,
                    0.465169
                ],
                [
                    109.073,
                    293.968,
                    0.57614
                ],
                [
                    130.583,
                    340.899,
                    0.586341
                ],
                [
                    0.0,
                    0.0,
                    0.0
                ],
                [
                    104.204,
                    293.96,
                    0.342288
                ],
                [
                    121.782,
                    337.008,
                    0.361761
                ],
                [
                    0.0,
                    0.0,
                    0.0
                ],
                [
                    68.0233,
                    182.422,
                    0.850706
                ],
                [
                    0.0,
                    0.0,
                    0.0
                ],
                [
                    58.1661,
                    191.232,
                    0.943163
                ],
                [
                    0.0,
                    0.0,
                    0.0
                ],
                [
                    0.0,
                    0.0,
                    0.0
                ],
                [
                    0.0,
                    0.0,
                    0.0
                ],
                [
                    0.0,
                    0.0,
                    0.0
                ],
                [
                    0.0,
                    0.0,
                    0.0
                ],
                [
                    0.0,
                    0.0,
                    0.0
                ],
                [
                    0.0,
                    0.0,
                    0.0
                ]
            ],
            "isKeyframe": false
        }
    ],
    "isKeyframe": false
}