{
    "filename": "images/1/002758.jpg",
    "height": 360,
    "width": 640,
    "annots": [
        {
            "bbox": [
                319.1954,
                94.78090000000002,
                427.19059999999996,
                266.1661,
                0.7687827777777777
            ],
            "personID": 0,
            "keypoints": [
                [
                    0.0,
                    0.0,
                    0.0
                ],
                [
                    370.232,
                    134.517,
                    0.865378
                ],
                [
                    386.932,
                    136.472,
                    0.920272
                ],
                [
                    388.837,
                    160.938,
                    0.903605
                ],
                [
                    382.014,
                    185.406,
                    0.820737
                ],
                [
                    349.74,
                    130.613,
                    0.843107
                ],
                [
                    331.134,
                    153.123,
                    0.848132
                ],
                [
                    328.195,
                    176.568,
                    0.651599
                ],
                [
                    361.444,
                    191.257,
                    0.810005
                ],
                [
                    372.215,
                    191.275,
                    0.818281
                ],
                [
                    400.56,
                    205.909,
                    0.797506
                ],
                [
                    402.567,
                    246.049,
                    0.900581
                ],
                [
                    348.723,
                    191.235,
                    0.811006
                ],
                [
                    360.484,
                    207.884,
                    0.125358
                ],
                [
                    0.0,
                    0.0,
                    0.0
                ],
                [
                    0.0,
                    0.0,
                    0.0
                ],
                [
                    0.0,
                    0.0,
                    0.0
                ],
                [
                    382.023,
                    111.993,
                    0.682758
                ],
                [
                    363.441,
                    109.063,
                    0.854016
                ],
                [
                    0.0,
                    0.0,
                    0.0
                ],
                [
                    0.0,
                    0.0,
                    0.0
                ],
                [
                    0.0,
                    0.0,
                    0.0
                ],
                [
                    418.191,
                    247.986,
                    0.727293
                ],
                [
                    415.244,
                    251.884,
                    0.728527
                ],
                [
                    398.643,
                    250.928,
                    0.729929
                ]
            ],
            "isKeyframe": false
        },
        {
            "bbox": [
                187.65789999999998,
                60.76399000000002,
                242.7991,
                241.54291,
                0.7580413826086955
            ],
            "personID": 1,
            "keypoints": [
                [
                    209.849,
                    81.6462,
                    0.855703
                ],
                [
                    200.069,
                    101.256,
                    0.878548
                ],
                [
                    192.253,
                    105.201,
                    0.901293
                ],
                [
                    192.272,
                    134.504,
                    0.86364
                ],
                [
                    199.067,
                    153.103,
                    0.862013
                ],
                [
                    207.905,
                    97.3314,
                    0.890307
                ],
                [
                    215.675,
                    120.849,
                    0.17005
                ],
                [
                    0.0,
                    0.0,
                    0.0
                ],
                [
                    214.674,
                    150.147,
                    0.764346
                ],
                [
                    207.902,
                    151.155,
                    0.786843
                ],
                [
                    214.751,
                    184.428,
                    0.846787
                ],
                [
                    214.742,
                    218.632,
                    0.862623
                ],
                [
                    217.676,
                    146.283,
                    0.696314
                ],
                [
                    222.498,
                    182.448,
                    0.789246
                ],
                [
                    224.516,
                    209.861,
                    0.82172
                ],
                [
                    207.837,
                    77.7963,
                    0.863667
                ],
                [
                    207.928,
                    75.8289,
                    0.0509638
                ],
                [
                    199.066,
                    82.6286,
                    0.91602
                ],
                [
                    0.0,
                    0.0,
                    0.0
                ],
                [
                    238.204,
                    213.713,
                    0.777666
                ],
                [
                    237.229,
                    209.853,
                    0.721818
                ],
                [
                    223.518,
                    214.729,
                    0.756948
                ],
                [
                    223.52,
                    224.515,
                    0.814822
                ],
                [
                    218.635,
                    226.478,
                    0.744086
                ],
                [
                    213.731,
                    222.517,
                    0.799528
                ]
            ],
            "isKeyframe": false
        },
        {
            "bbox": [
                436.20520000000005,
                47.97833,
                501.8788,
                265.14197,
                0.7903940800000001
            ],
            "personID": 2,
            "keypoints": [
                [
                    473.975,
                    71.8985,
                    0.886573
                ],
                [
                    470.022,
                    89.4863,
                    0.865574
                ],
                [
                    451.477,
                    89.5164,
                    0.845703
                ],
                [
                    441.678,
                    119.846,
                    0.862812
                ],
                [
                    442.621,
                    146.233,
                    0.888593
                ],
                [
                    487.628,
                    88.5473,
                    0.85776
                ],
                [
                    489.647,
                    116.917,
                    0.802475
                ],
                [
                    496.406,
                    145.263,
                    0.883864
                ],
                [
                    467.133,
                    146.263,
                    0.73974
                ],
                [
                    458.315,
                    146.272,
                    0.736971
                ],
                [
                    466.18,
                    191.234,
                    0.805664
                ],
                [
                    475.905,
                    234.31,
                    0.776228
                ],
                [
                    477.846,
                    146.255,
                    0.712728
                ],
                [
                    468.071,
                    184.4,
                    0.766209
                ],
                [
                    449.523,
                    212.746,
                    0.834744
                ],
                [
                    470.996,
                    66.989,
                    0.860672
                ],
                [
                    479.79,
                    66.9944,
                    0.873038
                ],
                [
                    463.187,
                    66.0753,
                    0.834455
                ],
                [
                    481.815,
                    66.0772,
                    0.373424
                ],
                [
                    463.184,
                    222.536,
                    0.704346
                ],
                [
                    463.182,
                    219.614,
                    0.72313
                ],
                [
                    442.682,
                    214.726,
                    0.832965
                ],
                [
                    481.743,
                    247.045,
                    0.765408
                ],
                [
                    473.982,
                    247.009,
                    0.825914
                ],
                [
                    477.854,
                    238.219,
                    0.700862
                ]
            ],
            "isKeyframe": false
        },
        {
            "bbox": [
                51.055130000000005,
                165.6142,
                136.80917,
                355.7518,
                0.6570984615384615
            ],
            "personID": 3,
            "keypoints": [
                [
                    74.8686,
                    183.449,
                    0.894404
                ],
                [
                    66.0724,
                    222.542,
                    0.752432
                ],
                [
                    68.0049,
                    231.354,
                    0.750263
                ],
                [
                    110.051,
                    253.897,
                    0.832263
                ],
                [
                    98.3085,
                    235.261,
                    0.662662
                ],
                [
                    66.0384,
                    211.785,
                    0.550173
                ],
                [
                    0.0,
                    0.0,
                    0.0
                ],
                [
                    0.0,
                    0.0,
                    0.0
                ],
                [
                    106.123,
                    292.974,
                    0.473295
                ],
                [
                    108.089,
                    292.984,
                    0.577724
                ],
                [
                    129.663,
                    339.907,
                    0.578586
                ],
                [
                    0.0,
                    0.0,
                    0.0
                ],
                [
                    102.245,
                    292.988,
                    0.352093
                ],
                [
                    120.835,
                    334.07,
                    0.366974
                ],
                [
                    0.0,
                    0.0,
                    0.0
                ],
                [
                    69.9635,
                    181.459,
                    0.812677
                ],
                [
                    0.0,
                    0.0,
                    0.0
                ],
                [
                    58.2013,
                    191.202,
                    0.938734
                ],
                [
                    0.0,
                    0.0,
                    0.0
                ],
                [
                    0.0,
                    0.0,
                    0.0
                ],
                [
                    0.0,
                    0.0,
                    0.0
                ],
                [
                    0.0,
                    0.0,
                    0.0
                ],
                [
                    0.0,
                    0.0,
                    0.0
                ],
                [
                    0.0,
                    0.0,
                    0.0
                ],
                [
                    0.0,
                    0.0,
                    0.0
                ]
            ],
            "isKeyframe": false
        }
    ],
    "isKeyframe": false
}