{
    "filename": "images/1/002731.jpg",
    "height": 360,
    "width": 640,
    "annots": [
        {
            "bbox": [
                179.0606,
                67.15756,
                243.56539999999998,
                241.99804,
                0.7922041249999999
            ],
            "personID": 0,
            "keypoints": [
                [
                    205.893,
                    84.6391,
                    0.870348
                ],
                [
                    197.106,
                    104.204,
                    0.881751
                ],
                [
                    184.436,
                    109.089,
                    0.855497
                ],
                [
                    185.398,
                    136.497,
                    0.860106
                ],
                [
                    194.181,
                    155.076,
                    0.646241
                ],
                [
                    206.922,
                    97.3744,
                    0.930348
                ],
                [
                    214.709,
                    120.809,
                    0.568233
                ],
                [
                    222.558,
                    141.364,
                    0.256318
                ],
                [
                    207.906,
                    152.083,
                    0.818602
                ],
                [
                    200.108,
                    153.091,
                    0.809696
                ],
                [
                    207.851,
                    185.416,
                    0.859593
                ],
                [
                    214.742,
                    217.681,
                    0.859446
                ],
                [
                    215.711,
                    149.182,
                    0.773576
                ],
                [
                    221.588,
                    182.46,
                    0.842977
                ],
                [
                    223.573,
                    209.844,
                    0.845066
                ],
                [
                    200.067,
                    82.6702,
                    0.967236
                ],
                [
                    205.936,
                    81.7276,
                    0.845004
                ],
                [
                    191.273,
                    84.6511,
                    0.89865
                ],
                [
                    0.0,
                    0.0,
                    0.0
                ],
                [
                    238.19,
                    213.749,
                    0.777023
                ],
                [
                    237.228,
                    210.827,
                    0.723046
                ],
                [
                    222.568,
                    214.72,
                    0.808912
                ],
                [
                    223.495,
                    224.534,
                    0.795543
                ],
                [
                    217.658,
                    227.428,
                    0.737432
                ],
                [
                    214.718,
                    221.589,
                    0.782255
                ]
            ],
            "isKeyframe": false
        },
        {
            "bbox": [
                349.82770000000005,
                72.70073,
                442.5553,
                274.60757,
                0.6202046666666666
            ],
            "personID": 1,
            "keypoints": [
                [
                    379.049,
                    96.3567,
                    0.111965
                ],
                [
                    402.497,
                    116.903,
                    0.854158
                ],
                [
                    419.134,
                    113.029,
                    0.921287
                ],
                [
                    432.874,
                    141.37,
                    0.776011
                ],
                [
                    434.828,
                    167.76,
                    0.939179
                ],
                [
                    382.973,
                    120.832,
                    0.825121
                ],
                [
                    367.331,
                    151.114,
                    0.816091
                ],
                [
                    357.555,
                    168.785,
                    0.889562
                ],
                [
                    403.518,
                    175.563,
                    0.775844
                ],
                [
                    418.143,
                    174.603,
                    0.750797
                ],
                [
                    417.229,
                    214.694,
                    0.873603
                ],
                [
                    424.048,
                    253.832,
                    0.838074
                ],
                [
                    389.836,
                    175.602,
                    0.708333
                ],
                [
                    381.037,
                    202.025,
                    0.65285
                ],
                [
                    372.228,
                    230.348,
                    0.43087
                ],
                [
                    0.0,
                    0.0,
                    0.0
                ],
                [
                    379.036,
                    91.4777,
                    0.269246
                ],
                [
                    397.666,
                    89.5263,
                    0.13147
                ],
                [
                    382.962,
                    91.495,
                    0.845078
                ],
                [
                    378.081,
                    231.374,
                    0.124293
                ],
                [
                    374.163,
                    231.357,
                    0.157841
                ],
                [
                    372.189,
                    232.333,
                    0.315709
                ],
                [
                    423.069,
                    253.859,
                    0.518795
                ],
                [
                    426.969,
                    254.831,
                    0.568261
                ],
                [
                    424.043,
                    257.782,
                    0.790474
                ]
            ],
            "isKeyframe": false
        },
        {
            "bbox": [
                421.08700000000005,
                40.972319999999996,
                479.815,
                247.58687999999998,
                0.766021875
            ],
            "personID": 2,
            "keypoints": [
                [
                    466.141,
                    62.1301,
                    0.862464
                ],
                [
                    450.485,
                    81.6346,
                    0.913566
                ],
                [
                    436.8,
                    80.6773,
                    0.803632
                ],
                [
                    425.981,
                    107.149,
                    0.725145
                ],
                [
                    426.975,
                    129.648,
                    0.192799
                ],
                [
                    465.141,
                    81.6734,
                    0.910894
                ],
                [
                    468.064,
                    111.98,
                    0.803106
                ],
                [
                    474.921,
                    137.455,
                    0.863165
                ],
                [
                    444.621,
                    138.418,
                    0.727737
                ],
                [
                    434.863,
                    138.423,
                    0.74448
                ],
                [
                    436.798,
                    177.543,
                    0.785178
                ],
                [
                    433.859,
                    215.693,
                    0.879285
                ],
                [
                    455.379,
                    138.414,
                    0.739021
                ],
                [
                    456.318,
                    181.461,
                    0.813423
                ],
                [
                    445.6,
                    213.731,
                    0.789019
                ],
                [
                    464.138,
                    58.1955,
                    0.868377
                ],
                [
                    469.053,
                    58.2546,
                    0.784899
                ],
                [
                    451.461,
                    58.1902,
                    0.89608
                ],
                [
                    0.0,
                    0.0,
                    0.0
                ],
                [
                    460.25,
                    222.52,
                    0.790643
                ],
                [
                    459.287,
                    217.682,
                    0.757197
                ],
                [
                    442.612,
                    215.688,
                    0.570066
                ],
                [
                    445.583,
                    230.362,
                    0.722
                ],
                [
                    440.689,
                    230.369,
                    0.707955
                ],
                [
                    431.874,
                    217.673,
                    0.734394
                ]
            ],
            "isKeyframe": false
        },
        {
            "bbox": [
                51.01328999999999,
                166.57669999999996,
                136.82061,
                356.7323,
                0.659239076923077
            ],
            "personID": 3,
            "keypoints": [
                [
                    74.8207,
                    184.373,
                    0.910588
                ],
                [
                    67.0028,
                    222.587,
                    0.756295
                ],
                [
                    68.0177,
                    231.401,
                    0.742325
                ],
                [
                    110.066,
                    253.886,
                    0.830968
                ],
                [
                    98.3094,
                    235.255,
                    0.669139
                ],
                [
                    66.9991,
                    212.763,
                    0.533212
                ],
                [
                    0.0,
                    0.0,
                    0.0
                ],
                [
                    0.0,
                    0.0,
                    0.0
                ],
                [
                    106.164,
                    293.006,
                    0.468339
                ],
                [
                    109.067,
                    293.963,
                    0.577723
                ],
                [
                    129.67,
                    340.886,
                    0.586279
                ],
                [
                    0.0,
                    0.0,
                    0.0
                ],
                [
                    104.194,
                    293.958,
                    0.344023
                ],
                [
                    121.792,
                    337.003,
                    0.358707
                ],
                [
                    0.0,
                    0.0,
                    0.0
                ],
                [
                    68.0231,
                    182.423,
                    0.850837
                ],
                [
                    0.0,
                    0.0,
                    0.0
                ],
                [
                    58.1639,
                    191.23,
                    0.941673
                ],
                [
                    0.0,
                    0.0,
                    0.0
                ],
                [
                    0.0,
                    0.0,
                    0.0
                ],
                [
                    0.0,
                    0.0,
                    0.0
                ],
                [
                    0.0,
                    0.0,
                    0.0
                ],
                [
                    0.0,
                    0.0,
                    0.0
                ],
                [
                    0.0,
                    0.0,
                    0.0
                ],
                [
                    0.0,
                    0.0,
                    0.0
                ]
            ],
            "isKeyframe": false
        }
    ],
    "isKeyframe": false
}