{
    "filename": "images/1/002735.jpg",
    "height": 360,
    "width": 640,
    "annots": [
        {
            "bbox": [
                179.08620000000002,
                67.15575000000003,
                243.5478,
                242.00475,
                0.7988954166666667
            ],
            "personID": 0,
            "keypoints": [
                [
                    205.923,
                    84.6325,
                    0.88069
                ],
                [
                    198.061,
                    104.193,
                    0.891895
                ],
                [
                    184.458,
                    109.067,
                    0.847913
                ],
                [
                    185.407,
                    136.47,
                    0.882625
                ],
                [
                    192.248,
                    156.025,
                    0.806105
                ],
                [
                    207.844,
                    97.362,
                    0.931632
                ],
                [
                    214.746,
                    119.818,
                    0.607943
                ],
                [
                    225.485,
                    133.537,
                    0.23533
                ],
                [
                    208.866,
                    152.088,
                    0.804385
                ],
                [
                    202.01,
                    153.089,
                    0.784151
                ],
                [
                    207.849,
                    186.368,
                    0.860961
                ],
                [
                    214.745,
                    218.634,
                    0.852171
                ],
                [
                    215.746,
                    149.201,
                    0.76734
                ],
                [
                    221.562,
                    182.448,
                    0.820916
                ],
                [
                    223.559,
                    209.844,
                    0.847996
                ],
                [
                    200.094,
                    82.6636,
                    0.955929
                ],
                [
                    206.867,
                    81.7265,
                    0.853453
                ],
                [
                    191.285,
                    84.6312,
                    0.905686
                ],
                [
                    0.0,
                    0.0,
                    0.0
                ],
                [
                    238.176,
                    213.744,
                    0.766195
                ],
                [
                    237.21,
                    210.822,
                    0.707385
                ],
                [
                    222.56,
                    214.722,
                    0.813677
                ],
                [
                    223.502,
                    224.53,
                    0.806784
                ],
                [
                    217.665,
                    227.434,
                    0.746012
                ],
                [
                    214.71,
                    222.51,
                    0.796316
                ]
            ],
            "isKeyframe": false
        },
        {
            "bbox": [
                420.7228,
                41.553950000000015,
                484.1332,
                241.15655,
                0.7324298750000001
            ],
            "personID": 1,
            "keypoints": [
                [
                    467.137,
                    65.0299,
                    0.826335
                ],
                [
                    452.428,
                    80.7277,
                    0.862534
                ],
                [
                    439.715,
                    79.7487,
                    0.807213
                ],
                [
                    426.007,
                    108.097,
                    0.792039
                ],
                [
                    428.938,
                    134.502,
                    0.500231
                ],
                [
                    466.162,
                    81.6527,
                    0.897101
                ],
                [
                    472.006,
                    110.041,
                    0.821151
                ],
                [
                    478.849,
                    137.466,
                    0.857292
                ],
                [
                    450.445,
                    139.406,
                    0.746702
                ],
                [
                    441.677,
                    140.376,
                    0.710734
                ],
                [
                    453.408,
                    183.375,
                    0.738593
                ],
                [
                    442.628,
                    215.712,
                    0.776026
                ],
                [
                    458.296,
                    138.453,
                    0.746978
                ],
                [
                    457.278,
                    182.439,
                    0.795438
                ],
                [
                    448.487,
                    213.73,
                    0.738268
                ],
                [
                    465.152,
                    59.177,
                    0.881264
                ],
                [
                    471.981,
                    59.214,
                    0.75494
                ],
                [
                    453.425,
                    58.1875,
                    0.858562
                ],
                [
                    0.0,
                    0.0,
                    0.0
                ],
                [
                    464.144,
                    221.56,
                    0.762017
                ],
                [
                    462.213,
                    217.646,
                    0.683431
                ],
                [
                    442.627,
                    215.682,
                    0.371858
                ],
                [
                    457.354,
                    223.539,
                    0.561185
                ],
                [
                    453.397,
                    224.523,
                    0.45811
                ],
                [
                    438.74,
                    219.631,
                    0.630315
                ]
            ],
            "isKeyframe": false
        },
        {
            "bbox": [
                346.86150000000004,
                73.67923,
                439.61550000000005,
                275.58007,
                0.658312
            ],
            "personID": 2,
            "keypoints": [
                [
                    375.153,
                    97.2957,
                    0.143831
                ],
                [
                    396.664,
                    118.876,
                    0.854566
                ],
                [
                    416.247,
                    113.977,
                    0.855709
                ],
                [
                    427.981,
                    143.314,
                    0.783204
                ],
                [
                    431.886,
                    168.793,
                    0.844015
                ],
                [
                    379.096,
                    120.846,
                    0.874491
                ],
                [
                    363.413,
                    149.177,
                    0.852999
                ],
                [
                    354.591,
                    168.788,
                    0.872039
                ],
                [
                    399.603,
                    176.566,
                    0.726077
                ],
                [
                    411.385,
                    175.6,
                    0.757533
                ],
                [
                    414.276,
                    215.684,
                    0.855105
                ],
                [
                    421.129,
                    253.877,
                    0.861466
                ],
                [
                    386.846,
                    176.601,
                    0.735929
                ],
                [
                    376.136,
                    207.909,
                    0.652264
                ],
                [
                    363.383,
                    236.239,
                    0.319027
                ],
                [
                    0.0,
                    0.0,
                    0.0
                ],
                [
                    374.2,
                    91.5117,
                    0.296326
                ],
                [
                    395.71,
                    90.5043,
                    0.154597
                ],
                [
                    380.041,
                    93.4364,
                    0.875997
                ],
                [
                    0.0,
                    0.0,
                    0.0
                ],
                [
                    0.0,
                    0.0,
                    0.0
                ],
                [
                    361.454,
                    238.224,
                    0.180486
                ],
                [
                    420.165,
                    253.824,
                    0.596362
                ],
                [
                    425.979,
                    254.808,
                    0.62127
                ],
                [
                    421.142,
                    258.755,
                    0.769571
                ]
            ],
            "isKeyframe": false
        },
        {
            "bbox": [
                51.01961999999999,
                166.6651,
                136.81457999999998,
                355.6999,
                0.6589088461538462
            ],
            "personID": 3,
            "keypoints": [
                [
                    74.8348,
                    184.368,
                    0.915259
                ],
                [
                    67.0028,
                    222.59,
                    0.757005
                ],
                [
                    68.02,
                    231.399,
                    0.74261
                ],
                [
                    110.067,
                    253.892,
                    0.834479
                ],
                [
                    98.3018,
                    234.304,
                    0.66764
                ],
                [
                    67.0017,
                    212.776,
                    0.538628
                ],
                [
                    0.0,
                    0.0,
                    0.0
                ],
                [
                    0.0,
                    0.0,
                    0.0
                ],
                [
                    106.157,
                    292.993,
                    0.463999
                ],
                [
                    108.116,
                    293.94,
                    0.577583
                ],
                [
                    129.665,
                    339.947,
                    0.58442
                ],
                [
                    0.0,
                    0.0,
                    0.0
                ],
                [
                    104.188,
                    293.947,
                    0.338403
                ],
                [
                    121.785,
                    336.029,
                    0.3545
                ],
                [
                    0.0,
                    0.0,
                    0.0
                ],
                [
                    68.0318,
                    182.418,
                    0.845678
                ],
                [
                    0.0,
                    0.0,
                    0.0
                ],
                [
                    58.1692,
                    191.236,
                    0.945611
                ],
                [
                    0.0,
                    0.0,
                    0.0
                ],
                [
                    0.0,
                    0.0,
                    0.0
                ],
                [
                    0.0,
                    0.0,
                    0.0
                ],
                [
                    0.0,
                    0.0,
                    0.0
                ],
                [
                    0.0,
                    0.0,
                    0.0
                ],
                [
                    0.0,
                    0.0,
                    0.0
                ],
                [
                    0.0,
                    0.0,
                    0.0
                ]
            ],
            "isKeyframe": false
        }
    ],
    "isKeyframe": false
}