{
    "filename": "images/1/002750.jpg",
    "height": 360,
    "width": 640,
    "annots": [
        {
            "bbox": [
                430.21360000000004,
                41.51174999999999,
                497.1304,
                265.65675,
                0.78192512
            ],
            "personID": 0,
            "keypoints": [
                [
                    472.967,
                    66.0346,
                    0.925319
                ],
                [
                    465.127,
                    84.6246,
                    0.904887
                ],
                [
                    448.516,
                    83.651,
                    0.844103
                ],
                [
                    435.79,
                    113.022,
                    0.861743
                ],
                [
                    436.765,
                    138.417,
                    0.815922
                ],
                [
                    481.757,
                    84.6504,
                    0.865192
                ],
                [
                    487.664,
                    114.934,
                    0.851757
                ],
                [
                    491.554,
                    144.263,
                    0.851007
                ],
                [
                    462.201,
                    145.303,
                    0.754039
                ],
                [
                    451.467,
                    145.302,
                    0.748002
                ],
                [
                    462.221,
                    189.303,
                    0.771179
                ],
                [
                    473.917,
                    233.308,
                    0.816216
                ],
                [
                    471.992,
                    145.303,
                    0.765881
                ],
                [
                    462.195,
                    184.371,
                    0.786538
                ],
                [
                    448.513,
                    213.726,
                    0.826553
                ],
                [
                    467.126,
                    60.1905,
                    0.848582
                ],
                [
                    475.908,
                    61.1439,
                    0.828615
                ],
                [
                    460.244,
                    62.1309,
                    0.824534
                ],
                [
                    480.818,
                    65.0386,
                    0.398745
                ],
                [
                    461.234,
                    221.583,
                    0.676366
                ],
                [
                    460.268,
                    217.679,
                    0.703051
                ],
                [
                    441.705,
                    215.693,
                    0.828658
                ],
                [
                    480.764,
                    246.978,
                    0.698324
                ],
                [
                    474.911,
                    246.047,
                    0.6774
                ],
                [
                    473.953,
                    238.196,
                    0.675515
                ]
            ],
            "isKeyframe": false
        },
        {
            "bbox": [
                323.5159,
                89.22520000000002,
                426.8011,
                268.7788,
                0.7851110000000001
            ],
            "personID": 1,
            "keypoints": [
                [
                    0.0,
                    0.0,
                    0.0
                ],
                [
                    374.187,
                    128.634,
                    0.887241
                ],
                [
                    394.684,
                    128.658,
                    0.928375
                ],
                [
                    402.494,
                    158.936,
                    0.883341
                ],
                [
                    396.654,
                    183.415,
                    0.883488
                ],
                [
                    356.528,
                    127.675,
                    0.871153
                ],
                [
                    337.961,
                    152.107,
                    0.851527
                ],
                [
                    332.123,
                    170.693,
                    0.801885
                ],
                [
                    370.269,
                    185.403,
                    0.800201
                ],
                [
                    381.019,
                    185.401,
                    0.79011
                ],
                [
                    403.532,
                    207.852,
                    0.896532
                ],
                [
                    404.486,
                    247.038,
                    0.86805
                ],
                [
                    356.594,
                    185.411,
                    0.777451
                ],
                [
                    367.316,
                    202.024,
                    0.160409
                ],
                [
                    0.0,
                    0.0,
                    0.0
                ],
                [
                    0.0,
                    0.0,
                    0.0
                ],
                [
                    0.0,
                    0.0,
                    0.0
                ],
                [
                    386.923,
                    104.188,
                    0.524678
                ],
                [
                    369.288,
                    105.122,
                    0.868037
                ],
                [
                    0.0,
                    0.0,
                    0.0
                ],
                [
                    0.0,
                    0.0,
                    0.0
                ],
                [
                    0.0,
                    0.0,
                    0.0
                ],
                [
                    418.194,
                    248.947,
                    0.737486
                ],
                [
                    417.214,
                    252.849,
                    0.800617
                ],
                [
                    402.519,
                    253.816,
                    0.801417
                ]
            ],
            "isKeyframe": false
        },
        {
            "bbox": [
                186.55059999999997,
                62.91630000000002,
                242.9314,
                241.31669999999997,
                0.7410435416666666
            ],
            "personID": 2,
            "keypoints": [
                [
                    208.863,
                    81.7005,
                    0.90172
                ],
                [
                    200.026,
                    100.299,
                    0.890604
                ],
                [
                    191.254,
                    105.143,
                    0.902445
                ],
                [
                    191.249,
                    134.504,
                    0.855729
                ],
                [
                    198.084,
                    153.077,
                    0.811051
                ],
                [
                    207.918,
                    97.3733,
                    0.90335
                ],
                [
                    215.705,
                    121.796,
                    0.214593
                ],
                [
                    224.532,
                    140.394,
                    0.110864
                ],
                [
                    211.808,
                    150.154,
                    0.740149
                ],
                [
                    206.904,
                    152.09,
                    0.79781
                ],
                [
                    211.801,
                    184.419,
                    0.81409
                ],
                [
                    214.695,
                    219.611,
                    0.837713
                ],
                [
                    216.677,
                    147.221,
                    0.71868
                ],
                [
                    222.5,
                    182.442,
                    0.819532
                ],
                [
                    224.508,
                    209.856,
                    0.836187
                ],
                [
                    206.881,
                    79.7298,
                    0.871075
                ],
                [
                    208.882,
                    77.783,
                    0.217936
                ],
                [
                    198.059,
                    81.729,
                    0.902326
                ],
                [
                    0.0,
                    0.0,
                    0.0
                ],
                [
                    238.233,
                    213.74,
                    0.789624
                ],
                [
                    238.171,
                    211.775,
                    0.7079
                ],
                [
                    222.591,
                    214.727,
                    0.811877
                ],
                [
                    222.575,
                    224.498,
                    0.805295
                ],
                [
                    216.712,
                    226.45,
                    0.738105
                ],
                [
                    212.773,
                    222.533,
                    0.78639
                ]
            ],
            "isKeyframe": false
        },
        {
            "bbox": [
                51.03876,
                165.6145,
                136.81284,
                355.7845,
                0.6153594928571428
            ],
            "personID": 3,
            "keypoints": [
                [
                    74.8585,
                    183.444,
                    0.896448
                ],
                [
                    66.0772,
                    222.547,
                    0.756596
                ],
                [
                    67.9837,
                    231.351,
                    0.757092
                ],
                [
                    110.044,
                    253.895,
                    0.826752
                ],
                [
                    98.301,
                    235.26,
                    0.652909
                ],
                [
                    66.0634,
                    211.806,
                    0.561424
                ],
                [
                    89.5096,
                    248.014,
                    0.0506749
                ],
                [
                    0.0,
                    0.0,
                    0.0
                ],
                [
                    106.142,
                    292.984,
                    0.471206
                ],
                [
                    108.094,
                    293.001,
                    0.581632
                ],
                [
                    129.665,
                    339.937,
                    0.589471
                ],
                [
                    0.0,
                    0.0,
                    0.0
                ],
                [
                    104.17,
                    292.997,
                    0.347814
                ],
                [
                    121.779,
                    336.02,
                    0.367212
                ],
                [
                    0.0,
                    0.0,
                    0.0
                ],
                [
                    68.9956,
                    181.462,
                    0.816182
                ],
                [
                    0.0,
                    0.0,
                    0.0
                ],
                [
                    58.1866,
                    191.213,
                    0.93962
                ],
                [
                    0.0,
                    0.0,
                    0.0
                ],
                [
                    0.0,
                    0.0,
                    0.0
                ],
                [
                    0.0,
                    0.0,
                    0.0
                ],
                [
                    0.0,
                    0.0,
                    0.0
                ],
                [
                    0.0,
                    0.0,
                    0.0
                ],
                [
                    0.0,
                    0.0,
                    0.0
                ],
                [
                    0.0,
                    0.0,
                    0.0
                ]
            ],
            "isKeyframe": false
        }
    ],
    "isKeyframe": false
}