{
    "filename": "images/1/002771.jpg",
    "height": 360,
    "width": 640,
    "annots": [
        {
            "bbox": [
                450.5526,
                52.13741999999998,
                508.0734,
                265.81878,
                0.7528704400000001
            ],
            "personID": 0,
            "keypoints": [
                [
                    478.845,
                    74.8576,
                    0.880515
                ],
                [
                    476.874,
                    91.4562,
                    0.872747
                ],
                [
                    458.287,
                    93.4478,
                    0.845826
                ],
                [
                    455.346,
                    127.671,
                    0.77171
                ],
                [
                    457.315,
                    158.955,
                    0.86265
                ],
                [
                    496.435,
                    90.4653,
                    0.920794
                ],
                [
                    497.47,
                    120.814,
                    0.869227
                ],
                [
                    503.28,
                    147.215,
                    0.831027
                ],
                [
                    480.784,
                    153.127,
                    0.794476
                ],
                [
                    469.078,
                    154.085,
                    0.710345
                ],
                [
                    472.967,
                    198.106,
                    0.869278
                ],
                [
                    474.006,
                    234.31,
                    0.84056
                ],
                [
                    489.643,
                    153.095,
                    0.775937
                ],
                [
                    493.529,
                    194.182,
                    0.809545
                ],
                [
                    473.918,
                    205.93,
                    0.760017
                ],
                [
                    473.93,
                    71.9066,
                    0.863526
                ],
                [
                    481.796,
                    71.8885,
                    0.861477
                ],
                [
                    467.102,
                    70.9202,
                    0.745016
                ],
                [
                    488.623,
                    69.9442,
                    0.695548
                ],
                [
                    479.796,
                    217.655,
                    0.212298
                ],
                [
                    478.841,
                    216.703,
                    0.257195
                ],
                [
                    470.035,
                    205.887,
                    0.356938
                ],
                [
                    481.777,
                    248.012,
                    0.815398
                ],
                [
                    473.999,
                    247.983,
                    0.843617
                ],
                [
                    474.928,
                    238.188,
                    0.756094
                ]
            ],
            "isKeyframe": false
        },
        {
            "bbox": [
                190.7833,
                64.76678000000001,
                243.5677,
                232.64702000000003,
                0.6919581818181818
            ],
            "personID": 1,
            "keypoints": [
                [
                    211.802,
                    81.6764,
                    0.870948
                ],
                [
                    200.096,
                    99.3161,
                    0.880352
                ],
                [
                    195.182,
                    104.195,
                    0.846049
                ],
                [
                    196.133,
                    130.621,
                    0.823697
                ],
                [
                    199.105,
                    152.158,
                    0.889343
                ],
                [
                    206.925,
                    97.3151,
                    0.858328
                ],
                [
                    215.676,
                    120.823,
                    0.104328
                ],
                [
                    0.0,
                    0.0,
                    0.0
                ],
                [
                    214.701,
                    148.208,
                    0.744513
                ],
                [
                    209.833,
                    151.116,
                    0.728371
                ],
                [
                    219.619,
                    183.42,
                    0.761596
                ],
                [
                    222.536,
                    214.718,
                    0.810585
                ],
                [
                    216.707,
                    146.243,
                    0.666577
                ],
                [
                    221.564,
                    181.477,
                    0.631139
                ],
                [
                    223.556,
                    208.891,
                    0.687482
                ],
                [
                    207.912,
                    78.7568,
                    0.87828
                ],
                [
                    0.0,
                    0.0,
                    0.0
                ],
                [
                    200.092,
                    81.6656,
                    0.909371
                ],
                [
                    0.0,
                    0.0,
                    0.0
                ],
                [
                    239.169,
                    212.748,
                    0.54565
                ],
                [
                    238.169,
                    208.887,
                    0.500207
                ],
                [
                    221.572,
                    215.681,
                    0.315868
                ],
                [
                    233.335,
                    214.758,
                    0.56819
                ],
                [
                    230.385,
                    216.714,
                    0.541275
                ],
                [
                    220.587,
                    218.657,
                    0.660931
                ]
            ],
            "isKeyframe": false
        },
        {
            "bbox": [
                51.05165999999999,
                165.78729999999996,
                136.79093999999998,
                353.61969999999997,
                0.6133159714285714
            ],
            "personID": 2,
            "keypoints": [
                [
                    74.8845,
                    183.444,
                    0.898904
                ],
                [
                    66.0748,
                    222.539,
                    0.754873
                ],
                [
                    67.9973,
                    231.352,
                    0.758064
                ],
                [
                    110.04,
                    253.893,
                    0.834248
                ],
                [
                    97.3792,
                    234.292,
                    0.690768
                ],
                [
                    66.0446,
                    211.785,
                    0.552614
                ],
                [
                    89.4873,
                    248.003,
                    0.0515676
                ],
                [
                    0.0,
                    0.0,
                    0.0
                ],
                [
                    105.194,
                    292.005,
                    0.462547
                ],
                [
                    107.128,
                    292.015,
                    0.573657
                ],
                [
                    129.646,
                    337.967,
                    0.554784
                ],
                [
                    0.0,
                    0.0,
                    0.0
                ],
                [
                    102.237,
                    292.016,
                    0.342208
                ],
                [
                    120.819,
                    333.076,
                    0.364242
                ],
                [
                    0.0,
                    0.0,
                    0.0
                ],
                [
                    70.9238,
                    181.44,
                    0.81146
                ],
                [
                    0.0,
                    0.0,
                    0.0
                ],
                [
                    58.1966,
                    191.2,
                    0.936487
                ],
                [
                    0.0,
                    0.0,
                    0.0
                ],
                [
                    0.0,
                    0.0,
                    0.0
                ],
                [
                    0.0,
                    0.0,
                    0.0
                ],
                [
                    0.0,
                    0.0,
                    0.0
                ],
                [
                    0.0,
                    0.0,
                    0.0
                ],
                [
                    0.0,
                    0.0,
                    0.0
                ],
                [
                    0.0,
                    0.0,
                    0.0
                ]
            ],
            "isKeyframe": false
        },
        {
            "bbox": [
                302.2971,
                126.18710000000003,
                425.51189999999997,
                261.1859,
                0.7443507500000001
            ],
            "personID": 3,
            "keypoints": [
                [
                    0.0,
                    0.0,
                    0.0
                ],
                [
                    352.659,
                    159.948,
                    0.870288
                ],
                [
                    371.186,
                    160.893,
                    0.8793
                ],
                [
                    373.215,
                    182.429,
                    0.859574
                ],
                [
                    372.171,
                    202.007,
                    0.896302
                ],
                [
                    334.077,
                    158.948,
                    0.808684
                ],
                [
                    312.565,
                    167.761,
                    0.257692
                ],
                [
                    0.0,
                    0.0,
                    0.0
                ],
                [
                    345.8,
                    215.716,
                    0.686689
                ],
                [
                    356.562,
                    216.711,
                    0.642283
                ],
                [
                    394.751,
                    204.927,
                    0.83114
                ],
                [
                    397.669,
                    246.014,
                    0.835574
                ],
                [
                    333.101,
                    214.726,
                    0.635589
                ],
                [
                    0.0,
                    0.0,
                    0.0
                ],
                [
                    0.0,
                    0.0,
                    0.0
                ],
                [
                    0.0,
                    0.0,
                    0.0
                ],
                [
                    0.0,
                    0.0,
                    0.0
                ],
                [
                    369.267,
                    140.376,
                    0.783685
                ],
                [
                    348.751,
                    137.437,
                    0.681614
                ],
                [
                    0.0,
                    0.0,
                    0.0
                ],
                [
                    0.0,
                    0.0,
                    0.0
                ],
                [
                    0.0,
                    0.0,
                    0.0
                ],
                [
                    415.244,
                    246.982,
                    0.720834
                ],
                [
                    411.363,
                    248.951,
                    0.780465
                ],
                [
                    394.751,
                    249.936,
                    0.739899
                ]
            ],
            "isKeyframe": false
        }
    ],
    "isKeyframe": false
}