{
    "filename": "images/1/002714.jpg",
    "height": 360,
    "width": 640,
    "annots": [
        {
            "bbox": [
                177.9418,
                69.45977000000002,
                243.6682,
                239.65493,
                0.8040639583333333
            ],
            "personID": 0,
            "keypoints": [
                [
                    201.069,
                    88.5466,
                    0.889991
                ],
                [
                    194.169,
                    105.153,
                    0.911177
                ],
                [
                    183.419,
                    111.998,
                    0.889897
                ],
                [
                    184.385,
                    137.487,
                    0.889466
                ],
                [
                    192.2,
                    157.016,
                    0.635372
                ],
                [
                    206.881,
                    98.2819,
                    0.952701
                ],
                [
                    214.685,
                    120.784,
                    0.70261
                ],
                [
                    226.47,
                    129.604,
                    0.198628
                ],
                [
                    206.936,
                    153.068,
                    0.842691
                ],
                [
                    199.109,
                    154.101,
                    0.81973
                ],
                [
                    204.952,
                    185.416,
                    0.820299
                ],
                [
                    214.7,
                    216.669,
                    0.883734
                ],
                [
                    215.66,
                    151.125,
                    0.79764
                ],
                [
                    221.592,
                    181.471,
                    0.842708
                ],
                [
                    224.489,
                    208.887,
                    0.859793
                ],
                [
                    199.042,
                    85.6075,
                    0.88699
                ],
                [
                    202.027,
                    83.6427,
                    0.825757
                ],
                [
                    190.237,
                    89.4865,
                    0.890471
                ],
                [
                    0.0,
                    0.0,
                    0.0
                ],
                [
                    238.191,
                    214.671,
                    0.761346
                ],
                [
                    238.167,
                    210.828,
                    0.741033
                ],
                [
                    222.587,
                    214.693,
                    0.838321
                ],
                [
                    222.545,
                    223.568,
                    0.851763
                ],
                [
                    215.74,
                    225.472,
                    0.812812
                ],
                [
                    214.712,
                    219.629,
                    0.752605
                ]
            ],
            "isKeyframe": false
        },
        {
            "bbox": [
                422.26910000000004,
                42.99926000000002,
                466.91990000000004,
                237.78734,
                0.45091071764705887
            ],
            "personID": 1,
            "keypoints": [
                [
                    450.529,
                    66.0411,
                    0.889549
                ],
                [
                    433.824,
                    81.6587,
                    0.649985
                ],
                [
                    426.966,
                    81.7255,
                    0.858839
                ],
                [
                    425.99,
                    112.012,
                    0.241312
                ],
                [
                    0.0,
                    0.0,
                    0.0
                ],
                [
                    439.719,
                    79.713,
                    0.548794
                ],
                [
                    449.516,
                    108.099,
                    0.0619652
                ],
                [
                    0.0,
                    0.0,
                    0.0
                ],
                [
                    439.696,
                    137.433,
                    0.189482
                ],
                [
                    433.808,
                    136.473,
                    0.179707
                ],
                [
                    0.0,
                    0.0,
                    0.0
                ],
                [
                    0.0,
                    0.0,
                    0.0
                ],
                [
                    447.551,
                    137.457,
                    0.239475
                ],
                [
                    443.639,
                    171.685,
                    0.264712
                ],
                [
                    446.56,
                    212.751,
                    0.323474
                ],
                [
                    449.461,
                    61.1354,
                    0.871486
                ],
                [
                    451.473,
                    60.1925,
                    0.357172
                ],
                [
                    434.849,
                    59.2316,
                    0.92442
                ],
                [
                    0.0,
                    0.0,
                    0.0
                ],
                [
                    463.199,
                    221.555,
                    0.410201
                ],
                [
                    462.213,
                    217.67,
                    0.356425
                ],
                [
                    442.625,
                    215.681,
                    0.298484
                ],
                [
                    0.0,
                    0.0,
                    0.0
                ],
                [
                    0.0,
                    0.0,
                    0.0
                ],
                [
                    0.0,
                    0.0,
                    0.0
                ]
            ],
            "isKeyframe": false
        },
        {
            "bbox": [
                381.2064,
                81.49798999999999,
                449.2896,
                271.67291,
                0.6775048913043478
            ],
            "personID": 2,
            "keypoints": [
                [
                    395.663,
                    100.298,
                    0.497703
                ],
                [
                    421.115,
                    119.83,
                    0.815025
                ],
                [
                    434.827,
                    113.024,
                    0.904602
                ],
                [
                    443.616,
                    135.501,
                    0.765873
                ],
                [
                    426.977,
                    133.538,
                    0.0544055
                ],
                [
                    409.362,
                    127.634,
                    0.783769
                ],
                [
                    400.567,
                    160.908,
                    0.859781
                ],
                [
                    386.88,
                    182.418,
                    0.880017
                ],
                [
                    425.035,
                    183.4,
                    0.709949
                ],
                [
                    434.838,
                    180.497,
                    0.655277
                ],
                [
                    423.07,
                    211.779,
                    0.760628
                ],
                [
                    425.041,
                    246.063,
                    0.74171
                ],
                [
                    412.36,
                    184.42,
                    0.686463
                ],
                [
                    404.49,
                    215.687,
                    0.828326
                ],
                [
                    427.037,
                    247.993,
                    0.807594
                ],
                [
                    0.0,
                    0.0,
                    0.0
                ],
                [
                    395.682,
                    97.3459,
                    0.770736
                ],
                [
                    0.0,
                    0.0,
                    0.0
                ],
                [
                    403.483,
                    97.3483,
                    0.939202
                ],
                [
                    417.232,
                    254.853,
                    0.577321
                ],
                [
                    419.17,
                    255.825,
                    0.602661
                ],
                [
                    433.812,
                    251.909,
                    0.756226
                ],
                [
                    413.287,
                    250.913,
                    0.456058
                ],
                [
                    415.274,
                    249.936,
                    0.430591
                ],
                [
                    427.013,
                    247.982,
                    0.298695
                ]
            ],
            "isKeyframe": false
        },
        {
            "bbox": [
                50.01137000000001,
                166.5618,
                136.90733,
                356.77619999999996,
                0.6600867692307693
            ],
            "personID": 3,
            "keypoints": [
                [
                    74.82,
                    184.374,
                    0.911193
                ],
                [
                    66.9989,
                    222.579,
                    0.762123
                ],
                [
                    67.993,
                    231.4,
                    0.757213
                ],
                [
                    110.059,
                    253.886,
                    0.838705
                ],
                [
                    97.3617,
                    232.361,
                    0.689728
                ],
                [
                    66.9985,
                    212.754,
                    0.543647
                ],
                [
                    0.0,
                    0.0,
                    0.0
                ],
                [
                    0.0,
                    0.0,
                    0.0
                ],
                [
                    107.132,
                    292.999,
                    0.450247
                ],
                [
                    109.069,
                    293.972,
                    0.584267
                ],
                [
                    129.666,
                    340.925,
                    0.581998
                ],
                [
                    0.0,
                    0.0,
                    0.0
                ],
                [
                    106.144,
                    292.993,
                    0.32482
                ],
                [
                    121.831,
                    338.941,
                    0.354692
                ],
                [
                    0.0,
                    0.0,
                    0.0
                ],
                [
                    68.0192,
                    182.413,
                    0.848997
                ],
                [
                    0.0,
                    0.0,
                    0.0
                ],
                [
                    57.2527,
                    191.237,
                    0.933498
                ],
                [
                    0.0,
                    0.0,
                    0.0
                ],
                [
                    0.0,
                    0.0,
                    0.0
                ],
                [
                    0.0,
                    0.0,
                    0.0
                ],
                [
                    0.0,
                    0.0,
                    0.0
                ],
                [
                    0.0,
                    0.0,
                    0.0
                ],
                [
                    0.0,
                    0.0,
                    0.0
                ],
                [
                    0.0,
                    0.0,
                    0.0
                ]
            ],
            "isKeyframe": false
        }
    ],
    "isKeyframe": false
}