{
    "filename": "images/1/002739.jpg",
    "height": 360,
    "width": 640,
    "annots": [
        {
            "bbox": [
                422.5168,
                42.02686000000001,
                488.2672,
                247.49974000000003,
                0.7473390416666668
            ],
            "personID": 0,
            "keypoints": [
                [
                    470.043,
                    65.0721,
                    0.861205
                ],
                [
                    457.328,
                    81.7132,
                    0.950555
                ],
                [
                    441.677,
                    81.6372,
                    0.865466
                ],
                [
                    427.996,
                    109.079,
                    0.74699
                ],
                [
                    434.788,
                    136.453,
                    0.497769
                ],
                [
                    472.969,
                    82.6545,
                    0.920615
                ],
                [
                    476.898,
                    112.997,
                    0.852262
                ],
                [
                    482.788,
                    138.43,
                    0.840916
                ],
                [
                    453.416,
                    144.258,
                    0.721712
                ],
                [
                    443.659,
                    144.259,
                    0.71107
                ],
                [
                    454.401,
                    183.422,
                    0.796471
                ],
                [
                    451.443,
                    221.545,
                    0.77415
                ],
                [
                    463.182,
                    143.329,
                    0.706027
                ],
                [
                    457.283,
                    183.399,
                    0.804376
                ],
                [
                    446.549,
                    214.7,
                    0.787251
                ],
                [
                    466.116,
                    59.2296,
                    0.907461
                ],
                [
                    472.998,
                    60.1663,
                    0.887302
                ],
                [
                    457.291,
                    59.1496,
                    0.941291
                ],
                [
                    0.0,
                    0.0,
                    0.0
                ],
                [
                    463.174,
                    220.598,
                    0.315302
                ],
                [
                    459.302,
                    216.702,
                    0.3011
                ],
                [
                    441.666,
                    215.746,
                    0.753047
                ],
                [
                    464.172,
                    229.394,
                    0.603973
                ],
                [
                    459.261,
                    230.377,
                    0.612832
                ],
                [
                    449.453,
                    223.551,
                    0.776994
                ]
            ],
            "isKeyframe": false
        },
        {
            "bbox": [
                181.19460000000004,
                67.21674000000003,
                243.3714,
                240.96066000000002,
                0.7867569166666666
            ],
            "personID": 1,
            "keypoints": [
                [
                    206.849,
                    83.6769,
                    0.894115
                ],
                [
                    199.028,
                    104.162,
                    0.897319
                ],
                [
                    186.376,
                    108.088,
                    0.819517
                ],
                [
                    188.294,
                    136.485,
                    0.863283
                ],
                [
                    194.208,
                    155.062,
                    0.770014
                ],
                [
                    207.884,
                    97.3593,
                    0.938228
                ],
                [
                    214.71,
                    120.836,
                    0.412836
                ],
                [
                    223.547,
                    144.267,
                    0.175262
                ],
                [
                    210.817,
                    152.083,
                    0.788316
                ],
                [
                    204.942,
                    153.082,
                    0.792323
                ],
                [
                    207.903,
                    185.402,
                    0.868245
                ],
                [
                    214.731,
                    218.651,
                    0.849482
                ],
                [
                    216.704,
                    149.198,
                    0.750866
                ],
                [
                    221.586,
                    182.42,
                    0.831291
                ],
                [
                    223.582,
                    209.837,
                    0.845821
                ],
                [
                    201.017,
                    82.6362,
                    0.946305
                ],
                [
                    206.893,
                    81.6954,
                    0.871796
                ],
                [
                    192.188,
                    83.6466,
                    0.934995
                ],
                [
                    0.0,
                    0.0,
                    0.0
                ],
                [
                    238.19,
                    213.747,
                    0.766344
                ],
                [
                    237.237,
                    210.828,
                    0.703601
                ],
                [
                    222.575,
                    214.715,
                    0.819803
                ],
                [
                    223.489,
                    224.523,
                    0.808065
                ],
                [
                    216.721,
                    226.482,
                    0.743922
                ],
                [
                    214.693,
                    222.515,
                    0.790417
                ]
            ],
            "isKeyframe": false
        },
        {
            "bbox": [
                340.1914,
                75.82982999999999,
                430.6066,
                275.35947,
                0.6599647727272727
            ],
            "personID": 2,
            "keypoints": [
                [
                    0.0,
                    0.0,
                    0.0
                ],
                [
                    389.821,
                    121.782,
                    0.895173
                ],
                [
                    410.33,
                    120.84,
                    0.916454
                ],
                [
                    419.173,
                    145.319,
                    0.789688
                ],
                [
                    419.227,
                    176.594,
                    0.795949
                ],
                [
                    371.27,
                    121.816,
                    0.892169
                ],
                [
                    354.602,
                    151.123,
                    0.849648
                ],
                [
                    347.726,
                    169.73,
                    0.881448
                ],
                [
                    389.826,
                    179.502,
                    0.721883
                ],
                [
                    403.518,
                    178.537,
                    0.776534
                ],
                [
                    410.353,
                    214.727,
                    0.879171
                ],
                [
                    417.181,
                    253.81,
                    0.853144
                ],
                [
                    378.05,
                    179.51,
                    0.716579
                ],
                [
                    371.245,
                    214.76,
                    0.707239
                ],
                [
                    361.444,
                    243.083,
                    0.277974
                ],
                [
                    0.0,
                    0.0,
                    0.0
                ],
                [
                    0.0,
                    0.0,
                    0.0
                ],
                [
                    394.666,
                    92.4573,
                    0.352573
                ],
                [
                    374.167,
                    97.2867,
                    0.878077
                ],
                [
                    378.087,
                    250.934,
                    0.130962
                ],
                [
                    374.166,
                    247.031,
                    0.116651
                ],
                [
                    358.515,
                    247.0,
                    0.152019
                ],
                [
                    419.169,
                    252.847,
                    0.557305
                ],
                [
                    423.072,
                    253.851,
                    0.630036
                ],
                [
                    416.211,
                    258.732,
                    0.748549
                ]
            ],
            "isKeyframe": false
        },
        {
            "bbox": [
                51.01910999999999,
                166.65120000000002,
                136.81899,
                355.7088,
                0.6604770769230769
            ],
            "personID": 3,
            "keypoints": [
                [
                    74.838,
                    183.467,
                    0.912576
                ],
                [
                    66.9861,
                    222.578,
                    0.751391
                ],
                [
                    68.0155,
                    231.396,
                    0.742003
                ],
                [
                    110.072,
                    253.894,
                    0.836491
                ],
                [
                    98.3059,
                    235.253,
                    0.678914
                ],
                [
                    66.0469,
                    211.806,
                    0.522813
                ],
                [
                    0.0,
                    0.0,
                    0.0
                ],
                [
                    0.0,
                    0.0,
                    0.0
                ],
                [
                    106.151,
                    292.995,
                    0.47714
                ],
                [
                    108.116,
                    293.009,
                    0.581566
                ],
                [
                    129.669,
                    339.954,
                    0.588999
                ],
                [
                    0.0,
                    0.0,
                    0.0
                ],
                [
                    104.171,
                    293.949,
                    0.350429
                ],
                [
                    121.777,
                    336.033,
                    0.364752
                ],
                [
                    0.0,
                    0.0,
                    0.0
                ],
                [
                    68.032,
                    182.406,
                    0.842488
                ],
                [
                    0.0,
                    0.0,
                    0.0
                ],
                [
                    58.1691,
                    191.229,
                    0.93664
                ],
                [
                    0.0,
                    0.0,
                    0.0
                ],
                [
                    0.0,
                    0.0,
                    0.0
                ],
                [
                    0.0,
                    0.0,
                    0.0
                ],
                [
                    0.0,
                    0.0,
                    0.0
                ],
                [
                    0.0,
                    0.0,
                    0.0
                ],
                [
                    0.0,
                    0.0,
                    0.0
                ],
                [
                    0.0,
                    0.0,
                    0.0
                ]
            ],
            "isKeyframe": false
        }
    ],
    "isKeyframe": false
}