{
    "filename": "images/1/002709.jpg",
    "height": 360,
    "width": 640,
    "annots": [
        {
            "bbox": [
                177.9267,
                69.57821,
                243.6543,
                238.63288999999997,
                0.8041072083333333
            ],
            "personID": 0,
            "keypoints": [
                [
                    200.073,
                    89.4829,
                    0.923573
                ],
                [
                    194.176,
                    105.157,
                    0.905328
                ],
                [
                    183.404,
                    111.99,
                    0.880868
                ],
                [
                    184.384,
                    137.493,
                    0.88901
                ],
                [
                    192.217,
                    158.944,
                    0.571526
                ],
                [
                    206.903,
                    98.2925,
                    0.947315
                ],
                [
                    214.748,
                    120.801,
                    0.711497
                ],
                [
                    225.482,
                    126.69,
                    0.162547
                ],
                [
                    206.927,
                    153.085,
                    0.834562
                ],
                [
                    199.086,
                    155.049,
                    0.810326
                ],
                [
                    204.946,
                    186.374,
                    0.807581
                ],
                [
                    214.694,
                    215.746,
                    0.891577
                ],
                [
                    215.661,
                    151.146,
                    0.799328
                ],
                [
                    222.502,
                    181.481,
                    0.845106
                ],
                [
                    224.492,
                    208.876,
                    0.868091
                ],
                [
                    197.125,
                    86.5908,
                    0.836345
                ],
                [
                    201.032,
                    83.6661,
                    0.861147
                ],
                [
                    188.304,
                    89.4911,
                    0.874854
                ],
                [
                    0.0,
                    0.0,
                    0.0
                ],
                [
                    238.177,
                    214.68,
                    0.799056
                ],
                [
                    238.168,
                    211.775,
                    0.781039
                ],
                [
                    222.589,
                    214.677,
                    0.855383
                ],
                [
                    222.543,
                    223.567,
                    0.861792
                ],
                [
                    215.735,
                    224.545,
                    0.825049
                ],
                [
                    214.711,
                    218.643,
                    0.755673
                ]
            ],
            "isKeyframe": false
        },
        {
            "bbox": [
                416.74460000000005,
                57.838029999999996,
                446.0894,
                86.00167,
                0.5973484285714284
            ],
            "personID": 1,
            "keypoints": [
                [
                    442.702,
                    67.0081,
                    0.873026
                ],
                [
                    426.01,
                    82.6596,
                    0.445702
                ],
                [
                    419.19,
                    83.6547,
                    0.654536
                ],
                [
                    0.0,
                    0.0,
                    0.0
                ],
                [
                    0.0,
                    0.0,
                    0.0
                ],
                [
                    432.836,
                    81.6772,
                    0.322564
                ],
                [
                    0.0,
                    0.0,
                    0.0
                ],
                [
                    0.0,
                    0.0,
                    0.0
                ],
                [
                    0.0,
                    0.0,
                    0.0
                ],
                [
                    0.0,
                    0.0,
                    0.0
                ],
                [
                    0.0,
                    0.0,
                    0.0
                ],
                [
                    0.0,
                    0.0,
                    0.0
                ],
                [
                    0.0,
                    0.0,
                    0.0
                ],
                [
                    0.0,
                    0.0,
                    0.0
                ],
                [
                    0.0,
                    0.0,
                    0.0
                ],
                [
                    441.674,
                    64.0755,
                    0.875501
                ],
                [
                    443.644,
                    64.0543,
                    0.190629
                ],
                [
                    428.977,
                    60.185,
                    0.819481
                ],
                [
                    0.0,
                    0.0,
                    0.0
                ],
                [
                    0.0,
                    0.0,
                    0.0
                ],
                [
                    0.0,
                    0.0,
                    0.0
                ],
                [
                    0.0,
                    0.0,
                    0.0
                ],
                [
                    0.0,
                    0.0,
                    0.0
                ],
                [
                    0.0,
                    0.0,
                    0.0
                ],
                [
                    0.0,
                    0.0,
                    0.0
                ]
            ],
            "isKeyframe": false
        },
        {
            "bbox": [
                390.1878,
                80.11251999999999,
                455.9862,
                286.76068,
                0.7356542173913042
            ],
            "personID": 2,
            "keypoints": [
                [
                    399.606,
                    100.281,
                    0.433552
                ],
                [
                    426.99,
                    120.798,
                    0.877998
                ],
                [
                    440.676,
                    113.977,
                    0.879501
                ],
                [
                    449.444,
                    143.295,
                    0.712534
                ],
                [
                    449.442,
                    168.752,
                    0.772638
                ],
                [
                    416.228,
                    126.684,
                    0.767535
                ],
                [
                    410.313,
                    161.911,
                    0.851873
                ],
                [
                    395.671,
                    184.415,
                    0.921267
                ],
                [
                    429.937,
                    183.44,
                    0.662305
                ],
                [
                    439.719,
                    180.482,
                    0.637244
                ],
                [
                    426.011,
                    216.668,
                    0.739165
                ],
                [
                    425.041,
                    253.867,
                    0.839042
                ],
                [
                    421.111,
                    186.373,
                    0.637191
                ],
                [
                    412.363,
                    224.532,
                    0.713171
                ],
                [
                    442.704,
                    256.808,
                    0.790635
                ],
                [
                    0.0,
                    0.0,
                    0.0
                ],
                [
                    400.593,
                    97.3332,
                    0.637188
                ],
                [
                    0.0,
                    0.0,
                    0.0
                ],
                [
                    409.368,
                    97.3724,
                    0.886305
                ],
                [
                    430.918,
                    268.524,
                    0.690816
                ],
                [
                    434.844,
                    269.54,
                    0.75694
                ],
                [
                    450.503,
                    260.719,
                    0.762602
                ],
                [
                    417.175,
                    252.854,
                    0.635708
                ],
                [
                    418.222,
                    250.919,
                    0.558112
                ],
                [
                    426.004,
                    258.755,
                    0.756725
                ]
            ],
            "isKeyframe": false
        },
        {
            "bbox": [
                50.92431,
                166.5546,
                137.82579,
                356.79540000000003,
                0.6600455384615385
            ],
            "personID": 3,
            "keypoints": [
                [
                    74.8292,
                    183.466,
                    0.904451
                ],
                [
                    66.9941,
                    222.574,
                    0.759339
                ],
                [
                    68.023,
                    232.322,
                    0.738687
                ],
                [
                    111.02,
                    253.894,
                    0.854118
                ],
                [
                    97.3643,
                    233.319,
                    0.710619
                ],
                [
                    66.0319,
                    210.809,
                    0.531306
                ],
                [
                    0.0,
                    0.0,
                    0.0
                ],
                [
                    0.0,
                    0.0,
                    0.0
                ],
                [
                    107.12,
                    293.003,
                    0.456196
                ],
                [
                    109.081,
                    293.969,
                    0.581187
                ],
                [
                    130.584,
                    340.942,
                    0.577041
                ],
                [
                    0.0,
                    0.0,
                    0.0
                ],
                [
                    105.185,
                    293.947,
                    0.332243
                ],
                [
                    121.819,
                    338.945,
                    0.356386
                ],
                [
                    0.0,
                    0.0,
                    0.0
                ],
                [
                    68.0342,
                    182.408,
                    0.837851
                ],
                [
                    0.0,
                    0.0,
                    0.0
                ],
                [
                    58.1661,
                    191.254,
                    0.941168
                ],
                [
                    0.0,
                    0.0,
                    0.0
                ],
                [
                    0.0,
                    0.0,
                    0.0
                ],
                [
                    0.0,
                    0.0,
                    0.0
                ],
                [
                    0.0,
                    0.0,
                    0.0
                ],
                [
                    0.0,
                    0.0,
                    0.0
                ],
                [
                    0.0,
                    0.0,
                    0.0
                ],
                [
                    0.0,
                    0.0,
                    0.0
                ]
            ],
            "isKeyframe": false
        }
    ],
    "isKeyframe": false
}