{
    "filename": "images/1/002763.jpg",
    "height": 360,
    "width": 640,
    "annots": [
        {
            "bbox": [
                438.24280000000005,
                47.80109999999998,
                502.75719999999995,
                267.2439,
                0.78506264
            ],
            "personID": 0,
            "keypoints": [
                [
                    478.853,
                    73.8459,
                    0.869247
                ],
                [
                    472.947,
                    89.4969,
                    0.940915
                ],
                [
                    455.371,
                    90.458,
                    0.848972
                ],
                [
                    443.619,
                    120.815,
                    0.871124
                ],
                [
                    447.535,
                    148.227,
                    0.816127
                ],
                [
                    489.587,
                    87.5635,
                    0.882639
                ],
                [
                    492.537,
                    117.872,
                    0.767676
                ],
                [
                    497.381,
                    145.273,
                    0.851486
                ],
                [
                    473.0,
                    149.174,
                    0.764288
                ],
                [
                    464.174,
                    149.198,
                    0.721947
                ],
                [
                    469.054,
                    192.256,
                    0.785334
                ],
                [
                    474.956,
                    236.235,
                    0.802686
                ],
                [
                    481.789,
                    148.196,
                    0.735581
                ],
                [
                    477.862,
                    186.355,
                    0.719319
                ],
                [
                    452.439,
                    207.835,
                    0.827958
                ],
                [
                    473.922,
                    68.0175,
                    0.859078
                ],
                [
                    481.742,
                    67.0706,
                    0.894836
                ],
                [
                    465.17,
                    67.0432,
                    0.908228
                ],
                [
                    483.718,
                    66.088,
                    0.150783
                ],
                [
                    463.171,
                    222.574,
                    0.734915
                ],
                [
                    464.156,
                    220.584,
                    0.766366
                ],
                [
                    447.521,
                    206.937,
                    0.761277
                ],
                [
                    481.777,
                    248.957,
                    0.792075
                ],
                [
                    474.912,
                    247.999,
                    0.821808
                ],
                [
                    475.923,
                    239.151,
                    0.731901
                ]
            ],
            "isKeyframe": false
        },
        {
            "bbox": [
                188.71450000000002,
                64.28781,
                242.67249999999999,
                238.03929,
                0.7447224090909091
            ],
            "personID": 1,
            "keypoints": [
                [
                    211.803,
                    81.6658,
                    0.860965
                ],
                [
                    200.079,
                    101.247,
                    0.879295
                ],
                [
                    193.211,
                    105.198,
                    0.900662
                ],
                [
                    193.214,
                    133.53,
                    0.846156
                ],
                [
                    199.077,
                    153.095,
                    0.905578
                ],
                [
                    207.869,
                    97.3278,
                    0.873142
                ],
                [
                    214.749,
                    120.835,
                    0.105423
                ],
                [
                    0.0,
                    0.0,
                    0.0
                ],
                [
                    214.728,
                    150.171,
                    0.774876
                ],
                [
                    210.807,
                    152.101,
                    0.754507
                ],
                [
                    216.705,
                    184.438,
                    0.841047
                ],
                [
                    216.667,
                    216.688,
                    0.806532
                ],
                [
                    217.67,
                    147.243,
                    0.670914
                ],
                [
                    221.562,
                    183.408,
                    0.771851
                ],
                [
                    223.517,
                    211.779,
                    0.773708
                ],
                [
                    207.891,
                    78.7671,
                    0.865791
                ],
                [
                    0.0,
                    0.0,
                    0.0
                ],
                [
                    200.03,
                    82.6387,
                    0.935724
                ],
                [
                    0.0,
                    0.0,
                    0.0
                ],
                [
                    238.176,
                    212.78,
                    0.734473
                ],
                [
                    236.239,
                    209.853,
                    0.664636
                ],
                [
                    222.524,
                    215.675,
                    0.483445
                ],
                [
                    225.488,
                    222.563,
                    0.594123
                ],
                [
                    222.529,
                    223.56,
                    0.600374
                ],
                [
                    214.76,
                    221.588,
                    0.740671
                ]
            ],
            "isKeyframe": false
        },
        {
            "bbox": [
                51.0539,
                165.61210000000003,
                136.8071,
                355.7509,
                0.6553845384615384
            ],
            "personID": 2,
            "keypoints": [
                [
                    74.8666,
                    183.449,
                    0.897171
                ],
                [
                    66.0726,
                    222.541,
                    0.750547
                ],
                [
                    68.0016,
                    231.356,
                    0.753619
                ],
                [
                    110.048,
                    253.895,
                    0.831939
                ],
                [
                    98.2963,
                    234.308,
                    0.663378
                ],
                [
                    66.0385,
                    211.782,
                    0.550622
                ],
                [
                    0.0,
                    0.0,
                    0.0
                ],
                [
                    0.0,
                    0.0,
                    0.0
                ],
                [
                    106.127,
                    292.971,
                    0.467444
                ],
                [
                    107.154,
                    292.975,
                    0.577236
                ],
                [
                    129.661,
                    339.906,
                    0.57316
                ],
                [
                    0.0,
                    0.0,
                    0.0
                ],
                [
                    103.205,
                    292.984,
                    0.344658
                ],
                [
                    120.845,
                    334.071,
                    0.359563
                ],
                [
                    0.0,
                    0.0,
                    0.0
                ],
                [
                    69.961,
                    181.457,
                    0.813081
                ],
                [
                    0.0,
                    0.0,
                    0.0
                ],
                [
                    58.2,
                    191.202,
                    0.937581
                ],
                [
                    0.0,
                    0.0,
                    0.0
                ],
                [
                    0.0,
                    0.0,
                    0.0
                ],
                [
                    0.0,
                    0.0,
                    0.0
                ],
                [
                    0.0,
                    0.0,
                    0.0
                ],
                [
                    0.0,
                    0.0,
                    0.0
                ],
                [
                    0.0,
                    0.0,
                    0.0
                ],
                [
                    0.0,
                    0.0,
                    0.0
                ]
            ],
            "isKeyframe": false
        },
        {
            "bbox": [
                313.80129999999997,
                101.37480000000001,
                427.65369999999996,
                264.5292,
                0.7450617055555555
            ],
            "personID": 3,
            "keypoints": [
                [
                    0.0,
                    0.0,
                    0.0
                ],
                [
                    363.454,
                    141.362,
                    0.897177
                ],
                [
                    381.033,
                    144.25,
                    0.856291
                ],
                [
                    382.015,
                    167.794,
                    0.879888
                ],
                [
                    375.144,
                    192.218,
                    0.849024
                ],
                [
                    346.748,
                    138.414,
                    0.845716
                ],
                [
                    324.293,
                    159.915,
                    0.830892
                ],
                [
                    323.289,
                    175.619,
                    0.456662
                ],
                [
                    354.588,
                    199.034,
                    0.790915
                ],
                [
                    364.374,
                    199.087,
                    0.76847
                ],
                [
                    396.682,
                    202.027,
                    0.780049
                ],
                [
                    402.499,
                    245.977,
                    0.850025
                ],
                [
                    342.862,
                    197.112,
                    0.734873
                ],
                [
                    389.824,
                    201.024,
                    0.0510867
                ],
                [
                    0.0,
                    0.0,
                    0.0
                ],
                [
                    0.0,
                    0.0,
                    0.0
                ],
                [
                    0.0,
                    0.0,
                    0.0
                ],
                [
                    379.107,
                    118.858,
                    0.819822
                ],
                [
                    361.456,
                    114.971,
                    0.82565
                ],
                [
                    0.0,
                    0.0,
                    0.0
                ],
                [
                    0.0,
                    0.0,
                    0.0
                ],
                [
                    0.0,
                    0.0,
                    0.0
                ],
                [
                    418.166,
                    247.979,
                    0.717448
                ],
                [
                    412.349,
                    250.933,
                    0.732389
                ],
                [
                    396.696,
                    248.961,
                    0.724733
                ]
            ],
            "isKeyframe": false
        }
    ],
    "isKeyframe": false
}