{
    "filename": "images/1/002717.jpg",
    "height": 360,
    "width": 640,
    "annots": [
        {
            "bbox": [
                422.1817,
                42.94208000000002,
                467.9533,
                237.78271999999998,
                0.4263631411764706
            ],
            "personID": 0,
            "keypoints": [
                [
                    455.354,
                    66.0003,
                    0.85711
                ],
                [
                    434.849,
                    81.6815,
                    0.75119
                ],
                [
                    427.992,
                    81.7265,
                    0.837833
                ],
                [
                    425.996,
                    113.98,
                    0.269878
                ],
                [
                    0.0,
                    0.0,
                    0.0
                ],
                [
                    442.608,
                    80.723,
                    0.69237
                ],
                [
                    446.547,
                    112.991,
                    0.0734204
                ],
                [
                    0.0,
                    0.0,
                    0.0
                ],
                [
                    438.738,
                    145.277,
                    0.16554
                ],
                [
                    433.798,
                    146.267,
                    0.144312
                ],
                [
                    0.0,
                    0.0,
                    0.0
                ],
                [
                    0.0,
                    0.0,
                    0.0
                ],
                [
                    449.469,
                    144.296,
                    0.213882
                ],
                [
                    447.529,
                    175.602,
                    0.162822
                ],
                [
                    448.505,
                    213.713,
                    0.187111
                ],
                [
                    450.51,
                    60.186,
                    0.876515
                ],
                [
                    456.349,
                    60.1668,
                    0.380807
                ],
                [
                    439.694,
                    59.1788,
                    0.880546
                ],
                [
                    0.0,
                    0.0,
                    0.0
                ],
                [
                    464.139,
                    221.546,
                    0.318332
                ],
                [
                    462.21,
                    217.659,
                    0.276053
                ],
                [
                    444.595,
                    215.724,
                    0.160452
                ],
                [
                    0.0,
                    0.0,
                    0.0
                ],
                [
                    0.0,
                    0.0,
                    0.0
                ],
                [
                    0.0,
                    0.0,
                    0.0
                ]
            ],
            "isKeyframe": false
        },
        {
            "bbox": [
                177.9658,
                69.44927999999999,
                243.6682,
                239.68752,
                0.7894001666666667
            ],
            "personID": 1,
            "keypoints": [
                [
                    201.997,
                    88.541,
                    0.888079
                ],
                [
                    194.178,
                    105.143,
                    0.90714
                ],
                [
                    183.441,
                    111.99,
                    0.891393
                ],
                [
                    184.407,
                    138.414,
                    0.867608
                ],
                [
                    192.233,
                    156.03,
                    0.406938
                ],
                [
                    206.871,
                    97.3794,
                    0.945626
                ],
                [
                    214.692,
                    120.78,
                    0.697917
                ],
                [
                    226.46,
                    129.645,
                    0.157518
                ],
                [
                    206.934,
                    152.148,
                    0.833226
                ],
                [
                    199.115,
                    154.091,
                    0.807751
                ],
                [
                    205.909,
                    186.34,
                    0.825078
                ],
                [
                    214.72,
                    216.705,
                    0.881869
                ],
                [
                    214.761,
                    151.119,
                    0.789256
                ],
                [
                    221.572,
                    182.422,
                    0.829336
                ],
                [
                    223.563,
                    209.836,
                    0.861325
                ],
                [
                    199.044,
                    85.5949,
                    0.889688
                ],
                [
                    202.035,
                    83.6358,
                    0.837306
                ],
                [
                    190.24,
                    89.4842,
                    0.890399
                ],
                [
                    0.0,
                    0.0,
                    0.0
                ],
                [
                    238.193,
                    213.748,
                    0.776105
                ],
                [
                    238.155,
                    210.805,
                    0.748771
                ],
                [
                    222.57,
                    214.71,
                    0.81736
                ],
                [
                    222.566,
                    224.493,
                    0.839662
                ],
                [
                    216.671,
                    225.501,
                    0.786682
                ],
                [
                    214.72,
                    221.545,
                    0.769571
                ]
            ],
            "isKeyframe": false
        },
        {
            "bbox": [
                376.6392000000001,
                81.23579,
                452.8968,
                273.82511,
                0.7161995652173915
            ],
            "personID": 2,
            "keypoints": [
                [
                    393.737,
                    99.2814,
                    0.324749
                ],
                [
                    419.167,
                    118.838,
                    0.853807
                ],
                [
                    434.791,
                    113.027,
                    0.906109
                ],
                [
                    446.542,
                    137.46,
                    0.77575
                ],
                [
                    444.608,
                    166.807,
                    0.781643
                ],
                [
                    403.531,
                    125.699,
                    0.802547
                ],
                [
                    394.76,
                    159.917,
                    0.894637
                ],
                [
                    382.994,
                    177.571,
                    0.827943
                ],
                [
                    422.088,
                    178.531,
                    0.669452
                ],
                [
                    433.835,
                    176.556,
                    0.706215
                ],
                [
                    424.054,
                    213.765,
                    0.821244
                ],
                [
                    425.963,
                    247.999,
                    0.777865
                ],
                [
                    411.325,
                    181.477,
                    0.695447
                ],
                [
                    403.519,
                    214.735,
                    0.887843
                ],
                [
                    419.144,
                    245.027,
                    0.863961
                ],
                [
                    0.0,
                    0.0,
                    0.0
                ],
                [
                    394.66,
                    97.3136,
                    0.564177
                ],
                [
                    0.0,
                    0.0,
                    0.0
                ],
                [
                    400.589,
                    97.2849,
                    0.87292
                ],
                [
                    410.38,
                    253.847,
                    0.71882
                ],
                [
                    410.354,
                    253.827,
                    0.715598
                ],
                [
                    424.048,
                    246.994,
                    0.760949
                ],
                [
                    417.213,
                    255.812,
                    0.279045
                ],
                [
                    426.022,
                    257.776,
                    0.283186
                ],
                [
                    426.963,
                    253.844,
                    0.688683
                ]
            ],
            "isKeyframe": false
        },
        {
            "bbox": [
                50.011570000000006,
                166.56300000000002,
                136.90512999999999,
                356.76300000000003,
                0.660621
            ],
            "personID": 3,
            "keypoints": [
                [
                    74.8201,
                    184.374,
                    0.911532
                ],
                [
                    66.9981,
                    222.579,
                    0.762413
                ],
                [
                    67.9916,
                    231.399,
                    0.758785
                ],
                [
                    110.057,
                    253.88,
                    0.837251
                ],
                [
                    97.3632,
                    232.351,
                    0.692877
                ],
                [
                    66.9997,
                    212.755,
                    0.544658
                ],
                [
                    0.0,
                    0.0,
                    0.0
                ],
                [
                    0.0,
                    0.0,
                    0.0
                ],
                [
                    107.121,
                    292.995,
                    0.451074
                ],
                [
                    108.121,
                    293.959,
                    0.583136
                ],
                [
                    129.664,
                    340.913,
                    0.583574
                ],
                [
                    0.0,
                    0.0,
                    0.0
                ],
                [
                    106.134,
                    292.989,
                    0.324776
                ],
                [
                    121.821,
                    337.981,
                    0.356024
                ],
                [
                    0.0,
                    0.0,
                    0.0
                ],
                [
                    68.0192,
                    182.413,
                    0.848835
                ],
                [
                    0.0,
                    0.0,
                    0.0
                ],
                [
                    57.2527,
                    191.237,
                    0.933138
                ],
                [
                    0.0,
                    0.0,
                    0.0
                ],
                [
                    0.0,
                    0.0,
                    0.0
                ],
                [
                    0.0,
                    0.0,
                    0.0
                ],
                [
                    0.0,
                    0.0,
                    0.0
                ],
                [
                    0.0,
                    0.0,
                    0.0
                ],
                [
                    0.0,
                    0.0,
                    0.0
                ],
                [
                    0.0,
                    0.0,
                    0.0
                ]
            ],
            "isKeyframe": false
        }
    ],
    "isKeyframe": false
}