{
    "filename": "images/1/002692.jpg",
    "height": 360,
    "width": 640,
    "annots": [
        {
            "bbox": [
                177.8914,
                69.39640000000001,
                243.6466,
                240.7516,
                0.8069050416666667
            ],
            "personID": 0,
            "keypoints": [
                [
                    200.027,
                    89.4924,
                    0.933489
                ],
                [
                    194.172,
                    105.155,
                    0.90071
                ],
                [
                    183.371,
                    111.989,
                    0.868989
                ],
                [
                    183.455,
                    137.474,
                    0.894851
                ],
                [
                    191.268,
                    155.073,
                    0.595528
                ],
                [
                    207.842,
                    98.2926,
                    0.954862
                ],
                [
                    215.687,
                    120.829,
                    0.744533
                ],
                [
                    224.503,
                    129.619,
                    0.129539
                ],
                [
                    206.894,
                    153.092,
                    0.830683
                ],
                [
                    199.042,
                    155.056,
                    0.797884
                ],
                [
                    205.884,
                    188.303,
                    0.800544
                ],
                [
                    214.71,
                    216.716,
                    0.888319
                ],
                [
                    214.747,
                    151.153,
                    0.797221
                ],
                [
                    222.552,
                    182.458,
                    0.882141
                ],
                [
                    224.489,
                    208.879,
                    0.864751
                ],
                [
                    195.178,
                    87.5694,
                    0.830634
                ],
                [
                    200.068,
                    83.676,
                    0.880982
                ],
                [
                    186.373,
                    90.4489,
                    0.878087
                ],
                [
                    0.0,
                    0.0,
                    0.0
                ],
                [
                    238.167,
                    214.679,
                    0.815507
                ],
                [
                    238.157,
                    211.77,
                    0.783716
                ],
                [
                    222.586,
                    214.675,
                    0.837398
                ],
                [
                    222.555,
                    224.527,
                    0.853302
                ],
                [
                    215.751,
                    226.472,
                    0.809915
                ],
                [
                    214.715,
                    220.612,
                    0.792136
                ]
            ],
            "isKeyframe": false
        },
        {
            "bbox": [
                383.50640000000004,
                42.13290000000001,
                424.5296,
                247.46609999999998,
                0.7451656666666666
            ],
            "personID": 1,
            "keypoints": [
                [
                    421.111,
                    66.0302,
                    0.786615
                ],
                [
                    396.66,
                    84.6403,
                    0.830981
                ],
                [
                    403.573,
                    88.5298,
                    0.846328
                ],
                [
                    409.392,
                    121.772,
                    0.879418
                ],
                [
                    418.223,
                    151.142,
                    0.921384
                ],
                [
                    388.859,
                    82.6817,
                    0.829911
                ],
                [
                    0.0,
                    0.0,
                    0.0
                ],
                [
                    0.0,
                    0.0,
                    0.0
                ],
                [
                    397.675,
                    145.253,
                    0.721829
                ],
                [
                    403.526,
                    145.289,
                    0.763006
                ],
                [
                    404.485,
                    187.324,
                    0.823263
                ],
                [
                    395.673,
                    225.489,
                    0.874456
                ],
                [
                    393.739,
                    144.312,
                    0.701897
                ],
                [
                    402.499,
                    184.388,
                    0.766051
                ],
                [
                    394.682,
                    222.509,
                    0.699862
                ],
                [
                    420.133,
                    60.1585,
                    0.815934
                ],
                [
                    0.0,
                    0.0,
                    0.0
                ],
                [
                    411.355,
                    59.244,
                    0.908747
                ],
                [
                    0.0,
                    0.0,
                    0.0
                ],
                [
                    410.392,
                    223.521,
                    0.465274
                ],
                [
                    407.448,
                    222.53,
                    0.347256
                ],
                [
                    386.925,
                    223.537,
                    0.330999
                ],
                [
                    411.309,
                    226.482,
                    0.785144
                ],
                [
                    409.379,
                    230.333,
                    0.779996
                ],
                [
                    391.777,
                    230.355,
                    0.770128
                ]
            ],
            "isKeyframe": false
        },
        {
            "bbox": [
                414.0958,
                79.30247000000001,
                463.3942,
                295.32923,
                0.747193476190476
            ],
            "personID": 2,
            "keypoints": [
                [
                    418.204,
                    100.3,
                    0.759791
                ],
                [
                    446.559,
                    121.815,
                    0.666212
                ],
                [
                    442.642,
                    120.816,
                    0.577262
                ],
                [
                    0.0,
                    0.0,
                    0.0
                ],
                [
                    0.0,
                    0.0,
                    0.0
                ],
                [
                    449.501,
                    123.769,
                    0.7896
                ],
                [
                    449.488,
                    164.854,
                    0.824245
                ],
                [
                    440.705,
                    197.093,
                    0.829004
                ],
                [
                    446.561,
                    190.262,
                    0.541729
                ],
                [
                    443.639,
                    189.278,
                    0.419912
                ],
                [
                    441.706,
                    225.508,
                    0.68134
                ],
                [
                    446.554,
                    254.857,
                    0.785969
                ],
                [
                    449.462,
                    191.251,
                    0.696483
                ],
                [
                    447.525,
                    231.371,
                    0.790619
                ],
                [
                    456.345,
                    269.486,
                    0.846895
                ],
                [
                    0.0,
                    0.0,
                    0.0
                ],
                [
                    419.167,
                    97.3047,
                    0.864883
                ],
                [
                    0.0,
                    0.0,
                    0.0
                ],
                [
                    430.899,
                    97.3282,
                    0.858334
                ],
                [
                    435.828,
                    272.463,
                    0.700883
                ],
                [
                    441.649,
                    277.327,
                    0.802223
                ],
                [
                    459.286,
                    271.476,
                    0.841389
                ],
                [
                    433.832,
                    255.814,
                    0.942409
                ],
                [
                    435.783,
                    254.811,
                    0.926641
                ],
                [
                    449.444,
                    260.664,
                    0.54524
                ]
            ],
            "isKeyframe": false
        },
        {
            "bbox": [
                51.012570000000004,
                165.5267,
                136.81412999999998,
                356.89430000000004,
                0.6534366153846154
            ],
            "personID": 3,
            "keypoints": [
                [
                    74.8457,
                    183.459,
                    0.913444
                ],
                [
                    67.002,
                    222.577,
                    0.750531
                ],
                [
                    68.9784,
                    232.317,
                    0.730043
                ],
                [
                    111.038,
                    253.884,
                    0.839787
                ],
                [
                    97.3687,
                    233.313,
                    0.725188
                ],
                [
                    66.06,
                    211.79,
                    0.525334
                ],
                [
                    0.0,
                    0.0,
                    0.0
                ],
                [
                    0.0,
                    0.0,
                    0.0
                ],
                [
                    107.14,
                    293.942,
                    0.449382
                ],
                [
                    109.089,
                    293.984,
                    0.573294
                ],
                [
                    129.664,
                    340.947,
                    0.561739
                ],
                [
                    0.0,
                    0.0,
                    0.0
                ],
                [
                    106.136,
                    293.944,
                    0.330146
                ],
                [
                    122.767,
                    338.942,
                    0.335196
                ],
                [
                    0.0,
                    0.0,
                    0.0
                ],
                [
                    68.9629,
                    181.474,
                    0.83097
                ],
                [
                    0.0,
                    0.0,
                    0.0
                ],
                [
                    58.1627,
                    191.242,
                    0.929622
                ],
                [
                    0.0,
                    0.0,
                    0.0
                ],
                [
                    0.0,
                    0.0,
                    0.0
                ],
                [
                    0.0,
                    0.0,
                    0.0
                ],
                [
                    0.0,
                    0.0,
                    0.0
                ],
                [
                    0.0,
                    0.0,
                    0.0
                ],
                [
                    0.0,
                    0.0,
                    0.0
                ],
                [
                    0.0,
                    0.0,
                    0.0
                ]
            ],
            "isKeyframe": false
        }
    ],
    "isKeyframe": false
}