{
    "filename": "images/1/002694.jpg",
    "height": 360,
    "width": 640,
    "annots": [
        {
            "bbox": [
                176.89170000000001,
                69.39801000000003,
                243.7473,
                240.73508999999999,
                0.8059717083333334
            ],
            "personID": 0,
            "keypoints": [
                [
                    200.026,
                    89.4933,
                    0.933107
                ],
                [
                    193.247,
                    105.156,
                    0.902087
                ],
                [
                    182.463,
                    111.987,
                    0.864141
                ],
                [
                    183.435,
                    137.461,
                    0.889919
                ],
                [
                    191.252,
                    154.095,
                    0.555984
                ],
                [
                    207.834,
                    98.2968,
                    0.953091
                ],
                [
                    215.69,
                    120.834,
                    0.766903
                ],
                [
                    225.48,
                    128.649,
                    0.134861
                ],
                [
                    206.885,
                    153.098,
                    0.826749
                ],
                [
                    199.031,
                    155.062,
                    0.791604
                ],
                [
                    204.946,
                    187.338,
                    0.805286
                ],
                [
                    214.693,
                    216.694,
                    0.890821
                ],
                [
                    214.741,
                    152.078,
                    0.798645
                ],
                [
                    222.553,
                    182.448,
                    0.879951
                ],
                [
                    223.587,
                    208.867,
                    0.867739
                ],
                [
                    195.177,
                    87.5699,
                    0.829494
                ],
                [
                    200.068,
                    83.6761,
                    0.878818
                ],
                [
                    186.372,
                    90.45,
                    0.878381
                ],
                [
                    0.0,
                    0.0,
                    0.0
                ],
                [
                    238.176,
                    214.68,
                    0.811266
                ],
                [
                    238.167,
                    210.832,
                    0.785329
                ],
                [
                    222.583,
                    213.765,
                    0.831314
                ],
                [
                    222.552,
                    224.519,
                    0.864195
                ],
                [
                    215.742,
                    226.457,
                    0.822697
                ],
                [
                    214.698,
                    220.588,
                    0.780939
                ]
            ],
            "isKeyframe": false
        },
        {
            "bbox": [
                389.60999999999996,
                42.02032999999999,
                427.18199999999996,
                248.53996999999998,
                0.719046238095238
            ],
            "personID": 1,
            "keypoints": [
                [
                    424.051,
                    65.9918,
                    0.75956
                ],
                [
                    401.55,
                    82.7164,
                    0.84664
                ],
                [
                    407.434,
                    87.5644,
                    0.796735
                ],
                [
                    410.33,
                    121.818,
                    0.844667
                ],
                [
                    419.138,
                    152.095,
                    0.911055
                ],
                [
                    393.751,
                    81.7209,
                    0.790102
                ],
                [
                    0.0,
                    0.0,
                    0.0
                ],
                [
                    0.0,
                    0.0,
                    0.0
                ],
                [
                    401.548,
                    143.307,
                    0.700393
                ],
                [
                    404.514,
                    144.28,
                    0.704134
                ],
                [
                    408.385,
                    187.326,
                    0.772004
                ],
                [
                    395.667,
                    226.464,
                    0.880617
                ],
                [
                    395.672,
                    142.333,
                    0.68334
                ],
                [
                    404.522,
                    184.411,
                    0.702515
                ],
                [
                    401.551,
                    220.598,
                    0.654512
                ],
                [
                    422.091,
                    59.2303,
                    0.7754
                ],
                [
                    0.0,
                    0.0,
                    0.0
                ],
                [
                    412.345,
                    59.2396,
                    0.884111
                ],
                [
                    0.0,
                    0.0,
                    0.0
                ],
                [
                    413.313,
                    223.536,
                    0.549002
                ],
                [
                    411.324,
                    221.586,
                    0.470744
                ],
                [
                    399.586,
                    222.552,
                    0.190992
                ],
                [
                    411.322,
                    230.327,
                    0.736651
                ],
                [
                    409.37,
                    231.33,
                    0.689239
                ],
                [
                    392.741,
                    230.357,
                    0.757558
                ]
            ],
            "isKeyframe": false
        },
        {
            "bbox": [
                51.013180000000006,
                165.53560000000002,
                136.80862,
                356.84439999999995,
                0.6532509999999999
            ],
            "personID": 2,
            "keypoints": [
                [
                    74.8418,
                    183.464,
                    0.913388
                ],
                [
                    66.9934,
                    222.581,
                    0.751126
                ],
                [
                    68.9775,
                    232.32,
                    0.732343
                ],
                [
                    111.045,
                    253.889,
                    0.83734
                ],
                [
                    98.3049,
                    234.305,
                    0.701898
                ],
                [
                    66.0458,
                    211.796,
                    0.530142
                ],
                [
                    0.0,
                    0.0,
                    0.0
                ],
                [
                    0.0,
                    0.0,
                    0.0
                ],
                [
                    107.118,
                    292.996,
                    0.451868
                ],
                [
                    109.074,
                    293.967,
                    0.575235
                ],
                [
                    129.659,
                    340.902,
                    0.566973
                ],
                [
                    0.0,
                    0.0,
                    0.0
                ],
                [
                    105.186,
                    292.988,
                    0.330256
                ],
                [
                    121.832,
                    336.03,
                    0.334389
                ],
                [
                    0.0,
                    0.0,
                    0.0
                ],
                [
                    68.9601,
                    181.478,
                    0.834147
                ],
                [
                    0.0,
                    0.0,
                    0.0
                ],
                [
                    58.1628,
                    191.244,
                    0.933158
                ],
                [
                    0.0,
                    0.0,
                    0.0
                ],
                [
                    0.0,
                    0.0,
                    0.0
                ],
                [
                    0.0,
                    0.0,
                    0.0
                ],
                [
                    0.0,
                    0.0,
                    0.0
                ],
                [
                    0.0,
                    0.0,
                    0.0
                ],
                [
                    0.0,
                    0.0,
                    0.0
                ],
                [
                    0.0,
                    0.0,
                    0.0
                ]
            ],
            "isKeyframe": false
        },
        {
            "bbox": [
                412.98660000000007,
                80.37147,
                463.49940000000004,
                295.21023,
                0.733217
            ],
            "personID": 3,
            "keypoints": [
                [
                    417.196,
                    105.111,
                    0.687046
                ],
                [
                    443.653,
                    121.843,
                    0.679269
                ],
                [
                    445.574,
                    120.81,
                    0.543549
                ],
                [
                    0.0,
                    0.0,
                    0.0
                ],
                [
                    0.0,
                    0.0,
                    0.0
                ],
                [
                    443.618,
                    126.675,
                    0.744132
                ],
                [
                    442.615,
                    164.826,
                    0.843586
                ],
                [
                    434.806,
                    194.2,
                    0.861136
                ],
                [
                    447.554,
                    186.346,
                    0.603264
                ],
                [
                    448.511,
                    185.366,
                    0.500744
                ],
                [
                    440.653,
                    224.494,
                    0.658249
                ],
                [
                    441.638,
                    254.834,
                    0.807612
                ],
                [
                    448.478,
                    188.311,
                    0.67245
                ],
                [
                    446.55,
                    230.355,
                    0.712368
                ],
                [
                    456.351,
                    269.465,
                    0.811327
                ],
                [
                    0.0,
                    0.0,
                    0.0
                ],
                [
                    418.17,
                    98.3165,
                    0.81009
                ],
                [
                    0.0,
                    0.0,
                    0.0
                ],
                [
                    427.05,
                    98.2747,
                    0.887328
                ],
                [
                    435.807,
                    272.449,
                    0.688309
                ],
                [
                    441.649,
                    277.307,
                    0.789133
                ],
                [
                    459.29,
                    271.469,
                    0.760145
                ],
                [
                    426.046,
                    254.834,
                    0.863557
                ],
                [
                    427.985,
                    253.862,
                    0.763354
                ],
                [
                    442.632,
                    260.692,
                    0.710909
                ]
            ],
            "isKeyframe": false
        }
    ],
    "isKeyframe": false
}