{
    "filename": "images/1/002846.jpg",
    "height": 360,
    "width": 640,
    "annots": [
        {
            "bbox": [
                177.85309999999998,
                66.79288999999999,
                244.76389999999998,
                245.28100999999998,
                0.8082178750000001
            ],
            "personID": 0,
            "keypoints": [
                [
                    206.933,
                    83.6634,
                    0.922956
                ],
                [
                    200.038,
                    100.279,
                    0.898499
                ],
                [
                    187.327,
                    105.164,
                    0.866276
                ],
                [
                    183.429,
                    129.642,
                    0.888398
                ],
                [
                    190.27,
                    152.122,
                    0.686314
                ],
                [
                    213.72,
                    97.3402,
                    0.909317
                ],
                [
                    216.706,
                    120.82,
                    0.716472
                ],
                [
                    224.527,
                    137.448,
                    0.187448
                ],
                [
                    206.933,
                    151.151,
                    0.829092
                ],
                [
                    199.081,
                    152.149,
                    0.823406
                ],
                [
                    205.888,
                    188.324,
                    0.811859
                ],
                [
                    210.818,
                    221.592,
                    0.83245
                ],
                [
                    215.669,
                    149.186,
                    0.787217
                ],
                [
                    220.603,
                    183.374,
                    0.817362
                ],
                [
                    223.571,
                    211.801,
                    0.862608
                ],
                [
                    202.986,
                    81.7313,
                    0.901268
                ],
                [
                    207.881,
                    81.6669,
                    0.867229
                ],
                [
                    193.201,
                    83.6417,
                    0.902356
                ],
                [
                    0.0,
                    0.0,
                    0.0
                ],
                [
                    239.188,
                    213.718,
                    0.792923
                ],
                [
                    238.221,
                    210.8,
                    0.763436
                ],
                [
                    222.541,
                    215.69,
                    0.888448
                ],
                [
                    218.628,
                    230.353,
                    0.825839
                ],
                [
                    213.747,
                    230.407,
                    0.839833
                ],
                [
                    209.852,
                    223.533,
                    0.776223
                ]
            ],
            "isKeyframe": false
        },
        {
            "bbox": [
                480.70750000000004,
                81.00189999999998,
                552.3175000000001,
                347.4751,
                0.7218050416666667
            ],
            "personID": 1,
            "keypoints": [
                [
                    496.482,
                    113.959,
                    0.957505
                ],
                [
                    518.959,
                    131.597,
                    0.832463
                ],
                [
                    497.415,
                    128.68,
                    0.868028
                ],
                [
                    497.439,
                    167.768,
                    0.286043
                ],
                [
                    495.469,
                    201.048,
                    0.204499
                ],
                [
                    539.475,
                    136.49,
                    0.792202
                ],
                [
                    546.35,
                    180.504,
                    0.795874
                ],
                [
                    534.611,
                    220.573,
                    0.828608
                ],
                [
                    516.011,
                    207.875,
                    0.655131
                ],
                [
                    503.315,
                    207.858,
                    0.658078
                ],
                [
                    501.332,
                    261.695,
                    0.728357
                ],
                [
                    504.228,
                    307.624,
                    0.829519
                ],
                [
                    528.751,
                    207.886,
                    0.65455
                ],
                [
                    528.708,
                    256.789,
                    0.790725
                ],
                [
                    513.054,
                    269.53,
                    0.850649
                ],
                [
                    495.441,
                    108.1,
                    0.520922
                ],
                [
                    500.357,
                    108.087,
                    0.825661
                ],
                [
                    0.0,
                    0.0,
                    0.0
                ],
                [
                    517.949,
                    103.208,
                    0.816723
                ],
                [
                    511.131,
                    286.152,
                    0.753264
                ],
                [
                    513.067,
                    285.19,
                    0.768078
                ],
                [
                    511.088,
                    268.493,
                    0.660089
                ],
                [
                    488.647,
                    325.269,
                    0.772261
                ],
                [
                    486.675,
                    322.313,
                    0.664157
                ],
                [
                    505.3,
                    309.63,
                    0.809935
                ]
            ],
            "isKeyframe": false
        },
        {
            "bbox": [
                51.06275999999999,
                165.72560000000004,
                136.81284,
                354.69440000000003,
                0.6071034428571427
            ],
            "personID": 2,
            "keypoints": [
                [
                    74.8634,
                    183.459,
                    0.892297
                ],
                [
                    66.0574,
                    222.504,
                    0.749608
                ],
                [
                    67.9936,
                    231.332,
                    0.756558
                ],
                [
                    107.148,
                    254.818,
                    0.794588
                ],
                [
                    98.2926,
                    235.268,
                    0.547551
                ],
                [
                    66.0094,
                    209.832,
                    0.575634
                ],
                [
                    90.4685,
                    234.301,
                    0.0507012
                ],
                [
                    0.0,
                    0.0,
                    0.0
                ],
                [
                    105.19,
                    292.016,
                    0.468323
                ],
                [
                    107.107,
                    292.971,
                    0.58838
                ],
                [
                    129.667,
                    338.947,
                    0.582115
                ],
                [
                    0.0,
                    0.0,
                    0.0
                ],
                [
                    103.204,
                    292.959,
                    0.33996
                ],
                [
                    121.773,
                    334.073,
                    0.380659
                ],
                [
                    0.0,
                    0.0,
                    0.0
                ],
                [
                    69.9518,
                    181.473,
                    0.815551
                ],
                [
                    0.0,
                    0.0,
                    0.0
                ],
                [
                    58.2086,
                    191.234,
                    0.957523
                ],
                [
                    0.0,
                    0.0,
                    0.0
                ],
                [
                    0.0,
                    0.0,
                    0.0
                ],
                [
                    0.0,
                    0.0,
                    0.0
                ],
                [
                    0.0,
                    0.0,
                    0.0
                ],
                [
                    0.0,
                    0.0,
                    0.0
                ],
                [
                    0.0,
                    0.0,
                    0.0
                ],
                [
                    0.0,
                    0.0,
                    0.0
                ]
            ],
            "isKeyframe": false
        },
        {
            "bbox": [
                298.7524,
                170.3375,
                393.8476,
                245.42749999999998,
                0.42994572727272734
            ],
            "personID": 3,
            "keypoints": [
                [
                    0.0,
                    0.0,
                    0.0
                ],
                [
                    354.604,
                    193.244,
                    0.662674
                ],
                [
                    372.219,
                    193.201,
                    0.771042
                ],
                [
                    385.923,
                    205.91,
                    0.738684
                ],
                [
                    373.191,
                    212.753,
                    0.179182
                ],
                [
                    333.093,
                    195.158,
                    0.483385
                ],
                [
                    306.677,
                    207.865,
                    0.149971
                ],
                [
                    0.0,
                    0.0,
                    0.0
                ],
                [
                    341.893,
                    238.222,
                    0.332005
                ],
                [
                    356.579,
                    239.17,
                    0.295159
                ],
                [
                    0.0,
                    0.0,
                    0.0
                ],
                [
                    0.0,
                    0.0,
                    0.0
                ],
                [
                    325.276,
                    238.23,
                    0.347194
                ],
                [
                    0.0,
                    0.0,
                    0.0
                ],
                [
                    0.0,
                    0.0,
                    0.0
                ],
                [
                    0.0,
                    0.0,
                    0.0
                ],
                [
                    0.0,
                    0.0,
                    0.0
                ],
                [
                    365.391,
                    176.626,
                    0.410297
                ],
                [
                    345.805,
                    176.595,
                    0.35981
                ],
                [
                    0.0,
                    0.0,
                    0.0
                ],
                [
                    0.0,
                    0.0,
                    0.0
                ],
                [
                    0.0,
                    0.0,
                    0.0
                ],
                [
                    0.0,
                    0.0,
                    0.0
                ],
                [
                    0.0,
                    0.0,
                    0.0
                ],
                [
                    0.0,
                    0.0,
                    0.0
                ]
            ],
            "isKeyframe": false
        }
    ],
    "isKeyframe": false
}