{
    "filename": "images/1/002868.jpg",
    "height": 360,
    "width": 640,
    "annots": [
        {
            "bbox": [
                173.56070000000003,
                68.99964999999999,
                245.14430000000002,
                245.06185,
                0.8220698333333334
            ],
            "personID": 0,
            "keypoints": [
                [
                    199.106,
                    89.4839,
                    0.941059
                ],
                [
                    192.262,
                    105.173,
                    0.96258
                ],
                [
                    181.468,
                    110.061,
                    0.823616
                ],
                [
                    179.526,
                    137.467,
                    0.854542
                ],
                [
                    186.363,
                    157.988,
                    0.729044
                ],
                [
                    205.938,
                    99.2918,
                    0.912944
                ],
                [
                    213.714,
                    121.791,
                    0.815826
                ],
                [
                    229.391,
                    127.663,
                    0.326232
                ],
                [
                    204.961,
                    154.084,
                    0.785515
                ],
                [
                    197.13,
                    157.027,
                    0.755815
                ],
                [
                    203.981,
                    191.229,
                    0.832209
                ],
                [
                    209.83,
                    221.551,
                    0.847357
                ],
                [
                    213.722,
                    153.066,
                    0.790565
                ],
                [
                    221.569,
                    183.431,
                    0.876003
                ],
                [
                    223.567,
                    212.747,
                    0.860567
                ],
                [
                    195.147,
                    86.581,
                    0.836955
                ],
                [
                    200.049,
                    83.6715,
                    0.858393
                ],
                [
                    185.412,
                    89.4786,
                    0.897992
                ],
                [
                    0.0,
                    0.0,
                    0.0
                ],
                [
                    239.179,
                    213.75,
                    0.834823
                ],
                [
                    238.207,
                    210.83,
                    0.774783
                ],
                [
                    222.53,
                    215.68,
                    0.875582
                ],
                [
                    219.6,
                    230.337,
                    0.866107
                ],
                [
                    213.76,
                    230.39,
                    0.871621
                ],
                [
                    208.889,
                    223.503,
                    0.799546
                ]
            ],
            "isKeyframe": false
        },
        {
            "bbox": [
                482.03470000000004,
                84.83980000000003,
                548.9503000000001,
                364.2262,
                0.7061785652173913
            ],
            "personID": 1,
            "keypoints": [
                [
                    492.549,
                    114.969,
                    0.819003
                ],
                [
                    520.898,
                    139.409,
                    0.785685
                ],
                [
                    506.23,
                    134.503,
                    0.675674
                ],
                [
                    505.269,
                    174.619,
                    0.0573067
                ],
                [
                    0.0,
                    0.0,
                    0.0
                ],
                [
                    535.53,
                    145.308,
                    0.773217
                ],
                [
                    543.374,
                    196.137,
                    0.811297
                ],
                [
                    534.576,
                    239.225,
                    0.845472
                ],
                [
                    511.136,
                    222.56,
                    0.628263
                ],
                [
                    498.441,
                    221.559,
                    0.589533
                ],
                [
                    497.4,
                    271.452,
                    0.776129
                ],
                [
                    504.217,
                    309.573,
                    0.852814
                ],
                [
                    520.915,
                    224.51,
                    0.593079
                ],
                [
                    513.037,
                    286.097,
                    0.865959
                ],
                [
                    519.952,
                    319.407,
                    0.824178
                ],
                [
                    491.547,
                    111.022,
                    0.0797933
                ],
                [
                    496.455,
                    111.984,
                    0.86092
                ],
                [
                    0.0,
                    0.0,
                    0.0
                ],
                [
                    512.095,
                    108.122,
                    0.902817
                ],
                [
                    505.273,
                    340.944,
                    0.755332
                ],
                [
                    513.086,
                    340.92,
                    0.709353
                ],
                [
                    521.905,
                    322.321,
                    0.654549
                ],
                [
                    488.662,
                    326.228,
                    0.844198
                ],
                [
                    487.611,
                    323.287,
                    0.747486
                ],
                [
                    507.21,
                    310.59,
                    0.790049
                ]
            ],
            "isKeyframe": false
        },
        {
            "bbox": [
                51.110890000000005,
                165.6259,
                136.80301,
                355.77909999999997,
                0.6087982357142857
            ],
            "personID": 2,
            "keypoints": [
                [
                    74.8954,
                    183.451,
                    0.900348
                ],
                [
                    66.9841,
                    222.547,
                    0.752915
                ],
                [
                    68.013,
                    231.375,
                    0.741616
                ],
                [
                    107.146,
                    255.791,
                    0.805011
                ],
                [
                    97.3774,
                    235.271,
                    0.643232
                ],
                [
                    66.0187,
                    209.835,
                    0.538101
                ],
                [
                    91.4789,
                    238.204,
                    0.0601383
                ],
                [
                    0.0,
                    0.0,
                    0.0
                ],
                [
                    106.129,
                    292.993,
                    0.468134
                ],
                [
                    107.115,
                    293.954,
                    0.599056
                ],
                [
                    129.662,
                    339.933,
                    0.575372
                ],
                [
                    0.0,
                    0.0,
                    0.0
                ],
                [
                    104.189,
                    292.984,
                    0.328336
                ],
                [
                    121.802,
                    335.057,
                    0.359224
                ],
                [
                    0.0,
                    0.0,
                    0.0
                ],
                [
                    70.9145,
                    181.472,
                    0.79683
                ],
                [
                    0.0,
                    0.0,
                    0.0
                ],
                [
                    58.2519,
                    191.247,
                    0.954862
                ],
                [
                    0.0,
                    0.0,
                    0.0
                ],
                [
                    0.0,
                    0.0,
                    0.0
                ],
                [
                    0.0,
                    0.0,
                    0.0
                ],
                [
                    0.0,
                    0.0,
                    0.0
                ],
                [
                    0.0,
                    0.0,
                    0.0
                ],
                [
                    0.0,
                    0.0,
                    0.0
                ],
                [
                    0.0,
                    0.0,
                    0.0
                ]
            ],
            "isKeyframe": false
        },
        {
            "bbox": [
                268.2475,
                163.57459999999998,
                389.12949999999995,
                237.52339999999998,
                0.39206474999999996
            ],
            "personID": 3,
            "keypoints": [
                [
                    0.0,
                    0.0,
                    0.0
                ],
                [
                    364.427,
                    192.222,
                    0.600842
                ],
                [
                    378.087,
                    191.237,
                    0.485241
                ],
                [
                    0.0,
                    0.0,
                    0.0
                ],
                [
                    0.0,
                    0.0,
                    0.0
                ],
                [
                    353.619,
                    194.172,
                    0.516374
                ],
                [
                    325.288,
                    214.762,
                    0.337228
                ],
                [
                    309.621,
                    214.73,
                    0.235088
                ],
                [
                    341.886,
                    230.381,
                    0.256483
                ],
                [
                    352.647,
                    231.361,
                    0.2189
                ],
                [
                    325.255,
                    200.045,
                    0.156028
                ],
                [
                    0.0,
                    0.0,
                    0.0
                ],
                [
                    331.128,
                    230.391,
                    0.286114
                ],
                [
                    315.476,
                    192.256,
                    0.642537
                ],
                [
                    285.184,
                    187.349,
                    0.694315
                ],
                [
                    0.0,
                    0.0,
                    0.0
                ],
                [
                    0.0,
                    0.0,
                    0.0
                ],
                [
                    379.056,
                    171.692,
                    0.107741
                ],
                [
                    359.513,
                    169.743,
                    0.328188
                ],
                [
                    280.27,
                    169.737,
                    0.433858
                ],
                [
                    278.321,
                    174.604,
                    0.443154
                ],
                [
                    283.182,
                    185.401,
                    0.530945
                ],
                [
                    0.0,
                    0.0,
                    0.0
                ],
                [
                    0.0,
                    0.0,
                    0.0
                ],
                [
                    0.0,
                    0.0,
                    0.0
                ]
            ],
            "isKeyframe": false
        }
    ],
    "isKeyframe": false
}