{
    "filename": "images/1/002866.jpg",
    "height": 360,
    "width": 640,
    "annots": [
        {
            "bbox": [
                175.70140000000004,
                68.98983000000001,
                244.9366,
                245.04747,
                0.815081
            ],
            "personID": 0,
            "keypoints": [
                [
                    200.052,
                    89.4775,
                    0.94579
                ],
                [
                    193.195,
                    105.151,
                    0.9371
                ],
                [
                    182.428,
                    110.063,
                    0.834326
                ],
                [
                    181.471,
                    136.499,
                    0.872232
                ],
                [
                    187.328,
                    156.041,
                    0.689456
                ],
                [
                    206.87,
                    98.3512,
                    0.939856
                ],
                [
                    213.753,
                    121.778,
                    0.813414
                ],
                [
                    229.399,
                    126.675,
                    0.256149
                ],
                [
                    205.908,
                    154.065,
                    0.798523
                ],
                [
                    198.085,
                    156.05,
                    0.767739
                ],
                [
                    203.978,
                    191.228,
                    0.843501
                ],
                [
                    209.829,
                    221.547,
                    0.841463
                ],
                [
                    213.741,
                    152.136,
                    0.793771
                ],
                [
                    219.632,
                    183.459,
                    0.84873
                ],
                [
                    223.571,
                    212.763,
                    0.860465
                ],
                [
                    197.112,
                    85.622,
                    0.832369
                ],
                [
                    201.011,
                    83.6613,
                    0.849719
                ],
                [
                    187.328,
                    89.4653,
                    0.863028
                ],
                [
                    0.0,
                    0.0,
                    0.0
                ],
                [
                    239.167,
                    213.731,
                    0.829145
                ],
                [
                    238.191,
                    210.82,
                    0.779308
                ],
                [
                    222.54,
                    215.693,
                    0.866546
                ],
                [
                    218.648,
                    229.412,
                    0.847836
                ],
                [
                    213.758,
                    230.376,
                    0.857936
                ],
                [
                    208.884,
                    223.501,
                    0.793542
                ]
            ],
            "isKeyframe": false
        },
        {
            "bbox": [
                482.0372,
                84.15590000000003,
                549.0308,
                360.0011,
                0.7218956782608695
            ],
            "personID": 1,
            "keypoints": [
                [
                    493.519,
                    114.959,
                    0.827955
                ],
                [
                    519.96,
                    137.492,
                    0.838028
                ],
                [
                    505.225,
                    134.493,
                    0.767585
                ],
                [
                    504.289,
                    173.649,
                    0.0590066
                ],
                [
                    0.0,
                    0.0,
                    0.0
                ],
                [
                    535.555,
                    144.291,
                    0.813599
                ],
                [
                    543.448,
                    192.245,
                    0.852673
                ],
                [
                    535.588,
                    238.232,
                    0.895365
                ],
                [
                    511.123,
                    221.552,
                    0.624957
                ],
                [
                    498.412,
                    218.64,
                    0.599606
                ],
                [
                    497.435,
                    270.456,
                    0.827465
                ],
                [
                    503.313,
                    308.59,
                    0.866367
                ],
                [
                    520.912,
                    222.562,
                    0.610515
                ],
                [
                    513.122,
                    284.155,
                    0.825842
                ],
                [
                    520.871,
                    314.495,
                    0.831808
                ],
                [
                    490.606,
                    109.103,
                    0.106953
                ],
                [
                    496.47,
                    111.975,
                    0.865638
                ],
                [
                    0.0,
                    0.0,
                    0.0
                ],
                [
                    512.115,
                    107.143,
                    0.928572
                ],
                [
                    510.141,
                    337.014,
                    0.738191
                ],
                [
                    516.996,
                    336.013,
                    0.687623
                ],
                [
                    521.902,
                    315.489,
                    0.694173
                ],
                [
                    489.592,
                    325.3,
                    0.803512
                ],
                [
                    487.62,
                    322.333,
                    0.72532
                ],
                [
                    506.255,
                    308.664,
                    0.812847
                ]
            ],
            "isKeyframe": false
        },
        {
            "bbox": [
                51.11092,
                165.6277,
                136.80628,
                355.75930000000005,
                0.613244
            ],
            "personID": 2,
            "keypoints": [
                [
                    74.8925,
                    183.452,
                    0.901133
                ],
                [
                    66.9842,
                    222.55,
                    0.753161
                ],
                [
                    68.0209,
                    231.379,
                    0.737228
                ],
                [
                    107.143,
                    255.791,
                    0.810413
                ],
                [
                    98.2823,
                    235.28,
                    0.657652
                ],
                [
                    66.0151,
                    209.836,
                    0.536219
                ],
                [
                    91.4753,
                    238.208,
                    0.059246
                ],
                [
                    0.0,
                    0.0,
                    0.0
                ],
                [
                    106.128,
                    292.998,
                    0.47645
                ],
                [
                    107.123,
                    293.953,
                    0.60439
                ],
                [
                    129.665,
                    339.915,
                    0.590221
                ],
                [
                    0.0,
                    0.0,
                    0.0
                ],
                [
                    104.185,
                    292.991,
                    0.337073
                ],
                [
                    121.797,
                    335.055,
                    0.373154
                ],
                [
                    0.0,
                    0.0,
                    0.0
                ],
                [
                    70.9112,
                    181.472,
                    0.794384
                ],
                [
                    0.0,
                    0.0,
                    0.0
                ],
                [
                    58.2522,
                    191.247,
                    0.954692
                ],
                [
                    0.0,
                    0.0,
                    0.0
                ],
                [
                    0.0,
                    0.0,
                    0.0
                ],
                [
                    0.0,
                    0.0,
                    0.0
                ],
                [
                    0.0,
                    0.0,
                    0.0
                ],
                [
                    0.0,
                    0.0,
                    0.0
                ],
                [
                    0.0,
                    0.0,
                    0.0
                ],
                [
                    0.0,
                    0.0,
                    0.0
                ]
            ],
            "isKeyframe": false
        },
        {
            "bbox": [
                275.8101,
                167.1608,
                388.45289999999994,
                244.6592,
                0.35141646666666665
            ],
            "personID": 3,
            "keypoints": [
                [
                    0.0,
                    0.0,
                    0.0
                ],
                [
                    364.403,
                    193.207,
                    0.485476
                ],
                [
                    379.031,
                    193.2,
                    0.404581
                ],
                [
                    0.0,
                    0.0,
                    0.0
                ],
                [
                    0.0,
                    0.0,
                    0.0
                ],
                [
                    350.707,
                    194.193,
                    0.379834
                ],
                [
                    340.954,
                    202.026,
                    0.193718
                ],
                [
                    321.35,
                    215.746,
                    0.179785
                ],
                [
                    338.956,
                    236.234,
                    0.203788
                ],
                [
                    349.711,
                    238.201,
                    0.161746
                ],
                [
                    0.0,
                    0.0,
                    0.0
                ],
                [
                    0.0,
                    0.0,
                    0.0
                ],
                [
                    329.177,
                    232.34,
                    0.193158
                ],
                [
                    319.412,
                    192.187,
                    0.598325
                ],
                [
                    292.967,
                    190.251,
                    0.634943
                ],
                [
                    0.0,
                    0.0,
                    0.0
                ],
                [
                    0.0,
                    0.0,
                    0.0
                ],
                [
                    379.066,
                    174.602,
                    0.172695
                ],
                [
                    360.471,
                    173.619,
                    0.235194
                ],
                [
                    287.121,
                    174.599,
                    0.456075
                ],
                [
                    285.197,
                    176.597,
                    0.488173
                ],
                [
                    289.058,
                    189.285,
                    0.483756
                ],
                [
                    0.0,
                    0.0,
                    0.0
                ],
                [
                    0.0,
                    0.0,
                    0.0
                ],
                [
                    0.0,
                    0.0,
                    0.0
                ]
            ],
            "isKeyframe": false
        }
    ],
    "isKeyframe": false
}