{
    "filename": "images/1/002853.jpg",
    "height": 360,
    "width": 640,
    "annots": [
        {
            "bbox": [
                177.8476,
                67.88490999999998,
                244.76439999999997,
                245.13918999999999,
                0.8296475833333333
            ],
            "personID": 0,
            "keypoints": [
                [
                    203.974,
                    86.5844,
                    0.846444
                ],
                [
                    198.101,
                    103.198,
                    0.881347
                ],
                [
                    184.436,
                    106.158,
                    0.900838
                ],
                [
                    183.424,
                    133.537,
                    0.851872
                ],
                [
                    190.24,
                    153.139,
                    0.787294
                ],
                [
                    207.921,
                    97.3825,
                    0.942407
                ],
                [
                    215.737,
                    120.85,
                    0.825164
                ],
                [
                    226.477,
                    131.574,
                    0.357445
                ],
                [
                    206.886,
                    152.138,
                    0.836326
                ],
                [
                    199.045,
                    153.135,
                    0.815366
                ],
                [
                    205.881,
                    189.284,
                    0.82319
                ],
                [
                    209.827,
                    220.589,
                    0.835458
                ],
                [
                    214.727,
                    151.127,
                    0.796108
                ],
                [
                    220.59,
                    183.383,
                    0.832744
                ],
                [
                    223.577,
                    211.79,
                    0.859593
                ],
                [
                    200.033,
                    82.7116,
                    0.954647
                ],
                [
                    205.923,
                    82.6561,
                    0.899507
                ],
                [
                    191.268,
                    83.6866,
                    0.912133
                ],
                [
                    0.0,
                    0.0,
                    0.0
                ],
                [
                    239.188,
                    213.731,
                    0.826933
                ],
                [
                    238.222,
                    210.809,
                    0.789214
                ],
                [
                    222.542,
                    215.673,
                    0.870838
                ],
                [
                    218.633,
                    229.411,
                    0.824084
                ],
                [
                    213.739,
                    230.368,
                    0.828449
                ],
                [
                    208.876,
                    222.58,
                    0.814141
                ]
            ],
            "isKeyframe": false
        },
        {
            "bbox": [
                481.83619999999996,
                84.19489999999999,
                551.1578,
                347.18809999999996,
                0.663958775
            ],
            "personID": 1,
            "keypoints": [
                [
                    496.427,
                    114.951,
                    0.906143
                ],
                [
                    518.923,
                    135.506,
                    0.846221
                ],
                [
                    497.437,
                    130.596,
                    0.85133
                ],
                [
                    498.387,
                    165.816,
                    0.154844
                ],
                [
                    495.466,
                    199.057,
                    0.0742266
                ],
                [
                    536.566,
                    137.493,
                    0.81499
                ],
                [
                    545.381,
                    184.435,
                    0.818928
                ],
                [
                    536.548,
                    224.543,
                    0.860577
                ],
                [
                    513.093,
                    207.903,
                    0.640859
                ],
                [
                    499.401,
                    207.871,
                    0.612346
                ],
                [
                    497.464,
                    263.628,
                    0.817457
                ],
                [
                    504.239,
                    307.643,
                    0.838154
                ],
                [
                    527.715,
                    208.863,
                    0.605397
                ],
                [
                    520.902,
                    267.553,
                    0.703214
                ],
                [
                    519.952,
                    279.284,
                    0.694203
                ],
                [
                    492.555,
                    111.026,
                    0.412074
                ],
                [
                    498.403,
                    111.011,
                    0.830815
                ],
                [
                    0.0,
                    0.0,
                    0.0
                ],
                [
                    513.127,
                    106.111,
                    0.914265
                ],
                [
                    512.081,
                    298.842,
                    0.396265
                ],
                [
                    516.974,
                    297.88,
                    0.41959
                ],
                [
                    519.908,
                    278.284,
                    0.533905
                ],
                [
                    489.576,
                    325.272,
                    0.771614
                ],
                [
                    487.613,
                    321.356,
                    0.681599
                ],
                [
                    506.253,
                    309.627,
                    0.735994
                ]
            ],
            "isKeyframe": false
        },
        {
            "bbox": [
                51.10302000000001,
                165.704,
                136.79718,
                354.71599999999995,
                0.6005116714285714
            ],
            "personID": 2,
            "keypoints": [
                [
                    74.8714,
                    183.427,
                    0.88994
                ],
                [
                    66.0737,
                    222.521,
                    0.752911
                ],
                [
                    68.0141,
                    231.355,
                    0.754395
                ],
                [
                    107.116,
                    254.834,
                    0.810034
                ],
                [
                    97.3291,
                    233.299,
                    0.479851
                ],
                [
                    66.017,
                    209.83,
                    0.562219
                ],
                [
                    93.4334,
                    232.355,
                    0.0940714
                ],
                [
                    0.0,
                    0.0,
                    0.0
                ],
                [
                    106.137,
                    292.955,
                    0.460779
                ],
                [
                    106.179,
                    292.992,
                    0.597284
                ],
                [
                    129.656,
                    338.965,
                    0.571265
                ],
                [
                    0.0,
                    0.0,
                    0.0
                ],
                [
                    105.162,
                    291.998,
                    0.326378
                ],
                [
                    121.821,
                    335.037,
                    0.356826
                ],
                [
                    0.0,
                    0.0,
                    0.0
                ],
                [
                    69.9473,
                    181.455,
                    0.799283
                ],
                [
                    0.0,
                    0.0,
                    0.0
                ],
                [
                    58.2442,
                    191.245,
                    0.951927
                ],
                [
                    0.0,
                    0.0,
                    0.0
                ],
                [
                    0.0,
                    0.0,
                    0.0
                ],
                [
                    0.0,
                    0.0,
                    0.0
                ],
                [
                    0.0,
                    0.0,
                    0.0
                ],
                [
                    0.0,
                    0.0,
                    0.0
                ],
                [
                    0.0,
                    0.0,
                    0.0
                ],
                [
                    0.0,
                    0.0,
                    0.0
                ]
            ],
            "isKeyframe": false
        },
        {
            "bbox": [
                293.52099999999996,
                168.1388,
                393.22900000000004,
                245.6132,
                0.40952941538461535
            ],
            "personID": 3,
            "keypoints": [
                [
                    0.0,
                    0.0,
                    0.0
                ],
                [
                    357.561,
                    198.079,
                    0.594117
                ],
                [
                    378.087,
                    195.175,
                    0.519803
                ],
                [
                    384.92,
                    203.96,
                    0.272454
                ],
                [
                    0.0,
                    0.0,
                    0.0
                ],
                [
                    338.948,
                    198.113,
                    0.559971
                ],
                [
                    309.632,
                    214.711,
                    0.6824
                ],
                [
                    301.83,
                    205.929,
                    0.623745
                ],
                [
                    340.939,
                    238.186,
                    0.399508
                ],
                [
                    355.609,
                    239.157,
                    0.368579
                ],
                [
                    332.096,
                    207.91,
                    0.0583094
                ],
                [
                    0.0,
                    0.0,
                    0.0
                ],
                [
                    326.231,
                    238.186,
                    0.41552
                ],
                [
                    310.598,
                    213.733,
                    0.173235
                ],
                [
                    0.0,
                    0.0,
                    0.0
                ],
                [
                    0.0,
                    0.0,
                    0.0
                ],
                [
                    0.0,
                    0.0,
                    0.0
                ],
                [
                    374.159,
                    176.595,
                    0.274657
                ],
                [
                    354.595,
                    174.595,
                    0.381584
                ],
                [
                    0.0,
                    0.0,
                    0.0
                ],
                [
                    0.0,
                    0.0,
                    0.0
                ],
                [
                    0.0,
                    0.0,
                    0.0
                ],
                [
                    0.0,
                    0.0,
                    0.0
                ],
                [
                    0.0,
                    0.0,
                    0.0
                ],
                [
                    0.0,
                    0.0,
                    0.0
                ]
            ],
            "isKeyframe": false
        }
    ],
    "isKeyframe": false
}