{
    "filename": "images/1/002862.jpg",
    "height": 360,
    "width": 640,
    "annots": [
        {
            "bbox": [
                176.76940000000002,
                67.92542999999999,
                244.8526,
                245.12786999999997,
                0.8278829999999999
            ],
            "personID": 0,
            "keypoints": [
                [
                    201.048,
                    87.5763,
                    0.870651
                ],
                [
                    194.191,
                    105.116,
                    0.900804
                ],
                [
                    183.405,
                    108.108,
                    0.87731
                ],
                [
                    182.443,
                    136.425,
                    0.861996
                ],
                [
                    187.324,
                    154.081,
                    0.678652
                ],
                [
                    207.836,
                    98.3205,
                    0.954008
                ],
                [
                    214.734,
                    120.827,
                    0.874357
                ],
                [
                    230.35,
                    126.697,
                    0.465714
                ],
                [
                    206.853,
                    153.091,
                    0.832879
                ],
                [
                    198.111,
                    154.105,
                    0.793445
                ],
                [
                    204.917,
                    189.275,
                    0.824023
                ],
                [
                    209.837,
                    220.588,
                    0.837625
                ],
                [
                    214.695,
                    152.083,
                    0.808687
                ],
                [
                    221.535,
                    183.398,
                    0.861799
                ],
                [
                    223.565,
                    212.754,
                    0.866678
                ],
                [
                    199.032,
                    83.6664,
                    0.895844
                ],
                [
                    202.98,
                    82.6923,
                    0.837047
                ],
                [
                    189.276,
                    87.5726,
                    0.835528
                ],
                [
                    0.0,
                    0.0,
                    0.0
                ],
                [
                    239.179,
                    213.747,
                    0.827612
                ],
                [
                    238.206,
                    211.778,
                    0.774626
                ],
                [
                    222.538,
                    215.698,
                    0.877392
                ],
                [
                    218.649,
                    229.395,
                    0.845547
                ],
                [
                    213.758,
                    230.361,
                    0.847453
                ],
                [
                    208.893,
                    222.585,
                    0.819515
                ]
            ],
            "isKeyframe": false
        },
        {
            "bbox": [
                481.85339999999997,
                84.27100000000002,
                551.1125999999999,
                347.179,
                0.6926972416666666
            ],
            "personID": 1,
            "keypoints": [
                [
                    495.458,
                    115.913,
                    0.854183
                ],
                [
                    519.883,
                    137.43,
                    0.867942
                ],
                [
                    500.352,
                    132.547,
                    0.786102
                ],
                [
                    500.369,
                    170.71,
                    0.216143
                ],
                [
                    494.485,
                    202.978,
                    0.0522478
                ],
                [
                    535.607,
                    143.308,
                    0.80036
                ],
                [
                    545.341,
                    191.201,
                    0.836743
                ],
                [
                    536.611,
                    232.33,
                    0.858637
                ],
                [
                    513.038,
                    215.713,
                    0.646586
                ],
                [
                    499.371,
                    214.729,
                    0.612806
                ],
                [
                    497.44,
                    267.527,
                    0.800791
                ],
                [
                    503.297,
                    308.599,
                    0.871071
                ],
                [
                    525.791,
                    216.693,
                    0.569662
                ],
                [
                    517.959,
                    277.303,
                    0.755784
                ],
                [
                    520.882,
                    301.819,
                    0.779859
                ],
                [
                    491.58,
                    112.009,
                    0.264807
                ],
                [
                    497.419,
                    111.987,
                    0.87028
                ],
                [
                    0.0,
                    0.0,
                    0.0
                ],
                [
                    513.054,
                    106.18,
                    0.935781
                ],
                [
                    514.083,
                    322.337,
                    0.749385
                ],
                [
                    520.914,
                    319.402,
                    0.735899
                ],
                [
                    520.909,
                    302.774,
                    0.511546
                ],
                [
                    489.614,
                    325.27,
                    0.761907
                ],
                [
                    487.625,
                    321.356,
                    0.685414
                ],
                [
                    505.3,
                    309.643,
                    0.800798
                ]
            ],
            "isKeyframe": false
        },
        {
            "bbox": [
                51.10456,
                165.6148,
                136.80904,
                355.75719999999995,
                0.6152394571428571
            ],
            "personID": 2,
            "keypoints": [
                [
                    74.873,
                    183.43,
                    0.89606
                ],
                [
                    66.0658,
                    222.526,
                    0.75493
                ],
                [
                    68.0104,
                    231.361,
                    0.752215
                ],
                [
                    107.131,
                    254.88,
                    0.816683
                ],
                [
                    97.3755,
                    235.269,
                    0.636028
                ],
                [
                    66.0036,
                    209.824,
                    0.553844
                ],
                [
                    91.4821,
                    237.229,
                    0.0664374
                ],
                [
                    0.0,
                    0.0,
                    0.0
                ],
                [
                    106.134,
                    292.99,
                    0.478152
                ],
                [
                    107.123,
                    293.948,
                    0.60707
                ],
                [
                    129.667,
                    339.912,
                    0.588572
                ],
                [
                    0.0,
                    0.0,
                    0.0
                ],
                [
                    104.194,
                    292.982,
                    0.338763
                ],
                [
                    121.803,
                    335.052,
                    0.374704
                ],
                [
                    0.0,
                    0.0,
                    0.0
                ],
                [
                    69.9445,
                    181.46,
                    0.797284
                ],
                [
                    0.0,
                    0.0,
                    0.0
                ],
                [
                    58.2466,
                    191.245,
                    0.95261
                ],
                [
                    0.0,
                    0.0,
                    0.0
                ],
                [
                    0.0,
                    0.0,
                    0.0
                ],
                [
                    0.0,
                    0.0,
                    0.0
                ],
                [
                    0.0,
                    0.0,
                    0.0
                ],
                [
                    0.0,
                    0.0,
                    0.0
                ],
                [
                    0.0,
                    0.0,
                    0.0
                ],
                [
                    0.0,
                    0.0,
                    0.0
                ]
            ],
            "isKeyframe": false
        },
        {
            "bbox": [
                291.8193,
                168.1293,
                388.0317,
                245.64569999999998,
                0.3074923352941177
            ],
            "personID": 3,
            "keypoints": [
                [
                    0.0,
                    0.0,
                    0.0
                ],
                [
                    363.414,
                    197.129,
                    0.642466
                ],
                [
                    380.014,
                    197.114,
                    0.546733
                ],
                [
                    0.0,
                    0.0,
                    0.0
                ],
                [
                    0.0,
                    0.0,
                    0.0
                ],
                [
                    345.816,
                    198.102,
                    0.562945
                ],
                [
                    315.477,
                    215.75,
                    0.497729
                ],
                [
                    302.792,
                    207.896,
                    0.302763
                ],
                [
                    340.905,
                    238.208,
                    0.323574
                ],
                [
                    354.619,
                    239.186,
                    0.27258
                ],
                [
                    333.08,
                    198.105,
                    0.142465
                ],
                [
                    321.333,
                    192.217,
                    0.0914527
                ],
                [
                    326.255,
                    238.186,
                    0.354128
                ],
                [
                    326.252,
                    192.272,
                    0.232977
                ],
                [
                    309.596,
                    199.089,
                    0.108892
                ],
                [
                    0.0,
                    0.0,
                    0.0
                ],
                [
                    0.0,
                    0.0,
                    0.0
                ],
                [
                    379.064,
                    176.591,
                    0.298345
                ],
                [
                    358.508,
                    174.589,
                    0.386148
                ],
                [
                    300.788,
                    192.239,
                    0.221793
                ],
                [
                    299.837,
                    197.114,
                    0.191165
                ],
                [
                    311.555,
                    213.758,
                    0.051214
                ],
                [
                    0.0,
                    0.0,
                    0.0
                ],
                [
                    0.0,
                    0.0,
                    0.0
                ],
                [
                    0.0,
                    0.0,
                    0.0
                ]
            ],
            "isKeyframe": false
        }
    ],
    "isKeyframe": false
}