{
    "filename": "images/1/002829.jpg",
    "height": 360,
    "width": 640,
    "annots": [
        {
            "bbox": [
                179.9863,
                63.59459000000001,
                244.5427,
                245.49431,
                0.8264654583333333
            ],
            "personID": 0,
            "keypoints": [
                [
                    214.675,
                    82.6223,
                    0.943222
                ],
                [
                    205.884,
                    98.3526,
                    0.90714
                ],
                [
                    192.231,
                    101.258,
                    0.874592
                ],
                [
                    185.366,
                    126.697,
                    0.850805
                ],
                [
                    191.276,
                    146.266,
                    0.820224
                ],
                [
                    215.727,
                    97.3566,
                    0.962282
                ],
                [
                    222.5,
                    121.782,
                    0.745916
                ],
                [
                    225.504,
                    144.272,
                    0.265526
                ],
                [
                    208.84,
                    149.172,
                    0.776245
                ],
                [
                    201.021,
                    151.11,
                    0.776599
                ],
                [
                    207.911,
                    184.432,
                    0.8988
                ],
                [
                    212.769,
                    220.575,
                    0.814251
                ],
                [
                    215.76,
                    146.281,
                    0.77033
                ],
                [
                    221.558,
                    182.45,
                    0.83574
                ],
                [
                    223.584,
                    210.827,
                    0.859707
                ],
                [
                    208.855,
                    79.7385,
                    0.905751
                ],
                [
                    214.754,
                    78.7529,
                    0.876372
                ],
                [
                    200.075,
                    81.6759,
                    0.961253
                ],
                [
                    0.0,
                    0.0,
                    0.0
                ],
                [
                    239.163,
                    213.753,
                    0.838663
                ],
                [
                    238.203,
                    211.782,
                    0.789577
                ],
                [
                    222.549,
                    214.768,
                    0.880331
                ],
                [
                    218.648,
                    229.395,
                    0.835604
                ],
                [
                    214.682,
                    230.336,
                    0.862838
                ],
                [
                    211.777,
                    222.57,
                    0.783403
                ]
            ],
            "isKeyframe": false
        },
        {
            "bbox": [
                481.7903,
                74.43231000000002,
                552.1907,
                325.66179,
                0.7202826999999999
            ],
            "personID": 1,
            "keypoints": [
                [
                    505.23,
                    99.3235,
                    0.887701
                ],
                [
                    519.953,
                    120.795,
                    0.912276
                ],
                [
                    498.432,
                    113.971,
                    0.857055
                ],
                [
                    497.426,
                    148.205,
                    0.282351
                ],
                [
                    492.557,
                    182.446,
                    0.0892158
                ],
                [
                    539.491,
                    125.696,
                    0.757278
                ],
                [
                    546.324,
                    168.794,
                    0.781713
                ],
                [
                    537.537,
                    207.925,
                    0.833672
                ],
                [
                    513.036,
                    193.224,
                    0.721982
                ],
                [
                    498.429,
                    192.244,
                    0.700801
                ],
                [
                    497.438,
                    245.025,
                    0.853489
                ],
                [
                    497.408,
                    289.066,
                    0.776502
                ],
                [
                    526.749,
                    195.161,
                    0.652731
                ],
                [
                    519.927,
                    239.159,
                    0.87369
                ],
                [
                    506.225,
                    270.471,
                    0.851347
                ],
                [
                    504.242,
                    95.3681,
                    0.629095
                ],
                [
                    511.103,
                    97.32,
                    0.857336
                ],
                [
                    0.0,
                    0.0,
                    0.0
                ],
                [
                    524.828,
                    95.3723,
                    0.833578
                ],
                [
                    508.175,
                    289.071,
                    0.702244
                ],
                [
                    512.13,
                    286.148,
                    0.737738
                ],
                [
                    504.291,
                    270.489,
                    0.713591
                ],
                [
                    491.561,
                    304.726,
                    0.623604
                ],
                [
                    487.657,
                    301.763,
                    0.707034
                ],
                [
                    500.368,
                    292.953,
                    0.650761
                ]
            ],
            "isKeyframe": false
        },
        {
            "bbox": [
                51.01887,
                166.66130000000004,
                136.81683,
                355.6697,
                0.6563037692307692
            ],
            "personID": 2,
            "keypoints": [
                [
                    74.8366,
                    184.361,
                    0.918654
                ],
                [
                    66.0635,
                    222.517,
                    0.756526
                ],
                [
                    67.0257,
                    231.347,
                    0.778148
                ],
                [
                    107.129,
                    253.873,
                    0.795693
                ],
                [
                    97.3521,
                    233.317,
                    0.601357
                ],
                [
                    66.0421,
                    210.801,
                    0.565041
                ],
                [
                    0.0,
                    0.0,
                    0.0
                ],
                [
                    0.0,
                    0.0,
                    0.0
                ],
                [
                    106.174,
                    292.984,
                    0.462435
                ],
                [
                    107.152,
                    293.948,
                    0.591586
                ],
                [
                    129.667,
                    339.919,
                    0.584188
                ],
                [
                    0.0,
                    0.0,
                    0.0
                ],
                [
                    105.184,
                    292.977,
                    0.336456
                ],
                [
                    121.812,
                    336.988,
                    0.37048
                ],
                [
                    0.0,
                    0.0,
                    0.0
                ],
                [
                    68.9791,
                    182.412,
                    0.833213
                ],
                [
                    0.0,
                    0.0,
                    0.0
                ],
                [
                    58.1687,
                    191.225,
                    0.938172
                ],
                [
                    0.0,
                    0.0,
                    0.0
                ],
                [
                    0.0,
                    0.0,
                    0.0
                ],
                [
                    0.0,
                    0.0,
                    0.0
                ],
                [
                    0.0,
                    0.0,
                    0.0
                ],
                [
                    0.0,
                    0.0,
                    0.0
                ],
                [
                    0.0,
                    0.0,
                    0.0
                ],
                [
                    0.0,
                    0.0,
                    0.0
                ]
            ],
            "isKeyframe": false
        },
        {
            "bbox": [
                285.06870000000004,
                173.0449,
                391.86030000000005,
                262.29010000000005,
                0.45216363157894734
            ],
            "personID": 3,
            "keypoints": [
                [
                    0.0,
                    0.0,
                    0.0
                ],
                [
                    333.084,
                    200.097,
                    0.833277
                ],
                [
                    354.626,
                    199.098,
                    0.834095
                ],
                [
                    378.065,
                    214.697,
                    0.742658
                ],
                [
                    372.266,
                    201.038,
                    0.653572
                ],
                [
                    311.579,
                    203.956,
                    0.590452
                ],
                [
                    293.968,
                    207.851,
                    0.220397
                ],
                [
                    0.0,
                    0.0,
                    0.0
                ],
                [
                    341.875,
                    239.151,
                    0.550711
                ],
                [
                    355.579,
                    238.165,
                    0.537706
                ],
                [
                    373.197,
                    215.704,
                    0.259229
                ],
                [
                    380.036,
                    224.508,
                    0.331621
                ],
                [
                    329.163,
                    240.148,
                    0.485858
                ],
                [
                    319.399,
                    224.503,
                    0.164933
                ],
                [
                    336.032,
                    254.853,
                    0.248435
                ],
                [
                    0.0,
                    0.0,
                    0.0
                ],
                [
                    0.0,
                    0.0,
                    0.0
                ],
                [
                    340.9,
                    180.482,
                    0.565827
                ],
                [
                    317.437,
                    183.401,
                    0.449897
                ],
                [
                    0.0,
                    0.0,
                    0.0
                ],
                [
                    0.0,
                    0.0,
                    0.0
                ],
                [
                    336.025,
                    254.834,
                    0.151228
                ],
                [
                    381.053,
                    223.511,
                    0.336418
                ],
                [
                    382.961,
                    225.496,
                    0.282428
                ],
                [
                    380.032,
                    226.457,
                    0.352367
                ]
            ],
            "isKeyframe": false
        }
    ],
    "isKeyframe": false
}