{
    "filename": "images/1/002804.jpg",
    "height": 360,
    "width": 640,
    "annots": [
        {
            "bbox": [
                186.47629999999998,
                62.12855999999998,
                243.9407,
                238.20504,
                0.7496933499999999
            ],
            "personID": 0,
            "keypoints": [
                [
                    213.745,
                    81.6768,
                    0.914094
                ],
                [
                    202.999,
                    98.3273,
                    0.897585
                ],
                [
                    193.189,
                    104.174,
                    0.863037
                ],
                [
                    191.265,
                    129.635,
                    0.929814
                ],
                [
                    198.092,
                    152.135,
                    0.886719
                ],
                [
                    213.757,
                    95.3811,
                    0.858198
                ],
                [
                    217.681,
                    117.88,
                    0.219224
                ],
                [
                    231.361,
                    140.373,
                    0.0524344
                ],
                [
                    214.738,
                    148.222,
                    0.800154
                ],
                [
                    207.899,
                    151.138,
                    0.807483
                ],
                [
                    218.631,
                    183.457,
                    0.832956
                ],
                [
                    221.58,
                    215.703,
                    0.848452
                ],
                [
                    221.571,
                    146.236,
                    0.759899
                ],
                [
                    222.588,
                    183.377,
                    0.829213
                ],
                [
                    224.527,
                    209.82,
                    0.797161
                ],
                [
                    207.921,
                    79.7086,
                    0.913847
                ],
                [
                    214.677,
                    76.8016,
                    0.732512
                ],
                [
                    199.1,
                    81.6803,
                    0.971194
                ],
                [
                    0.0,
                    0.0,
                    0.0
                ],
                [
                    239.152,
                    213.73,
                    0.79824
                ],
                [
                    238.173,
                    209.85,
                    0.748018
                ],
                [
                    223.533,
                    214.709,
                    0.482849
                ],
                [
                    229.402,
                    222.528,
                    0.673991
                ],
                [
                    223.551,
                    223.532,
                    0.692917
                ],
                [
                    219.626,
                    220.58,
                    0.682649
                ]
            ],
            "isKeyframe": false
        },
        {
            "bbox": [
                466.72400000000005,
                59.96142000000002,
                541.772,
                308.83878,
                0.7874936799999999
            ],
            "personID": 1,
            "keypoints": [
                [
                    501.342,
                    90.4667,
                    0.84323
                ],
                [
                    507.232,
                    107.141,
                    0.849167
                ],
                [
                    488.604,
                    105.155,
                    0.895738
                ],
                [
                    479.8,
                    137.495,
                    0.846585
                ],
                [
                    472.978,
                    168.805,
                    0.915433
                ],
                [
                    528.7,
                    112.029,
                    0.856348
                ],
                [
                    535.518,
                    145.309,
                    0.816133
                ],
                [
                    533.6,
                    179.501,
                    0.791903
                ],
                [
                    503.313,
                    176.613,
                    0.725309
                ],
                [
                    489.568,
                    176.556,
                    0.75817
                ],
                [
                    485.69,
                    216.711,
                    0.80433
                ],
                [
                    480.76,
                    237.222,
                    0.851677
                ],
                [
                    516.003,
                    178.54,
                    0.680858
                ],
                [
                    513.116,
                    227.428,
                    0.860281
                ],
                [
                    506.211,
                    270.494,
                    0.824818
                ],
                [
                    497.42,
                    83.6384,
                    0.86192
                ],
                [
                    506.217,
                    86.5849,
                    0.821426
                ],
                [
                    491.585,
                    80.7012,
                    0.171434
                ],
                [
                    516.976,
                    82.6855,
                    0.833378
                ],
                [
                    504.28,
                    288.099,
                    0.814783
                ],
                [
                    512.054,
                    286.152,
                    0.826199
                ],
                [
                    504.289,
                    274.38,
                    0.684312
                ],
                [
                    481.747,
                    250.925,
                    0.838801
                ],
                [
                    474.949,
                    247.999,
                    0.827647
                ],
                [
                    479.826,
                    237.207,
                    0.687462
                ]
            ],
            "isKeyframe": false
        },
        {
            "bbox": [
                51.03285999999999,
                165.73750000000004,
                136.79373999999999,
                354.6835,
                0.6065510785714284
            ],
            "personID": 2,
            "keypoints": [
                [
                    74.8658,
                    183.459,
                    0.901198
                ],
                [
                    66.9906,
                    222.551,
                    0.753463
                ],
                [
                    67.0631,
                    231.359,
                    0.761419
                ],
                [
                    107.152,
                    254.799,
                    0.797049
                ],
                [
                    98.3167,
                    235.26,
                    0.615387
                ],
                [
                    66.9894,
                    211.79,
                    0.550702
                ],
                [
                    90.5371,
                    234.307,
                    0.0521641
                ],
                [
                    0.0,
                    0.0,
                    0.0
                ],
                [
                    106.146,
                    292.964,
                    0.461156
                ],
                [
                    107.118,
                    292.997,
                    0.588049
                ],
                [
                    129.647,
                    338.938,
                    0.56081
                ],
                [
                    0.0,
                    0.0,
                    0.0
                ],
                [
                    105.155,
                    292.013,
                    0.333805
                ],
                [
                    121.784,
                    334.057,
                    0.357895
                ],
                [
                    0.0,
                    0.0,
                    0.0
                ],
                [
                    69.9497,
                    181.483,
                    0.816881
                ],
                [
                    0.0,
                    0.0,
                    0.0
                ],
                [
                    58.1796,
                    191.23,
                    0.941737
                ],
                [
                    0.0,
                    0.0,
                    0.0
                ],
                [
                    0.0,
                    0.0,
                    0.0
                ],
                [
                    0.0,
                    0.0,
                    0.0
                ],
                [
                    0.0,
                    0.0,
                    0.0
                ],
                [
                    0.0,
                    0.0,
                    0.0
                ],
                [
                    0.0,
                    0.0,
                    0.0
                ],
                [
                    0.0,
                    0.0,
                    0.0
                ]
            ],
            "isKeyframe": false
        },
        {
            "bbox": [
                296.1371,
                156.9968,
                387.6719,
                262.6352,
                0.48022019411764705
            ],
            "personID": 3,
            "keypoints": [
                [
                    0.0,
                    0.0,
                    0.0
                ],
                [
                    332.06,
                    188.296,
                    0.774195
                ],
                [
                    348.74,
                    185.408,
                    0.814732
                ],
                [
                    378.058,
                    207.928,
                    0.79295
                ],
                [
                    380.035,
                    199.106,
                    0.798549
                ],
                [
                    313.511,
                    190.238,
                    0.628667
                ],
                [
                    303.765,
                    206.907,
                    0.104789
                ],
                [
                    0.0,
                    0.0,
                    0.0
                ],
                [
                    340.938,
                    238.19,
                    0.633117
                ],
                [
                    355.566,
                    236.25,
                    0.619564
                ],
                [
                    380.044,
                    208.871,
                    0.334597
                ],
                [
                    371.223,
                    225.487,
                    0.0528278
                ],
                [
                    328.198,
                    239.194,
                    0.584521
                ],
                [
                    318.406,
                    215.691,
                    0.178714
                ],
                [
                    328.189,
                    253.825,
                    0.335646
                ],
                [
                    0.0,
                    0.0,
                    0.0
                ],
                [
                    0.0,
                    0.0,
                    0.0
                ],
                [
                    340.901,
                    165.8,
                    0.809278
                ],
                [
                    321.349,
                    166.762,
                    0.346644
                ],
                [
                    0.0,
                    0.0,
                    0.0
                ],
                [
                    0.0,
                    0.0,
                    0.0
                ],
                [
                    325.255,
                    253.832,
                    0.298906
                ],
                [
                    0.0,
                    0.0,
                    0.0
                ],
                [
                    0.0,
                    0.0,
                    0.0
                ],
                [
                    371.228,
                    226.467,
                    0.0560465
                ]
            ],
            "isKeyframe": false
        }
    ],
    "isKeyframe": false
}