{
    "filename": "images/1/002780.jpg",
    "height": 360,
    "width": 640,
    "annots": [
        {
            "bbox": [
                452.08209999999997,
                51.091620000000006,
                515.4049,
                265.92258000000004,
                0.79597516
            ],
            "personID": 0,
            "keypoints": [
                [
                    480.787,
                    74.8594,
                    0.874178
                ],
                [
                    481.741,
                    94.3943,
                    0.888841
                ],
                [
                    463.191,
                    95.3951,
                    0.817059
                ],
                [
                    457.359,
                    128.672,
                    0.882188
                ],
                [
                    463.202,
                    159.936,
                    0.868941
                ],
                [
                    500.347,
                    92.4529,
                    0.820146
                ],
                [
                    505.264,
                    121.836,
                    0.847751
                ],
                [
                    510.128,
                    151.15,
                    0.813833
                ],
                [
                    485.67,
                    158.941,
                    0.720971
                ],
                [
                    473.912,
                    158.979,
                    0.755272
                ],
                [
                    473.016,
                    200.054,
                    0.903321
                ],
                [
                    474.956,
                    236.248,
                    0.815087
                ],
                [
                    496.476,
                    157.978,
                    0.758328
                ],
                [
                    497.452,
                    200.02,
                    0.860857
                ],
                [
                    484.712,
                    224.537,
                    0.787654
                ],
                [
                    474.955,
                    71.8935,
                    0.807047
                ],
                [
                    483.746,
                    70.9375,
                    0.801038
                ],
                [
                    471.951,
                    72.8652,
                    0.743737
                ],
                [
                    489.63,
                    68.9942,
                    0.653521
                ],
                [
                    493.5,
                    244.088,
                    0.696006
                ],
                [
                    496.422,
                    239.214,
                    0.729592
                ],
                [
                    481.737,
                    226.456,
                    0.614126
                ],
                [
                    481.788,
                    248.02,
                    0.842444
                ],
                [
                    473.992,
                    247.972,
                    0.832697
                ],
                [
                    475.902,
                    239.151,
                    0.764744
                ]
            ],
            "isKeyframe": false
        },
        {
            "bbox": [
                300.63,
                131.7889,
                420.37800000000004,
                258.55809999999997,
                0.6412755736842105
            ],
            "personID": 1,
            "keypoints": [
                [
                    0.0,
                    0.0,
                    0.0
                ],
                [
                    345.792,
                    160.981,
                    0.863327
                ],
                [
                    363.413,
                    162.876,
                    0.8433
                ],
                [
                    373.233,
                    184.367,
                    0.904216
                ],
                [
                    372.215,
                    202.992,
                    0.858452
                ],
                [
                    326.267,
                    160.944,
                    0.811885
                ],
                [
                    310.609,
                    174.63,
                    0.0779917
                ],
                [
                    0.0,
                    0.0,
                    0.0
                ],
                [
                    341.895,
                    222.566,
                    0.673806
                ],
                [
                    355.605,
                    223.521,
                    0.65498
                ],
                [
                    394.727,
                    201.039,
                    0.864338
                ],
                [
                    395.698,
                    244.075,
                    0.867658
                ],
                [
                    329.169,
                    222.545,
                    0.573815
                ],
                [
                    319.397,
                    208.86,
                    0.0679642
                ],
                [
                    326.267,
                    242.106,
                    0.139445
                ],
                [
                    0.0,
                    0.0,
                    0.0
                ],
                [
                    0.0,
                    0.0,
                    0.0
                ],
                [
                    359.488,
                    143.336,
                    0.765486
                ],
                [
                    340.873,
                    142.353,
                    0.596636
                ],
                [
                    0.0,
                    0.0,
                    0.0
                ],
                [
                    0.0,
                    0.0,
                    0.0
                ],
                [
                    324.266,
                    247.994,
                    0.128551
                ],
                [
                    410.399,
                    242.131,
                    0.787872
                ],
                [
                    410.323,
                    246.003,
                    0.889393
                ],
                [
                    393.72,
                    247.048,
                    0.81512
                ]
            ],
            "isKeyframe": false
        },
        {
            "bbox": [
                191.85769999999997,
                63.47867000000002,
                243.4613,
                234.86302999999998,
                0.6961276681818183
            ],
            "personID": 2,
            "keypoints": [
                [
                    210.822,
                    81.6421,
                    0.833737
                ],
                [
                    200.096,
                    99.3186,
                    0.881357
                ],
                [
                    196.158,
                    104.204,
                    0.856194
                ],
                [
                    197.092,
                    130.635,
                    0.811686
                ],
                [
                    199.089,
                    152.149,
                    0.899146
                ],
                [
                    206.904,
                    97.3165,
                    0.859839
                ],
                [
                    215.673,
                    120.827,
                    0.0763037
                ],
                [
                    0.0,
                    0.0,
                    0.0
                ],
                [
                    214.737,
                    147.245,
                    0.750385
                ],
                [
                    211.78,
                    150.174,
                    0.708867
                ],
                [
                    220.573,
                    183.43,
                    0.782072
                ],
                [
                    222.523,
                    214.746,
                    0.814699
                ],
                [
                    217.664,
                    145.313,
                    0.667137
                ],
                [
                    220.585,
                    182.443,
                    0.675184
                ],
                [
                    223.533,
                    209.845,
                    0.713046
                ],
                [
                    207.893,
                    77.7607,
                    0.859092
                ],
                [
                    0.0,
                    0.0,
                    0.0
                ],
                [
                    200.086,
                    81.644,
                    0.885634
                ],
                [
                    0.0,
                    0.0,
                    0.0
                ],
                [
                    239.161,
                    212.75,
                    0.601532
                ],
                [
                    237.238,
                    208.883,
                    0.551247
                ],
                [
                    221.56,
                    215.711,
                    0.33154
                ],
                [
                    233.296,
                    215.702,
                    0.56953
                ],
                [
                    229.398,
                    218.652,
                    0.526876
                ],
                [
                    220.577,
                    220.581,
                    0.659705
                ]
            ],
            "isKeyframe": false
        },
        {
            "bbox": [
                50.26694000000001,
                162.7969,
                145.40846,
                375.28209999999996,
                0.5778703866666667
            ],
            "personID": 3,
            "keypoints": [
                [
                    74.8821,
                    183.438,
                    0.901257
                ],
                [
                    66.0752,
                    222.528,
                    0.755132
                ],
                [
                    67.06,
                    231.338,
                    0.768711
                ],
                [
                    108.114,
                    253.894,
                    0.827168
                ],
                [
                    98.3017,
                    235.277,
                    0.67207
                ],
                [
                    66.059,
                    211.781,
                    0.556481
                ],
                [
                    0.0,
                    0.0,
                    0.0
                ],
                [
                    0.0,
                    0.0,
                    0.0
                ],
                [
                    105.195,
                    292.004,
                    0.472406
                ],
                [
                    107.121,
                    292.02,
                    0.582867
                ],
                [
                    129.643,
                    337.001,
                    0.554939
                ],
                [
                    137.48,
                    357.573,
                    0.051766
                ],
                [
                    102.248,
                    292.007,
                    0.352408
                ],
                [
                    120.823,
                    333.072,
                    0.376273
                ],
                [
                    130.615,
                    357.575,
                    0.0522848
                ],
                [
                    70.9151,
                    180.504,
                    0.808423
                ],
                [
                    0.0,
                    0.0,
                    0.0
                ],
                [
                    58.1954,
                    191.201,
                    0.93587
                ],
                [
                    0.0,
                    0.0,
                    0.0
                ],
                [
                    0.0,
                    0.0,
                    0.0
                ],
                [
                    0.0,
                    0.0,
                    0.0
                ],
                [
                    0.0,
                    0.0,
                    0.0
                ],
                [
                    0.0,
                    0.0,
                    0.0
                ],
                [
                    0.0,
                    0.0,
                    0.0
                ],
                [
                    0.0,
                    0.0,
                    0.0
                ]
            ],
            "isKeyframe": false
        }
    ],
    "isKeyframe": false
}