{
    "filename": "images/1/002856.jpg",
    "height": 360,
    "width": 640,
    "annots": [
        {
            "bbox": [
                177.83370000000002,
                67.91226,
                244.7613,
                245.13234,
                0.822341125
            ],
            "personID": 0,
            "keypoints": [
                [
                    202.98,
                    87.5561,
                    0.849959
                ],
                [
                    197.118,
                    104.183,
                    0.888445
                ],
                [
                    184.36,
                    107.132,
                    0.899394
                ],
                [
                    183.411,
                    134.51,
                    0.847281
                ],
                [
                    190.258,
                    153.101,
                    0.706939
                ],
                [
                    207.921,
                    98.3098,
                    0.944666
                ],
                [
                    215.708,
                    121.79,
                    0.817351
                ],
                [
                    229.394,
                    134.509,
                    0.281594
                ],
                [
                    206.891,
                    153.065,
                    0.837071
                ],
                [
                    199.041,
                    154.075,
                    0.810405
                ],
                [
                    204.958,
                    188.325,
                    0.82534
                ],
                [
                    209.82,
                    220.589,
                    0.838381
                ],
                [
                    214.74,
                    151.138,
                    0.802033
                ],
                [
                    221.537,
                    183.383,
                    0.844204
                ],
                [
                    223.572,
                    211.803,
                    0.861424
                ],
                [
                    199.112,
                    83.6295,
                    0.944289
                ],
                [
                    204.957,
                    82.6806,
                    0.879662
                ],
                [
                    191.216,
                    84.6359,
                    0.8882
                ],
                [
                    0.0,
                    0.0,
                    0.0
                ],
                [
                    239.184,
                    213.734,
                    0.826951
                ],
                [
                    238.213,
                    210.816,
                    0.78747
                ],
                [
                    222.541,
                    215.681,
                    0.870401
                ],
                [
                    218.635,
                    229.404,
                    0.830801
                ],
                [
                    213.742,
                    230.364,
                    0.832254
                ],
                [
                    208.868,
                    222.583,
                    0.821672
                ]
            ],
            "isKeyframe": false
        },
        {
            "bbox": [
                480.7138,
                84.18460000000002,
                552.2842,
                347.1934,
                0.7162408695652174
            ],
            "personID": 1,
            "keypoints": [
                [
                    496.396,
                    114.942,
                    0.887926
                ],
                [
                    518.955,
                    136.455,
                    0.864708
                ],
                [
                    497.464,
                    130.594,
                    0.847836
                ],
                [
                    500.372,
                    168.768,
                    0.137372
                ],
                [
                    0.0,
                    0.0,
                    0.0
                ],
                [
                    536.559,
                    139.428,
                    0.790129
                ],
                [
                    546.32,
                    187.32,
                    0.770903
                ],
                [
                    536.554,
                    229.385,
                    0.86311
                ],
                [
                    513.052,
                    214.749,
                    0.697105
                ],
                [
                    498.42,
                    214.714,
                    0.66603
                ],
                [
                    497.455,
                    265.589,
                    0.814628
                ],
                [
                    503.291,
                    308.584,
                    0.827468
                ],
                [
                    526.784,
                    215.713,
                    0.628069
                ],
                [
                    520.865,
                    271.46,
                    0.76559
                ],
                [
                    519.967,
                    288.11,
                    0.739303
                ],
                [
                    491.563,
                    110.077,
                    0.425653
                ],
                [
                    497.466,
                    110.069,
                    0.843357
                ],
                [
                    0.0,
                    0.0,
                    0.0
                ],
                [
                    513.106,
                    106.102,
                    0.920676
                ],
                [
                    514.069,
                    306.685,
                    0.614611
                ],
                [
                    519.964,
                    305.686,
                    0.646877
                ],
                [
                    519.916,
                    287.11,
                    0.530208
                ],
                [
                    489.58,
                    325.276,
                    0.73811
                ],
                [
                    486.678,
                    321.363,
                    0.663075
                ],
                [
                    506.216,
                    309.615,
                    0.790796
                ]
            ],
            "isKeyframe": false
        },
        {
            "bbox": [
                51.101620000000004,
                165.7087,
                136.80058,
                354.72429999999997,
                0.6018191428571428
            ],
            "personID": 2,
            "keypoints": [
                [
                    74.8737,
                    183.433,
                    0.891375
                ],
                [
                    66.0734,
                    222.525,
                    0.75439
                ],
                [
                    68.0159,
                    231.358,
                    0.751609
                ],
                [
                    107.11,
                    254.83,
                    0.804235
                ],
                [
                    97.3179,
                    232.351,
                    0.47424
                ],
                [
                    66.0171,
                    209.835,
                    0.558431
                ],
                [
                    94.3989,
                    232.348,
                    0.100374
                ],
                [
                    0.0,
                    0.0,
                    0.0
                ],
                [
                    106.143,
                    292.955,
                    0.467786
                ],
                [
                    106.188,
                    292.99,
                    0.598662
                ],
                [
                    129.659,
                    338.973,
                    0.579283
                ],
                [
                    0.0,
                    0.0,
                    0.0
                ],
                [
                    105.163,
                    292.0,
                    0.333231
                ],
                [
                    121.82,
                    335.048,
                    0.364584
                ],
                [
                    0.0,
                    0.0,
                    0.0
                ],
                [
                    69.9509,
                    181.46,
                    0.79603
                ],
                [
                    0.0,
                    0.0,
                    0.0
                ],
                [
                    58.2432,
                    191.244,
                    0.951238
                ],
                [
                    0.0,
                    0.0,
                    0.0
                ],
                [
                    0.0,
                    0.0,
                    0.0
                ],
                [
                    0.0,
                    0.0,
                    0.0
                ],
                [
                    0.0,
                    0.0,
                    0.0
                ],
                [
                    0.0,
                    0.0,
                    0.0
                ],
                [
                    0.0,
                    0.0,
                    0.0
                ],
                [
                    0.0,
                    0.0,
                    0.0
                ]
            ],
            "isKeyframe": false
        },
        {
            "bbox": [
                297.9549,
                168.0827,
                390.71610000000004,
                246.73430000000002,
                0.4020467583333333
            ],
            "personID": 3,
            "keypoints": [
                [
                    0.0,
                    0.0,
                    0.0
                ],
                [
                    358.54,
                    199.046,
                    0.617733
                ],
                [
                    379.06,
                    198.113,
                    0.529363
                ],
                [
                    382.986,
                    202.986,
                    0.234123
                ],
                [
                    0.0,
                    0.0,
                    0.0
                ],
                [
                    339.902,
                    199.04,
                    0.599201
                ],
                [
                    310.613,
                    214.743,
                    0.620415
                ],
                [
                    305.685,
                    206.93,
                    0.411257
                ],
                [
                    342.871,
                    239.196,
                    0.374587
                ],
                [
                    356.553,
                    240.18,
                    0.324143
                ],
                [
                    0.0,
                    0.0,
                    0.0
                ],
                [
                    0.0,
                    0.0,
                    0.0
                ],
                [
                    329.188,
                    239.164,
                    0.38639
                ],
                [
                    311.59,
                    215.682,
                    0.0521191
                ],
                [
                    0.0,
                    0.0,
                    0.0
                ],
                [
                    0.0,
                    0.0,
                    0.0
                ],
                [
                    0.0,
                    0.0,
                    0.0
                ],
                [
                    376.135,
                    177.55,
                    0.290305
                ],
                [
                    355.585,
                    174.637,
                    0.384925
                ],
                [
                    0.0,
                    0.0,
                    0.0
                ],
                [
                    0.0,
                    0.0,
                    0.0
                ],
                [
                    0.0,
                    0.0,
                    0.0
                ],
                [
                    0.0,
                    0.0,
                    0.0
                ],
                [
                    0.0,
                    0.0,
                    0.0
                ],
                [
                    0.0,
                    0.0,
                    0.0
                ]
            ],
            "isKeyframe": false
        }
    ],
    "isKeyframe": false
}