{
    "filename": "images/1/002835.jpg",
    "height": 360,
    "width": 640,
    "annots": [
        {
            "bbox": [
                178.9788,
                64.66133000000002,
                244.64520000000002,
                245.39297,
                0.8133161666666666
            ],
            "personID": 0,
            "keypoints": [
                [
                    212.778,
                    82.6512,
                    0.907818
                ],
                [
                    202.031,
                    99.3023,
                    0.871777
                ],
                [
                    191.248,
                    104.159,
                    0.894885
                ],
                [
                    184.451,
                    128.657,
                    0.902647
                ],
                [
                    191.259,
                    152.075,
                    0.810923
                ],
                [
                    215.659,
                    97.3624,
                    0.953127
                ],
                [
                    217.683,
                    121.758,
                    0.586724
                ],
                [
                    223.513,
                    142.328,
                    0.174636
                ],
                [
                    207.93,
                    151.13,
                    0.796383
                ],
                [
                    200.091,
                    152.115,
                    0.811408
                ],
                [
                    206.905,
                    185.402,
                    0.877593
                ],
                [
                    209.839,
                    220.599,
                    0.822139
                ],
                [
                    216.672,
                    149.192,
                    0.764167
                ],
                [
                    221.58,
                    183.388,
                    0.848039
                ],
                [
                    223.576,
                    210.828,
                    0.859521
                ],
                [
                    207.879,
                    80.6936,
                    0.943986
                ],
                [
                    214.696,
                    79.7223,
                    0.854813
                ],
                [
                    199.078,
                    81.7042,
                    0.953939
                ],
                [
                    0.0,
                    0.0,
                    0.0
                ],
                [
                    239.173,
                    213.74,
                    0.808935
                ],
                [
                    238.207,
                    210.822,
                    0.766489
                ],
                [
                    222.536,
                    214.772,
                    0.897766
                ],
                [
                    217.673,
                    229.37,
                    0.806881
                ],
                [
                    213.73,
                    230.332,
                    0.808592
                ],
                [
                    208.88,
                    223.49,
                    0.7964
                ]
            ],
            "isKeyframe": false
        },
        {
            "bbox": [
                478.56239999999997,
                75.98080999999999,
                552.4895999999999,
                343.66828999999996,
                0.7251771666666667
            ],
            "personID": 1,
            "keypoints": [
                [
                    504.249,
                    106.186,
                    0.929439
                ],
                [
                    520.872,
                    126.67,
                    0.882426
                ],
                [
                    500.355,
                    120.8,
                    0.832953
                ],
                [
                    502.323,
                    159.959,
                    0.486035
                ],
                [
                    496.406,
                    191.235,
                    0.57261
                ],
                [
                    541.433,
                    130.595,
                    0.788696
                ],
                [
                    546.329,
                    178.524,
                    0.787134
                ],
                [
                    535.521,
                    214.725,
                    0.875295
                ],
                [
                    513.096,
                    204.927,
                    0.670642
                ],
                [
                    501.342,
                    201.052,
                    0.630595
                ],
                [
                    500.359,
                    253.815,
                    0.764559
                ],
                [
                    501.345,
                    301.799,
                    0.773906
                ],
                [
                    527.704,
                    205.918,
                    0.650774
                ],
                [
                    519.959,
                    245.994,
                    0.71469
                ],
                [
                    510.135,
                    270.532,
                    0.765656
                ],
                [
                    501.338,
                    100.29,
                    0.638755
                ],
                [
                    507.22,
                    103.22,
                    0.821297
                ],
                [
                    0.0,
                    0.0,
                    0.0
                ],
                [
                    520.958,
                    98.2881,
                    0.904478
                ],
                [
                    512.075,
                    286.145,
                    0.628036
                ],
                [
                    513.078,
                    285.159,
                    0.722953
                ],
                [
                    506.233,
                    271.458,
                    0.544411
                ],
                [
                    486.68,
                    321.361,
                    0.671663
                ],
                [
                    484.723,
                    317.446,
                    0.63244
                ],
                [
                    504.305,
                    306.661,
                    0.714809
                ]
            ],
            "isKeyframe": false
        },
        {
            "bbox": [
                50.940580000000004,
                166.765,
                137.82322,
                354.625,
                0.653676
            ],
            "personID": 2,
            "keypoints": [
                [
                    74.8367,
                    184.374,
                    0.90692
                ],
                [
                    66.0484,
                    222.507,
                    0.74641
                ],
                [
                    67.0549,
                    231.324,
                    0.762485
                ],
                [
                    107.153,
                    253.89,
                    0.80944
                ],
                [
                    97.3227,
                    233.299,
                    0.625858
                ],
                [
                    66.0139,
                    210.806,
                    0.551845
                ],
                [
                    0.0,
                    0.0,
                    0.0
                ],
                [
                    0.0,
                    0.0,
                    0.0
                ],
                [
                    106.129,
                    292.967,
                    0.457242
                ],
                [
                    107.127,
                    292.991,
                    0.581091
                ],
                [
                    130.583,
                    338.97,
                    0.579798
                ],
                [
                    0.0,
                    0.0,
                    0.0
                ],
                [
                    104.174,
                    292.968,
                    0.33046
                ],
                [
                    121.771,
                    335.038,
                    0.378615
                ],
                [
                    0.0,
                    0.0,
                    0.0
                ],
                [
                    68.9834,
                    182.42,
                    0.825785
                ],
                [
                    0.0,
                    0.0,
                    0.0
                ],
                [
                    58.1808,
                    191.225,
                    0.941839
                ],
                [
                    0.0,
                    0.0,
                    0.0
                ],
                [
                    0.0,
                    0.0,
                    0.0
                ],
                [
                    0.0,
                    0.0,
                    0.0
                ],
                [
                    0.0,
                    0.0,
                    0.0
                ],
                [
                    0.0,
                    0.0,
                    0.0
                ],
                [
                    0.0,
                    0.0,
                    0.0
                ],
                [
                    0.0,
                    0.0,
                    0.0
                ]
            ],
            "isKeyframe": false
        },
        {
            "bbox": [
                338.0731,
                172.9821,
                383.87590000000006,
                239.8689,
                0.22919023333333333
            ],
            "personID": 3,
            "keypoints": [
                [
                    0.0,
                    0.0,
                    0.0
                ],
                [
                    341.89,
                    199.099,
                    0.358113
                ],
                [
                    362.424,
                    198.103,
                    0.279986
                ],
                [
                    380.059,
                    207.911,
                    0.176172
                ],
                [
                    0.0,
                    0.0,
                    0.0
                ],
                [
                    0.0,
                    0.0,
                    0.0
                ],
                [
                    0.0,
                    0.0,
                    0.0
                ],
                [
                    0.0,
                    0.0,
                    0.0
                ],
                [
                    348.754,
                    234.295,
                    0.0971063
                ],
                [
                    357.536,
                    231.348,
                    0.0829501
                ],
                [
                    0.0,
                    0.0,
                    0.0
                ],
                [
                    0.0,
                    0.0,
                    0.0
                ],
                [
                    0.0,
                    0.0,
                    0.0
                ],
                [
                    0.0,
                    0.0,
                    0.0
                ],
                [
                    0.0,
                    0.0,
                    0.0
                ],
                [
                    0.0,
                    0.0,
                    0.0
                ],
                [
                    0.0,
                    0.0,
                    0.0
                ],
                [
                    348.786,
                    178.556,
                    0.380814
                ],
                [
                    0.0,
                    0.0,
                    0.0
                ],
                [
                    0.0,
                    0.0,
                    0.0
                ],
                [
                    0.0,
                    0.0,
                    0.0
                ],
                [
                    0.0,
                    0.0,
                    0.0
                ],
                [
                    0.0,
                    0.0,
                    0.0
                ],
                [
                    0.0,
                    0.0,
                    0.0
                ],
                [
                    0.0,
                    0.0,
                    0.0
                ]
            ],
            "isKeyframe": false
        }
    ],
    "isKeyframe": false
}