{
    "filename": "images/1/002801.jpg",
    "height": 360,
    "width": 640,
    "annots": [
        {
            "bbox": [
                467.1498,
                59.967500000000015,
                536.4642,
                308.8535,
                0.8045439600000001
            ],
            "personID": 0,
            "keypoints": [
                [
                    497.464,
                    89.4809,
                    0.892561
                ],
                [
                    505.263,
                    107.128,
                    0.901154
                ],
                [
                    486.658,
                    105.152,
                    0.852318
                ],
                [
                    474.949,
                    138.411,
                    0.826402
                ],
                [
                    472.926,
                    171.671,
                    0.866942
                ],
                [
                    526.775,
                    111.98,
                    0.826235
                ],
                [
                    530.688,
                    145.239,
                    0.855208
                ],
                [
                    528.752,
                    177.578,
                    0.843591
                ],
                [
                    498.435,
                    176.581,
                    0.751151
                ],
                [
                    487.621,
                    175.596,
                    0.727279
                ],
                [
                    482.743,
                    214.741,
                    0.866084
                ],
                [
                    478.85,
                    234.292,
                    0.801273
                ],
                [
                    513.043,
                    177.548,
                    0.772665
                ],
                [
                    513.072,
                    225.491,
                    0.879139
                ],
                [
                    505.295,
                    270.492,
                    0.827286
                ],
                [
                    495.476,
                    82.6735,
                    0.880018
                ],
                [
                    504.244,
                    83.6764,
                    0.85936
                ],
                [
                    489.616,
                    80.708,
                    0.265258
                ],
                [
                    513.065,
                    82.6631,
                    0.912921
                ],
                [
                    504.264,
                    288.113,
                    0.806611
                ],
                [
                    511.141,
                    286.169,
                    0.814633
                ],
                [
                    504.283,
                    273.435,
                    0.672243
                ],
                [
                    480.83,
                    249.953,
                    0.857311
                ],
                [
                    473.984,
                    247.977,
                    0.873009
                ],
                [
                    478.829,
                    234.276,
                    0.682947
                ]
            ],
            "isKeyframe": false
        },
        {
            "bbox": [
                187.5279,
                62.15065000000001,
                243.8571,
                238.16485000000003,
                0.733572475
            ],
            "personID": 1,
            "keypoints": [
                [
                    213.713,
                    81.6852,
                    0.905166
                ],
                [
                    203.005,
                    98.3248,
                    0.894095
                ],
                [
                    193.212,
                    104.178,
                    0.855948
                ],
                [
                    192.222,
                    129.66,
                    0.918243
                ],
                [
                    198.114,
                    152.13,
                    0.887857
                ],
                [
                    213.747,
                    94.4171,
                    0.848603
                ],
                [
                    216.699,
                    116.899,
                    0.236187
                ],
                [
                    228.423,
                    138.435,
                    0.0570844
                ],
                [
                    214.717,
                    147.244,
                    0.795658
                ],
                [
                    207.907,
                    150.177,
                    0.783671
                ],
                [
                    218.627,
                    183.411,
                    0.812065
                ],
                [
                    221.591,
                    215.697,
                    0.843639
                ],
                [
                    220.593,
                    145.294,
                    0.738606
                ],
                [
                    222.554,
                    182.425,
                    0.786533
                ],
                [
                    224.523,
                    209.826,
                    0.782229
                ],
                [
                    207.899,
                    79.7254,
                    0.926289
                ],
                [
                    213.741,
                    76.8185,
                    0.682126
                ],
                [
                    199.08,
                    81.6983,
                    0.967271
                ],
                [
                    0.0,
                    0.0,
                    0.0
                ],
                [
                    239.163,
                    212.783,
                    0.757875
                ],
                [
                    238.176,
                    209.825,
                    0.715641
                ],
                [
                    223.535,
                    214.729,
                    0.439316
                ],
                [
                    230.372,
                    220.608,
                    0.632979
                ],
                [
                    224.498,
                    223.497,
                    0.657483
                ],
                [
                    219.629,
                    220.601,
                    0.681175
                ]
            ],
            "isKeyframe": false
        },
        {
            "bbox": [
                51.03057000000001,
                165.72889999999998,
                136.79613,
                354.6821,
                0.6062932
            ],
            "personID": 2,
            "keypoints": [
                [
                    74.8662,
                    183.453,
                    0.902959
                ],
                [
                    66.9898,
                    222.549,
                    0.751398
                ],
                [
                    67.9807,
                    231.366,
                    0.759935
                ],
                [
                    107.152,
                    254.799,
                    0.797491
                ],
                [
                    98.317,
                    235.26,
                    0.616343
                ],
                [
                    66.0645,
                    211.784,
                    0.546884
                ],
                [
                    90.5191,
                    244.072,
                    0.0524778
                ],
                [
                    0.0,
                    0.0,
                    0.0
                ],
                [
                    106.142,
                    292.961,
                    0.462644
                ],
                [
                    107.117,
                    292.992,
                    0.586612
                ],
                [
                    129.649,
                    338.936,
                    0.561334
                ],
                [
                    0.0,
                    0.0,
                    0.0
                ],
                [
                    105.148,
                    292.01,
                    0.335082
                ],
                [
                    121.775,
                    333.111,
                    0.360283
                ],
                [
                    0.0,
                    0.0,
                    0.0
                ],
                [
                    69.9487,
                    181.475,
                    0.815125
                ],
                [
                    0.0,
                    0.0,
                    0.0
                ],
                [
                    58.1777,
                    191.226,
                    0.939537
                ],
                [
                    0.0,
                    0.0,
                    0.0
                ],
                [
                    0.0,
                    0.0,
                    0.0
                ],
                [
                    0.0,
                    0.0,
                    0.0
                ],
                [
                    0.0,
                    0.0,
                    0.0
                ],
                [
                    0.0,
                    0.0,
                    0.0
                ],
                [
                    0.0,
                    0.0,
                    0.0
                ],
                [
                    0.0,
                    0.0,
                    0.0
                ]
            ],
            "isKeyframe": false
        },
        {
            "bbox": [
                299.3573,
                151.65740000000002,
                387.36170000000004,
                263.1566,
                0.4368296294117647
            ],
            "personID": 3,
            "keypoints": [
                [
                    0.0,
                    0.0,
                    0.0
                ],
                [
                    331.126,
                    183.452,
                    0.771628
                ],
                [
                    348.722,
                    183.462,
                    0.822709
                ],
                [
                    373.18,
                    206.883,
                    0.720246
                ],
                [
                    379.091,
                    200.077,
                    0.604515
                ],
                [
                    311.586,
                    183.449,
                    0.618619
                ],
                [
                    306.691,
                    205.91,
                    0.0659037
                ],
                [
                    0.0,
                    0.0,
                    0.0
                ],
                [
                    338.959,
                    236.247,
                    0.50857
                ],
                [
                    352.639,
                    234.3,
                    0.492574
                ],
                [
                    378.083,
                    193.223,
                    0.350086
                ],
                [
                    379.08,
                    216.7,
                    0.0790719
                ],
                [
                    325.271,
                    237.207,
                    0.484941
                ],
                [
                    317.443,
                    213.754,
                    0.18042
                ],
                [
                    327.24,
                    252.863,
                    0.239669
                ],
                [
                    0.0,
                    0.0,
                    0.0
                ],
                [
                    0.0,
                    0.0,
                    0.0
                ],
                [
                    340.933,
                    160.961,
                    0.731529
                ],
                [
                    322.344,
                    160.949,
                    0.436365
                ],
                [
                    0.0,
                    0.0,
                    0.0
                ],
                [
                    0.0,
                    0.0,
                    0.0
                ],
                [
                    325.272,
                    253.865,
                    0.253799
                ],
                [
                    0.0,
                    0.0,
                    0.0
                ],
                [
                    0.0,
                    0.0,
                    0.0
                ],
                [
                    380.028,
                    215.745,
                    0.0654581
                ]
            ],
            "isKeyframe": false
        }
    ],
    "isKeyframe": false
}