{
    "filename": "images/1/002871.jpg",
    "height": 360,
    "width": 640,
    "annots": [
        {
            "bbox": [
                172.4735,
                70.05037000000002,
                245.2355,
                244.96633,
                0.7990913333333335
            ],
            "personID": 0,
            "keypoints": [
                [
                    199.097,
                    89.5264,
                    0.9452
                ],
                [
                    192.215,
                    105.183,
                    0.967447
                ],
                [
                    179.516,
                    111.023,
                    0.825214
                ],
                [
                    178.537,
                    137.473,
                    0.865127
                ],
                [
                    186.367,
                    158.952,
                    0.702837
                ],
                [
                    204.951,
                    99.2978,
                    0.879425
                ],
                [
                    209.854,
                    122.774,
                    0.594466
                ],
                [
                    215.731,
                    144.286,
                    0.104837
                ],
                [
                    203.975,
                    154.087,
                    0.762659
                ],
                [
                    196.141,
                    157.985,
                    0.741915
                ],
                [
                    202.99,
                    191.243,
                    0.82536
                ],
                [
                    209.828,
                    221.587,
                    0.85362
                ],
                [
                    212.756,
                    153.066,
                    0.766049
                ],
                [
                    220.612,
                    183.406,
                    0.834126
                ],
                [
                    223.558,
                    211.784,
                    0.858586
                ],
                [
                    194.178,
                    88.5032,
                    0.865713
                ],
                [
                    200.015,
                    84.6267,
                    0.851875
                ],
                [
                    185.365,
                    89.5467,
                    0.941171
                ],
                [
                    0.0,
                    0.0,
                    0.0
                ],
                [
                    239.172,
                    213.738,
                    0.830923
                ],
                [
                    238.199,
                    210.814,
                    0.774142
                ],
                [
                    222.517,
                    215.662,
                    0.856603
                ],
                [
                    219.603,
                    230.331,
                    0.860655
                ],
                [
                    214.675,
                    230.39,
                    0.875781
                ],
                [
                    208.883,
                    223.531,
                    0.794461
                ]
            ],
            "isKeyframe": false
        },
        {
            "bbox": [
                482.1458,
                85.5113,
                547.8722,
                368.4197,
                0.7219829818181819
            ],
            "personID": 1,
            "keypoints": [
                [
                    493.494,
                    115.931,
                    0.816825
                ],
                [
                    520.923,
                    142.334,
                    0.787735
                ],
                [
                    508.188,
                    135.478,
                    0.645142
                ],
                [
                    0.0,
                    0.0,
                    0.0
                ],
                [
                    0.0,
                    0.0,
                    0.0
                ],
                [
                    534.585,
                    148.197,
                    0.73848
                ],
                [
                    542.395,
                    200.051,
                    0.851046
                ],
                [
                    528.743,
                    244.054,
                    0.855185
                ],
                [
                    512.101,
                    223.52,
                    0.60138
                ],
                [
                    502.311,
                    221.561,
                    0.542373
                ],
                [
                    497.404,
                    272.434,
                    0.749098
                ],
                [
                    504.241,
                    309.571,
                    0.860619
                ],
                [
                    520.937,
                    225.499,
                    0.552707
                ],
                [
                    512.087,
                    288.097,
                    0.814534
                ],
                [
                    519.885,
                    325.282,
                    0.85233
                ],
                [
                    492.517,
                    112.013,
                    0.0672396
                ],
                [
                    496.449,
                    112.031,
                    0.89207
                ],
                [
                    0.0,
                    0.0,
                    0.0
                ],
                [
                    512.085,
                    109.087,
                    0.892276
                ],
                [
                    503.309,
                    344.829,
                    0.695852
                ],
                [
                    511.107,
                    344.844,
                    0.659641
                ],
                [
                    520.95,
                    327.237,
                    0.710984
                ],
                [
                    488.607,
                    325.29,
                    0.845311
                ],
                [
                    487.623,
                    323.275,
                    0.715274
                ],
                [
                    507.219,
                    310.606,
                    0.737524
                ]
            ],
            "isKeyframe": false
        },
        {
            "bbox": [
                51.11120999999999,
                165.6245,
                136.80189,
                355.79449999999997,
                0.6072852357142856
            ],
            "personID": 2,
            "keypoints": [
                [
                    74.8952,
                    183.451,
                    0.900722
                ],
                [
                    66.9835,
                    222.549,
                    0.753124
                ],
                [
                    68.0136,
                    231.376,
                    0.741366
                ],
                [
                    107.149,
                    255.798,
                    0.80308
                ],
                [
                    98.2831,
                    236.231,
                    0.644125
                ],
                [
                    66.0168,
                    209.836,
                    0.536005
                ],
                [
                    91.4573,
                    239.195,
                    0.0551673
                ],
                [
                    0.0,
                    0.0,
                    0.0
                ],
                [
                    106.141,
                    292.994,
                    0.464428
                ],
                [
                    107.119,
                    293.958,
                    0.600407
                ],
                [
                    129.661,
                    339.947,
                    0.573707
                ],
                [
                    0.0,
                    0.0,
                    0.0
                ],
                [
                    105.149,
                    292.982,
                    0.323993
                ],
                [
                    121.813,
                    336.025,
                    0.354527
                ],
                [
                    0.0,
                    0.0,
                    0.0
                ],
                [
                    70.9146,
                    181.472,
                    0.796184
                ],
                [
                    0.0,
                    0.0,
                    0.0
                ],
                [
                    58.2521,
                    191.247,
                    0.955158
                ],
                [
                    0.0,
                    0.0,
                    0.0
                ],
                [
                    0.0,
                    0.0,
                    0.0
                ],
                [
                    0.0,
                    0.0,
                    0.0
                ],
                [
                    0.0,
                    0.0,
                    0.0
                ],
                [
                    0.0,
                    0.0,
                    0.0
                ],
                [
                    0.0,
                    0.0,
                    0.0
                ],
                [
                    0.0,
                    0.0,
                    0.0
                ]
            ],
            "isKeyframe": false
        },
        {
            "bbox": [
                266.07360000000006,
                163.3634,
                389.3664,
                239.66659999999996,
                0.36187230000000004
            ],
            "personID": 3,
            "keypoints": [
                [
                    0.0,
                    0.0,
                    0.0
                ],
                [
                    364.409,
                    192.263,
                    0.678287
                ],
                [
                    379.043,
                    191.268,
                    0.568887
                ],
                [
                    0.0,
                    0.0,
                    0.0
                ],
                [
                    0.0,
                    0.0,
                    0.0
                ],
                [
                    349.724,
                    196.135,
                    0.587082
                ],
                [
                    324.258,
                    215.707,
                    0.53879
                ],
                [
                    308.631,
                    214.679,
                    0.356536
                ],
                [
                    345.79,
                    232.333,
                    0.291203
                ],
                [
                    355.563,
                    233.303,
                    0.25766
                ],
                [
                    317.445,
                    198.109,
                    0.189888
                ],
                [
                    282.222,
                    190.251,
                    0.122018
                ],
                [
                    333.102,
                    233.308,
                    0.333345
                ],
                [
                    312.563,
                    193.234,
                    0.583814
                ],
                [
                    283.186,
                    188.332,
                    0.646522
                ],
                [
                    0.0,
                    0.0,
                    0.0
                ],
                [
                    0.0,
                    0.0,
                    0.0
                ],
                [
                    379.092,
                    171.702,
                    0.158377
                ],
                [
                    357.579,
                    169.722,
                    0.453793
                ],
                [
                    277.332,
                    172.674,
                    0.275791
                ],
                [
                    276.348,
                    176.589,
                    0.314479
                ],
                [
                    278.325,
                    186.343,
                    0.577019
                ],
                [
                    277.356,
                    175.631,
                    0.109808
                ],
                [
                    277.281,
                    176.6,
                    0.106877
                ],
                [
                    278.345,
                    184.417,
                    0.08727
                ]
            ],
            "isKeyframe": false
        }
    ],
    "isKeyframe": false
}