{
    "filename": "images/1/002859.jpg",
    "height": 360,
    "width": 640,
    "annots": [
        {
            "bbox": [
                177.78499999999997,
                67.92679999999999,
                244.769,
                245.13320000000002,
                0.827294125
            ],
            "personID": 0,
            "keypoints": [
                [
                    201.06,
                    87.5598,
                    0.862015
                ],
                [
                    195.158,
                    104.19,
                    0.881392
                ],
                [
                    183.42,
                    107.136,
                    0.899004
                ],
                [
                    183.367,
                    135.453,
                    0.838804
                ],
                [
                    189.275,
                    153.11,
                    0.759781
                ],
                [
                    207.877,
                    98.3123,
                    0.960006
                ],
                [
                    215.715,
                    120.858,
                    0.858485
                ],
                [
                    230.364,
                    129.6,
                    0.368769
                ],
                [
                    206.878,
                    152.148,
                    0.841613
                ],
                [
                    199.028,
                    154.067,
                    0.81018
                ],
                [
                    204.941,
                    188.315,
                    0.822324
                ],
                [
                    209.831,
                    220.58,
                    0.83935
                ],
                [
                    214.729,
                    151.134,
                    0.802725
                ],
                [
                    221.567,
                    182.441,
                    0.846747
                ],
                [
                    223.564,
                    212.754,
                    0.870575
                ],
                [
                    199.06,
                    83.6508,
                    0.913204
                ],
                [
                    202.983,
                    82.694,
                    0.823022
                ],
                [
                    190.271,
                    87.5533,
                    0.856705
                ],
                [
                    0.0,
                    0.0,
                    0.0
                ],
                [
                    239.187,
                    213.74,
                    0.824836
                ],
                [
                    238.215,
                    210.828,
                    0.782063
                ],
                [
                    222.536,
                    215.694,
                    0.888139
                ],
                [
                    218.653,
                    229.4,
                    0.840695
                ],
                [
                    213.757,
                    230.366,
                    0.842892
                ],
                [
                    208.884,
                    222.58,
                    0.821733
                ]
            ],
            "isKeyframe": false
        },
        {
            "bbox": [
                481.87429999999995,
                84.23410000000001,
                551.1587,
                347.1529,
                0.7008175
            ],
            "personID": 1,
            "keypoints": [
                [
                    496.389,
                    114.936,
                    0.884313
                ],
                [
                    518.945,
                    137.413,
                    0.870204
                ],
                [
                    498.395,
                    131.601,
                    0.81753
                ],
                [
                    499.384,
                    172.675,
                    0.244745
                ],
                [
                    491.565,
                    205.906,
                    0.107235
                ],
                [
                    536.531,
                    142.319,
                    0.790566
                ],
                [
                    545.385,
                    189.307,
                    0.79891
                ],
                [
                    536.569,
                    231.338,
                    0.896729
                ],
                [
                    513.061,
                    216.701,
                    0.659668
                ],
                [
                    498.443,
                    215.725,
                    0.631031
                ],
                [
                    497.456,
                    267.565,
                    0.819461
                ],
                [
                    503.288,
                    308.586,
                    0.862582
                ],
                [
                    526.777,
                    217.675,
                    0.596978
                ],
                [
                    519.939,
                    275.356,
                    0.780212
                ],
                [
                    520.871,
                    295.918,
                    0.738513
                ],
                [
                    492.524,
                    111.03,
                    0.31781
                ],
                [
                    497.45,
                    110.064,
                    0.852706
                ],
                [
                    0.0,
                    0.0,
                    0.0
                ],
                [
                    513.079,
                    106.144,
                    0.938422
                ],
                [
                    517.951,
                    314.515,
                    0.702826
                ],
                [
                    520.956,
                    311.576,
                    0.704167
                ],
                [
                    519.93,
                    295.916,
                    0.498458
                ],
                [
                    489.598,
                    325.243,
                    0.773135
                ],
                [
                    487.648,
                    320.391,
                    0.701489
                ],
                [
                    505.282,
                    309.61,
                    0.83193
                ]
            ],
            "isKeyframe": false
        },
        {
            "bbox": [
                51.101340000000015,
                165.70979999999997,
                136.80605999999997,
                354.7242,
                0.61194625
            ],
            "personID": 2,
            "keypoints": [
                [
                    74.8738,
                    183.432,
                    0.891769
                ],
                [
                    66.0704,
                    222.523,
                    0.755713
                ],
                [
                    68.0258,
                    231.36,
                    0.746766
                ],
                [
                    106.186,
                    254.856,
                    0.816142
                ],
                [
                    97.3713,
                    235.264,
                    0.583632
                ],
                [
                    66.0076,
                    209.824,
                    0.55856
                ],
                [
                    93.4251,
                    233.313,
                    0.0886945
                ],
                [
                    0.0,
                    0.0,
                    0.0
                ],
                [
                    106.13,
                    292.976,
                    0.479972
                ],
                [
                    107.107,
                    293.013,
                    0.604696
                ],
                [
                    129.664,
                    338.973,
                    0.581214
                ],
                [
                    0.0,
                    0.0,
                    0.0
                ],
                [
                    104.195,
                    292.967,
                    0.340866
                ],
                [
                    121.805,
                    335.046,
                    0.374814
                ],
                [
                    0.0,
                    0.0,
                    0.0
                ],
                [
                    69.9502,
                    181.461,
                    0.792882
                ],
                [
                    0.0,
                    0.0,
                    0.0
                ],
                [
                    58.2434,
                    191.244,
                    0.951527
                ],
                [
                    0.0,
                    0.0,
                    0.0
                ],
                [
                    0.0,
                    0.0,
                    0.0
                ],
                [
                    0.0,
                    0.0,
                    0.0
                ],
                [
                    0.0,
                    0.0,
                    0.0
                ],
                [
                    0.0,
                    0.0,
                    0.0
                ],
                [
                    0.0,
                    0.0,
                    0.0
                ],
                [
                    0.0,
                    0.0,
                    0.0
                ]
            ],
            "isKeyframe": false
        },
        {
            "bbox": [
                292.6819,
                168.1321,
                390.1351,
                245.6509,
                0.2698412875
            ],
            "personID": 3,
            "keypoints": [
                [
                    0.0,
                    0.0,
                    0.0
                ],
                [
                    360.493,
                    198.083,
                    0.450059
                ],
                [
                    379.075,
                    199.072,
                    0.396059
                ],
                [
                    382.014,
                    201.027,
                    0.140269
                ],
                [
                    0.0,
                    0.0,
                    0.0
                ],
                [
                    340.923,
                    197.126,
                    0.43982
                ],
                [
                    317.434,
                    214.722,
                    0.0942156
                ],
                [
                    308.618,
                    204.933,
                    0.117869
                ],
                [
                    341.909,
                    238.214,
                    0.24253
                ],
                [
                    355.592,
                    239.191,
                    0.220348
                ],
                [
                    0.0,
                    0.0,
                    0.0
                ],
                [
                    0.0,
                    0.0,
                    0.0
                ],
                [
                    329.173,
                    238.193,
                    0.244168
                ],
                [
                    327.22,
                    192.197,
                    0.299032
                ],
                [
                    308.659,
                    204.944,
                    0.250037
                ],
                [
                    0.0,
                    0.0,
                    0.0
                ],
                [
                    0.0,
                    0.0,
                    0.0
                ],
                [
                    378.062,
                    176.617,
                    0.273302
                ],
                [
                    356.548,
                    174.592,
                    0.309511
                ],
                [
                    301.784,
                    200.073,
                    0.282986
                ],
                [
                    300.803,
                    204.923,
                    0.320498
                ],
                [
                    308.63,
                    207.876,
                    0.236757
                ],
                [
                    0.0,
                    0.0,
                    0.0
                ],
                [
                    0.0,
                    0.0,
                    0.0
                ],
                [
                    0.0,
                    0.0,
                    0.0
                ]
            ],
            "isKeyframe": false
        }
    ],
    "isKeyframe": false
}