{
    "filename": "images/1/002876.jpg",
    "height": 360,
    "width": 640,
    "annots": [
        {
            "bbox": [
                170.3551,
                73.26218000000001,
                245.42589999999996,
                244.64162000000005,
                0.8031566708333333
            ],
            "personID": 0,
            "keypoints": [
                [
                    199.073,
                    90.4829,
                    0.961215
                ],
                [
                    191.238,
                    106.125,
                    0.953503
                ],
                [
                    177.562,
                    112.001,
                    0.868732
                ],
                [
                    176.611,
                    137.479,
                    0.918107
                ],
                [
                    184.406,
                    158.005,
                    0.767716
                ],
                [
                    201.067,
                    100.276,
                    0.873038
                ],
                [
                    207.921,
                    122.795,
                    0.45188
                ],
                [
                    215.69,
                    145.264,
                    0.0989781
                ],
                [
                    202.02,
                    155.054,
                    0.766191
                ],
                [
                    194.18,
                    158.959,
                    0.772959
                ],
                [
                    202.981,
                    191.204,
                    0.829782
                ],
                [
                    209.82,
                    220.6,
                    0.84279
                ],
                [
                    210.799,
                    153.089,
                    0.773414
                ],
                [
                    220.609,
                    183.402,
                    0.849376
                ],
                [
                    223.573,
                    211.777,
                    0.859506
                ],
                [
                    193.243,
                    89.466,
                    0.907799
                ],
                [
                    199.099,
                    87.5438,
                    0.807027
                ],
                [
                    184.41,
                    90.4892,
                    0.9775
                ],
                [
                    0.0,
                    0.0,
                    0.0
                ],
                [
                    239.17,
                    213.743,
                    0.842565
                ],
                [
                    238.209,
                    210.829,
                    0.786651
                ],
                [
                    222.537,
                    215.66,
                    0.868897
                ],
                [
                    218.633,
                    229.39,
                    0.836043
                ],
                [
                    213.741,
                    230.36,
                    0.848794
                ],
                [
                    208.886,
                    222.58,
                    0.813297
                ]
            ],
            "isKeyframe": false
        },
        {
            "bbox": [
                482.65160000000003,
                88.2475,
                542.5364000000001,
                373.4815,
                0.6827159272727273
            ],
            "personID": 1,
            "keypoints": [
                [
                    493.51,
                    116.889,
                    0.819267
                ],
                [
                    521.894,
                    144.308,
                    0.782176
                ],
                [
                    512.125,
                    137.456,
                    0.673271
                ],
                [
                    0.0,
                    0.0,
                    0.0
                ],
                [
                    0.0,
                    0.0,
                    0.0
                ],
                [
                    533.615,
                    152.082,
                    0.758793
                ],
                [
                    537.546,
                    202.985,
                    0.79741
                ],
                [
                    522.881,
                    247.037,
                    0.827085
                ],
                [
                    511.108,
                    230.357,
                    0.579805
                ],
                [
                    500.366,
                    227.452,
                    0.53333
                ],
                [
                    497.46,
                    278.313,
                    0.54502
                ],
                [
                    504.307,
                    310.581,
                    0.790749
                ],
                [
                    519.933,
                    231.374,
                    0.559524
                ],
                [
                    507.211,
                    294.953,
                    0.743109
                ],
                [
                    514.066,
                    339.931,
                    0.792261
                ],
                [
                    492.516,
                    112.931,
                    0.0791404
                ],
                [
                    496.456,
                    112.95,
                    0.906331
                ],
                [
                    0.0,
                    0.0,
                    0.0
                ],
                [
                    512.103,
                    112.017,
                    0.925367
                ],
                [
                    502.328,
                    348.744,
                    0.568541
                ],
                [
                    508.192,
                    349.712,
                    0.593487
                ],
                [
                    518.962,
                    341.911,
                    0.713504
                ],
                [
                    488.604,
                    325.289,
                    0.795241
                ],
                [
                    487.642,
                    323.273,
                    0.689574
                ],
                [
                    508.208,
                    314.495,
                    0.546765
                ]
            ],
            "isKeyframe": false
        },
        {
            "bbox": [
                51.01936,
                165.51139999999998,
                137.81824,
                356.8346,
                0.6103828499999999
            ],
            "personID": 2,
            "keypoints": [
                [
                    74.8982,
                    183.428,
                    0.905726
                ],
                [
                    66.9826,
                    222.543,
                    0.754617
                ],
                [
                    68.0183,
                    231.376,
                    0.741378
                ],
                [
                    107.153,
                    255.808,
                    0.809952
                ],
                [
                    98.2931,
                    235.275,
                    0.652644
                ],
                [
                    66.0102,
                    209.824,
                    0.535352
                ],
                [
                    91.4792,
                    239.191,
                    0.0558159
                ],
                [
                    0.0,
                    0.0,
                    0.0
                ],
                [
                    106.145,
                    293.003,
                    0.468364
                ],
                [
                    107.126,
                    293.965,
                    0.604671
                ],
                [
                    130.585,
                    340.891,
                    0.573039
                ],
                [
                    0.0,
                    0.0,
                    0.0
                ],
                [
                    105.152,
                    292.992,
                    0.324301
                ],
                [
                    121.823,
                    337.0,
                    0.357865
                ],
                [
                    0.0,
                    0.0,
                    0.0
                ],
                [
                    70.9164,
                    181.455,
                    0.802317
                ],
                [
                    0.0,
                    0.0,
                    0.0
                ],
                [
                    58.2526,
                    191.262,
                    0.959318
                ],
                [
                    0.0,
                    0.0,
                    0.0
                ],
                [
                    0.0,
                    0.0,
                    0.0
                ],
                [
                    0.0,
                    0.0,
                    0.0
                ],
                [
                    0.0,
                    0.0,
                    0.0
                ],
                [
                    0.0,
                    0.0,
                    0.0
                ],
                [
                    0.0,
                    0.0,
                    0.0
                ],
                [
                    0.0,
                    0.0,
                    0.0
                ]
            ],
            "isKeyframe": false
        },
        {
            "bbox": [
                258.76069999999993,
                152.2187,
                387.8483,
                244.9343,
                0.4857585650000001
            ],
            "personID": 3,
            "keypoints": [
                [
                    355.562,
                    160.935,
                    0.423503
                ],
                [
                    364.387,
                    190.28,
                    0.617723
                ],
                [
                    377.091,
                    184.41,
                    0.427799
                ],
                [
                    342.87,
                    206.902,
                    0.0738073
                ],
                [
                    0.0,
                    0.0,
                    0.0
                ],
                [
                    351.672,
                    194.176,
                    0.532705
                ],
                [
                    327.227,
                    215.708,
                    0.707765
                ],
                [
                    308.665,
                    213.748,
                    0.787338
                ],
                [
                    341.914,
                    231.349,
                    0.435215
                ],
                [
                    348.762,
                    225.492,
                    0.327259
                ],
                [
                    308.642,
                    198.103,
                    0.647343
                ],
                [
                    276.37,
                    192.276,
                    0.633529
                ],
                [
                    335.046,
                    237.208,
                    0.485573
                ],
                [
                    285.186,
                    216.706,
                    0.682725
                ],
                [
                    286.178,
                    228.417,
                    0.23278
                ],
                [
                    0.0,
                    0.0,
                    0.0
                ],
                [
                    358.517,
                    159.945,
                    0.397173
                ],
                [
                    0.0,
                    0.0,
                    0.0
                ],
                [
                    364.424,
                    167.741,
                    0.524369
                ],
                [
                    0.0,
                    0.0,
                    0.0
                ],
                [
                    0.0,
                    0.0,
                    0.0
                ],
                [
                    286.101,
                    230.353,
                    0.250054
                ],
                [
                    269.518,
                    176.586,
                    0.486857
                ],
                [
                    270.451,
                    178.531,
                    0.480078
                ],
                [
                    271.484,
                    192.231,
                    0.561576
                ]
            ],
            "isKeyframe": false
        }
    ],
    "isKeyframe": false
}