{
    "filename": "images/1/002814.jpg",
    "height": 360,
    "width": 640,
    "annots": [
        {
            "bbox": [
                186.39879999999997,
                62.03384999999999,
                243.9532,
                239.26965,
                0.774409125
            ],
            "personID": 0,
            "keypoints": [
                [
                    213.763,
                    81.675,
                    0.924815
                ],
                [
                    204.94,
                    98.3325,
                    0.900392
                ],
                [
                    192.24,
                    103.183,
                    0.862265
                ],
                [
                    191.195,
                    129.6,
                    0.904369
                ],
                [
                    194.188,
                    152.156,
                    0.823432
                ],
                [
                    215.67,
                    96.3682,
                    0.930294
                ],
                [
                    220.599,
                    120.789,
                    0.517235
                ],
                [
                    228.409,
                    140.387,
                    0.171099
                ],
                [
                    213.71,
                    148.221,
                    0.757035
                ],
                [
                    205.934,
                    151.119,
                    0.767886
                ],
                [
                    215.727,
                    184.412,
                    0.889693
                ],
                [
                    220.582,
                    215.747,
                    0.807391
                ],
                [
                    220.573,
                    146.254,
                    0.738173
                ],
                [
                    222.558,
                    183.389,
                    0.824462
                ],
                [
                    225.5,
                    210.803,
                    0.80008
                ],
                [
                    207.936,
                    78.7368,
                    0.899924
                ],
                [
                    214.735,
                    76.8035,
                    0.867519
                ],
                [
                    200.027,
                    81.6597,
                    0.968242
                ],
                [
                    0.0,
                    0.0,
                    0.0
                ],
                [
                    239.157,
                    213.741,
                    0.796638
                ],
                [
                    238.191,
                    210.803,
                    0.768065
                ],
                [
                    224.512,
                    214.753,
                    0.564154
                ],
                [
                    228.407,
                    223.501,
                    0.708553
                ],
                [
                    222.571,
                    224.5,
                    0.715097
                ],
                [
                    218.639,
                    221.551,
                    0.679006
                ]
            ],
            "isKeyframe": false
        },
        {
            "bbox": [
                474.49980000000005,
                65.45179000000002,
                549.6702,
                307.27711,
                0.8115435
            ],
            "personID": 1,
            "keypoints": [
                [
                    505.232,
                    90.5364,
                    0.908361
                ],
                [
                    515.028,
                    112.942,
                    0.866643
                ],
                [
                    495.481,
                    106.115,
                    0.886424
                ],
                [
                    487.626,
                    137.462,
                    0.875885
                ],
                [
                    480.784,
                    168.796,
                    0.906392
                ],
                [
                    535.591,
                    115.945,
                    0.832021
                ],
                [
                    543.406,
                    153.128,
                    0.833173
                ],
                [
                    542.392,
                    189.282,
                    0.790919
                ],
                [
                    507.197,
                    182.447,
                    0.719033
                ],
                [
                    495.482,
                    179.514,
                    0.710472
                ],
                [
                    490.602,
                    225.503,
                    0.765303
                ],
                [
                    488.597,
                    250.904,
                    0.796086
                ],
                [
                    519.97,
                    183.451,
                    0.761873
                ],
                [
                    517.942,
                    231.337,
                    0.841672
                ],
                [
                    506.219,
                    270.479,
                    0.828966
                ],
                [
                    504.229,
                    85.6039,
                    0.800381
                ],
                [
                    511.137,
                    89.4789,
                    0.86704
                ],
                [
                    0.0,
                    0.0,
                    0.0
                ],
                [
                    521.889,
                    89.5318,
                    0.917824
                ],
                [
                    504.313,
                    287.125,
                    0.793053
                ],
                [
                    512.076,
                    286.124,
                    0.81346
                ],
                [
                    504.256,
                    272.438,
                    0.687299
                ],
                [
                    484.716,
                    264.613,
                    0.819051
                ],
                [
                    480.764,
                    261.716,
                    0.849023
                ],
                [
                    489.608,
                    250.926,
                    0.60669
                ]
            ],
            "isKeyframe": false
        },
        {
            "bbox": [
                302.86330000000004,
                165.3247,
                395.6437,
                253.3603,
                0.517341075
            ],
            "personID": 2,
            "keypoints": [
                [
                    0.0,
                    0.0,
                    0.0
                ],
                [
                    330.164,
                    197.11,
                    0.771179
                ],
                [
                    348.749,
                    193.234,
                    0.810327
                ],
                [
                    378.058,
                    216.682,
                    0.747035
                ],
                [
                    379.019,
                    202.998,
                    0.772844
                ],
                [
                    310.595,
                    199.045,
                    0.67816
                ],
                [
                    0.0,
                    0.0,
                    0.0
                ],
                [
                    0.0,
                    0.0,
                    0.0
                ],
                [
                    340.94,
                    243.081,
                    0.644069
                ],
                [
                    355.562,
                    239.211,
                    0.621221
                ],
                [
                    374.19,
                    214.705,
                    0.360164
                ],
                [
                    381.998,
                    223.545,
                    0.300064
                ],
                [
                    330.144,
                    246.024,
                    0.603523
                ],
                [
                    332.107,
                    232.326,
                    0.0532032
                ],
                [
                    0.0,
                    0.0,
                    0.0
                ],
                [
                    0.0,
                    0.0,
                    0.0
                ],
                [
                    0.0,
                    0.0,
                    0.0
                ],
                [
                    338.945,
                    172.661,
                    0.721117
                ],
                [
                    316.456,
                    174.61,
                    0.321563
                ],
                [
                    0.0,
                    0.0,
                    0.0
                ],
                [
                    0.0,
                    0.0,
                    0.0
                ],
                [
                    0.0,
                    0.0,
                    0.0
                ],
                [
                    387.84,
                    210.83,
                    0.255177
                ],
                [
                    387.912,
                    214.711,
                    0.317686
                ],
                [
                    381.042,
                    226.481,
                    0.300125
                ]
            ],
            "isKeyframe": false
        },
        {
            "bbox": [
                51.01477000000001,
                165.7273,
                136.81392999999997,
                354.6997,
                0.6137726928571429
            ],
            "personID": 3,
            "keypoints": [
                [
                    74.8442,
                    183.455,
                    0.915316
                ],
                [
                    66.0734,
                    222.514,
                    0.761304
                ],
                [
                    67.0328,
                    231.343,
                    0.777838
                ],
                [
                    107.112,
                    253.891,
                    0.795967
                ],
                [
                    97.3787,
                    233.322,
                    0.59803
                ],
                [
                    66.0541,
                    210.801,
                    0.578426
                ],
                [
                    91.4721,
                    232.355,
                    0.0680677
                ],
                [
                    0.0,
                    0.0,
                    0.0
                ],
                [
                    106.15,
                    292.976,
                    0.469851
                ],
                [
                    107.131,
                    293.935,
                    0.589125
                ],
                [
                    129.664,
                    338.952,
                    0.570526
                ],
                [
                    0.0,
                    0.0,
                    0.0
                ],
                [
                    105.16,
                    292.968,
                    0.338283
                ],
                [
                    121.783,
                    334.084,
                    0.372811
                ],
                [
                    0.0,
                    0.0,
                    0.0
                ],
                [
                    68.9813,
                    181.475,
                    0.823059
                ],
                [
                    0.0,
                    0.0,
                    0.0
                ],
                [
                    58.1647,
                    191.22,
                    0.934214
                ],
                [
                    0.0,
                    0.0,
                    0.0
                ],
                [
                    0.0,
                    0.0,
                    0.0
                ],
                [
                    0.0,
                    0.0,
                    0.0
                ],
                [
                    0.0,
                    0.0,
                    0.0
                ],
                [
                    0.0,
                    0.0,
                    0.0
                ],
                [
                    0.0,
                    0.0,
                    0.0
                ],
                [
                    0.0,
                    0.0,
                    0.0
                ]
            ],
            "isKeyframe": false
        }
    ],
    "isKeyframe": false
}