{
    "filename": "images/1/002800.jpg",
    "height": 360,
    "width": 640,
    "annots": [
        {
            "bbox": [
                187.52400000000003,
                63.28618999999999,
                243.84,
                237.01871,
                0.7185211874999999
            ],
            "personID": 0,
            "keypoints": [
                [
                    212.773,
                    81.6937,
                    0.90204
                ],
                [
                    203.0,
                    98.3509,
                    0.884517
                ],
                [
                    193.243,
                    105.123,
                    0.853488
                ],
                [
                    192.217,
                    129.665,
                    0.912661
                ],
                [
                    199.061,
                    152.123,
                    0.868645
                ],
                [
                    213.712,
                    95.3759,
                    0.829151
                ],
                [
                    215.749,
                    116.911,
                    0.183963
                ],
                [
                    229.398,
                    139.392,
                    0.0504945
                ],
                [
                    214.756,
                    146.269,
                    0.808737
                ],
                [
                    208.868,
                    149.194,
                    0.761404
                ],
                [
                    218.655,
                    183.427,
                    0.81959
                ],
                [
                    221.583,
                    215.665,
                    0.846035
                ],
                [
                    221.539,
                    145.259,
                    0.742556
                ],
                [
                    222.542,
                    182.443,
                    0.773112
                ],
                [
                    223.569,
                    208.89,
                    0.78247
                ],
                [
                    207.88,
                    79.7271,
                    0.920705
                ],
                [
                    213.72,
                    77.7639,
                    0.651278
                ],
                [
                    199.047,
                    81.7222,
                    0.955593
                ],
                [
                    0.0,
                    0.0,
                    0.0
                ],
                [
                    239.147,
                    212.781,
                    0.725934
                ],
                [
                    237.235,
                    208.895,
                    0.672182
                ],
                [
                    222.55,
                    214.716,
                    0.391948
                ],
                [
                    231.34,
                    218.632,
                    0.619116
                ],
                [
                    224.516,
                    222.541,
                    0.619915
                ],
                [
                    219.6,
                    219.624,
                    0.668974
                ]
            ],
            "isKeyframe": false
        },
        {
            "bbox": [
                467.3577,
                59.853669999999994,
                534.2853,
                309.89802999999995,
                0.7901156
            ],
            "personID": 1,
            "keypoints": [
                [
                    496.438,
                    88.4992,
                    0.88316
                ],
                [
                    503.283,
                    106.188,
                    0.898622
                ],
                [
                    481.794,
                    105.167,
                    0.888823
                ],
                [
                    473.963,
                    137.47,
                    0.881214
                ],
                [
                    472.935,
                    169.753,
                    0.876324
                ],
                [
                    521.865,
                    109.093,
                    0.819758
                ],
                [
                    528.708,
                    143.297,
                    0.822107
                ],
                [
                    527.785,
                    175.589,
                    0.759848
                ],
                [
                    497.441,
                    174.605,
                    0.723104
                ],
                [
                    484.715,
                    172.656,
                    0.660186
                ],
                [
                    481.73,
                    209.837,
                    0.805724
                ],
                [
                    475.926,
                    235.273,
                    0.794599
                ],
                [
                    512.063,
                    175.581,
                    0.719078
                ],
                [
                    512.103,
                    223.569,
                    0.883693
                ],
                [
                    505.274,
                    270.528,
                    0.822359
                ],
                [
                    492.518,
                    81.7251,
                    0.868088
                ],
                [
                    501.326,
                    82.6832,
                    0.843387
                ],
                [
                    488.603,
                    80.6907,
                    0.340989
                ],
                [
                    511.09,
                    82.6427,
                    0.874475
                ],
                [
                    504.246,
                    289.061,
                    0.78137
                ],
                [
                    511.125,
                    286.172,
                    0.784843
                ],
                [
                    504.289,
                    276.323,
                    0.667193
                ],
                [
                    480.823,
                    250.914,
                    0.805769
                ],
                [
                    473.971,
                    248.001,
                    0.836746
                ],
                [
                    475.901,
                    236.238,
                    0.711431
                ]
            ],
            "isKeyframe": false
        },
        {
            "bbox": [
                51.0365,
                165.71909999999997,
                136.7945,
                354.7059,
                0.6067519571428572
            ],
            "personID": 2,
            "keypoints": [
                [
                    74.8657,
                    183.45,
                    0.898037
                ],
                [
                    66.9903,
                    222.547,
                    0.754104
                ],
                [
                    67.0561,
                    231.354,
                    0.76604
                ],
                [
                    107.152,
                    254.797,
                    0.797113
                ],
                [
                    98.314,
                    235.264,
                    0.612459
                ],
                [
                    66.9971,
                    211.798,
                    0.551553
                ],
                [
                    90.5372,
                    234.303,
                    0.0585724
                ],
                [
                    0.0,
                    0.0,
                    0.0
                ],
                [
                    106.152,
                    292.966,
                    0.462234
                ],
                [
                    107.125,
                    293.001,
                    0.588315
                ],
                [
                    129.648,
                    338.957,
                    0.568577
                ],
                [
                    0.0,
                    0.0,
                    0.0
                ],
                [
                    105.161,
                    292.013,
                    0.334169
                ],
                [
                    121.793,
                    334.079,
                    0.35414
                ],
                [
                    0.0,
                    0.0,
                    0.0
                ],
                [
                    69.9524,
                    181.468,
                    0.810884
                ],
                [
                    0.0,
                    0.0,
                    0.0
                ],
                [
                    58.183,
                    191.215,
                    0.93833
                ],
                [
                    0.0,
                    0.0,
                    0.0
                ],
                [
                    0.0,
                    0.0,
                    0.0
                ],
                [
                    0.0,
                    0.0,
                    0.0
                ],
                [
                    0.0,
                    0.0,
                    0.0
                ],
                [
                    0.0,
                    0.0,
                    0.0
                ],
                [
                    0.0,
                    0.0,
                    0.0
                ],
                [
                    0.0,
                    0.0,
                    0.0
                ]
            ],
            "isKeyframe": false
        },
        {
            "bbox": [
                292.91150000000005,
                150.21070000000003,
                387.96950000000004,
                266.49429999999995,
                0.4477759277777778
            ],
            "personID": 3,
            "keypoints": [
                [
                    0.0,
                    0.0,
                    0.0
                ],
                [
                    334.05,
                    184.366,
                    0.871915
                ],
                [
                    351.684,
                    183.414,
                    0.836453
                ],
                [
                    374.182,
                    206.886,
                    0.777268
                ],
                [
                    380.048,
                    199.074,
                    0.621468
                ],
                [
                    316.471,
                    184.417,
                    0.700326
                ],
                [
                    303.747,
                    195.165,
                    0.0875212
                ],
                [
                    300.833,
                    188.331,
                    0.0676265
                ],
                [
                    341.878,
                    237.199,
                    0.569404
                ],
                [
                    355.585,
                    234.295,
                    0.549729
                ],
                [
                    379.088,
                    200.07,
                    0.135175
                ],
                [
                    0.0,
                    0.0,
                    0.0
                ],
                [
                    329.17,
                    238.198,
                    0.538628
                ],
                [
                    316.438,
                    214.697,
                    0.179338
                ],
                [
                    327.226,
                    252.859,
                    0.313606
                ],
                [
                    0.0,
                    0.0,
                    0.0
                ],
                [
                    0.0,
                    0.0,
                    0.0
                ],
                [
                    342.865,
                    159.901,
                    0.761031
                ],
                [
                    324.286,
                    160.912,
                    0.5009
                ],
                [
                    316.424,
                    255.806,
                    0.124715
                ],
                [
                    317.409,
                    256.804,
                    0.148457
                ],
                [
                    325.279,
                    253.834,
                    0.276406
                ],
                [
                    0.0,
                    0.0,
                    0.0
                ],
                [
                    0.0,
                    0.0,
                    0.0
                ],
                [
                    0.0,
                    0.0,
                    0.0
                ]
            ],
            "isKeyframe": false
        }
    ],
    "isKeyframe": false
}