{
    "filename": "images/1/002878.jpg",
    "height": 360,
    "width": 640,
    "annots": [
        {
            "bbox": [
                170.4032,
                73.28388000000002,
                244.3928,
                244.64292,
                0.8189221666666667
            ],
            "personID": 0,
            "keypoints": [
                [
                    199.054,
                    90.4897,
                    0.954215
                ],
                [
                    191.228,
                    106.135,
                    0.95176
                ],
                [
                    177.571,
                    112.001,
                    0.863156
                ],
                [
                    176.569,
                    138.437,
                    0.911407
                ],
                [
                    184.365,
                    160.902,
                    0.854846
                ],
                [
                    201.044,
                    100.304,
                    0.881738
                ],
                [
                    208.839,
                    122.804,
                    0.540912
                ],
                [
                    215.717,
                    148.222,
                    0.230928
                ],
                [
                    201.07,
                    155.055,
                    0.771616
                ],
                [
                    193.222,
                    158.958,
                    0.787867
                ],
                [
                    202.012,
                    190.283,
                    0.824961
                ],
                [
                    209.822,
                    219.62,
                    0.833286
                ],
                [
                    209.842,
                    153.087,
                    0.782046
                ],
                [
                    221.54,
                    182.454,
                    0.849318
                ],
                [
                    223.571,
                    210.799,
                    0.868622
                ],
                [
                    193.227,
                    89.477,
                    0.919312
                ],
                [
                    199.065,
                    87.5638,
                    0.74026
                ],
                [
                    184.385,
                    90.4869,
                    0.980782
                ],
                [
                    0.0,
                    0.0,
                    0.0
                ],
                [
                    238.227,
                    213.758,
                    0.873127
                ],
                [
                    238.178,
                    211.779,
                    0.816554
                ],
                [
                    222.537,
                    214.749,
                    0.872731
                ],
                [
                    217.686,
                    229.405,
                    0.867967
                ],
                [
                    213.728,
                    230.363,
                    0.865911
                ],
                [
                    209.826,
                    222.545,
                    0.81081
                ]
            ],
            "isKeyframe": false
        },
        {
            "bbox": [
                483.9304000000001,
                89.18719999999999,
                540.3136000000001,
                374.4968,
                0.7036739523809524
            ],
            "personID": 1,
            "keypoints": [
                [
                    494.484,
                    118.836,
                    0.826776
                ],
                [
                    522.845,
                    145.307,
                    0.742809
                ],
                [
                    513.107,
                    139.423,
                    0.625867
                ],
                [
                    0.0,
                    0.0,
                    0.0
                ],
                [
                    0.0,
                    0.0,
                    0.0
                ],
                [
                    531.673,
                    152.144,
                    0.767216
                ],
                [
                    535.615,
                    206.907,
                    0.854982
                ],
                [
                    519.967,
                    248.007,
                    0.855457
                ],
                [
                    511.1,
                    236.25,
                    0.555282
                ],
                [
                    501.336,
                    233.315,
                    0.520491
                ],
                [
                    498.433,
                    284.168,
                    0.50521
                ],
                [
                    504.312,
                    310.61,
                    0.770135
                ],
                [
                    519.884,
                    238.218,
                    0.541303
                ],
                [
                    507.196,
                    297.886,
                    0.718956
                ],
                [
                    512.102,
                    344.842,
                    0.816007
                ],
                [
                    0.0,
                    0.0,
                    0.0
                ],
                [
                    496.475,
                    112.99,
                    0.922466
                ],
                [
                    0.0,
                    0.0,
                    0.0
                ],
                [
                    512.098,
                    112.963,
                    0.933273
                ],
                [
                    497.418,
                    348.748,
                    0.52218
                ],
                [
                    503.284,
                    350.721,
                    0.521262
                ],
                [
                    514.073,
                    347.752,
                    0.766721
                ],
                [
                    488.645,
                    325.24,
                    0.798868
                ],
                [
                    488.629,
                    322.319,
                    0.694934
                ],
                [
                    508.202,
                    314.486,
                    0.516958
                ]
            ],
            "isKeyframe": false
        },
        {
            "bbox": [
                51.11148000000001,
                165.6094,
                136.80732,
                355.7566,
                0.6111583214285714
            ],
            "personID": 2,
            "keypoints": [
                [
                    74.8981,
                    183.428,
                    0.90542
                ],
                [
                    66.9858,
                    222.542,
                    0.754976
                ],
                [
                    68.0187,
                    231.378,
                    0.741619
                ],
                [
                    107.143,
                    255.809,
                    0.808263
                ],
                [
                    98.3196,
                    236.235,
                    0.644977
                ],
                [
                    66.01,
                    208.889,
                    0.539802
                ],
                [
                    91.4916,
                    238.197,
                    0.0643215
                ],
                [
                    0.0,
                    0.0,
                    0.0
                ],
                [
                    106.137,
                    292.977,
                    0.468658
                ],
                [
                    107.115,
                    293.937,
                    0.603245
                ],
                [
                    129.666,
                    339.911,
                    0.571638
                ],
                [
                    0.0,
                    0.0,
                    0.0
                ],
                [
                    105.146,
                    292.969,
                    0.324204
                ],
                [
                    121.822,
                    336.019,
                    0.366758
                ],
                [
                    0.0,
                    0.0,
                    0.0
                ],
                [
                    70.916,
                    181.455,
                    0.803231
                ],
                [
                    0.0,
                    0.0,
                    0.0
                ],
                [
                    58.2528,
                    191.262,
                    0.959104
                ],
                [
                    0.0,
                    0.0,
                    0.0
                ],
                [
                    0.0,
                    0.0,
                    0.0
                ],
                [
                    0.0,
                    0.0,
                    0.0
                ],
                [
                    0.0,
                    0.0,
                    0.0
                ],
                [
                    0.0,
                    0.0,
                    0.0
                ],
                [
                    0.0,
                    0.0,
                    0.0
                ],
                [
                    0.0,
                    0.0,
                    0.0
                ]
            ],
            "isKeyframe": false
        },
        {
            "bbox": [
                257.8352,
                153.2901,
                385.81280000000004,
                244.87290000000002,
                0.47800372608695657
            ],
            "personID": 3,
            "keypoints": [
                [
                    354.603,
                    162.871,
                    0.314948
                ],
                [
                    364.379,
                    191.202,
                    0.70257
                ],
                [
                    375.148,
                    185.38,
                    0.506809
                ],
                [
                    348.744,
                    212.75,
                    0.118348
                ],
                [
                    311.557,
                    210.812,
                    0.0603497
                ],
                [
                    354.607,
                    192.234,
                    0.649027
                ],
                [
                    329.168,
                    215.741,
                    0.725768
                ],
                [
                    308.651,
                    214.719,
                    0.805027
                ],
                [
                    337.009,
                    231.359,
                    0.470327
                ],
                [
                    347.741,
                    229.393,
                    0.380381
                ],
                [
                    309.585,
                    200.084,
                    0.601338
                ],
                [
                    275.372,
                    198.063,
                    0.454241
                ],
                [
                    328.211,
                    237.207,
                    0.526874
                ],
                [
                    285.143,
                    218.625,
                    0.646327
                ],
                [
                    283.212,
                    231.383,
                    0.546019
                ],
                [
                    0.0,
                    0.0,
                    0.0
                ],
                [
                    356.588,
                    160.922,
                    0.343092
                ],
                [
                    0.0,
                    0.0,
                    0.0
                ],
                [
                    363.443,
                    167.749,
                    0.554596
                ],
                [
                    269.522,
                    233.32,
                    0.507777
                ],
                [
                    271.483,
                    237.241,
                    0.555099
                ],
                [
                    284.166,
                    234.302,
                    0.451582
                ],
                [
                    268.504,
                    182.454,
                    0.296382
                ],
                [
                    268.5,
                    184.411,
                    0.328411
                ],
                [
                    270.451,
                    195.168,
                    0.448793
                ]
            ],
            "isKeyframe": false
        }
    ],
    "isKeyframe": false
}