{
    "filename": "images/1/002831.jpg",
    "height": 360,
    "width": 640,
    "annots": [
        {
            "bbox": [
                179.97680000000003,
                64.64800000000001,
                244.5632,
                245.404,
                0.8138813749999999
            ],
            "personID": 0,
            "keypoints": [
                [
                    213.767,
                    82.6428,
                    0.94203
                ],
                [
                    204.928,
                    98.3644,
                    0.889031
                ],
                [
                    192.196,
                    102.238,
                    0.869615
                ],
                [
                    185.359,
                    127.646,
                    0.849778
                ],
                [
                    191.291,
                    147.221,
                    0.7569
                ],
                [
                    215.714,
                    97.3489,
                    0.958585
                ],
                [
                    221.542,
                    120.855,
                    0.667437
                ],
                [
                    224.502,
                    143.288,
                    0.1971
                ],
                [
                    207.927,
                    148.206,
                    0.784714
                ],
                [
                    200.105,
                    150.166,
                    0.780989
                ],
                [
                    207.908,
                    184.397,
                    0.91757
                ],
                [
                    209.859,
                    220.575,
                    0.804159
                ],
                [
                    215.754,
                    146.252,
                    0.787292
                ],
                [
                    221.571,
                    182.417,
                    0.836012
                ],
                [
                    224.497,
                    210.818,
                    0.855302
                ],
                [
                    208.85,
                    80.6738,
                    0.910221
                ],
                [
                    214.749,
                    79.711,
                    0.854013
                ],
                [
                    200.056,
                    81.6623,
                    0.951427
                ],
                [
                    0.0,
                    0.0,
                    0.0
                ],
                [
                    239.181,
                    213.752,
                    0.826341
                ],
                [
                    238.222,
                    211.781,
                    0.778061
                ],
                [
                    222.546,
                    214.771,
                    0.882683
                ],
                [
                    218.633,
                    229.395,
                    0.818236
                ],
                [
                    213.751,
                    230.341,
                    0.82955
                ],
                [
                    208.88,
                    222.567,
                    0.786107
                ]
            ],
            "isKeyframe": false
        },
        {
            "bbox": [
                483.9133,
                75.04311,
                552.0217,
                330.93099,
                0.6988259625
            ],
            "personID": 1,
            "keypoints": [
                [
                    504.298,
                    101.265,
                    0.880277
                ],
                [
                    519.963,
                    121.804,
                    0.910429
                ],
                [
                    498.408,
                    114.987,
                    0.832896
                ],
                [
                    497.443,
                    152.14,
                    0.201618
                ],
                [
                    494.5,
                    184.414,
                    0.0951291
                ],
                [
                    541.422,
                    128.631,
                    0.790861
                ],
                [
                    546.346,
                    175.552,
                    0.810668
                ],
                [
                    536.544,
                    210.803,
                    0.852051
                ],
                [
                    513.043,
                    198.103,
                    0.745547
                ],
                [
                    498.435,
                    196.151,
                    0.684287
                ],
                [
                    498.391,
                    246.037,
                    0.861624
                ],
                [
                    498.407,
                    292.983,
                    0.758814
                ],
                [
                    526.756,
                    199.089,
                    0.683645
                ],
                [
                    519.931,
                    241.133,
                    0.812246
                ],
                [
                    505.281,
                    271.483,
                    0.874886
                ],
                [
                    503.284,
                    96.3671,
                    0.62663
                ],
                [
                    509.179,
                    97.3651,
                    0.85272
                ],
                [
                    0.0,
                    0.0,
                    0.0
                ],
                [
                    522.862,
                    96.3688,
                    0.863068
                ],
                [
                    507.225,
                    288.094,
                    0.684034
                ],
                [
                    512.097,
                    286.109,
                    0.747963
                ],
                [
                    504.263,
                    272.439,
                    0.663541
                ],
                [
                    490.613,
                    309.607,
                    0.429925
                ],
                [
                    489.589,
                    304.723,
                    0.48104
                ],
                [
                    503.287,
                    293.992,
                    0.627924
                ]
            ],
            "isKeyframe": false
        },
        {
            "bbox": [
                51.02504999999999,
                166.66809999999998,
                136.81845,
                355.6549,
                0.6561627692307693
            ],
            "personID": 2,
            "keypoints": [
                [
                    74.8405,
                    184.366,
                    0.918046
                ],
                [
                    66.0624,
                    222.518,
                    0.756934
                ],
                [
                    67.0263,
                    231.354,
                    0.778799
                ],
                [
                    107.132,
                    253.873,
                    0.800475
                ],
                [
                    97.3527,
                    233.32,
                    0.608412
                ],
                [
                    66.0328,
                    209.856,
                    0.56264
                ],
                [
                    0.0,
                    0.0,
                    0.0
                ],
                [
                    0.0,
                    0.0,
                    0.0
                ],
                [
                    106.173,
                    292.969,
                    0.458137
                ],
                [
                    107.135,
                    293.011,
                    0.590522
                ],
                [
                    129.669,
                    339.906,
                    0.580557
                ],
                [
                    0.0,
                    0.0,
                    0.0
                ],
                [
                    105.186,
                    292.961,
                    0.329862
                ],
                [
                    121.807,
                    336.022,
                    0.371301
                ],
                [
                    0.0,
                    0.0,
                    0.0
                ],
                [
                    68.9878,
                    182.417,
                    0.832548
                ],
                [
                    0.0,
                    0.0,
                    0.0
                ],
                [
                    58.1745,
                    191.232,
                    0.941883
                ],
                [
                    0.0,
                    0.0,
                    0.0
                ],
                [
                    0.0,
                    0.0,
                    0.0
                ],
                [
                    0.0,
                    0.0,
                    0.0
                ],
                [
                    0.0,
                    0.0,
                    0.0
                ],
                [
                    0.0,
                    0.0,
                    0.0
                ],
                [
                    0.0,
                    0.0,
                    0.0
                ],
                [
                    0.0,
                    0.0,
                    0.0
                ]
            ],
            "isKeyframe": false
        },
        {
            "bbox": [
                288.49359999999996,
                170.7015,
                389.4544,
                264.6195,
                0.3918338421052631
            ],
            "personID": 3,
            "keypoints": [
                [
                    0.0,
                    0.0,
                    0.0
                ],
                [
                    334.095,
                    199.113,
                    0.817925
                ],
                [
                    355.578,
                    199.02,
                    0.812861
                ],
                [
                    377.121,
                    211.772,
                    0.67807
                ],
                [
                    375.138,
                    202.008,
                    0.434907
                ],
                [
                    316.419,
                    201.016,
                    0.611207
                ],
                [
                    296.907,
                    209.831,
                    0.112723
                ],
                [
                    0.0,
                    0.0,
                    0.0
                ],
                [
                    340.925,
                    238.207,
                    0.569059
                ],
                [
                    354.625,
                    238.163,
                    0.526818
                ],
                [
                    372.206,
                    216.67,
                    0.21762
                ],
                [
                    379.047,
                    224.517,
                    0.197942
                ],
                [
                    327.209,
                    239.161,
                    0.495918
                ],
                [
                    321.356,
                    225.483,
                    0.136644
                ],
                [
                    336.034,
                    255.827,
                    0.148899
                ],
                [
                    0.0,
                    0.0,
                    0.0
                ],
                [
                    0.0,
                    0.0,
                    0.0
                ],
                [
                    341.931,
                    178.528,
                    0.582535
                ],
                [
                    320.374,
                    182.427,
                    0.367222
                ],
                [
                    0.0,
                    0.0,
                    0.0
                ],
                [
                    0.0,
                    0.0,
                    0.0
                ],
                [
                    336.995,
                    256.793,
                    0.104555
                ],
                [
                    381.041,
                    223.524,
                    0.2215
                ],
                [
                    381.036,
                    227.448,
                    0.185512
                ],
                [
                    379.064,
                    224.537,
                    0.222926
                ]
            ],
            "isKeyframe": false
        }
    ],
    "isKeyframe": false
}