{
    "filename": "images/1/002795.jpg",
    "height": 360,
    "width": 640,
    "annots": [
        {
            "bbox": [
                187.6835,
                62.117570000000015,
                242.82950000000002,
                238.18313,
                0.7360454913043478
            ],
            "personID": 0,
            "keypoints": [
                [
                    211.807,
                    81.6757,
                    0.88972
                ],
                [
                    202.008,
                    98.3529,
                    0.874426
                ],
                [
                    195.161,
                    104.206,
                    0.844442
                ],
                [
                    192.279,
                    130.594,
                    0.882523
                ],
                [
                    200.013,
                    153.063,
                    0.883218
                ],
                [
                    208.887,
                    95.3709,
                    0.81155
                ],
                [
                    215.73,
                    118.871,
                    0.0811233
                ],
                [
                    0.0,
                    0.0,
                    0.0
                ],
                [
                    214.748,
                    147.225,
                    0.784949
                ],
                [
                    210.802,
                    150.161,
                    0.729612
                ],
                [
                    218.628,
                    183.452,
                    0.810963
                ],
                [
                    221.565,
                    215.707,
                    0.830518
                ],
                [
                    219.606,
                    145.288,
                    0.710502
                ],
                [
                    222.516,
                    182.451,
                    0.76882
                ],
                [
                    223.563,
                    208.896,
                    0.792587
                ],
                [
                    207.865,
                    79.719,
                    0.912908
                ],
                [
                    212.744,
                    76.7897,
                    0.484456
                ],
                [
                    199.05,
                    81.7224,
                    0.962046
                ],
                [
                    0.0,
                    0.0,
                    0.0
                ],
                [
                    238.234,
                    212.766,
                    0.749461
                ],
                [
                    237.228,
                    208.886,
                    0.701164
                ],
                [
                    222.558,
                    214.716,
                    0.437715
                ],
                [
                    230.345,
                    221.554,
                    0.641456
                ],
                [
                    223.564,
                    223.511,
                    0.664611
                ],
                [
                    218.651,
                    220.603,
                    0.680276
                ]
            ],
            "isKeyframe": false
        },
        {
            "bbox": [
                465.9164,
                59.105599999999995,
                527.0036,
                306.75440000000003,
                0.79166652
            ],
            "personID": 1,
            "keypoints": [
                [
                    491.569,
                    86.576,
                    0.814704
                ],
                [
                    497.416,
                    105.128,
                    0.928615
                ],
                [
                    476.9,
                    102.241,
                    0.796446
                ],
                [
                    471.007,
                    137.412,
                    0.813734
                ],
                [
                    472.918,
                    168.77,
                    0.861101
                ],
                [
                    518.926,
                    106.113,
                    0.853758
                ],
                [
                    521.913,
                    136.506,
                    0.877025
                ],
                [
                    520.912,
                    167.778,
                    0.874928
                ],
                [
                    495.475,
                    169.747,
                    0.703837
                ],
                [
                    481.779,
                    168.784,
                    0.722502
                ],
                [
                    478.842,
                    207.858,
                    0.816779
                ],
                [
                    475.907,
                    235.266,
                    0.796445
                ],
                [
                    506.235,
                    170.715,
                    0.697377
                ],
                [
                    510.153,
                    221.572,
                    0.843137
                ],
                [
                    505.297,
                    268.539,
                    0.788913
                ],
                [
                    488.626,
                    81.6926,
                    0.904857
                ],
                [
                    496.48,
                    81.7023,
                    0.901126
                ],
                [
                    481.827,
                    79.743,
                    0.457594
                ],
                [
                    505.251,
                    81.6407,
                    0.83075
                ],
                [
                    504.25,
                    286.117,
                    0.67655
                ],
                [
                    511.134,
                    284.193,
                    0.67684
                ],
                [
                    504.301,
                    271.46,
                    0.666181
                ],
                [
                    480.815,
                    247.976,
                    0.844624
                ],
                [
                    473.954,
                    247.018,
                    0.882909
                ],
                [
                    476.893,
                    237.226,
                    0.760931
                ]
            ],
            "isKeyframe": false
        },
        {
            "bbox": [
                310.4928,
                145.2629,
                393.79920000000004,
                262.6601,
                0.5177915555555557
            ],
            "personID": 2,
            "keypoints": [
                [
                    0.0,
                    0.0,
                    0.0
                ],
                [
                    335.032,
                    178.521,
                    0.81321
                ],
                [
                    352.649,
                    178.522,
                    0.793945
                ],
                [
                    376.11,
                    203.977,
                    0.773064
                ],
                [
                    386.857,
                    198.088,
                    0.802792
                ],
                [
                    317.473,
                    178.522,
                    0.738849
                ],
                [
                    0.0,
                    0.0,
                    0.0
                ],
                [
                    0.0,
                    0.0,
                    0.0
                ],
                [
                    336.031,
                    232.364,
                    0.632524
                ],
                [
                    348.745,
                    234.292,
                    0.613792
                ],
                [
                    379.086,
                    208.855,
                    0.568244
                ],
                [
                    354.596,
                    246.059,
                    0.315954
                ],
                [
                    324.246,
                    232.324,
                    0.612484
                ],
                [
                    317.435,
                    211.791,
                    0.215306
                ],
                [
                    326.264,
                    247.985,
                    0.379765
                ],
                [
                    0.0,
                    0.0,
                    0.0
                ],
                [
                    0.0,
                    0.0,
                    0.0
                ],
                [
                    347.74,
                    155.046,
                    0.819286
                ],
                [
                    327.214,
                    156.042,
                    0.448614
                ],
                [
                    0.0,
                    0.0,
                    0.0
                ],
                [
                    0.0,
                    0.0,
                    0.0
                ],
                [
                    324.313,
                    252.877,
                    0.308566
                ],
                [
                    356.59,
                    246.048,
                    0.103609
                ],
                [
                    355.586,
                    251.893,
                    0.116755
                ],
                [
                    348.772,
                    251.883,
                    0.263489
                ]
            ],
            "isKeyframe": false
        },
        {
            "bbox": [
                51.03674000000001,
                165.7129,
                136.79666,
                354.71410000000003,
                0.6109182785714287
            ],
            "personID": 3,
            "keypoints": [
                [
                    74.8698,
                    183.445,
                    0.897764
                ],
                [
                    66.979,
                    222.548,
                    0.751475
                ],
                [
                    67.0545,
                    231.361,
                    0.764301
                ],
                [
                    108.094,
                    254.8,
                    0.803272
                ],
                [
                    98.3085,
                    235.284,
                    0.664221
                ],
                [
                    66.0647,
                    211.786,
                    0.549736
                ],
                [
                    90.4875,
                    247.005,
                    0.0523429
                ],
                [
                    0.0,
                    0.0,
                    0.0
                ],
                [
                    106.147,
                    292.976,
                    0.464857
                ],
                [
                    107.133,
                    293.007,
                    0.587324
                ],
                [
                    129.65,
                    338.964,
                    0.576403
                ],
                [
                    0.0,
                    0.0,
                    0.0
                ],
                [
                    105.145,
                    292.969,
                    0.335475
                ],
                [
                    121.781,
                    334.085,
                    0.359054
                ],
                [
                    0.0,
                    0.0,
                    0.0
                ],
                [
                    69.9532,
                    181.463,
                    0.811387
                ],
                [
                    0.0,
                    0.0,
                    0.0
                ],
                [
                    58.1834,
                    191.211,
                    0.935244
                ],
                [
                    0.0,
                    0.0,
                    0.0
                ],
                [
                    0.0,
                    0.0,
                    0.0
                ],
                [
                    0.0,
                    0.0,
                    0.0
                ],
                [
                    0.0,
                    0.0,
                    0.0
                ],
                [
                    0.0,
                    0.0,
                    0.0
                ],
                [
                    0.0,
                    0.0,
                    0.0
                ],
                [
                    0.0,
                    0.0,
                    0.0
                ]
            ],
            "isKeyframe": false
        }
    ],
    "isKeyframe": false
}