{
    "filename": "images/1/002838.jpg",
    "height": 360,
    "width": 640,
    "annots": [
        {
            "bbox": [
                178.919,
                64.75977,
                244.643,
                244.37493,
                0.8128879583333334
            ],
            "personID": 0,
            "keypoints": [
                [
                    209.854,
                    82.6461,
                    0.910189
                ],
                [
                    202.002,
                    99.3032,
                    0.878424
                ],
                [
                    191.227,
                    104.151,
                    0.881639
                ],
                [
                    184.396,
                    128.643,
                    0.917985
                ],
                [
                    191.273,
                    150.162,
                    0.805616
                ],
                [
                    214.756,
                    97.3664,
                    0.954973
                ],
                [
                    216.718,
                    121.763,
                    0.63149
                ],
                [
                    223.52,
                    142.343,
                    0.213196
                ],
                [
                    207.896,
                    150.177,
                    0.801562
                ],
                [
                    200.061,
                    152.09,
                    0.817766
                ],
                [
                    206.899,
                    185.41,
                    0.869114
                ],
                [
                    209.851,
                    220.581,
                    0.811876
                ],
                [
                    215.732,
                    148.223,
                    0.778809
                ],
                [
                    221.564,
                    183.401,
                    0.856553
                ],
                [
                    223.587,
                    211.775,
                    0.847737
                ],
                [
                    206.911,
                    80.6936,
                    0.924737
                ],
                [
                    213.723,
                    79.7277,
                    0.835011
                ],
                [
                    198.116,
                    81.7227,
                    0.905478
                ],
                [
                    0.0,
                    0.0,
                    0.0
                ],
                [
                    239.166,
                    213.736,
                    0.811864
                ],
                [
                    238.207,
                    210.821,
                    0.764502
                ],
                [
                    222.546,
                    215.665,
                    0.877673
                ],
                [
                    217.673,
                    228.431,
                    0.813634
                ],
                [
                    213.723,
                    229.407,
                    0.812343
                ],
                [
                    208.882,
                    222.578,
                    0.78714
                ]
            ],
            "isKeyframe": false
        },
        {
            "bbox": [
                480.67119999999994,
                75.72658999999999,
                552.3208,
                346.89431,
                0.7170642916666666
            ],
            "personID": 1,
            "keypoints": [
                [
                    501.354,
                    106.197,
                    0.871629
                ],
                [
                    519.959,
                    128.618,
                    0.900764
                ],
                [
                    500.357,
                    121.81,
                    0.827278
                ],
                [
                    504.228,
                    161.908,
                    0.530024
                ],
                [
                    496.445,
                    193.189,
                    0.602561
                ],
                [
                    538.523,
                    131.597,
                    0.755674
                ],
                [
                    546.35,
                    180.498,
                    0.780294
                ],
                [
                    534.56,
                    215.726,
                    0.847076
                ],
                [
                    515.024,
                    202.988,
                    0.639939
                ],
                [
                    504.225,
                    201.038,
                    0.635075
                ],
                [
                    503.295,
                    254.829,
                    0.78964
                ],
                [
                    504.224,
                    305.702,
                    0.791657
                ],
                [
                    527.781,
                    204.93,
                    0.662655
                ],
                [
                    520.9,
                    246.983,
                    0.639152
                ],
                [
                    511.113,
                    269.512,
                    0.758879
                ],
                [
                    498.421,
                    102.249,
                    0.588457
                ],
                [
                    505.241,
                    103.216,
                    0.880253
                ],
                [
                    0.0,
                    0.0,
                    0.0
                ],
                [
                    520.89,
                    98.3239,
                    0.925321
                ],
                [
                    512.127,
                    285.171,
                    0.599602
                ],
                [
                    513.109,
                    284.178,
                    0.640688
                ],
                [
                    508.202,
                    269.497,
                    0.470867
                ],
                [
                    488.588,
                    324.297,
                    0.707185
                ],
                [
                    486.642,
                    319.406,
                    0.611348
                ],
                [
                    505.283,
                    309.621,
                    0.753525
                ]
            ],
            "isKeyframe": false
        },
        {
            "bbox": [
                50.93796,
                166.76749999999998,
                137.82564,
                354.60949999999997,
                0.6543317692307691
            ],
            "personID": 2,
            "keypoints": [
                [
                    74.8364,
                    184.368,
                    0.910124
                ],
                [
                    66.0489,
                    222.506,
                    0.746354
                ],
                [
                    67.0551,
                    231.324,
                    0.762398
                ],
                [
                    107.153,
                    253.89,
                    0.809516
                ],
                [
                    97.3228,
                    233.298,
                    0.625404
                ],
                [
                    66.0135,
                    210.803,
                    0.551977
                ],
                [
                    0.0,
                    0.0,
                    0.0
                ],
                [
                    0.0,
                    0.0,
                    0.0
                ],
                [
                    106.123,
                    292.963,
                    0.457966
                ],
                [
                    107.125,
                    292.985,
                    0.579299
                ],
                [
                    130.585,
                    338.956,
                    0.578498
                ],
                [
                    0.0,
                    0.0,
                    0.0
                ],
                [
                    103.221,
                    292.964,
                    0.33237
                ],
                [
                    120.84,
                    334.073,
                    0.381862
                ],
                [
                    0.0,
                    0.0,
                    0.0
                ],
                [
                    68.9776,
                    182.421,
                    0.829495
                ],
                [
                    0.0,
                    0.0,
                    0.0
                ],
                [
                    58.1786,
                    191.227,
                    0.94105
                ],
                [
                    0.0,
                    0.0,
                    0.0
                ],
                [
                    0.0,
                    0.0,
                    0.0
                ],
                [
                    0.0,
                    0.0,
                    0.0
                ],
                [
                    0.0,
                    0.0,
                    0.0
                ],
                [
                    0.0,
                    0.0,
                    0.0
                ],
                [
                    0.0,
                    0.0,
                    0.0
                ],
                [
                    0.0,
                    0.0,
                    0.0
                ]
            ],
            "isKeyframe": false
        },
        {
            "bbox": [
                286.2383,
                172.5487,
                390.7187,
                267.65229999999997,
                0.3487960599999999
            ],
            "personID": 3,
            "keypoints": [
                [
                    0.0,
                    0.0,
                    0.0
                ],
                [
                    341.925,
                    199.076,
                    0.641991
                ],
                [
                    364.369,
                    197.111,
                    0.679517
                ],
                [
                    382.012,
                    207.85,
                    0.620469
                ],
                [
                    374.175,
                    196.14,
                    0.245266
                ],
                [
                    321.338,
                    200.047,
                    0.466185
                ],
                [
                    294.945,
                    208.871,
                    0.38018
                ],
                [
                    303.76,
                    210.822,
                    0.0926684
                ],
                [
                    344.82,
                    235.256,
                    0.339686
                ],
                [
                    359.492,
                    232.328,
                    0.318177
                ],
                [
                    373.186,
                    215.704,
                    0.0900284
                ],
                [
                    0.0,
                    0.0,
                    0.0
                ],
                [
                    330.141,
                    237.237,
                    0.331677
                ],
                [
                    324.286,
                    233.302,
                    0.0939311
                ],
                [
                    339.946,
                    259.727,
                    0.13756
                ],
                [
                    0.0,
                    0.0,
                    0.0
                ],
                [
                    0.0,
                    0.0,
                    0.0
                ],
                [
                    352.649,
                    180.474,
                    0.475616
                ],
                [
                    327.226,
                    183.394,
                    0.318989
                ],
                [
                    0.0,
                    0.0,
                    0.0
                ],
                [
                    0.0,
                    0.0,
                    0.0
                ],
                [
                    0.0,
                    0.0,
                    0.0
                ],
                [
                    0.0,
                    0.0,
                    0.0
                ],
                [
                    0.0,
                    0.0,
                    0.0
                ],
                [
                    0.0,
                    0.0,
                    0.0
                ]
            ],
            "isKeyframe": false
        }
    ],
    "isKeyframe": false
}