{
    "filename": "images/1/002818.jpg",
    "height": 360,
    "width": 640,
    "annots": [
        {
            "bbox": [
                184.4034,
                63.08552000000002,
                243.11460000000002,
                239.20567999999997,
                0.788137875
            ],
            "personID": 0,
            "keypoints": [
                [
                    214.678,
                    81.6863,
                    0.941809
                ],
                [
                    205.897,
                    98.316,
                    0.91715
                ],
                [
                    192.273,
                    101.251,
                    0.858844
                ],
                [
                    189.296,
                    128.634,
                    0.870054
                ],
                [
                    192.273,
                    152.084,
                    0.847389
                ],
                [
                    215.705,
                    97.291,
                    0.941514
                ],
                [
                    220.573,
                    119.81,
                    0.580072
                ],
                [
                    223.536,
                    136.463,
                    0.115475
                ],
                [
                    211.788,
                    147.223,
                    0.755463
                ],
                [
                    204.952,
                    149.199,
                    0.741242
                ],
                [
                    215.685,
                    184.412,
                    0.909464
                ],
                [
                    216.673,
                    215.714,
                    0.866368
                ],
                [
                    218.624,
                    145.294,
                    0.757677
                ],
                [
                    223.49,
                    182.458,
                    0.826743
                ],
                [
                    224.531,
                    209.839,
                    0.825391
                ],
                [
                    208.864,
                    78.7568,
                    0.891045
                ],
                [
                    214.75,
                    77.7622,
                    0.858791
                ],
                [
                    200.08,
                    81.6571,
                    0.949845
                ],
                [
                    0.0,
                    0.0,
                    0.0
                ],
                [
                    238.222,
                    213.731,
                    0.789341
                ],
                [
                    238.155,
                    209.837,
                    0.75515
                ],
                [
                    223.529,
                    214.71,
                    0.639688
                ],
                [
                    227.437,
                    223.544,
                    0.783386
                ],
                [
                    222.517,
                    224.529,
                    0.760899
                ],
                [
                    215.693,
                    219.618,
                    0.732509
                ]
            ],
            "isKeyframe": false
        },
        {
            "bbox": [
                475.51679999999993,
                69.71834999999999,
                550.6392,
                306.91215,
                0.8040753333333334
            ],
            "personID": 1,
            "keypoints": [
                [
                    505.273,
                    95.3625,
                    0.865408
                ],
                [
                    516.03,
                    112.992,
                    0.869162
                ],
                [
                    496.442,
                    106.189,
                    0.893287
                ],
                [
                    488.658,
                    140.369,
                    0.864712
                ],
                [
                    481.777,
                    169.745,
                    0.860702
                ],
                [
                    536.522,
                    116.92,
                    0.827099
                ],
                [
                    544.379,
                    156.034,
                    0.781264
                ],
                [
                    542.401,
                    192.236,
                    0.848382
                ],
                [
                    509.181,
                    183.423,
                    0.715265
                ],
                [
                    496.445,
                    182.423,
                    0.73215
                ],
                [
                    494.479,
                    230.332,
                    0.795522
                ],
                [
                    489.573,
                    257.782,
                    0.783982
                ],
                [
                    520.942,
                    184.425,
                    0.72548
                ],
                [
                    517.982,
                    232.323,
                    0.833078
                ],
                [
                    506.271,
                    269.538,
                    0.814091
                ],
                [
                    504.249,
                    89.4845,
                    0.828564
                ],
                [
                    512.06,
                    90.507,
                    0.878289
                ],
                [
                    0.0,
                    0.0,
                    0.0
                ],
                [
                    522.875,
                    90.4632,
                    0.900036
                ],
                [
                    505.233,
                    287.146,
                    0.796444
                ],
                [
                    512.102,
                    286.137,
                    0.8169
                ],
                [
                    504.261,
                    271.447,
                    0.731958
                ],
                [
                    488.579,
                    271.475,
                    0.802259
                ],
                [
                    481.78,
                    269.495,
                    0.778369
                ],
                [
                    490.593,
                    260.704,
                    0.555405
                ]
            ],
            "isKeyframe": false
        },
        {
            "bbox": [
                294.5707,
                167.6545,
                393.15430000000003,
                262.7605,
                0.4687200333333333
            ],
            "personID": 2,
            "keypoints": [
                [
                    0.0,
                    0.0,
                    0.0
                ],
                [
                    330.167,
                    197.134,
                    0.769496
                ],
                [
                    348.73,
                    196.138,
                    0.797026
                ],
                [
                    374.163,
                    215.708,
                    0.784556
                ],
                [
                    378.058,
                    203.003,
                    0.769191
                ],
                [
                    311.563,
                    199.029,
                    0.66855
                ],
                [
                    302.786,
                    214.76,
                    0.0937596
                ],
                [
                    0.0,
                    0.0,
                    0.0
                ],
                [
                    339.909,
                    241.134,
                    0.635713
                ],
                [
                    352.636,
                    239.2,
                    0.611485
                ],
                [
                    374.174,
                    217.665,
                    0.453037
                ],
                [
                    382.009,
                    223.543,
                    0.259569
                ],
                [
                    326.262,
                    243.089,
                    0.561363
                ],
                [
                    332.085,
                    231.359,
                    0.103207
                ],
                [
                    334.094,
                    254.806,
                    0.21137
                ],
                [
                    0.0,
                    0.0,
                    0.0
                ],
                [
                    0.0,
                    0.0,
                    0.0
                ],
                [
                    338.963,
                    175.58,
                    0.70483
                ],
                [
                    316.473,
                    175.611,
                    0.34539
                ],
                [
                    0.0,
                    0.0,
                    0.0
                ],
                [
                    0.0,
                    0.0,
                    0.0
                ],
                [
                    331.13,
                    254.835,
                    0.1876
                ],
                [
                    384.939,
                    221.571,
                    0.202019
                ],
                [
                    0.0,
                    0.0,
                    0.0
                ],
                [
                    381.012,
                    225.504,
                    0.278799
                ]
            ],
            "isKeyframe": false
        },
        {
            "bbox": [
                51.01377000000001,
                165.73429999999996,
                136.81293,
                354.7187,
                0.616423
            ],
            "personID": 3,
            "keypoints": [
                [
                    74.8428,
                    183.465,
                    0.920028
                ],
                [
                    66.0744,
                    222.517,
                    0.761714
                ],
                [
                    67.0312,
                    231.343,
                    0.778654
                ],
                [
                    107.136,
                    253.897,
                    0.799934
                ],
                [
                    98.2858,
                    234.297,
                    0.611986
                ],
                [
                    66.0577,
                    210.812,
                    0.580023
                ],
                [
                    91.4594,
                    235.277,
                    0.067243
                ],
                [
                    0.0,
                    0.0,
                    0.0
                ],
                [
                    106.158,
                    292.978,
                    0.472279
                ],
                [
                    107.136,
                    293.942,
                    0.592879
                ],
                [
                    129.663,
                    338.97,
                    0.574322
                ],
                [
                    0.0,
                    0.0,
                    0.0
                ],
                [
                    105.169,
                    292.968,
                    0.337958
                ],
                [
                    121.789,
                    335.048,
                    0.373374
                ],
                [
                    0.0,
                    0.0,
                    0.0
                ],
                [
                    68.9794,
                    181.483,
                    0.82725
                ],
                [
                    0.0,
                    0.0,
                    0.0
                ],
                [
                    58.1637,
                    191.219,
                    0.932278
                ],
                [
                    0.0,
                    0.0,
                    0.0
                ],
                [
                    0.0,
                    0.0,
                    0.0
                ],
                [
                    0.0,
                    0.0,
                    0.0
                ],
                [
                    0.0,
                    0.0,
                    0.0
                ],
                [
                    0.0,
                    0.0,
                    0.0
                ],
                [
                    0.0,
                    0.0,
                    0.0
                ],
                [
                    0.0,
                    0.0,
                    0.0
                ]
            ],
            "isKeyframe": false
        }
    ],
    "isKeyframe": false
}