{
    "filename": "images/1/002792.jpg",
    "height": 360,
    "width": 640,
    "annots": [
        {
            "bbox": [
                188.72009999999997,
                62.23685999999998,
                242.7189,
                237.08574,
                0.7213165
            ],
            "personID": 0,
            "keypoints": [
                [
                    211.787,
                    81.6874,
                    0.891658
                ],
                [
                    201.996,
                    98.3693,
                    0.877925
                ],
                [
                    194.203,
                    105.112,
                    0.849578
                ],
                [
                    193.22,
                    130.6,
                    0.862559
                ],
                [
                    199.071,
                    152.154,
                    0.922163
                ],
                [
                    208.879,
                    96.33,
                    0.838441
                ],
                [
                    215.752,
                    119.848,
                    0.0912405
                ],
                [
                    0.0,
                    0.0,
                    0.0
                ],
                [
                    214.757,
                    147.252,
                    0.784966
                ],
                [
                    210.799,
                    151.109,
                    0.73168
                ],
                [
                    219.612,
                    183.461,
                    0.802052
                ],
                [
                    221.571,
                    215.686,
                    0.832992
                ],
                [
                    219.632,
                    145.311,
                    0.708292
                ],
                [
                    222.515,
                    183.374,
                    0.762163
                ],
                [
                    223.55,
                    209.834,
                    0.763782
                ],
                [
                    207.856,
                    79.731,
                    0.911777
                ],
                [
                    211.782,
                    76.8076,
                    0.417059
                ],
                [
                    199.05,
                    81.7215,
                    0.956553
                ],
                [
                    0.0,
                    0.0,
                    0.0
                ],
                [
                    238.219,
                    211.807,
                    0.689725
                ],
                [
                    237.209,
                    208.872,
                    0.638431
                ],
                [
                    222.524,
                    214.735,
                    0.369459
                ],
                [
                    231.345,
                    217.651,
                    0.606658
                ],
                [
                    224.538,
                    222.515,
                    0.606309
                ],
                [
                    218.634,
                    220.599,
                    0.674817
                ]
            ],
            "isKeyframe": false
        },
        {
            "bbox": [
                460.7792,
                57.52139000000001,
                525.3488,
                300.50351,
                0.78963876
            ],
            "personID": 1,
            "keypoints": [
                [
                    488.627,
                    82.6721,
                    0.884053
                ],
                [
                    495.436,
                    104.166,
                    0.857436
                ],
                [
                    473.964,
                    101.266,
                    0.832384
                ],
                [
                    466.16,
                    136.442,
                    0.836788
                ],
                [
                    471.991,
                    167.811,
                    0.881182
                ],
                [
                    513.101,
                    105.12,
                    0.855656
                ],
                [
                    519.968,
                    135.498,
                    0.852359
                ],
                [
                    519.877,
                    166.798,
                    0.843933
                ],
                [
                    494.508,
                    170.697,
                    0.726579
                ],
                [
                    481.741,
                    169.74,
                    0.752932
                ],
                [
                    475.926,
                    207.838,
                    0.818155
                ],
                [
                    474.957,
                    236.238,
                    0.817014
                ],
                [
                    505.291,
                    170.723,
                    0.737729
                ],
                [
                    507.193,
                    217.663,
                    0.834897
                ],
                [
                    505.267,
                    265.591,
                    0.813193
                ],
                [
                    483.748,
                    77.7766,
                    0.814469
                ],
                [
                    494.473,
                    78.77,
                    0.808467
                ],
                [
                    480.798,
                    77.7699,
                    0.322749
                ],
                [
                    503.262,
                    78.741,
                    0.778795
                ],
                [
                    505.252,
                    280.255,
                    0.723733
                ],
                [
                    512.111,
                    278.315,
                    0.801066
                ],
                [
                    504.282,
                    270.446,
                    0.682629
                ],
                [
                    480.83,
                    248.003,
                    0.823908
                ],
                [
                    473.965,
                    247.051,
                    0.875338
                ],
                [
                    475.919,
                    238.165,
                    0.765525
                ]
            ],
            "isKeyframe": false
        },
        {
            "bbox": [
                310.5828,
                143.0969,
                392.7732,
                262.8581,
                0.50415059375
            ],
            "personID": 2,
            "keypoints": [
                [
                    0.0,
                    0.0,
                    0.0
                ],
                [
                    337.018,
                    176.553,
                    0.852046
                ],
                [
                    353.641,
                    175.637,
                    0.858864
                ],
                [
                    372.249,
                    200.107,
                    0.82609
                ],
                [
                    385.917,
                    200.081,
                    0.372257
                ],
                [
                    321.342,
                    176.572,
                    0.733935
                ],
                [
                    0.0,
                    0.0,
                    0.0
                ],
                [
                    0.0,
                    0.0,
                    0.0
                ],
                [
                    338.943,
                    231.334,
                    0.614911
                ],
                [
                    350.687,
                    231.355,
                    0.576874
                ],
                [
                    385.924,
                    199.091,
                    0.606952
                ],
                [
                    376.123,
                    226.463,
                    0.145975
                ],
                [
                    324.308,
                    230.405,
                    0.585106
                ],
                [
                    317.432,
                    211.782,
                    0.106558
                ],
                [
                    327.215,
                    246.987,
                    0.157628
                ],
                [
                    0.0,
                    0.0,
                    0.0
                ],
                [
                    0.0,
                    0.0,
                    0.0
                ],
                [
                    347.782,
                    153.077,
                    0.871009
                ],
                [
                    328.214,
                    153.126,
                    0.480692
                ],
                [
                    0.0,
                    0.0,
                    0.0
                ],
                [
                    0.0,
                    0.0,
                    0.0
                ],
                [
                    324.288,
                    252.878,
                    0.182093
                ],
                [
                    0.0,
                    0.0,
                    0.0
                ],
                [
                    0.0,
                    0.0,
                    0.0
                ],
                [
                    375.147,
                    230.368,
                    0.0954195
                ]
            ],
            "isKeyframe": false
        },
        {
            "bbox": [
                51.03361999999999,
                165.7086,
                136.79258,
                354.6774,
                0.6069508928571429
            ],
            "personID": 3,
            "keypoints": [
                [
                    74.8702,
                    183.444,
                    0.898118
                ],
                [
                    66.9839,
                    222.54,
                    0.756063
                ],
                [
                    67.0526,
                    231.344,
                    0.767912
                ],
                [
                    107.154,
                    254.794,
                    0.797996
                ],
                [
                    98.3126,
                    235.282,
                    0.649127
                ],
                [
                    67.003,
                    211.804,
                    0.559654
                ],
                [
                    90.4904,
                    246.038,
                    0.0535305
                ],
                [
                    0.0,
                    0.0,
                    0.0
                ],
                [
                    106.14,
                    292.956,
                    0.452262
                ],
                [
                    107.118,
                    292.985,
                    0.580867
                ],
                [
                    129.646,
                    338.93,
                    0.558185
                ],
                [
                    0.0,
                    0.0,
                    0.0
                ],
                [
                    105.144,
                    292.004,
                    0.32832
                ],
                [
                    121.777,
                    334.057,
                    0.354206
                ],
                [
                    0.0,
                    0.0,
                    0.0
                ],
                [
                    69.9522,
                    181.456,
                    0.811637
                ],
                [
                    0.0,
                    0.0,
                    0.0
                ],
                [
                    58.1802,
                    191.206,
                    0.929435
                ],
                [
                    0.0,
                    0.0,
                    0.0
                ],
                [
                    0.0,
                    0.0,
                    0.0
                ],
                [
                    0.0,
                    0.0,
                    0.0
                ],
                [
                    0.0,
                    0.0,
                    0.0
                ],
                [
                    0.0,
                    0.0,
                    0.0
                ],
                [
                    0.0,
                    0.0,
                    0.0
                ],
                [
                    0.0,
                    0.0,
                    0.0
                ]
            ],
            "isKeyframe": false
        }
    ],
    "isKeyframe": false
}