{
    "filename": "images/1/002781.jpg",
    "height": 360,
    "width": 640,
    "annots": [
        {
            "bbox": [
                452.8916,
                54.212259999999986,
                517.4204,
                266.65234,
                0.82241388
            ],
            "personID": 0,
            "keypoints": [
                [
                    481.736,
                    74.8746,
                    0.898052
                ],
                [
                    482.755,
                    96.3456,
                    0.882483
                ],
                [
                    465.112,
                    96.362,
                    0.866892
                ],
                [
                    458.269,
                    129.613,
                    0.863853
                ],
                [
                    465.128,
                    159.974,
                    0.910065
                ],
                [
                    503.308,
                    95.3775,
                    0.832904
                ],
                [
                    506.259,
                    125.706,
                    0.794999
                ],
                [
                    512.043,
                    153.132,
                    0.835298
                ],
                [
                    487.634,
                    159.94,
                    0.769204
                ],
                [
                    473.978,
                    159.954,
                    0.765834
                ],
                [
                    473.925,
                    201.013,
                    0.881137
                ],
                [
                    474.965,
                    236.262,
                    0.831869
                ],
                [
                    497.443,
                    159.923,
                    0.768462
                ],
                [
                    498.402,
                    202.974,
                    0.80095
                ],
                [
                    489.576,
                    231.405,
                    0.884619
                ],
                [
                    476.896,
                    72.8493,
                    0.827966
                ],
                [
                    485.683,
                    71.9234,
                    0.834378
                ],
                [
                    472.918,
                    73.8144,
                    0.814141
                ],
                [
                    490.576,
                    71.9156,
                    0.7295
                ],
                [
                    496.428,
                    247.041,
                    0.774436
                ],
                [
                    498.422,
                    245.066,
                    0.779159
                ],
                [
                    486.658,
                    233.322,
                    0.682662
                ],
                [
                    480.814,
                    248.949,
                    0.853731
                ],
                [
                    473.962,
                    247.037,
                    0.88877
                ],
                [
                    475.901,
                    238.236,
                    0.788983
                ]
            ],
            "isKeyframe": false
        },
        {
            "bbox": [
                298.479,
                131.3899,
                420.49499999999995,
                262.8511,
                0.6300510368421053
            ],
            "personID": 1,
            "keypoints": [
                [
                    0.0,
                    0.0,
                    0.0
                ],
                [
                    341.895,
                    160.978,
                    0.880948
                ],
                [
                    361.449,
                    161.934,
                    0.818861
                ],
                [
                    372.219,
                    184.41,
                    0.938136
                ],
                [
                    372.22,
                    204.956,
                    0.824781
                ],
                [
                    324.314,
                    160.949,
                    0.844633
                ],
                [
                    308.647,
                    175.609,
                    0.0887963
                ],
                [
                    0.0,
                    0.0,
                    0.0
                ],
                [
                    339.939,
                    220.601,
                    0.649076
                ],
                [
                    353.612,
                    220.6,
                    0.589573
                ],
                [
                    392.763,
                    200.086,
                    0.821352
                ],
                [
                    393.755,
                    241.128,
                    0.834415
                ],
                [
                    325.286,
                    220.598,
                    0.569038
                ],
                [
                    318.429,
                    211.794,
                    0.0791894
                ],
                [
                    326.242,
                    243.101,
                    0.126148
                ],
                [
                    0.0,
                    0.0,
                    0.0
                ],
                [
                    0.0,
                    0.0,
                    0.0
                ],
                [
                    356.564,
                    143.328,
                    0.843647
                ],
                [
                    338.948,
                    142.345,
                    0.619718
                ],
                [
                    0.0,
                    0.0,
                    0.0
                ],
                [
                    0.0,
                    0.0,
                    0.0
                ],
                [
                    323.319,
                    251.896,
                    0.140647
                ],
                [
                    410.327,
                    239.222,
                    0.751847
                ],
                [
                    407.448,
                    244.072,
                    0.751837
                ],
                [
                    388.871,
                    246.971,
                    0.798327
                ]
            ],
            "isKeyframe": false
        },
        {
            "bbox": [
                191.84709999999998,
                61.13471000000001,
                243.45790000000002,
                237.23939,
                0.6910400739130435
            ],
            "personID": 2,
            "keypoints": [
                [
                    210.799,
                    81.6342,
                    0.866191
                ],
                [
                    200.105,
                    99.3213,
                    0.879056
                ],
                [
                    196.148,
                    104.207,
                    0.856856
                ],
                [
                    197.096,
                    130.624,
                    0.813865
                ],
                [
                    199.075,
                    152.123,
                    0.892951
                ],
                [
                    206.928,
                    97.3088,
                    0.868406
                ],
                [
                    215.676,
                    120.793,
                    0.0670069
                ],
                [
                    0.0,
                    0.0,
                    0.0
                ],
                [
                    214.755,
                    148.208,
                    0.759392
                ],
                [
                    211.793,
                    151.128,
                    0.72104
                ],
                [
                    219.626,
                    183.424,
                    0.779376
                ],
                [
                    221.593,
                    215.67,
                    0.811312
                ],
                [
                    218.639,
                    146.245,
                    0.675665
                ],
                [
                    221.578,
                    182.433,
                    0.70144
                ],
                [
                    223.564,
                    208.889,
                    0.742652
                ],
                [
                    207.865,
                    77.7903,
                    0.893253
                ],
                [
                    208.859,
                    75.8101,
                    0.0766018
                ],
                [
                    200.034,
                    81.7128,
                    0.946591
                ],
                [
                    0.0,
                    0.0,
                    0.0
                ],
                [
                    239.157,
                    212.758,
                    0.678903
                ],
                [
                    238.16,
                    208.881,
                    0.642706
                ],
                [
                    222.54,
                    214.755,
                    0.384856
                ],
                [
                    230.403,
                    219.623,
                    0.579272
                ],
                [
                    224.516,
                    222.564,
                    0.594394
                ],
                [
                    219.615,
                    220.586,
                    0.662136
                ]
            ],
            "isKeyframe": false
        },
        {
            "bbox": [
                50.26756000000001,
                162.7969,
                145.40404,
                375.28209999999996,
                0.54502020625
            ],
            "personID": 3,
            "keypoints": [
                [
                    74.8835,
                    183.438,
                    0.8994
                ],
                [
                    66.0726,
                    222.532,
                    0.756694
                ],
                [
                    67.9858,
                    231.349,
                    0.761821
                ],
                [
                    109.085,
                    254.823,
                    0.833837
                ],
                [
                    98.3428,
                    236.242,
                    0.64968
                ],
                [
                    66.0511,
                    211.783,
                    0.556162
                ],
                [
                    89.5155,
                    249.951,
                    0.0525821
                ],
                [
                    0.0,
                    0.0,
                    0.0
                ],
                [
                    105.19,
                    292.0,
                    0.476526
                ],
                [
                    107.125,
                    292.014,
                    0.581157
                ],
                [
                    129.639,
                    336.023,
                    0.552456
                ],
                [
                    137.476,
                    357.574,
                    0.059023
                ],
                [
                    102.223,
                    292.006,
                    0.353607
                ],
                [
                    120.799,
                    332.117,
                    0.380767
                ],
                [
                    130.601,
                    357.575,
                    0.0604812
                ],
                [
                    70.9163,
                    180.504,
                    0.808841
                ],
                [
                    0.0,
                    0.0,
                    0.0
                ],
                [
                    58.1956,
                    191.202,
                    0.937289
                ],
                [
                    0.0,
                    0.0,
                    0.0
                ],
                [
                    0.0,
                    0.0,
                    0.0
                ],
                [
                    0.0,
                    0.0,
                    0.0
                ],
                [
                    0.0,
                    0.0,
                    0.0
                ],
                [
                    0.0,
                    0.0,
                    0.0
                ],
                [
                    0.0,
                    0.0,
                    0.0
                ],
                [
                    0.0,
                    0.0,
                    0.0
                ]
            ],
            "isKeyframe": false
        }
    ],
    "isKeyframe": false
}