{
    "filename": "images/1/002864.jpg",
    "height": 360,
    "width": 640,
    "annots": [
        {
            "bbox": [
                176.7481,
                68.96172,
                244.85889999999998,
                245.04348,
                0.8179721249999999
            ],
            "personID": 0,
            "keypoints": [
                [
                    200.102,
                    88.5456,
                    0.915132
                ],
                [
                    193.234,
                    105.119,
                    0.911601
                ],
                [
                    183.373,
                    108.124,
                    0.852934
                ],
                [
                    182.424,
                    136.429,
                    0.861434
                ],
                [
                    186.356,
                    154.106,
                    0.765983
                ],
                [
                    206.917,
                    98.3275,
                    0.952118
                ],
                [
                    214.691,
                    120.848,
                    0.793452
                ],
                [
                    228.418,
                    125.718,
                    0.199957
                ],
                [
                    205.935,
                    153.108,
                    0.821115
                ],
                [
                    198.098,
                    155.047,
                    0.782831
                ],
                [
                    204.945,
                    190.283,
                    0.855917
                ],
                [
                    209.826,
                    221.552,
                    0.854076
                ],
                [
                    214.681,
                    152.109,
                    0.808176
                ],
                [
                    220.606,
                    183.436,
                    0.859586
                ],
                [
                    223.575,
                    212.754,
                    0.860625
                ],
                [
                    198.09,
                    84.6459,
                    0.860563
                ],
                [
                    201.063,
                    83.6352,
                    0.852331
                ],
                [
                    188.307,
                    88.5369,
                    0.852073
                ],
                [
                    0.0,
                    0.0,
                    0.0
                ],
                [
                    239.183,
                    213.725,
                    0.814446
                ],
                [
                    238.21,
                    210.821,
                    0.769823
                ],
                [
                    222.544,
                    215.692,
                    0.87708
                ],
                [
                    218.632,
                    229.405,
                    0.845095
                ],
                [
                    213.753,
                    230.37,
                    0.850939
                ],
                [
                    208.885,
                    223.503,
                    0.814044
                ]
            ],
            "isKeyframe": false
        },
        {
            "bbox": [
                481.9469999999999,
                84.82080000000002,
                550.095,
                352.4352,
                0.7341504782608695
            ],
            "personID": 1,
            "keypoints": [
                [
                    494.484,
                    114.019,
                    0.854008
                ],
                [
                    519.875,
                    137.487,
                    0.847164
                ],
                [
                    501.347,
                    135.479,
                    0.785545
                ],
                [
                    500.357,
                    173.644,
                    0.161592
                ],
                [
                    0.0,
                    0.0,
                    0.0
                ],
                [
                    535.568,
                    143.323,
                    0.802402
                ],
                [
                    544.416,
                    191.244,
                    0.860353
                ],
                [
                    536.554,
                    235.267,
                    0.841463
                ],
                [
                    512.063,
                    220.588,
                    0.639632
                ],
                [
                    498.417,
                    217.67,
                    0.618194
                ],
                [
                    497.441,
                    269.539,
                    0.836149
                ],
                [
                    503.306,
                    308.593,
                    0.881834
                ],
                [
                    521.88,
                    222.533,
                    0.59744
                ],
                [
                    515.023,
                    282.206,
                    0.777574
                ],
                [
                    520.916,
                    308.666,
                    0.843982
                ],
                [
                    490.597,
                    109.095,
                    0.287626
                ],
                [
                    497.401,
                    110.046,
                    0.849699
                ],
                [
                    0.0,
                    0.0,
                    0.0
                ],
                [
                    513.057,
                    107.122,
                    0.918231
                ],
                [
                    512.13,
                    330.134,
                    0.810845
                ],
                [
                    519.907,
                    328.189,
                    0.76525
                ],
                [
                    521.906,
                    309.633,
                    0.617375
                ],
                [
                    489.615,
                    326.225,
                    0.788166
                ],
                [
                    487.626,
                    323.289,
                    0.7271
                ],
                [
                    505.309,
                    309.601,
                    0.773837
                ]
            ],
            "isKeyframe": false
        },
        {
            "bbox": [
                51.10501,
                165.62619999999998,
                136.81009,
                355.7398,
                0.6175272785714286
            ],
            "personID": 2,
            "keypoints": [
                [
                    74.8868,
                    183.449,
                    0.904809
                ],
                [
                    66.0695,
                    222.53,
                    0.756981
                ],
                [
                    68.0149,
                    231.362,
                    0.751273
                ],
                [
                    107.132,
                    254.885,
                    0.812983
                ],
                [
                    97.3742,
                    235.275,
                    0.654351
                ],
                [
                    66.0077,
                    209.836,
                    0.548239
                ],
                [
                    91.4563,
                    238.209,
                    0.0615499
                ],
                [
                    0.0,
                    0.0,
                    0.0
                ],
                [
                    106.13,
                    292.988,
                    0.485634
                ],
                [
                    107.123,
                    293.942,
                    0.607348
                ],
                [
                    129.668,
                    339.897,
                    0.589332
                ],
                [
                    0.0,
                    0.0,
                    0.0
                ],
                [
                    104.188,
                    292.983,
                    0.346746
                ],
                [
                    121.803,
                    335.052,
                    0.381763
                ],
                [
                    0.0,
                    0.0,
                    0.0
                ],
                [
                    69.9675,
                    181.469,
                    0.792478
                ],
                [
                    0.0,
                    0.0,
                    0.0
                ],
                [
                    58.2471,
                    191.242,
                    0.951895
                ],
                [
                    0.0,
                    0.0,
                    0.0
                ],
                [
                    0.0,
                    0.0,
                    0.0
                ],
                [
                    0.0,
                    0.0,
                    0.0
                ],
                [
                    0.0,
                    0.0,
                    0.0
                ],
                [
                    0.0,
                    0.0,
                    0.0
                ],
                [
                    0.0,
                    0.0,
                    0.0
                ],
                [
                    0.0,
                    0.0,
                    0.0
                ]
            ],
            "isKeyframe": false
        },
        {
            "bbox": [
                284.481,
                167.3671,
                386.601,
                254.2579,
                0.4248880625
            ],
            "personID": 3,
            "keypoints": [
                [
                    0.0,
                    0.0,
                    0.0
                ],
                [
                    361.445,
                    199.106,
                    0.724595
                ],
                [
                    378.064,
                    200.062,
                    0.5845
                ],
                [
                    0.0,
                    0.0,
                    0.0
                ],
                [
                    0.0,
                    0.0,
                    0.0
                ],
                [
                    341.918,
                    199.056,
                    0.705082
                ],
                [
                    318.404,
                    215.704,
                    0.628955
                ],
                [
                    304.717,
                    212.767,
                    0.44859
                ],
                [
                    339.938,
                    245.024,
                    0.526563
                ],
                [
                    353.614,
                    247.017,
                    0.502759
                ],
                [
                    324.305,
                    193.224,
                    0.15385
                ],
                [
                    295.905,
                    191.236,
                    0.281757
                ],
                [
                    326.239,
                    240.151,
                    0.557314
                ],
                [
                    301.78,
                    212.769,
                    0.205895
                ],
                [
                    0.0,
                    0.0,
                    0.0
                ],
                [
                    0.0,
                    0.0,
                    0.0
                ],
                [
                    0.0,
                    0.0,
                    0.0
                ],
                [
                    378.091,
                    176.581,
                    0.286075
                ],
                [
                    356.546,
                    174.608,
                    0.37687
                ],
                [
                    0.0,
                    0.0,
                    0.0
                ],
                [
                    0.0,
                    0.0,
                    0.0
                ],
                [
                    0.0,
                    0.0,
                    0.0
                ],
                [
                    292.991,
                    180.501,
                    0.239598
                ],
                [
                    293.012,
                    183.423,
                    0.246884
                ],
                [
                    293.992,
                    191.223,
                    0.328922
                ]
            ],
            "isKeyframe": false
        }
    ],
    "isKeyframe": false
}