{
    "filename": "images/1/002825.jpg",
    "height": 360,
    "width": 640,
    "annots": [
        {
            "bbox": [
                180.1155,
                62.709860000000006,
                243.50549999999998,
                243.49874,
                0.8238591666666667
            ],
            "personID": 0,
            "keypoints": [
                [
                    214.693,
                    81.7035,
                    0.950411
                ],
                [
                    205.894,
                    98.3476,
                    0.909006
                ],
                [
                    192.238,
                    101.259,
                    0.867325
                ],
                [
                    185.398,
                    127.667,
                    0.853128
                ],
                [
                    192.208,
                    151.127,
                    0.838133
                ],
                [
                    215.733,
                    97.3431,
                    0.949637
                ],
                [
                    222.504,
                    121.788,
                    0.765352
                ],
                [
                    228.409,
                    144.274,
                    0.404858
                ],
                [
                    208.87,
                    148.204,
                    0.770798
                ],
                [
                    201.06,
                    150.161,
                    0.760828
                ],
                [
                    208.89,
                    184.378,
                    0.882777
                ],
                [
                    212.78,
                    218.645,
                    0.822703
                ],
                [
                    216.689,
                    146.256,
                    0.774557
                ],
                [
                    221.584,
                    182.454,
                    0.840466
                ],
                [
                    223.586,
                    210.803,
                    0.856762
                ],
                [
                    208.879,
                    78.7737,
                    0.880306
                ],
                [
                    215.657,
                    77.7756,
                    0.856473
                ],
                [
                    200.09,
                    81.6677,
                    0.947101
                ],
                [
                    0.0,
                    0.0,
                    0.0
                ],
                [
                    238.223,
                    213.736,
                    0.813289
                ],
                [
                    238.171,
                    210.818,
                    0.7604
                ],
                [
                    222.553,
                    214.734,
                    0.854521
                ],
                [
                    221.571,
                    227.436,
                    0.82328
                ],
                [
                    215.671,
                    228.433,
                    0.82387
                ],
                [
                    210.826,
                    222.527,
                    0.766639
                ]
            ],
            "isKeyframe": false
        },
        {
            "bbox": [
                487.06080000000003,
                70.33814000000002,
                552.7752,
                312.14126,
                0.74864775
            ],
            "personID": 1,
            "keypoints": [
                [
                    505.247,
                    97.319,
                    0.912423
                ],
                [
                    519.936,
                    119.833,
                    0.894022
                ],
                [
                    498.412,
                    112.98,
                    0.862381
                ],
                [
                    496.476,
                    148.218,
                    0.589869
                ],
                [
                    492.537,
                    178.533,
                    0.577433
                ],
                [
                    539.477,
                    124.725,
                    0.765481
                ],
                [
                    547.299,
                    167.783,
                    0.790218
                ],
                [
                    540.456,
                    205.908,
                    0.807965
                ],
                [
                    512.112,
                    192.22,
                    0.768755
                ],
                [
                    498.405,
                    191.233,
                    0.727509
                ],
                [
                    497.436,
                    239.157,
                    0.874045
                ],
                [
                    497.399,
                    279.323,
                    0.772862
                ],
                [
                    524.811,
                    193.221,
                    0.669915
                ],
                [
                    519.906,
                    238.195,
                    0.892225
                ],
                [
                    506.224,
                    270.485,
                    0.855594
                ],
                [
                    504.264,
                    90.4884,
                    0.808988
                ],
                [
                    511.135,
                    92.4634,
                    0.837667
                ],
                [
                    0.0,
                    0.0,
                    0.0
                ],
                [
                    525.801,
                    92.4477,
                    0.84331
                ],
                [
                    508.175,
                    288.075,
                    0.677346
                ],
                [
                    513.052,
                    286.145,
                    0.71477
                ],
                [
                    504.299,
                    272.43,
                    0.650234
                ],
                [
                    505.244,
                    291.991,
                    0.564667
                ],
                [
                    496.467,
                    291.985,
                    0.52052
                ],
                [
                    498.4,
                    284.194,
                    0.589347
                ]
            ],
            "isKeyframe": false
        },
        {
            "bbox": [
                51.01939000000001,
                166.6628,
                136.81350999999998,
                355.6532,
                0.6108416071428573
            ],
            "personID": 2,
            "keypoints": [
                [
                    74.8367,
                    184.361,
                    0.91837
                ],
                [
                    66.0637,
                    222.517,
                    0.75636
                ],
                [
                    67.0258,
                    231.347,
                    0.778906
                ],
                [
                    107.128,
                    253.873,
                    0.79521
                ],
                [
                    97.3539,
                    233.315,
                    0.600114
                ],
                [
                    66.0426,
                    210.802,
                    0.565929
                ],
                [
                    90.5158,
                    235.282,
                    0.0515115
                ],
                [
                    0.0,
                    0.0,
                    0.0
                ],
                [
                    106.166,
                    292.98,
                    0.456568
                ],
                [
                    107.145,
                    293.943,
                    0.585585
                ],
                [
                    129.664,
                    339.904,
                    0.576374
                ],
                [
                    0.0,
                    0.0,
                    0.0
                ],
                [
                    105.177,
                    292.972,
                    0.331819
                ],
                [
                    121.804,
                    336.011,
                    0.363554
                ],
                [
                    0.0,
                    0.0,
                    0.0
                ],
                [
                    68.9792,
                    182.412,
                    0.833048
                ],
                [
                    0.0,
                    0.0,
                    0.0
                ],
                [
                    58.1689,
                    191.225,
                    0.938434
                ],
                [
                    0.0,
                    0.0,
                    0.0
                ],
                [
                    0.0,
                    0.0,
                    0.0
                ],
                [
                    0.0,
                    0.0,
                    0.0
                ],
                [
                    0.0,
                    0.0,
                    0.0
                ],
                [
                    0.0,
                    0.0,
                    0.0
                ],
                [
                    0.0,
                    0.0,
                    0.0
                ],
                [
                    0.0,
                    0.0,
                    0.0
                ]
            ],
            "isKeyframe": false
        },
        {
            "bbox": [
                302.0775,
                172.8566,
                392.4435,
                264.40939999999995,
                0.48407833333333333
            ],
            "personID": 3,
            "keypoints": [
                [
                    0.0,
                    0.0,
                    0.0
                ],
                [
                    333.065,
                    200.097,
                    0.82751
                ],
                [
                    353.618,
                    199.091,
                    0.830103
                ],
                [
                    379.015,
                    215.702,
                    0.749594
                ],
                [
                    372.263,
                    199.112,
                    0.765908
                ],
                [
                    312.536,
                    203.963,
                    0.616189
                ],
                [
                    309.608,
                    223.513,
                    0.125602
                ],
                [
                    0.0,
                    0.0,
                    0.0
                ],
                [
                    340.887,
                    240.163,
                    0.61748
                ],
                [
                    353.634,
                    239.177,
                    0.589171
                ],
                [
                    376.126,
                    212.76,
                    0.309158
                ],
                [
                    380.044,
                    223.555,
                    0.388172
                ],
                [
                    328.191,
                    243.081,
                    0.544071
                ],
                [
                    321.359,
                    223.563,
                    0.145017
                ],
                [
                    337.965,
                    256.78,
                    0.226237
                ],
                [
                    0.0,
                    0.0,
                    0.0
                ],
                [
                    0.0,
                    0.0,
                    0.0
                ],
                [
                    339.967,
                    180.486,
                    0.623566
                ],
                [
                    317.421,
                    182.418,
                    0.444816
                ],
                [
                    0.0,
                    0.0,
                    0.0
                ],
                [
                    0.0,
                    0.0,
                    0.0
                ],
                [
                    0.0,
                    0.0,
                    0.0
                ],
                [
                    382.968,
                    223.49,
                    0.274817
                ],
                [
                    384.913,
                    223.556,
                    0.25855
                ],
                [
                    380.018,
                    225.483,
                    0.377449
                ]
            ],
            "isKeyframe": false
        }
    ],
    "isKeyframe": false
}