{
    "filename": "images/1/002807.jpg",
    "height": 360,
    "width": 640,
    "annots": [
        {
            "bbox": [
                186.43949999999998,
                62.11981999999999,
                243.93749999999997,
                238.21238,
                0.7624849583333333
            ],
            "personID": 0,
            "keypoints": [
                [
                    213.734,
                    81.6742,
                    0.911294
                ],
                [
                    204.934,
                    98.3365,
                    0.895303
                ],
                [
                    193.197,
                    103.209,
                    0.850235
                ],
                [
                    191.231,
                    129.587,
                    0.915747
                ],
                [
                    198.071,
                    152.108,
                    0.838771
                ],
                [
                    214.733,
                    96.351,
                    0.911195
                ],
                [
                    221.55,
                    119.826,
                    0.341226
                ],
                [
                    230.369,
                    139.392,
                    0.189672
                ],
                [
                    214.702,
                    149.173,
                    0.793962
                ],
                [
                    206.931,
                    151.137,
                    0.807551
                ],
                [
                    217.652,
                    183.415,
                    0.838966
                ],
                [
                    221.567,
                    215.7,
                    0.845235
                ],
                [
                    221.573,
                    146.249,
                    0.766412
                ],
                [
                    222.581,
                    182.434,
                    0.800683
                ],
                [
                    224.537,
                    209.822,
                    0.792639
                ],
                [
                    207.907,
                    78.7568,
                    0.914887
                ],
                [
                    214.68,
                    76.7942,
                    0.789652
                ],
                [
                    199.098,
                    81.681,
                    0.978631
                ],
                [
                    0.0,
                    0.0,
                    0.0
                ],
                [
                    239.146,
                    213.741,
                    0.788109
                ],
                [
                    238.171,
                    210.8,
                    0.744848
                ],
                [
                    223.544,
                    214.718,
                    0.470892
                ],
                [
                    229.398,
                    222.541,
                    0.701096
                ],
                [
                    223.539,
                    223.538,
                    0.72523
                ],
                [
                    219.609,
                    220.583,
                    0.687403
                ]
            ],
            "isKeyframe": false
        },
        {
            "bbox": [
                467.65540000000004,
                61.00821000000002,
                542.7826000000001,
                308.73489,
                0.7929425240000001
            ],
            "personID": 1,
            "keypoints": [
                [
                    502.316,
                    90.479,
                    0.848144
                ],
                [
                    510.15,
                    108.125,
                    0.83515
                ],
                [
                    489.569,
                    105.168,
                    0.901938
                ],
                [
                    480.831,
                    137.431,
                    0.928071
                ],
                [
                    473.916,
                    168.776,
                    0.930786
                ],
                [
                    528.765,
                    113.021,
                    0.858229
                ],
                [
                    536.522,
                    147.24,
                    0.819632
                ],
                [
                    535.569,
                    182.453,
                    0.886174
                ],
                [
                    505.21,
                    178.55,
                    0.740289
                ],
                [
                    490.57,
                    177.552,
                    0.73039
                ],
                [
                    487.664,
                    222.508,
                    0.855318
                ],
                [
                    481.759,
                    238.166,
                    0.878084
                ],
                [
                    518.944,
                    181.447,
                    0.701375
                ],
                [
                    514.094,
                    228.43,
                    0.825966
                ],
                [
                    506.235,
                    270.493,
                    0.830558
                ],
                [
                    497.475,
                    83.6438,
                    0.858116
                ],
                [
                    506.265,
                    87.5611,
                    0.809282
                ],
                [
                    495.472,
                    81.6521,
                    0.0760141
                ],
                [
                    518.959,
                    83.646,
                    0.830337
                ],
                [
                    504.288,
                    288.091,
                    0.803037
                ],
                [
                    512.058,
                    286.153,
                    0.806797
                ],
                [
                    504.29,
                    273.43,
                    0.68743
                ],
                [
                    481.833,
                    252.843,
                    0.866345
                ],
                [
                    477.857,
                    248.962,
                    0.819978
                ],
                [
                    481.794,
                    236.24,
                    0.696123
                ]
            ],
            "isKeyframe": false
        },
        {
            "bbox": [
                51.02359000000001,
                165.81019999999998,
                136.79131,
                353.64379999999994,
                0.6057191357142857
            ],
            "personID": 2,
            "keypoints": [
                [
                    74.8618,
                    183.448,
                    0.900743
                ],
                [
                    66.9844,
                    222.534,
                    0.752777
                ],
                [
                    67.0486,
                    231.346,
                    0.765669
                ],
                [
                    107.142,
                    254.797,
                    0.796241
                ],
                [
                    98.3144,
                    235.257,
                    0.621236
                ],
                [
                    66.0662,
                    210.829,
                    0.560266
                ],
                [
                    90.5287,
                    234.308,
                    0.0538689
                ],
                [
                    0.0,
                    0.0,
                    0.0
                ],
                [
                    106.149,
                    292.955,
                    0.454616
                ],
                [
                    107.12,
                    292.989,
                    0.585501
                ],
                [
                    129.644,
                    337.991,
                    0.554448
                ],
                [
                    0.0,
                    0.0,
                    0.0
                ],
                [
                    105.158,
                    292.003,
                    0.329943
                ],
                [
                    121.776,
                    333.106,
                    0.354849
                ],
                [
                    0.0,
                    0.0,
                    0.0
                ],
                [
                    69.9468,
                    181.463,
                    0.812376
                ],
                [
                    0.0,
                    0.0,
                    0.0
                ],
                [
                    58.1709,
                    191.221,
                    0.937534
                ],
                [
                    0.0,
                    0.0,
                    0.0
                ],
                [
                    0.0,
                    0.0,
                    0.0
                ],
                [
                    0.0,
                    0.0,
                    0.0
                ],
                [
                    0.0,
                    0.0,
                    0.0
                ],
                [
                    0.0,
                    0.0,
                    0.0
                ],
                [
                    0.0,
                    0.0,
                    0.0
                ],
                [
                    0.0,
                    0.0,
                    0.0
                ]
            ],
            "isKeyframe": false
        },
        {
            "bbox": [
                307.93839999999994,
                157.7982,
                386.5936,
                265.7958,
                0.45614689444444445
            ],
            "personID": 3,
            "keypoints": [
                [
                    0.0,
                    0.0,
                    0.0
                ],
                [
                    331.131,
                    191.205,
                    0.782303
                ],
                [
                    347.762,
                    188.306,
                    0.792208
                ],
                [
                    376.133,
                    207.936,
                    0.763799
                ],
                [
                    379.056,
                    200.066,
                    0.807733
                ],
                [
                    314.493,
                    191.267,
                    0.6608
                ],
                [
                    0.0,
                    0.0,
                    0.0
                ],
                [
                    0.0,
                    0.0,
                    0.0
                ],
                [
                    340.907,
                    238.167,
                    0.613984
                ],
                [
                    354.617,
                    235.276,
                    0.585402
                ],
                [
                    380.039,
                    211.794,
                    0.54198
                ],
                [
                    371.21,
                    223.544,
                    0.132314
                ],
                [
                    327.224,
                    239.164,
                    0.563883
                ],
                [
                    321.343,
                    215.718,
                    0.156652
                ],
                [
                    329.163,
                    253.841,
                    0.339867
                ],
                [
                    0.0,
                    0.0,
                    0.0
                ],
                [
                    0.0,
                    0.0,
                    0.0
                ],
                [
                    339.943,
                    166.798,
                    0.743958
                ],
                [
                    319.403,
                    167.757,
                    0.312907
                ],
                [
                    317.441,
                    255.809,
                    0.0761971
                ],
                [
                    317.467,
                    256.796,
                    0.11529
                ],
                [
                    0.0,
                    0.0,
                    0.0
                ],
                [
                    371.247,
                    229.377,
                    0.090319
                ],
                [
                    0.0,
                    0.0,
                    0.0
                ],
                [
                    371.223,
                    223.524,
                    0.131048
                ]
            ],
            "isKeyframe": false
        }
    ],
    "isKeyframe": false
}