{
    "filename": "images/1/002812.jpg",
    "height": 360,
    "width": 640,
    "annots": [
        {
            "bbox": [
                185.4952,
                63.19496000000001,
                243.0328,
                238.10263999999998,
                0.754404875
            ],
            "personID": 0,
            "keypoints": [
                [
                    213.734,
                    81.7035,
                    0.919586
                ],
                [
                    204.939,
                    98.3276,
                    0.899969
                ],
                [
                    192.252,
                    103.205,
                    0.861097
                ],
                [
                    190.29,
                    129.59,
                    0.899547
                ],
                [
                    195.157,
                    152.075,
                    0.819935
                ],
                [
                    215.657,
                    96.349,
                    0.917338
                ],
                [
                    220.576,
                    119.818,
                    0.441428
                ],
                [
                    228.418,
                    137.44,
                    0.132571
                ],
                [
                    213.725,
                    147.217,
                    0.77139
                ],
                [
                    206.856,
                    149.2,
                    0.756197
                ],
                [
                    215.741,
                    183.41,
                    0.846625
                ],
                [
                    221.558,
                    215.694,
                    0.82524
                ],
                [
                    220.579,
                    145.283,
                    0.760765
                ],
                [
                    222.543,
                    181.453,
                    0.760243
                ],
                [
                    224.519,
                    208.87,
                    0.788833
                ],
                [
                    207.916,
                    79.7165,
                    0.91345
                ],
                [
                    214.701,
                    77.7706,
                    0.828788
                ],
                [
                    199.118,
                    81.6801,
                    0.970849
                ],
                [
                    0.0,
                    0.0,
                    0.0
                ],
                [
                    238.238,
                    213.724,
                    0.767186
                ],
                [
                    238.156,
                    209.848,
                    0.71524
                ],
                [
                    223.54,
                    214.704,
                    0.473549
                ],
                [
                    228.441,
                    222.536,
                    0.669636
                ],
                [
                    223.533,
                    223.527,
                    0.688706
                ],
                [
                    219.619,
                    220.578,
                    0.677549
                ]
            ],
            "isKeyframe": false
        },
        {
            "bbox": [
                469.2504,
                62.12626999999999,
                549.0336,
                308.62343,
                0.8112375000000002
            ],
            "personID": 1,
            "keypoints": [
                [
                    504.315,
                    89.484,
                    0.896295
                ],
                [
                    513.11,
                    112.01,
                    0.899426
                ],
                [
                    493.523,
                    106.105,
                    0.848061
                ],
                [
                    483.741,
                    137.48,
                    0.842368
                ],
                [
                    475.899,
                    169.746,
                    0.824187
                ],
                [
                    535.552,
                    114.987,
                    0.834945
                ],
                [
                    542.385,
                    152.135,
                    0.792205
                ],
                [
                    538.519,
                    185.39,
                    0.792004
                ],
                [
                    507.193,
                    180.473,
                    0.720474
                ],
                [
                    495.473,
                    177.565,
                    0.727475
                ],
                [
                    489.572,
                    223.55,
                    0.809033
                ],
                [
                    487.628,
                    245.039,
                    0.842941
                ],
                [
                    519.966,
                    182.436,
                    0.767864
                ],
                [
                    516.994,
                    230.37,
                    0.849753
                ],
                [
                    506.243,
                    270.451,
                    0.833733
                ],
                [
                    503.277,
                    82.6677,
                    0.814832
                ],
                [
                    511.118,
                    85.5956,
                    0.795611
                ],
                [
                    0.0,
                    0.0,
                    0.0
                ],
                [
                    520.941,
                    86.579,
                    0.827827
                ],
                [
                    505.211,
                    288.082,
                    0.79041
                ],
                [
                    512.077,
                    286.141,
                    0.794174
                ],
                [
                    504.285,
                    271.476,
                    0.737414
                ],
                [
                    482.786,
                    259.736,
                    0.857684
                ],
                [
                    478.844,
                    254.876,
                    0.825085
                ],
                [
                    488.637,
                    244.084,
                    0.745899
                ]
            ],
            "isKeyframe": false
        },
        {
            "bbox": [
                303.92289999999997,
                162.19369999999998,
                395.4961,
                252.5813,
                0.5258120749999999
            ],
            "personID": 2,
            "keypoints": [
                [
                    0.0,
                    0.0,
                    0.0
                ],
                [
                    331.122,
                    195.146,
                    0.785903
                ],
                [
                    348.761,
                    192.27,
                    0.840313
                ],
                [
                    377.082,
                    213.765,
                    0.751979
                ],
                [
                    379.067,
                    202.021,
                    0.825016
                ],
                [
                    311.554,
                    198.075,
                    0.673123
                ],
                [
                    0.0,
                    0.0,
                    0.0
                ],
                [
                    0.0,
                    0.0,
                    0.0
                ],
                [
                    340.914,
                    242.105,
                    0.62689
                ],
                [
                    354.624,
                    239.194,
                    0.605922
                ],
                [
                    372.225,
                    214.705,
                    0.262206
                ],
                [
                    379.066,
                    224.508,
                    0.296885
                ],
                [
                    328.203,
                    245.049,
                    0.579395
                ],
                [
                    320.364,
                    220.592,
                    0.0702192
                ],
                [
                    0.0,
                    0.0,
                    0.0
                ],
                [
                    0.0,
                    0.0,
                    0.0
                ],
                [
                    0.0,
                    0.0,
                    0.0
                ],
                [
                    339.898,
                    169.726,
                    0.793033
                ],
                [
                    317.437,
                    171.696,
                    0.388949
                ],
                [
                    0.0,
                    0.0,
                    0.0
                ],
                [
                    0.0,
                    0.0,
                    0.0
                ],
                [
                    0.0,
                    0.0,
                    0.0
                ],
                [
                    386.861,
                    216.702,
                    0.299129
                ],
                [
                    387.865,
                    217.661,
                    0.29829
                ],
                [
                    379.053,
                    228.405,
                    0.315741
                ]
            ],
            "isKeyframe": false
        },
        {
            "bbox": [
                51.02452,
                165.82350000000002,
                136.79668,
                353.6415,
                0.6100215071428572
            ],
            "personID": 3,
            "keypoints": [
                [
                    74.8615,
                    183.457,
                    0.90895
                ],
                [
                    66.9813,
                    222.534,
                    0.754713
                ],
                [
                    67.0443,
                    231.344,
                    0.768243
                ],
                [
                    106.183,
                    253.886,
                    0.800577
                ],
                [
                    97.3757,
                    233.312,
                    0.610885
                ],
                [
                    66.9917,
                    211.784,
                    0.564318
                ],
                [
                    91.4706,
                    233.327,
                    0.0670441
                ],
                [
                    0.0,
                    0.0,
                    0.0
                ],
                [
                    106.141,
                    292.961,
                    0.464507
                ],
                [
                    107.115,
                    292.993,
                    0.590568
                ],
                [
                    129.649,
                    337.99,
                    0.555557
                ],
                [
                    0.0,
                    0.0,
                    0.0
                ],
                [
                    105.151,
                    292.011,
                    0.336862
                ],
                [
                    121.779,
                    333.104,
                    0.361359
                ],
                [
                    0.0,
                    0.0,
                    0.0
                ],
                [
                    69.9463,
                    181.475,
                    0.817251
                ],
                [
                    0.0,
                    0.0,
                    0.0
                ],
                [
                    58.1722,
                    191.221,
                    0.939467
                ],
                [
                    0.0,
                    0.0,
                    0.0
                ],
                [
                    0.0,
                    0.0,
                    0.0
                ],
                [
                    0.0,
                    0.0,
                    0.0
                ],
                [
                    0.0,
                    0.0,
                    0.0
                ],
                [
                    0.0,
                    0.0,
                    0.0
                ],
                [
                    0.0,
                    0.0,
                    0.0
                ],
                [
                    0.0,
                    0.0,
                    0.0
                ]
            ],
            "isKeyframe": false
        }
    ],
    "isKeyframe": false
}