{
    "filename": "images/1/002820.jpg",
    "height": 360,
    "width": 640,
    "annots": [
        {
            "bbox": [
                181.1909,
                62.904950000000014,
                243.4241,
                241.32755,
                0.8098840416666667
            ],
            "personID": 0,
            "keypoints": [
                [
                    214.694,
                    81.7005,
                    0.948109
                ],
                [
                    205.905,
                    98.3325,
                    0.918545
                ],
                [
                    192.253,
                    101.243,
                    0.863185
                ],
                [
                    186.377,
                    128.603,
                    0.835343
                ],
                [
                    192.195,
                    152.079,
                    0.855865
                ],
                [
                    215.736,
                    97.3233,
                    0.947561
                ],
                [
                    221.552,
                    120.828,
                    0.680478
                ],
                [
                    225.484,
                    142.323,
                    0.187732
                ],
                [
                    208.887,
                    150.152,
                    0.773741
                ],
                [
                    202.006,
                    151.157,
                    0.774376
                ],
                [
                    212.756,
                    184.385,
                    0.85318
                ],
                [
                    214.76,
                    217.647,
                    0.886426
                ],
                [
                    216.693,
                    147.244,
                    0.76188
                ],
                [
                    222.532,
                    182.415,
                    0.838669
                ],
                [
                    224.517,
                    209.842,
                    0.837305
                ],
                [
                    208.884,
                    79.7078,
                    0.877499
                ],
                [
                    215.66,
                    77.7735,
                    0.856185
                ],
                [
                    200.101,
                    81.6636,
                    0.939441
                ],
                [
                    0.0,
                    0.0,
                    0.0
                ],
                [
                    238.238,
                    213.767,
                    0.819871
                ],
                [
                    238.173,
                    211.774,
                    0.744639
                ],
                [
                    223.506,
                    214.706,
                    0.812055
                ],
                [
                    224.543,
                    223.564,
                    0.828648
                ],
                [
                    221.545,
                    226.459,
                    0.777974
                ],
                [
                    214.689,
                    221.59,
                    0.81851
                ]
            ],
            "isKeyframe": false
        },
        {
            "bbox": [
                477.58320000000003,
                68.40735999999998,
                551.5248000000001,
                310.21024,
                0.800401875
            ],
            "personID": 1,
            "keypoints": [
                [
                    505.252,
                    94.4029,
                    0.872472
                ],
                [
                    518.945,
                    114.944,
                    0.87296
                ],
                [
                    497.439,
                    110.047,
                    0.858132
                ],
                [
                    493.51,
                    143.298,
                    0.79164
                ],
                [
                    488.601,
                    175.55,
                    0.859984
                ],
                [
                    537.536,
                    121.767,
                    0.835838
                ],
                [
                    545.363,
                    163.862,
                    0.746786
                ],
                [
                    542.392,
                    201.021,
                    0.827855
                ],
                [
                    511.086,
                    188.303,
                    0.706738
                ],
                [
                    497.389,
                    185.398,
                    0.753479
                ],
                [
                    496.447,
                    231.402,
                    0.83489
                ],
                [
                    493.525,
                    269.484,
                    0.773675
                ],
                [
                    521.868,
                    191.211,
                    0.715103
                ],
                [
                    519.869,
                    235.282,
                    0.826814
                ],
                [
                    506.214,
                    271.484,
                    0.831984
                ],
                [
                    504.243,
                    88.5576,
                    0.858683
                ],
                [
                    512.064,
                    90.4849,
                    0.885388
                ],
                [
                    0.0,
                    0.0,
                    0.0
                ],
                [
                    525.797,
                    90.5245,
                    0.890499
                ],
                [
                    504.297,
                    290.06,
                    0.795443
                ],
                [
                    512.091,
                    287.112,
                    0.796929
                ],
                [
                    504.269,
                    276.363,
                    0.728842
                ],
                [
                    489.6,
                    287.138,
                    0.773176
                ],
                [
                    483.745,
                    285.172,
                    0.691537
                ],
                [
                    495.44,
                    271.455,
                    0.680798
                ]
            ],
            "isKeyframe": false
        },
        {
            "bbox": [
                51.01801000000001,
                166.66029999999998,
                136.81909000000002,
                355.66869999999994,
                0.6129507214285714
            ],
            "personID": 2,
            "keypoints": [
                [
                    74.8357,
                    184.36,
                    0.918604
                ],
                [
                    66.0615,
                    222.515,
                    0.757636
                ],
                [
                    67.0261,
                    231.348,
                    0.779279
                ],
                [
                    107.122,
                    253.873,
                    0.792683
                ],
                [
                    97.3504,
                    233.316,
                    0.602663
                ],
                [
                    66.0315,
                    209.845,
                    0.573088
                ],
                [
                    90.5091,
                    235.283,
                    0.0520301
                ],
                [
                    0.0,
                    0.0,
                    0.0
                ],
                [
                    106.172,
                    292.979,
                    0.459984
                ],
                [
                    107.154,
                    293.941,
                    0.587605
                ],
                [
                    129.669,
                    339.918,
                    0.583999
                ],
                [
                    0.0,
                    0.0,
                    0.0
                ],
                [
                    105.178,
                    292.974,
                    0.335097
                ],
                [
                    121.802,
                    336.031,
                    0.371671
                ],
                [
                    0.0,
                    0.0,
                    0.0
                ],
                [
                    68.9765,
                    182.411,
                    0.830797
                ],
                [
                    0.0,
                    0.0,
                    0.0
                ],
                [
                    58.1681,
                    191.224,
                    0.936174
                ],
                [
                    0.0,
                    0.0,
                    0.0
                ],
                [
                    0.0,
                    0.0,
                    0.0
                ],
                [
                    0.0,
                    0.0,
                    0.0
                ],
                [
                    0.0,
                    0.0,
                    0.0
                ],
                [
                    0.0,
                    0.0,
                    0.0
                ],
                [
                    0.0,
                    0.0,
                    0.0
                ],
                [
                    0.0,
                    0.0,
                    0.0
                ]
            ],
            "isKeyframe": false
        },
        {
            "bbox": [
                294.672,
                169.5343,
                392.06399999999996,
                265.7707,
                0.5096730999999999
            ],
            "personID": 3,
            "keypoints": [
                [
                    0.0,
                    0.0,
                    0.0
                ],
                [
                    330.15,
                    200.032,
                    0.829553
                ],
                [
                    348.763,
                    198.109,
                    0.840363
                ],
                [
                    378.087,
                    216.672,
                    0.734011
                ],
                [
                    376.145,
                    201.997,
                    0.769629
                ],
                [
                    309.645,
                    202.003,
                    0.668807
                ],
                [
                    302.788,
                    215.708,
                    0.1117
                ],
                [
                    0.0,
                    0.0,
                    0.0
                ],
                [
                    340.952,
                    244.053,
                    0.642621
                ],
                [
                    355.549,
                    240.15,
                    0.636491
                ],
                [
                    375.153,
                    214.737,
                    0.57287
                ],
                [
                    382.975,
                    223.506,
                    0.354259
                ],
                [
                    331.114,
                    246.052,
                    0.629799
                ],
                [
                    328.199,
                    230.376,
                    0.0922447
                ],
                [
                    338.957,
                    257.751,
                    0.213006
                ],
                [
                    0.0,
                    0.0,
                    0.0
                ],
                [
                    0.0,
                    0.0,
                    0.0
                ],
                [
                    337.991,
                    177.554,
                    0.631138
                ],
                [
                    316.423,
                    177.582,
                    0.357612
                ],
                [
                    0.0,
                    0.0,
                    0.0
                ],
                [
                    0.0,
                    0.0,
                    0.0
                ],
                [
                    0.0,
                    0.0,
                    0.0
                ],
                [
                    383.948,
                    220.576,
                    0.21332
                ],
                [
                    0.0,
                    0.0,
                    0.0
                ],
                [
                    381.046,
                    224.539,
                    0.367019
                ]
            ],
            "isKeyframe": false
        }
    ],
    "isKeyframe": false
}