{
    "filename": "images/1/002784.jpg",
    "height": 360,
    "width": 640,
    "annots": [
        {
            "bbox": [
                454.0153,
                54.69379000000002,
                517.3957,
                272.99911,
                0.8190165599999999
            ],
            "personID": 0,
            "keypoints": [
                [
                    481.741,
                    75.8432,
                    0.862706
                ],
                [
                    485.669,
                    97.2964,
                    0.872011
                ],
                [
                    465.18,
                    97.3221,
                    0.888166
                ],
                [
                    459.297,
                    129.603,
                    0.82621
                ],
                [
                    466.128,
                    159.979,
                    0.931054
                ],
                [
                    504.311,
                    96.3697,
                    0.877974
                ],
                [
                    510.129,
                    124.722,
                    0.798064
                ],
                [
                    512.114,
                    153.075,
                    0.857644
                ],
                [
                    488.615,
                    160.923,
                    0.803433
                ],
                [
                    474.951,
                    160.929,
                    0.747448
                ],
                [
                    473.962,
                    202.016,
                    0.845166
                ],
                [
                    474.926,
                    237.213,
                    0.857235
                ],
                [
                    498.444,
                    160.905,
                    0.742681
                ],
                [
                    501.337,
                    206.89,
                    0.827403
                ],
                [
                    494.496,
                    239.196,
                    0.838851
                ],
                [
                    476.891,
                    72.8859,
                    0.832054
                ],
                [
                    486.652,
                    73.8108,
                    0.848315
                ],
                [
                    472.967,
                    73.8331,
                    0.736402
                ],
                [
                    491.565,
                    72.8915,
                    0.792527
                ],
                [
                    498.391,
                    254.807,
                    0.739204
                ],
                [
                    503.31,
                    252.877,
                    0.790578
                ],
                [
                    489.605,
                    240.196,
                    0.71785
                ],
                [
                    481.789,
                    248.004,
                    0.837741
                ],
                [
                    474.924,
                    247.054,
                    0.841208
                ],
                [
                    474.916,
                    239.162,
                    0.763489
                ]
            ],
            "isKeyframe": false
        },
        {
            "bbox": [
                191.93370000000002,
                62.213729999999984,
                242.4453,
                237.09656999999999,
                0.6924111304347826
            ],
            "personID": 1,
            "keypoints": [
                [
                    210.834,
                    81.6603,
                    0.883758
                ],
                [
                    200.106,
                    99.3178,
                    0.872379
                ],
                [
                    196.143,
                    105.113,
                    0.855087
                ],
                [
                    197.095,
                    130.633,
                    0.810689
                ],
                [
                    199.071,
                    152.132,
                    0.892773
                ],
                [
                    206.934,
                    97.3043,
                    0.860617
                ],
                [
                    215.676,
                    120.783,
                    0.063176
                ],
                [
                    0.0,
                    0.0,
                    0.0
                ],
                [
                    214.753,
                    149.179,
                    0.756611
                ],
                [
                    211.806,
                    151.152,
                    0.726635
                ],
                [
                    220.57,
                    183.438,
                    0.78403
                ],
                [
                    222.508,
                    214.766,
                    0.823458
                ],
                [
                    218.622,
                    146.266,
                    0.661813
                ],
                [
                    221.557,
                    182.44,
                    0.695731
                ],
                [
                    223.561,
                    208.894,
                    0.739361
                ],
                [
                    207.861,
                    78.7598,
                    0.890833
                ],
                [
                    210.809,
                    76.7873,
                    0.168604
                ],
                [
                    199.059,
                    81.7111,
                    0.953861
                ],
                [
                    0.0,
                    0.0,
                    0.0
                ],
                [
                    238.236,
                    212.744,
                    0.66179
                ],
                [
                    237.227,
                    208.871,
                    0.62684
                ],
                [
                    222.539,
                    214.751,
                    0.37631
                ],
                [
                    231.345,
                    217.661,
                    0.579219
                ],
                [
                    224.521,
                    222.523,
                    0.575249
                ],
                [
                    220.576,
                    219.629,
                    0.666632
                ]
            ],
            "isKeyframe": false
        },
        {
            "bbox": [
                300.1533,
                132.4296,
                414.01770000000005,
                262.7544,
                0.6423864105263156
            ],
            "personID": 2,
            "keypoints": [
                [
                    0.0,
                    0.0,
                    0.0
                ],
                [
                    340.876,
                    161.945,
                    0.88704
                ],
                [
                    357.555,
                    163.847,
                    0.806735
                ],
                [
                    371.222,
                    185.373,
                    0.896544
                ],
                [
                    372.21,
                    207.858,
                    0.875565
                ],
                [
                    324.254,
                    161.902,
                    0.80081
                ],
                [
                    309.642,
                    176.561,
                    0.0604693
                ],
                [
                    0.0,
                    0.0,
                    0.0
                ],
                [
                    338.968,
                    222.536,
                    0.651101
                ],
                [
                    351.661,
                    222.552,
                    0.607922
                ],
                [
                    391.776,
                    200.044,
                    0.849024
                ],
                [
                    389.822,
                    239.191,
                    0.854321
                ],
                [
                    324.312,
                    222.527,
                    0.591278
                ],
                [
                    318.428,
                    206.902,
                    0.0772685
                ],
                [
                    326.239,
                    244.057,
                    0.161993
                ],
                [
                    0.0,
                    0.0,
                    0.0
                ],
                [
                    0.0,
                    0.0,
                    0.0
                ],
                [
                    355.613,
                    143.319,
                    0.828896
                ],
                [
                    335.054,
                    143.29,
                    0.652585
                ],
                [
                    0.0,
                    0.0,
                    0.0
                ],
                [
                    0.0,
                    0.0,
                    0.0
                ],
                [
                    323.295,
                    251.894,
                    0.148035
                ],
                [
                    404.529,
                    237.239,
                    0.784263
                ],
                [
                    403.55,
                    239.196,
                    0.847838
                ],
                [
                    386.926,
                    245.991,
                    0.823654
                ]
            ],
            "isKeyframe": false
        },
        {
            "bbox": [
                50.26776000000001,
                162.79470000000003,
                145.40184,
                375.28229999999996,
                0.54633829375
            ],
            "personID": 3,
            "keypoints": [
                [
                    74.8833,
                    183.434,
                    0.900094
                ],
                [
                    66.978,
                    222.53,
                    0.751389
                ],
                [
                    67.9873,
                    231.351,
                    0.762846
                ],
                [
                    109.065,
                    254.817,
                    0.834967
                ],
                [
                    98.343,
                    236.244,
                    0.654038
                ],
                [
                    66.0526,
                    210.816,
                    0.552836
                ],
                [
                    89.515,
                    250.919,
                    0.0544662
                ],
                [
                    0.0,
                    0.0,
                    0.0
                ],
                [
                    105.18,
                    292.009,
                    0.481321
                ],
                [
                    107.119,
                    292.02,
                    0.584054
                ],
                [
                    129.639,
                    336.009,
                    0.553036
                ],
                [
                    137.474,
                    357.574,
                    0.0610806
                ],
                [
                    101.258,
                    292.011,
                    0.36196
                ],
                [
                    120.801,
                    332.115,
                    0.383663
                ],
                [
                    130.602,
                    357.575,
                    0.0627859
                ],
                [
                    70.9142,
                    180.502,
                    0.806497
                ],
                [
                    0.0,
                    0.0,
                    0.0
                ],
                [
                    58.1956,
                    191.203,
                    0.936379
                ],
                [
                    0.0,
                    0.0,
                    0.0
                ],
                [
                    0.0,
                    0.0,
                    0.0
                ],
                [
                    0.0,
                    0.0,
                    0.0
                ],
                [
                    0.0,
                    0.0,
                    0.0
                ],
                [
                    0.0,
                    0.0,
                    0.0
                ],
                [
                    0.0,
                    0.0,
                    0.0
                ],
                [
                    0.0,
                    0.0,
                    0.0
                ]
            ],
            "isKeyframe": false
        }
    ],
    "isKeyframe": false
}