{
    "filename": "images/1/002799.jpg",
    "height": 360,
    "width": 640,
    "annots": [
        {
            "bbox": [
                467.5649,
                59.97785999999999,
                532.1380999999999,
                308.83074,
                0.7860163600000001
            ],
            "personID": 0,
            "keypoints": [
                [
                    494.5,
                    89.5041,
                    0.857483
                ],
                [
                    499.383,
                    106.112,
                    0.892419
                ],
                [
                    480.789,
                    104.185,
                    0.880915
                ],
                [
                    472.946,
                    138.446,
                    0.834621
                ],
                [
                    472.951,
                    172.664,
                    0.84758
                ],
                [
                    519.948,
                    107.129,
                    0.866202
                ],
                [
                    526.744,
                    137.451,
                    0.846524
                ],
                [
                    526.757,
                    167.757,
                    0.702272
                ],
                [
                    497.389,
                    174.602,
                    0.742282
                ],
                [
                    482.783,
                    173.63,
                    0.687652
                ],
                [
                    480.747,
                    207.923,
                    0.82119
                ],
                [
                    475.907,
                    234.302,
                    0.811453
                ],
                [
                    511.084,
                    174.626,
                    0.69668
                ],
                [
                    512.042,
                    222.555,
                    0.887304
                ],
                [
                    505.273,
                    270.52,
                    0.820477
                ],
                [
                    489.619,
                    83.6317,
                    0.870398
                ],
                [
                    497.469,
                    83.6574,
                    0.846183
                ],
                [
                    486.651,
                    80.7156,
                    0.233307
                ],
                [
                    506.266,
                    81.6704,
                    0.826952
                ],
                [
                    504.274,
                    288.093,
                    0.779389
                ],
                [
                    512.063,
                    286.142,
                    0.796398
                ],
                [
                    504.291,
                    276.346,
                    0.67214
                ],
                [
                    480.822,
                    248.019,
                    0.802725
                ],
                [
                    473.962,
                    247.039,
                    0.853953
                ],
                [
                    475.901,
                    237.191,
                    0.77391
                ]
            ],
            "isKeyframe": false
        },
        {
            "bbox": [
                187.6306,
                62.24724000000002,
                242.83540000000002,
                237.08916,
                0.7327236782608695
            ],
            "personID": 1,
            "keypoints": [
                [
                    212.744,
                    81.6797,
                    0.899845
                ],
                [
                    202.036,
                    98.3511,
                    0.880312
                ],
                [
                    194.197,
                    104.206,
                    0.847652
                ],
                [
                    192.231,
                    129.651,
                    0.921334
                ],
                [
                    199.078,
                    152.12,
                    0.887275
                ],
                [
                    210.827,
                    95.3834,
                    0.802116
                ],
                [
                    215.728,
                    117.871,
                    0.0976826
                ],
                [
                    0.0,
                    0.0,
                    0.0
                ],
                [
                    214.74,
                    147.231,
                    0.802956
                ],
                [
                    209.831,
                    150.158,
                    0.75328
                ],
                [
                    218.652,
                    183.415,
                    0.814552
                ],
                [
                    221.578,
                    214.758,
                    0.832845
                ],
                [
                    219.61,
                    145.295,
                    0.725308
                ],
                [
                    221.589,
                    182.419,
                    0.749747
                ],
                [
                    223.543,
                    208.89,
                    0.776551
                ],
                [
                    207.864,
                    79.7173,
                    0.918276
                ],
                [
                    212.76,
                    76.8174,
                    0.591231
                ],
                [
                    199.047,
                    81.7199,
                    0.952704
                ],
                [
                    0.0,
                    0.0,
                    0.0
                ],
                [
                    238.235,
                    212.765,
                    0.700332
                ],
                [
                    237.218,
                    208.887,
                    0.644577
                ],
                [
                    222.524,
                    214.725,
                    0.383252
                ],
                [
                    231.366,
                    217.649,
                    0.614308
                ],
                [
                    224.537,
                    222.519,
                    0.594572
                ],
                [
                    218.65,
                    219.623,
                    0.661937
                ]
            ],
            "isKeyframe": false
        },
        {
            "bbox": [
                300.00460000000004,
                149.554,
                391.56940000000003,
                262.27,
                0.4971774125
            ],
            "personID": 2,
            "keypoints": [
                [
                    0.0,
                    0.0,
                    0.0
                ],
                [
                    333.117,
                    182.417,
                    0.820266
                ],
                [
                    349.726,
                    180.484,
                    0.796961
                ],
                [
                    375.141,
                    205.882,
                    0.765254
                ],
                [
                    383.939,
                    199.027,
                    0.732545
                ],
                [
                    317.407,
                    182.442,
                    0.667155
                ],
                [
                    307.635,
                    201.037,
                    0.0634694
                ],
                [
                    0.0,
                    0.0,
                    0.0
                ],
                [
                    339.959,
                    237.21,
                    0.633492
                ],
                [
                    353.642,
                    236.225,
                    0.58314
                ],
                [
                    380.013,
                    203.972,
                    0.249702
                ],
                [
                    377.117,
                    218.64,
                    0.0512112
                ],
                [
                    326.254,
                    238.171,
                    0.587729
                ],
                [
                    318.422,
                    211.789,
                    0.179934
                ],
                [
                    327.215,
                    249.938,
                    0.348457
                ],
                [
                    0.0,
                    0.0,
                    0.0
                ],
                [
                    0.0,
                    0.0,
                    0.0
                ],
                [
                    345.803,
                    158.947,
                    0.741876
                ],
                [
                    325.286,
                    159.896,
                    0.449886
                ],
                [
                    0.0,
                    0.0,
                    0.0
                ],
                [
                    0.0,
                    0.0,
                    0.0
                ],
                [
                    324.297,
                    252.877,
                    0.283761
                ],
                [
                    0.0,
                    0.0,
                    0.0
                ],
                [
                    0.0,
                    0.0,
                    0.0
                ],
                [
                    0.0,
                    0.0,
                    0.0
                ]
            ],
            "isKeyframe": false
        },
        {
            "bbox": [
                51.03672,
                165.72050000000002,
                136.79448,
                354.7025,
                0.6074273142857144
            ],
            "personID": 3,
            "keypoints": [
                [
                    74.8655,
                    183.449,
                    0.89863
                ],
                [
                    66.9851,
                    222.545,
                    0.752715
                ],
                [
                    67.0582,
                    231.361,
                    0.76165
                ],
                [
                    108.088,
                    254.801,
                    0.799503
                ],
                [
                    98.3097,
                    235.271,
                    0.625915
                ],
                [
                    66.9902,
                    211.791,
                    0.550238
                ],
                [
                    91.4604,
                    235.283,
                    0.0550924
                ],
                [
                    0.0,
                    0.0,
                    0.0
                ],
                [
                    106.146,
                    292.965,
                    0.463518
                ],
                [
                    107.123,
                    292.996,
                    0.588342
                ],
                [
                    129.648,
                    338.954,
                    0.569486
                ],
                [
                    0.0,
                    0.0,
                    0.0
                ],
                [
                    105.151,
                    292.013,
                    0.334946
                ],
                [
                    121.788,
                    334.073,
                    0.355714
                ],
                [
                    0.0,
                    0.0,
                    0.0
                ],
                [
                    69.9523,
                    181.469,
                    0.81025
                ],
                [
                    0.0,
                    0.0,
                    0.0
                ],
                [
                    58.1832,
                    191.214,
                    0.937983
                ],
                [
                    0.0,
                    0.0,
                    0.0
                ],
                [
                    0.0,
                    0.0,
                    0.0
                ],
                [
                    0.0,
                    0.0,
                    0.0
                ],
                [
                    0.0,
                    0.0,
                    0.0
                ],
                [
                    0.0,
                    0.0,
                    0.0
                ],
                [
                    0.0,
                    0.0,
                    0.0
                ],
                [
                    0.0,
                    0.0,
                    0.0
                ]
            ],
            "isKeyframe": false
        }
    ],
    "isKeyframe": false
}