{
    "filename": "images/1/002842.jpg",
    "height": 360,
    "width": 640,
    "annots": [
        {
            "bbox": [
                178.90990000000002,
                65.73884999999999,
                244.6591,
                245.33865,
                0.8159935416666667
            ],
            "personID": 0,
            "keypoints": [
                [
                    208.857,
                    82.6875,
                    0.937643
                ],
                [
                    200.104,
                    100.275,
                    0.885385
                ],
                [
                    189.294,
                    105.12,
                    0.867895
                ],
                [
                    184.389,
                    129.612,
                    0.921372
                ],
                [
                    191.196,
                    152.137,
                    0.781572
                ],
                [
                    214.702,
                    97.3772,
                    0.934495
                ],
                [
                    216.701,
                    121.778,
                    0.664046
                ],
                [
                    223.523,
                    144.288,
                    0.247704
                ],
                [
                    207.851,
                    152.085,
                    0.836453
                ],
                [
                    199.112,
                    152.147,
                    0.834846
                ],
                [
                    205.941,
                    188.321,
                    0.84571
                ],
                [
                    210.794,
                    221.551,
                    0.819649
                ],
                [
                    215.705,
                    150.171,
                    0.797307
                ],
                [
                    220.583,
                    183.441,
                    0.839604
                ],
                [
                    224.497,
                    211.797,
                    0.85384
                ],
                [
                    206.867,
                    81.6557,
                    0.935993
                ],
                [
                    210.807,
                    80.7055,
                    0.786696
                ],
                [
                    197.108,
                    82.6668,
                    0.864128
                ],
                [
                    0.0,
                    0.0,
                    0.0
                ],
                [
                    239.18,
                    213.738,
                    0.817418
                ],
                [
                    238.219,
                    210.822,
                    0.777053
                ],
                [
                    222.556,
                    215.685,
                    0.879147
                ],
                [
                    218.631,
                    230.325,
                    0.830356
                ],
                [
                    213.742,
                    230.372,
                    0.839431
                ],
                [
                    209.82,
                    223.51,
                    0.786102
                ]
            ],
            "isKeyframe": false
        },
        {
            "bbox": [
                481.7565,
                78.8451,
                552.2145,
                347.7039,
                0.7035000416666667
            ],
            "personID": 1,
            "keypoints": [
                [
                    498.39,
                    111.041,
                    0.870031
                ],
                [
                    519.918,
                    129.659,
                    0.893921
                ],
                [
                    498.429,
                    126.697,
                    0.816391
                ],
                [
                    500.378,
                    160.93,
                    0.241306
                ],
                [
                    496.482,
                    198.089,
                    0.121437
                ],
                [
                    538.514,
                    135.495,
                    0.768706
                ],
                [
                    546.343,
                    179.504,
                    0.779044
                ],
                [
                    534.56,
                    216.707,
                    0.828458
                ],
                [
                    515.03,
                    204.93,
                    0.645965
                ],
                [
                    504.227,
                    202.997,
                    0.637473
                ],
                [
                    504.224,
                    260.709,
                    0.79151
                ],
                [
                    504.224,
                    306.672,
                    0.823328
                ],
                [
                    527.79,
                    205.896,
                    0.664037
                ],
                [
                    524.812,
                    252.858,
                    0.701126
                ],
                [
                    512.073,
                    269.505,
                    0.808041
                ],
                [
                    496.484,
                    105.177,
                    0.584777
                ],
                [
                    503.312,
                    105.199,
                    0.904621
                ],
                [
                    0.0,
                    0.0,
                    0.0
                ],
                [
                    518.945,
                    101.25,
                    0.852157
                ],
                [
                    512.078,
                    286.179,
                    0.723998
                ],
                [
                    513.079,
                    286.116,
                    0.745651
                ],
                [
                    509.171,
                    268.499,
                    0.52649
                ],
                [
                    489.569,
                    325.299,
                    0.731457
                ],
                [
                    487.628,
                    322.338,
                    0.656849
                ],
                [
                    505.28,
                    309.606,
                    0.767227
                ]
            ],
            "isKeyframe": false
        },
        {
            "bbox": [
                51.065210000000015,
                166.6846,
                136.81589,
                355.6534,
                0.6080052142857142
            ],
            "personID": 2,
            "keypoints": [
                [
                    74.8402,
                    184.383,
                    0.895558
                ],
                [
                    66.0567,
                    222.513,
                    0.747997
                ],
                [
                    68.0164,
                    231.324,
                    0.74947
                ],
                [
                    108.1,
                    254.834,
                    0.803079
                ],
                [
                    98.2955,
                    236.229,
                    0.60729
                ],
                [
                    65.075,
                    209.848,
                    0.551442
                ],
                [
                    89.4958,
                    246.038,
                    0.050822
                ],
                [
                    0.0,
                    0.0,
                    0.0
                ],
                [
                    105.199,
                    292.992,
                    0.458972
                ],
                [
                    107.129,
                    293.94,
                    0.584134
                ],
                [
                    129.67,
                    339.906,
                    0.583297
                ],
                [
                    0.0,
                    0.0,
                    0.0
                ],
                [
                    102.245,
                    292.998,
                    0.330539
                ],
                [
                    120.842,
                    335.04,
                    0.365448
                ],
                [
                    0.0,
                    0.0,
                    0.0
                ],
                [
                    68.9977,
                    182.432,
                    0.824729
                ],
                [
                    0.0,
                    0.0,
                    0.0
                ],
                [
                    58.2111,
                    191.231,
                    0.959296
                ],
                [
                    0.0,
                    0.0,
                    0.0
                ],
                [
                    0.0,
                    0.0,
                    0.0
                ],
                [
                    0.0,
                    0.0,
                    0.0
                ],
                [
                    0.0,
                    0.0,
                    0.0
                ],
                [
                    0.0,
                    0.0,
                    0.0
                ],
                [
                    0.0,
                    0.0,
                    0.0
                ],
                [
                    0.0,
                    0.0,
                    0.0
                ]
            ],
            "isKeyframe": false
        },
        {
            "bbox": [
                288.2968,
                173.52949999999998,
                391.59520000000003,
                245.1515,
                0.26340196153846157
            ],
            "personID": 3,
            "keypoints": [
                [
                    0.0,
                    0.0,
                    0.0
                ],
                [
                    348.737,
                    199.038,
                    0.551794
                ],
                [
                    369.265,
                    196.134,
                    0.457913
                ],
                [
                    382.987,
                    205.893,
                    0.407412
                ],
                [
                    372.233,
                    200.03,
                    0.0872547
                ],
                [
                    331.139,
                    199.088,
                    0.313891
                ],
                [
                    296.905,
                    213.725,
                    0.161502
                ],
                [
                    305.702,
                    206.868,
                    0.124479
                ],
                [
                    346.776,
                    238.186,
                    0.235692
                ],
                [
                    356.578,
                    236.252,
                    0.220642
                ],
                [
                    0.0,
                    0.0,
                    0.0
                ],
                [
                    0.0,
                    0.0,
                    0.0
                ],
                [
                    335.051,
                    239.183,
                    0.2174
                ],
                [
                    320.381,
                    236.237,
                    0.0829578
                ],
                [
                    0.0,
                    0.0,
                    0.0
                ],
                [
                    0.0,
                    0.0,
                    0.0
                ],
                [
                    0.0,
                    0.0,
                    0.0
                ],
                [
                    358.528,
                    179.498,
                    0.30481
                ],
                [
                    337.985,
                    181.466,
                    0.258478
                ],
                [
                    0.0,
                    0.0,
                    0.0
                ],
                [
                    0.0,
                    0.0,
                    0.0
                ],
                [
                    0.0,
                    0.0,
                    0.0
                ],
                [
                    0.0,
                    0.0,
                    0.0
                ],
                [
                    0.0,
                    0.0,
                    0.0
                ],
                [
                    0.0,
                    0.0,
                    0.0
                ]
            ],
            "isKeyframe": false
        }
    ],
    "isKeyframe": false
}