{
    "filename": "images/1/002921.jpg",
    "height": 360,
    "width": 640,
    "annots": [
        {
            "bbox": [
                171.61280000000002,
                74.22502000000003,
                243.20720000000003,
                245.67118,
                0.7912210833333333
            ],
            "personID": 0,
            "keypoints": [
                [
                    198.06,
                    90.5402,
                    0.855349
                ],
                [
                    191.239,
                    105.172,
                    0.962092
                ],
                [
                    177.579,
                    112.967,
                    0.863439
                ],
                [
                    182.42,
                    138.414,
                    0.871495
                ],
                [
                    188.303,
                    158.964,
                    0.778465
                ],
                [
                    201.053,
                    97.374,
                    0.92122
                ],
                [
                    208.893,
                    120.817,
                    0.439552
                ],
                [
                    223.54,
                    122.792,
                    0.116215
                ],
                [
                    204.949,
                    153.092,
                    0.796576
                ],
                [
                    197.132,
                    155.061,
                    0.76138
                ],
                [
                    202.008,
                    189.288,
                    0.81891
                ],
                [
                    209.818,
                    221.538,
                    0.844737
                ],
                [
                    212.773,
                    151.154,
                    0.75706
                ],
                [
                    219.633,
                    180.49,
                    0.79778
                ],
                [
                    222.595,
                    207.861,
                    0.91163
                ],
                [
                    192.231,
                    89.5573,
                    0.898752
                ],
                [
                    198.083,
                    88.5122,
                    0.801651
                ],
                [
                    183.438,
                    90.5304,
                    0.916451
                ],
                [
                    0.0,
                    0.0,
                    0.0
                ],
                [
                    237.241,
                    213.731,
                    0.858004
                ],
                [
                    237.237,
                    209.818,
                    0.814249
                ],
                [
                    220.583,
                    211.789,
                    0.78449
                ],
                [
                    219.614,
                    231.384,
                    0.763788
                ],
                [
                    214.715,
                    231.356,
                    0.820426
                ],
                [
                    208.869,
                    222.581,
                    0.835595
                ]
            ],
            "isKeyframe": false
        },
        {
            "bbox": [
                209.55450000000002,
                136.837,
                377.42850000000004,
                296.521,
                0.7476231304347827
            ],
            "personID": 1,
            "keypoints": [
                [
                    349.719,
                    151.156,
                    0.858984
                ],
                [
                    363.376,
                    177.566,
                    0.769969
                ],
                [
                    361.47,
                    171.692,
                    0.57408
                ],
                [
                    346.791,
                    194.178,
                    0.423209
                ],
                [
                    329.182,
                    191.29,
                    0.692276
                ],
                [
                    363.403,
                    184.386,
                    0.784539
                ],
                [
                    358.543,
                    212.775,
                    0.808093
                ],
                [
                    332.06,
                    221.586,
                    0.876959
                ],
                [
                    320.387,
                    224.492,
                    0.713772
                ],
                [
                    316.478,
                    219.625,
                    0.696996
                ],
                [
                    276.353,
                    234.312,
                    0.793187
                ],
                [
                    242.116,
                    255.804,
                    0.836673
                ],
                [
                    324.276,
                    230.367,
                    0.682849
                ],
                [
                    284.163,
                    247.97,
                    0.861945
                ],
                [
                    249.961,
                    278.285,
                    0.827848
                ],
                [
                    0.0,
                    0.0,
                    0.0
                ],
                [
                    355.564,
                    150.144,
                    0.869697
                ],
                [
                    0.0,
                    0.0,
                    0.0
                ],
                [
                    363.439,
                    157.012,
                    0.882083
                ],
                [
                    232.348,
                    279.272,
                    0.735451
                ],
                [
                    238.208,
                    283.214,
                    0.785519
                ],
                [
                    247.991,
                    281.249,
                    0.70028
                ],
                [
                    223.544,
                    243.092,
                    0.669889
                ],
                [
                    229.383,
                    247.035,
                    0.573868
                ],
                [
                    241.135,
                    261.69,
                    0.777166
                ]
            ],
            "isKeyframe": false
        },
        {
            "bbox": [
                52.104569999999995,
                166.66780000000003,
                136.71813,
                355.68219999999997,
                0.6455773846153847
            ],
            "personID": 2,
            "keypoints": [
                [
                    75.8043,
                    183.466,
                    0.891043
                ],
                [
                    66.0622,
                    222.578,
                    0.748635
                ],
                [
                    69.9437,
                    232.333,
                    0.720022
                ],
                [
                    108.123,
                    254.868,
                    0.814768
                ],
                [
                    97.3694,
                    233.319,
                    0.616793
                ],
                [
                    63.1158,
                    208.875,
                    0.518926
                ],
                [
                    0.0,
                    0.0,
                    0.0
                ],
                [
                    0.0,
                    0.0,
                    0.0
                ],
                [
                    106.116,
                    293.005,
                    0.462781
                ],
                [
                    107.151,
                    293.94,
                    0.587099
                ],
                [
                    129.667,
                    339.931,
                    0.556479
                ],
                [
                    0.0,
                    0.0,
                    0.0
                ],
                [
                    102.249,
                    293.945,
                    0.337657
                ],
                [
                    121.793,
                    334.085,
                    0.358333
                ],
                [
                    0.0,
                    0.0,
                    0.0
                ],
                [
                    70.9416,
                    182.419,
                    0.817416
                ],
                [
                    0.0,
                    0.0,
                    0.0
                ],
                [
                    59.1557,
                    191.247,
                    0.962554
                ],
                [
                    0.0,
                    0.0,
                    0.0
                ],
                [
                    0.0,
                    0.0,
                    0.0
                ],
                [
                    0.0,
                    0.0,
                    0.0
                ],
                [
                    0.0,
                    0.0,
                    0.0
                ],
                [
                    0.0,
                    0.0,
                    0.0
                ],
                [
                    0.0,
                    0.0,
                    0.0
                ],
                [
                    0.0,
                    0.0,
                    0.0
                ]
            ],
            "isKeyframe": false
        },
        {
            "bbox": [
                490.366,
                112.1977,
                574.894,
                379.8853,
                0.523890925
            ],
            "personID": 3,
            "keypoints": [
                [
                    507.215,
                    136.499,
                    0.154223
                ],
                [
                    540.465,
                    177.579,
                    0.692016
                ],
                [
                    560.057,
                    163.848,
                    0.763371
                ],
                [
                    567.85,
                    208.858,
                    0.314221
                ],
                [
                    560.041,
                    247.024,
                    0.25989
                ],
                [
                    519.901,
                    191.251,
                    0.76252
                ],
                [
                    509.155,
                    246.975,
                    0.845052
                ],
                [
                    502.333,
                    285.181,
                    0.868444
                ],
                [
                    536.539,
                    261.702,
                    0.645546
                ],
                [
                    548.305,
                    261.659,
                    0.576092
                ],
                [
                    529.695,
                    307.643,
                    0.762959
                ],
                [
                    529.705,
                    357.558,
                    0.803207
                ],
                [
                    525.775,
                    263.636,
                    0.595882
                ],
                [
                    516.012,
                    316.454,
                    0.687694
                ],
                [
                    506.253,
                    357.568,
                    0.704422
                ],
                [
                    0.0,
                    0.0,
                    0.0
                ],
                [
                    511.087,
                    134.505,
                    0.400845
                ],
                [
                    542.398,
                    137.467,
                    0.0860892
                ],
                [
                    519.925,
                    137.483,
                    0.903655
                ],
                [
                    497.41,
                    357.556,
                    0.183002
                ],
                [
                    501.347,
                    357.578,
                    0.217642
                ],
                [
                    506.233,
                    357.576,
                    0.437151
                ],
                [
                    523.825,
                    357.567,
                    0.200285
                ],
                [
                    523.838,
                    357.573,
                    0.161386
                ],
                [
                    531.673,
                    357.573,
                    0.547788
                ]
            ],
            "isKeyframe": false
        }
    ],
    "isKeyframe": false
}