{
    "filename": "images/1/002977.jpg",
    "height": 360,
    "width": 640,
    "annots": [
        {
            "bbox": [
                270.48100000000005,
                129.61939999999998,
                387.84099999999995,
                340.8986,
                0.8153694166666666
            ],
            "personID": 0,
            "keypoints": [
                [
                    332.067,
                    152.125,
                    0.940396
                ],
                [
                    339.951,
                    175.588,
                    0.94786
                ],
                [
                    324.305,
                    174.595,
                    0.906114
                ],
                [
                    316.472,
                    198.116,
                    0.879768
                ],
                [
                    302.786,
                    205.929,
                    0.850756
                ],
                [
                    355.613,
                    176.569,
                    0.892549
                ],
                [
                    378.061,
                    194.174,
                    0.83341
                ],
                [
                    362.43,
                    213.724,
                    0.843986
                ],
                [
                    325.319,
                    231.387,
                    0.831121
                ],
                [
                    316.407,
                    230.399,
                    0.821549
                ],
                [
                    296.887,
                    266.567,
                    0.793014
                ],
                [
                    291.996,
                    316.407,
                    0.839834
                ],
                [
                    338.949,
                    233.312,
                    0.759713
                ],
                [
                    331.126,
                    265.604,
                    0.823585
                ],
                [
                    317.459,
                    314.517,
                    0.827034
                ],
                [
                    327.217,
                    147.226,
                    0.840349
                ],
                [
                    336.017,
                    147.227,
                    0.848315
                ],
                [
                    0.0,
                    0.0,
                    0.0
                ],
                [
                    347.754,
                    152.099,
                    0.943771
                ],
                [
                    308.622,
                    319.416,
                    0.713588
                ],
                [
                    316.424,
                    323.292,
                    0.672797
                ],
                [
                    317.455,
                    317.487,
                    0.657321
                ],
                [
                    285.168,
                    323.281,
                    0.654438
                ],
                [
                    280.261,
                    319.39,
                    0.678537
                ],
                [
                    293.939,
                    319.412,
                    0.769061
                ]
            ],
            "isKeyframe": false
        },
        {
            "bbox": [
                185.6892,
                66.44390000000001,
                240.85079999999996,
                237.7931,
                0.7826814166666667
            ],
            "personID": 1,
            "keypoints": [
                [
                    209.85,
                    82.7029,
                    0.871561
                ],
                [
                    202.984,
                    97.3658,
                    0.898977
                ],
                [
                    192.235,
                    101.265,
                    0.855548
                ],
                [
                    190.286,
                    128.62,
                    0.898441
                ],
                [
                    195.149,
                    149.17,
                    0.793042
                ],
                [
                    214.703,
                    92.4725,
                    0.884735
                ],
                [
                    217.651,
                    114.011,
                    0.469741
                ],
                [
                    222.555,
                    131.593,
                    0.138474
                ],
                [
                    213.739,
                    145.254,
                    0.816851
                ],
                [
                    206.884,
                    146.25,
                    0.809676
                ],
                [
                    214.743,
                    179.52,
                    0.865142
                ],
                [
                    214.723,
                    214.732,
                    0.886145
                ],
                [
                    219.63,
                    144.267,
                    0.765526
                ],
                [
                    222.554,
                    176.593,
                    0.853422
                ],
                [
                    222.589,
                    206.903,
                    0.907686
                ],
                [
                    207.837,
                    81.6532,
                    0.92376
                ],
                [
                    212.754,
                    80.723,
                    0.749356
                ],
                [
                    199.093,
                    81.6629,
                    0.922522
                ],
                [
                    0.0,
                    0.0,
                    0.0
                ],
                [
                    236.254,
                    212.757,
                    0.789172
                ],
                [
                    235.263,
                    208.863,
                    0.751247
                ],
                [
                    221.588,
                    208.883,
                    0.686614
                ],
                [
                    222.579,
                    222.552,
                    0.758643
                ],
                [
                    216.672,
                    223.514,
                    0.743597
                ],
                [
                    213.717,
                    216.703,
                    0.744476
                ]
            ],
            "isKeyframe": false
        },
        {
            "bbox": [
                50.159180000000006,
                164.8897,
                146.44262000000003,
                375.09729999999996,
                0.55988849375
            ],
            "personID": 2,
            "keypoints": [
                [
                    74.8465,
                    184.366,
                    0.925194
                ],
                [
                    66.0471,
                    222.575,
                    0.747702
                ],
                [
                    68.9699,
                    231.39,
                    0.719608
                ],
                [
                    107.158,
                    254.81,
                    0.818701
                ],
                [
                    98.306,
                    236.26,
                    0.702672
                ],
                [
                    64.0803,
                    211.779,
                    0.503191
                ],
                [
                    0.0,
                    0.0,
                    0.0
                ],
                [
                    0.0,
                    0.0,
                    0.0
                ],
                [
                    105.147,
                    292.964,
                    0.521759
                ],
                [
                    106.185,
                    292.961,
                    0.607053
                ],
                [
                    129.657,
                    335.034,
                    0.583366
                ],
                [
                    138.419,
                    357.575,
                    0.0666003
                ],
                [
                    99.3254,
                    292.97,
                    0.409249
                ],
                [
                    120.8,
                    333.068,
                    0.451284
                ],
                [
                    130.602,
                    357.574,
                    0.0786421
                ],
                [
                    68.9721,
                    182.407,
                    0.841286
                ],
                [
                    0.0,
                    0.0,
                    0.0
                ],
                [
                    58.1828,
                    191.255,
                    0.931547
                ],
                [
                    0.0,
                    0.0,
                    0.0
                ],
                [
                    0.0,
                    0.0,
                    0.0
                ],
                [
                    0.0,
                    0.0,
                    0.0
                ],
                [
                    135.501,
                    357.58,
                    0.0503615
                ],
                [
                    0.0,
                    0.0,
                    0.0
                ],
                [
                    0.0,
                    0.0,
                    0.0
                ],
                [
                    0.0,
                    0.0,
                    0.0
                ]
            ],
            "isKeyframe": false
        },
        {
            "bbox": [
                497.1696,
                113.2655,
                594.5784000000001,
                379.79150000000004,
                0.6892176666666666
            ],
            "personID": 3,
            "keypoints": [
                [
                    0.0,
                    0.0,
                    0.0
                ],
                [
                    557.075,
                    184.362,
                    0.846118
                ],
                [
                    585.479,
                    186.362,
                    0.762589
                ],
                [
                    586.461,
                    240.161,
                    0.77538
                ],
                [
                    575.703,
                    277.372,
                    0.905486
                ],
                [
                    525.799,
                    180.49,
                    0.750254
                ],
                [
                    513.075,
                    230.334,
                    0.787942
                ],
                [
                    518.931,
                    260.7,
                    0.484435
                ],
                [
                    536.578,
                    275.372,
                    0.615295
                ],
                [
                    553.174,
                    278.292,
                    0.607916
                ],
                [
                    538.529,
                    326.259,
                    0.773334
                ],
                [
                    531.665,
                    357.581,
                    0.086563
                ],
                [
                    520.885,
                    270.499,
                    0.581741
                ],
                [
                    505.287,
                    324.319,
                    0.862954
                ],
                [
                    0.0,
                    0.0,
                    0.0
                ],
                [
                    0.0,
                    0.0,
                    0.0
                ],
                [
                    0.0,
                    0.0,
                    0.0
                ],
                [
                    576.694,
                    137.43,
                    0.64895
                ],
                [
                    545.372,
                    135.476,
                    0.849308
                ],
                [
                    0.0,
                    0.0,
                    0.0
                ],
                [
                    0.0,
                    0.0,
                    0.0
                ],
                [
                    0.0,
                    0.0,
                    0.0
                ],
                [
                    0.0,
                    0.0,
                    0.0
                ],
                [
                    0.0,
                    0.0,
                    0.0
                ],
                [
                    0.0,
                    0.0,
                    0.0
                ]
            ],
            "isKeyframe": false
        }
    ],
    "isKeyframe": false
}