{
    "filename": "images/1/002944.jpg",
    "height": 360,
    "width": 640,
    "annots": [
        {
            "bbox": [
                180.24030000000002,
                67.87096,
                242.38469999999998,
                245.14264,
                0.8066605
            ],
            "personID": 0,
            "keypoints": [
                [
                    204.954,
                    87.5454,
                    0.843462
                ],
                [
                    199.048,
                    99.3247,
                    0.913252
                ],
                [
                    185.419,
                    106.124,
                    0.86392
                ],
                [
                    186.385,
                    131.567,
                    0.796109
                ],
                [
                    192.204,
                    152.12,
                    0.815807
                ],
                [
                    208.855,
                    94.4104,
                    0.876333
                ],
                [
                    214.765,
                    118.866,
                    0.59025
                ],
                [
                    222.559,
                    139.407,
                    0.348305
                ],
                [
                    208.842,
                    149.188,
                    0.779421
                ],
                [
                    201.034,
                    152.081,
                    0.795919
                ],
                [
                    207.858,
                    184.439,
                    0.907733
                ],
                [
                    209.821,
                    218.656,
                    0.812092
                ],
                [
                    215.748,
                    146.264,
                    0.774995
                ],
                [
                    221.545,
                    179.513,
                    0.808939
                ],
                [
                    223.49,
                    206.938,
                    0.894577
                ],
                [
                    200.06,
                    83.6424,
                    0.910327
                ],
                [
                    206.854,
                    82.6436,
                    0.865326
                ],
                [
                    191.272,
                    83.6782,
                    0.904413
                ],
                [
                    0.0,
                    0.0,
                    0.0
                ],
                [
                    237.19,
                    212.761,
                    0.805424
                ],
                [
                    237.206,
                    208.838,
                    0.807226
                ],
                [
                    221.536,
                    210.806,
                    0.791018
                ],
                [
                    218.654,
                    230.345,
                    0.812409
                ],
                [
                    213.746,
                    230.37,
                    0.819614
                ],
                [
                    208.847,
                    222.546,
                    0.822981
                ]
            ],
            "isKeyframe": false
        },
        {
            "bbox": [
                215.2891,
                128.87529999999998,
                384.3319,
                326.0437,
                0.7697664999999999
            ],
            "personID": 1,
            "keypoints": [
                [
                    340.875,
                    151.14,
                    0.910709
                ],
                [
                    349.754,
                    175.587,
                    0.857297
                ],
                [
                    340.897,
                    169.736,
                    0.848326
                ],
                [
                    335.067,
                    195.176,
                    0.670174
                ],
                [
                    316.493,
                    197.128,
                    0.799915
                ],
                [
                    362.401,
                    179.528,
                    0.773673
                ],
                [
                    370.245,
                    205.908,
                    0.846522
                ],
                [
                    345.821,
                    217.664,
                    0.826582
                ],
                [
                    323.291,
                    225.511,
                    0.739196
                ],
                [
                    314.502,
                    222.518,
                    0.775294
                ],
                [
                    278.349,
                    251.891,
                    0.845553
                ],
                [
                    246.971,
                    284.183,
                    0.843191
                ],
                [
                    331.119,
                    231.353,
                    0.721238
                ],
                [
                    299.794,
                    262.64,
                    0.852256
                ],
                [
                    270.449,
                    301.762,
                    0.840379
                ],
                [
                    340.884,
                    145.306,
                    0.472305
                ],
                [
                    346.757,
                    147.221,
                    0.854628
                ],
                [
                    0.0,
                    0.0,
                    0.0
                ],
                [
                    356.612,
                    153.092,
                    0.936254
                ],
                [
                    254.847,
                    308.588,
                    0.576493
                ],
                [
                    262.641,
                    309.613,
                    0.652422
                ],
                [
                    268.531,
                    304.727,
                    0.597627
                ],
                [
                    229.376,
                    278.293,
                    0.764305
                ],
                [
                    231.33,
                    277.344,
                    0.727685
                ],
                [
                    246.996,
                    290.046,
                    0.742372
                ]
            ],
            "isKeyframe": false
        },
        {
            "bbox": [
                50.979609999999994,
                166.8129,
                137.84149000000002,
                354.5901,
                0.6622536153846154
            ],
            "personID": 2,
            "keypoints": [
                [
                    74.8532,
                    184.373,
                    0.900554
                ],
                [
                    66.0363,
                    222.524,
                    0.732108
                ],
                [
                    68.0281,
                    231.372,
                    0.735692
                ],
                [
                    109.083,
                    254.81,
                    0.828059
                ],
                [
                    97.3056,
                    232.357,
                    0.628014
                ],
                [
                    64.0686,
                    207.92,
                    0.548235
                ],
                [
                    0.0,
                    0.0,
                    0.0
                ],
                [
                    0.0,
                    0.0,
                    0.0
                ],
                [
                    105.188,
                    292.964,
                    0.485963
                ],
                [
                    107.148,
                    292.968,
                    0.588977
                ],
                [
                    130.603,
                    338.942,
                    0.582622
                ],
                [
                    0.0,
                    0.0,
                    0.0
                ],
                [
                    101.256,
                    292.978,
                    0.364108
                ],
                [
                    120.846,
                    334.072,
                    0.407739
                ],
                [
                    0.0,
                    0.0,
                    0.0
                ],
                [
                    68.993,
                    182.461,
                    0.838174
                ],
                [
                    0.0,
                    0.0,
                    0.0
                ],
                [
                    58.2181,
                    191.291,
                    0.969052
                ],
                [
                    0.0,
                    0.0,
                    0.0
                ],
                [
                    0.0,
                    0.0,
                    0.0
                ],
                [
                    0.0,
                    0.0,
                    0.0
                ],
                [
                    0.0,
                    0.0,
                    0.0
                ],
                [
                    0.0,
                    0.0,
                    0.0
                ],
                [
                    0.0,
                    0.0,
                    0.0
                ],
                [
                    0.0,
                    0.0,
                    0.0
                ]
            ],
            "isKeyframe": false
        },
        {
            "bbox": [
                486.5742000000001,
                110.05850000000004,
                593.3838,
                380.0885,
                0.5833825421052632
            ],
            "personID": 3,
            "keypoints": [
                [
                    0.0,
                    0.0,
                    0.0
                ],
                [
                    559.022,
                    184.4,
                    0.857683
                ],
                [
                    583.511,
                    179.506,
                    0.809102
                ],
                [
                    584.483,
                    230.375,
                    0.799297
                ],
                [
                    571.784,
                    263.648,
                    0.677734
                ],
                [
                    532.63,
                    190.245,
                    0.727504
                ],
                [
                    516.023,
                    238.216,
                    0.841003
                ],
                [
                    505.285,
                    264.631,
                    0.869011
                ],
                [
                    543.43,
                    272.456,
                    0.625806
                ],
                [
                    559.01,
                    275.382,
                    0.621829
                ],
                [
                    542.415,
                    324.265,
                    0.7623
                ],
                [
                    530.67,
                    357.581,
                    0.133143
                ],
                [
                    528.74,
                    270.503,
                    0.628831
                ],
                [
                    505.289,
                    316.438,
                    0.801877
                ],
                [
                    503.306,
                    357.575,
                    0.418761
                ],
                [
                    0.0,
                    0.0,
                    0.0
                ],
                [
                    534.611,
                    132.561,
                    0.107296
                ],
                [
                    566.898,
                    138.439,
                    0.286565
                ],
                [
                    542.426,
                    137.493,
                    0.844899
                ],
                [
                    495.475,
                    357.586,
                    0.0713393
                ],
                [
                    0.0,
                    0.0,
                    0.0
                ],
                [
                    504.249,
                    357.581,
                    0.200288
                ],
                [
                    0.0,
                    0.0,
                    0.0
                ],
                [
                    0.0,
                    0.0,
                    0.0
                ],
                [
                    0.0,
                    0.0,
                    0.0
                ]
            ],
            "isKeyframe": false
        }
    ],
    "isKeyframe": false
}