{
    "filename": "images/1/002958.jpg",
    "height": 360,
    "width": 640,
    "annots": [
        {
            "bbox": [
                229.0185,
                128.10660000000001,
                386.3204999999999,
                334.6434,
                0.7972177916666666
            ],
            "personID": 0,
            "keypoints": [
                [
                    337.009,
                    151.152,
                    0.871781
                ],
                [
                    347.731,
                    174.621,
                    0.882515
                ],
                [
                    333.079,
                    169.752,
                    0.894401
                ],
                [
                    325.301,
                    196.126,
                    0.792804
                ],
                [
                    309.619,
                    199.114,
                    0.912576
                ],
                [
                    360.493,
                    176.569,
                    0.80734
                ],
                [
                    373.212,
                    200.04,
                    0.85888
                ],
                [
                    353.635,
                    215.755,
                    0.850536
                ],
                [
                    323.305,
                    230.358,
                    0.793942
                ],
                [
                    312.55,
                    225.479,
                    0.746687
                ],
                [
                    286.181,
                    256.781,
                    0.830168
                ],
                [
                    261.711,
                    300.777,
                    0.840299
                ],
                [
                    333.062,
                    233.307,
                    0.749714
                ],
                [
                    315.475,
                    264.604,
                    0.835438
                ],
                [
                    292.022,
                    309.626,
                    0.814797
                ],
                [
                    336.035,
                    145.318,
                    0.728618
                ],
                [
                    340.945,
                    146.27,
                    0.918299
                ],
                [
                    0.0,
                    0.0,
                    0.0
                ],
                [
                    355.537,
                    152.104,
                    0.931469
                ],
                [
                    283.212,
                    316.414,
                    0.678573
                ],
                [
                    288.095,
                    317.432,
                    0.692125
                ],
                [
                    290.035,
                    314.501,
                    0.529058
                ],
                [
                    242.127,
                    298.836,
                    0.720715
                ],
                [
                    245.992,
                    295.922,
                    0.690175
                ],
                [
                    262.675,
                    307.646,
                    0.762317
                ]
            ],
            "isKeyframe": false
        },
        {
            "bbox": [
                185.6457,
                67.20416999999999,
                240.8373,
                240.94653,
                0.7774481666666665
            ],
            "personID": 1,
            "keypoints": [
                [
                    207.888,
                    83.6725,
                    0.887232
                ],
                [
                    201.014,
                    98.3292,
                    0.929091
                ],
                [
                    191.233,
                    104.196,
                    0.892235
                ],
                [
                    190.245,
                    130.583,
                    0.846795
                ],
                [
                    196.148,
                    152.114,
                    0.78644
                ],
                [
                    213.716,
                    93.4299,
                    0.83848
                ],
                [
                    216.706,
                    115.919,
                    0.48752
                ],
                [
                    222.546,
                    137.456,
                    0.177972
                ],
                [
                    211.785,
                    146.243,
                    0.767715
                ],
                [
                    205.933,
                    148.224,
                    0.7616
                ],
                [
                    212.786,
                    183.42,
                    0.849435
                ],
                [
                    214.704,
                    216.718,
                    0.869111
                ],
                [
                    216.715,
                    144.328,
                    0.764175
                ],
                [
                    221.559,
                    178.548,
                    0.783948
                ],
                [
                    223.506,
                    206.9,
                    0.893732
                ],
                [
                    205.903,
                    82.6355,
                    0.887392
                ],
                [
                    207.921,
                    81.6827,
                    0.755722
                ],
                [
                    196.129,
                    82.7029,
                    0.854255
                ],
                [
                    0.0,
                    0.0,
                    0.0
                ],
                [
                    236.238,
                    212.763,
                    0.762327
                ],
                [
                    236.234,
                    208.875,
                    0.731739
                ],
                [
                    222.511,
                    208.865,
                    0.772011
                ],
                [
                    222.577,
                    225.477,
                    0.794611
                ],
                [
                    216.706,
                    226.468,
                    0.765941
                ],
                [
                    213.716,
                    221.548,
                    0.799277
                ]
            ],
            "isKeyframe": false
        },
        {
            "bbox": [
                50.175639999999994,
                164.90229999999997,
                146.44876,
                375.09069999999997,
                0.5998666000000001
            ],
            "personID": 2,
            "keypoints": [
                [
                    74.8407,
                    183.453,
                    0.904842
                ],
                [
                    66.0405,
                    222.529,
                    0.744384
                ],
                [
                    68.9707,
                    231.367,
                    0.740088
                ],
                [
                    109.08,
                    254.808,
                    0.842909
                ],
                [
                    97.3736,
                    235.263,
                    0.733585
                ],
                [
                    64.0655,
                    208.867,
                    0.534959
                ],
                [
                    0.0,
                    0.0,
                    0.0
                ],
                [
                    0.0,
                    0.0,
                    0.0
                ],
                [
                    105.173,
                    292.977,
                    0.527826
                ],
                [
                    107.142,
                    292.971,
                    0.601113
                ],
                [
                    130.589,
                    336.012,
                    0.585976
                ],
                [
                    138.426,
                    357.574,
                    0.0546378
                ],
                [
                    100.283,
                    292.993,
                    0.412128
                ],
                [
                    120.827,
                    334.057,
                    0.45895
                ],
                [
                    130.619,
                    357.575,
                    0.0581462
                ],
                [
                    68.9755,
                    182.418,
                    0.842211
                ],
                [
                    0.0,
                    0.0,
                    0.0
                ],
                [
                    58.1984,
                    191.293,
                    0.956244
                ],
                [
                    0.0,
                    0.0,
                    0.0
                ],
                [
                    0.0,
                    0.0,
                    0.0
                ],
                [
                    0.0,
                    0.0,
                    0.0
                ],
                [
                    0.0,
                    0.0,
                    0.0
                ],
                [
                    0.0,
                    0.0,
                    0.0
                ],
                [
                    0.0,
                    0.0,
                    0.0
                ],
                [
                    0.0,
                    0.0,
                    0.0
                ]
            ],
            "isKeyframe": false
        },
        {
            "bbox": [
                486.8745,
                114.34019999999998,
                601.9005000000001,
                379.6938,
                0.67031690625
            ],
            "personID": 3,
            "keypoints": [
                [
                    0.0,
                    0.0,
                    0.0
                ],
                [
                    560.084,
                    184.401,
                    0.876531
                ],
                [
                    590.385,
                    184.405,
                    0.83897
                ],
                [
                    592.315,
                    235.266,
                    0.756895
                ],
                [
                    582.548,
                    267.565,
                    0.823131
                ],
                [
                    532.64,
                    183.466,
                    0.794536
                ],
                [
                    519.946,
                    238.162,
                    0.849445
                ],
                [
                    518.932,
                    262.685,
                    0.692956
                ],
                [
                    544.354,
                    275.387,
                    0.62686
                ],
                [
                    560.005,
                    278.308,
                    0.620798
                ],
                [
                    543.384,
                    327.215,
                    0.799399
                ],
                [
                    531.67,
                    357.581,
                    0.127938
                ],
                [
                    528.712,
                    272.428,
                    0.599751
                ],
                [
                    506.231,
                    322.306,
                    0.796523
                ],
                [
                    496.46,
                    357.581,
                    0.0996475
                ],
                [
                    0.0,
                    0.0,
                    0.0
                ],
                [
                    0.0,
                    0.0,
                    0.0
                ],
                [
                    576.655,
                    138.444,
                    0.560712
                ],
                [
                    549.269,
                    136.453,
                    0.860978
                ],
                [
                    0.0,
                    0.0,
                    0.0
                ],
                [
                    0.0,
                    0.0,
                    0.0
                ],
                [
                    0.0,
                    0.0,
                    0.0
                ],
                [
                    0.0,
                    0.0,
                    0.0
                ],
                [
                    0.0,
                    0.0,
                    0.0
                ],
                [
                    0.0,
                    0.0,
                    0.0
                ]
            ],
            "isKeyframe": false
        }
    ],
    "isKeyframe": false
}