{
    "filename": "images/1/002900.jpg",
    "height": 360,
    "width": 640,
    "annots": [
        {
            "bbox": [
                169.428,
                75.43511000000001,
                243.372,
                244.44299,
                0.818577625
            ],
            "personID": 0,
            "keypoints": [
                [
                    195.178,
                    91.5111,
                    0.841878
                ],
                [
                    189.287,
                    106.168,
                    0.901197
                ],
                [
                    176.6,
                    113.0,
                    0.89745
                ],
                [
                    175.59,
                    139.392,
                    0.869949
                ],
                [
                    184.392,
                    159.955,
                    0.783398
                ],
                [
                    199.12,
                    100.295,
                    0.924609
                ],
                [
                    206.925,
                    122.766,
                    0.712382
                ],
                [
                    214.691,
                    145.282,
                    0.305282
                ],
                [
                    200.078,
                    156.03,
                    0.798904
                ],
                [
                    192.255,
                    159.906,
                    0.816897
                ],
                [
                    200.088,
                    191.23,
                    0.892599
                ],
                [
                    209.83,
                    221.551,
                    0.845328
                ],
                [
                    207.91,
                    153.106,
                    0.809769
                ],
                [
                    218.636,
                    183.429,
                    0.865903
                ],
                [
                    223.518,
                    211.785,
                    0.882647
                ],
                [
                    192.189,
                    90.4729,
                    0.954347
                ],
                [
                    197.1,
                    89.5191,
                    0.810246
                ],
                [
                    183.385,
                    91.456,
                    0.91661
                ],
                [
                    0.0,
                    0.0,
                    0.0
                ],
                [
                    237.21,
                    214.746,
                    0.751011
                ],
                [
                    237.19,
                    213.73,
                    0.743343
                ],
                [
                    221.574,
                    215.683,
                    0.84208
                ],
                [
                    216.707,
                    229.404,
                    0.834814
                ],
                [
                    212.767,
                    230.359,
                    0.812207
                ],
                [
                    209.849,
                    223.513,
                    0.833013
                ]
            ],
            "isKeyframe": false
        },
        {
            "bbox": [
                52.09673000000001,
                165.53749999999997,
                136.71556999999999,
                356.8715,
                0.6518543846153846
            ],
            "personID": 1,
            "keypoints": [
                [
                    74.8933,
                    183.452,
                    0.896227
                ],
                [
                    66.9852,
                    222.561,
                    0.763421
                ],
                [
                    68.9758,
                    232.318,
                    0.733659
                ],
                [
                    108.127,
                    255.81,
                    0.802455
                ],
                [
                    98.3151,
                    236.235,
                    0.666851
                ],
                [
                    65.0671,
                    208.884,
                    0.550908
                ],
                [
                    0.0,
                    0.0,
                    0.0
                ],
                [
                    0.0,
                    0.0,
                    0.0
                ],
                [
                    106.173,
                    293.954,
                    0.461273
                ],
                [
                    107.141,
                    293.988,
                    0.593289
                ],
                [
                    129.664,
                    340.927,
                    0.573534
                ],
                [
                    0.0,
                    0.0,
                    0.0
                ],
                [
                    105.183,
                    293.954,
                    0.324848
                ],
                [
                    122.763,
                    337.989,
                    0.343223
                ],
                [
                    0.0,
                    0.0,
                    0.0
                ],
                [
                    70.9187,
                    181.482,
                    0.80643
                ],
                [
                    0.0,
                    0.0,
                    0.0
                ],
                [
                    59.1483,
                    191.247,
                    0.957989
                ],
                [
                    0.0,
                    0.0,
                    0.0
                ],
                [
                    0.0,
                    0.0,
                    0.0
                ],
                [
                    0.0,
                    0.0,
                    0.0
                ],
                [
                    0.0,
                    0.0,
                    0.0
                ],
                [
                    0.0,
                    0.0,
                    0.0
                ],
                [
                    0.0,
                    0.0,
                    0.0
                ],
                [
                    0.0,
                    0.0,
                    0.0
                ]
            ],
            "isKeyframe": false
        },
        {
            "bbox": [
                229.88099999999997,
                141.5959,
                388.35299999999995,
                268.3171,
                0.7044450869565217
            ],
            "personID": 2,
            "keypoints": [
                [
                    349.742,
                    153.134,
                    0.783307
                ],
                [
                    365.391,
                    183.459,
                    0.808269
                ],
                [
                    375.147,
                    181.47,
                    0.583393
                ],
                [
                    361.442,
                    199.083,
                    0.129315
                ],
                [
                    340.888,
                    191.216,
                    0.610738
                ],
                [
                    356.595,
                    185.41,
                    0.794616
                ],
                [
                    341.924,
                    215.674,
                    0.872284
                ],
                [
                    316.484,
                    217.679,
                    0.840675
                ],
                [
                    325.282,
                    223.517,
                    0.6062
                ],
                [
                    325.278,
                    216.693,
                    0.462812
                ],
                [
                    287.131,
                    215.755,
                    0.71114
                ],
                [
                    254.872,
                    232.342,
                    0.799485
                ],
                [
                    324.285,
                    229.387,
                    0.633598
                ],
                [
                    278.322,
                    230.418,
                    0.868097
                ],
                [
                    256.78,
                    254.802,
                    0.838263
                ],
                [
                    0.0,
                    0.0,
                    0.0
                ],
                [
                    355.553,
                    152.156,
                    0.847894
                ],
                [
                    0.0,
                    0.0,
                    0.0
                ],
                [
                    362.452,
                    160.921,
                    0.836783
                ],
                [
                    243.087,
                    253.841,
                    0.771765
                ],
                [
                    246.033,
                    255.822,
                    0.817825
                ],
                [
                    255.811,
                    257.757,
                    0.734226
                ],
                [
                    245.991,
                    223.552,
                    0.572424
                ],
                [
                    247.034,
                    223.565,
                    0.575232
                ],
                [
                    253.886,
                    237.199,
                    0.703896
                ]
            ],
            "isKeyframe": false
        },
        {
            "bbox": [
                483.8999,
                102.5336,
                540.3011,
                380.75839999999994,
                0.5934273333333333
            ],
            "personID": 3,
            "keypoints": [
                [
                    499.369,
                    129.646,
                    0.787703
                ],
                [
                    533.619,
                    167.778,
                    0.668068
                ],
                [
                    535.601,
                    153.086,
                    0.543137
                ],
                [
                    0.0,
                    0.0,
                    0.0
                ],
                [
                    0.0,
                    0.0,
                    0.0
                ],
                [
                    528.726,
                    179.52,
                    0.717398
                ],
                [
                    519.922,
                    233.311,
                    0.84038
                ],
                [
                    491.567,
                    262.631,
                    0.838424
                ],
                [
                    527.725,
                    249.947,
                    0.406376
                ],
                [
                    527.748,
                    247.984,
                    0.257233
                ],
                [
                    505.288,
                    278.331,
                    0.420738
                ],
                [
                    506.267,
                    316.484,
                    0.673954
                ],
                [
                    525.804,
                    254.82,
                    0.442987
                ],
                [
                    514.081,
                    310.609,
                    0.619475
                ],
                [
                    507.201,
                    357.562,
                    0.70861
                ],
                [
                    0.0,
                    0.0,
                    0.0
                ],
                [
                    501.351,
                    125.719,
                    0.808193
                ],
                [
                    0.0,
                    0.0,
                    0.0
                ],
                [
                    513.086,
                    127.663,
                    0.899366
                ],
                [
                    495.447,
                    349.756,
                    0.198601
                ],
                [
                    500.348,
                    357.573,
                    0.247949
                ],
                [
                    507.197,
                    357.571,
                    0.463995
                ],
                [
                    488.6,
                    324.303,
                    0.825888
                ],
                [
                    488.645,
                    322.321,
                    0.743644
                ],
                [
                    511.117,
                    319.413,
                    0.349855
                ]
            ],
            "isKeyframe": false
        }
    ],
    "isKeyframe": false
}