{
    "filename": "images/1/002897.jpg",
    "height": 360,
    "width": 640,
    "annots": [
        {
            "bbox": [
                169.43260000000004,
                75.41279,
                243.39339999999999,
                244.45811,
                0.817814125
            ],
            "personID": 0,
            "keypoints": [
                [
                    196.132,
                    91.4888,
                    0.851885
                ],
                [
                    189.274,
                    106.176,
                    0.892144
                ],
                [
                    176.583,
                    112.999,
                    0.903241
                ],
                [
                    175.596,
                    139.411,
                    0.876846
                ],
                [
                    184.375,
                    160.892,
                    0.826369
                ],
                [
                    199.122,
                    101.242,
                    0.922185
                ],
                [
                    206.916,
                    123.759,
                    0.655751
                ],
                [
                    214.696,
                    146.275,
                    0.3768
                ],
                [
                    200.076,
                    157.007,
                    0.803052
                ],
                [
                    192.249,
                    159.935,
                    0.829179
                ],
                [
                    200.083,
                    191.268,
                    0.89327
                ],
                [
                    209.834,
                    221.553,
                    0.841536
                ],
                [
                    207.907,
                    153.138,
                    0.799018
                ],
                [
                    219.599,
                    183.458,
                    0.85406
                ],
                [
                    223.5,
                    212.758,
                    0.885609
                ],
                [
                    192.201,
                    90.4561,
                    0.947191
                ],
                [
                    197.112,
                    89.4999,
                    0.777862
                ],
                [
                    183.388,
                    90.5448,
                    0.925393
                ],
                [
                    0.0,
                    0.0,
                    0.0
                ],
                [
                    237.23,
                    214.734,
                    0.726153
                ],
                [
                    236.256,
                    213.723,
                    0.728277
                ],
                [
                    221.559,
                    215.703,
                    0.831616
                ],
                [
                    216.707,
                    229.417,
                    0.854212
                ],
                [
                    212.757,
                    230.371,
                    0.828896
                ],
                [
                    210.795,
                    223.508,
                    0.796994
                ]
            ],
            "isKeyframe": false
        },
        {
            "bbox": [
                52.10069000000001,
                165.5259,
                136.70320999999998,
                356.86710000000005,
                0.6074419714285714
            ],
            "personID": 1,
            "keypoints": [
                [
                    74.8965,
                    183.446,
                    0.892607
                ],
                [
                    66.9833,
                    222.56,
                    0.761359
                ],
                [
                    68.0233,
                    231.401,
                    0.740655
                ],
                [
                    108.102,
                    255.809,
                    0.801624
                ],
                [
                    98.2872,
                    235.269,
                    0.654164
                ],
                [
                    65.0759,
                    208.887,
                    0.552602
                ],
                [
                    91.474,
                    238.215,
                    0.0591156
                ],
                [
                    0.0,
                    0.0,
                    0.0
                ],
                [
                    106.175,
                    293.947,
                    0.458404
                ],
                [
                    107.135,
                    293.985,
                    0.595644
                ],
                [
                    129.653,
                    340.922,
                    0.569652
                ],
                [
                    0.0,
                    0.0,
                    0.0
                ],
                [
                    106.133,
                    292.993,
                    0.322156
                ],
                [
                    122.761,
                    337.973,
                    0.335176
                ],
                [
                    0.0,
                    0.0,
                    0.0
                ],
                [
                    70.9305,
                    181.471,
                    0.803199
                ],
                [
                    0.0,
                    0.0,
                    0.0
                ],
                [
                    59.1509,
                    191.239,
                    0.95783
                ],
                [
                    0.0,
                    0.0,
                    0.0
                ],
                [
                    0.0,
                    0.0,
                    0.0
                ],
                [
                    0.0,
                    0.0,
                    0.0
                ],
                [
                    0.0,
                    0.0,
                    0.0
                ],
                [
                    0.0,
                    0.0,
                    0.0
                ],
                [
                    0.0,
                    0.0,
                    0.0
                ],
                [
                    0.0,
                    0.0,
                    0.0
                ]
            ],
            "isKeyframe": false
        },
        {
            "bbox": [
                483.24269999999996,
                99.31219999999999,
                536.0703,
                381.05780000000004,
                0.5847985238095238
            ],
            "personID": 2,
            "keypoints": [
                [
                    498.425,
                    128.682,
                    0.738716
                ],
                [
                    529.741,
                    165.805,
                    0.635512
                ],
                [
                    531.668,
                    153.099,
                    0.469858
                ],
                [
                    0.0,
                    0.0,
                    0.0
                ],
                [
                    0.0,
                    0.0,
                    0.0
                ],
                [
                    528.777,
                    175.622,
                    0.762352
                ],
                [
                    520.878,
                    230.407,
                    0.88008
                ],
                [
                    493.512,
                    261.688,
                    0.822748
                ],
                [
                    521.905,
                    250.918,
                    0.376615
                ],
                [
                    520.902,
                    248.956,
                    0.266227
                ],
                [
                    505.236,
                    278.296,
                    0.380862
                ],
                [
                    506.222,
                    313.511,
                    0.675801
                ],
                [
                    524.807,
                    253.852,
                    0.451489
                ],
                [
                    513.036,
                    310.58,
                    0.676036
                ],
                [
                    506.257,
                    357.56,
                    0.698828
                ],
                [
                    0.0,
                    0.0,
                    0.0
                ],
                [
                    501.322,
                    122.791,
                    0.802348
                ],
                [
                    0.0,
                    0.0,
                    0.0
                ],
                [
                    513.062,
                    124.744,
                    0.866287
                ],
                [
                    497.435,
                    357.552,
                    0.177447
                ],
                [
                    502.32,
                    357.579,
                    0.231782
                ],
                [
                    506.25,
                    357.57,
                    0.461348
                ],
                [
                    487.645,
                    325.227,
                    0.813686
                ],
                [
                    488.59,
                    322.32,
                    0.734551
                ],
                [
                    511.127,
                    316.493,
                    0.358196
                ]
            ],
            "isKeyframe": false
        },
        {
            "bbox": [
                232.9339,
                141.9889,
                390.2191,
                264.0661,
                0.6834581304347825
            ],
            "personID": 3,
            "keypoints": [
                [
                    349.709,
                    154.067,
                    0.811434
                ],
                [
                    366.34,
                    183.452,
                    0.823995
                ],
                [
                    377.112,
                    181.479,
                    0.643134
                ],
                [
                    363.383,
                    199.075,
                    0.158851
                ],
                [
                    342.857,
                    190.237,
                    0.596306
                ],
                [
                    356.561,
                    185.366,
                    0.798825
                ],
                [
                    341.9,
                    214.77,
                    0.877986
                ],
                [
                    316.444,
                    217.644,
                    0.832489
                ],
                [
                    331.13,
                    223.562,
                    0.545122
                ],
                [
                    332.12,
                    219.608,
                    0.361714
                ],
                [
                    293.012,
                    214.717,
                    0.795624
                ],
                [
                    261.706,
                    230.349,
                    0.632063
                ],
                [
                    328.192,
                    229.412,
                    0.599347
                ],
                [
                    277.364,
                    230.379,
                    0.890617
                ],
                [
                    261.643,
                    251.898,
                    0.835315
                ],
                [
                    0.0,
                    0.0,
                    0.0
                ],
                [
                    354.618,
                    152.162,
                    0.851562
                ],
                [
                    0.0,
                    0.0,
                    0.0
                ],
                [
                    362.45,
                    160.893,
                    0.819994
                ],
                [
                    246.041,
                    250.914,
                    0.694822
                ],
                [
                    247.985,
                    253.868,
                    0.778135
                ],
                [
                    261.643,
                    253.893,
                    0.733949
                ],
                [
                    254.829,
                    229.365,
                    0.521681
                ],
                [
                    254.865,
                    225.498,
                    0.606621
                ],
                [
                    259.726,
                    230.406,
                    0.509951
                ]
            ],
            "isKeyframe": false
        }
    ],
    "isKeyframe": false
}