{
    "filename": "images/1/002881.jpg",
    "height": 360,
    "width": 640,
    "annots": [
        {
            "bbox": [
                170.39659999999998,
                74.32583999999999,
                244.39339999999999,
                244.57656000000003,
                0.8202308333333335
            ],
            "personID": 0,
            "keypoints": [
                [
                    199.033,
                    90.5208,
                    0.940979
                ],
                [
                    191.192,
                    106.153,
                    0.933225
                ],
                [
                    177.536,
                    112.025,
                    0.879784
                ],
                [
                    176.563,
                    138.433,
                    0.922717
                ],
                [
                    183.446,
                    160.888,
                    0.855017
                ],
                [
                    200.113,
                    101.264,
                    0.893034
                ],
                [
                    207.896,
                    122.812,
                    0.544303
                ],
                [
                    215.685,
                    145.308,
                    0.203128
                ],
                [
                    201.032,
                    154.101,
                    0.787958
                ],
                [
                    192.276,
                    158.004,
                    0.790517
                ],
                [
                    201.035,
                    190.288,
                    0.848217
                ],
                [
                    209.826,
                    220.582,
                    0.831953
                ],
                [
                    208.888,
                    153.065,
                    0.78554
                ],
                [
                    221.548,
                    181.462,
                    0.826895
                ],
                [
                    223.527,
                    209.857,
                    0.870388
                ],
                [
                    193.196,
                    89.5074,
                    0.944477
                ],
                [
                    199.047,
                    88.5134,
                    0.813308
                ],
                [
                    184.362,
                    90.5036,
                    0.975667
                ],
                [
                    0.0,
                    0.0,
                    0.0
                ],
                [
                    238.227,
                    213.746,
                    0.837899
                ],
                [
                    238.155,
                    210.822,
                    0.77707
                ],
                [
                    221.58,
                    214.738,
                    0.855903
                ],
                [
                    218.641,
                    230.339,
                    0.878498
                ],
                [
                    213.744,
                    230.389,
                    0.874998
                ],
                [
                    209.831,
                    222.566,
                    0.814065
                ]
            ],
            "isKeyframe": false
        },
        {
            "bbox": [
                482.9635,
                88.57320000000001,
                539.2855,
                382.0068,
                0.6731159523809525
            ],
            "personID": 1,
            "keypoints": [
                [
                    494.484,
                    119.851,
                    0.846898
                ],
                [
                    523.827,
                    150.151,
                    0.702408
                ],
                [
                    514.081,
                    143.303,
                    0.60097
                ],
                [
                    0.0,
                    0.0,
                    0.0
                ],
                [
                    0.0,
                    0.0,
                    0.0
                ],
                [
                    530.711,
                    156.024,
                    0.727605
                ],
                [
                    534.592,
                    210.822,
                    0.807121
                ],
                [
                    513.097,
                    252.893,
                    0.860681
                ],
                [
                    512.07,
                    238.22,
                    0.580899
                ],
                [
                    504.288,
                    236.257,
                    0.524957
                ],
                [
                    499.382,
                    283.183,
                    0.503197
                ],
                [
                    502.332,
                    311.556,
                    0.668871
                ],
                [
                    517.976,
                    241.141,
                    0.535916
                ],
                [
                    506.234,
                    298.842,
                    0.709564
                ],
                [
                    509.164,
                    348.726,
                    0.800509
                ],
                [
                    0.0,
                    0.0,
                    0.0
                ],
                [
                    496.481,
                    113.944,
                    0.921206
                ],
                [
                    0.0,
                    0.0,
                    0.0
                ],
                [
                    512.112,
                    113.026,
                    0.944806
                ],
                [
                    496.427,
                    348.74,
                    0.417193
                ],
                [
                    501.344,
                    357.554,
                    0.412338
                ],
                [
                    512.077,
                    349.766,
                    0.607172
                ],
                [
                    488.605,
                    326.228,
                    0.774601
                ],
                [
                    487.657,
                    324.258,
                    0.714219
                ],
                [
                    505.254,
                    314.511,
                    0.474304
                ]
            ],
            "isKeyframe": false
        },
        {
            "bbox": [
                52.10289999999999,
                165.6279,
                136.70409999999998,
                355.7690999999999,
                0.6096800142857143
            ],
            "personID": 2,
            "keypoints": [
                [
                    74.8925,
                    183.448,
                    0.904858
                ],
                [
                    66.9862,
                    222.537,
                    0.755193
                ],
                [
                    68.02,
                    231.374,
                    0.742461
                ],
                [
                    107.149,
                    255.813,
                    0.805042
                ],
                [
                    98.3285,
                    236.252,
                    0.642883
                ],
                [
                    66.0149,
                    208.883,
                    0.545908
                ],
                [
                    92.4389,
                    239.193,
                    0.0581772
                ],
                [
                    0.0,
                    0.0,
                    0.0
                ],
                [
                    106.146,
                    292.972,
                    0.464012
                ],
                [
                    107.109,
                    293.011,
                    0.600609
                ],
                [
                    129.654,
                    339.924,
                    0.571552
                ],
                [
                    0.0,
                    0.0,
                    0.0
                ],
                [
                    105.161,
                    292.963,
                    0.321329
                ],
                [
                    121.823,
                    336.021,
                    0.354178
                ],
                [
                    0.0,
                    0.0,
                    0.0
                ],
                [
                    70.9209,
                    181.473,
                    0.807706
                ],
                [
                    0.0,
                    0.0,
                    0.0
                ],
                [
                    59.153,
                    191.25,
                    0.961612
                ],
                [
                    0.0,
                    0.0,
                    0.0
                ],
                [
                    0.0,
                    0.0,
                    0.0
                ],
                [
                    0.0,
                    0.0,
                    0.0
                ],
                [
                    0.0,
                    0.0,
                    0.0
                ],
                [
                    0.0,
                    0.0,
                    0.0
                ],
                [
                    0.0,
                    0.0,
                    0.0
                ],
                [
                    0.0,
                    0.0,
                    0.0
                ]
            ],
            "isKeyframe": false
        },
        {
            "bbox": [
                252.20989999999995,
                148.796,
                389.51509999999996,
                247.43599999999998,
                0.5892286521739131
            ],
            "personID": 3,
            "keypoints": [
                [
                    353.629,
                    159.942,
                    0.330142
                ],
                [
                    365.356,
                    186.381,
                    0.72802
                ],
                [
                    376.128,
                    184.407,
                    0.599366
                ],
                [
                    348.756,
                    209.823,
                    0.157991
                ],
                [
                    0.0,
                    0.0,
                    0.0
                ],
                [
                    355.577,
                    190.235,
                    0.750432
                ],
                [
                    331.142,
                    215.697,
                    0.815103
                ],
                [
                    309.584,
                    215.671,
                    0.841856
                ],
                [
                    339.912,
                    231.378,
                    0.553155
                ],
                [
                    347.745,
                    230.345,
                    0.416353
                ],
                [
                    309.58,
                    202.99,
                    0.700171
                ],
                [
                    271.466,
                    201.022,
                    0.673862
                ],
                [
                    332.124,
                    236.255,
                    0.602917
                ],
                [
                    282.208,
                    220.593,
                    0.775955
                ],
                [
                    278.297,
                    238.193,
                    0.815641
                ],
                [
                    0.0,
                    0.0,
                    0.0
                ],
                [
                    356.533,
                    157.016,
                    0.361653
                ],
                [
                    378.073,
                    164.833,
                    0.12797
                ],
                [
                    363.383,
                    161.929,
                    0.636689
                ],
                [
                    264.615,
                    237.205,
                    0.700136
                ],
                [
                    268.519,
                    239.14,
                    0.801376
                ],
                [
                    279.308,
                    239.216,
                    0.703026
                ],
                [
                    263.652,
                    188.322,
                    0.43927
                ],
                [
                    264.631,
                    190.281,
                    0.455997
                ],
                [
                    269.513,
                    200.045,
                    0.565178
                ]
            ],
            "isKeyframe": false
        }
    ],
    "isKeyframe": false
}