{
    "filename": "images/1/002889.jpg",
    "height": 360,
    "width": 640,
    "annots": [
        {
            "bbox": [
                169.5362,
                75.37078000000001,
                242.32579999999996,
                244.43901999999997,
                0.8164229583333333
            ],
            "personID": 0,
            "keypoints": [
                [
                    198.088,
                    90.5458,
                    0.908938
                ],
                [
                    190.246,
                    106.152,
                    0.919243
                ],
                [
                    176.618,
                    112.95,
                    0.881042
                ],
                [
                    175.602,
                    137.498,
                    0.910285
                ],
                [
                    183.422,
                    159.917,
                    0.79839
                ],
                [
                    200.051,
                    101.253,
                    0.922187
                ],
                [
                    207.846,
                    123.772,
                    0.594388
                ],
                [
                    214.73,
                    146.251,
                    0.2859
                ],
                [
                    200.081,
                    155.061,
                    0.79902
                ],
                [
                    192.235,
                    158.964,
                    0.809182
                ],
                [
                    200.066,
                    191.245,
                    0.901221
                ],
                [
                    209.827,
                    220.586,
                    0.834669
                ],
                [
                    207.933,
                    153.084,
                    0.801388
                ],
                [
                    221.534,
                    183.403,
                    0.863209
                ],
                [
                    223.512,
                    212.767,
                    0.875986
                ],
                [
                    192.266,
                    89.5286,
                    0.962291
                ],
                [
                    198.116,
                    89.4598,
                    0.791574
                ],
                [
                    183.441,
                    90.499,
                    0.971388
                ],
                [
                    0.0,
                    0.0,
                    0.0
                ],
                [
                    236.26,
                    214.681,
                    0.69414
                ],
                [
                    235.267,
                    211.804,
                    0.692608
                ],
                [
                    221.583,
                    215.709,
                    0.849125
                ],
                [
                    217.657,
                    229.38,
                    0.858907
                ],
                [
                    212.783,
                    230.35,
                    0.8471
                ],
                [
                    209.852,
                    222.578,
                    0.82197
                ]
            ],
            "isKeyframe": false
        },
        {
            "bbox": [
                242.6198,
                143.68550000000002,
                389.33419999999995,
                256.39549999999997,
                0.6369203913043479
            ],
            "personID": 1,
            "keypoints": [
                [
                    351.661,
                    154.069,
                    0.562863
                ],
                [
                    364.433,
                    185.413,
                    0.783077
                ],
                [
                    377.108,
                    182.424,
                    0.623927
                ],
                [
                    362.415,
                    199.063,
                    0.161131
                ],
                [
                    343.844,
                    190.289,
                    0.597795
                ],
                [
                    354.609,
                    191.205,
                    0.768719
                ],
                [
                    336.008,
                    215.738,
                    0.844296
                ],
                [
                    313.526,
                    216.663,
                    0.829235
                ],
                [
                    336.027,
                    230.367,
                    0.509078
                ],
                [
                    344.815,
                    228.431,
                    0.344909
                ],
                [
                    294.968,
                    208.854,
                    0.600562
                ],
                [
                    264.632,
                    215.731,
                    0.627049
                ],
                [
                    331.118,
                    232.365,
                    0.595333
                ],
                [
                    280.256,
                    222.582,
                    0.828385
                ],
                [
                    269.528,
                    245.068,
                    0.811357
                ],
                [
                    0.0,
                    0.0,
                    0.0
                ],
                [
                    355.623,
                    153.078,
                    0.647083
                ],
                [
                    0.0,
                    0.0,
                    0.0
                ],
                [
                    363.372,
                    161.928,
                    0.75745
                ],
                [
                    254.846,
                    245.042,
                    0.759688
                ],
                [
                    257.762,
                    246.987,
                    0.779391
                ],
                [
                    270.457,
                    247.003,
                    0.751248
                ],
                [
                    256.79,
                    205.907,
                    0.443105
                ],
                [
                    259.725,
                    206.908,
                    0.478507
                ],
                [
                    262.638,
                    216.678,
                    0.544981
                ]
            ],
            "isKeyframe": false
        },
        {
            "bbox": [
                52.10318999999999,
                165.6139,
                136.71171,
                355.8151,
                0.6097179071428572
            ],
            "personID": 2,
            "keypoints": [
                [
                    74.8935,
                    183.435,
                    0.88999
                ],
                [
                    66.9803,
                    222.551,
                    0.7541
                ],
                [
                    68.0271,
                    231.393,
                    0.739548
                ],
                [
                    107.16,
                    255.814,
                    0.796238
                ],
                [
                    98.2824,
                    236.232,
                    0.6471
                ],
                [
                    65.0654,
                    208.874,
                    0.543868
                ],
                [
                    90.5214,
                    239.202,
                    0.0527697
                ],
                [
                    0.0,
                    0.0,
                    0.0
                ],
                [
                    106.149,
                    293.003,
                    0.476025
                ],
                [
                    107.13,
                    293.961,
                    0.601083
                ],
                [
                    129.661,
                    339.965,
                    0.578057
                ],
                [
                    0.0,
                    0.0,
                    0.0
                ],
                [
                    105.159,
                    292.99,
                    0.334171
                ],
                [
                    121.813,
                    337.003,
                    0.362315
                ],
                [
                    0.0,
                    0.0,
                    0.0
                ],
                [
                    70.9381,
                    181.464,
                    0.80072
                ],
                [
                    0.0,
                    0.0,
                    0.0
                ],
                [
                    59.1539,
                    191.24,
                    0.960066
                ],
                [
                    0.0,
                    0.0,
                    0.0
                ],
                [
                    0.0,
                    0.0,
                    0.0
                ],
                [
                    0.0,
                    0.0,
                    0.0
                ],
                [
                    0.0,
                    0.0,
                    0.0
                ],
                [
                    0.0,
                    0.0,
                    0.0
                ],
                [
                    0.0,
                    0.0,
                    0.0
                ],
                [
                    0.0,
                    0.0,
                    0.0
                ]
            ],
            "isKeyframe": false
        },
        {
            "bbox": [
                483.4433,
                97.08160000000004,
                533.9477,
                381.2584,
                0.587509619047619
            ],
            "personID": 3,
            "keypoints": [
                [
                    496.476,
                    124.75,
                    0.858588
                ],
                [
                    527.755,
                    158.968,
                    0.735451
                ],
                [
                    521.906,
                    152.135,
                    0.549768
                ],
                [
                    0.0,
                    0.0,
                    0.0
                ],
                [
                    0.0,
                    0.0,
                    0.0
                ],
                [
                    529.739,
                    165.796,
                    0.726289
                ],
                [
                    527.706,
                    222.512,
                    0.854803
                ],
                [
                    503.294,
                    256.777,
                    0.786407
                ],
                [
                    517.96,
                    247.022,
                    0.407145
                ],
                [
                    513.097,
                    245.048,
                    0.271093
                ],
                [
                    505.258,
                    280.262,
                    0.257701
                ],
                [
                    504.233,
                    309.602,
                    0.573895
                ],
                [
                    519.898,
                    250.907,
                    0.541967
                ],
                [
                    509.175,
                    307.653,
                    0.697184
                ],
                [
                    505.305,
                    357.549,
                    0.740601
                ],
                [
                    0.0,
                    0.0,
                    0.0
                ],
                [
                    497.481,
                    120.766,
                    0.875826
                ],
                [
                    0.0,
                    0.0,
                    0.0
                ],
                [
                    513.044,
                    120.763,
                    0.922859
                ],
                [
                    503.273,
                    357.56,
                    0.178043
                ],
                [
                    505.243,
                    357.577,
                    0.253595
                ],
                [
                    506.233,
                    357.564,
                    0.565457
                ],
                [
                    487.652,
                    325.25,
                    0.658682
                ],
                [
                    487.653,
                    323.299,
                    0.591615
                ],
                [
                    504.283,
                    311.577,
                    0.290733
                ]
            ],
            "isKeyframe": false
        }
    ],
    "isKeyframe": false
}