{
    "filename": "images/1/002973.jpg",
    "height": 360,
    "width": 640,
    "annots": [
        {
            "bbox": [
                254.52410000000003,
                128.4819,
                387.1949,
                342.1071,
                0.8234107083333333
            ],
            "personID": 0,
            "keypoints": [
                [
                    332.146,
                    152.109,
                    0.948375
                ],
                [
                    340.93,
                    175.571,
                    0.934585
                ],
                [
                    326.227,
                    172.668,
                    0.851045
                ],
                [
                    317.479,
                    195.174,
                    0.846171
                ],
                [
                    306.68,
                    202.025,
                    0.824346
                ],
                [
                    356.553,
                    176.571,
                    0.901962
                ],
                [
                    376.139,
                    197.124,
                    0.807055
                ],
                [
                    357.57,
                    214.736,
                    0.870391
                ],
                [
                    325.227,
                    231.368,
                    0.844357
                ],
                [
                    314.491,
                    230.351,
                    0.797347
                ],
                [
                    293.008,
                    264.611,
                    0.871284
                ],
                [
                    285.103,
                    311.56,
                    0.814203
                ],
                [
                    335.038,
                    234.294,
                    0.745991
                ],
                [
                    324.322,
                    269.462,
                    0.887902
                ],
                [
                    309.613,
                    317.399,
                    0.855883
                ],
                [
                    331.129,
                    146.284,
                    0.846988
                ],
                [
                    338.916,
                    147.225,
                    0.872149
                ],
                [
                    0.0,
                    0.0,
                    0.0
                ],
                [
                    348.742,
                    152.094,
                    0.951742
                ],
                [
                    300.83,
                    322.322,
                    0.751458
                ],
                [
                    308.593,
                    324.305,
                    0.750712
                ],
                [
                    309.616,
                    322.321,
                    0.600709
                ],
                [
                    265.58,
                    316.436,
                    0.717736
                ],
                [
                    266.583,
                    313.52,
                    0.66483
                ],
                [
                    286.176,
                    317.428,
                    0.804636
                ]
            ],
            "isKeyframe": false
        },
        {
            "bbox": [
                185.542,
                67.44958000000001,
                241.89400000000003,
                237.76821999999999,
                0.7803867916666668
            ],
            "personID": 1,
            "keypoints": [
                [
                    209.846,
                    82.7153,
                    0.863111
                ],
                [
                    202.01,
                    98.287,
                    0.898489
                ],
                [
                    192.2,
                    103.21,
                    0.863409
                ],
                [
                    190.238,
                    128.647,
                    0.881286
                ],
                [
                    195.166,
                    149.203,
                    0.78463
                ],
                [
                    214.669,
                    93.4186,
                    0.858137
                ],
                [
                    216.69,
                    114.957,
                    0.468739
                ],
                [
                    222.556,
                    135.472,
                    0.177923
                ],
                [
                    213.717,
                    145.284,
                    0.808965
                ],
                [
                    206.879,
                    146.282,
                    0.797934
                ],
                [
                    214.748,
                    181.461,
                    0.865728
                ],
                [
                    214.736,
                    215.701,
                    0.892882
                ],
                [
                    218.645,
                    144.295,
                    0.773632
                ],
                [
                    222.552,
                    176.617,
                    0.83461
                ],
                [
                    223.501,
                    206.919,
                    0.902649
                ],
                [
                    206.944,
                    81.6739,
                    0.92156
                ],
                [
                    211.808,
                    81.6428,
                    0.699014
                ],
                [
                    199.069,
                    81.7201,
                    0.923258
                ],
                [
                    0.0,
                    0.0,
                    0.0
                ],
                [
                    237.198,
                    212.763,
                    0.763261
                ],
                [
                    236.232,
                    208.867,
                    0.73406
                ],
                [
                    222.522,
                    208.891,
                    0.704163
                ],
                [
                    223.505,
                    223.522,
                    0.803676
                ],
                [
                    216.706,
                    223.575,
                    0.760616
                ],
                [
                    213.734,
                    218.648,
                    0.747551
                ]
            ],
            "isKeyframe": false
        },
        {
            "bbox": [
                50.94550000000001,
                166.9502,
                137.8315,
                352.4678,
                0.666124153846154
            ],
            "personID": 2,
            "keypoints": [
                [
                    74.8612,
                    184.359,
                    0.908816
                ],
                [
                    66.04,
                    222.58,
                    0.737447
                ],
                [
                    68.9645,
                    231.39,
                    0.721392
                ],
                [
                    108.119,
                    253.891,
                    0.827639
                ],
                [
                    97.3435,
                    234.281,
                    0.666788
                ],
                [
                    64.0706,
                    210.83,
                    0.50018
                ],
                [
                    0.0,
                    0.0,
                    0.0
                ],
                [
                    0.0,
                    0.0,
                    0.0
                ],
                [
                    105.175,
                    292.996,
                    0.509432
                ],
                [
                    107.133,
                    292.997,
                    0.59861
                ],
                [
                    130.591,
                    337.008,
                    0.58668
                ],
                [
                    0.0,
                    0.0,
                    0.0
                ],
                [
                    100.291,
                    293.946,
                    0.391136
                ],
                [
                    120.819,
                    334.073,
                    0.434984
                ],
                [
                    0.0,
                    0.0,
                    0.0
                ],
                [
                    68.9821,
                    182.41,
                    0.837156
                ],
                [
                    0.0,
                    0.0,
                    0.0
                ],
                [
                    58.186,
                    191.277,
                    0.939354
                ],
                [
                    0.0,
                    0.0,
                    0.0
                ],
                [
                    0.0,
                    0.0,
                    0.0
                ],
                [
                    0.0,
                    0.0,
                    0.0
                ],
                [
                    0.0,
                    0.0,
                    0.0
                ],
                [
                    0.0,
                    0.0,
                    0.0
                ],
                [
                    0.0,
                    0.0,
                    0.0
                ],
                [
                    0.0,
                    0.0,
                    0.0
                ]
            ],
            "isKeyframe": false
        },
        {
            "bbox": [
                487.0491999999999,
                113.24019999999999,
                599.7508,
                379.79380000000003,
                0.65279026875
            ],
            "personID": 3,
            "keypoints": [
                [
                    0.0,
                    0.0,
                    0.0
                ],
                [
                    559.015,
                    184.37,
                    0.877835
                ],
                [
                    588.383,
                    185.395,
                    0.770288
                ],
                [
                    590.359,
                    238.231,
                    0.866991
                ],
                [
                    581.539,
                    273.42,
                    0.800514
                ],
                [
                    527.778,
                    182.412,
                    0.796219
                ],
                [
                    514.069,
                    232.349,
                    0.775522
                ],
                [
                    520.885,
                    260.701,
                    0.43283
                ],
                [
                    540.452,
                    276.333,
                    0.610369
                ],
                [
                    557.096,
                    278.298,
                    0.618023
                ],
                [
                    541.45,
                    327.223,
                    0.761663
                ],
                [
                    531.646,
                    357.581,
                    0.107919
                ],
                [
                    522.869,
                    272.45,
                    0.577327
                ],
                [
                    506.269,
                    324.295,
                    0.836596
                ],
                [
                    496.441,
                    357.58,
                    0.0911103
                ],
                [
                    0.0,
                    0.0,
                    0.0
                ],
                [
                    0.0,
                    0.0,
                    0.0
                ],
                [
                    577.629,
                    137.453,
                    0.689956
                ],
                [
                    547.318,
                    135.453,
                    0.831482
                ],
                [
                    0.0,
                    0.0,
                    0.0
                ],
                [
                    0.0,
                    0.0,
                    0.0
                ],
                [
                    0.0,
                    0.0,
                    0.0
                ],
                [
                    0.0,
                    0.0,
                    0.0
                ],
                [
                    0.0,
                    0.0,
                    0.0
                ],
                [
                    0.0,
                    0.0,
                    0.0
                ]
            ],
            "isKeyframe": false
        }
    ],
    "isKeyframe": false
}