{
    "filename": "images/1/002954.jpg",
    "height": 360,
    "width": 640,
    "annots": [
        {
            "bbox": [
                223.7308,
                128.2815,
                385.7452,
                332.5155,
                0.793808625
            ],
            "personID": 0,
            "keypoints": [
                [
                    338.96,
                    151.13,
                    0.900237
                ],
                [
                    347.779,
                    175.573,
                    0.909771
                ],
                [
                    334.092,
                    169.742,
                    0.855078
                ],
                [
                    329.182,
                    195.179,
                    0.744321
                ],
                [
                    310.626,
                    199.106,
                    0.876052
                ],
                [
                    360.472,
                    177.581,
                    0.785885
                ],
                [
                    372.244,
                    202.001,
                    0.850301
                ],
                [
                    349.733,
                    216.719,
                    0.842832
                ],
                [
                    322.323,
                    229.403,
                    0.768205
                ],
                [
                    312.538,
                    223.557,
                    0.772103
                ],
                [
                    285.158,
                    254.844,
                    0.859555
                ],
                [
                    255.808,
                    293.985,
                    0.826654
                ],
                [
                    332.07,
                    232.344,
                    0.745125
                ],
                [
                    308.673,
                    266.571,
                    0.848029
                ],
                [
                    285.118,
                    308.622,
                    0.835233
                ],
                [
                    338.959,
                    145.301,
                    0.661442
                ],
                [
                    341.929,
                    146.273,
                    0.874781
                ],
                [
                    0.0,
                    0.0,
                    0.0
                ],
                [
                    355.604,
                    152.154,
                    0.972585
                ],
                [
                    276.352,
                    311.586,
                    0.678303
                ],
                [
                    281.243,
                    315.496,
                    0.693227
                ],
                [
                    283.177,
                    310.591,
                    0.581507
                ],
                [
                    237.232,
                    291.01,
                    0.733735
                ],
                [
                    239.162,
                    288.109,
                    0.679992
                ],
                [
                    256.799,
                    301.761,
                    0.756454
                ]
            ],
            "isKeyframe": false
        },
        {
            "bbox": [
                185.64190000000002,
                67.88073000000001,
                240.8311,
                245.11557,
                0.7800125416666667
            ],
            "personID": 1,
            "keypoints": [
                [
                    206.944,
                    86.5683,
                    0.894986
                ],
                [
                    200.103,
                    98.3724,
                    0.918662
                ],
                [
                    191.207,
                    105.134,
                    0.901492
                ],
                [
                    190.241,
                    130.599,
                    0.849994
                ],
                [
                    194.19,
                    152.16,
                    0.809906
                ],
                [
                    213.723,
                    95.3756,
                    0.851913
                ],
                [
                    216.712,
                    116.922,
                    0.535646
                ],
                [
                    222.531,
                    137.442,
                    0.135695
                ],
                [
                    210.829,
                    147.222,
                    0.759493
                ],
                [
                    205.9,
                    150.163,
                    0.766402
                ],
                [
                    210.804,
                    184.379,
                    0.820514
                ],
                [
                    213.707,
                    219.619,
                    0.807045
                ],
                [
                    216.72,
                    145.279,
                    0.764724
                ],
                [
                    221.56,
                    179.505,
                    0.792402
                ],
                [
                    222.594,
                    206.93,
                    0.8854
                ],
                [
                    203.977,
                    82.7126,
                    0.858847
                ],
                [
                    207.886,
                    82.6503,
                    0.843016
                ],
                [
                    194.183,
                    83.661,
                    0.852192
                ],
                [
                    0.0,
                    0.0,
                    0.0
                ],
                [
                    236.231,
                    212.774,
                    0.781449
                ],
                [
                    236.232,
                    208.861,
                    0.768906
                ],
                [
                    221.557,
                    209.851,
                    0.750761
                ],
                [
                    219.609,
                    229.408,
                    0.793497
                ],
                [
                    214.681,
                    230.346,
                    0.814111
                ],
                [
                    211.789,
                    222.525,
                    0.763248
                ]
            ],
            "isKeyframe": false
        },
        {
            "bbox": [
                50.17478,
                164.91000000000003,
                146.43902,
                375.09,
                0.60344078
            ],
            "personID": 2,
            "keypoints": [
                [
                    74.8279,
                    183.461,
                    0.913333
                ],
                [
                    66.043,
                    222.526,
                    0.750438
                ],
                [
                    68.9627,
                    231.379,
                    0.740802
                ],
                [
                    110.04,
                    254.803,
                    0.844669
                ],
                [
                    97.3678,
                    235.255,
                    0.724647
                ],
                [
                    64.082,
                    208.859,
                    0.553281
                ],
                [
                    0.0,
                    0.0,
                    0.0
                ],
                [
                    0.0,
                    0.0,
                    0.0
                ],
                [
                    105.168,
                    292.014,
                    0.521596
                ],
                [
                    107.126,
                    292.019,
                    0.59924
                ],
                [
                    129.667,
                    334.088,
                    0.59878
                ],
                [
                    138.417,
                    357.575,
                    0.0629844
                ],
                [
                    100.287,
                    292.959,
                    0.406211
                ],
                [
                    120.823,
                    333.078,
                    0.465875
                ],
                [
                    130.615,
                    357.574,
                    0.0707433
                ],
                [
                    68.9694,
                    182.425,
                    0.835621
                ],
                [
                    0.0,
                    0.0,
                    0.0
                ],
                [
                    58.1968,
                    191.292,
                    0.963391
                ],
                [
                    0.0,
                    0.0,
                    0.0
                ],
                [
                    0.0,
                    0.0,
                    0.0
                ],
                [
                    0.0,
                    0.0,
                    0.0
                ],
                [
                    0.0,
                    0.0,
                    0.0
                ],
                [
                    0.0,
                    0.0,
                    0.0
                ],
                [
                    0.0,
                    0.0,
                    0.0
                ],
                [
                    0.0,
                    0.0,
                    0.0
                ]
            ],
            "isKeyframe": false
        },
        {
            "bbox": [
                488.0103000000001,
                106.9049,
                600.7227000000001,
                380.3741,
                0.6104804333333333
            ],
            "personID": 3,
            "keypoints": [
                [
                    0.0,
                    0.0,
                    0.0
                ],
                [
                    560.076,
                    184.401,
                    0.878297
                ],
                [
                    590.319,
                    183.428,
                    0.825234
                ],
                [
                    591.33,
                    234.281,
                    0.811212
                ],
                [
                    582.516,
                    262.682,
                    0.847855
                ],
                [
                    533.626,
                    185.382,
                    0.75941
                ],
                [
                    519.891,
                    236.253,
                    0.818209
                ],
                [
                    513.063,
                    265.58,
                    0.764554
                ],
                [
                    544.377,
                    272.452,
                    0.634202
                ],
                [
                    559.993,
                    276.339,
                    0.631577
                ],
                [
                    543.353,
                    325.236,
                    0.775784
                ],
                [
                    532.633,
                    357.582,
                    0.140334
                ],
                [
                    528.744,
                    270.484,
                    0.620621
                ],
                [
                    505.271,
                    317.441,
                    0.836792
                ],
                [
                    497.407,
                    357.579,
                    0.263391
                ],
                [
                    0.0,
                    0.0,
                    0.0
                ],
                [
                    541.433,
                    129.694,
                    0.0648538
                ],
                [
                    574.731,
                    137.469,
                    0.360758
                ],
                [
                    546.36,
                    137.413,
                    0.848535
                ],
                [
                    0.0,
                    0.0,
                    0.0
                ],
                [
                    0.0,
                    0.0,
                    0.0
                ],
                [
                    497.403,
                    357.585,
                    0.107029
                ],
                [
                    0.0,
                    0.0,
                    0.0
                ],
                [
                    0.0,
                    0.0,
                    0.0
                ],
                [
                    0.0,
                    0.0,
                    0.0
                ]
            ],
            "isKeyframe": false
        }
    ],
    "isKeyframe": false
}