{
    "filename": "images/1/002949.jpg",
    "height": 360,
    "width": 640,
    "annots": [
        {
            "bbox": [
                184.5019,
                67.88850000000002,
                241.9831,
                245.1345,
                0.7870503750000001
            ],
            "personID": 0,
            "keypoints": [
                [
                    206.877,
                    86.5918,
                    0.890471
                ],
                [
                    199.118,
                    99.3032,
                    0.926139
                ],
                [
                    189.292,
                    105.188,
                    0.865039
                ],
                [
                    190.24,
                    131.598,
                    0.812114
                ],
                [
                    194.17,
                    153.063,
                    0.826317
                ],
                [
                    209.844,
                    95.3768,
                    0.846146
                ],
                [
                    215.69,
                    118.863,
                    0.513757
                ],
                [
                    222.513,
                    140.374,
                    0.170393
                ],
                [
                    209.84,
                    148.216,
                    0.755719
                ],
                [
                    203.955,
                    151.146,
                    0.763544
                ],
                [
                    207.932,
                    186.342,
                    0.854442
                ],
                [
                    210.811,
                    219.619,
                    0.794739
                ],
                [
                    216.698,
                    146.238,
                    0.76378
                ],
                [
                    221.56,
                    180.482,
                    0.814345
                ],
                [
                    222.543,
                    207.852,
                    0.882596
                ],
                [
                    201.066,
                    83.6287,
                    0.881986
                ],
                [
                    206.935,
                    82.659,
                    0.870665
                ],
                [
                    192.247,
                    83.6565,
                    0.913472
                ],
                [
                    0.0,
                    0.0,
                    0.0
                ],
                [
                    237.193,
                    211.792,
                    0.808293
                ],
                [
                    236.246,
                    207.923,
                    0.815551
                ],
                [
                    219.599,
                    210.81,
                    0.742826
                ],
                [
                    219.622,
                    230.339,
                    0.793635
                ],
                [
                    214.676,
                    230.364,
                    0.809788
                ],
                [
                    208.885,
                    222.566,
                    0.773452
                ]
            ],
            "isKeyframe": false
        },
        {
            "bbox": [
                217.34680000000003,
                128.47500000000002,
                385.2772,
                330.351,
                0.7805082083333333
            ],
            "personID": 1,
            "keypoints": [
                [
                    339.926,
                    151.14,
                    0.927383
                ],
                [
                    348.78,
                    174.627,
                    0.868495
                ],
                [
                    338.946,
                    168.792,
                    0.852474
                ],
                [
                    332.139,
                    194.201,
                    0.736168
                ],
                [
                    314.48,
                    199.061,
                    0.814619
                ],
                [
                    362.425,
                    176.622,
                    0.813024
                ],
                [
                    371.283,
                    203.981,
                    0.862421
                ],
                [
                    347.786,
                    218.626,
                    0.876386
                ],
                [
                    323.315,
                    226.464,
                    0.750878
                ],
                [
                    315.449,
                    222.545,
                    0.79013
                ],
                [
                    281.241,
                    253.819,
                    0.83106
                ],
                [
                    250.918,
                    288.111,
                    0.784218
                ],
                [
                    332.067,
                    231.341,
                    0.754509
                ],
                [
                    302.765,
                    265.594,
                    0.803043
                ],
                [
                    277.303,
                    307.63,
                    0.819592
                ],
                [
                    339.938,
                    145.298,
                    0.515754
                ],
                [
                    344.809,
                    146.291,
                    0.843941
                ],
                [
                    0.0,
                    0.0,
                    0.0
                ],
                [
                    356.532,
                    153.059,
                    0.976044
                ],
                [
                    268.497,
                    309.653,
                    0.63996
                ],
                [
                    271.488,
                    313.528,
                    0.652958
                ],
                [
                    276.323,
                    309.618,
                    0.639836
                ],
                [
                    231.341,
                    285.12,
                    0.767707
                ],
                [
                    233.316,
                    284.143,
                    0.677631
                ],
                [
                    251.875,
                    294.938,
                    0.733966
                ]
            ],
            "isKeyframe": false
        },
        {
            "bbox": [
                50.27680000000001,
                165.9488,
                145.4152,
                375.0032,
                0.5677061375
            ],
            "personID": 2,
            "keypoints": [
                [
                    74.8312,
                    184.394,
                    0.903349
                ],
                [
                    66.0522,
                    222.535,
                    0.74727
                ],
                [
                    68.9679,
                    231.395,
                    0.733603
                ],
                [
                    110.044,
                    254.815,
                    0.838428
                ],
                [
                    97.3107,
                    233.316,
                    0.695703
                ],
                [
                    64.0953,
                    208.846,
                    0.553694
                ],
                [
                    0.0,
                    0.0,
                    0.0
                ],
                [
                    0.0,
                    0.0,
                    0.0
                ],
                [
                    105.167,
                    292.016,
                    0.516698
                ],
                [
                    107.13,
                    292.018,
                    0.59787
                ],
                [
                    129.664,
                    334.062,
                    0.609003
                ],
                [
                    137.487,
                    357.576,
                    0.0739936
                ],
                [
                    100.284,
                    292.965,
                    0.401089
                ],
                [
                    120.809,
                    333.067,
                    0.469291
                ],
                [
                    130.606,
                    357.575,
                    0.0774185
                ],
                [
                    68.9818,
                    183.37,
                    0.842229
                ],
                [
                    0.0,
                    0.0,
                    0.0
                ],
                [
                    58.205,
                    191.294,
                    0.966865
                ],
                [
                    0.0,
                    0.0,
                    0.0
                ],
                [
                    0.0,
                    0.0,
                    0.0
                ],
                [
                    0.0,
                    0.0,
                    0.0
                ],
                [
                    135.489,
                    357.582,
                    0.0567941
                ],
                [
                    0.0,
                    0.0,
                    0.0
                ],
                [
                    0.0,
                    0.0,
                    0.0
                ],
                [
                    0.0,
                    0.0,
                    0.0
                ]
            ],
            "isKeyframe": false
        },
        {
            "bbox": [
                479.56229999999994,
                107.928,
                600.4107,
                380.28,
                0.5837400631578947
            ],
            "personID": 3,
            "keypoints": [
                [
                    0.0,
                    0.0,
                    0.0
                ],
                [
                    559.99,
                    184.423,
                    0.893426
                ],
                [
                    586.458,
                    183.387,
                    0.775179
                ],
                [
                    590.34,
                    232.322,
                    0.838679
                ],
                [
                    577.633,
                    262.644,
                    0.799954
                ],
                [
                    532.631,
                    187.348,
                    0.734008
                ],
                [
                    517.958,
                    238.172,
                    0.82048
                ],
                [
                    509.176,
                    263.649,
                    0.828979
                ],
                [
                    544.359,
                    274.406,
                    0.617772
                ],
                [
                    559.066,
                    277.316,
                    0.633046
                ],
                [
                    542.426,
                    325.256,
                    0.767584
                ],
                [
                    530.702,
                    357.582,
                    0.129222
                ],
                [
                    528.756,
                    271.464,
                    0.614339
                ],
                [
                    505.22,
                    314.484,
                    0.818066
                ],
                [
                    499.395,
                    357.578,
                    0.304943
                ],
                [
                    0.0,
                    0.0,
                    0.0
                ],
                [
                    536.589,
                    130.624,
                    0.0820569
                ],
                [
                    571.779,
                    137.432,
                    0.32436
                ],
                [
                    544.336,
                    136.514,
                    0.918939
                ],
                [
                    489.633,
                    357.584,
                    0.0564443
                ],
                [
                    0.0,
                    0.0,
                    0.0
                ],
                [
                    499.389,
                    357.584,
                    0.133584
                ],
                [
                    0.0,
                    0.0,
                    0.0
                ],
                [
                    0.0,
                    0.0,
                    0.0
                ],
                [
                    0.0,
                    0.0,
                    0.0
                ]
            ],
            "isKeyframe": false
        }
    ],
    "isKeyframe": false
}