{
    "filename": "images/1/002907.jpg",
    "height": 360,
    "width": 640,
    "annots": [
        {
            "bbox": [
                217.96029999999996,
                140.4137,
                378.7807,
                281.2133,
                0.7316602380952382
            ],
            "personID": 0,
            "keypoints": [
                [
                    350.696,
                    153.105,
                    0.831887
                ],
                [
                    363.404,
                    182.44,
                    0.769155
                ],
                [
                    365.379,
                    175.624,
                    0.542651
                ],
                [
                    350.682,
                    198.093,
                    0.235726
                ],
                [
                    335.049,
                    191.246,
                    0.597084
                ],
                [
                    358.535,
                    185.383,
                    0.756711
                ],
                [
                    350.681,
                    214.732,
                    0.862813
                ],
                [
                    323.294,
                    219.617,
                    0.81143
                ],
                [
                    325.297,
                    222.527,
                    0.668583
                ],
                [
                    324.275,
                    215.74,
                    0.610427
                ],
                [
                    282.224,
                    223.543,
                    0.798308
                ],
                [
                    247.035,
                    239.217,
                    0.845383
                ],
                [
                    328.188,
                    226.466,
                    0.577945
                ],
                [
                    278.309,
                    239.21,
                    0.829581
                ],
                [
                    247.048,
                    265.586,
                    0.794192
                ],
                [
                    0.0,
                    0.0,
                    0.0
                ],
                [
                    355.612,
                    152.147,
                    0.910522
                ],
                [
                    0.0,
                    0.0,
                    0.0
                ],
                [
                    363.447,
                    160.899,
                    0.944934
                ],
                [
                    231.362,
                    263.638,
                    0.71781
                ],
                [
                    236.226,
                    268.5,
                    0.736387
                ],
                [
                    247.003,
                    269.48,
                    0.751011
                ],
                [
                    0.0,
                    0.0,
                    0.0
                ],
                [
                    0.0,
                    0.0,
                    0.0
                ],
                [
                    246.029,
                    245.025,
                    0.772325
                ]
            ],
            "isKeyframe": false
        },
        {
            "bbox": [
                170.42540000000002,
                75.43874000000001,
                244.3406,
                244.50266,
                0.7866382499999999
            ],
            "personID": 1,
            "keypoints": [
                [
                    195.182,
                    92.4586,
                    0.819721
                ],
                [
                    189.268,
                    106.166,
                    0.88979
                ],
                [
                    176.585,
                    113.948,
                    0.901444
                ],
                [
                    176.621,
                    140.394,
                    0.852669
                ],
                [
                    183.406,
                    159.95,
                    0.789218
                ],
                [
                    199.114,
                    99.2826,
                    0.924507
                ],
                [
                    206.851,
                    121.843,
                    0.398901
                ],
                [
                    213.726,
                    144.268,
                    0.166096
                ],
                [
                    201.054,
                    155.049,
                    0.7832
                ],
                [
                    193.241,
                    158.964,
                    0.783527
                ],
                [
                    201.028,
                    191.221,
                    0.879576
                ],
                [
                    209.825,
                    221.576,
                    0.859728
                ],
                [
                    208.869,
                    153.069,
                    0.800974
                ],
                [
                    218.64,
                    182.446,
                    0.832223
                ],
                [
                    223.504,
                    209.842,
                    0.884805
                ],
                [
                    192.194,
                    90.5088,
                    0.91408
                ],
                [
                    195.172,
                    89.5274,
                    0.670206
                ],
                [
                    183.37,
                    92.4437,
                    0.853247
                ],
                [
                    0.0,
                    0.0,
                    0.0
                ],
                [
                    238.181,
                    214.71,
                    0.795529
                ],
                [
                    237.226,
                    211.794,
                    0.745512
                ],
                [
                    221.553,
                    214.754,
                    0.844402
                ],
                [
                    221.574,
                    230.353,
                    0.848979
                ],
                [
                    214.726,
                    230.414,
                    0.824479
                ],
                [
                    208.885,
                    223.531,
                    0.816505
                ]
            ],
            "isKeyframe": false
        },
        {
            "bbox": [
                52.10306,
                166.57059999999998,
                136.72153999999998,
                356.73939999999993,
                0.6462722307692308
            ],
            "personID": 2,
            "keypoints": [
                [
                    75.8028,
                    183.465,
                    0.891534
                ],
                [
                    66.0658,
                    222.567,
                    0.751686
                ],
                [
                    68.9803,
                    232.329,
                    0.726954
                ],
                [
                    108.117,
                    254.866,
                    0.808702
                ],
                [
                    97.3589,
                    234.298,
                    0.623912
                ],
                [
                    64.0831,
                    208.867,
                    0.533805
                ],
                [
                    0.0,
                    0.0,
                    0.0
                ],
                [
                    0.0,
                    0.0,
                    0.0
                ],
                [
                    106.148,
                    293.939,
                    0.456636
                ],
                [
                    107.151,
                    293.958,
                    0.586509
                ],
                [
                    129.67,
                    340.892,
                    0.569359
                ],
                [
                    0.0,
                    0.0,
                    0.0
                ],
                [
                    104.193,
                    293.946,
                    0.324238
                ],
                [
                    121.807,
                    336.022,
                    0.349152
                ],
                [
                    0.0,
                    0.0,
                    0.0
                ],
                [
                    70.9389,
                    182.418,
                    0.816833
                ],
                [
                    0.0,
                    0.0,
                    0.0
                ],
                [
                    59.1546,
                    191.246,
                    0.962219
                ],
                [
                    0.0,
                    0.0,
                    0.0
                ],
                [
                    0.0,
                    0.0,
                    0.0
                ],
                [
                    0.0,
                    0.0,
                    0.0
                ],
                [
                    0.0,
                    0.0,
                    0.0
                ],
                [
                    0.0,
                    0.0,
                    0.0
                ],
                [
                    0.0,
                    0.0,
                    0.0
                ],
                [
                    0.0,
                    0.0,
                    0.0
                ]
            ],
            "isKeyframe": false
        },
        {
            "bbox": [
                489.46970000000005,
                106.88100000000003,
                549.4013000000001,
                380.373,
                0.5090950318181818
            ],
            "personID": 3,
            "keypoints": [
                [
                    500.349,
                    136.434,
                    0.623194
                ],
                [
                    535.57,
                    170.709,
                    0.777204
                ],
                [
                    544.407,
                    153.116,
                    0.760812
                ],
                [
                    539.491,
                    179.509,
                    0.0662637
                ],
                [
                    0.0,
                    0.0,
                    0.0
                ],
                [
                    522.859,
                    189.303,
                    0.678614
                ],
                [
                    513.089,
                    245.061,
                    0.860367
                ],
                [
                    494.464,
                    271.473,
                    0.827783
                ],
                [
                    532.64,
                    261.663,
                    0.54823
                ],
                [
                    541.426,
                    259.713,
                    0.483565
                ],
                [
                    520.941,
                    314.488,
                    0.445614
                ],
                [
                    513.082,
                    341.891,
                    0.234211
                ],
                [
                    525.775,
                    262.67,
                    0.538621
                ],
                [
                    516.02,
                    316.435,
                    0.622782
                ],
                [
                    506.251,
                    357.566,
                    0.61144
                ],
                [
                    0.0,
                    0.0,
                    0.0
                ],
                [
                    502.32,
                    129.672,
                    0.819827
                ],
                [
                    0.0,
                    0.0,
                    0.0
                ],
                [
                    513.072,
                    132.566,
                    0.860047
                ],
                [
                    501.338,
                    357.56,
                    0.127297
                ],
                [
                    503.289,
                    357.582,
                    0.168352
                ],
                [
                    505.276,
                    357.576,
                    0.374217
                ],
                [
                    497.449,
                    332.107,
                    0.333893
                ],
                [
                    498.408,
                    331.138,
                    0.320411
                ],
                [
                    505.272,
                    357.566,
                    0.117346
                ]
            ],
            "isKeyframe": false
        }
    ],
    "isKeyframe": false
}