{
    "filename": "images/1/002935.jpg",
    "height": 360,
    "width": 640,
    "annots": [
        {
            "bbox": [
                178.04539999999997,
                67.88256000000003,
                242.6246,
                245.14704,
                0.78064172
            ],
            "personID": 0,
            "keypoints": [
                [
                    199.038,
                    90.4725,
                    0.864146
                ],
                [
                    193.225,
                    103.196,
                    0.86969
                ],
                [
                    183.427,
                    107.157,
                    0.876001
                ],
                [
                    184.387,
                    135.452,
                    0.869145
                ],
                [
                    189.295,
                    152.156,
                    0.813959
                ],
                [
                    206.892,
                    96.3728,
                    0.932223
                ],
                [
                    214.687,
                    118.876,
                    0.700996
                ],
                [
                    226.453,
                    124.734,
                    0.223411
                ],
                [
                    206.93,
                    152.127,
                    0.841706
                ],
                [
                    199.107,
                    153.128,
                    0.828784
                ],
                [
                    205.923,
                    188.309,
                    0.840671
                ],
                [
                    209.844,
                    221.536,
                    0.832273
                ],
                [
                    214.758,
                    150.175,
                    0.789424
                ],
                [
                    217.647,
                    183.375,
                    0.834458
                ],
                [
                    222.592,
                    207.889,
                    0.914525
                ],
                [
                    193.2,
                    89.4675,
                    0.823226
                ],
                [
                    200.017,
                    85.6127,
                    0.821181
                ],
                [
                    186.348,
                    88.5504,
                    0.825867
                ],
                [
                    201.017,
                    82.6546,
                    0.103326
                ],
                [
                    237.243,
                    212.758,
                    0.817963
                ],
                [
                    237.221,
                    208.846,
                    0.799893
                ],
                [
                    220.592,
                    212.768,
                    0.801169
                ],
                [
                    219.631,
                    230.326,
                    0.828718
                ],
                [
                    214.704,
                    230.375,
                    0.850028
                ],
                [
                    208.865,
                    223.504,
                    0.81326
                ]
            ],
            "isKeyframe": false
        },
        {
            "bbox": [
                210.41230000000004,
                131.07229999999998,
                379.4887,
                313.0487,
                0.7832040000000001
            ],
            "personID": 1,
            "keypoints": [
                [
                    344.822,
                    152.082,
                    0.877293
                ],
                [
                    355.605,
                    175.598,
                    0.881428
                ],
                [
                    348.722,
                    168.79,
                    0.830488
                ],
                [
                    340.898,
                    196.129,
                    0.696128
                ],
                [
                    323.269,
                    192.245,
                    0.838293
                ],
                [
                    363.38,
                    181.467,
                    0.788432
                ],
                [
                    365.399,
                    207.917,
                    0.825329
                ],
                [
                    339.906,
                    220.568,
                    0.847219
                ],
                [
                    319.379,
                    226.476,
                    0.73157
                ],
                [
                    314.498,
                    221.586,
                    0.745372
                ],
                [
                    277.284,
                    242.125,
                    0.832086
                ],
                [
                    241.122,
                    270.472,
                    0.868042
                ],
                [
                    325.26,
                    231.387,
                    0.729033
                ],
                [
                    288.105,
                    255.823,
                    0.85378
                ],
                [
                    255.834,
                    292.931,
                    0.832053
                ],
                [
                    345.819,
                    146.237,
                    0.456775
                ],
                [
                    348.761,
                    149.179,
                    0.874382
                ],
                [
                    0.0,
                    0.0,
                    0.0
                ],
                [
                    361.461,
                    154.061,
                    0.881192
                ],
                [
                    245.016,
                    293.968,
                    0.68201
                ],
                [
                    248.001,
                    297.884,
                    0.752116
                ],
                [
                    254.846,
                    294.01,
                    0.733273
                ],
                [
                    224.502,
                    262.684,
                    0.779513
                ],
                [
                    227.455,
                    262.644,
                    0.709206
                ],
                [
                    241.142,
                    277.314,
                    0.751883
                ]
            ],
            "isKeyframe": false
        },
        {
            "bbox": [
                50.33435000000001,
                164.933,
                145.38815000000002,
                375.08900000000006,
                0.5738344533333334
            ],
            "personID": 2,
            "keypoints": [
                [
                    74.8827,
                    184.377,
                    0.884162
                ],
                [
                    66.0581,
                    222.56,
                    0.750054
                ],
                [
                    68.9864,
                    231.406,
                    0.722146
                ],
                [
                    108.097,
                    254.84,
                    0.817242
                ],
                [
                    97.3538,
                    234.296,
                    0.621806
                ],
                [
                    64.0779,
                    208.865,
                    0.527698
                ],
                [
                    0.0,
                    0.0,
                    0.0
                ],
                [
                    0.0,
                    0.0,
                    0.0
                ],
                [
                    105.186,
                    292.984,
                    0.488121
                ],
                [
                    107.139,
                    292.987,
                    0.593041
                ],
                [
                    130.582,
                    338.943,
                    0.562612
                ],
                [
                    137.467,
                    357.574,
                    0.0542274
                ],
                [
                    101.262,
                    292.998,
                    0.36529
                ],
                [
                    120.839,
                    333.104,
                    0.391568
                ],
                [
                    131.57,
                    357.576,
                    0.0534984
                ],
                [
                    70.9254,
                    182.446,
                    0.816359
                ],
                [
                    0.0,
                    0.0,
                    0.0
                ],
                [
                    58.2555,
                    191.271,
                    0.959692
                ],
                [
                    0.0,
                    0.0,
                    0.0
                ],
                [
                    0.0,
                    0.0,
                    0.0
                ],
                [
                    0.0,
                    0.0,
                    0.0
                ],
                [
                    0.0,
                    0.0,
                    0.0
                ],
                [
                    0.0,
                    0.0,
                    0.0
                ],
                [
                    0.0,
                    0.0,
                    0.0
                ],
                [
                    0.0,
                    0.0,
                    0.0
                ]
            ],
            "isKeyframe": false
        },
        {
            "bbox": [
                490.68070000000006,
                113.2578,
                583.4203000000001,
                379.7922,
                0.543108352173913
            ],
            "personID": 3,
            "keypoints": [
                [
                    519.901,
                    137.473,
                    0.201047
                ],
                [
                    549.26,
                    183.43,
                    0.774402
                ],
                [
                    573.724,
                    174.617,
                    0.79633
                ],
                [
                    575.692,
                    221.566,
                    0.540972
                ],
                [
                    567.84,
                    253.837,
                    0.576946
                ],
                [
                    525.802,
                    191.252,
                    0.762404
                ],
                [
                    512.044,
                    246.031,
                    0.855186
                ],
                [
                    500.368,
                    277.362,
                    0.865249
                ],
                [
                    537.542,
                    270.46,
                    0.614646
                ],
                [
                    552.202,
                    270.487,
                    0.610849
                ],
                [
                    536.529,
                    317.417,
                    0.833417
                ],
                [
                    528.694,
                    357.575,
                    0.464861
                ],
                [
                    524.803,
                    269.505,
                    0.584485
                ],
                [
                    512.129,
                    317.44,
                    0.775976
                ],
                [
                    505.295,
                    357.565,
                    0.745737
                ],
                [
                    0.0,
                    0.0,
                    0.0
                ],
                [
                    520.931,
                    135.469,
                    0.495391
                ],
                [
                    555.13,
                    142.328,
                    0.0628058
                ],
                [
                    529.728,
                    138.438,
                    0.813957
                ],
                [
                    498.409,
                    357.556,
                    0.173988
                ],
                [
                    0.0,
                    0.0,
                    0.0
                ],
                [
                    506.218,
                    357.573,
                    0.49436
                ],
                [
                    520.929,
                    357.556,
                    0.146147
                ],
                [
                    522.856,
                    357.573,
                    0.0998893
                ],
                [
                    528.725,
                    357.581,
                    0.202447
                ]
            ],
            "isKeyframe": false
        }
    ],
    "isKeyframe": false
}