{
    "filename": "images/1/002916.jpg",
    "height": 360,
    "width": 640,
    "annots": [
        {
            "bbox": [
                170.48000000000002,
                75.14657999999999,
                244.30399999999997,
                247.70922000000002,
                0.78826865
            ],
            "personID": 0,
            "keypoints": [
                [
                    197.118,
                    92.4736,
                    0.816262
                ],
                [
                    190.278,
                    106.128,
                    0.924846
                ],
                [
                    176.632,
                    113.003,
                    0.88798
                ],
                [
                    181.442,
                    138.441,
                    0.841285
                ],
                [
                    185.409,
                    158.973,
                    0.79699
                ],
                [
                    200.076,
                    98.3309,
                    0.941004
                ],
                [
                    207.9,
                    119.817,
                    0.402977
                ],
                [
                    212.785,
                    134.522,
                    0.0627076
                ],
                [
                    202.996,
                    153.112,
                    0.798437
                ],
                [
                    195.174,
                    156.039,
                    0.750978
                ],
                [
                    201.06,
                    189.308,
                    0.827558
                ],
                [
                    208.886,
                    221.538,
                    0.846284
                ],
                [
                    210.815,
                    152.085,
                    0.77398
                ],
                [
                    220.576,
                    179.514,
                    0.799372
                ],
                [
                    223.488,
                    207.854,
                    0.9189
                ],
                [
                    192.232,
                    90.5222,
                    0.89994
                ],
                [
                    198.059,
                    89.5268,
                    0.770655
                ],
                [
                    183.424,
                    91.4911,
                    0.905869
                ],
                [
                    0.0,
                    0.0,
                    0.0
                ],
                [
                    237.24,
                    213.723,
                    0.841764
                ],
                [
                    238.152,
                    208.884,
                    0.836653
                ],
                [
                    220.588,
                    210.829,
                    0.787891
                ],
                [
                    221.558,
                    233.329,
                    0.82251
                ],
                [
                    214.728,
                    231.381,
                    0.838428
                ],
                [
                    208.859,
                    222.585,
                    0.825177
                ]
            ],
            "isKeyframe": false
        },
        {
            "bbox": [
                216.9777,
                138.5057,
                377.8053,
                289.92530000000005,
                0.7475681904761905
            ],
            "personID": 1,
            "keypoints": [
                [
                    349.737,
                    152.122,
                    0.877083
                ],
                [
                    363.434,
                    179.518,
                    0.736476
                ],
                [
                    363.421,
                    175.564,
                    0.590492
                ],
                [
                    349.714,
                    196.133,
                    0.358747
                ],
                [
                    333.06,
                    191.22,
                    0.704612
                ],
                [
                    363.424,
                    184.377,
                    0.795578
                ],
                [
                    356.538,
                    213.751,
                    0.891408
                ],
                [
                    330.15,
                    221.546,
                    0.81007
                ],
                [
                    322.332,
                    224.498,
                    0.647378
                ],
                [
                    317.462,
                    219.611,
                    0.598719
                ],
                [
                    278.278,
                    231.341,
                    0.84078
                ],
                [
                    243.08,
                    250.923,
                    0.775535
                ],
                [
                    324.305,
                    230.361,
                    0.639657
                ],
                [
                    282.239,
                    245.978,
                    0.824137
                ],
                [
                    247.034,
                    272.454,
                    0.816821
                ],
                [
                    0.0,
                    0.0,
                    0.0
                ],
                [
                    355.588,
                    151.124,
                    0.892547
                ],
                [
                    0.0,
                    0.0,
                    0.0
                ],
                [
                    364.403,
                    158.939,
                    0.881999
                ],
                [
                    230.38,
                    272.45,
                    0.732301
                ],
                [
                    233.328,
                    277.3,
                    0.772028
                ],
                [
                    246.052,
                    277.307,
                    0.728096
                ],
                [
                    0.0,
                    0.0,
                    0.0
                ],
                [
                    0.0,
                    0.0,
                    0.0
                ],
                [
                    241.122,
                    254.827,
                    0.784468
                ]
            ],
            "isKeyframe": false
        },
        {
            "bbox": [
                52.10458,
                166.6667,
                136.71922,
                355.6943,
                0.6439023076923078
            ],
            "personID": 2,
            "keypoints": [
                [
                    75.8036,
                    183.466,
                    0.891253
                ],
                [
                    66.059,
                    222.578,
                    0.747778
                ],
                [
                    69.9432,
                    232.333,
                    0.720674
                ],
                [
                    108.108,
                    254.856,
                    0.814882
                ],
                [
                    97.3293,
                    232.352,
                    0.59479
                ],
                [
                    63.1117,
                    208.875,
                    0.519017
                ],
                [
                    0.0,
                    0.0,
                    0.0
                ],
                [
                    0.0,
                    0.0,
                    0.0
                ],
                [
                    106.123,
                    293.002,
                    0.461071
                ],
                [
                    107.145,
                    293.943,
                    0.590631
                ],
                [
                    129.668,
                    339.942,
                    0.562026
                ],
                [
                    0.0,
                    0.0,
                    0.0
                ],
                [
                    103.214,
                    293.001,
                    0.332055
                ],
                [
                    121.801,
                    335.038,
                    0.356282
                ],
                [
                    0.0,
                    0.0,
                    0.0
                ],
                [
                    70.9415,
                    182.419,
                    0.817491
                ],
                [
                    0.0,
                    0.0,
                    0.0
                ],
                [
                    59.1558,
                    191.247,
                    0.96278
                ],
                [
                    0.0,
                    0.0,
                    0.0
                ],
                [
                    0.0,
                    0.0,
                    0.0
                ],
                [
                    0.0,
                    0.0,
                    0.0
                ],
                [
                    0.0,
                    0.0,
                    0.0
                ],
                [
                    0.0,
                    0.0,
                    0.0
                ],
                [
                    0.0,
                    0.0,
                    0.0
                ],
                [
                    0.0,
                    0.0,
                    0.0
                ]
            ],
            "isKeyframe": false
        },
        {
            "bbox": [
                490.9419,
                109.011,
                568.4631,
                380.163,
                0.5425010782608696
            ],
            "personID": 3,
            "keypoints": [
                [
                    504.288,
                    136.457,
                    0.375392
                ],
                [
                    536.579,
                    176.567,
                    0.784378
                ],
                [
                    556.101,
                    159.963,
                    0.723372
                ],
                [
                    562.003,
                    204.937,
                    0.12608
                ],
                [
                    553.187,
                    238.216,
                    0.0710038
                ],
                [
                    519.916,
                    191.26,
                    0.762486
                ],
                [
                    511.109,
                    246.055,
                    0.859734
                ],
                [
                    499.375,
                    282.23,
                    0.837295
                ],
                [
                    535.541,
                    262.666,
                    0.596944
                ],
                [
                    545.357,
                    262.639,
                    0.569842
                ],
                [
                    527.725,
                    306.657,
                    0.65839
                ],
                [
                    525.777,
                    346.75,
                    0.66603
                ],
                [
                    522.874,
                    264.62,
                    0.564913
                ],
                [
                    514.082,
                    312.539,
                    0.59943
                ],
                [
                    507.209,
                    357.553,
                    0.712759
                ],
                [
                    0.0,
                    0.0,
                    0.0
                ],
                [
                    505.258,
                    131.607,
                    0.679465
                ],
                [
                    0.0,
                    0.0,
                    0.0
                ],
                [
                    516.996,
                    136.494,
                    0.860638
                ],
                [
                    497.402,
                    348.742,
                    0.223906
                ],
                [
                    499.391,
                    357.56,
                    0.246807
                ],
                [
                    508.196,
                    357.567,
                    0.548214
                ],
                [
                    517.003,
                    357.553,
                    0.184567
                ],
                [
                    518.949,
                    357.548,
                    0.165367
                ],
                [
                    527.704,
                    348.726,
                    0.660512
                ]
            ],
            "isKeyframe": false
        }
    ],
    "isKeyframe": false
}