{
    "filename": "images/1/002905.jpg",
    "height": 360,
    "width": 640,
    "annots": [
        {
            "bbox": [
                169.4715,
                75.45505,
                243.33749999999998,
                244.45645,
                0.7997600416666666
            ],
            "personID": 0,
            "keypoints": [
                [
                    196.124,
                    92.4591,
                    0.834112
                ],
                [
                    189.272,
                    106.163,
                    0.895225
                ],
                [
                    176.595,
                    113.928,
                    0.894567
                ],
                [
                    175.627,
                    140.386,
                    0.882985
                ],
                [
                    184.377,
                    159.904,
                    0.804873
                ],
                [
                    199.108,
                    99.3139,
                    0.927831
                ],
                [
                    206.853,
                    121.839,
                    0.55008
                ],
                [
                    213.727,
                    144.294,
                    0.216301
                ],
                [
                    200.1,
                    155.066,
                    0.786952
                ],
                [
                    193.194,
                    158.971,
                    0.797263
                ],
                [
                    200.104,
                    191.241,
                    0.892953
                ],
                [
                    209.852,
                    221.555,
                    0.846733
                ],
                [
                    207.913,
                    153.085,
                    0.800801
                ],
                [
                    218.628,
                    183.405,
                    0.852912
                ],
                [
                    223.514,
                    209.849,
                    0.875693
                ],
                [
                    192.189,
                    90.4949,
                    0.941141
                ],
                [
                    197.096,
                    89.5385,
                    0.77277
                ],
                [
                    182.462,
                    91.4999,
                    0.878572
                ],
                [
                    0.0,
                    0.0,
                    0.0
                ],
                [
                    236.244,
                    215.703,
                    0.724408
                ],
                [
                    237.182,
                    214.68,
                    0.725022
                ],
                [
                    221.56,
                    214.746,
                    0.798329
                ],
                [
                    217.681,
                    230.334,
                    0.851118
                ],
                [
                    213.724,
                    230.373,
                    0.824778
                ],
                [
                    209.857,
                    223.505,
                    0.818822
                ]
            ],
            "isKeyframe": false
        },
        {
            "bbox": [
                52.11139000000001,
                166.56220000000002,
                136.71751,
                356.7358,
                0.6494547692307694
            ],
            "personID": 1,
            "keypoints": [
                [
                    75.8061,
                    183.453,
                    0.893089
                ],
                [
                    66.9856,
                    222.567,
                    0.754746
                ],
                [
                    68.9876,
                    231.408,
                    0.728496
                ],
                [
                    108.122,
                    255.803,
                    0.805072
                ],
                [
                    98.313,
                    235.277,
                    0.661344
                ],
                [
                    65.0406,
                    208.873,
                    0.52979
                ],
                [
                    0.0,
                    0.0,
                    0.0
                ],
                [
                    0.0,
                    0.0,
                    0.0
                ],
                [
                    106.154,
                    293.939,
                    0.459364
                ],
                [
                    107.147,
                    293.959,
                    0.590827
                ],
                [
                    129.667,
                    340.888,
                    0.567889
                ],
                [
                    0.0,
                    0.0,
                    0.0
                ],
                [
                    105.151,
                    293.943,
                    0.326151
                ],
                [
                    121.809,
                    336.022,
                    0.352547
                ],
                [
                    0.0,
                    0.0,
                    0.0
                ],
                [
                    70.9372,
                    182.41,
                    0.814256
                ],
                [
                    0.0,
                    0.0,
                    0.0
                ],
                [
                    59.1619,
                    191.247,
                    0.959341
                ],
                [
                    0.0,
                    0.0,
                    0.0
                ],
                [
                    0.0,
                    0.0,
                    0.0
                ],
                [
                    0.0,
                    0.0,
                    0.0
                ],
                [
                    0.0,
                    0.0,
                    0.0
                ],
                [
                    0.0,
                    0.0,
                    0.0
                ],
                [
                    0.0,
                    0.0,
                    0.0
                ],
                [
                    0.0,
                    0.0,
                    0.0
                ]
            ],
            "isKeyframe": false
        },
        {
            "bbox": [
                223.60019999999997,
                142.13039999999998,
                386.79779999999994,
                273.62159999999994,
                0.7082299565217391
            ],
            "personID": 2,
            "keypoints": [
                [
                    349.754,
                    154.067,
                    0.795291
                ],
                [
                    365.372,
                    182.462,
                    0.785753
                ],
                [
                    373.198,
                    175.616,
                    0.558303
                ],
                [
                    357.539,
                    193.244,
                    0.220318
                ],
                [
                    339.966,
                    191.198,
                    0.703748
                ],
                [
                    357.579,
                    187.337,
                    0.733849
                ],
                [
                    347.707,
                    214.747,
                    0.888712
                ],
                [
                    320.372,
                    217.679,
                    0.796118
                ],
                [
                    325.293,
                    222.556,
                    0.619132
                ],
                [
                    325.255,
                    215.734,
                    0.532617
                ],
                [
                    284.196,
                    221.592,
                    0.759555
                ],
                [
                    251.9,
                    238.202,
                    0.816106
                ],
                [
                    326.232,
                    228.425,
                    0.601119
                ],
                [
                    278.288,
                    235.246,
                    0.790132
                ],
                [
                    251.906,
                    260.722,
                    0.812187
                ],
                [
                    0.0,
                    0.0,
                    0.0
                ],
                [
                    355.576,
                    153.088,
                    0.875662
                ],
                [
                    0.0,
                    0.0,
                    0.0
                ],
                [
                    363.377,
                    160.904,
                    0.908493
                ],
                [
                    237.2,
                    260.672,
                    0.735791
                ],
                [
                    239.194,
                    262.638,
                    0.834676
                ],
                [
                    249.949,
                    262.664,
                    0.715712
                ],
                [
                    238.222,
                    228.412,
                    0.58185
                ],
                [
                    243.088,
                    229.365,
                    0.515315
                ],
                [
                    248.952,
                    240.188,
                    0.70885
                ]
            ],
            "isKeyframe": false
        },
        {
            "bbox": [
                486.4683,
                105.7629,
                547.4966999999999,
                380.4681,
                0.5621975789473685
            ],
            "personID": 3,
            "keypoints": [
                [
                    499.367,
                    134.502,
                    0.614102
                ],
                [
                    534.612,
                    168.775,
                    0.711987
                ],
                [
                    542.411,
                    153.068,
                    0.697488
                ],
                [
                    0.0,
                    0.0,
                    0.0
                ],
                [
                    0.0,
                    0.0,
                    0.0
                ],
                [
                    526.773,
                    184.385,
                    0.711145
                ],
                [
                    518.925,
                    238.232,
                    0.815826
                ],
                [
                    491.554,
                    265.611,
                    0.801506
                ],
                [
                    527.754,
                    263.632,
                    0.55249
                ],
                [
                    535.552,
                    262.663,
                    0.454507
                ],
                [
                    519.923,
                    315.473,
                    0.548362
                ],
                [
                    506.255,
                    357.559,
                    0.384916
                ],
                [
                    520.91,
                    264.627,
                    0.570285
                ],
                [
                    515.044,
                    316.485,
                    0.654518
                ],
                [
                    506.262,
                    357.564,
                    0.620086
                ],
                [
                    0.0,
                    0.0,
                    0.0
                ],
                [
                    500.375,
                    128.655,
                    0.813127
                ],
                [
                    0.0,
                    0.0,
                    0.0
                ],
                [
                    513.065,
                    129.666,
                    0.916794
                ],
                [
                    504.235,
                    357.576,
                    0.127216
                ],
                [
                    0.0,
                    0.0,
                    0.0
                ],
                [
                    506.229,
                    357.576,
                    0.399969
                ],
                [
                    496.405,
                    349.754,
                    0.128844
                ],
                [
                    0.0,
                    0.0,
                    0.0
                ],
                [
                    505.259,
                    357.569,
                    0.158586
                ]
            ],
            "isKeyframe": false
        }
    ],
    "isKeyframe": false
}