{
    "filename": "images/1/002910.jpg",
    "height": 360,
    "width": 640,
    "annots": [
        {
            "bbox": [
                170.43070000000003,
                75.44293000000002,
                244.3423,
                244.49137,
                0.7942127083333332
            ],
            "personID": 0,
            "keypoints": [
                [
                    196.133,
                    92.4656,
                    0.828182
                ],
                [
                    189.295,
                    106.168,
                    0.898272
                ],
                [
                    176.59,
                    113.931,
                    0.905688
                ],
                [
                    177.574,
                    140.383,
                    0.841229
                ],
                [
                    184.403,
                    160.891,
                    0.828194
                ],
                [
                    200.021,
                    99.3024,
                    0.92476
                ],
                [
                    206.898,
                    121.831,
                    0.483371
                ],
                [
                    212.753,
                    141.352,
                    0.132427
                ],
                [
                    201.066,
                    154.102,
                    0.781584
                ],
                [
                    194.171,
                    158.941,
                    0.77338
                ],
                [
                    201.017,
                    191.224,
                    0.875896
                ],
                [
                    209.831,
                    221.562,
                    0.85394
                ],
                [
                    208.884,
                    152.154,
                    0.790416
                ],
                [
                    218.643,
                    182.435,
                    0.82667
                ],
                [
                    222.585,
                    208.866,
                    0.898405
                ],
                [
                    192.189,
                    90.5127,
                    0.923565
                ],
                [
                    196.149,
                    89.5303,
                    0.739263
                ],
                [
                    182.464,
                    92.463,
                    0.858317
                ],
                [
                    0.0,
                    0.0,
                    0.0
                ],
                [
                    238.183,
                    212.774,
                    0.778102
                ],
                [
                    237.221,
                    208.876,
                    0.766093
                ],
                [
                    220.573,
                    214.676,
                    0.801706
                ],
                [
                    222.547,
                    230.366,
                    0.882614
                ],
                [
                    215.688,
                    230.404,
                    0.861074
                ],
                [
                    208.878,
                    223.504,
                    0.807957
                ]
            ],
            "isKeyframe": false
        },
        {
            "bbox": [
                218.1216,
                140.30109999999996,
                376.67040000000003,
                282.2959,
                0.731837380952381
            ],
            "personID": 1,
            "keypoints": [
                [
                    350.704,
                    153.117,
                    0.83336
                ],
                [
                    363.364,
                    182.44,
                    0.735787
                ],
                [
                    363.421,
                    176.606,
                    0.583087
                ],
                [
                    348.764,
                    196.145,
                    0.245803
                ],
                [
                    334.076,
                    191.244,
                    0.589113
                ],
                [
                    361.435,
                    184.416,
                    0.769876
                ],
                [
                    352.647,
                    214.743,
                    0.853514
                ],
                [
                    324.26,
                    220.605,
                    0.833505
                ],
                [
                    326.264,
                    223.497,
                    0.647892
                ],
                [
                    324.278,
                    216.699,
                    0.593624
                ],
                [
                    284.146,
                    223.569,
                    0.809376
                ],
                [
                    246.036,
                    242.104,
                    0.808617
                ],
                [
                    331.111,
                    228.429,
                    0.580137
                ],
                [
                    278.345,
                    241.154,
                    0.806638
                ],
                [
                    247.027,
                    268.489,
                    0.824325
                ],
                [
                    0.0,
                    0.0,
                    0.0
                ],
                [
                    355.615,
                    152.134,
                    0.915502
                ],
                [
                    0.0,
                    0.0,
                    0.0
                ],
                [
                    363.458,
                    159.986,
                    0.953995
                ],
                [
                    231.334,
                    268.504,
                    0.724106
                ],
                [
                    235.281,
                    270.463,
                    0.743666
                ],
                [
                    246.064,
                    269.547,
                    0.731411
                ],
                [
                    0.0,
                    0.0,
                    0.0
                ],
                [
                    0.0,
                    0.0,
                    0.0
                ],
                [
                    245.023,
                    246.05,
                    0.785251
                ]
            ],
            "isKeyframe": false
        },
        {
            "bbox": [
                52.104890000000005,
                166.6655,
                136.71701,
                355.70750000000004,
                0.6428233846153847
            ],
            "personID": 2,
            "keypoints": [
                [
                    75.8042,
                    183.466,
                    0.89084
                ],
                [
                    66.0586,
                    222.577,
                    0.745658
                ],
                [
                    69.9446,
                    232.334,
                    0.719557
                ],
                [
                    108.103,
                    254.852,
                    0.811054
                ],
                [
                    97.3151,
                    232.357,
                    0.58887
                ],
                [
                    63.1113,
                    208.874,
                    0.5192
                ],
                [
                    0.0,
                    0.0,
                    0.0
                ],
                [
                    0.0,
                    0.0,
                    0.0
                ],
                [
                    106.116,
                    293.94,
                    0.462343
                ],
                [
                    107.142,
                    293.95,
                    0.584799
                ],
                [
                    129.666,
                    339.954,
                    0.565857
                ],
                [
                    0.0,
                    0.0,
                    0.0
                ],
                [
                    102.241,
                    293.945,
                    0.334715
                ],
                [
                    121.787,
                    335.043,
                    0.3519
                ],
                [
                    0.0,
                    0.0,
                    0.0
                ],
                [
                    70.9415,
                    182.419,
                    0.818918
                ],
                [
                    0.0,
                    0.0,
                    0.0
                ],
                [
                    59.1559,
                    191.247,
                    0.962993
                ],
                [
                    0.0,
                    0.0,
                    0.0
                ],
                [
                    0.0,
                    0.0,
                    0.0
                ],
                [
                    0.0,
                    0.0,
                    0.0
                ],
                [
                    0.0,
                    0.0,
                    0.0
                ],
                [
                    0.0,
                    0.0,
                    0.0
                ],
                [
                    0.0,
                    0.0,
                    0.0
                ],
                [
                    0.0,
                    0.0,
                    0.0
                ]
            ],
            "isKeyframe": false
        },
        {
            "bbox": [
                491.16369999999995,
                107.91360000000003,
                554.5393,
                380.2704,
                0.5564607899999999
            ],
            "personID": 3,
            "keypoints": [
                [
                    499.41,
                    136.464,
                    0.692721
                ],
                [
                    535.612,
                    174.592,
                    0.777723
                ],
                [
                    549.258,
                    154.105,
                    0.68429
                ],
                [
                    543.409,
                    183.409,
                    0.0653908
                ],
                [
                    0.0,
                    0.0,
                    0.0
                ],
                [
                    521.884,
                    191.226,
                    0.726557
                ],
                [
                    512.143,
                    246.059,
                    0.902919
                ],
                [
                    496.445,
                    276.329,
                    0.879599
                ],
                [
                    535.559,
                    261.695,
                    0.54086
                ],
                [
                    543.435,
                    259.722,
                    0.473555
                ],
                [
                    520.929,
                    314.503,
                    0.444813
                ],
                [
                    514.056,
                    337.014,
                    0.332547
                ],
                [
                    526.787,
                    265.583,
                    0.534919
                ],
                [
                    515.059,
                    317.448,
                    0.635471
                ],
                [
                    506.244,
                    357.567,
                    0.544337
                ],
                [
                    0.0,
                    0.0,
                    0.0
                ],
                [
                    503.261,
                    130.61,
                    0.834772
                ],
                [
                    0.0,
                    0.0,
                    0.0
                ],
                [
                    513.078,
                    134.507,
                    0.864583
                ],
                [
                    502.291,
                    357.558,
                    0.105354
                ],
                [
                    0.0,
                    0.0,
                    0.0
                ],
                [
                    505.249,
                    357.574,
                    0.325567
                ],
                [
                    497.439,
                    335.055,
                    0.384661
                ],
                [
                    498.429,
                    334.051,
                    0.378577
                ],
                [
                    0.0,
                    0.0,
                    0.0
                ]
            ],
            "isKeyframe": false
        }
    ],
    "isKeyframe": false
}