{
    "filename": "images/1/002882.jpg",
    "height": 360,
    "width": 640,
    "annots": [
        {
            "bbox": [
                169.3715,
                75.37612999999999,
                244.44950000000003,
                244.45817,
                0.8198715833333333
            ],
            "personID": 0,
            "keypoints": [
                [
                    198.083,
                    91.4645,
                    0.893606
                ],
                [
                    190.266,
                    106.149,
                    0.928587
                ],
                [
                    176.624,
                    111.995,
                    0.878476
                ],
                [
                    175.628,
                    137.482,
                    0.922703
                ],
                [
                    183.434,
                    159.918,
                    0.785125
                ],
                [
                    200.087,
                    102.228,
                    0.909244
                ],
                [
                    207.906,
                    122.778,
                    0.648581
                ],
                [
                    214.697,
                    145.272,
                    0.1592
                ],
                [
                    200.1,
                    154.105,
                    0.79635
                ],
                [
                    192.246,
                    158.004,
                    0.797207
                ],
                [
                    201.017,
                    191.239,
                    0.873104
                ],
                [
                    208.888,
                    220.595,
                    0.839991
                ],
                [
                    208.865,
                    153.069,
                    0.794954
                ],
                [
                    221.567,
                    182.435,
                    0.843932
                ],
                [
                    223.534,
                    211.773,
                    0.863653
                ],
                [
                    192.26,
                    89.5397,
                    0.955486
                ],
                [
                    199.028,
                    89.4663,
                    0.84347
                ],
                [
                    183.456,
                    90.498,
                    0.979424
                ],
                [
                    0.0,
                    0.0,
                    0.0
                ],
                [
                    238.193,
                    214.685,
                    0.801118
                ],
                [
                    237.228,
                    211.798,
                    0.761578
                ],
                [
                    221.59,
                    215.667,
                    0.863356
                ],
                [
                    218.632,
                    229.395,
                    0.86122
                ],
                [
                    213.738,
                    230.368,
                    0.857431
                ],
                [
                    208.89,
                    222.584,
                    0.819122
                ]
            ],
            "isKeyframe": false
        },
        {
            "bbox": [
                482.36800000000005,
                90.68270000000001,
                534.052,
                381.83029999999997,
                0.6480321904761905
            ],
            "personID": 1,
            "keypoints": [
                [
                    494.507,
                    120.857,
                    0.876634
                ],
                [
                    525.805,
                    152.139,
                    0.729521
                ],
                [
                    518.951,
                    146.265,
                    0.570907
                ],
                [
                    0.0,
                    0.0,
                    0.0
                ],
                [
                    0.0,
                    0.0,
                    0.0
                ],
                [
                    529.725,
                    158.95,
                    0.747166
                ],
                [
                    529.745,
                    214.759,
                    0.842706
                ],
                [
                    512.06,
                    253.875,
                    0.859183
                ],
                [
                    513.063,
                    239.177,
                    0.563385
                ],
                [
                    507.229,
                    238.179,
                    0.481622
                ],
                [
                    501.326,
                    283.199,
                    0.460262
                ],
                [
                    502.319,
                    310.602,
                    0.644936
                ],
                [
                    517.96,
                    241.153,
                    0.542252
                ],
                [
                    506.268,
                    300.828,
                    0.697151
                ],
                [
                    506.229,
                    349.751,
                    0.75351
                ],
                [
                    0.0,
                    0.0,
                    0.0
                ],
                [
                    496.466,
                    114.955,
                    0.886576
                ],
                [
                    0.0,
                    0.0,
                    0.0
                ],
                [
                    512.073,
                    114.945,
                    0.914037
                ],
                [
                    496.448,
                    349.73,
                    0.255297
                ],
                [
                    502.318,
                    357.568,
                    0.314872
                ],
                [
                    506.246,
                    357.558,
                    0.567712
                ],
                [
                    487.645,
                    325.292,
                    0.76326
                ],
                [
                    486.675,
                    324.239,
                    0.686235
                ],
                [
                    504.291,
                    313.542,
                    0.451452
                ]
            ],
            "isKeyframe": false
        },
        {
            "bbox": [
                52.102109999999996,
                165.62469999999996,
                136.71399000000002,
                355.7803,
                0.6128326714285715
            ],
            "personID": 2,
            "keypoints": [
                [
                    74.8922,
                    183.448,
                    0.905432
                ],
                [
                    66.9808,
                    222.536,
                    0.752187
                ],
                [
                    68.028,
                    231.378,
                    0.736761
                ],
                [
                    107.151,
                    255.812,
                    0.80561
                ],
                [
                    98.3193,
                    236.253,
                    0.64448
                ],
                [
                    65.068,
                    208.869,
                    0.544123
                ],
                [
                    91.4789,
                    240.156,
                    0.0559234
                ],
                [
                    0.0,
                    0.0,
                    0.0
                ],
                [
                    106.144,
                    292.993,
                    0.479126
                ],
                [
                    107.135,
                    293.947,
                    0.602665
                ],
                [
                    129.663,
                    339.934,
                    0.582407
                ],
                [
                    0.0,
                    0.0,
                    0.0
                ],
                [
                    104.201,
                    292.99,
                    0.332242
                ],
                [
                    121.822,
                    336.991,
                    0.371498
                ],
                [
                    0.0,
                    0.0,
                    0.0
                ],
                [
                    70.9211,
                    181.471,
                    0.806165
                ],
                [
                    0.0,
                    0.0,
                    0.0
                ],
                [
                    59.1531,
                    191.249,
                    0.961038
                ],
                [
                    0.0,
                    0.0,
                    0.0
                ],
                [
                    0.0,
                    0.0,
                    0.0
                ],
                [
                    0.0,
                    0.0,
                    0.0
                ],
                [
                    0.0,
                    0.0,
                    0.0
                ],
                [
                    0.0,
                    0.0,
                    0.0
                ],
                [
                    0.0,
                    0.0,
                    0.0
                ],
                [
                    0.0,
                    0.0,
                    0.0
                ]
            ],
            "isKeyframe": false
        },
        {
            "bbox": [
                249.99720000000002,
                145.8512,
                389.73479999999995,
                256.1768,
                0.5900835
            ],
            "personID": 3,
            "keypoints": [
                [
                    352.645,
                    159.902,
                    0.196887
                ],
                [
                    364.406,
                    188.308,
                    0.766715
                ],
                [
                    377.092,
                    184.415,
                    0.650469
                ],
                [
                    363.448,
                    222.53,
                    0.188626
                ],
                [
                    365.388,
                    246.983,
                    0.213742
                ],
                [
                    354.602,
                    190.282,
                    0.77352
                ],
                [
                    333.121,
                    215.677,
                    0.88119
                ],
                [
                    309.584,
                    215.729,
                    0.862301
                ],
                [
                    335.039,
                    231.359,
                    0.576308
                ],
                [
                    342.865,
                    229.398,
                    0.411114
                ],
                [
                    303.755,
                    205.915,
                    0.689272
                ],
                [
                    269.48,
                    206.937,
                    0.75467
                ],
                [
                    329.179,
                    236.25,
                    0.613486
                ],
                [
                    280.283,
                    219.602,
                    0.77191
                ],
                [
                    276.337,
                    240.151,
                    0.795384
                ],
                [
                    0.0,
                    0.0,
                    0.0
                ],
                [
                    355.592,
                    155.045,
                    0.251006
                ],
                [
                    378.09,
                    163.855,
                    0.167279
                ],
                [
                    361.439,
                    161.895,
                    0.629307
                ],
                [
                    261.68,
                    239.15,
                    0.712328
                ],
                [
                    262.697,
                    241.126,
                    0.728995
                ],
                [
                    277.319,
                    244.073,
                    0.70531
                ],
                [
                    261.642,
                    192.242,
                    0.611473
                ],
                [
                    262.623,
                    193.23,
                    0.60177
                ],
                [
                    266.555,
                    206.92,
                    0.608942
                ]
            ],
            "isKeyframe": false
        }
    ],
    "isKeyframe": false
}