{
    "filename": "images/1/002894.jpg",
    "height": 360,
    "width": 640,
    "annots": [
        {
            "bbox": [
                169.4215,
                75.38173,
                243.3955,
                244.42057,
                0.8137274166666666
            ],
            "personID": 0,
            "keypoints": [
                [
                    197.102,
                    90.5533,
                    0.871296
                ],
                [
                    189.283,
                    106.165,
                    0.900919
                ],
                [
                    176.595,
                    112.964,
                    0.89415
                ],
                [
                    175.586,
                    138.449,
                    0.882467
                ],
                [
                    183.464,
                    159.965,
                    0.816084
                ],
                [
                    200.013,
                    101.266,
                    0.923887
                ],
                [
                    207.836,
                    124.721,
                    0.622196
                ],
                [
                    214.751,
                    147.219,
                    0.334594
                ],
                [
                    200.085,
                    156.046,
                    0.794107
                ],
                [
                    192.251,
                    159.918,
                    0.820794
                ],
                [
                    200.08,
                    191.275,
                    0.895097
                ],
                [
                    209.827,
                    221.539,
                    0.84007
                ],
                [
                    207.923,
                    153.12,
                    0.79592
                ],
                [
                    220.572,
                    183.46,
                    0.86415
                ],
                [
                    223.499,
                    211.807,
                    0.87448
                ],
                [
                    192.223,
                    89.54,
                    0.951997
                ],
                [
                    198.063,
                    89.4683,
                    0.791569
                ],
                [
                    183.413,
                    90.5192,
                    0.945907
                ],
                [
                    0.0,
                    0.0,
                    0.0
                ],
                [
                    237.231,
                    214.687,
                    0.685683
                ],
                [
                    236.245,
                    212.762,
                    0.699305
                ],
                [
                    221.553,
                    215.696,
                    0.815007
                ],
                [
                    216.695,
                    229.375,
                    0.87008
                ],
                [
                    211.805,
                    230.334,
                    0.830197
                ],
                [
                    210.795,
                    223.492,
                    0.809502
                ]
            ],
            "isKeyframe": false
        },
        {
            "bbox": [
                484.48569999999995,
                98.22950000000003,
                533.8213000000001,
                381.1595,
                0.5955940476190476
            ],
            "personID": 1,
            "keypoints": [
                [
                    497.478,
                    128.627,
                    0.849541
                ],
                [
                    528.742,
                    163.855,
                    0.684852
                ],
                [
                    527.757,
                    154.09,
                    0.485744
                ],
                [
                    0.0,
                    0.0,
                    0.0
                ],
                [
                    0.0,
                    0.0,
                    0.0
                ],
                [
                    529.71,
                    173.618,
                    0.741006
                ],
                [
                    521.863,
                    227.434,
                    0.813471
                ],
                [
                    496.443,
                    261.628,
                    0.845774
                ],
                [
                    520.88,
                    247.013,
                    0.408965
                ],
                [
                    517.97,
                    245.044,
                    0.282289
                ],
                [
                    504.252,
                    277.323,
                    0.407694
                ],
                [
                    505.248,
                    309.642,
                    0.680484
                ],
                [
                    521.883,
                    250.93,
                    0.490533
                ],
                [
                    512.093,
                    309.617,
                    0.726162
                ],
                [
                    506.219,
                    357.559,
                    0.747168
                ],
                [
                    0.0,
                    0.0,
                    0.0
                ],
                [
                    500.353,
                    121.807,
                    0.846631
                ],
                [
                    0.0,
                    0.0,
                    0.0
                ],
                [
                    513.08,
                    122.756,
                    0.893103
                ],
                [
                    499.387,
                    357.562,
                    0.16278
                ],
                [
                    504.266,
                    357.582,
                    0.221258
                ],
                [
                    506.23,
                    357.57,
                    0.509204
                ],
                [
                    488.597,
                    324.279,
                    0.745555
                ],
                [
                    488.607,
                    320.373,
                    0.662661
                ],
                [
                    508.175,
                    314.492,
                    0.3026
                ]
            ],
            "isKeyframe": false
        },
        {
            "bbox": [
                235.5727,
                142.1834,
                384.6283,
                261.8786,
                0.6375621739130435
            ],
            "personID": 2,
            "keypoints": [
                [
                    349.749,
                    153.141,
                    0.743725
                ],
                [
                    363.437,
                    184.439,
                    0.790336
                ],
                [
                    372.207,
                    183.414,
                    0.621486
                ],
                [
                    359.483,
                    199.061,
                    0.148911
                ],
                [
                    341.925,
                    190.254,
                    0.597445
                ],
                [
                    355.555,
                    187.347,
                    0.765137
                ],
                [
                    339.944,
                    215.682,
                    0.920445
                ],
                [
                    315.465,
                    216.7,
                    0.836315
                ],
                [
                    332.125,
                    227.443,
                    0.491883
                ],
                [
                    336.997,
                    223.534,
                    0.322236
                ],
                [
                    292.996,
                    213.764,
                    0.697489
                ],
                [
                    261.676,
                    228.406,
                    0.551463
                ],
                [
                    329.184,
                    231.358,
                    0.595875
                ],
                [
                    278.327,
                    229.359,
                    0.807608
                ],
                [
                    263.624,
                    247.976,
                    0.793804
                ],
                [
                    0.0,
                    0.0,
                    0.0
                ],
                [
                    355.569,
                    152.158,
                    0.805195
                ],
                [
                    0.0,
                    0.0,
                    0.0
                ],
                [
                    363.367,
                    160.94,
                    0.792083
                ],
                [
                    247.994,
                    247.034,
                    0.717792
                ],
                [
                    251.907,
                    251.88,
                    0.704921
                ],
                [
                    263.638,
                    251.904,
                    0.7338
                ],
                [
                    253.848,
                    220.598,
                    0.350468
                ],
                [
                    257.778,
                    222.532,
                    0.401665
                ],
                [
                    259.71,
                    229.39,
                    0.473848
                ]
            ],
            "isKeyframe": false
        },
        {
            "bbox": [
                52.101229999999994,
                165.5258,
                136.70207,
                356.8682,
                0.6060829714285714
            ],
            "personID": 3,
            "keypoints": [
                [
                    74.894,
                    183.446,
                    0.89341
                ],
                [
                    66.9841,
                    222.546,
                    0.760376
                ],
                [
                    68.0108,
                    231.389,
                    0.750247
                ],
                [
                    108.097,
                    255.807,
                    0.79832
                ],
                [
                    98.2882,
                    235.261,
                    0.634607
                ],
                [
                    66.0181,
                    208.887,
                    0.55443
                ],
                [
                    91.4792,
                    238.209,
                    0.0595556
                ],
                [
                    0.0,
                    0.0,
                    0.0
                ],
                [
                    106.177,
                    293.942,
                    0.457151
                ],
                [
                    107.13,
                    293.985,
                    0.594881
                ],
                [
                    129.652,
                    340.923,
                    0.567348
                ],
                [
                    0.0,
                    0.0,
                    0.0
                ],
                [
                    106.143,
                    292.983,
                    0.320718
                ],
                [
                    122.766,
                    337.975,
                    0.333202
                ],
                [
                    0.0,
                    0.0,
                    0.0
                ],
                [
                    70.9267,
                    181.471,
                    0.80188
                ],
                [
                    0.0,
                    0.0,
                    0.0
                ],
                [
                    59.1513,
                    191.241,
                    0.959036
                ],
                [
                    0.0,
                    0.0,
                    0.0
                ],
                [
                    0.0,
                    0.0,
                    0.0
                ],
                [
                    0.0,
                    0.0,
                    0.0
                ],
                [
                    0.0,
                    0.0,
                    0.0
                ],
                [
                    0.0,
                    0.0,
                    0.0
                ],
                [
                    0.0,
                    0.0,
                    0.0
                ],
                [
                    0.0,
                    0.0,
                    0.0
                ]
            ],
            "isKeyframe": false
        }
    ],
    "isKeyframe": false
}