{
    "filename": "images/1/002968.jpg",
    "height": 360,
    "width": 640,
    "annots": [
        {
            "bbox": [
                241.71110000000002,
                127.92399999999999,
                387.2699,
                336.82,
                0.814682375
            ],
            "personID": 0,
            "keypoints": [
                [
                    334.073,
                    152.072,
                    0.904152
                ],
                [
                    341.924,
                    175.538,
                    0.881537
                ],
                [
                    329.181,
                    170.732,
                    0.825857
                ],
                [
                    320.369,
                    196.13,
                    0.806044
                ],
                [
                    307.669,
                    200.084,
                    0.892097
                ],
                [
                    356.609,
                    176.536,
                    0.88099
                ],
                [
                    375.14,
                    199.07,
                    0.838852
                ],
                [
                    356.532,
                    215.709,
                    0.918015
                ],
                [
                    324.298,
                    231.339,
                    0.845591
                ],
                [
                    313.515,
                    229.378,
                    0.76389
                ],
                [
                    292.013,
                    261.642,
                    0.861411
                ],
                [
                    272.461,
                    308.602,
                    0.788156
                ],
                [
                    334.078,
                    234.292,
                    0.749994
                ],
                [
                    320.387,
                    267.554,
                    0.800418
                ],
                [
                    303.726,
                    310.581,
                    0.801966
                ],
                [
                    333.055,
                    145.332,
                    0.917066
                ],
                [
                    339.96,
                    146.279,
                    0.922611
                ],
                [
                    0.0,
                    0.0,
                    0.0
                ],
                [
                    349.75,
                    152.085,
                    0.909154
                ],
                [
                    293.989,
                    317.452,
                    0.753254
                ],
                [
                    300.834,
                    319.412,
                    0.723547
                ],
                [
                    301.833,
                    316.423,
                    0.592475
                ],
                [
                    253.841,
                    308.584,
                    0.757464
                ],
                [
                    254.86,
                    306.653,
                    0.700939
                ],
                [
                    276.35,
                    314.518,
                    0.716897
                ]
            ],
            "isKeyframe": false
        },
        {
            "bbox": [
                185.65389999999996,
                67.36057,
                240.8431,
                238.78213,
                0.75202875
            ],
            "personID": 1,
            "keypoints": [
                [
                    208.892,
                    82.7161,
                    0.825303
                ],
                [
                    201.067,
                    98.3023,
                    0.90036
                ],
                [
                    192.186,
                    104.162,
                    0.872136
                ],
                [
                    190.253,
                    129.584,
                    0.883403
                ],
                [
                    196.132,
                    151.117,
                    0.767712
                ],
                [
                    213.749,
                    92.4765,
                    0.84657
                ],
                [
                    216.708,
                    114.971,
                    0.341229
                ],
                [
                    222.582,
                    136.453,
                    0.090134
                ],
                [
                    212.771,
                    145.316,
                    0.783315
                ],
                [
                    206.871,
                    148.198,
                    0.775006
                ],
                [
                    214.731,
                    182.419,
                    0.860979
                ],
                [
                    214.737,
                    215.711,
                    0.888257
                ],
                [
                    217.682,
                    144.321,
                    0.765507
                ],
                [
                    222.525,
                    177.583,
                    0.812368
                ],
                [
                    222.59,
                    206.929,
                    0.904875
                ],
                [
                    206.938,
                    81.685,
                    0.873697
                ],
                [
                    209.852,
                    81.6457,
                    0.511371
                ],
                [
                    199.066,
                    81.7222,
                    0.912528
                ],
                [
                    0.0,
                    0.0,
                    0.0
                ],
                [
                    236.244,
                    212.782,
                    0.77451
                ],
                [
                    235.256,
                    208.881,
                    0.74285
                ],
                [
                    222.498,
                    208.893,
                    0.678421
                ],
                [
                    223.504,
                    223.531,
                    0.769448
                ],
                [
                    216.708,
                    224.497,
                    0.72524
                ],
                [
                    213.739,
                    218.657,
                    0.743471
                ]
            ],
            "isKeyframe": false
        },
        {
            "bbox": [
                50.16674000000001,
                164.91000000000003,
                146.43866,
                375.09,
                0.5946196533333333
            ],
            "personID": 2,
            "keypoints": [
                [
                    74.8433,
                    184.371,
                    0.917668
                ],
                [
                    66.0251,
                    222.573,
                    0.742289
                ],
                [
                    68.9629,
                    231.373,
                    0.729356
                ],
                [
                    109.081,
                    253.89,
                    0.841805
                ],
                [
                    97.3553,
                    233.323,
                    0.688619
                ],
                [
                    64.0699,
                    211.782,
                    0.512228
                ],
                [
                    0.0,
                    0.0,
                    0.0
                ],
                [
                    0.0,
                    0.0,
                    0.0
                ],
                [
                    105.175,
                    292.983,
                    0.525805
                ],
                [
                    107.153,
                    292.979,
                    0.59985
                ],
                [
                    130.588,
                    336.028,
                    0.586601
                ],
                [
                    138.416,
                    357.574,
                    0.0564485
                ],
                [
                    100.275,
                    292.999,
                    0.412757
                ],
                [
                    120.819,
                    334.054,
                    0.456826
                ],
                [
                    130.613,
                    357.575,
                    0.0601663
                ],
                [
                    68.9768,
                    182.425,
                    0.848097
                ],
                [
                    0.0,
                    0.0,
                    0.0
                ],
                [
                    58.1894,
                    191.278,
                    0.940779
                ],
                [
                    0.0,
                    0.0,
                    0.0
                ],
                [
                    0.0,
                    0.0,
                    0.0
                ],
                [
                    0.0,
                    0.0,
                    0.0
                ],
                [
                    0.0,
                    0.0,
                    0.0
                ],
                [
                    0.0,
                    0.0,
                    0.0
                ],
                [
                    0.0,
                    0.0,
                    0.0
                ],
                [
                    0.0,
                    0.0,
                    0.0
                ]
            ],
            "isKeyframe": false
        },
        {
            "bbox": [
                486.9645,
                112.2216,
                600.8145,
                379.8864,
                0.66544275
            ],
            "personID": 3,
            "keypoints": [
                [
                    0.0,
                    0.0,
                    0.0
                ],
                [
                    560.024,
                    184.376,
                    0.90076
                ],
                [
                    590.357,
                    184.435,
                    0.827796
                ],
                [
                    591.327,
                    238.209,
                    0.866079
                ],
                [
                    583.539,
                    269.529,
                    0.867478
                ],
                [
                    528.771,
                    183.395,
                    0.813771
                ],
                [
                    518.922,
                    232.344,
                    0.734991
                ],
                [
                    522.86,
                    258.757,
                    0.388684
                ],
                [
                    543.354,
                    277.339,
                    0.640464
                ],
                [
                    559.047,
                    279.308,
                    0.62891
                ],
                [
                    543.357,
                    327.211,
                    0.798755
                ],
                [
                    530.696,
                    357.581,
                    0.129207
                ],
                [
                    526.758,
                    274.407,
                    0.581213
                ],
                [
                    506.272,
                    324.274,
                    0.833668
                ],
                [
                    496.452,
                    357.58,
                    0.115784
                ],
                [
                    0.0,
                    0.0,
                    0.0
                ],
                [
                    0.0,
                    0.0,
                    0.0
                ],
                [
                    578.611,
                    138.416,
                    0.676382
                ],
                [
                    550.219,
                    134.527,
                    0.843142
                ],
                [
                    0.0,
                    0.0,
                    0.0
                ],
                [
                    0.0,
                    0.0,
                    0.0
                ],
                [
                    0.0,
                    0.0,
                    0.0
                ],
                [
                    0.0,
                    0.0,
                    0.0
                ],
                [
                    0.0,
                    0.0,
                    0.0
                ],
                [
                    0.0,
                    0.0,
                    0.0
                ]
            ],
            "isKeyframe": false
        }
    ],
    "isKeyframe": false
}