{
    "filename": "images/1/002964.jpg",
    "height": 360,
    "width": 640,
    "annots": [
        {
            "bbox": [
                235.20030000000003,
                127.70929999999998,
                388.9527,
                338.9537,
                0.8078145416666667
            ],
            "personID": 0,
            "keypoints": [
                [
                    334.095,
                    151.157,
                    0.891734
                ],
                [
                    342.896,
                    175.558,
                    0.873139
                ],
                [
                    331.117,
                    170.719,
                    0.844512
                ],
                [
                    323.306,
                    196.138,
                    0.800926
                ],
                [
                    308.658,
                    200.044,
                    0.91571
                ],
                [
                    356.613,
                    176.598,
                    0.867995
                ],
                [
                    376.14,
                    199.034,
                    0.845822
                ],
                [
                    356.535,
                    214.761,
                    0.911581
                ],
                [
                    324.292,
                    231.331,
                    0.838979
                ],
                [
                    313.516,
                    228.432,
                    0.752709
                ],
                [
                    289.059,
                    261.637,
                    0.833682
                ],
                [
                    269.52,
                    306.653,
                    0.825978
                ],
                [
                    334.07,
                    234.282,
                    0.749826
                ],
                [
                    317.476,
                    266.587,
                    0.855919
                ],
                [
                    299.838,
                    311.563,
                    0.806427
                ],
                [
                    333.1,
                    145.313,
                    0.91149
                ],
                [
                    339.98,
                    146.27,
                    0.935477
                ],
                [
                    0.0,
                    0.0,
                    0.0
                ],
                [
                    351.66,
                    152.097,
                    0.884694
                ],
                [
                    290.059,
                    318.399,
                    0.689852
                ],
                [
                    295.908,
                    321.35,
                    0.681106
                ],
                [
                    297.871,
                    316.468,
                    0.580549
                ],
                [
                    248.013,
                    304.733,
                    0.679422
                ],
                [
                    251.909,
                    302.762,
                    0.676455
                ],
                [
                    270.506,
                    311.56,
                    0.733565
                ]
            ],
            "isKeyframe": false
        },
        {
            "bbox": [
                184.617,
                67.36739999999999,
                240.92100000000002,
                238.7946,
                0.7634545416666666
            ],
            "personID": 1,
            "keypoints": [
                [
                    208.897,
                    82.7225,
                    0.849884
                ],
                [
                    201.045,
                    98.3185,
                    0.913369
                ],
                [
                    191.263,
                    104.177,
                    0.884328
                ],
                [
                    189.309,
                    129.603,
                    0.873422
                ],
                [
                    196.123,
                    151.146,
                    0.778336
                ],
                [
                    213.742,
                    93.4325,
                    0.84349
                ],
                [
                    217.663,
                    114.964,
                    0.348421
                ],
                [
                    222.578,
                    136.451,
                    0.10128
                ],
                [
                    212.75,
                    146.237,
                    0.784603
                ],
                [
                    206.846,
                    148.216,
                    0.773266
                ],
                [
                    214.715,
                    182.441,
                    0.869014
                ],
                [
                    214.727,
                    215.745,
                    0.890611
                ],
                [
                    217.669,
                    144.322,
                    0.77469
                ],
                [
                    222.512,
                    178.535,
                    0.805224
                ],
                [
                    222.593,
                    206.928,
                    0.908803
                ],
                [
                    206.932,
                    81.6991,
                    0.903159
                ],
                [
                    209.856,
                    81.653,
                    0.539796
                ],
                [
                    199.046,
                    82.6502,
                    0.918425
                ],
                [
                    0.0,
                    0.0,
                    0.0
                ],
                [
                    236.229,
                    212.782,
                    0.785306
                ],
                [
                    235.258,
                    208.891,
                    0.741756
                ],
                [
                    222.495,
                    208.888,
                    0.713716
                ],
                [
                    223.515,
                    223.523,
                    0.804091
                ],
                [
                    217.657,
                    224.509,
                    0.752853
                ],
                [
                    213.728,
                    219.63,
                    0.765066
                ]
            ],
            "isKeyframe": false
        },
        {
            "bbox": [
                50.261669999999995,
                164.9101,
                145.41003,
                375.0889,
                0.5933928733333332
            ],
            "personID": 2,
            "keypoints": [
                [
                    74.8537,
                    184.365,
                    0.908406
                ],
                [
                    66.0205,
                    222.564,
                    0.738744
                ],
                [
                    68.0241,
                    231.361,
                    0.730207
                ],
                [
                    108.116,
                    253.889,
                    0.83549
                ],
                [
                    97.3798,
                    234.281,
                    0.690593
                ],
                [
                    64.0703,
                    210.818,
                    0.511742
                ],
                [
                    0.0,
                    0.0,
                    0.0
                ],
                [
                    0.0,
                    0.0,
                    0.0
                ],
                [
                    105.16,
                    292.967,
                    0.526262
                ],
                [
                    107.135,
                    292.961,
                    0.600515
                ],
                [
                    129.669,
                    335.054,
                    0.582914
                ],
                [
                    137.481,
                    357.574,
                    0.0627622
                ],
                [
                    100.265,
                    292.98,
                    0.416242
                ],
                [
                    120.814,
                    333.099,
                    0.447774
                ],
                [
                    130.602,
                    357.574,
                    0.0663889
                ],
                [
                    68.9878,
                    182.425,
                    0.84222
                ],
                [
                    0.0,
                    0.0,
                    0.0
                ],
                [
                    58.1907,
                    191.277,
                    0.940633
                ],
                [
                    0.0,
                    0.0,
                    0.0
                ],
                [
                    0.0,
                    0.0,
                    0.0
                ],
                [
                    0.0,
                    0.0,
                    0.0
                ],
                [
                    0.0,
                    0.0,
                    0.0
                ],
                [
                    0.0,
                    0.0,
                    0.0
                ],
                [
                    0.0,
                    0.0,
                    0.0
                ],
                [
                    0.0,
                    0.0,
                    0.0
                ]
            ],
            "isKeyframe": false
        },
        {
            "bbox": [
                486.9218,
                114.30529999999999,
                600.8762,
                379.7057,
                0.6434475764705883
            ],
            "personID": 3,
            "keypoints": [
                [
                    0.0,
                    0.0,
                    0.0
                ],
                [
                    560.041,
                    184.37,
                    0.898948
                ],
                [
                    590.355,
                    184.433,
                    0.813622
                ],
                [
                    591.38,
                    235.28,
                    0.817735
                ],
                [
                    583.556,
                    269.47,
                    0.835013
                ],
                [
                    529.732,
                    183.38,
                    0.797513
                ],
                [
                    519.945,
                    231.335,
                    0.84533
                ],
                [
                    519.92,
                    257.762,
                    0.651691
                ],
                [
                    543.405,
                    275.387,
                    0.63906
                ],
                [
                    559.08,
                    278.303,
                    0.635316
                ],
                [
                    543.38,
                    329.173,
                    0.803204
                ],
                [
                    532.647,
                    357.582,
                    0.0769449
                ],
                [
                    527.737,
                    271.469,
                    0.608603
                ],
                [
                    507.195,
                    323.281,
                    0.79901
                ],
                [
                    496.418,
                    357.58,
                    0.161088
                ],
                [
                    0.0,
                    0.0,
                    0.0
                ],
                [
                    0.0,
                    0.0,
                    0.0
                ],
                [
                    578.615,
                    137.468,
                    0.630836
                ],
                [
                    550.237,
                    136.422,
                    0.87467
                ],
                [
                    0.0,
                    0.0,
                    0.0
                ],
                [
                    0.0,
                    0.0,
                    0.0
                ],
                [
                    496.419,
                    357.589,
                    0.0500249
                ],
                [
                    0.0,
                    0.0,
                    0.0
                ],
                [
                    0.0,
                    0.0,
                    0.0
                ],
                [
                    0.0,
                    0.0,
                    0.0
                ]
            ],
            "isKeyframe": false
        }
    ],
    "isKeyframe": false
}