{
    "filename": "images/1/002923.jpg",
    "height": 360,
    "width": 640,
    "annots": [
        {
            "bbox": [
                172.5714,
                74.23819999999999,
                244.1346,
                245.6558,
                0.7970105416666667
            ],
            "personID": 0,
            "keypoints": [
                [
                    196.144,
                    91.4729,
                    0.817534
                ],
                [
                    191.279,
                    105.131,
                    0.954163
                ],
                [
                    178.535,
                    112.006,
                    0.839648
                ],
                [
                    182.451,
                    137.406,
                    0.901682
                ],
                [
                    187.322,
                    155.042,
                    0.784595
                ],
                [
                    202.981,
                    97.3528,
                    0.892482
                ],
                [
                    212.771,
                    120.776,
                    0.603965
                ],
                [
                    222.564,
                    121.802,
                    0.169381
                ],
                [
                    205.892,
                    153.065,
                    0.809515
                ],
                [
                    198.073,
                    154.083,
                    0.788778
                ],
                [
                    202.011,
                    190.25,
                    0.829491
                ],
                [
                    209.841,
                    221.577,
                    0.850208
                ],
                [
                    213.714,
                    151.13,
                    0.765745
                ],
                [
                    219.629,
                    181.476,
                    0.795591
                ],
                [
                    222.582,
                    207.891,
                    0.9057
                ],
                [
                    192.193,
                    90.4614,
                    0.899295
                ],
                [
                    198.059,
                    88.523,
                    0.8052
                ],
                [
                    183.447,
                    90.5175,
                    0.933241
                ],
                [
                    0.0,
                    0.0,
                    0.0
                ],
                [
                    238.171,
                    212.782,
                    0.830877
                ],
                [
                    237.229,
                    208.866,
                    0.795613
                ],
                [
                    219.629,
                    212.762,
                    0.789778
                ],
                [
                    219.631,
                    231.371,
                    0.74113
                ],
                [
                    214.722,
                    231.355,
                    0.80893
                ],
                [
                    208.881,
                    223.51,
                    0.815711
                ]
            ],
            "isKeyframe": false
        },
        {
            "bbox": [
                209.47570000000002,
                136.65050000000002,
                378.43929999999995,
                298.6325,
                0.7559390434782608
            ],
            "personID": 1,
            "keypoints": [
                [
                    348.717,
                    152.067,
                    0.894702
                ],
                [
                    363.368,
                    176.566,
                    0.803735
                ],
                [
                    359.498,
                    169.726,
                    0.59862
                ],
                [
                    347.778,
                    195.181,
                    0.449953
                ],
                [
                    330.131,
                    192.206,
                    0.743459
                ],
                [
                    364.359,
                    183.413,
                    0.801457
                ],
                [
                    361.464,
                    212.747,
                    0.804936
                ],
                [
                    332.113,
                    221.57,
                    0.876821
                ],
                [
                    324.263,
                    223.557,
                    0.745424
                ],
                [
                    317.449,
                    219.604,
                    0.699838
                ],
                [
                    277.315,
                    237.228,
                    0.836051
                ],
                [
                    240.173,
                    259.721,
                    0.80001
                ],
                [
                    327.221,
                    230.334,
                    0.665458
                ],
                [
                    285.132,
                    248.972,
                    0.845726
                ],
                [
                    251.886,
                    279.296,
                    0.804247
                ],
                [
                    0.0,
                    0.0,
                    0.0
                ],
                [
                    354.597,
                    150.149,
                    0.851618
                ],
                [
                    0.0,
                    0.0,
                    0.0
                ],
                [
                    363.438,
                    156.045,
                    0.887509
                ],
                [
                    233.321,
                    280.271,
                    0.722906
                ],
                [
                    238.21,
                    285.128,
                    0.821621
                ],
                [
                    248.005,
                    285.134,
                    0.721566
                ],
                [
                    223.556,
                    247.016,
                    0.688258
                ],
                [
                    225.492,
                    247.03,
                    0.580016
                ],
                [
                    239.218,
                    263.658,
                    0.742667
                ]
            ],
            "isKeyframe": false
        },
        {
            "bbox": [
                52.11645000000001,
                166.6707,
                136.71705,
                355.6983,
                0.645634153846154
            ],
            "personID": 2,
            "keypoints": [
                [
                    75.8236,
                    184.362,
                    0.877809
                ],
                [
                    66.0552,
                    222.588,
                    0.74494
                ],
                [
                    69.9442,
                    232.338,
                    0.71935
                ],
                [
                    108.12,
                    254.865,
                    0.815902
                ],
                [
                    97.367,
                    233.32,
                    0.611879
                ],
                [
                    63.1035,
                    208.882,
                    0.513695
                ],
                [
                    0.0,
                    0.0,
                    0.0
                ],
                [
                    0.0,
                    0.0,
                    0.0
                ],
                [
                    106.128,
                    293.945,
                    0.468538
                ],
                [
                    108.093,
                    293.956,
                    0.591838
                ],
                [
                    129.667,
                    339.946,
                    0.564758
                ],
                [
                    0.0,
                    0.0,
                    0.0
                ],
                [
                    103.204,
                    293.958,
                    0.343239
                ],
                [
                    121.8,
                    335.047,
                    0.358823
                ],
                [
                    0.0,
                    0.0,
                    0.0
                ],
                [
                    71.8991,
                    182.423,
                    0.821144
                ],
                [
                    0.0,
                    0.0,
                    0.0
                ],
                [
                    59.1665,
                    191.252,
                    0.961329
                ],
                [
                    0.0,
                    0.0,
                    0.0
                ],
                [
                    0.0,
                    0.0,
                    0.0
                ],
                [
                    0.0,
                    0.0,
                    0.0
                ],
                [
                    0.0,
                    0.0,
                    0.0
                ],
                [
                    0.0,
                    0.0,
                    0.0
                ],
                [
                    0.0,
                    0.0,
                    0.0
                ],
                [
                    0.0,
                    0.0,
                    0.0
                ]
            ],
            "isKeyframe": false
        },
        {
            "bbox": [
                489.87910000000005,
                112.22050000000002,
                580.2619000000001,
                379.8865,
                0.557050275
            ],
            "personID": 3,
            "keypoints": [
                [
                    511.129,
                    137.422,
                    0.224283
                ],
                [
                    542.432,
                    180.473,
                    0.741715
                ],
                [
                    562.962,
                    168.729,
                    0.759275
                ],
                [
                    572.73,
                    213.759,
                    0.593227
                ],
                [
                    564.929,
                    246.991,
                    0.58613
                ],
                [
                    519.929,
                    191.23,
                    0.784274
                ],
                [
                    509.181,
                    246.979,
                    0.841494
                ],
                [
                    503.288,
                    284.163,
                    0.849891
                ],
                [
                    536.563,
                    263.627,
                    0.650639
                ],
                [
                    550.245,
                    262.66,
                    0.617302
                ],
                [
                    531.678,
                    309.604,
                    0.777925
                ],
                [
                    529.712,
                    357.568,
                    0.769514
                ],
                [
                    524.813,
                    264.617,
                    0.603513
                ],
                [
                    513.13,
                    317.414,
                    0.726141
                ],
                [
                    506.251,
                    357.569,
                    0.708473
                ],
                [
                    0.0,
                    0.0,
                    0.0
                ],
                [
                    512.115,
                    134.526,
                    0.534075
                ],
                [
                    544.426,
                    137.491,
                    0.0644206
                ],
                [
                    520.89,
                    137.475,
                    0.893559
                ],
                [
                    497.411,
                    357.559,
                    0.182484
                ],
                [
                    501.343,
                    357.581,
                    0.216136
                ],
                [
                    506.244,
                    357.576,
                    0.439719
                ],
                [
                    524.809,
                    357.57,
                    0.211252
                ],
                [
                    527.739,
                    357.579,
                    0.161024
                ],
                [
                    531.648,
                    357.578,
                    0.432741
                ]
            ],
            "isKeyframe": false
        }
    ],
    "isKeyframe": false
}