{
    "filename": "images/1/002926.jpg",
    "height": 360,
    "width": 640,
    "annots": [
        {
            "bbox": [
                174.7403,
                69.97610999999998,
                243.9167,
                245.99199000000002,
                0.7913417083333334
            ],
            "personID": 0,
            "keypoints": [
                [
                    198.086,
                    89.5265,
                    0.873294
                ],
                [
                    192.196,
                    105.113,
                    0.935211
                ],
                [
                    180.505,
                    111.032,
                    0.819243
                ],
                [
                    182.459,
                    136.501,
                    0.907782
                ],
                [
                    188.301,
                    153.141,
                    0.778197
                ],
                [
                    203.96,
                    97.3455,
                    0.879304
                ],
                [
                    213.73,
                    119.848,
                    0.675103
                ],
                [
                    223.534,
                    120.839,
                    0.17411
                ],
                [
                    205.902,
                    152.124,
                    0.804454
                ],
                [
                    198.073,
                    153.139,
                    0.790338
                ],
                [
                    202.023,
                    189.276,
                    0.816195
                ],
                [
                    209.845,
                    221.549,
                    0.832402
                ],
                [
                    213.736,
                    150.156,
                    0.75738
                ],
                [
                    219.602,
                    181.444,
                    0.793714
                ],
                [
                    222.571,
                    207.885,
                    0.917955
                ],
                [
                    192.261,
                    88.532,
                    0.846844
                ],
                [
                    199.033,
                    84.6441,
                    0.72264
                ],
                [
                    184.41,
                    89.5421,
                    0.906844
                ],
                [
                    0.0,
                    0.0,
                    0.0
                ],
                [
                    238.152,
                    212.786,
                    0.809765
                ],
                [
                    237.221,
                    208.866,
                    0.783803
                ],
                [
                    219.618,
                    212.763,
                    0.786915
                ],
                [
                    219.605,
                    231.319,
                    0.758148
                ],
                [
                    214.695,
                    231.324,
                    0.811915
                ],
                [
                    208.892,
                    223.49,
                    0.810645
                ]
            ],
            "isKeyframe": false
        },
        {
            "bbox": [
                51.32486,
                164.9112,
                145.30574,
                375.0888,
                0.6040483571428572
            ],
            "personID": 1,
            "keypoints": [
                [
                    75.8206,
                    184.365,
                    0.87135
                ],
                [
                    66.0565,
                    222.578,
                    0.745353
                ],
                [
                    69.9568,
                    232.332,
                    0.719886
                ],
                [
                    108.117,
                    254.841,
                    0.815153
                ],
                [
                    97.3501,
                    234.278,
                    0.620317
                ],
                [
                    63.1022,
                    208.873,
                    0.519145
                ],
                [
                    0.0,
                    0.0,
                    0.0
                ],
                [
                    0.0,
                    0.0,
                    0.0
                ],
                [
                    105.199,
                    292.997,
                    0.474281
                ],
                [
                    107.152,
                    293.006,
                    0.588502
                ],
                [
                    129.668,
                    339.924,
                    0.560856
                ],
                [
                    137.474,
                    357.574,
                    0.050312
                ],
                [
                    102.23,
                    293.945,
                    0.351295
                ],
                [
                    121.779,
                    334.068,
                    0.364365
                ],
                [
                    0.0,
                    0.0,
                    0.0
                ],
                [
                    71.8937,
                    182.426,
                    0.814897
                ],
                [
                    0.0,
                    0.0,
                    0.0
                ],
                [
                    59.1566,
                    191.26,
                    0.960965
                ],
                [
                    0.0,
                    0.0,
                    0.0
                ],
                [
                    0.0,
                    0.0,
                    0.0
                ],
                [
                    0.0,
                    0.0,
                    0.0
                ],
                [
                    0.0,
                    0.0,
                    0.0
                ],
                [
                    0.0,
                    0.0,
                    0.0
                ],
                [
                    0.0,
                    0.0,
                    0.0
                ],
                [
                    0.0,
                    0.0,
                    0.0
                ]
            ],
            "isKeyframe": false
        },
        {
            "bbox": [
                210.60789999999997,
                132.0673,
                377.3251,
                302.2597,
                0.7517306666666667
            ],
            "personID": 2,
            "keypoints": [
                [
                    347.749,
                    152.071,
                    0.907182
                ],
                [
                    358.546,
                    176.54,
                    0.805388
                ],
                [
                    355.548,
                    170.712,
                    0.708193
                ],
                [
                    346.753,
                    195.152,
                    0.586974
                ],
                [
                    325.265,
                    192.228,
                    0.783206
                ],
                [
                    363.432,
                    181.452,
                    0.7914
                ],
                [
                    363.382,
                    208.895,
                    0.857974
                ],
                [
                    333.087,
                    221.54,
                    0.85651
                ],
                [
                    323.298,
                    224.497,
                    0.735152
                ],
                [
                    316.472,
                    219.614,
                    0.728996
                ],
                [
                    276.353,
                    238.25,
                    0.864328
                ],
                [
                    240.155,
                    261.712,
                    0.869438
                ],
                [
                    327.217,
                    230.388,
                    0.685791
                ],
                [
                    285.14,
                    253.8,
                    0.910351
                ],
                [
                    252.88,
                    283.21,
                    0.819507
                ],
                [
                    347.803,
                    146.25,
                    0.175279
                ],
                [
                    352.643,
                    150.137,
                    0.814107
                ],
                [
                    0.0,
                    0.0,
                    0.0
                ],
                [
                    363.414,
                    155.072,
                    0.890817
                ],
                [
                    238.192,
                    285.178,
                    0.74363
                ],
                [
                    242.128,
                    288.077,
                    0.745567
                ],
                [
                    249.944,
                    286.123,
                    0.688486
                ],
                [
                    224.501,
                    253.83,
                    0.720103
                ],
                [
                    228.405,
                    253.814,
                    0.591348
                ],
                [
                    240.151,
                    268.508,
                    0.761809
                ]
            ],
            "isKeyframe": false
        },
        {
            "bbox": [
                490.1143,
                112.2184,
                578.1427000000001,
                379.88559999999995,
                0.5611695652173914
            ],
            "personID": 3,
            "keypoints": [
                [
                    512.134,
                    137.422,
                    0.172368
                ],
                [
                    543.391,
                    182.424,
                    0.773663
                ],
                [
                    565.905,
                    170.698,
                    0.752343
                ],
                [
                    570.807,
                    215.695,
                    0.552876
                ],
                [
                    566.876,
                    247.98,
                    0.644669
                ],
                [
                    519.961,
                    191.222,
                    0.773211
                ],
                [
                    509.171,
                    246.971,
                    0.827252
                ],
                [
                    503.272,
                    283.211,
                    0.830084
                ],
                [
                    536.594,
                    264.615,
                    0.633649
                ],
                [
                    551.217,
                    263.658,
                    0.619938
                ],
                [
                    534.611,
                    309.647,
                    0.807689
                ],
                [
                    529.703,
                    357.57,
                    0.740985
                ],
                [
                    524.827,
                    264.63,
                    0.592992
                ],
                [
                    513.115,
                    316.483,
                    0.769249
                ],
                [
                    507.195,
                    357.569,
                    0.694788
                ],
                [
                    0.0,
                    0.0,
                    0.0
                ],
                [
                    513.113,
                    134.524,
                    0.44676
                ],
                [
                    549.259,
                    137.472,
                    0.106244
                ],
                [
                    521.914,
                    137.496,
                    0.822141
                ],
                [
                    497.45,
                    357.558,
                    0.169466
                ],
                [
                    0.0,
                    0.0,
                    0.0
                ],
                [
                    507.198,
                    357.576,
                    0.443071
                ],
                [
                    523.844,
                    357.568,
                    0.200024
                ],
                [
                    527.734,
                    357.58,
                    0.150856
                ],
                [
                    530.697,
                    357.579,
                    0.382582
                ]
            ],
            "isKeyframe": false
        }
    ],
    "isKeyframe": false
}