{
    "filename": "images/1/002913.jpg",
    "height": 360,
    "width": 640,
    "annots": [
        {
            "bbox": [
                216.86280000000005,
                136.8545,
                378.8652,
                284.7845,
                0.6860786818181818
            ],
            "personID": 0,
            "keypoints": [
                [
                    349.729,
                    153.117,
                    0.867345
                ],
                [
                    364.361,
                    181.478,
                    0.742506
                ],
                [
                    364.429,
                    175.618,
                    0.530181
                ],
                [
                    350.703,
                    198.094,
                    0.217639
                ],
                [
                    334.075,
                    191.229,
                    0.533393
                ],
                [
                    362.446,
                    184.427,
                    0.768487
                ],
                [
                    354.585,
                    214.71,
                    0.882982
                ],
                [
                    325.222,
                    221.578,
                    0.878974
                ],
                [
                    323.279,
                    221.571,
                    0.643051
                ],
                [
                    320.384,
                    216.691,
                    0.545084
                ],
                [
                    279.281,
                    228.424,
                    0.740728
                ],
                [
                    245.065,
                    245.983,
                    0.815531
                ],
                [
                    323.289,
                    223.534,
                    0.659266
                ],
                [
                    280.282,
                    242.099,
                    0.757777
                ],
                [
                    247.04,
                    269.508,
                    0.824111
                ],
                [
                    352.631,
                    149.182,
                    0.090148
                ],
                [
                    355.59,
                    152.145,
                    0.923292
                ],
                [
                    0.0,
                    0.0,
                    0.0
                ],
                [
                    365.365,
                    159.934,
                    0.903061
                ],
                [
                    230.363,
                    270.474,
                    0.696635
                ],
                [
                    233.333,
                    272.457,
                    0.70421
                ],
                [
                    246.055,
                    270.508,
                    0.678772
                ],
                [
                    0.0,
                    0.0,
                    0.0
                ],
                [
                    0.0,
                    0.0,
                    0.0
                ],
                [
                    243.094,
                    247.998,
                    0.690558
                ]
            ],
            "isKeyframe": false
        },
        {
            "bbox": [
                170.43529999999998,
                75.43271000000001,
                244.3397,
                244.46939,
                0.7801394458333334
            ],
            "personID": 1,
            "keypoints": [
                [
                    197.116,
                    92.4443,
                    0.826619
                ],
                [
                    189.291,
                    106.167,
                    0.895004
                ],
                [
                    176.594,
                    113.94,
                    0.905706
                ],
                [
                    177.589,
                    140.381,
                    0.829349
                ],
                [
                    185.364,
                    160.888,
                    0.806485
                ],
                [
                    200.006,
                    99.2914,
                    0.928139
                ],
                [
                    206.921,
                    120.848,
                    0.414224
                ],
                [
                    214.692,
                    143.302,
                    0.0857657
                ],
                [
                    202.019,
                    155.043,
                    0.773324
                ],
                [
                    195.149,
                    158.962,
                    0.77457
                ],
                [
                    201.014,
                    191.225,
                    0.878848
                ],
                [
                    209.818,
                    221.544,
                    0.849079
                ],
                [
                    209.827,
                    153.065,
                    0.785529
                ],
                [
                    218.629,
                    182.449,
                    0.835008
                ],
                [
                    222.566,
                    207.913,
                    0.91468
                ],
                [
                    192.231,
                    90.5021,
                    0.905338
                ],
                [
                    197.103,
                    89.5191,
                    0.643237
                ],
                [
                    183.393,
                    91.4956,
                    0.886351
                ],
                [
                    0.0,
                    0.0,
                    0.0
                ],
                [
                    238.181,
                    212.755,
                    0.752463
                ],
                [
                    237.226,
                    208.862,
                    0.758458
                ],
                [
                    219.614,
                    212.781,
                    0.776661
                ],
                [
                    222.549,
                    230.383,
                    0.868652
                ],
                [
                    215.684,
                    230.369,
                    0.825702
                ],
                [
                    208.868,
                    222.583,
                    0.804155
                ]
            ],
            "isKeyframe": false
        },
        {
            "bbox": [
                52.104980000000005,
                166.66559999999998,
                136.71481999999997,
                355.7064,
                0.6415913076923077
            ],
            "personID": 2,
            "keypoints": [
                [
                    75.8043,
                    183.466,
                    0.890567
                ],
                [
                    66.0586,
                    222.577,
                    0.745461
                ],
                [
                    69.9443,
                    232.334,
                    0.719479
                ],
                [
                    108.103,
                    254.852,
                    0.810321
                ],
                [
                    97.3159,
                    232.357,
                    0.588809
                ],
                [
                    63.1112,
                    208.873,
                    0.519145
                ],
                [
                    0.0,
                    0.0,
                    0.0
                ],
                [
                    0.0,
                    0.0,
                    0.0
                ],
                [
                    105.199,
                    293.002,
                    0.458681
                ],
                [
                    107.139,
                    293.948,
                    0.583632
                ],
                [
                    129.664,
                    339.953,
                    0.564683
                ],
                [
                    0.0,
                    0.0,
                    0.0
                ],
                [
                    102.244,
                    293.002,
                    0.330635
                ],
                [
                    121.788,
                    335.037,
                    0.347761
                ],
                [
                    0.0,
                    0.0,
                    0.0
                ],
                [
                    70.9418,
                    182.419,
                    0.818335
                ],
                [
                    0.0,
                    0.0,
                    0.0
                ],
                [
                    59.1558,
                    191.247,
                    0.963178
                ],
                [
                    0.0,
                    0.0,
                    0.0
                ],
                [
                    0.0,
                    0.0,
                    0.0
                ],
                [
                    0.0,
                    0.0,
                    0.0
                ],
                [
                    0.0,
                    0.0,
                    0.0
                ],
                [
                    0.0,
                    0.0,
                    0.0
                ],
                [
                    0.0,
                    0.0,
                    0.0
                ],
                [
                    0.0,
                    0.0,
                    0.0
                ]
            ],
            "isKeyframe": false
        },
        {
            "bbox": [
                490.9471,
                108.9776,
                556.6699,
                380.17040000000003,
                0.5867985714285714
            ],
            "personID": 3,
            "keypoints": [
                [
                    501.356,
                    136.449,
                    0.436268
                ],
                [
                    535.612,
                    175.567,
                    0.790047
                ],
                [
                    551.193,
                    157.028,
                    0.710113
                ],
                [
                    547.32,
                    185.368,
                    0.056896
                ],
                [
                    0.0,
                    0.0,
                    0.0
                ],
                [
                    520.887,
                    191.225,
                    0.757898
                ],
                [
                    512.098,
                    246.005,
                    0.887195
                ],
                [
                    497.384,
                    278.328,
                    0.903552
                ],
                [
                    533.637,
                    261.7,
                    0.582394
                ],
                [
                    544.346,
                    261.663,
                    0.572593
                ],
                [
                    525.787,
                    308.603,
                    0.592045
                ],
                [
                    519.898,
                    338.946,
                    0.672367
                ],
                [
                    522.862,
                    263.623,
                    0.568307
                ],
                [
                    514.084,
                    311.575,
                    0.594603
                ],
                [
                    506.257,
                    357.558,
                    0.708572
                ],
                [
                    0.0,
                    0.0,
                    0.0
                ],
                [
                    504.216,
                    131.577,
                    0.716523
                ],
                [
                    0.0,
                    0.0,
                    0.0
                ],
                [
                    513.1,
                    136.432,
                    0.897382
                ],
                [
                    496.424,
                    347.786,
                    0.257256
                ],
                [
                    498.42,
                    357.562,
                    0.256718
                ],
                [
                    506.264,
                    357.571,
                    0.515095
                ],
                [
                    497.446,
                    338.946,
                    0.287365
                ],
                [
                    0.0,
                    0.0,
                    0.0
                ],
                [
                    522.85,
                    340.926,
                    0.559581
                ]
            ],
            "isKeyframe": false
        }
    ],
    "isKeyframe": false
}