{
    "filename": "images/1/002940.jpg",
    "height": 360,
    "width": 640,
    "annots": [
        {
            "bbox": [
                179.1051,
                67.94700999999999,
                242.48789999999997,
                245.14009,
                0.7987215833333333
            ],
            "personID": 0,
            "keypoints": [
                [
                    201.026,
                    88.5393,
                    0.869269
                ],
                [
                    196.145,
                    102.216,
                    0.837915
                ],
                [
                    184.387,
                    106.192,
                    0.902291
                ],
                [
                    184.437,
                    134.508,
                    0.857369
                ],
                [
                    191.26,
                    152.137,
                    0.814827
                ],
                [
                    207.852,
                    96.3631,
                    0.920317
                ],
                [
                    214.758,
                    117.877,
                    0.649638
                ],
                [
                    222.548,
                    140.375,
                    0.147752
                ],
                [
                    207.86,
                    151.155,
                    0.83124
                ],
                [
                    200.035,
                    153.066,
                    0.845556
                ],
                [
                    206.859,
                    185.381,
                    0.87301
                ],
                [
                    209.831,
                    217.684,
                    0.822563
                ],
                [
                    215.69,
                    149.177,
                    0.782066
                ],
                [
                    218.639,
                    181.458,
                    0.808635
                ],
                [
                    222.587,
                    207.861,
                    0.914712
                ],
                [
                    198.099,
                    85.6086,
                    0.821847
                ],
                [
                    201.992,
                    82.7131,
                    0.821529
                ],
                [
                    189.302,
                    88.499,
                    0.817495
                ],
                [
                    0.0,
                    0.0,
                    0.0
                ],
                [
                    237.206,
                    211.809,
                    0.807554
                ],
                [
                    237.205,
                    207.917,
                    0.82014
                ],
                [
                    220.597,
                    211.801,
                    0.78508
                ],
                [
                    219.602,
                    230.342,
                    0.810309
                ],
                [
                    213.746,
                    230.374,
                    0.807882
                ],
                [
                    208.88,
                    222.527,
                    0.800322
                ]
            ],
            "isKeyframe": false
        },
        {
            "bbox": [
                211.30910000000003,
                130.59629999999999,
                381.4919,
                318.4287,
                0.7684635833333333
            ],
            "personID": 1,
            "keypoints": [
                [
                    341.905,
                    152.073,
                    0.894451
                ],
                [
                    353.619,
                    175.581,
                    0.851169
                ],
                [
                    343.868,
                    168.793,
                    0.807386
                ],
                [
                    339.898,
                    196.155,
                    0.743275
                ],
                [
                    319.393,
                    192.272,
                    0.835716
                ],
                [
                    362.423,
                    180.491,
                    0.786994
                ],
                [
                    367.31,
                    207.837,
                    0.833596
                ],
                [
                    340.871,
                    220.572,
                    0.870248
                ],
                [
                    318.422,
                    226.461,
                    0.742321
                ],
                [
                    312.567,
                    222.513,
                    0.743912
                ],
                [
                    277.369,
                    246.001,
                    0.900634
                ],
                [
                    242.136,
                    276.36,
                    0.791467
                ],
                [
                    325.258,
                    231.362,
                    0.734435
                ],
                [
                    292.945,
                    259.737,
                    0.835575
                ],
                [
                    261.679,
                    294.961,
                    0.834692
                ],
                [
                    341.926,
                    146.249,
                    0.338834
                ],
                [
                    347.771,
                    148.205,
                    0.897536
                ],
                [
                    0.0,
                    0.0,
                    0.0
                ],
                [
                    358.525,
                    153.122,
                    0.892821
                ],
                [
                    246.054,
                    300.811,
                    0.6712
                ],
                [
                    252.876,
                    302.776,
                    0.700932
                ],
                [
                    259.733,
                    300.799,
                    0.650833
                ],
                [
                    225.491,
                    269.473,
                    0.726502
                ],
                [
                    229.39,
                    268.526,
                    0.652697
                ],
                [
                    242.123,
                    282.23,
                    0.7059
                ]
            ],
            "isKeyframe": false
        },
        {
            "bbox": [
                50.30568000000001,
                164.91979999999998,
                145.40712000000002,
                375.0902,
                0.57730372
            ],
            "personID": 2,
            "keypoints": [
                [
                    74.8634,
                    184.361,
                    0.904704
                ],
                [
                    66.0487,
                    222.559,
                    0.743578
                ],
                [
                    68.9743,
                    231.395,
                    0.724044
                ],
                [
                    108.119,
                    254.825,
                    0.821062
                ],
                [
                    96.3741,
                    232.346,
                    0.589291
                ],
                [
                    64.0956,
                    208.888,
                    0.529353
                ],
                [
                    0.0,
                    0.0,
                    0.0
                ],
                [
                    0.0,
                    0.0,
                    0.0
                ],
                [
                    105.187,
                    292.989,
                    0.504318
                ],
                [
                    107.154,
                    292.988,
                    0.595442
                ],
                [
                    130.595,
                    338.95,
                    0.570146
                ],
                [
                    137.482,
                    357.574,
                    0.0504075
                ],
                [
                    101.249,
                    293.941,
                    0.385651
                ],
                [
                    120.833,
                    333.103,
                    0.40508
                ],
                [
                    130.627,
                    357.576,
                    0.0536793
                ],
                [
                    69.9593,
                    182.434,
                    0.825322
                ],
                [
                    0.0,
                    0.0,
                    0.0
                ],
                [
                    58.2308,
                    191.266,
                    0.957478
                ],
                [
                    0.0,
                    0.0,
                    0.0
                ],
                [
                    0.0,
                    0.0,
                    0.0
                ],
                [
                    0.0,
                    0.0,
                    0.0
                ],
                [
                    0.0,
                    0.0,
                    0.0
                ],
                [
                    0.0,
                    0.0,
                    0.0
                ],
                [
                    0.0,
                    0.0,
                    0.0
                ],
                [
                    0.0,
                    0.0,
                    0.0
                ]
            ],
            "isKeyframe": false
        },
        {
            "bbox": [
                494.4061000000001,
                112.1995,
                589.4449000000001,
                379.8895,
                0.579588611111111
            ],
            "personID": 3,
            "keypoints": [
                [
                    0.0,
                    0.0,
                    0.0
                ],
                [
                    552.217,
                    183.441,
                    0.838238
                ],
                [
                    578.602,
                    175.629,
                    0.788769
                ],
                [
                    581.525,
                    209.827,
                    0.453784
                ],
                [
                    0.0,
                    0.0,
                    0.0
                ],
                [
                    527.76,
                    191.21,
                    0.770706
                ],
                [
                    513.074,
                    240.189,
                    0.860213
                ],
                [
                    502.326,
                    270.477,
                    0.877436
                ],
                [
                    540.45,
                    271.451,
                    0.574682
                ],
                [
                    553.199,
                    273.405,
                    0.562358
                ],
                [
                    537.572,
                    322.305,
                    0.735313
                ],
                [
                    528.775,
                    357.577,
                    0.328687
                ],
                [
                    526.744,
                    270.472,
                    0.590767
                ],
                [
                    512.075,
                    319.382,
                    0.742554
                ],
                [
                    504.31,
                    357.571,
                    0.64143
                ],
                [
                    0.0,
                    0.0,
                    0.0
                ],
                [
                    526.773,
                    134.507,
                    0.156962
                ],
                [
                    560.007,
                    138.421,
                    0.182391
                ],
                [
                    535.53,
                    137.484,
                    0.864869
                ],
                [
                    0.0,
                    0.0,
                    0.0
                ],
                [
                    0.0,
                    0.0,
                    0.0
                ],
                [
                    504.284,
                    357.576,
                    0.342833
                ],
                [
                    0.0,
                    0.0,
                    0.0
                ],
                [
                    0.0,
                    0.0,
                    0.0
                ],
                [
                    528.778,
                    357.582,
                    0.120603
                ]
            ],
            "isKeyframe": false
        }
    ],
    "isKeyframe": false
}