{
    "filename": "images/1/002957.jpg",
    "height": 360,
    "width": 640,
    "annots": [
        {
            "bbox": [
                225.91019999999997,
                128.19599999999997,
                385.5678,
                333.612,
                0.7940432916666667
            ],
            "personID": 0,
            "keypoints": [
                [
                    337.965,
                    151.138,
                    0.871513
                ],
                [
                    348.701,
                    174.611,
                    0.883988
                ],
                [
                    333.136,
                    169.749,
                    0.869729
                ],
                [
                    328.208,
                    196.152,
                    0.744805
                ],
                [
                    310.595,
                    200.02,
                    0.874086
                ],
                [
                    363.38,
                    176.546,
                    0.832481
                ],
                [
                    372.263,
                    201.012,
                    0.862332
                ],
                [
                    351.669,
                    216.7,
                    0.824367
                ],
                [
                    323.31,
                    230.34,
                    0.780349
                ],
                [
                    312.561,
                    224.522,
                    0.74629
                ],
                [
                    286.103,
                    254.839,
                    0.886944
                ],
                [
                    257.779,
                    297.863,
                    0.761009
                ],
                [
                    333.076,
                    232.36,
                    0.738029
                ],
                [
                    310.593,
                    265.6,
                    0.837295
                ],
                [
                    287.102,
                    309.59,
                    0.834962
                ],
                [
                    337.967,
                    145.314,
                    0.614742
                ],
                [
                    340.951,
                    146.265,
                    0.911913
                ],
                [
                    0.0,
                    0.0,
                    0.0
                ],
                [
                    355.555,
                    152.127,
                    0.942627
                ],
                [
                    279.278,
                    315.455,
                    0.721385
                ],
                [
                    285.174,
                    316.494,
                    0.770647
                ],
                [
                    286.107,
                    312.549,
                    0.610019
                ],
                [
                    239.215,
                    293.99,
                    0.738637
                ],
                [
                    242.104,
                    293.011,
                    0.710481
                ],
                [
                    259.702,
                    303.731,
                    0.688409
                ]
            ],
            "isKeyframe": false
        },
        {
            "bbox": [
                185.6366,
                67.04116000000002,
                240.85340000000002,
                243.08644,
                0.7835238333333332
            ],
            "personID": 1,
            "keypoints": [
                [
                    207.858,
                    84.6496,
                    0.884352
                ],
                [
                    200.105,
                    98.359,
                    0.923755
                ],
                [
                    191.219,
                    105.138,
                    0.908708
                ],
                [
                    190.238,
                    130.605,
                    0.845395
                ],
                [
                    196.133,
                    153.058,
                    0.812971
                ],
                [
                    213.716,
                    94.396,
                    0.841009
                ],
                [
                    216.679,
                    115.92,
                    0.455275
                ],
                [
                    221.587,
                    137.44,
                    0.121179
                ],
                [
                    211.794,
                    148.206,
                    0.757807
                ],
                [
                    206.847,
                    151.136,
                    0.793793
                ],
                [
                    212.767,
                    184.373,
                    0.851007
                ],
                [
                    213.754,
                    217.676,
                    0.839512
                ],
                [
                    217.653,
                    145.308,
                    0.754506
                ],
                [
                    221.573,
                    181.46,
                    0.802005
                ],
                [
                    222.586,
                    206.936,
                    0.906332
                ],
                [
                    204.926,
                    82.6807,
                    0.869852
                ],
                [
                    207.911,
                    81.7116,
                    0.844495
                ],
                [
                    194.18,
                    83.6356,
                    0.863142
                ],
                [
                    0.0,
                    0.0,
                    0.0
                ],
                [
                    236.252,
                    212.765,
                    0.795675
                ],
                [
                    236.234,
                    208.864,
                    0.77052
                ],
                [
                    221.56,
                    209.829,
                    0.737405
                ],
                [
                    222.504,
                    227.428,
                    0.82316
                ],
                [
                    215.71,
                    228.416,
                    0.829336
                ],
                [
                    211.794,
                    221.573,
                    0.773381
                ]
            ],
            "isKeyframe": false
        },
        {
            "bbox": [
                50.173640000000006,
                164.90780000000004,
                146.44676,
                375.0902,
                0.5986995466666668
            ],
            "personID": 2,
            "keypoints": [
                [
                    74.8413,
                    183.462,
                    0.91405
                ],
                [
                    66.0483,
                    222.534,
                    0.749954
                ],
                [
                    68.972,
                    231.373,
                    0.739376
                ],
                [
                    108.117,
                    254.799,
                    0.838725
                ],
                [
                    98.2893,
                    236.233,
                    0.737436
                ],
                [
                    64.0736,
                    208.863,
                    0.533838
                ],
                [
                    0.0,
                    0.0,
                    0.0
                ],
                [
                    0.0,
                    0.0,
                    0.0
                ],
                [
                    105.172,
                    292.963,
                    0.51998
                ],
                [
                    107.129,
                    292.961,
                    0.599661
                ],
                [
                    130.583,
                    335.056,
                    0.582879
                ],
                [
                    138.424,
                    357.574,
                    0.0550807
                ],
                [
                    100.291,
                    292.978,
                    0.402274
                ],
                [
                    120.825,
                    333.112,
                    0.455292
                ],
                [
                    130.623,
                    357.575,
                    0.0581295
                ],
                [
                    68.9817,
                    182.423,
                    0.830779
                ],
                [
                    0.0,
                    0.0,
                    0.0
                ],
                [
                    58.1964,
                    191.289,
                    0.963039
                ],
                [
                    0.0,
                    0.0,
                    0.0
                ],
                [
                    0.0,
                    0.0,
                    0.0
                ],
                [
                    0.0,
                    0.0,
                    0.0
                ],
                [
                    0.0,
                    0.0,
                    0.0
                ],
                [
                    0.0,
                    0.0,
                    0.0
                ],
                [
                    0.0,
                    0.0,
                    0.0
                ],
                [
                    0.0,
                    0.0,
                    0.0
                ]
            ],
            "isKeyframe": false
        },
        {
            "bbox": [
                486.8934,
                114.3966,
                601.8846,
                379.6974,
                0.6359755647058825
            ],
            "personID": 3,
            "keypoints": [
                [
                    0.0,
                    0.0,
                    0.0
                ],
                [
                    560.081,
                    184.387,
                    0.87805
                ],
                [
                    590.341,
                    183.46,
                    0.832845
                ],
                [
                    592.302,
                    233.334,
                    0.777632
                ],
                [
                    582.494,
                    267.541,
                    0.813598
                ],
                [
                    533.617,
                    184.397,
                    0.793179
                ],
                [
                    519.936,
                    237.193,
                    0.843702
                ],
                [
                    516.987,
                    262.651,
                    0.701778
                ],
                [
                    544.361,
                    275.382,
                    0.639048
                ],
                [
                    559.996,
                    278.287,
                    0.626343
                ],
                [
                    543.368,
                    326.232,
                    0.789684
                ],
                [
                    532.654,
                    357.582,
                    0.108648
                ],
                [
                    528.734,
                    272.434,
                    0.612477
                ],
                [
                    506.212,
                    320.365,
                    0.797401
                ],
                [
                    496.476,
                    357.58,
                    0.159951
                ],
                [
                    0.0,
                    0.0,
                    0.0
                ],
                [
                    0.0,
                    0.0,
                    0.0
                ],
                [
                    575.7,
                    137.478,
                    0.536631
                ],
                [
                    547.324,
                    136.505,
                    0.847928
                ],
                [
                    0.0,
                    0.0,
                    0.0
                ],
                [
                    0.0,
                    0.0,
                    0.0
                ],
                [
                    496.482,
                    357.589,
                    0.0526896
                ],
                [
                    0.0,
                    0.0,
                    0.0
                ],
                [
                    0.0,
                    0.0,
                    0.0
                ],
                [
                    0.0,
                    0.0,
                    0.0
                ]
            ],
            "isKeyframe": false
        }
    ],
    "isKeyframe": false
}