{
    "filename": "images/1/002937.jpg",
    "height": 360,
    "width": 640,
    "annots": [
        {
            "bbox": [
                178.0843,
                67.86568000000001,
                242.6167,
                245.14312,
                0.767791208
            ],
            "personID": 0,
            "keypoints": [
                [
                    199.109,
                    89.4856,
                    0.870284
                ],
                [
                    194.19,
                    103.2,
                    0.848023
                ],
                [
                    183.462,
                    107.149,
                    0.879828
                ],
                [
                    184.411,
                    134.516,
                    0.864702
                ],
                [
                    191.197,
                    153.064,
                    0.821537
                ],
                [
                    206.922,
                    97.2912,
                    0.932249
                ],
                [
                    214.726,
                    117.88,
                    0.637445
                ],
                [
                    222.555,
                    128.643,
                    0.147336
                ],
                [
                    207.835,
                    152.082,
                    0.826191
                ],
                [
                    200.012,
                    153.081,
                    0.833907
                ],
                [
                    205.916,
                    186.346,
                    0.844653
                ],
                [
                    209.838,
                    219.617,
                    0.822071
                ],
                [
                    215.664,
                    149.186,
                    0.771127
                ],
                [
                    218.622,
                    182.415,
                    0.807376
                ],
                [
                    222.59,
                    207.877,
                    0.915712
                ],
                [
                    195.152,
                    86.5863,
                    0.762324
                ],
                [
                    200.076,
                    83.6547,
                    0.836387
                ],
                [
                    188.297,
                    88.5124,
                    0.788356
                ],
                [
                    201.999,
                    82.6388,
                    0.0697642
                ],
                [
                    237.239,
                    212.745,
                    0.818733
                ],
                [
                    237.22,
                    207.933,
                    0.811542
                ],
                [
                    220.597,
                    212.759,
                    0.798613
                ],
                [
                    219.613,
                    229.417,
                    0.828758
                ],
                [
                    214.684,
                    230.37,
                    0.840582
                ],
                [
                    208.875,
                    222.566,
                    0.81728
                ]
            ],
            "isKeyframe": false
        },
        {
            "bbox": [
                210.43140000000002,
                130.7873,
                379.4946,
                316.2677,
                0.7747885833333333
            ],
            "personID": 1,
            "keypoints": [
                [
                    343.835,
                    152.081,
                    0.874932
                ],
                [
                    354.601,
                    175.604,
                    0.874828
                ],
                [
                    346.772,
                    169.736,
                    0.805845
                ],
                [
                    339.937,
                    196.129,
                    0.59961
                ],
                [
                    323.272,
                    192.252,
                    0.798654
                ],
                [
                    362.451,
                    181.451,
                    0.80106
                ],
                [
                    365.406,
                    207.864,
                    0.862104
                ],
                [
                    339.936,
                    220.597,
                    0.882776
                ],
                [
                    317.484,
                    226.455,
                    0.753426
                ],
                [
                    312.539,
                    221.588,
                    0.740877
                ],
                [
                    277.302,
                    245.042,
                    0.880625
                ],
                [
                    243.087,
                    272.441,
                    0.809916
                ],
                [
                    324.308,
                    231.364,
                    0.742012
                ],
                [
                    291.018,
                    257.766,
                    0.813937
                ],
                [
                    259.697,
                    293.019,
                    0.828258
                ],
                [
                    344.82,
                    146.244,
                    0.377597
                ],
                [
                    348.721,
                    148.225,
                    0.891728
                ],
                [
                    0.0,
                    0.0,
                    0.0
                ],
                [
                    360.475,
                    153.153,
                    0.87686
                ],
                [
                    246.015,
                    296.904,
                    0.729831
                ],
                [
                    250.934,
                    300.811,
                    0.813736
                ],
                [
                    255.821,
                    297.866,
                    0.680751
                ],
                [
                    224.52,
                    267.527,
                    0.742255
                ],
                [
                    228.42,
                    265.584,
                    0.661592
                ],
                [
                    242.132,
                    278.325,
                    0.751716
                ]
            ],
            "isKeyframe": false
        },
        {
            "bbox": [
                50.31331,
                164.9418,
                145.39879,
                375.0882,
                0.5763989133333334
            ],
            "personID": 2,
            "keypoints": [
                [
                    74.8753,
                    184.387,
                    0.888698
                ],
                [
                    66.0625,
                    222.561,
                    0.751514
                ],
                [
                    68.988,
                    231.407,
                    0.722089
                ],
                [
                    109.065,
                    254.834,
                    0.822211
                ],
                [
                    97.3523,
                    234.299,
                    0.625626
                ],
                [
                    64.0852,
                    208.871,
                    0.530306
                ],
                [
                    0.0,
                    0.0,
                    0.0
                ],
                [
                    0.0,
                    0.0,
                    0.0
                ],
                [
                    105.183,
                    292.981,
                    0.492724
                ],
                [
                    107.147,
                    292.979,
                    0.591349
                ],
                [
                    130.589,
                    338.946,
                    0.563579
                ],
                [
                    137.475,
                    357.574,
                    0.0551127
                ],
                [
                    101.246,
                    292.999,
                    0.37438
                ],
                [
                    120.833,
                    333.101,
                    0.392048
                ],
                [
                    130.628,
                    357.576,
                    0.055269
                ],
                [
                    70.9173,
                    182.454,
                    0.821551
                ],
                [
                    0.0,
                    0.0,
                    0.0
                ],
                [
                    58.2371,
                    191.266,
                    0.959527
                ],
                [
                    0.0,
                    0.0,
                    0.0
                ],
                [
                    0.0,
                    0.0,
                    0.0
                ],
                [
                    0.0,
                    0.0,
                    0.0
                ],
                [
                    0.0,
                    0.0,
                    0.0
                ],
                [
                    0.0,
                    0.0,
                    0.0
                ],
                [
                    0.0,
                    0.0,
                    0.0
                ],
                [
                    0.0,
                    0.0,
                    0.0
                ]
            ],
            "isKeyframe": false
        },
        {
            "bbox": [
                494.7771,
                113.2843,
                585.1719,
                379.78869999999995,
                0.5350424476190477
            ],
            "personID": 3,
            "keypoints": [
                [
                    0.0,
                    0.0,
                    0.0
                ],
                [
                    551.225,
                    184.41,
                    0.839121
                ],
                [
                    575.731,
                    176.592,
                    0.814084
                ],
                [
                    577.639,
                    222.565,
                    0.594311
                ],
                [
                    567.872,
                    254.844,
                    0.63461
                ],
                [
                    526.775,
                    191.262,
                    0.783547
                ],
                [
                    512.072,
                    245.988,
                    0.84847
                ],
                [
                    502.31,
                    273.409,
                    0.818548
                ],
                [
                    538.501,
                    270.462,
                    0.593849
                ],
                [
                    552.224,
                    270.499,
                    0.598296
                ],
                [
                    536.607,
                    318.445,
                    0.778463
                ],
                [
                    528.699,
                    357.575,
                    0.364845
                ],
                [
                    525.774,
                    269.484,
                    0.571946
                ],
                [
                    512.077,
                    319.391,
                    0.748572
                ],
                [
                    505.219,
                    357.575,
                    0.441116
                ],
                [
                    0.0,
                    0.0,
                    0.0
                ],
                [
                    522.864,
                    135.493,
                    0.290722
                ],
                [
                    558.038,
                    139.398,
                    0.143767
                ],
                [
                    533.624,
                    138.411,
                    0.828445
                ],
                [
                    0.0,
                    0.0,
                    0.0
                ],
                [
                    0.0,
                    0.0,
                    0.0
                ],
                [
                    505.219,
                    357.579,
                    0.220801
                ],
                [
                    520.907,
                    357.558,
                    0.107494
                ],
                [
                    521.889,
                    357.576,
                    0.0730844
                ],
                [
                    528.692,
                    357.58,
                    0.1418
                ]
            ],
            "isKeyframe": false
        }
    ],
    "isKeyframe": false
}