{
    "filename": "images/1/002890.jpg",
    "height": 360,
    "width": 640,
    "annots": [
        {
            "bbox": [
                169.43769999999998,
                75.37658999999998,
                243.3853,
                244.42431,
                0.8119131249999999
            ],
            "personID": 0,
            "keypoints": [
                [
                    197.123,
                    91.4584,
                    0.879886
                ],
                [
                    189.307,
                    106.161,
                    0.907703
                ],
                [
                    176.599,
                    112.961,
                    0.893218
                ],
                [
                    175.6,
                    138.419,
                    0.899361
                ],
                [
                    183.464,
                    159.95,
                    0.810961
                ],
                [
                    200.038,
                    101.256,
                    0.924756
                ],
                [
                    206.917,
                    124.744,
                    0.600895
                ],
                [
                    214.703,
                    146.266,
                    0.379413
                ],
                [
                    200.082,
                    156.042,
                    0.798304
                ],
                [
                    192.243,
                    159.919,
                    0.822402
                ],
                [
                    200.073,
                    191.262,
                    0.902007
                ],
                [
                    209.823,
                    220.612,
                    0.839676
                ],
                [
                    207.928,
                    153.117,
                    0.797933
                ],
                [
                    220.584,
                    183.399,
                    0.848701
                ],
                [
                    223.5,
                    212.763,
                    0.875851
                ],
                [
                    192.232,
                    89.5382,
                    0.956867
                ],
                [
                    198.078,
                    89.4639,
                    0.807632
                ],
                [
                    183.402,
                    90.5142,
                    0.942434
                ],
                [
                    0.0,
                    0.0,
                    0.0
                ],
                [
                    237.223,
                    213.729,
                    0.621398
                ],
                [
                    234.303,
                    211.786,
                    0.635487
                ],
                [
                    221.562,
                    215.713,
                    0.84264
                ],
                [
                    216.719,
                    229.365,
                    0.846501
                ],
                [
                    212.775,
                    230.337,
                    0.833245
                ],
                [
                    209.85,
                    223.492,
                    0.818644
                ]
            ],
            "isKeyframe": false
        },
        {
            "bbox": [
                241.69570000000002,
                142.5816,
                387.28330000000005,
                257.5944,
                0.6537599130434782
            ],
            "personID": 1,
            "keypoints": [
                [
                    350.686,
                    153.141,
                    0.62071
                ],
                [
                    364.408,
                    185.385,
                    0.774827
                ],
                [
                    375.151,
                    181.476,
                    0.579653
                ],
                [
                    362.416,
                    198.09,
                    0.103834
                ],
                [
                    342.879,
                    191.204,
                    0.553005
                ],
                [
                    355.549,
                    190.286,
                    0.750674
                ],
                [
                    338.956,
                    215.699,
                    0.870569
                ],
                [
                    315.441,
                    216.681,
                    0.84434
                ],
                [
                    334.062,
                    229.415,
                    0.498925
                ],
                [
                    340.906,
                    227.442,
                    0.320383
                ],
                [
                    293.007,
                    211.778,
                    0.652996
                ],
                [
                    263.621,
                    222.586,
                    0.738663
                ],
                [
                    330.163,
                    232.351,
                    0.579111
                ],
                [
                    278.329,
                    224.506,
                    0.816706
                ],
                [
                    268.508,
                    246.018,
                    0.792982
                ],
                [
                    0.0,
                    0.0,
                    0.0
                ],
                [
                    355.579,
                    152.166,
                    0.71218
                ],
                [
                    0.0,
                    0.0,
                    0.0
                ],
                [
                    362.418,
                    160.964,
                    0.76121
                ],
                [
                    253.828,
                    246.974,
                    0.757257
                ],
                [
                    254.854,
                    248.01,
                    0.793599
                ],
                [
                    268.491,
                    247.055,
                    0.741178
                ],
                [
                    253.88,
                    211.783,
                    0.58238
                ],
                [
                    256.794,
                    212.763,
                    0.581785
                ],
                [
                    262.632,
                    224.5,
                    0.609511
                ]
            ],
            "isKeyframe": false
        },
        {
            "bbox": [
                52.10379,
                165.5208,
                136.70511,
                356.85119999999995,
                0.6058389785714287
            ],
            "personID": 2,
            "keypoints": [
                [
                    74.8936,
                    183.435,
                    0.889905
                ],
                [
                    66.9802,
                    222.551,
                    0.753761
                ],
                [
                    68.0268,
                    231.393,
                    0.739704
                ],
                [
                    107.159,
                    255.813,
                    0.795864
                ],
                [
                    97.3781,
                    236.226,
                    0.644935
                ],
                [
                    65.0644,
                    208.874,
                    0.542953
                ],
                [
                    90.5155,
                    240.161,
                    0.0515857
                ],
                [
                    0.0,
                    0.0,
                    0.0
                ],
                [
                    106.157,
                    293.003,
                    0.46526
                ],
                [
                    107.128,
                    293.969,
                    0.600615
                ],
                [
                    129.655,
                    340.907,
                    0.57019
                ],
                [
                    0.0,
                    0.0,
                    0.0
                ],
                [
                    105.173,
                    292.987,
                    0.324199
                ],
                [
                    121.823,
                    337.008,
                    0.341138
                ],
                [
                    0.0,
                    0.0,
                    0.0
                ],
                [
                    70.9384,
                    181.465,
                    0.80088
                ],
                [
                    0.0,
                    0.0,
                    0.0
                ],
                [
                    59.1539,
                    191.24,
                    0.960756
                ],
                [
                    0.0,
                    0.0,
                    0.0
                ],
                [
                    0.0,
                    0.0,
                    0.0
                ],
                [
                    0.0,
                    0.0,
                    0.0
                ],
                [
                    0.0,
                    0.0,
                    0.0
                ],
                [
                    0.0,
                    0.0,
                    0.0
                ],
                [
                    0.0,
                    0.0,
                    0.0
                ],
                [
                    0.0,
                    0.0,
                    0.0
                ]
            ],
            "isKeyframe": false
        },
        {
            "bbox": [
                484.4817,
                97.1531,
                533.8172999999999,
                381.2519,
                0.6113238571428573
            ],
            "personID": 3,
            "keypoints": [
                [
                    497.428,
                    127.655,
                    0.838927
                ],
                [
                    528.69,
                    160.954,
                    0.734135
                ],
                [
                    526.759,
                    153.125,
                    0.508272
                ],
                [
                    0.0,
                    0.0,
                    0.0
                ],
                [
                    0.0,
                    0.0,
                    0.0
                ],
                [
                    529.706,
                    168.775,
                    0.766961
                ],
                [
                    525.77,
                    223.537,
                    0.823535
                ],
                [
                    497.456,
                    260.697,
                    0.822066
                ],
                [
                    519.92,
                    247.001,
                    0.449188
                ],
                [
                    516.009,
                    245.036,
                    0.325108
                ],
                [
                    503.295,
                    278.295,
                    0.352678
                ],
                [
                    504.229,
                    309.634,
                    0.668913
                ],
                [
                    521.91,
                    249.954,
                    0.512762
                ],
                [
                    511.101,
                    307.647,
                    0.721694
                ],
                [
                    505.303,
                    357.553,
                    0.765369
                ],
                [
                    0.0,
                    0.0,
                    0.0
                ],
                [
                    498.419,
                    120.828,
                    0.873604
                ],
                [
                    0.0,
                    0.0,
                    0.0
                ],
                [
                    512.112,
                    120.844,
                    0.94706
                ],
                [
                    501.34,
                    357.557,
                    0.189375
                ],
                [
                    505.237,
                    357.577,
                    0.261371
                ],
                [
                    506.23,
                    357.566,
                    0.574569
                ],
                [
                    488.593,
                    325.236,
                    0.712808
                ],
                [
                    488.596,
                    323.281,
                    0.637373
                ],
                [
                    504.302,
                    312.547,
                    0.352033
                ]
            ],
            "isKeyframe": false
        }
    ],
    "isKeyframe": false
}