{
    "filename": "images/1/002930.jpg",
    "height": 360,
    "width": 640,
    "annots": [
        {
            "bbox": [
                176.9367,
                70.03905999999999,
                242.7123,
                244.94554,
                0.7996612916666667
            ],
            "personID": 0,
            "keypoints": [
                [
                    199.029,
                    89.5162,
                    0.853545
                ],
                [
                    192.252,
                    104.203,
                    0.921568
                ],
                [
                    182.418,
                    111.019,
                    0.829589
                ],
                [
                    183.405,
                    136.478,
                    0.927069
                ],
                [
                    188.319,
                    153.127,
                    0.785522
                ],
                [
                    205.905,
                    97.3257,
                    0.907313
                ],
                [
                    213.744,
                    120.777,
                    0.774194
                ],
                [
                    225.489,
                    120.802,
                    0.208738
                ],
                [
                    206.864,
                    152.147,
                    0.833483
                ],
                [
                    199.039,
                    154.085,
                    0.809741
                ],
                [
                    204.943,
                    188.33,
                    0.81774
                ],
                [
                    209.848,
                    220.593,
                    0.827822
                ],
                [
                    214.695,
                    150.175,
                    0.790848
                ],
                [
                    219.632,
                    181.454,
                    0.804702
                ],
                [
                    222.588,
                    207.871,
                    0.913576
                ],
                [
                    193.188,
                    88.5145,
                    0.796308
                ],
                [
                    199.083,
                    84.6146,
                    0.704064
                ],
                [
                    185.364,
                    89.5092,
                    0.898425
                ],
                [
                    0.0,
                    0.0,
                    0.0
                ],
                [
                    237.231,
                    213.717,
                    0.799346
                ],
                [
                    237.219,
                    208.872,
                    0.772715
                ],
                [
                    220.585,
                    211.808,
                    0.786562
                ],
                [
                    218.647,
                    230.337,
                    0.787895
                ],
                [
                    213.761,
                    230.37,
                    0.815284
                ],
                [
                    209.821,
                    222.578,
                    0.825822
                ]
            ],
            "isKeyframe": false
        },
        {
            "bbox": [
                52.099529999999994,
                166.695,
                136.72077000000002,
                355.671,
                0.6479123076923077
            ],
            "personID": 1,
            "keypoints": [
                [
                    74.8944,
                    184.373,
                    0.88313
                ],
                [
                    66.0608,
                    222.575,
                    0.746655
                ],
                [
                    69.9483,
                    232.333,
                    0.721249
                ],
                [
                    108.12,
                    254.841,
                    0.816716
                ],
                [
                    97.35,
                    234.293,
                    0.620037
                ],
                [
                    63.1163,
                    208.872,
                    0.520018
                ],
                [
                    0.0,
                    0.0,
                    0.0
                ],
                [
                    0.0,
                    0.0,
                    0.0
                ],
                [
                    106.118,
                    292.998,
                    0.471744
                ],
                [
                    107.149,
                    293.007,
                    0.590625
                ],
                [
                    129.669,
                    339.923,
                    0.56267
                ],
                [
                    0.0,
                    0.0,
                    0.0
                ],
                [
                    102.244,
                    293.943,
                    0.345209
                ],
                [
                    121.786,
                    334.074,
                    0.363524
                ],
                [
                    0.0,
                    0.0,
                    0.0
                ],
                [
                    70.9186,
                    182.443,
                    0.815241
                ],
                [
                    0.0,
                    0.0,
                    0.0
                ],
                [
                    59.1513,
                    191.27,
                    0.966042
                ],
                [
                    0.0,
                    0.0,
                    0.0
                ],
                [
                    0.0,
                    0.0,
                    0.0
                ],
                [
                    0.0,
                    0.0,
                    0.0
                ],
                [
                    0.0,
                    0.0,
                    0.0
                ],
                [
                    0.0,
                    0.0,
                    0.0
                ],
                [
                    0.0,
                    0.0,
                    0.0
                ],
                [
                    0.0,
                    0.0,
                    0.0
                ]
            ],
            "isKeyframe": false
        },
        {
            "bbox": [
                210.6264,
                131.6648,
                377.3496,
                306.5552,
                0.7732999583333333
            ],
            "personID": 2,
            "keypoints": [
                [
                    347.703,
                    152.081,
                    0.903597
                ],
                [
                    357.56,
                    175.639,
                    0.827837
                ],
                [
                    352.662,
                    169.728,
                    0.729626
                ],
                [
                    341.912,
                    194.185,
                    0.646067
                ],
                [
                    323.307,
                    192.195,
                    0.820776
                ],
                [
                    363.443,
                    182.412,
                    0.781499
                ],
                [
                    363.456,
                    207.93,
                    0.870166
                ],
                [
                    334.097,
                    221.536,
                    0.822063
                ],
                [
                    322.324,
                    224.527,
                    0.730076
                ],
                [
                    316.424,
                    221.554,
                    0.760148
                ],
                [
                    276.356,
                    239.211,
                    0.868984
                ],
                [
                    240.192,
                    263.661,
                    0.827965
                ],
                [
                    326.272,
                    230.391,
                    0.706697
                ],
                [
                    286.11,
                    253.882,
                    0.929751
                ],
                [
                    254.794,
                    285.175,
                    0.877725
                ],
                [
                    347.762,
                    146.239,
                    0.415223
                ],
                [
                    350.705,
                    150.147,
                    0.820937
                ],
                [
                    0.0,
                    0.0,
                    0.0
                ],
                [
                    363.378,
                    155.044,
                    0.886368
                ],
                [
                    239.188,
                    287.107,
                    0.734127
                ],
                [
                    245.062,
                    291.981,
                    0.787427
                ],
                [
                    252.89,
                    288.101,
                    0.698444
                ],
                [
                    224.52,
                    255.826,
                    0.713657
                ],
                [
                    228.433,
                    255.804,
                    0.634177
                ],
                [
                    240.169,
                    269.543,
                    0.765862
                ]
            ],
            "isKeyframe": false
        },
        {
            "bbox": [
                489.7134,
                114.31210000000002,
                582.4206,
                379.7029,
                0.5632733913043478
            ],
            "personID": 3,
            "keypoints": [
                [
                    514.075,
                    139.42,
                    0.308738
                ],
                [
                    544.36,
                    182.448,
                    0.80408
                ],
                [
                    567.862,
                    169.748,
                    0.824365
                ],
                [
                    574.695,
                    216.697,
                    0.714719
                ],
                [
                    566.916,
                    248.985,
                    0.767836
                ],
                [
                    520.91,
                    191.279,
                    0.779565
                ],
                [
                    510.159,
                    247.002,
                    0.820904
                ],
                [
                    503.268,
                    279.313,
                    0.847821
                ],
                [
                    537.524,
                    266.568,
                    0.611997
                ],
                [
                    551.256,
                    266.578,
                    0.612302
                ],
                [
                    535.555,
                    315.463,
                    0.822645
                ],
                [
                    528.734,
                    357.576,
                    0.440302
                ],
                [
                    524.82,
                    265.606,
                    0.581755
                ],
                [
                    512.143,
                    317.415,
                    0.805498
                ],
                [
                    505.302,
                    357.571,
                    0.668799
                ],
                [
                    0.0,
                    0.0,
                    0.0
                ],
                [
                    516.987,
                    136.428,
                    0.633241
                ],
                [
                    550.219,
                    141.35,
                    0.107109
                ],
                [
                    526.772,
                    138.416,
                    0.859839
                ],
                [
                    497.439,
                    357.563,
                    0.163837
                ],
                [
                    0.0,
                    0.0,
                    0.0
                ],
                [
                    506.215,
                    357.577,
                    0.405785
                ],
                [
                    522.853,
                    357.568,
                    0.113751
                ],
                [
                    525.803,
                    357.587,
                    0.079473
                ],
                [
                    528.77,
                    357.582,
                    0.180927
                ]
            ],
            "isKeyframe": false
        }
    ],
    "isKeyframe": false
}