{
    "filename": "images/1/002969.jpg",
    "height": 360,
    "width": 640,
    "annots": [
        {
            "bbox": [
                245.84539999999998,
                128.5299,
                389.01259999999996,
                341.0271,
                0.8122060416666667
            ],
            "personID": 0,
            "keypoints": [
                [
                    333.076,
                    152.067,
                    0.92761
                ],
                [
                    341.878,
                    175.556,
                    0.90492
                ],
                [
                    327.23,
                    171.681,
                    0.823731
                ],
                [
                    318.451,
                    196.155,
                    0.829345
                ],
                [
                    307.643,
                    201.038,
                    0.858467
                ],
                [
                    356.575,
                    176.566,
                    0.892229
                ],
                [
                    377.082,
                    198.107,
                    0.823213
                ],
                [
                    357.532,
                    214.749,
                    0.889988
                ],
                [
                    324.32,
                    231.342,
                    0.848665
                ],
                [
                    313.538,
                    229.4,
                    0.776639
                ],
                [
                    292.944,
                    262.695,
                    0.854913
                ],
                [
                    277.362,
                    309.645,
                    0.838869
                ],
                [
                    334.102,
                    234.281,
                    0.744858
                ],
                [
                    324.289,
                    266.59,
                    0.86597
                ],
                [
                    307.672,
                    313.519,
                    0.796848
                ],
                [
                    332.082,
                    146.238,
                    0.863193
                ],
                [
                    338.971,
                    146.267,
                    0.90649
                ],
                [
                    0.0,
                    0.0,
                    0.0
                ],
                [
                    349.707,
                    152.083,
                    0.926032
                ],
                [
                    299.816,
                    320.39,
                    0.678415
                ],
                [
                    305.69,
                    323.319,
                    0.693299
                ],
                [
                    304.732,
                    317.435,
                    0.596003
                ],
                [
                    257.776,
                    312.555,
                    0.674115
                ],
                [
                    260.689,
                    309.638,
                    0.704073
                ],
                [
                    279.316,
                    317.399,
                    0.77506
                ]
            ],
            "isKeyframe": false
        },
        {
            "bbox": [
                185.53820000000002,
                66.34948000000001,
                241.88780000000003,
                238.87732,
                0.7584274833333332
            ],
            "personID": 1,
            "keypoints": [
                [
                    209.854,
                    82.7019,
                    0.860452
                ],
                [
                    202.007,
                    98.283,
                    0.898744
                ],
                [
                    192.195,
                    103.192,
                    0.858935
                ],
                [
                    190.234,
                    128.647,
                    0.8644
                ],
                [
                    193.23,
                    150.16,
                    0.773165
                ],
                [
                    214.671,
                    93.4185,
                    0.855909
                ],
                [
                    217.659,
                    114.953,
                    0.351407
                ],
                [
                    222.577,
                    135.466,
                    0.0999736
                ],
                [
                    212.78,
                    145.287,
                    0.797274
                ],
                [
                    206.856,
                    147.217,
                    0.779514
                ],
                [
                    214.741,
                    181.465,
                    0.860903
                ],
                [
                    214.734,
                    215.712,
                    0.876806
                ],
                [
                    218.645,
                    144.298,
                    0.765161
                ],
                [
                    222.538,
                    177.542,
                    0.819902
                ],
                [
                    223.489,
                    206.909,
                    0.900805
                ],
                [
                    207.847,
                    81.6729,
                    0.915629
                ],
                [
                    210.83,
                    80.7268,
                    0.530741
                ],
                [
                    199.079,
                    81.7208,
                    0.944917
                ],
                [
                    0.0,
                    0.0,
                    0.0
                ],
                [
                    237.192,
                    212.753,
                    0.759609
                ],
                [
                    236.22,
                    208.855,
                    0.730879
                ],
                [
                    222.508,
                    208.876,
                    0.697801
                ],
                [
                    223.506,
                    223.535,
                    0.78267
                ],
                [
                    216.705,
                    224.5,
                    0.738389
                ],
                [
                    213.729,
                    219.607,
                    0.738274
                ]
            ],
            "isKeyframe": false
        },
        {
            "bbox": [
                50.94526,
                167.06400000000002,
                137.82934,
                351.396,
                0.6747964615384615
            ],
            "personID": 2,
            "keypoints": [
                [
                    74.8465,
                    184.367,
                    0.917261
                ],
                [
                    66.029,
                    222.568,
                    0.744465
                ],
                [
                    68.0246,
                    231.369,
                    0.732986
                ],
                [
                    109.071,
                    253.887,
                    0.830891
                ],
                [
                    97.368,
                    234.288,
                    0.694031
                ],
                [
                    64.0841,
                    211.779,
                    0.5148
                ],
                [
                    0.0,
                    0.0,
                    0.0
                ],
                [
                    0.0,
                    0.0,
                    0.0
                ],
                [
                    105.173,
                    292.981,
                    0.515113
                ],
                [
                    107.134,
                    292.981,
                    0.59677
                ],
                [
                    130.589,
                    336.035,
                    0.590096
                ],
                [
                    0.0,
                    0.0,
                    0.0
                ],
                [
                    100.283,
                    292.998,
                    0.399751
                ],
                [
                    120.82,
                    334.073,
                    0.447287
                ],
                [
                    0.0,
                    0.0,
                    0.0
                ],
                [
                    68.9726,
                    182.425,
                    0.84908
                ],
                [
                    0.0,
                    0.0,
                    0.0
                ],
                [
                    58.1856,
                    191.278,
                    0.939823
                ],
                [
                    0.0,
                    0.0,
                    0.0
                ],
                [
                    0.0,
                    0.0,
                    0.0
                ],
                [
                    0.0,
                    0.0,
                    0.0
                ],
                [
                    0.0,
                    0.0,
                    0.0
                ],
                [
                    0.0,
                    0.0,
                    0.0
                ],
                [
                    0.0,
                    0.0,
                    0.0
                ],
                [
                    0.0,
                    0.0,
                    0.0
                ]
            ],
            "isKeyframe": false
        },
        {
            "bbox": [
                486.9924,
                113.2611,
                600.7715999999999,
                379.7919,
                0.6532786937499999
            ],
            "personID": 3,
            "keypoints": [
                [
                    0.0,
                    0.0,
                    0.0
                ],
                [
                    559.082,
                    184.393,
                    0.902619
                ],
                [
                    590.314,
                    185.399,
                    0.786113
                ],
                [
                    591.29,
                    239.226,
                    0.825477
                ],
                [
                    582.498,
                    272.429,
                    0.842587
                ],
                [
                    528.726,
                    183.375,
                    0.81847
                ],
                [
                    516.002,
                    236.251,
                    0.73215
                ],
                [
                    525.797,
                    260.701,
                    0.339443
                ],
                [
                    542.395,
                    276.369,
                    0.63021
                ],
                [
                    558.078,
                    278.327,
                    0.626421
                ],
                [
                    542.423,
                    326.262,
                    0.800306
                ],
                [
                    530.709,
                    357.581,
                    0.106599
                ],
                [
                    525.779,
                    273.425,
                    0.582842
                ],
                [
                    507.2,
                    324.288,
                    0.841362
                ],
                [
                    496.474,
                    357.58,
                    0.0873651
                ],
                [
                    0.0,
                    0.0,
                    0.0
                ],
                [
                    0.0,
                    0.0,
                    0.0
                ],
                [
                    578.61,
                    137.474,
                    0.681797
                ],
                [
                    550.208,
                    135.472,
                    0.848698
                ],
                [
                    0.0,
                    0.0,
                    0.0
                ],
                [
                    0.0,
                    0.0,
                    0.0
                ],
                [
                    0.0,
                    0.0,
                    0.0
                ],
                [
                    0.0,
                    0.0,
                    0.0
                ],
                [
                    0.0,
                    0.0,
                    0.0
                ],
                [
                    0.0,
                    0.0,
                    0.0
                ]
            ],
            "isKeyframe": false
        }
    ],
    "isKeyframe": false
}