{
    "filename": "images/1/003000.jpg",
    "height": 360,
    "width": 640,
    "annots": [
        {
            "bbox": [
                292.2091,
                139.0351,
                383.7439,
                343.2499,
                0.8134998750000001
            ],
            "personID": 0,
            "keypoints": [
                [
                    322.339,
                    165.816,
                    0.857588
                ],
                [
                    332.076,
                    176.568,
                    0.929141
                ],
                [
                    310.587,
                    177.557,
                    0.880008
                ],
                [
                    300.79,
                    200.051,
                    0.852421
                ],
                [
                    299.837,
                    214.742,
                    0.787138
                ],
                [
                    349.707,
                    175.58,
                    0.870553
                ],
                [
                    376.116,
                    185.419,
                    0.820003
                ],
                [
                    371.194,
                    205.919,
                    0.855465
                ],
                [
                    334.088,
                    230.39,
                    0.836038
                ],
                [
                    323.268,
                    231.337,
                    0.823985
                ],
                [
                    310.623,
                    267.524,
                    0.813885
                ],
                [
                    309.596,
                    317.404,
                    0.876029
                ],
                [
                    347.806,
                    230.37,
                    0.852011
                ],
                [
                    354.572,
                    259.728,
                    0.832157
                ],
                [
                    359.5,
                    311.569,
                    0.761302
                ],
                [
                    317.432,
                    160.93,
                    0.942949
                ],
                [
                    325.252,
                    159.987,
                    0.972012
                ],
                [
                    0.0,
                    0.0,
                    0.0
                ],
                [
                    334.1,
                    156.053,
                    0.825627
                ],
                [
                    363.412,
                    320.392,
                    0.627468
                ],
                [
                    369.272,
                    318.425,
                    0.666916
                ],
                [
                    356.541,
                    317.447,
                    0.63858
                ],
                [
                    309.599,
                    326.232,
                    0.750662
                ],
                [
                    301.802,
                    325.243,
                    0.777523
                ],
                [
                    312.541,
                    321.351,
                    0.674536
                ]
            ],
            "isKeyframe": false
        },
        {
            "bbox": [
                185.77030000000002,
                59.90872000000002,
                239.76670000000001,
                239.45848,
                0.8002454166666667
            ],
            "personID": 1,
            "keypoints": [
                [
                    208.886,
                    79.7438,
                    0.84693
                ],
                [
                    204.962,
                    97.3378,
                    0.907273
                ],
                [
                    192.258,
                    100.261,
                    0.872734
                ],
                [
                    190.27,
                    126.701,
                    0.857664
                ],
                [
                    196.131,
                    145.315,
                    0.823249
                ],
                [
                    215.68,
                    93.418,
                    0.903327
                ],
                [
                    222.531,
                    114.955,
                    0.575331
                ],
                [
                    227.45,
                    135.502,
                    0.200965
                ],
                [
                    214.68,
                    145.256,
                    0.834161
                ],
                [
                    206.892,
                    146.253,
                    0.821233
                ],
                [
                    214.676,
                    182.436,
                    0.870036
                ],
                [
                    214.723,
                    215.683,
                    0.905134
                ],
                [
                    221.573,
                    144.263,
                    0.797764
                ],
                [
                    222.53,
                    177.554,
                    0.830659
                ],
                [
                    222.559,
                    206.913,
                    0.900897
                ],
                [
                    206.887,
                    75.8203,
                    0.912612
                ],
                [
                    212.753,
                    74.8712,
                    0.854396
                ],
                [
                    199.122,
                    79.7147,
                    0.877928
                ],
                [
                    0.0,
                    0.0,
                    0.0
                ],
                [
                    235.267,
                    212.771,
                    0.758402
                ],
                [
                    234.291,
                    208.862,
                    0.757508
                ],
                [
                    221.57,
                    208.893,
                    0.68795
                ],
                [
                    222.551,
                    223.539,
                    0.838599
                ],
                [
                    215.75,
                    224.496,
                    0.804333
                ],
                [
                    213.746,
                    217.683,
                    0.766805
                ]
            ],
            "isKeyframe": false
        },
        {
            "bbox": [
                50.008030000000005,
                165.59980000000002,
                136.90327000000002,
                355.74219999999997,
                0.6656967692307691
            ],
            "personID": 2,
            "keypoints": [
                [
                    73.9011,
                    183.433,
                    0.887055
                ],
                [
                    66.049,
                    223.548,
                    0.740055
                ],
                [
                    67.9882,
                    232.374,
                    0.72628
                ],
                [
                    106.15,
                    255.808,
                    0.86271
                ],
                [
                    98.295,
                    235.281,
                    0.703075
                ],
                [
                    65.0602,
                    213.746,
                    0.520449
                ],
                [
                    0.0,
                    0.0,
                    0.0
                ],
                [
                    0.0,
                    0.0,
                    0.0
                ],
                [
                    105.184,
                    293.97,
                    0.494645
                ],
                [
                    106.169,
                    293.989,
                    0.616719
                ],
                [
                    129.662,
                    339.897,
                    0.594551
                ],
                [
                    0.0,
                    0.0,
                    0.0
                ],
                [
                    103.204,
                    293.973,
                    0.355302
                ],
                [
                    121.829,
                    336.991,
                    0.398706
                ],
                [
                    0.0,
                    0.0,
                    0.0
                ],
                [
                    67.9977,
                    181.445,
                    0.844688
                ],
                [
                    0.0,
                    0.0,
                    0.0
                ],
                [
                    57.2493,
                    191.234,
                    0.909823
                ],
                [
                    0.0,
                    0.0,
                    0.0
                ],
                [
                    0.0,
                    0.0,
                    0.0
                ],
                [
                    0.0,
                    0.0,
                    0.0
                ],
                [
                    0.0,
                    0.0,
                    0.0
                ],
                [
                    0.0,
                    0.0,
                    0.0
                ],
                [
                    0.0,
                    0.0,
                    0.0
                ],
                [
                    0.0,
                    0.0,
                    0.0
                ]
            ],
            "isKeyframe": false
        },
        {
            "bbox": [
                487.23940000000005,
                115.42700000000002,
                585.8746,
                379.595,
                0.67679125625
            ],
            "personID": 3,
            "keypoints": [
                [
                    0.0,
                    0.0,
                    0.0
                ],
                [
                    545.397,
                    184.399,
                    0.852238
                ],
                [
                    576.687,
                    185.418,
                    0.779916
                ],
                [
                    577.655,
                    237.231,
                    0.802804
                ],
                [
                    567.907,
                    270.455,
                    0.868346
                ],
                [
                    514.064,
                    182.461,
                    0.792413
                ],
                [
                    499.382,
                    230.366,
                    0.812496
                ],
                [
                    496.405,
                    262.631,
                    0.848601
                ],
                [
                    528.715,
                    273.421,
                    0.628629
                ],
                [
                    544.397,
                    276.362,
                    0.622054
                ],
                [
                    535.538,
                    325.245,
                    0.82782
                ],
                [
                    528.696,
                    357.581,
                    0.100205
                ],
                [
                    512.111,
                    270.497,
                    0.592946
                ],
                [
                    503.313,
                    324.319,
                    0.835537
                ],
                [
                    495.459,
                    357.58,
                    0.0609791
                ],
                [
                    0.0,
                    0.0,
                    0.0
                ],
                [
                    0.0,
                    0.0,
                    0.0
                ],
                [
                    566.831,
                    138.435,
                    0.527917
                ],
                [
                    534.596,
                    137.441,
                    0.875759
                ],
                [
                    0.0,
                    0.0,
                    0.0
                ],
                [
                    0.0,
                    0.0,
                    0.0
                ],
                [
                    0.0,
                    0.0,
                    0.0
                ],
                [
                    0.0,
                    0.0,
                    0.0
                ],
                [
                    0.0,
                    0.0,
                    0.0
                ],
                [
                    0.0,
                    0.0,
                    0.0
                ]
            ],
            "isKeyframe": false
        }
    ],
    "isKeyframe": false
}