{
    "filename": "images/1/002983.jpg",
    "height": 360,
    "width": 640,
    "annots": [
        {
            "bbox": [
                275.7688,
                130.4098,
                388.4032,
                344.07219999999995,
                0.8279797083333333
            ],
            "personID": 0,
            "keypoints": [
                [
                    328.213,
                    153.062,
                    0.909785
                ],
                [
                    338.919,
                    175.624,
                    0.904424
                ],
                [
                    320.364,
                    175.576,
                    0.872055
                ],
                [
                    313.524,
                    199.042,
                    0.833394
                ],
                [
                    301.832,
                    205.916,
                    0.863522
                ],
                [
                    355.572,
                    176.555,
                    0.884132
                ],
                [
                    379.017,
                    192.194,
                    0.908563
                ],
                [
                    364.391,
                    210.823,
                    0.821382
                ],
                [
                    331.103,
                    231.396,
                    0.809868
                ],
                [
                    317.442,
                    231.339,
                    0.859902
                ],
                [
                    302.749,
                    268.522,
                    0.8561
                ],
                [
                    293.013,
                    317.427,
                    0.871869
                ],
                [
                    340.924,
                    234.286,
                    0.801786
                ],
                [
                    338.965,
                    264.612,
                    0.835176
                ],
                [
                    332.07,
                    315.469,
                    0.850768
                ],
                [
                    325.242,
                    148.215,
                    0.892563
                ],
                [
                    333.098,
                    148.223,
                    0.880996
                ],
                [
                    0.0,
                    0.0,
                    0.0
                ],
                [
                    343.862,
                    152.092,
                    0.884238
                ],
                [
                    324.274,
                    321.354,
                    0.721733
                ],
                [
                    331.122,
                    323.318,
                    0.736768
                ],
                [
                    332.087,
                    318.446,
                    0.652308
                ],
                [
                    291.037,
                    326.267,
                    0.741163
                ],
                [
                    285.155,
                    324.313,
                    0.795393
                ],
                [
                    294.006,
                    322.335,
                    0.683625
                ]
            ],
            "isKeyframe": false
        },
        {
            "bbox": [
                186.6001,
                62.14265000000002,
                241.7989,
                238.24085000000002,
                0.79502375
            ],
            "personID": 1,
            "keypoints": [
                [
                    209.85,
                    81.6764,
                    0.906917
                ],
                [
                    203.976,
                    97.349,
                    0.901867
                ],
                [
                    192.259,
                    100.298,
                    0.864584
                ],
                [
                    191.2,
                    128.598,
                    0.898162
                ],
                [
                    196.142,
                    146.287,
                    0.810209
                ],
                [
                    214.732,
                    92.4673,
                    0.896498
                ],
                [
                    219.619,
                    114.002,
                    0.504151
                ],
                [
                    223.516,
                    134.524,
                    0.175307
                ],
                [
                    213.756,
                    145.284,
                    0.815478
                ],
                [
                    206.893,
                    146.28,
                    0.80401
                ],
                [
                    214.748,
                    180.498,
                    0.863198
                ],
                [
                    214.715,
                    215.674,
                    0.882703
                ],
                [
                    220.593,
                    144.3,
                    0.776856
                ],
                [
                    222.561,
                    176.605,
                    0.846232
                ],
                [
                    222.586,
                    206.896,
                    0.902453
                ],
                [
                    206.921,
                    78.7471,
                    0.907914
                ],
                [
                    213.708,
                    76.8175,
                    0.852189
                ],
                [
                    199.096,
                    80.7238,
                    0.917452
                ],
                [
                    0.0,
                    0.0,
                    0.0
                ],
                [
                    237.199,
                    211.806,
                    0.776336
                ],
                [
                    235.271,
                    208.851,
                    0.742292
                ],
                [
                    221.582,
                    208.874,
                    0.70695
                ],
                [
                    222.571,
                    223.514,
                    0.813086
                ],
                [
                    216.665,
                    223.566,
                    0.781196
                ],
                [
                    212.784,
                    217.675,
                    0.73453
                ]
            ],
            "isKeyframe": false
        },
        {
            "bbox": [
                50.16235999999999,
                164.901,
                146.44124,
                375.093,
                0.5722125062500001
            ],
            "personID": 2,
            "keypoints": [
                [
                    74.856,
                    184.394,
                    0.909948
                ],
                [
                    66.06,
                    222.588,
                    0.757715
                ],
                [
                    68.0121,
                    231.375,
                    0.740592
                ],
                [
                    107.112,
                    254.843,
                    0.849823
                ],
                [
                    98.3149,
                    237.209,
                    0.705512
                ],
                [
                    66.0035,
                    212.781,
                    0.52622
                ],
                [
                    0.0,
                    0.0,
                    0.0
                ],
                [
                    0.0,
                    0.0,
                    0.0
                ],
                [
                    104.197,
                    292.954,
                    0.522524
                ],
                [
                    106.156,
                    292.953,
                    0.622485
                ],
                [
                    129.632,
                    333.09,
                    0.624562
                ],
                [
                    138.418,
                    357.577,
                    0.0851349
                ],
                [
                    99.3018,
                    292.961,
                    0.417457
                ],
                [
                    120.785,
                    332.096,
                    0.479109
                ],
                [
                    130.609,
                    357.574,
                    0.0936455
                ],
                [
                    69.9435,
                    182.417,
                    0.826335
                ],
                [
                    0.0,
                    0.0,
                    0.0
                ],
                [
                    58.1856,
                    191.235,
                    0.935215
                ],
                [
                    0.0,
                    0.0,
                    0.0
                ],
                [
                    0.0,
                    0.0,
                    0.0
                ],
                [
                    0.0,
                    0.0,
                    0.0
                ],
                [
                    136.457,
                    357.577,
                    0.0591227
                ],
                [
                    0.0,
                    0.0,
                    0.0
                ],
                [
                    0.0,
                    0.0,
                    0.0
                ],
                [
                    0.0,
                    0.0,
                    0.0
                ]
            ],
            "isKeyframe": false
        },
        {
            "bbox": [
                496.39480000000003,
                113.28309999999999,
                591.4612,
                379.7899,
                0.7101075333333333
            ],
            "personID": 3,
            "keypoints": [
                [
                    0.0,
                    0.0,
                    0.0
                ],
                [
                    552.259,
                    183.445,
                    0.877584
                ],
                [
                    583.539,
                    184.453,
                    0.813007
                ],
                [
                    582.553,
                    240.183,
                    0.837147
                ],
                [
                    568.852,
                    277.357,
                    0.880453
                ],
                [
                    521.889,
                    180.505,
                    0.768851
                ],
                [
                    509.162,
                    230.406,
                    0.800962
                ],
                [
                    512.115,
                    261.674,
                    0.558781
                ],
                [
                    535.53,
                    274.386,
                    0.606487
                ],
                [
                    551.233,
                    277.322,
                    0.620594
                ],
                [
                    537.558,
                    325.256,
                    0.812822
                ],
                [
                    529.709,
                    357.581,
                    0.104842
                ],
                [
                    518.926,
                    270.489,
                    0.574821
                ],
                [
                    504.317,
                    324.27,
                    0.849156
                ],
                [
                    0.0,
                    0.0,
                    0.0
                ],
                [
                    0.0,
                    0.0,
                    0.0
                ],
                [
                    0.0,
                    0.0,
                    0.0
                ],
                [
                    574.703,
                    136.487,
                    0.661735
                ],
                [
                    543.38,
                    135.492,
                    0.884371
                ],
                [
                    0.0,
                    0.0,
                    0.0
                ],
                [
                    0.0,
                    0.0,
                    0.0
                ],
                [
                    0.0,
                    0.0,
                    0.0
                ],
                [
                    0.0,
                    0.0,
                    0.0
                ],
                [
                    0.0,
                    0.0,
                    0.0
                ],
                [
                    0.0,
                    0.0,
                    0.0
                ]
            ],
            "isKeyframe": false
        }
    ],
    "isKeyframe": false
}