{
    "filename": "images/1/003047.jpg",
    "height": 360,
    "width": 640,
    "annots": [
        {
            "bbox": [
                182.529,
                66.76154000000001,
                240.05700000000002,
                245.22386,
                0.7928948333333334
            ],
            "personID": 0,
            "keypoints": [
                [
                    217.65,
                    83.6303,
                    0.857875
                ],
                [
                    207.836,
                    98.3339,
                    0.961664
                ],
                [
                    193.224,
                    99.3196,
                    0.869958
                ],
                [
                    187.323,
                    123.776,
                    0.804023
                ],
                [
                    192.248,
                    144.301,
                    0.80049
                ],
                [
                    221.54,
                    97.3681,
                    0.925973
                ],
                [
                    223.504,
                    119.851,
                    0.589533
                ],
                [
                    224.521,
                    143.288,
                    0.127383
                ],
                [
                    207.905,
                    148.211,
                    0.80749
                ],
                [
                    200.071,
                    150.152,
                    0.804276
                ],
                [
                    207.893,
                    184.371,
                    0.887625
                ],
                [
                    214.696,
                    217.652,
                    0.842301
                ],
                [
                    215.744,
                    146.265,
                    0.807626
                ],
                [
                    221.534,
                    178.534,
                    0.802822
                ],
                [
                    222.562,
                    206.912,
                    0.91331
                ],
                [
                    214.734,
                    81.6525,
                    0.902954
                ],
                [
                    219.612,
                    81.6334,
                    0.743408
                ],
                [
                    205.912,
                    81.6704,
                    0.897346
                ],
                [
                    0.0,
                    0.0,
                    0.0
                ],
                [
                    234.3,
                    213.733,
                    0.766551
                ],
                [
                    235.263,
                    208.872,
                    0.799205
                ],
                [
                    220.599,
                    208.876,
                    0.731046
                ],
                [
                    220.598,
                    230.352,
                    0.814467
                ],
                [
                    214.707,
                    230.345,
                    0.812219
                ],
                [
                    214.72,
                    221.556,
                    0.759931
                ]
            ],
            "isKeyframe": false
        },
        {
            "bbox": [
                291.2629,
                163.67770000000002,
                417.98409999999996,
                330.34929999999997,
                0.795945
            ],
            "personID": 1,
            "keypoints": [
                [
                    382.005,
                    185.418,
                    0.838095
                ],
                [
                    350.708,
                    190.246,
                    0.756394
                ],
                [
                    335.049,
                    192.203,
                    0.769355
                ],
                [
                    308.636,
                    200.019,
                    0.860162
                ],
                [
                    301.823,
                    214.75,
                    0.845076
                ],
                [
                    369.259,
                    185.4,
                    0.616555
                ],
                [
                    371.236,
                    197.103,
                    0.587942
                ],
                [
                    372.234,
                    209.851,
                    0.789119
                ],
                [
                    345.797,
                    233.326,
                    0.746111
                ],
                [
                    332.104,
                    239.149,
                    0.800642
                ],
                [
                    347.804,
                    277.32,
                    0.910533
                ],
                [
                    331.141,
                    299.8,
                    0.844616
                ],
                [
                    356.614,
                    230.342,
                    0.777892
                ],
                [
                    387.892,
                    254.828,
                    0.909603
                ],
                [
                    388.84,
                    278.324,
                    0.876202
                ],
                [
                    380.07,
                    183.372,
                    0.912642
                ],
                [
                    0.0,
                    0.0,
                    0.0
                ],
                [
                    366.354,
                    177.567,
                    0.835065
                ],
                [
                    0.0,
                    0.0,
                    0.0
                ],
                [
                    407.424,
                    285.123,
                    0.827381
                ],
                [
                    405.491,
                    281.253,
                    0.730772
                ],
                [
                    385.894,
                    281.262,
                    0.728493
                ],
                [
                    335.032,
                    316.46,
                    0.833953
                ],
                [
                    329.167,
                    314.49,
                    0.772056
                ],
                [
                    326.266,
                    296.883,
                    0.738076
                ]
            ],
            "isKeyframe": false
        },
        {
            "bbox": [
                48.126459999999994,
                166.0403,
                145.60413999999997,
                374.9927,
                0.5359163294117648
            ],
            "personID": 2,
            "keypoints": [
                [
                    71.9167,
                    185.369,
                    0.819617
                ],
                [
                    66.0265,
                    223.525,
                    0.761077
                ],
                [
                    68.0015,
                    232.346,
                    0.732742
                ],
                [
                    106.152,
                    255.843,
                    0.849053
                ],
                [
                    98.2896,
                    235.278,
                    0.71315
                ],
                [
                    64.0867,
                    212.766,
                    0.536377
                ],
                [
                    90.5025,
                    239.194,
                    0.0601159
                ],
                [
                    0.0,
                    0.0,
                    0.0
                ],
                [
                    104.172,
                    293.006,
                    0.530744
                ],
                [
                    106.154,
                    292.993,
                    0.634225
                ],
                [
                    129.629,
                    335.036,
                    0.564247
                ],
                [
                    137.481,
                    357.577,
                    0.0932715
                ],
                [
                    98.3469,
                    293.945,
                    0.4301
                ],
                [
                    119.854,
                    332.093,
                    0.424201
                ],
                [
                    130.584,
                    357.574,
                    0.121153
                ],
                [
                    66.068,
                    183.453,
                    0.915621
                ],
                [
                    0.0,
                    0.0,
                    0.0
                ],
                [
                    56.2496,
                    193.229,
                    0.849037
                ],
                [
                    0.0,
                    0.0,
                    0.0
                ],
                [
                    0.0,
                    0.0,
                    0.0
                ],
                [
                    0.0,
                    0.0,
                    0.0
                ],
                [
                    134.515,
                    357.58,
                    0.0758462
                ],
                [
                    0.0,
                    0.0,
                    0.0
                ],
                [
                    0.0,
                    0.0,
                    0.0
                ],
                [
                    0.0,
                    0.0,
                    0.0
                ]
            ],
            "isKeyframe": false
        },
        {
            "bbox": [
                480.65860000000004,
                115.4666,
                575.7634,
                379.5914,
                0.7277096533333335
            ],
            "personID": 3,
            "keypoints": [
                [
                    0.0,
                    0.0,
                    0.0
                ],
                [
                    528.761,
                    187.321,
                    0.844664
                ],
                [
                    561.023,
                    187.327,
                    0.772809
                ],
                [
                    567.838,
                    239.145,
                    0.84113
                ],
                [
                    560.069,
                    268.519,
                    0.830851
                ],
                [
                    497.394,
                    187.321,
                    0.802521
                ],
                [
                    488.584,
                    235.273,
                    0.832786
                ],
                [
                    488.592,
                    267.529,
                    0.802448
                ],
                [
                    519.963,
                    277.314,
                    0.661071
                ],
                [
                    536.598,
                    278.292,
                    0.635719
                ],
                [
                    529.722,
                    324.292,
                    0.786212
                ],
                [
                    527.797,
                    357.581,
                    0.0985728
                ],
                [
                    504.228,
                    275.384,
                    0.591202
                ],
                [
                    497.386,
                    325.295,
                    0.821623
                ],
                [
                    0.0,
                    0.0,
                    0.0
                ],
                [
                    0.0,
                    0.0,
                    0.0
                ],
                [
                    0.0,
                    0.0,
                    0.0
                ],
                [
                    551.238,
                    137.477,
                    0.731161
                ],
                [
                    513.087,
                    142.323,
                    0.862875
                ],
                [
                    0.0,
                    0.0,
                    0.0
                ],
                [
                    0.0,
                    0.0,
                    0.0
                ],
                [
                    0.0,
                    0.0,
                    0.0
                ],
                [
                    0.0,
                    0.0,
                    0.0
                ],
                [
                    0.0,
                    0.0,
                    0.0
                ],
                [
                    0.0,
                    0.0,
                    0.0
                ]
            ],
            "isKeyframe": false
        }
    ],
    "isKeyframe": false
}