{
    "filename": "images/1/003019.jpg",
    "height": 360,
    "width": 640,
    "annots": [
        {
            "bbox": [
                186.7974,
                62.11076999999999,
                239.68859999999998,
                238.19792999999999,
                0.7985289583333333
            ],
            "personID": 0,
            "keypoints": [
                [
                    212.781,
                    81.6658,
                    0.892974
                ],
                [
                    204.956,
                    98.2766,
                    0.905785
                ],
                [
                    192.241,
                    101.253,
                    0.868204
                ],
                [
                    191.205,
                    127.632,
                    0.87031
                ],
                [
                    196.151,
                    145.306,
                    0.82548
                ],
                [
                    215.701,
                    95.3742,
                    0.905008
                ],
                [
                    222.535,
                    117.887,
                    0.674564
                ],
                [
                    228.429,
                    137.483,
                    0.343032
                ],
                [
                    214.684,
                    145.27,
                    0.838494
                ],
                [
                    206.889,
                    146.262,
                    0.823624
                ],
                [
                    214.757,
                    181.458,
                    0.849258
                ],
                [
                    214.755,
                    214.702,
                    0.839143
                ],
                [
                    221.578,
                    144.281,
                    0.808562
                ],
                [
                    222.564,
                    177.566,
                    0.808838
                ],
                [
                    222.574,
                    206.873,
                    0.879453
                ],
                [
                    207.897,
                    77.7736,
                    0.907478
                ],
                [
                    214.715,
                    76.7847,
                    0.879024
                ],
                [
                    200.067,
                    80.6914,
                    0.89846
                ],
                [
                    0.0,
                    0.0,
                    0.0
                ],
                [
                    235.281,
                    211.8,
                    0.793904
                ],
                [
                    235.253,
                    207.918,
                    0.800071
                ],
                [
                    221.581,
                    208.865,
                    0.589136
                ],
                [
                    223.52,
                    222.556,
                    0.73466
                ],
                [
                    216.721,
                    223.524,
                    0.716727
                ],
                [
                    213.756,
                    216.69,
                    0.712506
                ]
            ],
            "isKeyframe": false
        },
        {
            "bbox": [
                278.4068,
                147.2292,
                406.36519999999996,
                335.0508,
                0.826115125
            ],
            "personID": 1,
            "keypoints": [
                [
                    316.441,
                    176.611,
                    0.938334
                ],
                [
                    325.261,
                    177.57,
                    0.892083
                ],
                [
                    304.725,
                    183.374,
                    0.817424
                ],
                [
                    289.07,
                    197.128,
                    0.830305
                ],
                [
                    299.827,
                    215.688,
                    0.901254
                ],
                [
                    344.826,
                    175.544,
                    0.804077
                ],
                [
                    370.272,
                    176.559,
                    0.907946
                ],
                [
                    371.25,
                    200.038,
                    0.868704
                ],
                [
                    337.973,
                    230.372,
                    0.839095
                ],
                [
                    324.288,
                    232.352,
                    0.845062
                ],
                [
                    318.445,
                    260.703,
                    0.855078
                ],
                [
                    334.086,
                    306.689,
                    0.805749
                ],
                [
                    349.713,
                    226.473,
                    0.793873
                ],
                [
                    370.25,
                    253.816,
                    0.856897
                ],
                [
                    381.991,
                    292.977,
                    0.819275
                ],
                [
                    310.598,
                    173.643,
                    0.813058
                ],
                [
                    318.454,
                    173.617,
                    0.857223
                ],
                [
                    0.0,
                    0.0,
                    0.0
                ],
                [
                    331.12,
                    162.881,
                    0.832423
                ],
                [
                    392.758,
                    302.778,
                    0.751565
                ],
                [
                    395.702,
                    300.801,
                    0.819366
                ],
                [
                    379.099,
                    296.894,
                    0.76082
                ],
                [
                    333.086,
                    319.399,
                    0.699145
                ],
                [
                    327.209,
                    318.412,
                    0.728802
                ],
                [
                    340.892,
                    308.65,
                    0.789205
                ]
            ],
            "isKeyframe": false
        },
        {
            "bbox": [
                480.14539999999994,
                115.44580000000002,
                582.2245999999999,
                379.5922,
                0.72067556
            ],
            "personID": 2,
            "keypoints": [
                [
                    0.0,
                    0.0,
                    0.0
                ],
                [
                    537.556,
                    184.393,
                    0.866611
                ],
                [
                    569.809,
                    184.389,
                    0.789444
                ],
                [
                    573.718,
                    237.226,
                    0.821335
                ],
                [
                    563.936,
                    266.559,
                    0.780239
                ],
                [
                    505.284,
                    184.392,
                    0.822584
                ],
                [
                    494.491,
                    231.386,
                    0.804381
                ],
                [
                    488.652,
                    269.517,
                    0.871166
                ],
                [
                    526.745,
                    273.419,
                    0.616522
                ],
                [
                    543.373,
                    276.338,
                    0.617265
                ],
                [
                    533.599,
                    325.245,
                    0.798145
                ],
                [
                    527.754,
                    357.58,
                    0.0746104
                ],
                [
                    507.229,
                    271.459,
                    0.581276
                ],
                [
                    499.391,
                    325.224,
                    0.800006
                ],
                [
                    0.0,
                    0.0,
                    0.0
                ],
                [
                    0.0,
                    0.0,
                    0.0
                ],
                [
                    0.0,
                    0.0,
                    0.0
                ],
                [
                    558.059,
                    137.458,
                    0.713949
                ],
                [
                    522.85,
                    137.477,
                    0.8526
                ],
                [
                    0.0,
                    0.0,
                    0.0
                ],
                [
                    0.0,
                    0.0,
                    0.0
                ],
                [
                    0.0,
                    0.0,
                    0.0
                ],
                [
                    0.0,
                    0.0,
                    0.0
                ],
                [
                    0.0,
                    0.0,
                    0.0
                ],
                [
                    0.0,
                    0.0,
                    0.0
                ]
            ],
            "isKeyframe": false
        },
        {
            "bbox": [
                51.02251,
                163.58410000000003,
                136.80559,
                354.88689999999997,
                0.6665419230769232
            ],
            "personID": 3,
            "keypoints": [
                [
                    72.8955,
                    183.39,
                    0.808568
                ],
                [
                    66.0304,
                    223.545,
                    0.743199
                ],
                [
                    68.0043,
                    233.315,
                    0.720787
                ],
                [
                    106.123,
                    255.826,
                    0.85214
                ],
                [
                    98.3128,
                    236.254,
                    0.712451
                ],
                [
                    64.0898,
                    211.801,
                    0.53137
                ],
                [
                    0.0,
                    0.0,
                    0.0
                ],
                [
                    0.0,
                    0.0,
                    0.0
                ],
                [
                    105.176,
                    294.924,
                    0.503732
                ],
                [
                    107.111,
                    293.997,
                    0.613846
                ],
                [
                    129.657,
                    338.945,
                    0.601339
                ],
                [
                    0.0,
                    0.0,
                    0.0
                ],
                [
                    101.258,
                    294.94,
                    0.375521
                ],
                [
                    121.792,
                    335.051,
                    0.428836
                ],
                [
                    0.0,
                    0.0,
                    0.0
                ],
                [
                    67.0078,
                    179.526,
                    0.851058
                ],
                [
                    0.0,
                    0.0,
                    0.0
                ],
                [
                    58.1711,
                    191.267,
                    0.922198
                ],
                [
                    0.0,
                    0.0,
                    0.0
                ],
                [
                    0.0,
                    0.0,
                    0.0
                ],
                [
                    0.0,
                    0.0,
                    0.0
                ],
                [
                    0.0,
                    0.0,
                    0.0
                ],
                [
                    0.0,
                    0.0,
                    0.0
                ],
                [
                    0.0,
                    0.0,
                    0.0
                ],
                [
                    0.0,
                    0.0,
                    0.0
                ]
            ],
            "isKeyframe": false
        }
    ],
    "isKeyframe": false
}