{
    "filename": "images/1/003052.jpg",
    "height": 360,
    "width": 640,
    "annots": [
        {
            "bbox": [
                183.49699999999999,
                67.5025,
                241.061,
                249.4645,
                0.7984152083333335
            ],
            "personID": 0,
            "keypoints": [
                [
                    215.708,
                    88.542,
                    0.902669
                ],
                [
                    206.886,
                    101.24,
                    0.900841
                ],
                [
                    192.205,
                    104.204,
                    0.90268
                ],
                [
                    188.294,
                    129.588,
                    0.839173
                ],
                [
                    191.29,
                    151.151,
                    0.678198
                ],
                [
                    220.578,
                    98.3327,
                    0.903159
                ],
                [
                    222.56,
                    121.801,
                    0.720348
                ],
                [
                    227.431,
                    144.313,
                    0.16334
                ],
                [
                    207.909,
                    152.11,
                    0.82573
                ],
                [
                    200.04,
                    153.087,
                    0.825012
                ],
                [
                    206.941,
                    187.352,
                    0.849237
                ],
                [
                    214.706,
                    223.498,
                    0.890357
                ],
                [
                    216.682,
                    151.123,
                    0.781535
                ],
                [
                    221.556,
                    181.469,
                    0.805887
                ],
                [
                    222.575,
                    206.885,
                    0.911293
                ],
                [
                    213.739,
                    83.6501,
                    0.866308
                ],
                [
                    217.686,
                    83.6371,
                    0.807877
                ],
                [
                    203.981,
                    82.666,
                    0.877725
                ],
                [
                    0.0,
                    0.0,
                    0.0
                ],
                [
                    236.232,
                    213.718,
                    0.784057
                ],
                [
                    236.264,
                    208.853,
                    0.809497
                ],
                [
                    220.614,
                    208.851,
                    0.788308
                ],
                [
                    215.733,
                    234.301,
                    0.797864
                ],
                [
                    210.815,
                    232.371,
                    0.784467
                ],
                [
                    215.686,
                    224.523,
                    0.746403
                ]
            ],
            "isKeyframe": false
        },
        {
            "bbox": [
                299.69270000000006,
                149.65800000000002,
                418.3043,
                331.61400000000003,
                0.746968304347826
            ],
            "personID": 1,
            "keypoints": [
                [
                    400.563,
                    171.692,
                    0.803988
                ],
                [
                    364.379,
                    181.449,
                    0.805302
                ],
                [
                    351.684,
                    182.428,
                    0.75152
                ],
                [
                    322.324,
                    194.178,
                    0.82711
                ],
                [
                    309.577,
                    217.646,
                    0.889354
                ],
                [
                    377.12,
                    180.483,
                    0.631702
                ],
                [
                    368.293,
                    198.091,
                    0.220131
                ],
                [
                    372.236,
                    208.857,
                    0.464038
                ],
                [
                    348.752,
                    231.37,
                    0.780555
                ],
                [
                    335.064,
                    237.212,
                    0.691082
                ],
                [
                    349.74,
                    280.264,
                    0.786532
                ],
                [
                    331.14,
                    298.858,
                    0.845209
                ],
                [
                    362.43,
                    227.448,
                    0.741343
                ],
                [
                    394.674,
                    254.868,
                    0.868052
                ],
                [
                    388.844,
                    279.298,
                    0.829456
                ],
                [
                    397.678,
                    167.732,
                    0.842069
                ],
                [
                    0.0,
                    0.0,
                    0.0
                ],
                [
                    386.851,
                    164.821,
                    0.873083
                ],
                [
                    0.0,
                    0.0,
                    0.0
                ],
                [
                    408.42,
                    285.14,
                    0.789191
                ],
                [
                    405.491,
                    282.225,
                    0.708605
                ],
                [
                    383.969,
                    284.148,
                    0.693111
                ],
                [
                    335.058,
                    316.451,
                    0.835318
                ],
                [
                    330.149,
                    313.537,
                    0.78063
                ],
                [
                    326.238,
                    296.881,
                    0.72289
                ]
            ],
            "isKeyframe": false
        },
        {
            "bbox": [
                48.01926999999999,
                166.05169999999998,
                146.62842999999998,
                374.9873,
                0.5294373411764706
            ],
            "personID": 2,
            "keypoints": [
                [
                    71.9237,
                    185.373,
                    0.815944
                ],
                [
                    66.0535,
                    223.525,
                    0.772427
                ],
                [
                    67.0636,
                    232.328,
                    0.739973
                ],
                [
                    106.183,
                    256.784,
                    0.828858
                ],
                [
                    98.3383,
                    237.231,
                    0.688689
                ],
                [
                    66.0292,
                    213.747,
                    0.566103
                ],
                [
                    96.3577,
                    236.255,
                    0.123913
                ],
                [
                    113.992,
                    207.872,
                    0.107145
                ],
                [
                    106.114,
                    293.968,
                    0.507594
                ],
                [
                    107.125,
                    293.985,
                    0.614731
                ],
                [
                    129.645,
                    337.969,
                    0.576454
                ],
                [
                    138.411,
                    357.574,
                    0.059152
                ],
                [
                    103.203,
                    293.974,
                    0.370165
                ],
                [
                    121.784,
                    334.062,
                    0.409682
                ],
                [
                    131.578,
                    357.576,
                    0.0620018
                ],
                [
                    66.0698,
                    183.463,
                    0.915766
                ],
                [
                    0.0,
                    0.0,
                    0.0
                ],
                [
                    56.2367,
                    193.233,
                    0.841837
                ],
                [
                    0.0,
                    0.0,
                    0.0
                ],
                [
                    0.0,
                    0.0,
                    0.0
                ],
                [
                    0.0,
                    0.0,
                    0.0
                ],
                [
                    0.0,
                    0.0,
                    0.0
                ],
                [
                    0.0,
                    0.0,
                    0.0
                ],
                [
                    0.0,
                    0.0,
                    0.0
                ],
                [
                    0.0,
                    0.0,
                    0.0
                ]
            ],
            "isKeyframe": false
        },
        {
            "bbox": [
                479.69469999999995,
                117.56980000000001,
                574.7983,
                379.40020000000004,
                0.7116254066666667
            ],
            "personID": 3,
            "keypoints": [
                [
                    0.0,
                    0.0,
                    0.0
                ],
                [
                    528.743,
                    187.321,
                    0.855236
                ],
                [
                    561.018,
                    186.381,
                    0.782445
                ],
                [
                    566.873,
                    239.16,
                    0.852785
                ],
                [
                    559.994,
                    269.496,
                    0.875402
                ],
                [
                    496.465,
                    187.325,
                    0.798238
                ],
                [
                    487.62,
                    235.268,
                    0.800236
                ],
                [
                    488.575,
                    267.528,
                    0.791217
                ],
                [
                    519.93,
                    277.314,
                    0.645179
                ],
                [
                    536.58,
                    278.29,
                    0.6214
                ],
                [
                    529.727,
                    325.249,
                    0.803103
                ],
                [
                    527.778,
                    357.581,
                    0.0647161
                ],
                [
                    502.324,
                    275.375,
                    0.562601
                ],
                [
                    496.477,
                    325.275,
                    0.833599
                ],
                [
                    0.0,
                    0.0,
                    0.0
                ],
                [
                    0.0,
                    0.0,
                    0.0
                ],
                [
                    0.0,
                    0.0,
                    0.0
                ],
                [
                    549.25,
                    139.389,
                    0.525878
                ],
                [
                    513.065,
                    143.284,
                    0.862346
                ],
                [
                    0.0,
                    0.0,
                    0.0
                ],
                [
                    0.0,
                    0.0,
                    0.0
                ],
                [
                    0.0,
                    0.0,
                    0.0
                ],
                [
                    0.0,
                    0.0,
                    0.0
                ],
                [
                    0.0,
                    0.0,
                    0.0
                ],
                [
                    0.0,
                    0.0,
                    0.0
                ]
            ],
            "isKeyframe": false
        }
    ],
    "isKeyframe": false
}