{
    "filename": "images/1/003041.jpg",
    "height": 360,
    "width": 640,
    "annots": [
        {
            "bbox": [
                282.73310000000004,
                162.6021,
                417.7079,
                330.4449,
                0.7743455833333334
            ],
            "personID": 0,
            "keypoints": [
                [
                    360.468,
                    197.108,
                    0.731716
                ],
                [
                    337.955,
                    189.287,
                    0.74699
                ],
                [
                    320.353,
                    193.214,
                    0.756825
                ],
                [
                    293.981,
                    198.068,
                    0.835879
                ],
                [
                    300.81,
                    220.594,
                    0.869142
                ],
                [
                    355.603,
                    183.449,
                    0.759923
                ],
                [
                    371.189,
                    176.589,
                    0.847605
                ],
                [
                    372.179,
                    202.02,
                    0.762608
                ],
                [
                    341.896,
                    233.336,
                    0.790922
                ],
                [
                    330.152,
                    239.158,
                    0.802761
                ],
                [
                    344.826,
                    271.449,
                    0.839339
                ],
                [
                    331.115,
                    300.773,
                    0.864384
                ],
                [
                    355.616,
                    230.359,
                    0.817484
                ],
                [
                    386.91,
                    252.843,
                    0.884047
                ],
                [
                    388.828,
                    278.325,
                    0.881178
                ],
                [
                    356.547,
                    192.264,
                    0.82563
                ],
                [
                    363.381,
                    191.248,
                    0.168143
                ],
                [
                    339.974,
                    185.394,
                    0.799428
                ],
                [
                    0.0,
                    0.0,
                    0.0
                ],
                [
                    406.46,
                    284.173,
                    0.80155
                ],
                [
                    405.471,
                    280.251,
                    0.735203
                ],
                [
                    385.9,
                    283.198,
                    0.696681
                ],
                [
                    336.013,
                    316.458,
                    0.836709
                ],
                [
                    329.186,
                    314.519,
                    0.786514
                ],
                [
                    327.203,
                    299.838,
                    0.743633
                ]
            ],
            "isKeyframe": false
        },
        {
            "bbox": [
                182.7512,
                65.45403,
                237.91279999999998,
                236.85327,
                0.78484525
            ],
            "personID": 1,
            "keypoints": [
                [
                    215.713,
                    82.6589,
                    0.961685
                ],
                [
                    206.941,
                    98.3198,
                    0.959715
                ],
                [
                    193.218,
                    100.268,
                    0.855211
                ],
                [
                    187.348,
                    125.691,
                    0.801295
                ],
                [
                    192.265,
                    145.271,
                    0.778488
                ],
                [
                    220.6,
                    97.3217,
                    0.901968
                ],
                [
                    222.54,
                    120.781,
                    0.624527
                ],
                [
                    225.483,
                    139.399,
                    0.147555
                ],
                [
                    208.877,
                    146.271,
                    0.788029
                ],
                [
                    201.037,
                    148.202,
                    0.777286
                ],
                [
                    207.913,
                    182.424,
                    0.856667
                ],
                [
                    214.689,
                    214.688,
                    0.842318
                ],
                [
                    216.716,
                    145.29,
                    0.790655
                ],
                [
                    221.583,
                    177.552,
                    0.838982
                ],
                [
                    223.497,
                    206.863,
                    0.886567
                ],
                [
                    213.717,
                    80.695,
                    0.887327
                ],
                [
                    217.65,
                    79.7373,
                    0.836858
                ],
                [
                    203.961,
                    81.6425,
                    0.857458
                ],
                [
                    0.0,
                    0.0,
                    0.0
                ],
                [
                    233.302,
                    211.797,
                    0.737017
                ],
                [
                    233.316,
                    207.909,
                    0.796679
                ],
                [
                    222.505,
                    207.933,
                    0.721868
                ],
                [
                    221.563,
                    222.54,
                    0.742176
                ],
                [
                    215.668,
                    222.57,
                    0.723788
                ],
                [
                    214.683,
                    215.737,
                    0.722167
                ]
            ],
            "isKeyframe": false
        },
        {
            "bbox": [
                49.16637999999999,
                165.9777,
                145.51942000000003,
                374.9973,
                0.5686573125
            ],
            "personID": 2,
            "keypoints": [
                [
                    71.9114,
                    184.42,
                    0.829815
                ],
                [
                    66.0212,
                    223.53,
                    0.757394
                ],
                [
                    67.9953,
                    232.373,
                    0.735412
                ],
                [
                    106.163,
                    255.841,
                    0.849444
                ],
                [
                    98.3008,
                    237.211,
                    0.78134
                ],
                [
                    63.1093,
                    211.781,
                    0.537169
                ],
                [
                    0.0,
                    0.0,
                    0.0
                ],
                [
                    0.0,
                    0.0,
                    0.0
                ],
                [
                    104.163,
                    293.939,
                    0.522989
                ],
                [
                    106.144,
                    293.003,
                    0.630262
                ],
                [
                    129.628,
                    334.085,
                    0.563503
                ],
                [
                    137.49,
                    357.577,
                    0.0916505
                ],
                [
                    98.3298,
                    293.947,
                    0.428378
                ],
                [
                    119.841,
                    332.097,
                    0.416898
                ],
                [
                    130.593,
                    357.574,
                    0.112568
                ],
                [
                    66.077,
                    183.396,
                    0.898554
                ],
                [
                    0.0,
                    0.0,
                    0.0
                ],
                [
                    57.1958,
                    193.192,
                    0.873296
                ],
                [
                    0.0,
                    0.0,
                    0.0
                ],
                [
                    0.0,
                    0.0,
                    0.0
                ],
                [
                    0.0,
                    0.0,
                    0.0
                ],
                [
                    135.483,
                    357.579,
                    0.0698445
                ],
                [
                    0.0,
                    0.0,
                    0.0
                ],
                [
                    0.0,
                    0.0,
                    0.0
                ],
                [
                    0.0,
                    0.0,
                    0.0
                ]
            ],
            "isKeyframe": false
        },
        {
            "bbox": [
                480.5833,
                116.53580000000002,
                576.8677,
                379.4942,
                0.71723058
            ],
            "personID": 3,
            "keypoints": [
                [
                    0.0,
                    0.0,
                    0.0
                ],
                [
                    529.745,
                    186.362,
                    0.81325
                ],
                [
                    563.95,
                    185.391,
                    0.756733
                ],
                [
                    568.844,
                    237.235,
                    0.8303
                ],
                [
                    561.973,
                    268.52,
                    0.818581
                ],
                [
                    497.455,
                    186.378,
                    0.792618
                ],
                [
                    488.623,
                    237.232,
                    0.856796
                ],
                [
                    488.607,
                    266.571,
                    0.805364
                ],
                [
                    520.88,
                    277.302,
                    0.668151
                ],
                [
                    537.526,
                    278.285,
                    0.633833
                ],
                [
                    529.714,
                    325.249,
                    0.804712
                ],
                [
                    528.686,
                    357.581,
                    0.0752457
                ],
                [
                    504.25,
                    275.376,
                    0.605761
                ],
                [
                    497.404,
                    325.281,
                    0.819097
                ],
                [
                    0.0,
                    0.0,
                    0.0
                ],
                [
                    0.0,
                    0.0,
                    0.0
                ],
                [
                    0.0,
                    0.0,
                    0.0
                ],
                [
                    552.202,
                    138.449,
                    0.645197
                ],
                [
                    514.042,
                    141.359,
                    0.83282
                ],
                [
                    0.0,
                    0.0,
                    0.0
                ],
                [
                    0.0,
                    0.0,
                    0.0
                ],
                [
                    0.0,
                    0.0,
                    0.0
                ],
                [
                    0.0,
                    0.0,
                    0.0
                ],
                [
                    0.0,
                    0.0,
                    0.0
                ],
                [
                    0.0,
                    0.0,
                    0.0
                ]
            ],
            "isKeyframe": false
        }
    ],
    "isKeyframe": false
}