{
    "filename": "images/1/003016.jpg",
    "height": 360,
    "width": 640,
    "annots": [
        {
            "bbox": [
                186.6985,
                62.12184999999998,
                240.74049999999997,
                238.22965,
                0.8021514583333333
            ],
            "personID": 0,
            "keypoints": [
                [
                    212.765,
                    81.6736,
                    0.889082
                ],
                [
                    204.95,
                    97.3816,
                    0.906138
                ],
                [
                    192.243,
                    101.249,
                    0.868246
                ],
                [
                    191.202,
                    126.686,
                    0.857981
                ],
                [
                    196.139,
                    145.256,
                    0.829525
                ],
                [
                    215.687,
                    95.3617,
                    0.906021
                ],
                [
                    222.531,
                    116.912,
                    0.661278
                ],
                [
                    228.413,
                    137.435,
                    0.335895
                ],
                [
                    214.685,
                    145.255,
                    0.838829
                ],
                [
                    206.902,
                    146.247,
                    0.828621
                ],
                [
                    214.753,
                    181.449,
                    0.843187
                ],
                [
                    214.734,
                    215.668,
                    0.85591
                ],
                [
                    221.565,
                    144.264,
                    0.797347
                ],
                [
                    222.554,
                    176.616,
                    0.817592
                ],
                [
                    222.586,
                    206.875,
                    0.880678
                ],
                [
                    207.885,
                    77.7854,
                    0.911252
                ],
                [
                    214.7,
                    76.7975,
                    0.87539
                ],
                [
                    200.055,
                    80.6945,
                    0.899562
                ],
                [
                    0.0,
                    0.0,
                    0.0
                ],
                [
                    236.237,
                    211.79,
                    0.777425
                ],
                [
                    235.266,
                    207.924,
                    0.766782
                ],
                [
                    221.591,
                    208.867,
                    0.640329
                ],
                [
                    223.5,
                    222.584,
                    0.781477
                ],
                [
                    216.709,
                    223.554,
                    0.75362
                ],
                [
                    213.728,
                    217.686,
                    0.729468
                ]
            ],
            "isKeyframe": false
        },
        {
            "bbox": [
                282.9509,
                144.62920000000003,
                402.7361,
                340.6348,
                0.8267777500000001
            ],
            "personID": 1,
            "keypoints": [
                [
                    316.44,
                    175.644,
                    0.945188
                ],
                [
                    325.276,
                    177.553,
                    0.899762
                ],
                [
                    304.711,
                    182.417,
                    0.802495
                ],
                [
                    292.933,
                    198.105,
                    0.881255
                ],
                [
                    299.823,
                    214.755,
                    0.884531
                ],
                [
                    345.809,
                    175.578,
                    0.817614
                ],
                [
                    371.221,
                    176.585,
                    0.916427
                ],
                [
                    371.281,
                    200.021,
                    0.8799
                ],
                [
                    338.93,
                    230.376,
                    0.85027
                ],
                [
                    324.323,
                    232.335,
                    0.85315
                ],
                [
                    317.446,
                    260.7,
                    0.884983
                ],
                [
                    332.147,
                    308.629,
                    0.870029
                ],
                [
                    349.722,
                    227.448,
                    0.796142
                ],
                [
                    364.448,
                    251.891,
                    0.85225
                ],
                [
                    380.029,
                    293.954,
                    0.848729
                ],
                [
                    310.597,
                    171.686,
                    0.789026
                ],
                [
                    318.428,
                    170.717,
                    0.859476
                ],
                [
                    0.0,
                    0.0,
                    0.0
                ],
                [
                    331.093,
                    160.963,
                    0.85354
                ],
                [
                    386.919,
                    306.671,
                    0.721825
                ],
                [
                    392.754,
                    301.826,
                    0.750949
                ],
                [
                    378.094,
                    299.808,
                    0.688979
                ],
                [
                    326.267,
                    324.301,
                    0.714296
                ],
                [
                    323.325,
                    321.365,
                    0.731675
                ],
                [
                    337.99,
                    310.587,
                    0.750175
                ]
            ],
            "isKeyframe": false
        },
        {
            "bbox": [
                481.05010000000004,
                115.42270000000002,
                583.1569000000001,
                379.5943,
                0.6755591375000001
            ],
            "personID": 2,
            "keypoints": [
                [
                    0.0,
                    0.0,
                    0.0
                ],
                [
                    538.519,
                    184.4,
                    0.851213
                ],
                [
                    571.752,
                    184.4,
                    0.786712
                ],
                [
                    574.648,
                    237.202,
                    0.79721
                ],
                [
                    563.961,
                    267.556,
                    0.791584
                ],
                [
                    506.221,
                    184.384,
                    0.813312
                ],
                [
                    495.43,
                    231.377,
                    0.820492
                ],
                [
                    489.559,
                    269.511,
                    0.877173
                ],
                [
                    525.8,
                    273.431,
                    0.607629
                ],
                [
                    542.438,
                    276.356,
                    0.606634
                ],
                [
                    533.624,
                    325.244,
                    0.789704
                ],
                [
                    527.772,
                    357.58,
                    0.0751433
                ],
                [
                    507.23,
                    271.459,
                    0.582919
                ],
                [
                    500.355,
                    324.248,
                    0.800555
                ],
                [
                    494.503,
                    357.58,
                    0.0723709
                ],
                [
                    0.0,
                    0.0,
                    0.0
                ],
                [
                    0.0,
                    0.0,
                    0.0
                ],
                [
                    558.092,
                    137.437,
                    0.68142
                ],
                [
                    522.887,
                    137.451,
                    0.854875
                ],
                [
                    0.0,
                    0.0,
                    0.0
                ],
                [
                    0.0,
                    0.0,
                    0.0
                ],
                [
                    0.0,
                    0.0,
                    0.0
                ],
                [
                    0.0,
                    0.0,
                    0.0
                ],
                [
                    0.0,
                    0.0,
                    0.0
                ],
                [
                    0.0,
                    0.0,
                    0.0
                ]
            ],
            "isKeyframe": false
        },
        {
            "bbox": [
                51.020270000000004,
                163.5557,
                136.80142999999998,
                354.87530000000004,
                0.6215329857142856
            ],
            "personID": 3,
            "keypoints": [
                [
                    72.8937,
                    182.457,
                    0.797687
                ],
                [
                    66.0419,
                    223.549,
                    0.745855
                ],
                [
                    67.9931,
                    233.318,
                    0.724463
                ],
                [
                    106.113,
                    255.835,
                    0.847411
                ],
                [
                    98.3076,
                    236.244,
                    0.704769
                ],
                [
                    65.0564,
                    212.772,
                    0.542885
                ],
                [
                    91.4864,
                    239.186,
                    0.0560218
                ],
                [
                    0.0,
                    0.0,
                    0.0
                ],
                [
                    105.164,
                    293.982,
                    0.49988
                ],
                [
                    106.182,
                    293.983,
                    0.616686
                ],
                [
                    129.653,
                    338.932,
                    0.59389
                ],
                [
                    0.0,
                    0.0,
                    0.0
                ],
                [
                    101.256,
                    294.927,
                    0.370856
                ],
                [
                    121.788,
                    335.034,
                    0.425
                ],
                [
                    0.0,
                    0.0,
                    0.0
                ],
                [
                    67.0068,
                    179.499,
                    0.855935
                ],
                [
                    0.0,
                    0.0,
                    0.0
                ],
                [
                    58.1687,
                    191.257,
                    0.920123
                ],
                [
                    0.0,
                    0.0,
                    0.0
                ],
                [
                    0.0,
                    0.0,
                    0.0
                ],
                [
                    0.0,
                    0.0,
                    0.0
                ],
                [
                    0.0,
                    0.0,
                    0.0
                ],
                [
                    0.0,
                    0.0,
                    0.0
                ],
                [
                    0.0,
                    0.0,
                    0.0
                ],
                [
                    0.0,
                    0.0,
                    0.0
                ]
            ],
            "isKeyframe": false
        }
    ],
    "isKeyframe": false
}