{
    "filename": "images/1/003027.jpg",
    "height": 360,
    "width": 640,
    "annots": [
        {
            "bbox": [
                186.89839999999998,
                60.976870000000005,
                238.60160000000002,
                239.36683,
                0.8011461666666667
            ],
            "personID": 0,
            "keypoints": [
                [
                    213.749,
                    80.729,
                    0.891972
                ],
                [
                    205.932,
                    97.3691,
                    0.930145
                ],
                [
                    193.203,
                    99.3338,
                    0.867031
                ],
                [
                    191.207,
                    127.641,
                    0.88
                ],
                [
                    195.178,
                    146.252,
                    0.793236
                ],
                [
                    215.727,
                    95.3864,
                    0.905646
                ],
                [
                    222.526,
                    116.911,
                    0.59945
                ],
                [
                    226.46,
                    138.418,
                    0.243297
                ],
                [
                    213.71,
                    145.287,
                    0.808233
                ],
                [
                    205.923,
                    146.269,
                    0.79921
                ],
                [
                    211.791,
                    183.392,
                    0.842418
                ],
                [
                    214.721,
                    215.729,
                    0.889821
                ],
                [
                    220.58,
                    144.311,
                    0.784806
                ],
                [
                    222.51,
                    177.588,
                    0.8151
                ],
                [
                    222.583,
                    207.837,
                    0.92556
                ],
                [
                    208.86,
                    75.8566,
                    0.879484
                ],
                [
                    214.763,
                    75.8427,
                    0.871644
                ],
                [
                    201.033,
                    78.7381,
                    0.853218
                ],
                [
                    0.0,
                    0.0,
                    0.0
                ],
                [
                    234.293,
                    212.759,
                    0.759477
                ],
                [
                    234.278,
                    208.85,
                    0.768382
                ],
                [
                    221.582,
                    209.848,
                    0.693347
                ],
                [
                    222.559,
                    223.533,
                    0.845691
                ],
                [
                    216.675,
                    224.501,
                    0.805359
                ],
                [
                    213.751,
                    219.622,
                    0.774981
                ]
            ],
            "isKeyframe": false
        },
        {
            "bbox": [
                274.29710000000006,
                155.06510000000003,
                416.3639,
                331.1039,
                0.8104302400000001
            ],
            "personID": 1,
            "keypoints": [
                [
                    325.269,
                    184.362,
                    0.959772
                ],
                [
                    324.317,
                    180.478,
                    0.857091
                ],
                [
                    306.683,
                    184.446,
                    0.823723
                ],
                [
                    286.136,
                    196.14,
                    0.87713
                ],
                [
                    300.778,
                    218.641,
                    0.883678
                ],
                [
                    344.812,
                    175.595,
                    0.807533
                ],
                [
                    366.365,
                    175.569,
                    0.891506
                ],
                [
                    371.253,
                    199.105,
                    0.878019
                ],
                [
                    339.965,
                    231.336,
                    0.87512
                ],
                [
                    326.226,
                    236.234,
                    0.783722
                ],
                [
                    326.264,
                    261.659,
                    0.862853
                ],
                [
                    335.041,
                    302.753,
                    0.81115
                ],
                [
                    354.582,
                    227.456,
                    0.756992
                ],
                [
                    379.068,
                    249.942,
                    0.857932
                ],
                [
                    387.904,
                    285.155,
                    0.877492
                ],
                [
                    320.361,
                    181.447,
                    0.819521
                ],
                [
                    330.149,
                    178.521,
                    0.85504
                ],
                [
                    311.57,
                    175.629,
                    0.573941
                ],
                [
                    334.064,
                    169.735,
                    0.643784
                ],
                [
                    403.556,
                    293.007,
                    0.804502
                ],
                [
                    404.525,
                    289.07,
                    0.737375
                ],
                [
                    385.91,
                    289.067,
                    0.76456
                ],
                [
                    339.916,
                    316.434,
                    0.805429
                ],
                [
                    332.142,
                    315.493,
                    0.802728
                ],
                [
                    338.963,
                    304.727,
                    0.650163
                ]
            ],
            "isKeyframe": false
        },
        {
            "bbox": [
                480.3184,
                117.61500000000001,
                580.0695999999999,
                379.395,
                0.68602681875
            ],
            "personID": 2,
            "keypoints": [
                [
                    0.0,
                    0.0,
                    0.0
                ],
                [
                    535.587,
                    184.444,
                    0.912983
                ],
                [
                    567.818,
                    184.389,
                    0.82104
                ],
                [
                    571.757,
                    238.154,
                    0.793274
                ],
                [
                    561.998,
                    268.492,
                    0.779367
                ],
                [
                    503.31,
                    185.382,
                    0.788712
                ],
                [
                    489.617,
                    236.258,
                    0.819904
                ],
                [
                    488.631,
                    269.54,
                    0.867165
                ],
                [
                    522.868,
                    276.335,
                    0.611756
                ],
                [
                    541.427,
                    277.335,
                    0.60593
                ],
                [
                    530.684,
                    324.299,
                    0.804572
                ],
                [
                    527.786,
                    357.58,
                    0.155928
                ],
                [
                    505.275,
                    273.425,
                    0.588012
                ],
                [
                    498.385,
                    325.279,
                    0.822731
                ],
                [
                    0.0,
                    0.0,
                    0.0
                ],
                [
                    0.0,
                    0.0,
                    0.0
                ],
                [
                    0.0,
                    0.0,
                    0.0
                ],
                [
                    553.169,
                    141.368,
                    0.695613
                ],
                [
                    519.925,
                    139.43,
                    0.857671
                ],
                [
                    0.0,
                    0.0,
                    0.0
                ],
                [
                    0.0,
                    0.0,
                    0.0
                ],
                [
                    0.0,
                    0.0,
                    0.0
                ],
                [
                    0.0,
                    0.0,
                    0.0
                ],
                [
                    0.0,
                    0.0,
                    0.0
                ],
                [
                    527.765,
                    357.577,
                    0.0517711
                ]
            ],
            "isKeyframe": false
        },
        {
            "bbox": [
                50.232180000000014,
                162.7944,
                145.41161999999997,
                375.28559999999993,
                0.5613002312500001
            ],
            "personID": 3,
            "keypoints": [
                [
                    72.8658,
                    183.417,
                    0.785658
                ],
                [
                    66.0233,
                    223.55,
                    0.734317
                ],
                [
                    68.0105,
                    234.277,
                    0.720605
                ],
                [
                    106.165,
                    256.774,
                    0.840633
                ],
                [
                    98.3219,
                    237.211,
                    0.728348
                ],
                [
                    64.0648,
                    211.791,
                    0.516375
                ],
                [
                    0.0,
                    0.0,
                    0.0
                ],
                [
                    0.0,
                    0.0,
                    0.0
                ],
                [
                    104.203,
                    293.95,
                    0.539994
                ],
                [
                    106.182,
                    293.933,
                    0.63599
                ],
                [
                    129.642,
                    334.087,
                    0.596895
                ],
                [
                    137.48,
                    357.577,
                    0.0860033
                ],
                [
                    99.2951,
                    293.965,
                    0.431016
                ],
                [
                    120.804,
                    333.08,
                    0.462397
                ],
                [
                    130.613,
                    357.574,
                    0.094248
                ],
                [
                    66.9856,
                    180.502,
                    0.831246
                ],
                [
                    0.0,
                    0.0,
                    0.0
                ],
                [
                    58.1638,
                    192.193,
                    0.922465
                ],
                [
                    0.0,
                    0.0,
                    0.0
                ],
                [
                    0.0,
                    0.0,
                    0.0
                ],
                [
                    0.0,
                    0.0,
                    0.0
                ],
                [
                    136.453,
                    357.578,
                    0.0546134
                ],
                [
                    0.0,
                    0.0,
                    0.0
                ],
                [
                    0.0,
                    0.0,
                    0.0
                ],
                [
                    0.0,
                    0.0,
                    0.0
                ]
            ],
            "isKeyframe": false
        }
    ],
    "isKeyframe": false
}