{
    "filename": "images/1/002981.jpg",
    "height": 360,
    "width": 640,
    "annots": [
        {
            "bbox": [
                275.863,
                129.3299,
                387.367,
                344.1671,
                0.8165154166666667
            ],
            "personID": 0,
            "keypoints": [
                [
                    330.157,
                    152.144,
                    0.913421
                ],
                [
                    338.943,
                    175.583,
                    0.909095
                ],
                [
                    322.325,
                    174.632,
                    0.862593
                ],
                [
                    314.498,
                    199.023,
                    0.840884
                ],
                [
                    301.839,
                    205.914,
                    0.860504
                ],
                [
                    355.542,
                    176.533,
                    0.880731
                ],
                [
                    378.075,
                    192.23,
                    0.894943
                ],
                [
                    363.425,
                    212.786,
                    0.848937
                ],
                [
                    328.211,
                    231.381,
                    0.79953
                ],
                [
                    316.494,
                    230.413,
                    0.862349
                ],
                [
                    300.849,
                    267.557,
                    0.871512
                ],
                [
                    292.965,
                    316.487,
                    0.873989
                ],
                [
                    339.965,
                    233.31,
                    0.803277
                ],
                [
                    334.102,
                    262.695,
                    0.841747
                ],
                [
                    326.239,
                    313.52,
                    0.780821
                ],
                [
                    325.317,
                    147.233,
                    0.88027
                ],
                [
                    334.073,
                    147.25,
                    0.851514
                ],
                [
                    0.0,
                    0.0,
                    0.0
                ],
                [
                    346.766,
                    152.084,
                    0.902773
                ],
                [
                    317.47,
                    320.371,
                    0.702826
                ],
                [
                    326.248,
                    323.311,
                    0.669771
                ],
                [
                    326.237,
                    317.474,
                    0.60026
                ],
                [
                    291.982,
                    326.264,
                    0.703386
                ],
                [
                    285.155,
                    325.222,
                    0.759629
                ],
                [
                    293.956,
                    321.355,
                    0.681608
                ]
            ],
            "isKeyframe": false
        },
        {
            "bbox": [
                186.59989999999996,
                64.25451,
                241.8011,
                238.04559,
                0.7817670416666666
            ],
            "personID": 1,
            "keypoints": [
                [
                    209.848,
                    81.7105,
                    0.895682
                ],
                [
                    203.958,
                    97.362,
                    0.898192
                ],
                [
                    192.265,
                    101.256,
                    0.854108
                ],
                [
                    191.2,
                    128.602,
                    0.905061
                ],
                [
                    196.152,
                    146.288,
                    0.812314
                ],
                [
                    214.71,
                    92.4786,
                    0.881192
                ],
                [
                    218.644,
                    113.993,
                    0.400112
                ],
                [
                    222.569,
                    133.542,
                    0.11924
                ],
                [
                    213.762,
                    145.273,
                    0.815366
                ],
                [
                    206.901,
                    146.272,
                    0.805564
                ],
                [
                    214.744,
                    180.498,
                    0.857503
                ],
                [
                    214.707,
                    214.762,
                    0.878278
                ],
                [
                    220.598,
                    144.287,
                    0.770107
                ],
                [
                    222.57,
                    176.6,
                    0.835937
                ],
                [
                    222.591,
                    206.889,
                    0.894831
                ],
                [
                    206.933,
                    79.7223,
                    0.901842
                ],
                [
                    212.779,
                    78.7371,
                    0.808895
                ],
                [
                    199.095,
                    81.6345,
                    0.922431
                ],
                [
                    0.0,
                    0.0,
                    0.0
                ],
                [
                    237.201,
                    211.81,
                    0.777551
                ],
                [
                    235.28,
                    208.848,
                    0.744801
                ],
                [
                    221.581,
                    208.866,
                    0.698712
                ],
                [
                    222.581,
                    223.515,
                    0.787984
                ],
                [
                    216.672,
                    223.563,
                    0.75974
                ],
                [
                    212.764,
                    217.664,
                    0.736966
                ]
            ],
            "isKeyframe": false
        },
        {
            "bbox": [
                50.160230000000006,
                164.8899,
                146.46107,
                375.0951,
                0.5739919437500001
            ],
            "personID": 2,
            "keypoints": [
                [
                    74.8446,
                    184.379,
                    0.922983
                ],
                [
                    66.0536,
                    222.583,
                    0.759475
                ],
                [
                    68.9739,
                    231.382,
                    0.734649
                ],
                [
                    107.113,
                    254.853,
                    0.839046
                ],
                [
                    98.3189,
                    237.21,
                    0.701999
                ],
                [
                    65.0348,
                    212.753,
                    0.519978
                ],
                [
                    0.0,
                    0.0,
                    0.0
                ],
                [
                    0.0,
                    0.0,
                    0.0
                ],
                [
                    104.2,
                    292.984,
                    0.545761
                ],
                [
                    106.179,
                    292.972,
                    0.631935
                ],
                [
                    129.651,
                    333.123,
                    0.621371
                ],
                [
                    138.436,
                    357.576,
                    0.0746627
                ],
                [
                    99.2916,
                    293.001,
                    0.441464
                ],
                [
                    120.781,
                    333.074,
                    0.491122
                ],
                [
                    130.601,
                    357.574,
                    0.0846159
                ],
                [
                    68.9885,
                    182.407,
                    0.829535
                ],
                [
                    0.0,
                    0.0,
                    0.0
                ],
                [
                    58.1853,
                    191.248,
                    0.933685
                ],
                [
                    0.0,
                    0.0,
                    0.0
                ],
                [
                    0.0,
                    0.0,
                    0.0
                ],
                [
                    0.0,
                    0.0,
                    0.0
                ],
                [
                    136.46,
                    357.578,
                    0.0515895
                ],
                [
                    0.0,
                    0.0,
                    0.0
                ],
                [
                    0.0,
                    0.0,
                    0.0
                ],
                [
                    0.0,
                    0.0,
                    0.0
                ]
            ],
            "isKeyframe": false
        },
        {
            "bbox": [
                497.2913,
                113.27550000000002,
                592.4236999999999,
                379.7895,
                0.7002615999999999
            ],
            "personID": 3,
            "keypoints": [
                [
                    0.0,
                    0.0,
                    0.0
                ],
                [
                    555.125,
                    184.364,
                    0.845833
                ],
                [
                    584.496,
                    186.365,
                    0.78485
                ],
                [
                    583.542,
                    239.194,
                    0.851833
                ],
                [
                    572.724,
                    278.268,
                    0.860941
                ],
                [
                    522.882,
                    180.476,
                    0.744223
                ],
                [
                    511.085,
                    230.402,
                    0.811923
                ],
                [
                    514.08,
                    261.673,
                    0.48732
                ],
                [
                    535.543,
                    275.367,
                    0.617359
                ],
                [
                    551.257,
                    277.349,
                    0.627571
                ],
                [
                    538.497,
                    325.309,
                    0.786382
                ],
                [
                    529.742,
                    357.58,
                    0.142295
                ],
                [
                    518.932,
                    270.5,
                    0.5746
                ],
                [
                    505.219,
                    325.23,
                    0.861103
                ],
                [
                    0.0,
                    0.0,
                    0.0
                ],
                [
                    0.0,
                    0.0,
                    0.0
                ],
                [
                    0.0,
                    0.0,
                    0.0
                ],
                [
                    575.727,
                    137.438,
                    0.62864
                ],
                [
                    543.425,
                    135.485,
                    0.879051
                ],
                [
                    0.0,
                    0.0,
                    0.0
                ],
                [
                    0.0,
                    0.0,
                    0.0
                ],
                [
                    0.0,
                    0.0,
                    0.0
                ],
                [
                    0.0,
                    0.0,
                    0.0
                ],
                [
                    0.0,
                    0.0,
                    0.0
                ],
                [
                    0.0,
                    0.0,
                    0.0
                ]
            ],
            "isKeyframe": false
        }
    ],
    "isKeyframe": false
}