{
    "filename": "images/1/003075.jpg",
    "height": 360,
    "width": 640,
    "annots": [
        {
            "bbox": [
                177.8913,
                73.76327,
                243.6477,
                250.99643,
                0.8111429166666667
            ],
            "personID": 0,
            "keypoints": [
                [
                    207.911,
                    90.5262,
                    0.928127
                ],
                [
                    200.051,
                    107.141,
                    0.922197
                ],
                [
                    184.393,
                    111.993,
                    0.878964
                ],
                [
                    183.371,
                    138.437,
                    0.829426
                ],
                [
                    190.27,
                    159.913,
                    0.392809
                ],
                [
                    215.685,
                    105.208,
                    0.948736
                ],
                [
                    222.507,
                    129.617,
                    0.858184
                ],
                [
                    222.52,
                    149.194,
                    0.457356
                ],
                [
                    205.927,
                    159.917,
                    0.823725
                ],
                [
                    195.155,
                    160.907,
                    0.798408
                ],
                [
                    206.865,
                    193.228,
                    0.826603
                ],
                [
                    213.739,
                    223.57,
                    0.857469
                ],
                [
                    214.742,
                    157.979,
                    0.801247
                ],
                [
                    223.497,
                    184.396,
                    0.859984
                ],
                [
                    223.588,
                    206.926,
                    0.894113
                ],
                [
                    205.898,
                    89.5091,
                    0.904603
                ],
                [
                    208.886,
                    88.5327,
                    0.819723
                ],
                [
                    196.154,
                    90.5176,
                    0.842364
                ],
                [
                    0.0,
                    0.0,
                    0.0
                ],
                [
                    237.218,
                    213.717,
                    0.825974
                ],
                [
                    238.168,
                    208.877,
                    0.827345
                ],
                [
                    222.527,
                    208.856,
                    0.827648
                ],
                [
                    216.701,
                    236.227,
                    0.80401
                ],
                [
                    211.795,
                    235.266,
                    0.797176
                ],
                [
                    214.691,
                    226.453,
                    0.741239
                ]
            ],
            "isKeyframe": false
        },
        {
            "bbox": [
                308.7339,
                109.78180000000002,
                436.6311,
                336.3562,
                0.7321595238095236
            ],
            "personID": 1,
            "keypoints": [
                [
                    425.973,
                    132.556,
                    0.207786
                ],
                [
                    396.702,
                    152.087,
                    0.685658
                ],
                [
                    394.685,
                    152.072,
                    0.801805
                ],
                [
                    372.185,
                    177.536,
                    0.850958
                ],
                [
                    363.412,
                    215.689,
                    0.905398
                ],
                [
                    402.565,
                    152.084,
                    0.608462
                ],
                [
                    0.0,
                    0.0,
                    0.0
                ],
                [
                    0.0,
                    0.0,
                    0.0
                ],
                [
                    380.017,
                    222.539,
                    0.792734
                ],
                [
                    371.261,
                    223.532,
                    0.748065
                ],
                [
                    365.378,
                    276.359,
                    0.815329
                ],
                [
                    326.268,
                    299.829,
                    0.801106
                ],
                [
                    387.866,
                    220.595,
                    0.756569
                ],
                [
                    410.316,
                    247.01,
                    0.908165
                ],
                [
                    394.709,
                    286.178,
                    0.854502
                ],
                [
                    425.957,
                    128.663,
                    0.368023
                ],
                [
                    0.0,
                    0.0,
                    0.0
                ],
                [
                    419.165,
                    129.619,
                    0.906792
                ],
                [
                    0.0,
                    0.0,
                    0.0
                ],
                [
                    409.362,
                    285.163,
                    0.666277
                ],
                [
                    405.484,
                    285.125,
                    0.625134
                ],
                [
                    387.879,
                    292.973,
                    0.742019
                ],
                [
                    334.051,
                    317.475,
                    0.824401
                ],
                [
                    327.241,
                    316.452,
                    0.791387
                ],
                [
                    319.392,
                    297.867,
                    0.71478
                ]
            ],
            "isKeyframe": false
        },
        {
            "bbox": [
                48.135830000000006,
                167.05,
                145.59347000000002,
                374.902,
                0.5469197562500001
            ],
            "personID": 2,
            "keypoints": [
                [
                    72.8882,
                    185.384,
                    0.826858
                ],
                [
                    66.0166,
                    222.578,
                    0.748268
                ],
                [
                    68.0121,
                    231.408,
                    0.728716
                ],
                [
                    106.19,
                    256.789,
                    0.820621
                ],
                [
                    100.295,
                    239.16,
                    0.642827
                ],
                [
                    63.1001,
                    208.887,
                    0.536864
                ],
                [
                    0.0,
                    0.0,
                    0.0
                ],
                [
                    0.0,
                    0.0,
                    0.0
                ],
                [
                    105.191,
                    293.006,
                    0.52417
                ],
                [
                    107.143,
                    293.012,
                    0.604496
                ],
                [
                    130.604,
                    337.975,
                    0.549444
                ],
                [
                    137.472,
                    357.573,
                    0.0701076
                ],
                [
                    101.267,
                    293.951,
                    0.396567
                ],
                [
                    121.769,
                    333.106,
                    0.416566
                ],
                [
                    130.601,
                    357.574,
                    0.0799739
                ],
                [
                    66.9963,
                    184.371,
                    0.903464
                ],
                [
                    0.0,
                    0.0,
                    0.0
                ],
                [
                    56.2573,
                    194.183,
                    0.847377
                ],
                [
                    0.0,
                    0.0,
                    0.0
                ],
                [
                    0.0,
                    0.0,
                    0.0
                ],
                [
                    0.0,
                    0.0,
                    0.0
                ],
                [
                    135.501,
                    357.581,
                    0.0543966
                ],
                [
                    0.0,
                    0.0,
                    0.0
                ],
                [
                    0.0,
                    0.0,
                    0.0
                ],
                [
                    0.0,
                    0.0,
                    0.0
                ]
            ],
            "isKeyframe": false
        },
        {
            "bbox": [
                476.5055,
                119.73249999999999,
                575.0435,
                379.2025,
                0.7042317933333334
            ],
            "personID": 3,
            "keypoints": [
                [
                    0.0,
                    0.0,
                    0.0
                ],
                [
                    528.69,
                    188.306,
                    0.848305
                ],
                [
                    560.054,
                    188.31,
                    0.780465
                ],
                [
                    566.832,
                    239.154,
                    0.810409
                ],
                [
                    560.001,
                    269.505,
                    0.881423
                ],
                [
                    496.437,
                    187.357,
                    0.785087
                ],
                [
                    484.717,
                    238.154,
                    0.813663
                ],
                [
                    487.606,
                    269.478,
                    0.780357
                ],
                [
                    519.886,
                    276.344,
                    0.6315
                ],
                [
                    536.52,
                    277.311,
                    0.618129
                ],
                [
                    529.699,
                    324.305,
                    0.809134
                ],
                [
                    527.776,
                    357.58,
                    0.0990339
                ],
                [
                    501.329,
                    274.404,
                    0.553876
                ],
                [
                    496.409,
                    328.214,
                    0.763847
                ],
                [
                    0.0,
                    0.0,
                    0.0
                ],
                [
                    0.0,
                    0.0,
                    0.0
                ],
                [
                    0.0,
                    0.0,
                    0.0
                ],
                [
                    547.302,
                    141.355,
                    0.492361
                ],
                [
                    512.142,
                    144.268,
                    0.895887
                ],
                [
                    0.0,
                    0.0,
                    0.0
                ],
                [
                    0.0,
                    0.0,
                    0.0
                ],
                [
                    0.0,
                    0.0,
                    0.0
                ],
                [
                    0.0,
                    0.0,
                    0.0
                ],
                [
                    0.0,
                    0.0,
                    0.0
                ],
                [
                    0.0,
                    0.0,
                    0.0
                ]
            ],
            "isKeyframe": false
        }
    ],
    "isKeyframe": false
}