{
    "filename": "images/1/003060.jpg",
    "height": 360,
    "width": 640,
    "annots": [
        {
            "bbox": [
                180.32529999999997,
                70.64426000000002,
                241.3297,
                250.22834,
                0.7895725833333334
            ],
            "personID": 0,
            "keypoints": [
                [
                    214.683,
                    90.4984,
                    0.882117
                ],
                [
                    204.946,
                    105.127,
                    0.892178
                ],
                [
                    191.212,
                    106.138,
                    0.917196
                ],
                [
                    185.409,
                    132.565,
                    0.782577
                ],
                [
                    189.284,
                    152.12,
                    0.516492
                ],
                [
                    217.676,
                    102.22,
                    0.837432
                ],
                [
                    222.587,
                    126.685,
                    0.73833
                ],
                [
                    229.37,
                    148.195,
                    0.368096
                ],
                [
                    207.838,
                    154.068,
                    0.828024
                ],
                [
                    199.066,
                    155.068,
                    0.798224
                ],
                [
                    206.901,
                    191.238,
                    0.886131
                ],
                [
                    214.672,
                    223.534,
                    0.845905
                ],
                [
                    215.724,
                    153.086,
                    0.819946
                ],
                [
                    221.543,
                    183.438,
                    0.843578
                ],
                [
                    222.573,
                    207.85,
                    0.92865
                ],
                [
                    208.876,
                    87.5682,
                    0.838731
                ],
                [
                    215.677,
                    86.5856,
                    0.785285
                ],
                [
                    200.102,
                    85.6096,
                    0.840395
                ],
                [
                    0.0,
                    0.0,
                    0.0
                ],
                [
                    236.223,
                    213.728,
                    0.810561
                ],
                [
                    236.246,
                    208.865,
                    0.813866
                ],
                [
                    220.597,
                    210.798,
                    0.780805
                ],
                [
                    217.649,
                    235.263,
                    0.740089
                ],
                [
                    212.782,
                    233.337,
                    0.743617
                ],
                [
                    214.699,
                    225.493,
                    0.711517
                ]
            ],
            "isKeyframe": false
        },
        {
            "bbox": [
                315.4527,
                130.3308,
                421.1283,
                333.3852,
                0.7434864782608696
            ],
            "personID": 1,
            "keypoints": [
                [
                    412.322,
                    157.017,
                    0.812649
                ],
                [
                    379.068,
                    166.812,
                    0.806201
                ],
                [
                    369.287,
                    167.794,
                    0.764392
                ],
                [
                    335.068,
                    190.284,
                    0.791895
                ],
                [
                    324.259,
                    223.53,
                    0.843588
                ],
                [
                    387.887,
                    165.803,
                    0.619193
                ],
                [
                    365.371,
                    193.194,
                    0.190369
                ],
                [
                    373.184,
                    207.876,
                    0.44012
                ],
                [
                    356.589,
                    230.37,
                    0.771727
                ],
                [
                    346.763,
                    233.324,
                    0.685541
                ],
                [
                    353.637,
                    284.164,
                    0.81373
                ],
                [
                    331.133,
                    299.804,
                    0.860033
                ],
                [
                    369.259,
                    224.533,
                    0.714537
                ],
                [
                    402.498,
                    253.839,
                    0.897506
                ],
                [
                    389.832,
                    282.211,
                    0.787357
                ],
                [
                    411.392,
                    152.083,
                    0.878837
                ],
                [
                    0.0,
                    0.0,
                    0.0
                ],
                [
                    402.509,
                    147.252,
                    0.881167
                ],
                [
                    0.0,
                    0.0,
                    0.0
                ],
                [
                    408.388,
                    285.11,
                    0.758194
                ],
                [
                    404.53,
                    282.223,
                    0.709053
                ],
                [
                    385.883,
                    285.151,
                    0.71959
                ],
                [
                    336.008,
                    316.464,
                    0.825829
                ],
                [
                    330.162,
                    313.541,
                    0.775577
                ],
                [
                    325.281,
                    296.879,
                    0.753104
                ]
            ],
            "isKeyframe": false
        },
        {
            "bbox": [
                48.12412000000001,
                166.03970000000004,
                145.58908000000002,
                374.9873,
                0.54998230625
            ],
            "personID": 2,
            "keypoints": [
                [
                    70.9392,
                    184.449,
                    0.822729
                ],
                [
                    66.0471,
                    223.495,
                    0.769387
                ],
                [
                    67.9889,
                    232.323,
                    0.741017
                ],
                [
                    107.12,
                    256.792,
                    0.813129
                ],
                [
                    98.334,
                    237.221,
                    0.715899
                ],
                [
                    66.0066,
                    211.779,
                    0.55461
                ],
                [
                    90.5065,
                    240.165,
                    0.0507026
                ],
                [
                    0.0,
                    0.0,
                    0.0
                ],
                [
                    105.197,
                    293.005,
                    0.495143
                ],
                [
                    107.116,
                    293.956,
                    0.618031
                ],
                [
                    129.643,
                    337.959,
                    0.576924
                ],
                [
                    137.467,
                    357.573,
                    0.0569589
                ],
                [
                    102.249,
                    293.944,
                    0.352051
                ],
                [
                    121.784,
                    333.111,
                    0.410755
                ],
                [
                    131.566,
                    357.575,
                    0.0642784
                ],
                [
                    66.0369,
                    183.452,
                    0.911305
                ],
                [
                    0.0,
                    0.0,
                    0.0
                ],
                [
                    56.2462,
                    193.23,
                    0.846797
                ],
                [
                    0.0,
                    0.0,
                    0.0
                ],
                [
                    0.0,
                    0.0,
                    0.0
                ],
                [
                    0.0,
                    0.0,
                    0.0
                ],
                [
                    0.0,
                    0.0,
                    0.0
                ],
                [
                    0.0,
                    0.0,
                    0.0
                ],
                [
                    0.0,
                    0.0,
                    0.0
                ],
                [
                    0.0,
                    0.0,
                    0.0
                ]
            ],
            "isKeyframe": false
        },
        {
            "bbox": [
                477.58719999999994,
                117.59839999999997,
                574.9528,
                379.3976,
                0.7035233533333334
            ],
            "personID": 3,
            "keypoints": [
                [
                    0.0,
                    0.0,
                    0.0
                ],
                [
                    528.721,
                    187.33,
                    0.859946
                ],
                [
                    560.079,
                    187.333,
                    0.775
                ],
                [
                    566.839,
                    239.156,
                    0.819223
                ],
                [
                    559.077,
                    270.449,
                    0.872592
                ],
                [
                    496.449,
                    187.329,
                    0.801256
                ],
                [
                    485.701,
                    237.218,
                    0.793245
                ],
                [
                    487.657,
                    265.594,
                    0.75455
                ],
                [
                    519.924,
                    276.361,
                    0.634655
                ],
                [
                    536.56,
                    277.344,
                    0.615431
                ],
                [
                    529.712,
                    325.271,
                    0.804651
                ],
                [
                    527.804,
                    357.581,
                    0.0597333
                ],
                [
                    502.333,
                    274.401,
                    0.558933
                ],
                [
                    496.469,
                    325.264,
                    0.84541
                ],
                [
                    0.0,
                    0.0,
                    0.0
                ],
                [
                    0.0,
                    0.0,
                    0.0
                ],
                [
                    0.0,
                    0.0,
                    0.0
                ],
                [
                    549.265,
                    139.415,
                    0.495091
                ],
                [
                    513.039,
                    143.297,
                    0.863134
                ],
                [
                    0.0,
                    0.0,
                    0.0
                ],
                [
                    0.0,
                    0.0,
                    0.0
                ],
                [
                    0.0,
                    0.0,
                    0.0
                ],
                [
                    0.0,
                    0.0,
                    0.0
                ],
                [
                    0.0,
                    0.0,
                    0.0
                ],
                [
                    0.0,
                    0.0,
                    0.0
                ]
            ],
            "isKeyframe": false
        }
    ],
    "isKeyframe": false
}