{
    "filename": "images/1/003003.jpg",
    "height": 360,
    "width": 640,
    "annots": [
        {
            "bbox": [
                290.1485,
                140.1812,
                382.87850000000003,
                342.0668,
                0.82481325
            ],
            "personID": 0,
            "keypoints": [
                [
                    317.456,
                    167.81,
                    0.959124
                ],
                [
                    328.203,
                    176.562,
                    0.902317
                ],
                [
                    308.675,
                    177.571,
                    0.896826
                ],
                [
                    297.876,
                    200.103,
                    0.82757
                ],
                [
                    300.764,
                    215.688,
                    0.879005
                ],
                [
                    347.778,
                    175.549,
                    0.853129
                ],
                [
                    374.188,
                    184.378,
                    0.877231
                ],
                [
                    371.239,
                    205.905,
                    0.837549
                ],
                [
                    334.096,
                    230.379,
                    0.835867
                ],
                [
                    322.341,
                    231.363,
                    0.821361
                ],
                [
                    311.589,
                    264.612,
                    0.812002
                ],
                [
                    317.477,
                    315.45,
                    0.82739
                ],
                [
                    348.721,
                    229.407,
                    0.845868
                ],
                [
                    356.55,
                    256.8,
                    0.866708
                ],
                [
                    366.334,
                    307.645,
                    0.775122
                ],
                [
                    315.456,
                    162.906,
                    0.830873
                ],
                [
                    322.345,
                    162.88,
                    0.854891
                ],
                [
                    0.0,
                    0.0,
                    0.0
                ],
                [
                    332.129,
                    157.005,
                    0.879954
                ],
                [
                    370.254,
                    317.447,
                    0.766516
                ],
                [
                    375.151,
                    316.451,
                    0.76513
                ],
                [
                    364.397,
                    310.584,
                    0.639463
                ],
                [
                    315.482,
                    325.243,
                    0.713956
                ],
                [
                    309.582,
                    324.253,
                    0.745559
                ],
                [
                    323.312,
                    317.464,
                    0.782107
                ]
            ],
            "isKeyframe": false
        },
        {
            "bbox": [
                186.6897,
                60.95057999999999,
                240.7293,
                239.38121999999998,
                0.8056978333333333
            ],
            "personID": 1,
            "keypoints": [
                [
                    210.797,
                    80.7164,
                    0.863996
                ],
                [
                    205.906,
                    97.3377,
                    0.918191
                ],
                [
                    192.276,
                    99.3307,
                    0.872438
                ],
                [
                    191.193,
                    126.695,
                    0.857795
                ],
                [
                    197.129,
                    146.237,
                    0.813332
                ],
                [
                    215.701,
                    93.4412,
                    0.898065
                ],
                [
                    222.549,
                    116.892,
                    0.606475
                ],
                [
                    229.371,
                    137.448,
                    0.336314
                ],
                [
                    214.683,
                    145.265,
                    0.830915
                ],
                [
                    206.895,
                    146.263,
                    0.821105
                ],
                [
                    214.709,
                    182.438,
                    0.878167
                ],
                [
                    214.731,
                    215.706,
                    0.896123
                ],
                [
                    221.574,
                    144.273,
                    0.798231
                ],
                [
                    222.534,
                    177.57,
                    0.821692
                ],
                [
                    222.57,
                    206.922,
                    0.903387
                ],
                [
                    206.93,
                    76.7872,
                    0.918055
                ],
                [
                    213.719,
                    75.8198,
                    0.863564
                ],
                [
                    200.024,
                    79.7408,
                    0.898606
                ],
                [
                    0.0,
                    0.0,
                    0.0
                ],
                [
                    236.226,
                    212.763,
                    0.768659
                ],
                [
                    235.25,
                    208.854,
                    0.762692
                ],
                [
                    221.574,
                    208.898,
                    0.678976
                ],
                [
                    222.569,
                    223.546,
                    0.802815
                ],
                [
                    216.682,
                    224.512,
                    0.76947
                ],
                [
                    213.743,
                    218.65,
                    0.757685
                ]
            ],
            "isKeyframe": false
        },
        {
            "bbox": [
                483.07689999999997,
                106.7877,
                585.1741000000001,
                380.37929999999994,
                0.6347627823529413
            ],
            "personID": 2,
            "keypoints": [
                [
                    0.0,
                    0.0,
                    0.0
                ],
                [
                    544.364,
                    184.416,
                    0.891137
                ],
                [
                    575.686,
                    185.387,
                    0.806972
                ],
                [
                    576.666,
                    234.301,
                    0.807967
                ],
                [
                    567.88,
                    268.51,
                    0.84485
                ],
                [
                    513.043,
                    183.408,
                    0.812308
                ],
                [
                    497.45,
                    230.41,
                    0.842304
                ],
                [
                    491.585,
                    267.526,
                    0.797753
                ],
                [
                    527.789,
                    272.458,
                    0.651003
                ],
                [
                    544.367,
                    276.33,
                    0.636427
                ],
                [
                    535.541,
                    325.228,
                    0.826554
                ],
                [
                    527.771,
                    357.58,
                    0.0740205
                ],
                [
                    512.076,
                    270.498,
                    0.617511
                ],
                [
                    503.284,
                    324.27,
                    0.825565
                ],
                [
                    493.505,
                    357.58,
                    0.0613538
                ],
                [
                    0.0,
                    0.0,
                    0.0
                ],
                [
                    524.819,
                    129.587,
                    0.093909
                ],
                [
                    561.991,
                    137.485,
                    0.364225
                ],
                [
                    530.676,
                    136.512,
                    0.837108
                ],
                [
                    0.0,
                    0.0,
                    0.0
                ],
                [
                    0.0,
                    0.0,
                    0.0
                ],
                [
                    0.0,
                    0.0,
                    0.0
                ],
                [
                    0.0,
                    0.0,
                    0.0
                ],
                [
                    0.0,
                    0.0,
                    0.0
                ],
                [
                    0.0,
                    0.0,
                    0.0
                ]
            ],
            "isKeyframe": false
        },
        {
            "bbox": [
                50.00249,
                164.5625,
                136.89941,
                355.84850000000006,
                0.6596620769230768
            ],
            "personID": 3,
            "keypoints": [
                [
                    74.8026,
                    183.423,
                    0.87175
                ],
                [
                    66.0423,
                    223.534,
                    0.748441
                ],
                [
                    67.0641,
                    232.364,
                    0.726951
                ],
                [
                    106.126,
                    255.807,
                    0.862957
                ],
                [
                    98.2877,
                    235.274,
                    0.71338
                ],
                [
                    65.0497,
                    212.782,
                    0.520701
                ],
                [
                    0.0,
                    0.0,
                    0.0
                ],
                [
                    0.0,
                    0.0,
                    0.0
                ],
                [
                    106.117,
                    293.986,
                    0.475878
                ],
                [
                    106.185,
                    294.939,
                    0.607984
                ],
                [
                    129.658,
                    339.908,
                    0.584694
                ],
                [
                    0.0,
                    0.0,
                    0.0
                ],
                [
                    104.182,
                    293.981,
                    0.339122
                ],
                [
                    122.777,
                    336.989,
                    0.381068
                ],
                [
                    0.0,
                    0.0,
                    0.0
                ],
                [
                    68.0124,
                    180.503,
                    0.83339
                ],
                [
                    0.0,
                    0.0,
                    0.0
                ],
                [
                    57.2439,
                    191.238,
                    0.909291
                ],
                [
                    0.0,
                    0.0,
                    0.0
                ],
                [
                    0.0,
                    0.0,
                    0.0
                ],
                [
                    0.0,
                    0.0,
                    0.0
                ],
                [
                    0.0,
                    0.0,
                    0.0
                ],
                [
                    0.0,
                    0.0,
                    0.0
                ],
                [
                    0.0,
                    0.0,
                    0.0
                ],
                [
                    0.0,
                    0.0,
                    0.0
                ]
            ],
            "isKeyframe": false
        }
    ],
    "isKeyframe": false
}