{
    "filename": "images/1/003010.jpg",
    "height": 360,
    "width": 640,
    "annots": [
        {
            "bbox": [
                284.62219999999996,
                143.84449999999998,
                396.20779999999996,
                336.4265,
                0.8327108333333332
            ],
            "personID": 0,
            "keypoints": [
                [
                    316.426,
                    172.667,
                    0.877569
                ],
                [
                    325.299,
                    176.602,
                    0.932186
                ],
                [
                    306.666,
                    180.501,
                    0.808586
                ],
                [
                    293.921,
                    199.091,
                    0.925525
                ],
                [
                    300.778,
                    214.748,
                    0.854048
                ],
                [
                    346.788,
                    174.616,
                    0.818963
                ],
                [
                    372.195,
                    180.472,
                    0.867541
                ],
                [
                    371.257,
                    201.998,
                    0.834958
                ],
                [
                    337.977,
                    230.405,
                    0.836605
                ],
                [
                    324.301,
                    232.333,
                    0.852298
                ],
                [
                    316.498,
                    261.679,
                    0.9261
                ],
                [
                    326.242,
                    308.67,
                    0.852195
                ],
                [
                    348.797,
                    229.393,
                    0.83447
                ],
                [
                    363.41,
                    253.858,
                    0.940346
                ],
                [
                    376.145,
                    300.777,
                    0.79759
                ],
                [
                    310.584,
                    168.707,
                    0.885568
                ],
                [
                    318.416,
                    167.772,
                    0.920964
                ],
                [
                    0.0,
                    0.0,
                    0.0
                ],
                [
                    330.169,
                    159.893,
                    0.840438
                ],
                [
                    381.033,
                    309.607,
                    0.755676
                ],
                [
                    386.909,
                    307.662,
                    0.782117
                ],
                [
                    372.259,
                    304.728,
                    0.695725
                ],
                [
                    325.259,
                    320.378,
                    0.694997
                ],
                [
                    319.385,
                    319.404,
                    0.706501
                ],
                [
                    332.123,
                    311.555,
                    0.744094
                ]
            ],
            "isKeyframe": false
        },
        {
            "bbox": [
                186.68700000000004,
                62.03012,
                240.759,
                239.29507999999998,
                0.7976166666666665
            ],
            "personID": 1,
            "keypoints": [
                [
                    210.824,
                    81.6733,
                    0.87496
                ],
                [
                    205.898,
                    97.3484,
                    0.913567
                ],
                [
                    192.277,
                    100.276,
                    0.863799
                ],
                [
                    191.193,
                    126.687,
                    0.858771
                ],
                [
                    197.096,
                    146.24,
                    0.82432
                ],
                [
                    215.696,
                    93.4451,
                    0.901467
                ],
                [
                    222.525,
                    114.98,
                    0.604828
                ],
                [
                    227.45,
                    136.482,
                    0.28973
                ],
                [
                    214.693,
                    145.258,
                    0.838007
                ],
                [
                    206.904,
                    146.254,
                    0.822839
                ],
                [
                    214.763,
                    181.458,
                    0.854623
                ],
                [
                    214.738,
                    215.739,
                    0.876078
                ],
                [
                    221.581,
                    144.263,
                    0.799586
                ],
                [
                    222.565,
                    177.542,
                    0.819302
                ],
                [
                    223.491,
                    206.91,
                    0.900782
                ],
                [
                    207.842,
                    77.7892,
                    0.893859
                ],
                [
                    213.742,
                    76.8022,
                    0.818064
                ],
                [
                    200.033,
                    79.7499,
                    0.880928
                ],
                [
                    0.0,
                    0.0,
                    0.0
                ],
                [
                    236.253,
                    211.808,
                    0.783214
                ],
                [
                    236.228,
                    207.934,
                    0.769115
                ],
                [
                    222.509,
                    208.884,
                    0.67645
                ],
                [
                    223.534,
                    223.539,
                    0.789601
                ],
                [
                    217.681,
                    224.523,
                    0.734532
                ],
                [
                    213.723,
                    220.586,
                    0.754378
                ]
            ],
            "isKeyframe": false
        },
        {
            "bbox": [
                50.011770000000006,
                165.6913,
                136.90293,
                354.7117,
                0.6263489357142857
            ],
            "personID": 2,
            "keypoints": [
                [
                    72.9047,
                    183.429,
                    0.847243
                ],
                [
                    66.0413,
                    223.533,
                    0.752716
                ],
                [
                    67.9918,
                    232.371,
                    0.728698
                ],
                [
                    106.136,
                    255.82,
                    0.857604
                ],
                [
                    98.2793,
                    236.228,
                    0.736539
                ],
                [
                    65.0494,
                    212.753,
                    0.550406
                ],
                [
                    89.5211,
                    245.051,
                    0.0570421
                ],
                [
                    0.0,
                    0.0,
                    0.0
                ],
                [
                    105.193,
                    293.991,
                    0.493393
                ],
                [
                    107.114,
                    294.94,
                    0.608738
                ],
                [
                    129.662,
                    338.96,
                    0.591213
                ],
                [
                    0.0,
                    0.0,
                    0.0
                ],
                [
                    103.201,
                    294.939,
                    0.35546
                ],
                [
                    121.818,
                    336.015,
                    0.410281
                ],
                [
                    0.0,
                    0.0,
                    0.0
                ],
                [
                    67.0111,
                    181.443,
                    0.86199
                ],
                [
                    0.0,
                    0.0,
                    0.0
                ],
                [
                    57.2527,
                    191.252,
                    0.917562
                ],
                [
                    0.0,
                    0.0,
                    0.0
                ],
                [
                    0.0,
                    0.0,
                    0.0
                ],
                [
                    0.0,
                    0.0,
                    0.0
                ],
                [
                    0.0,
                    0.0,
                    0.0
                ],
                [
                    0.0,
                    0.0,
                    0.0
                ],
                [
                    0.0,
                    0.0,
                    0.0
                ],
                [
                    0.0,
                    0.0,
                    0.0
                ]
            ],
            "isKeyframe": false
        },
        {
            "bbox": [
                481.09279999999995,
                106.87900000000002,
                583.2391999999999,
                380.371,
                0.6416605999999999
            ],
            "personID": 3,
            "keypoints": [
                [
                    0.0,
                    0.0,
                    0.0
                ],
                [
                    541.458,
                    184.395,
                    0.860114
                ],
                [
                    573.722,
                    184.4,
                    0.808197
                ],
                [
                    574.727,
                    236.227,
                    0.820769
                ],
                [
                    566.86,
                    267.548,
                    0.845421
                ],
                [
                    509.159,
                    183.456,
                    0.784173
                ],
                [
                    495.481,
                    235.278,
                    0.78498
                ],
                [
                    489.605,
                    269.509,
                    0.870602
                ],
                [
                    526.75,
                    275.38,
                    0.623087
                ],
                [
                    543.36,
                    277.343,
                    0.615425
                ],
                [
                    534.613,
                    325.251,
                    0.82405
                ],
                [
                    527.771,
                    357.58,
                    0.0686563
                ],
                [
                    509.167,
                    271.483,
                    0.582906
                ],
                [
                    502.302,
                    324.287,
                    0.819038
                ],
                [
                    493.52,
                    357.58,
                    0.0764059
                ],
                [
                    0.0,
                    0.0,
                    0.0
                ],
                [
                    520.859,
                    129.67,
                    0.157128
                ],
                [
                    559.033,
                    137.484,
                    0.483986
                ],
                [
                    527.707,
                    137.435,
                    0.883292
                ],
                [
                    0.0,
                    0.0,
                    0.0
                ],
                [
                    0.0,
                    0.0,
                    0.0
                ],
                [
                    0.0,
                    0.0,
                    0.0
                ],
                [
                    0.0,
                    0.0,
                    0.0
                ],
                [
                    0.0,
                    0.0,
                    0.0
                ],
                [
                    0.0,
                    0.0,
                    0.0
                ]
            ],
            "isKeyframe": false
        }
    ],
    "isKeyframe": false
}