{
    "filename": "images/1/002995.jpg",
    "height": 360,
    "width": 640,
    "annots": [
        {
            "bbox": [
                285.6611,
                135.63549999999998,
                385.42789999999997,
                345.6895,
                0.78247084
            ],
            "personID": 0,
            "keypoints": [
                [
                    324.29,
                    159.985,
                    0.954799
                ],
                [
                    332.152,
                    176.557,
                    0.953547
                ],
                [
                    313.508,
                    176.601,
                    0.86333
                ],
                [
                    302.781,
                    201.02,
                    0.831628
                ],
                [
                    299.847,
                    214.748,
                    0.848802
                ],
                [
                    351.667,
                    175.593,
                    0.849137
                ],
                [
                    377.114,
                    187.344,
                    0.814839
                ],
                [
                    369.266,
                    206.861,
                    0.823753
                ],
                [
                    333.11,
                    230.41,
                    0.863064
                ],
                [
                    319.417,
                    231.353,
                    0.804975
                ],
                [
                    310.575,
                    269.483,
                    0.87697
                ],
                [
                    300.849,
                    317.43,
                    0.880207
                ],
                [
                    347.744,
                    230.394,
                    0.844911
                ],
                [
                    348.784,
                    261.677,
                    0.902865
                ],
                [
                    353.62,
                    312.537,
                    0.759559
                ],
                [
                    319.389,
                    156.023,
                    0.850393
                ],
                [
                    328.216,
                    155.054,
                    0.840477
                ],
                [
                    316.427,
                    155.08,
                    0.128867
                ],
                [
                    338.952,
                    153.14,
                    0.906231
                ],
                [
                    353.618,
                    320.39,
                    0.589187
                ],
                [
                    359.494,
                    319.41,
                    0.650688
                ],
                [
                    349.719,
                    317.464,
                    0.593822
                ],
                [
                    300.835,
                    328.185,
                    0.724124
                ],
                [
                    293.975,
                    325.283,
                    0.748983
                ],
                [
                    301.817,
                    320.392,
                    0.656613
                ]
            ],
            "isKeyframe": false
        },
        {
            "bbox": [
                185.68090000000004,
                63.217699999999994,
                240.8221,
                238.14530000000002,
                0.7942987083333333
            ],
            "personID": 1,
            "keypoints": [
                [
                    210.799,
                    81.7111,
                    0.887317
                ],
                [
                    204.941,
                    97.3348,
                    0.90015
                ],
                [
                    192.263,
                    100.269,
                    0.868996
                ],
                [
                    190.276,
                    126.684,
                    0.849786
                ],
                [
                    195.183,
                    145.311,
                    0.823098
                ],
                [
                    214.772,
                    92.4755,
                    0.908933
                ],
                [
                    221.574,
                    114.954,
                    0.521954
                ],
                [
                    227.446,
                    136.459,
                    0.200054
                ],
                [
                    213.76,
                    145.264,
                    0.815727
                ],
                [
                    206.878,
                    146.257,
                    0.804343
                ],
                [
                    214.684,
                    182.417,
                    0.862201
                ],
                [
                    214.728,
                    214.756,
                    0.902042
                ],
                [
                    221.542,
                    144.278,
                    0.778788
                ],
                [
                    222.525,
                    177.55,
                    0.830328
                ],
                [
                    222.562,
                    206.916,
                    0.907611
                ],
                [
                    207.841,
                    78.7662,
                    0.902317
                ],
                [
                    213.725,
                    77.795,
                    0.805095
                ],
                [
                    200.015,
                    79.7447,
                    0.899999
                ],
                [
                    0.0,
                    0.0,
                    0.0
                ],
                [
                    236.227,
                    212.761,
                    0.762938
                ],
                [
                    235.251,
                    208.853,
                    0.766454
                ],
                [
                    221.576,
                    208.898,
                    0.681225
                ],
                [
                    222.547,
                    223.526,
                    0.827656
                ],
                [
                    215.74,
                    223.568,
                    0.797219
                ],
                [
                    213.751,
                    217.645,
                    0.758938
                ]
            ],
            "isKeyframe": false
        },
        {
            "bbox": [
                50.14294999999999,
                163.83530000000002,
                146.44955000000002,
                375.1877,
                0.5984135133333335
            ],
            "personID": 2,
            "keypoints": [
                [
                    73.8888,
                    183.446,
                    0.892892
                ],
                [
                    66.06,
                    223.529,
                    0.750447
                ],
                [
                    68.0315,
                    232.336,
                    0.720164
                ],
                [
                    106.137,
                    255.816,
                    0.851938
                ],
                [
                    98.3177,
                    237.201,
                    0.710987
                ],
                [
                    65.0494,
                    213.728,
                    0.51122
                ],
                [
                    0.0,
                    0.0,
                    0.0
                ],
                [
                    0.0,
                    0.0,
                    0.0
                ],
                [
                    105.124,
                    293.006,
                    0.528847
                ],
                [
                    106.151,
                    293.002,
                    0.636108
                ],
                [
                    129.657,
                    335.037,
                    0.604747
                ],
                [
                    138.424,
                    357.575,
                    0.0615663
                ],
                [
                    100.27,
                    293.94,
                    0.406844
                ],
                [
                    120.812,
                    333.089,
                    0.465339
                ],
                [
                    130.609,
                    357.574,
                    0.0726094
                ],
                [
                    67.9974,
                    181.448,
                    0.844363
                ],
                [
                    0.0,
                    0.0,
                    0.0
                ],
                [
                    58.1685,
                    191.216,
                    0.918131
                ],
                [
                    0.0,
                    0.0,
                    0.0
                ],
                [
                    0.0,
                    0.0,
                    0.0
                ],
                [
                    0.0,
                    0.0,
                    0.0
                ],
                [
                    0.0,
                    0.0,
                    0.0
                ],
                [
                    0.0,
                    0.0,
                    0.0
                ],
                [
                    0.0,
                    0.0,
                    0.0
                ],
                [
                    0.0,
                    0.0,
                    0.0
                ]
            ],
            "isKeyframe": false
        },
        {
            "bbox": [
                489.2288,
                115.41500000000002,
                587.8231999999999,
                379.59499999999997,
                0.7143499733333332
            ],
            "personID": 3,
            "keypoints": [
                [
                    0.0,
                    0.0,
                    0.0
                ],
                [
                    550.209,
                    183.459,
                    0.852258
                ],
                [
                    579.607,
                    185.385,
                    0.777419
                ],
                [
                    579.589,
                    239.158,
                    0.822155
                ],
                [
                    567.884,
                    271.449,
                    0.883771
                ],
                [
                    518.918,
                    181.459,
                    0.754613
                ],
                [
                    502.323,
                    229.391,
                    0.796009
                ],
                [
                    497.445,
                    261.685,
                    0.824304
                ],
                [
                    529.696,
                    274.404,
                    0.612823
                ],
                [
                    546.336,
                    277.345,
                    0.599504
                ],
                [
                    535.565,
                    325.231,
                    0.817229
                ],
                [
                    528.731,
                    357.58,
                    0.0901426
                ],
                [
                    513.069,
                    270.5,
                    0.597807
                ],
                [
                    504.252,
                    324.307,
                    0.852196
                ],
                [
                    0.0,
                    0.0,
                    0.0
                ],
                [
                    0.0,
                    0.0,
                    0.0
                ],
                [
                    0.0,
                    0.0,
                    0.0
                ],
                [
                    567.845,
                    137.43,
                    0.537778
                ],
                [
                    536.548,
                    137.439,
                    0.897241
                ],
                [
                    0.0,
                    0.0,
                    0.0
                ],
                [
                    0.0,
                    0.0,
                    0.0
                ],
                [
                    0.0,
                    0.0,
                    0.0
                ],
                [
                    0.0,
                    0.0,
                    0.0
                ],
                [
                    0.0,
                    0.0,
                    0.0
                ],
                [
                    0.0,
                    0.0,
                    0.0
                ]
            ],
            "isKeyframe": false
        }
    ],
    "isKeyframe": false
}