{
    "filename": "images/1/002993.jpg",
    "height": 360,
    "width": 640,
    "annots": [
        {
            "bbox": [
                282.4109,
                135.18720000000002,
                385.7321,
                349.9608,
                0.7899716400000001
            ],
            "personID": 0,
            "keypoints": [
                [
                    325.242,
                    158.943,
                    0.919171
                ],
                [
                    333.092,
                    176.539,
                    0.9516
                ],
                [
                    315.448,
                    176.56,
                    0.88839
                ],
                [
                    304.714,
                    201.021,
                    0.801861
                ],
                [
                    299.826,
                    214.762,
                    0.827899
                ],
                [
                    352.654,
                    175.606,
                    0.84808
                ],
                [
                    377.122,
                    189.283,
                    0.814593
                ],
                [
                    367.338,
                    206.933,
                    0.810924
                ],
                [
                    333.057,
                    230.401,
                    0.871255
                ],
                [
                    318.449,
                    231.336,
                    0.818875
                ],
                [
                    309.623,
                    268.52,
                    0.875861
                ],
                [
                    298.852,
                    317.46,
                    0.814784
                ],
                [
                    346.756,
                    230.39,
                    0.807023
                ],
                [
                    348.697,
                    261.699,
                    0.91463
                ],
                [
                    348.747,
                    313.518,
                    0.801309
                ],
                [
                    322.304,
                    153.111,
                    0.906006
                ],
                [
                    331.106,
                    153.091,
                    0.918446
                ],
                [
                    317.397,
                    153.134,
                    0.214011
                ],
                [
                    339.938,
                    153.085,
                    0.94797
                ],
                [
                    347.735,
                    320.379,
                    0.648066
                ],
                [
                    354.596,
                    321.339,
                    0.68347
                ],
                [
                    347.777,
                    317.44,
                    0.618758
                ],
                [
                    296.886,
                    332.063,
                    0.702725
                ],
                [
                    291.021,
                    327.218,
                    0.668089
                ],
                [
                    299.835,
                    322.334,
                    0.675495
                ]
            ],
            "isKeyframe": false
        },
        {
            "bbox": [
                185.68460000000002,
                62.14553000000001,
                240.8414,
                238.24277,
                0.7942154166666667
            ],
            "personID": 1,
            "keypoints": [
                [
                    209.86,
                    81.6819,
                    0.888112
                ],
                [
                    204.94,
                    97.3357,
                    0.901045
                ],
                [
                    192.264,
                    100.274,
                    0.866242
                ],
                [
                    190.281,
                    127.626,
                    0.857312
                ],
                [
                    196.126,
                    145.322,
                    0.818889
                ],
                [
                    214.77,
                    92.4684,
                    0.913853
                ],
                [
                    221.568,
                    114.942,
                    0.540007
                ],
                [
                    226.465,
                    135.485,
                    0.190505
                ],
                [
                    213.761,
                    145.265,
                    0.816576
                ],
                [
                    206.881,
                    146.262,
                    0.805041
                ],
                [
                    214.695,
                    181.482,
                    0.86033
                ],
                [
                    214.724,
                    214.751,
                    0.895698
                ],
                [
                    221.54,
                    144.275,
                    0.778106
                ],
                [
                    222.536,
                    176.616,
                    0.838699
                ],
                [
                    222.577,
                    206.909,
                    0.90594
                ],
                [
                    206.938,
                    78.743,
                    0.897696
                ],
                [
                    213.71,
                    76.8203,
                    0.800721
                ],
                [
                    200.009,
                    80.695,
                    0.902275
                ],
                [
                    0.0,
                    0.0,
                    0.0
                ],
                [
                    236.245,
                    212.767,
                    0.766933
                ],
                [
                    235.275,
                    208.852,
                    0.771186
                ],
                [
                    221.586,
                    208.895,
                    0.690717
                ],
                [
                    222.55,
                    223.526,
                    0.817899
                ],
                [
                    215.744,
                    223.568,
                    0.787875
                ],
                [
                    213.743,
                    217.646,
                    0.749513
                ]
            ],
            "isKeyframe": false
        },
        {
            "bbox": [
                50.04497,
                163.84750000000003,
                147.51773,
                375.1855,
                0.6002059200000001
            ],
            "personID": 2,
            "keypoints": [
                [
                    73.8841,
                    183.449,
                    0.90011
                ],
                [
                    66.0604,
                    223.527,
                    0.751736
                ],
                [
                    68.0204,
                    232.329,
                    0.73096
                ],
                [
                    106.134,
                    255.801,
                    0.851454
                ],
                [
                    98.3205,
                    236.243,
                    0.690169
                ],
                [
                    65.066,
                    213.748,
                    0.531502
                ],
                [
                    0.0,
                    0.0,
                    0.0
                ],
                [
                    0.0,
                    0.0,
                    0.0
                ],
                [
                    105.148,
                    293.939,
                    0.534727
                ],
                [
                    106.168,
                    293.935,
                    0.636326
                ],
                [
                    129.656,
                    335.032,
                    0.613845
                ],
                [
                    139.395,
                    357.574,
                    0.0508921
                ],
                [
                    100.294,
                    293.946,
                    0.406342
                ],
                [
                    120.821,
                    333.102,
                    0.472194
                ],
                [
                    130.63,
                    357.574,
                    0.0581217
                ],
                [
                    67.987,
                    181.459,
                    0.855406
                ],
                [
                    0.0,
                    0.0,
                    0.0
                ],
                [
                    58.1677,
                    191.22,
                    0.919304
                ],
                [
                    0.0,
                    0.0,
                    0.0
                ],
                [
                    0.0,
                    0.0,
                    0.0
                ],
                [
                    0.0,
                    0.0,
                    0.0
                ],
                [
                    0.0,
                    0.0,
                    0.0
                ],
                [
                    0.0,
                    0.0,
                    0.0
                ],
                [
                    0.0,
                    0.0,
                    0.0
                ],
                [
                    0.0,
                    0.0,
                    0.0
                ]
            ],
            "isKeyframe": false
        },
        {
            "bbox": [
                485.8865,
                115.3974,
                589.1885000000001,
                379.59659999999997,
                0.66303666875
            ],
            "personID": 3,
            "keypoints": [
                [
                    0.0,
                    0.0,
                    0.0
                ],
                [
                    550.262,
                    183.45,
                    0.871959
                ],
                [
                    580.578,
                    185.376,
                    0.783804
                ],
                [
                    580.58,
                    239.185,
                    0.825655
                ],
                [
                    567.888,
                    274.397,
                    0.853382
                ],
                [
                    519.904,
                    181.446,
                    0.785631
                ],
                [
                    503.27,
                    231.398,
                    0.790697
                ],
                [
                    501.335,
                    259.719,
                    0.758022
                ],
                [
                    530.692,
                    274.398,
                    0.599226
                ],
                [
                    547.325,
                    277.339,
                    0.603215
                ],
                [
                    535.58,
                    324.283,
                    0.82905
                ],
                [
                    528.768,
                    357.58,
                    0.113911
                ],
                [
                    514.046,
                    270.498,
                    0.590371
                ],
                [
                    504.275,
                    324.288,
                    0.851504
                ],
                [
                    494.495,
                    357.58,
                    0.0619337
                ],
                [
                    0.0,
                    0.0,
                    0.0
                ],
                [
                    0.0,
                    0.0,
                    0.0
                ],
                [
                    567.832,
                    137.473,
                    0.425375
                ],
                [
                    537.534,
                    137.414,
                    0.864851
                ],
                [
                    0.0,
                    0.0,
                    0.0
                ],
                [
                    0.0,
                    0.0,
                    0.0
                ],
                [
                    0.0,
                    0.0,
                    0.0
                ],
                [
                    0.0,
                    0.0,
                    0.0
                ],
                [
                    0.0,
                    0.0,
                    0.0
                ],
                [
                    0.0,
                    0.0,
                    0.0
                ]
            ],
            "isKeyframe": false
        }
    ],
    "isKeyframe": false
}