{
    "filename": "images/1/003048.jpg",
    "height": 360,
    "width": 640,
    "annots": [
        {
            "bbox": [
                292.2373,
                161.4516,
                418.96569999999997,
                330.53640000000007,
                0.7903382608695652
            ],
            "personID": 0,
            "keypoints": [
                [
                    388.83,
                    183.377,
                    0.864122
                ],
                [
                    355.575,
                    187.326,
                    0.800748
                ],
                [
                    340.883,
                    191.228,
                    0.791222
                ],
                [
                    312.53,
                    200.012,
                    0.800838
                ],
                [
                    302.798,
                    214.765,
                    0.853022
                ],
                [
                    371.198,
                    184.383,
                    0.681156
                ],
                [
                    370.228,
                    193.216,
                    0.526659
                ],
                [
                    371.283,
                    206.914,
                    0.817835
                ],
                [
                    345.801,
                    232.332,
                    0.75597
                ],
                [
                    332.094,
                    238.203,
                    0.786498
                ],
                [
                    348.702,
                    278.289,
                    0.894346
                ],
                [
                    332.068,
                    298.86,
                    0.837674
                ],
                [
                    357.539,
                    228.424,
                    0.749994
                ],
                [
                    388.879,
                    254.851,
                    0.873467
                ],
                [
                    388.835,
                    279.274,
                    0.849478
                ],
                [
                    387.825,
                    176.606,
                    0.930773
                ],
                [
                    0.0,
                    0.0,
                    0.0
                ],
                [
                    373.213,
                    175.542,
                    0.882776
                ],
                [
                    0.0,
                    0.0,
                    0.0
                ],
                [
                    408.405,
                    285.132,
                    0.80529
                ],
                [
                    406.45,
                    282.209,
                    0.706994
                ],
                [
                    384.935,
                    283.215,
                    0.710108
                ],
                [
                    335.053,
                    316.446,
                    0.795956
                ],
                [
                    330.138,
                    313.53,
                    0.746926
                ],
                [
                    327.234,
                    296.892,
                    0.715928
                ]
            ],
            "isKeyframe": false
        },
        {
            "bbox": [
                181.3936,
                66.68823000000002,
                241.24239999999998,
                246.31707,
                0.7990530833333335
            ],
            "personID": 1,
            "keypoints": [
                [
                    216.714,
                    83.6509,
                    0.845018
                ],
                [
                    206.941,
                    98.3632,
                    0.950569
                ],
                [
                    193.208,
                    100.275,
                    0.855479
                ],
                [
                    186.381,
                    126.676,
                    0.808502
                ],
                [
                    192.22,
                    145.312,
                    0.820503
                ],
                [
                    221.54,
                    97.3874,
                    0.92561
                ],
                [
                    222.592,
                    120.814,
                    0.68994
                ],
                [
                    224.533,
                    141.351,
                    0.141351
                ],
                [
                    207.914,
                    149.173,
                    0.80236
                ],
                [
                    200.075,
                    150.173,
                    0.806297
                ],
                [
                    207.86,
                    184.448,
                    0.900887
                ],
                [
                    214.686,
                    219.624,
                    0.837697
                ],
                [
                    215.756,
                    146.285,
                    0.795038
                ],
                [
                    221.559,
                    178.558,
                    0.819445
                ],
                [
                    222.583,
                    206.934,
                    0.916904
                ],
                [
                    214.734,
                    81.6673,
                    0.893868
                ],
                [
                    219.602,
                    81.6573,
                    0.719512
                ],
                [
                    205.933,
                    81.6622,
                    0.899352
                ],
                [
                    0.0,
                    0.0,
                    0.0
                ],
                [
                    236.238,
                    212.773,
                    0.770592
                ],
                [
                    236.255,
                    208.857,
                    0.790784
                ],
                [
                    221.542,
                    209.842,
                    0.778741
                ],
                [
                    218.644,
                    231.348,
                    0.807594
                ],
                [
                    213.731,
                    231.331,
                    0.820103
                ],
                [
                    214.725,
                    222.528,
                    0.781128
                ]
            ],
            "isKeyframe": false
        },
        {
            "bbox": [
                48.030840000000005,
                166.04080000000002,
                146.64156,
                374.98720000000003,
                0.5584628
            ],
            "personID": 2,
            "keypoints": [
                [
                    71.9181,
                    185.369,
                    0.818936
                ],
                [
                    66.0306,
                    223.529,
                    0.76235
                ],
                [
                    68.0002,
                    232.354,
                    0.732689
                ],
                [
                    106.151,
                    255.849,
                    0.844058
                ],
                [
                    98.2876,
                    235.261,
                    0.707132
                ],
                [
                    65.0302,
                    212.772,
                    0.537347
                ],
                [
                    91.4715,
                    237.225,
                    0.0641479
                ],
                [
                    0.0,
                    0.0,
                    0.0
                ],
                [
                    105.143,
                    293.957,
                    0.532663
                ],
                [
                    107.11,
                    293.952,
                    0.624506
                ],
                [
                    129.654,
                    337.979,
                    0.574761
                ],
                [
                    138.424,
                    357.574,
                    0.0623099
                ],
                [
                    99.3231,
                    293.966,
                    0.419735
                ],
                [
                    120.823,
                    333.099,
                    0.417487
                ],
                [
                    130.616,
                    357.575,
                    0.073662
                ],
                [
                    66.0685,
                    183.453,
                    0.915027
                ],
                [
                    0.0,
                    0.0,
                    0.0
                ],
                [
                    56.2484,
                    193.23,
                    0.848594
                ],
                [
                    0.0,
                    0.0,
                    0.0
                ],
                [
                    0.0,
                    0.0,
                    0.0
                ],
                [
                    0.0,
                    0.0,
                    0.0
                ],
                [
                    0.0,
                    0.0,
                    0.0
                ],
                [
                    0.0,
                    0.0,
                    0.0
                ],
                [
                    0.0,
                    0.0,
                    0.0
                ],
                [
                    0.0,
                    0.0,
                    0.0
                ]
            ],
            "isKeyframe": false
        },
        {
            "bbox": [
                479.6219,
                116.51820000000001,
                575.8391,
                379.49580000000003,
                0.6734476125
            ],
            "personID": 3,
            "keypoints": [
                [
                    0.0,
                    0.0,
                    0.0
                ],
                [
                    528.751,
                    187.327,
                    0.847641
                ],
                [
                    561.026,
                    186.375,
                    0.772977
                ],
                [
                    567.821,
                    239.193,
                    0.830887
                ],
                [
                    560.055,
                    268.526,
                    0.830302
                ],
                [
                    496.476,
                    187.323,
                    0.801495
                ],
                [
                    487.64,
                    233.337,
                    0.794598
                ],
                [
                    488.633,
                    266.559,
                    0.805186
                ],
                [
                    519.92,
                    277.325,
                    0.652419
                ],
                [
                    536.556,
                    278.311,
                    0.621232
                ],
                [
                    529.727,
                    325.232,
                    0.792697
                ],
                [
                    528.681,
                    357.58,
                    0.0701996
                ],
                [
                    503.259,
                    275.38,
                    0.57483
                ],
                [
                    496.489,
                    324.309,
                    0.840581
                ],
                [
                    492.528,
                    357.581,
                    0.0545962
                ],
                [
                    0.0,
                    0.0,
                    0.0
                ],
                [
                    0.0,
                    0.0,
                    0.0
                ],
                [
                    551.214,
                    138.433,
                    0.626265
                ],
                [
                    513.078,
                    142.329,
                    0.859256
                ],
                [
                    0.0,
                    0.0,
                    0.0
                ],
                [
                    0.0,
                    0.0,
                    0.0
                ],
                [
                    0.0,
                    0.0,
                    0.0
                ],
                [
                    0.0,
                    0.0,
                    0.0
                ],
                [
                    0.0,
                    0.0,
                    0.0
                ],
                [
                    0.0,
                    0.0,
                    0.0
                ]
            ],
            "isKeyframe": false
        }
    ],
    "isKeyframe": false
}