{
    "filename": "images/1/003001.jpg",
    "height": 360,
    "width": 640,
    "annots": [
        {
            "bbox": [
                293.3252,
                139.11730000000003,
                382.6028,
                342.2377,
                0.8333658750000001
            ],
            "personID": 0,
            "keypoints": [
                [
                    319.394,
                    167.739,
                    0.899262
                ],
                [
                    331.103,
                    176.541,
                    0.911158
                ],
                [
                    309.613,
                    177.54,
                    0.906407
                ],
                [
                    300.765,
                    200.07,
                    0.858204
                ],
                [
                    300.774,
                    214.732,
                    0.831957
                ],
                [
                    348.745,
                    174.639,
                    0.869119
                ],
                [
                    375.163,
                    184.442,
                    0.852815
                ],
                [
                    371.236,
                    205.912,
                    0.843441
                ],
                [
                    334.075,
                    230.357,
                    0.839758
                ],
                [
                    322.343,
                    231.325,
                    0.829111
                ],
                [
                    311.555,
                    265.58,
                    0.812813
                ],
                [
                    316.405,
                    316.468,
                    0.850768
                ],
                [
                    347.798,
                    229.394,
                    0.829612
                ],
                [
                    355.574,
                    257.765,
                    0.853794
                ],
                [
                    363.446,
                    309.59,
                    0.839468
                ],
                [
                    316.454,
                    161.9,
                    0.906633
                ],
                [
                    324.282,
                    160.958,
                    0.955982
                ],
                [
                    0.0,
                    0.0,
                    0.0
                ],
                [
                    333.106,
                    156.044,
                    0.864698
                ],
                [
                    364.423,
                    317.492,
                    0.759398
                ],
                [
                    371.259,
                    317.412,
                    0.838191
                ],
                [
                    361.461,
                    314.521,
                    0.603722
                ],
                [
                    312.553,
                    325.311,
                    0.71684
                ],
                [
                    307.642,
                    324.312,
                    0.759033
                ],
                [
                    318.411,
                    320.36,
                    0.768597
                ]
            ],
            "isKeyframe": false
        },
        {
            "bbox": [
                185.6767,
                59.92850999999999,
                240.8323,
                239.46759,
                0.7890716666666666
            ],
            "personID": 1,
            "keypoints": [
                [
                    209.823,
                    80.683,
                    0.840404
                ],
                [
                    205.888,
                    97.3287,
                    0.90829
                ],
                [
                    192.26,
                    100.266,
                    0.872302
                ],
                [
                    190.273,
                    126.69,
                    0.852784
                ],
                [
                    196.138,
                    145.309,
                    0.824931
                ],
                [
                    215.686,
                    92.4522,
                    0.903689
                ],
                [
                    222.538,
                    114.0,
                    0.498891
                ],
                [
                    227.444,
                    136.467,
                    0.109963
                ],
                [
                    214.686,
                    145.275,
                    0.834342
                ],
                [
                    206.901,
                    146.276,
                    0.817826
                ],
                [
                    214.697,
                    182.446,
                    0.874675
                ],
                [
                    214.722,
                    215.692,
                    0.893093
                ],
                [
                    221.574,
                    144.282,
                    0.801803
                ],
                [
                    222.536,
                    177.566,
                    0.821529
                ],
                [
                    222.562,
                    206.921,
                    0.90242
                ],
                [
                    206.902,
                    75.8357,
                    0.902448
                ],
                [
                    212.764,
                    74.8901,
                    0.835489
                ],
                [
                    200.013,
                    79.7095,
                    0.880314
                ],
                [
                    0.0,
                    0.0,
                    0.0
                ],
                [
                    236.236,
                    212.759,
                    0.771333
                ],
                [
                    235.255,
                    208.852,
                    0.769122
                ],
                [
                    221.566,
                    209.825,
                    0.679626
                ],
                [
                    222.557,
                    223.545,
                    0.812857
                ],
                [
                    215.755,
                    224.506,
                    0.77953
                ],
                [
                    213.734,
                    218.632,
                    0.750059
                ]
            ],
            "isKeyframe": false
        },
        {
            "bbox": [
                50.01170000000001,
                165.6015,
                136.8953,
                355.7595,
                0.6657816153846153
            ],
            "personID": 2,
            "keypoints": [
                [
                    74.8008,
                    183.439,
                    0.878568
                ],
                [
                    66.0439,
                    223.544,
                    0.742715
                ],
                [
                    67.9822,
                    232.374,
                    0.727031
                ],
                [
                    106.132,
                    255.794,
                    0.874972
                ],
                [
                    98.3035,
                    236.235,
                    0.717892
                ],
                [
                    65.0553,
                    213.74,
                    0.522423
                ],
                [
                    0.0,
                    0.0,
                    0.0
                ],
                [
                    0.0,
                    0.0,
                    0.0
                ],
                [
                    106.116,
                    293.978,
                    0.486805
                ],
                [
                    106.178,
                    294.927,
                    0.614128
                ],
                [
                    129.655,
                    339.913,
                    0.597788
                ],
                [
                    0.0,
                    0.0,
                    0.0
                ],
                [
                    104.185,
                    293.973,
                    0.351449
                ],
                [
                    122.771,
                    336.998,
                    0.390827
                ],
                [
                    0.0,
                    0.0,
                    0.0
                ],
                [
                    68.0131,
                    181.448,
                    0.839383
                ],
                [
                    0.0,
                    0.0,
                    0.0
                ],
                [
                    57.252,
                    191.234,
                    0.91118
                ],
                [
                    0.0,
                    0.0,
                    0.0
                ],
                [
                    0.0,
                    0.0,
                    0.0
                ],
                [
                    0.0,
                    0.0,
                    0.0
                ],
                [
                    0.0,
                    0.0,
                    0.0
                ],
                [
                    0.0,
                    0.0,
                    0.0
                ],
                [
                    0.0,
                    0.0,
                    0.0
                ],
                [
                    0.0,
                    0.0,
                    0.0
                ]
            ],
            "isKeyframe": false
        },
        {
            "bbox": [
                486.27630000000005,
                115.41940000000002,
                584.9007,
                379.5946,
                0.68537635
            ],
            "personID": 3,
            "keypoints": [
                [
                    0.0,
                    0.0,
                    0.0
                ],
                [
                    544.387,
                    184.386,
                    0.892425
                ],
                [
                    575.698,
                    184.449,
                    0.806077
                ],
                [
                    576.682,
                    237.192,
                    0.828678
                ],
                [
                    567.871,
                    269.518,
                    0.883803
                ],
                [
                    513.087,
                    183.399,
                    0.819943
                ],
                [
                    498.391,
                    230.371,
                    0.83445
                ],
                [
                    494.495,
                    264.608,
                    0.803868
                ],
                [
                    527.788,
                    275.369,
                    0.644932
                ],
                [
                    544.377,
                    277.318,
                    0.632557
                ],
                [
                    535.528,
                    325.227,
                    0.824167
                ],
                [
                    527.78,
                    357.58,
                    0.143973
                ],
                [
                    512.083,
                    272.435,
                    0.606667
                ],
                [
                    503.293,
                    324.311,
                    0.835969
                ],
                [
                    494.506,
                    357.579,
                    0.0549676
                ],
                [
                    0.0,
                    0.0,
                    0.0
                ],
                [
                    0.0,
                    0.0,
                    0.0
                ],
                [
                    564.906,
                    137.476,
                    0.521345
                ],
                [
                    531.682,
                    137.434,
                    0.8322
                ],
                [
                    0.0,
                    0.0,
                    0.0
                ],
                [
                    0.0,
                    0.0,
                    0.0
                ],
                [
                    0.0,
                    0.0,
                    0.0
                ],
                [
                    0.0,
                    0.0,
                    0.0
                ],
                [
                    0.0,
                    0.0,
                    0.0
                ],
                [
                    0.0,
                    0.0,
                    0.0
                ]
            ],
            "isKeyframe": false
        }
    ],
    "isKeyframe": false
}