{
    "filename": "images/1/002986.jpg",
    "height": 360,
    "width": 640,
    "annots": [
        {
            "bbox": [
                276.92980000000006,
                132.43200000000002,
                387.2602,
                344.916,
                0.797778336
            ],
            "personID": 0,
            "keypoints": [
                [
                    328.198,
                    153.09,
                    0.908762
                ],
                [
                    336.015,
                    175.609,
                    0.898005
                ],
                [
                    318.4,
                    175.595,
                    0.905706
                ],
                [
                    310.61,
                    199.102,
                    0.857414
                ],
                [
                    301.76,
                    207.882,
                    0.884229
                ],
                [
                    354.588,
                    175.608,
                    0.875456
                ],
                [
                    378.066,
                    191.267,
                    0.89002
                ],
                [
                    364.407,
                    209.833,
                    0.833057
                ],
                [
                    332.081,
                    231.381,
                    0.844325
                ],
                [
                    317.484,
                    231.349,
                    0.840413
                ],
                [
                    304.721,
                    268.546,
                    0.836242
                ],
                [
                    293.956,
                    317.399,
                    0.87953
                ],
                [
                    341.93,
                    232.349,
                    0.778101
                ],
                [
                    340.878,
                    262.698,
                    0.894318
                ],
                [
                    336.015,
                    315.46,
                    0.780239
                ],
                [
                    324.328,
                    150.147,
                    0.899785
                ],
                [
                    333.072,
                    150.139,
                    0.895423
                ],
                [
                    322.311,
                    152.095,
                    0.0696954
                ],
                [
                    341.905,
                    152.139,
                    0.930448
                ],
                [
                    327.204,
                    321.354,
                    0.708748
                ],
                [
                    334.078,
                    323.315,
                    0.689166
                ],
                [
                    337.996,
                    317.483,
                    0.636127
                ],
                [
                    292.978,
                    327.209,
                    0.742029
                ],
                [
                    286.124,
                    325.224,
                    0.794483
                ],
                [
                    294.962,
                    320.387,
                    0.672737
                ]
            ],
            "isKeyframe": false
        },
        {
            "bbox": [
                186.604,
                62.137330000000006,
                241.792,
                238.24896999999999,
                0.7924847916666667
            ],
            "personID": 1,
            "keypoints": [
                [
                    209.859,
                    81.6793,
                    0.89678
                ],
                [
                    204.933,
                    97.3636,
                    0.903244
                ],
                [
                    192.268,
                    101.239,
                    0.858349
                ],
                [
                    191.203,
                    128.6,
                    0.903622
                ],
                [
                    196.124,
                    146.284,
                    0.808983
                ],
                [
                    214.746,
                    93.4293,
                    0.891675
                ],
                [
                    221.542,
                    114.951,
                    0.459492
                ],
                [
                    224.536,
                    135.488,
                    0.170058
                ],
                [
                    213.765,
                    145.269,
                    0.819378
                ],
                [
                    206.887,
                    146.271,
                    0.804854
                ],
                [
                    214.725,
                    181.459,
                    0.857152
                ],
                [
                    214.715,
                    215.678,
                    0.878202
                ],
                [
                    221.542,
                    144.279,
                    0.781096
                ],
                [
                    222.545,
                    177.54,
                    0.835333
                ],
                [
                    222.59,
                    206.893,
                    0.89822
                ],
                [
                    206.924,
                    78.7575,
                    0.904188
                ],
                [
                    213.71,
                    76.8133,
                    0.839659
                ],
                [
                    199.09,
                    81.6368,
                    0.920024
                ],
                [
                    0.0,
                    0.0,
                    0.0
                ],
                [
                    237.193,
                    212.746,
                    0.778629
                ],
                [
                    236.22,
                    208.844,
                    0.760032
                ],
                [
                    221.588,
                    208.875,
                    0.708921
                ],
                [
                    222.537,
                    223.529,
                    0.811219
                ],
                [
                    215.731,
                    223.573,
                    0.791876
                ],
                [
                    213.727,
                    217.676,
                    0.738649
                ]
            ],
            "isKeyframe": false
        },
        {
            "bbox": [
                50.050810000000006,
                163.8727,
                147.51828999999998,
                375.1843,
                0.6012111600000001
            ],
            "personID": 2,
            "keypoints": [
                [
                    74.8434,
                    184.367,
                    0.928757
                ],
                [
                    66.0673,
                    223.501,
                    0.760308
                ],
                [
                    68.0166,
                    231.39,
                    0.737557
                ],
                [
                    107.117,
                    254.873,
                    0.837927
                ],
                [
                    98.338,
                    237.233,
                    0.709051
                ],
                [
                    66.0104,
                    213.732,
                    0.525271
                ],
                [
                    0.0,
                    0.0,
                    0.0
                ],
                [
                    0.0,
                    0.0,
                    0.0
                ],
                [
                    105.129,
                    292.977,
                    0.51904
                ],
                [
                    106.159,
                    292.975,
                    0.628337
                ],
                [
                    129.648,
                    334.069,
                    0.614124
                ],
                [
                    139.396,
                    357.575,
                    0.0559247
                ],
                [
                    99.3206,
                    292.979,
                    0.402673
                ],
                [
                    120.827,
                    333.079,
                    0.461187
                ],
                [
                    130.621,
                    357.574,
                    0.0633667
                ],
                [
                    68.037,
                    181.482,
                    0.845781
                ],
                [
                    0.0,
                    0.0,
                    0.0
                ],
                [
                    58.1731,
                    191.228,
                    0.928863
                ],
                [
                    0.0,
                    0.0,
                    0.0
                ],
                [
                    0.0,
                    0.0,
                    0.0
                ],
                [
                    0.0,
                    0.0,
                    0.0
                ],
                [
                    0.0,
                    0.0,
                    0.0
                ],
                [
                    0.0,
                    0.0,
                    0.0
                ],
                [
                    0.0,
                    0.0,
                    0.0
                ],
                [
                    0.0,
                    0.0,
                    0.0
                ]
            ],
            "isKeyframe": false
        },
        {
            "bbox": [
                496.3791,
                114.33250000000001,
                591.4299,
                379.69450000000006,
                0.7077765333333333
            ],
            "personID": 3,
            "keypoints": [
                [
                    0.0,
                    0.0,
                    0.0
                ],
                [
                    552.209,
                    183.463,
                    0.891947
                ],
                [
                    583.509,
                    185.405,
                    0.795603
                ],
                [
                    582.475,
                    240.196,
                    0.813591
                ],
                [
                    568.819,
                    277.296,
                    0.871978
                ],
                [
                    520.947,
                    180.501,
                    0.782989
                ],
                [
                    505.303,
                    230.412,
                    0.850512
                ],
                [
                    511.092,
                    261.641,
                    0.573101
                ],
                [
                    534.589,
                    276.336,
                    0.617246
                ],
                [
                    551.207,
                    278.297,
                    0.623034
                ],
                [
                    536.593,
                    325.241,
                    0.841827
                ],
                [
                    528.777,
                    357.581,
                    0.094827
                ],
                [
                    517.955,
                    271.48,
                    0.56442
                ],
                [
                    504.3,
                    324.322,
                    0.872989
                ],
                [
                    0.0,
                    0.0,
                    0.0
                ],
                [
                    0.0,
                    0.0,
                    0.0
                ],
                [
                    0.0,
                    0.0,
                    0.0
                ],
                [
                    572.761,
                    137.471,
                    0.538469
                ],
                [
                    543.346,
                    136.446,
                    0.884115
                ],
                [
                    0.0,
                    0.0,
                    0.0
                ],
                [
                    0.0,
                    0.0,
                    0.0
                ],
                [
                    0.0,
                    0.0,
                    0.0
                ],
                [
                    0.0,
                    0.0,
                    0.0
                ],
                [
                    0.0,
                    0.0,
                    0.0
                ],
                [
                    0.0,
                    0.0,
                    0.0
                ]
            ],
            "isKeyframe": false
        }
    ],
    "isKeyframe": false
}