{
    "filename": "images/1/003032.jpg",
    "height": 360,
    "width": 640,
    "annots": [
        {
            "bbox": [
                186.9025,
                61.07961000000002,
                238.5925,
                238.34949,
                0.8027761666666667
            ],
            "personID": 0,
            "keypoints": [
                [
                    214.69,
                    81.6498,
                    0.910096
                ],
                [
                    205.924,
                    97.3783,
                    0.924538
                ],
                [
                    192.282,
                    100.261,
                    0.868568
                ],
                [
                    191.21,
                    127.635,
                    0.872308
                ],
                [
                    195.169,
                    146.269,
                    0.800059
                ],
                [
                    215.726,
                    96.3317,
                    0.916735
                ],
                [
                    222.529,
                    119.825,
                    0.643276
                ],
                [
                    226.469,
                    140.38,
                    0.361317
                ],
                [
                    212.746,
                    145.292,
                    0.795641
                ],
                [
                    204.953,
                    146.268,
                    0.780128
                ],
                [
                    210.828,
                    182.433,
                    0.825514
                ],
                [
                    214.737,
                    215.678,
                    0.897008
                ],
                [
                    219.611,
                    144.322,
                    0.781098
                ],
                [
                    222.503,
                    177.563,
                    0.835361
                ],
                [
                    222.576,
                    206.923,
                    0.924268
                ],
                [
                    209.819,
                    76.7861,
                    0.848603
                ],
                [
                    215.669,
                    75.8521,
                    0.826715
                ],
                [
                    201.054,
                    77.7867,
                    0.842974
                ],
                [
                    0.0,
                    0.0,
                    0.0
                ],
                [
                    234.285,
                    212.767,
                    0.741017
                ],
                [
                    234.275,
                    208.855,
                    0.761133
                ],
                [
                    221.573,
                    209.826,
                    0.686715
                ],
                [
                    222.566,
                    223.528,
                    0.846447
                ],
                [
                    216.67,
                    223.577,
                    0.807163
                ],
                [
                    214.688,
                    217.684,
                    0.769946
                ]
            ],
            "isKeyframe": false
        },
        {
            "bbox": [
                274.1058,
                159.3503,
                418.4802,
                330.71869999999996,
                0.80142716
            ],
            "personID": 1,
            "keypoints": [
                [
                    331.139,
                    185.395,
                    0.868694
                ],
                [
                    325.268,
                    181.471,
                    0.879033
                ],
                [
                    308.602,
                    185.411,
                    0.821502
                ],
                [
                    286.137,
                    196.147,
                    0.878184
                ],
                [
                    300.782,
                    219.618,
                    0.876417
                ],
                [
                    346.771,
                    175.631,
                    0.812816
                ],
                [
                    366.35,
                    175.549,
                    0.873688
                ],
                [
                    371.25,
                    199.086,
                    0.907514
                ],
                [
                    339.95,
                    231.335,
                    0.850717
                ],
                [
                    325.294,
                    236.227,
                    0.774458
                ],
                [
                    332.076,
                    261.635,
                    0.87491
                ],
                [
                    333.085,
                    301.811,
                    0.878481
                ],
                [
                    354.587,
                    227.442,
                    0.751869
                ],
                [
                    380.1,
                    248.985,
                    0.838043
                ],
                [
                    388.839,
                    284.166,
                    0.839747
                ],
                [
                    325.253,
                    183.422,
                    0.916306
                ],
                [
                    333.146,
                    182.425,
                    0.842419
                ],
                [
                    316.41,
                    175.616,
                    0.778266
                ],
                [
                    338.921,
                    173.631,
                    0.201255
                ],
                [
                    405.494,
                    291.013,
                    0.712298
                ],
                [
                    406.449,
                    286.143,
                    0.71905
                ],
                [
                    385.928,
                    287.119,
                    0.753565
                ],
                [
                    339.921,
                    316.438,
                    0.842425
                ],
                [
                    332.133,
                    315.495,
                    0.850573
                ],
                [
                    333.121,
                    303.766,
                    0.693449
                ]
            ],
            "isKeyframe": false
        },
        {
            "bbox": [
                50.22876000000001,
                163.82840000000002,
                145.41084,
                375.1916,
                0.5668552375
            ],
            "personID": 2,
            "keypoints": [
                [
                    72.8855,
                    183.432,
                    0.828854
                ],
                [
                    66.0232,
                    223.549,
                    0.736732
                ],
                [
                    68.0138,
                    234.278,
                    0.71974
                ],
                [
                    106.167,
                    256.772,
                    0.839242
                ],
                [
                    98.3232,
                    237.211,
                    0.716739
                ],
                [
                    63.1144,
                    211.782,
                    0.513944
                ],
                [
                    0.0,
                    0.0,
                    0.0
                ],
                [
                    0.0,
                    0.0,
                    0.0
                ],
                [
                    104.19,
                    293.946,
                    0.539059
                ],
                [
                    106.165,
                    293.008,
                    0.637204
                ],
                [
                    129.639,
                    334.074,
                    0.598441
                ],
                [
                    137.479,
                    357.577,
                    0.0930825
                ],
                [
                    98.3547,
                    293.96,
                    0.429854
                ],
                [
                    120.795,
                    333.067,
                    0.468584
                ],
                [
                    130.607,
                    357.574,
                    0.106828
                ],
                [
                    67.0056,
                    181.442,
                    0.859867
                ],
                [
                    0.0,
                    0.0,
                    0.0
                ],
                [
                    58.1606,
                    191.286,
                    0.919777
                ],
                [
                    0.0,
                    0.0,
                    0.0
                ],
                [
                    0.0,
                    0.0,
                    0.0
                ],
                [
                    0.0,
                    0.0,
                    0.0
                ],
                [
                    135.494,
                    357.578,
                    0.0617363
                ],
                [
                    0.0,
                    0.0,
                    0.0
                ],
                [
                    0.0,
                    0.0,
                    0.0
                ],
                [
                    0.0,
                    0.0,
                    0.0
                ]
            ],
            "isKeyframe": false
        },
        {
            "bbox": [
                480.4965,
                118.67000000000002,
                577.9545,
                379.298,
                0.68493255
            ],
            "personID": 3,
            "keypoints": [
                [
                    0.0,
                    0.0,
                    0.0
                ],
                [
                    534.612,
                    184.445,
                    0.888703
                ],
                [
                    566.893,
                    184.38,
                    0.823016
                ],
                [
                    569.833,
                    237.24,
                    0.790725
                ],
                [
                    562.001,
                    267.563,
                    0.785411
                ],
                [
                    501.339,
                    185.403,
                    0.760548
                ],
                [
                    489.606,
                    236.231,
                    0.824194
                ],
                [
                    488.618,
                    269.478,
                    0.851651
                ],
                [
                    521.902,
                    275.357,
                    0.61484
                ],
                [
                    539.504,
                    277.305,
                    0.600294
                ],
                [
                    530.671,
                    324.3,
                    0.801059
                ],
                [
                    527.777,
                    357.579,
                    0.168454
                ],
                [
                    505.243,
                    272.449,
                    0.595769
                ],
                [
                    497.479,
                    325.258,
                    0.815749
                ],
                [
                    0.0,
                    0.0,
                    0.0
                ],
                [
                    0.0,
                    0.0,
                    0.0
                ],
                [
                    0.0,
                    0.0,
                    0.0
                ],
                [
                    552.229,
                    142.338,
                    0.726101
                ],
                [
                    519.889,
                    140.389,
                    0.853316
                ],
                [
                    0.0,
                    0.0,
                    0.0
                ],
                [
                    0.0,
                    0.0,
                    0.0
                ],
                [
                    0.0,
                    0.0,
                    0.0
                ],
                [
                    0.0,
                    0.0,
                    0.0
                ],
                [
                    0.0,
                    0.0,
                    0.0
                ],
                [
                    527.742,
                    357.578,
                    0.0590908
                ]
            ],
            "isKeyframe": false
        }
    ],
    "isKeyframe": false
}