{
    "filename": "images/1/003038.jpg",
    "height": 360,
    "width": 640,
    "annots": [
        {
            "bbox": [
                185.82739999999998,
                64.2531,
                238.7066,
                238.05989999999997,
                0.7857884166666667
            ],
            "personID": 0,
            "keypoints": [
                [
                    214.748,
                    81.714,
                    0.9489
                ],
                [
                    206.904,
                    98.3068,
                    0.958818
                ],
                [
                    193.215,
                    100.262,
                    0.860527
                ],
                [
                    190.234,
                    126.688,
                    0.82416
                ],
                [
                    193.198,
                    145.305,
                    0.774743
                ],
                [
                    217.68,
                    97.3022,
                    0.890371
                ],
                [
                    222.562,
                    119.811,
                    0.640008
                ],
                [
                    226.46,
                    139.415,
                    0.169624
                ],
                [
                    209.833,
                    145.275,
                    0.796942
                ],
                [
                    201.069,
                    146.243,
                    0.779932
                ],
                [
                    208.875,
                    182.416,
                    0.826501
                ],
                [
                    214.731,
                    214.763,
                    0.882003
                ],
                [
                    217.669,
                    144.31,
                    0.783864
                ],
                [
                    221.559,
                    177.557,
                    0.82356
                ],
                [
                    222.58,
                    206.913,
                    0.913831
                ],
                [
                    211.784,
                    78.7536,
                    0.834115
                ],
                [
                    215.74,
                    78.737,
                    0.848942
                ],
                [
                    202.991,
                    79.7375,
                    0.817145
                ],
                [
                    0.0,
                    0.0,
                    0.0
                ],
                [
                    234.291,
                    212.77,
                    0.729785
                ],
                [
                    234.3,
                    208.84,
                    0.768086
                ],
                [
                    221.569,
                    209.823,
                    0.680183
                ],
                [
                    222.53,
                    223.54,
                    0.792816
                ],
                [
                    215.734,
                    223.576,
                    0.766879
                ],
                [
                    214.704,
                    217.676,
                    0.747187
                ]
            ],
            "isKeyframe": false
        },
        {
            "bbox": [
                277.3426,
                162.54369999999997,
                418.1914,
                330.4153,
                0.7833494166666668
            ],
            "personID": 1,
            "keypoints": [
                [
                    348.718,
                    192.26,
                    0.847986
                ],
                [
                    331.128,
                    184.433,
                    0.826174
                ],
                [
                    314.483,
                    192.193,
                    0.795825
                ],
                [
                    289.08,
                    196.154,
                    0.809499
                ],
                [
                    300.827,
                    221.537,
                    0.885608
                ],
                [
                    348.725,
                    179.505,
                    0.744098
                ],
                [
                    366.336,
                    176.533,
                    0.874017
                ],
                [
                    372.173,
                    202.03,
                    0.843887
                ],
                [
                    340.931,
                    232.333,
                    0.820147
                ],
                [
                    327.241,
                    238.207,
                    0.786398
                ],
                [
                    340.876,
                    269.532,
                    0.917156
                ],
                [
                    329.191,
                    299.837,
                    0.819329
                ],
                [
                    355.572,
                    228.422,
                    0.77318
                ],
                [
                    386.864,
                    248.972,
                    0.869551
                ],
                [
                    387.912,
                    278.33,
                    0.872782
                ],
                [
                    344.824,
                    191.206,
                    0.821448
                ],
                [
                    349.733,
                    187.343,
                    0.213171
                ],
                [
                    329.186,
                    183.455,
                    0.808158
                ],
                [
                    0.0,
                    0.0,
                    0.0
                ],
                [
                    406.454,
                    284.153,
                    0.765444
                ],
                [
                    405.46,
                    279.312,
                    0.720015
                ],
                [
                    385.886,
                    284.156,
                    0.704204
                ],
                [
                    336.008,
                    316.426,
                    0.802358
                ],
                [
                    329.167,
                    314.485,
                    0.768497
                ],
                [
                    325.28,
                    299.82,
                    0.711454
                ]
            ],
            "isKeyframe": false
        },
        {
            "bbox": [
                48.806140000000006,
                164.90499999999997,
                149.75326,
                375.097,
                0.5448136529411766
            ],
            "personID": 2,
            "keypoints": [
                [
                    71.9207,
                    184.361,
                    0.83749
                ],
                [
                    66.0282,
                    223.538,
                    0.75112
                ],
                [
                    68.0198,
                    233.318,
                    0.725537
                ],
                [
                    106.167,
                    255.845,
                    0.845953
                ],
                [
                    98.3076,
                    237.195,
                    0.740665
                ],
                [
                    63.1019,
                    210.828,
                    0.525943
                ],
                [
                    0.0,
                    0.0,
                    0.0
                ],
                [
                    0.0,
                    0.0,
                    0.0
                ],
                [
                    103.201,
                    292.976,
                    0.511643
                ],
                [
                    105.199,
                    292.968,
                    0.624037
                ],
                [
                    129.588,
                    332.103,
                    0.576304
                ],
                [
                    137.438,
                    357.578,
                    0.14336
                ],
                [
                    98.3133,
                    292.982,
                    0.419465
                ],
                [
                    118.875,
                    329.168,
                    0.449265
                ],
                [
                    129.658,
                    357.574,
                    0.16754
                ],
                [
                    66.0846,
                    182.421,
                    0.884098
                ],
                [
                    0.0,
                    0.0,
                    0.0
                ],
                [
                    57.2184,
                    192.233,
                    0.902295
                ],
                [
                    0.0,
                    0.0,
                    0.0
                ],
                [
                    0.0,
                    0.0,
                    0.0
                ],
                [
                    0.0,
                    0.0,
                    0.0
                ],
                [
                    132.562,
                    357.581,
                    0.103699
                ],
                [
                    0.0,
                    0.0,
                    0.0
                ],
                [
                    0.0,
                    0.0,
                    0.0
                ],
                [
                    141.341,
                    357.576,
                    0.0534181
                ]
            ],
            "isKeyframe": false
        },
        {
            "bbox": [
                480.51790000000005,
                113.28650000000002,
                577.9111,
                379.7885,
                0.67205751875
            ],
            "personID": 3,
            "keypoints": [
                [
                    0.0,
                    0.0,
                    0.0
                ],
                [
                    532.636,
                    185.396,
                    0.817166
                ],
                [
                    565.899,
                    184.445,
                    0.787963
                ],
                [
                    569.795,
                    238.165,
                    0.814405
                ],
                [
                    561.997,
                    268.53,
                    0.829636
                ],
                [
                    498.401,
                    186.353,
                    0.781361
                ],
                [
                    489.572,
                    236.253,
                    0.820053
                ],
                [
                    488.634,
                    268.545,
                    0.812817
                ],
                [
                    520.945,
                    275.37,
                    0.636887
                ],
                [
                    538.531,
                    277.31,
                    0.613377
                ],
                [
                    529.711,
                    324.306,
                    0.811628
                ],
                [
                    528.716,
                    357.58,
                    0.0800342
                ],
                [
                    504.297,
                    273.414,
                    0.595291
                ],
                [
                    497.427,
                    325.261,
                    0.824669
                ],
                [
                    0.0,
                    0.0,
                    0.0
                ],
                [
                    0.0,
                    0.0,
                    0.0
                ],
                [
                    509.184,
                    135.495,
                    0.0792461
                ],
                [
                    552.199,
                    138.444,
                    0.645101
                ],
                [
                    516.978,
                    142.318,
                    0.803286
                ],
                [
                    0.0,
                    0.0,
                    0.0
                ],
                [
                    0.0,
                    0.0,
                    0.0
                ],
                [
                    0.0,
                    0.0,
                    0.0
                ],
                [
                    0.0,
                    0.0,
                    0.0
                ],
                [
                    0.0,
                    0.0,
                    0.0
                ],
                [
                    0.0,
                    0.0,
                    0.0
                ]
            ],
            "isKeyframe": false
        }
    ],
    "isKeyframe": false
}