{
    "filename": "images/1/002987.jpg",
    "height": 360,
    "width": 640,
    "annots": [
        {
            "bbox": [
                276.99089999999995,
                133.26190000000003,
                387.2601,
                348.0391,
                0.8017800840000001
            ],
            "personID": 0,
            "keypoints": [
                [
                    327.209,
                    154.079,
                    0.8806
                ],
                [
                    334.086,
                    175.609,
                    0.920487
                ],
                [
                    317.398,
                    175.607,
                    0.929305
                ],
                [
                    309.649,
                    199.114,
                    0.875079
                ],
                [
                    300.813,
                    209.854,
                    0.844023
                ],
                [
                    353.641,
                    175.585,
                    0.861154
                ],
                [
                    378.071,
                    191.219,
                    0.873814
                ],
                [
                    365.35,
                    208.892,
                    0.809123
                ],
                [
                    332.136,
                    231.373,
                    0.861381
                ],
                [
                    318.425,
                    231.355,
                    0.82446
                ],
                [
                    307.659,
                    268.542,
                    0.869422
                ],
                [
                    293.994,
                    317.46,
                    0.860863
                ],
                [
                    344.828,
                    231.398,
                    0.772785
                ],
                [
                    343.854,
                    262.629,
                    0.870564
                ],
                [
                    340.878,
                    313.53,
                    0.832926
                ],
                [
                    324.285,
                    152.065,
                    0.932294
                ],
                [
                    332.141,
                    151.16,
                    0.941827
                ],
                [
                    319.408,
                    152.103,
                    0.0908031
                ],
                [
                    340.941,
                    152.159,
                    0.950444
                ],
                [
                    333.113,
                    318.456,
                    0.723141
                ],
                [
                    340.897,
                    321.339,
                    0.684894
                ],
                [
                    340.903,
                    317.428,
                    0.653224
                ],
                [
                    293.948,
                    330.141,
                    0.747246
                ],
                [
                    286.18,
                    326.229,
                    0.756598
                ],
                [
                    295.913,
                    322.318,
                    0.678045
                ]
            ],
            "isKeyframe": false
        },
        {
            "bbox": [
                186.6977,
                62.04684999999999,
                240.7493,
                239.27065,
                0.786009125
            ],
            "personID": 1,
            "keypoints": [
                [
                    210.811,
                    81.687,
                    0.882012
                ],
                [
                    203.971,
                    97.3479,
                    0.898143
                ],
                [
                    192.261,
                    100.295,
                    0.85877
                ],
                [
                    191.202,
                    128.588,
                    0.891864
                ],
                [
                    196.157,
                    147.215,
                    0.791771
                ],
                [
                    214.736,
                    92.4648,
                    0.901558
                ],
                [
                    221.538,
                    114.004,
                    0.55525
                ],
                [
                    224.537,
                    135.475,
                    0.186413
                ],
                [
                    213.752,
                    145.26,
                    0.810687
                ],
                [
                    206.887,
                    146.259,
                    0.804217
                ],
                [
                    214.741,
                    180.471,
                    0.849423
                ],
                [
                    214.723,
                    215.678,
                    0.868569
                ],
                [
                    220.596,
                    144.269,
                    0.763226
                ],
                [
                    222.53,
                    176.582,
                    0.829705
                ],
                [
                    222.543,
                    206.882,
                    0.882487
                ],
                [
                    206.943,
                    78.7609,
                    0.89792
                ],
                [
                    213.717,
                    76.8155,
                    0.802736
                ],
                [
                    199.091,
                    80.7299,
                    0.919451
                ],
                [
                    0.0,
                    0.0,
                    0.0
                ],
                [
                    236.245,
                    211.801,
                    0.769648
                ],
                [
                    234.297,
                    207.925,
                    0.777691
                ],
                [
                    221.548,
                    208.869,
                    0.654598
                ],
                [
                    222.563,
                    223.542,
                    0.786626
                ],
                [
                    215.754,
                    224.502,
                    0.758227
                ],
                [
                    213.723,
                    217.686,
                    0.723227
                ]
            ],
            "isKeyframe": false
        },
        {
            "bbox": [
                50.14119999999999,
                163.8551,
                146.4748,
                375.18589999999995,
                0.6075220266666665
            ],
            "personID": 2,
            "keypoints": [
                [
                    74.8295,
                    183.459,
                    0.908649
                ],
                [
                    66.0669,
                    223.501,
                    0.757334
                ],
                [
                    68.9659,
                    231.393,
                    0.733926
                ],
                [
                    106.168,
                    254.873,
                    0.837921
                ],
                [
                    98.3173,
                    238.175,
                    0.738501
                ],
                [
                    65.0631,
                    213.726,
                    0.522133
                ],
                [
                    0.0,
                    0.0,
                    0.0
                ],
                [
                    0.0,
                    0.0,
                    0.0
                ],
                [
                    105.135,
                    293.002,
                    0.534898
                ],
                [
                    106.168,
                    292.997,
                    0.636302
                ],
                [
                    129.646,
                    333.123,
                    0.639793
                ],
                [
                    138.447,
                    357.575,
                    0.0646429
                ],
                [
                    99.328,
                    293.938,
                    0.417582
                ],
                [
                    120.815,
                    333.074,
                    0.482053
                ],
                [
                    130.605,
                    357.574,
                    0.0722925
                ],
                [
                    68.0318,
                    181.466,
                    0.840541
                ],
                [
                    0.0,
                    0.0,
                    0.0
                ],
                [
                    58.169,
                    191.232,
                    0.926262
                ],
                [
                    0.0,
                    0.0,
                    0.0
                ],
                [
                    0.0,
                    0.0,
                    0.0
                ],
                [
                    0.0,
                    0.0,
                    0.0
                ],
                [
                    0.0,
                    0.0,
                    0.0
                ],
                [
                    0.0,
                    0.0,
                    0.0
                ],
                [
                    0.0,
                    0.0,
                    0.0
                ],
                [
                    0.0,
                    0.0,
                    0.0
                ]
            ],
            "isKeyframe": false
        },
        {
            "bbox": [
                486.7672,
                114.33699999999999,
                591.2608,
                379.693,
                0.6762459062499999
            ],
            "personID": 3,
            "keypoints": [
                [
                    0.0,
                    0.0,
                    0.0
                ],
                [
                    551.261,
                    183.452,
                    0.901084
                ],
                [
                    582.553,
                    185.385,
                    0.810349
                ],
                [
                    581.511,
                    240.161,
                    0.799608
                ],
                [
                    567.888,
                    276.359,
                    0.870648
                ],
                [
                    520.877,
                    180.483,
                    0.790989
                ],
                [
                    505.234,
                    231.329,
                    0.848228
                ],
                [
                    505.252,
                    258.754,
                    0.66493
                ],
                [
                    534.576,
                    274.41,
                    0.61846
                ],
                [
                    551.197,
                    277.332,
                    0.631134
                ],
                [
                    536.56,
                    324.293,
                    0.851182
                ],
                [
                    529.72,
                    357.58,
                    0.104381
                ],
                [
                    516.023,
                    271.472,
                    0.57314
                ],
                [
                    504.298,
                    324.289,
                    0.866641
                ],
                [
                    495.475,
                    357.58,
                    0.0634715
                ],
                [
                    0.0,
                    0.0,
                    0.0
                ],
                [
                    0.0,
                    0.0,
                    0.0
                ],
                [
                    571.768,
                    137.465,
                    0.558864
                ],
                [
                    541.457,
                    136.45,
                    0.866825
                ],
                [
                    0.0,
                    0.0,
                    0.0
                ],
                [
                    0.0,
                    0.0,
                    0.0
                ],
                [
                    0.0,
                    0.0,
                    0.0
                ],
                [
                    0.0,
                    0.0,
                    0.0
                ],
                [
                    0.0,
                    0.0,
                    0.0
                ],
                [
                    0.0,
                    0.0,
                    0.0
                ]
            ],
            "isKeyframe": false
        }
    ],
    "isKeyframe": false
}