{
    "filename": "images/1/003021.jpg",
    "height": 360,
    "width": 640,
    "annots": [
        {
            "bbox": [
                186.8068,
                62.12085999999999,
                239.6572,
                238.25374,
                0.8082404166666667
            ],
            "personID": 0,
            "keypoints": [
                [
                    213.75,
                    81.668,
                    0.916623
                ],
                [
                    205.902,
                    97.3789,
                    0.916728
                ],
                [
                    192.269,
                    100.278,
                    0.866246
                ],
                [
                    191.211,
                    126.684,
                    0.86516
                ],
                [
                    195.171,
                    145.318,
                    0.809885
                ],
                [
                    215.715,
                    95.3918,
                    0.906314
                ],
                [
                    222.529,
                    118.849,
                    0.666631
                ],
                [
                    226.477,
                    137.454,
                    0.342319
                ],
                [
                    213.758,
                    145.294,
                    0.823708
                ],
                [
                    206.875,
                    146.28,
                    0.811178
                ],
                [
                    213.76,
                    181.48,
                    0.821799
                ],
                [
                    214.735,
                    215.669,
                    0.878323
                ],
                [
                    221.542,
                    144.316,
                    0.801473
                ],
                [
                    222.574,
                    177.545,
                    0.831105
                ],
                [
                    222.588,
                    206.893,
                    0.897804
                ],
                [
                    208.841,
                    77.7847,
                    0.895143
                ],
                [
                    214.754,
                    76.7986,
                    0.881136
                ],
                [
                    200.1,
                    80.6978,
                    0.897638
                ],
                [
                    0.0,
                    0.0,
                    0.0
                ],
                [
                    235.253,
                    212.753,
                    0.764729
                ],
                [
                    234.306,
                    208.845,
                    0.772368
                ],
                [
                    221.591,
                    208.874,
                    0.678819
                ],
                [
                    222.589,
                    223.525,
                    0.826039
                ],
                [
                    216.685,
                    223.576,
                    0.781523
                ],
                [
                    213.755,
                    217.674,
                    0.745079
                ]
            ],
            "isKeyframe": false
        },
        {
            "bbox": [
                277.2183,
                149.9632,
                407.5467,
                340.10079999999994,
                0.7998957083333332
            ],
            "personID": 1,
            "keypoints": [
                [
                    316.48,
                    180.471,
                    0.882647
                ],
                [
                    325.261,
                    177.564,
                    0.900599
                ],
                [
                    305.689,
                    183.388,
                    0.824338
                ],
                [
                    288.079,
                    198.076,
                    0.861488
                ],
                [
                    299.808,
                    215.709,
                    0.895889
                ],
                [
                    343.866,
                    174.622,
                    0.773904
                ],
                [
                    370.25,
                    175.639,
                    0.905833
                ],
                [
                    371.238,
                    199.104,
                    0.879527
                ],
                [
                    338.941,
                    230.385,
                    0.848719
                ],
                [
                    324.322,
                    233.325,
                    0.819188
                ],
                [
                    320.355,
                    261.653,
                    0.846187
                ],
                [
                    336.03,
                    304.712,
                    0.759192
                ],
                [
                    349.753,
                    226.453,
                    0.778877
                ],
                [
                    371.279,
                    251.877,
                    0.86346
                ],
                [
                    384.943,
                    291.989,
                    0.810728
                ],
                [
                    311.584,
                    175.604,
                    0.819196
                ],
                [
                    319.417,
                    175.583,
                    0.894774
                ],
                [
                    0.0,
                    0.0,
                    0.0
                ],
                [
                    332.058,
                    165.808,
                    0.838263
                ],
                [
                    394.724,
                    300.797,
                    0.705573
                ],
                [
                    396.686,
                    295.922,
                    0.715048
                ],
                [
                    381.014,
                    294.968,
                    0.735173
                ],
                [
                    334.064,
                    324.256,
                    0.528663
                ],
                [
                    331.125,
                    320.38,
                    0.587543
                ],
                [
                    340.96,
                    308.594,
                    0.722688
                ]
            ],
            "isKeyframe": false
        },
        {
            "bbox": [
                51.02113,
                164.62490000000003,
                136.81117,
                354.7781,
                0.6642775384615385
            ],
            "personID": 2,
            "keypoints": [
                [
                    72.9038,
                    183.392,
                    0.80527
                ],
                [
                    66.0368,
                    223.552,
                    0.742439
                ],
                [
                    68.007,
                    233.318,
                    0.718638
                ],
                [
                    106.115,
                    255.81,
                    0.85435
                ],
                [
                    98.2965,
                    236.236,
                    0.709337
                ],
                [
                    65.0344,
                    212.769,
                    0.529117
                ],
                [
                    0.0,
                    0.0,
                    0.0
                ],
                [
                    0.0,
                    0.0,
                    0.0
                ],
                [
                    105.167,
                    293.978,
                    0.509493
                ],
                [
                    106.182,
                    293.983,
                    0.625536
                ],
                [
                    129.662,
                    338.932,
                    0.589043
                ],
                [
                    0.0,
                    0.0,
                    0.0
                ],
                [
                    101.256,
                    293.983,
                    0.374763
                ],
                [
                    121.797,
                    335.056,
                    0.41147
                ],
                [
                    0.0,
                    0.0,
                    0.0
                ],
                [
                    67.0086,
                    180.471,
                    0.846296
                ],
                [
                    0.0,
                    0.0,
                    0.0
                ],
                [
                    58.1703,
                    191.272,
                    0.919856
                ],
                [
                    0.0,
                    0.0,
                    0.0
                ],
                [
                    0.0,
                    0.0,
                    0.0
                ],
                [
                    0.0,
                    0.0,
                    0.0
                ],
                [
                    0.0,
                    0.0,
                    0.0
                ],
                [
                    0.0,
                    0.0,
                    0.0
                ],
                [
                    0.0,
                    0.0,
                    0.0
                ],
                [
                    0.0,
                    0.0,
                    0.0
                ]
            ],
            "isKeyframe": false
        },
        {
            "bbox": [
                480.2433,
                115.46890000000002,
                581.1717,
                379.59009999999995,
                0.6424515764705881
            ],
            "personID": 3,
            "keypoints": [
                [
                    0.0,
                    0.0,
                    0.0
                ],
                [
                    536.604,
                    184.407,
                    0.887757
                ],
                [
                    568.845,
                    184.41,
                    0.804334
                ],
                [
                    572.761,
                    237.22,
                    0.804239
                ],
                [
                    562.969,
                    266.577,
                    0.772868
                ],
                [
                    505.243,
                    184.405,
                    0.83209
                ],
                [
                    491.56,
                    233.307,
                    0.772419
                ],
                [
                    488.654,
                    270.463,
                    0.880863
                ],
                [
                    526.747,
                    272.451,
                    0.617029
                ],
                [
                    543.371,
                    275.376,
                    0.611333
                ],
                [
                    531.664,
                    324.273,
                    0.800478
                ],
                [
                    527.789,
                    357.579,
                    0.202887
                ],
                [
                    508.181,
                    270.504,
                    0.577924
                ],
                [
                    499.385,
                    324.289,
                    0.813101
                ],
                [
                    492.54,
                    357.58,
                    0.0720729
                ],
                [
                    0.0,
                    0.0,
                    0.0
                ],
                [
                    0.0,
                    0.0,
                    0.0
                ],
                [
                    555.133,
                    137.493,
                    0.532258
                ],
                [
                    520.946,
                    137.479,
                    0.87158
                ],
                [
                    0.0,
                    0.0,
                    0.0
                ],
                [
                    0.0,
                    0.0,
                    0.0
                ],
                [
                    0.0,
                    0.0,
                    0.0
                ],
                [
                    0.0,
                    0.0,
                    0.0
                ],
                [
                    0.0,
                    0.0,
                    0.0
                ],
                [
                    527.764,
                    357.578,
                    0.0684439
                ]
            ],
            "isKeyframe": false
        }
    ],
    "isKeyframe": false
}