{
    "filename": "images/1/003007.jpg",
    "height": 360,
    "width": 640,
    "annots": [
        {
            "bbox": [
                185.6911,
                62.01654000000002,
                240.8419,
                239.29086,
                0.8049069166666666
            ],
            "personID": 0,
            "keypoints": [
                [
                    211.773,
                    81.6651,
                    0.878785
                ],
                [
                    205.899,
                    97.3389,
                    0.914372
                ],
                [
                    192.266,
                    100.266,
                    0.869466
                ],
                [
                    190.287,
                    126.693,
                    0.856286
                ],
                [
                    197.12,
                    146.248,
                    0.820913
                ],
                [
                    215.701,
                    93.4309,
                    0.899609
                ],
                [
                    222.538,
                    115.925,
                    0.621257
                ],
                [
                    228.433,
                    136.483,
                    0.334698
                ],
                [
                    214.682,
                    144.31,
                    0.832938
                ],
                [
                    206.888,
                    145.299,
                    0.829965
                ],
                [
                    214.718,
                    180.484,
                    0.844006
                ],
                [
                    214.718,
                    215.698,
                    0.872191
                ],
                [
                    221.579,
                    143.304,
                    0.786068
                ],
                [
                    223.484,
                    176.577,
                    0.843547
                ],
                [
                    223.492,
                    206.886,
                    0.894695
                ],
                [
                    207.85,
                    77.7802,
                    0.903685
                ],
                [
                    213.754,
                    76.7894,
                    0.844872
                ],
                [
                    200.035,
                    80.6759,
                    0.892239
                ],
                [
                    0.0,
                    0.0,
                    0.0
                ],
                [
                    236.246,
                    211.801,
                    0.76808
                ],
                [
                    236.223,
                    207.924,
                    0.779174
                ],
                [
                    222.507,
                    208.873,
                    0.707068
                ],
                [
                    222.569,
                    223.555,
                    0.80526
                ],
                [
                    216.672,
                    224.518,
                    0.772418
                ],
                [
                    213.733,
                    218.657,
                    0.746174
                ]
            ],
            "isKeyframe": false
        },
        {
            "bbox": [
                287.5987,
                140.1965,
                387.41830000000004,
                342.05449999999996,
                0.8225119166666667
            ],
            "personID": 1,
            "keypoints": [
                [
                    317.436,
                    168.727,
                    0.967223
                ],
                [
                    326.278,
                    176.575,
                    0.916406
                ],
                [
                    308.606,
                    178.542,
                    0.862661
                ],
                [
                    295.917,
                    200.051,
                    0.859404
                ],
                [
                    300.763,
                    215.663,
                    0.866024
                ],
                [
                    347.74,
                    174.624,
                    0.838141
                ],
                [
                    373.22,
                    183.446,
                    0.889468
                ],
                [
                    371.237,
                    205.936,
                    0.816065
                ],
                [
                    335.056,
                    230.36,
                    0.821793
                ],
                [
                    323.323,
                    231.352,
                    0.850493
                ],
                [
                    315.472,
                    262.664,
                    0.870785
                ],
                [
                    323.286,
                    311.564,
                    0.804682
                ],
                [
                    348.745,
                    229.376,
                    0.83786
                ],
                [
                    357.546,
                    254.851,
                    0.876208
                ],
                [
                    371.196,
                    306.658,
                    0.783383
                ],
                [
                    314.502,
                    164.854,
                    0.82133
                ],
                [
                    321.36,
                    162.909,
                    0.846699
                ],
                [
                    0.0,
                    0.0,
                    0.0
                ],
                [
                    332.052,
                    157.018,
                    0.861534
                ],
                [
                    373.197,
                    317.404,
                    0.74401
                ],
                [
                    379.1,
                    315.457,
                    0.766344
                ],
                [
                    366.361,
                    310.582,
                    0.592744
                ],
                [
                    316.488,
                    325.233,
                    0.72696
                ],
                [
                    311.574,
                    323.307,
                    0.705135
                ],
                [
                    326.242,
                    316.446,
                    0.814934
                ]
            ],
            "isKeyframe": false
        },
        {
            "bbox": [
                51.01467000000001,
                165.73090000000002,
                136.80302999999998,
                354.6961,
                0.6659565384615385
            ],
            "personID": 2,
            "keypoints": [
                [
                    73.8394,
                    183.46,
                    0.853856
                ],
                [
                    66.0513,
                    223.536,
                    0.747538
                ],
                [
                    68.0006,
                    233.3,
                    0.729257
                ],
                [
                    106.132,
                    255.825,
                    0.856377
                ],
                [
                    97.3823,
                    234.297,
                    0.715728
                ],
                [
                    65.0552,
                    211.805,
                    0.54288
                ],
                [
                    0.0,
                    0.0,
                    0.0
                ],
                [
                    0.0,
                    0.0,
                    0.0
                ],
                [
                    105.174,
                    293.963,
                    0.489496
                ],
                [
                    106.164,
                    293.982,
                    0.615835
                ],
                [
                    129.654,
                    338.949,
                    0.581035
                ],
                [
                    0.0,
                    0.0,
                    0.0
                ],
                [
                    102.235,
                    293.964,
                    0.348984
                ],
                [
                    121.815,
                    335.043,
                    0.394175
                ],
                [
                    0.0,
                    0.0,
                    0.0
                ],
                [
                    67.0497,
                    181.478,
                    0.859875
                ],
                [
                    0.0,
                    0.0,
                    0.0
                ],
                [
                    58.1637,
                    191.241,
                    0.922399
                ],
                [
                    0.0,
                    0.0,
                    0.0
                ],
                [
                    0.0,
                    0.0,
                    0.0
                ],
                [
                    0.0,
                    0.0,
                    0.0
                ],
                [
                    0.0,
                    0.0,
                    0.0
                ],
                [
                    0.0,
                    0.0,
                    0.0
                ],
                [
                    0.0,
                    0.0,
                    0.0
                ],
                [
                    0.0,
                    0.0,
                    0.0
                ]
            ],
            "isKeyframe": false
        },
        {
            "bbox": [
                482.0939,
                106.81850000000003,
                584.2511000000001,
                380.37649999999996,
                0.6422784058823529
            ],
            "personID": 3,
            "keypoints": [
                [
                    0.0,
                    0.0,
                    0.0
                ],
                [
                    543.414,
                    184.381,
                    0.901267
                ],
                [
                    574.718,
                    184.397,
                    0.837448
                ],
                [
                    575.738,
                    234.291,
                    0.823646
                ],
                [
                    567.848,
                    267.565,
                    0.859094
                ],
                [
                    512.076,
                    183.411,
                    0.802351
                ],
                [
                    496.488,
                    231.371,
                    0.840513
                ],
                [
                    490.607,
                    265.611,
                    0.81504
                ],
                [
                    527.745,
                    274.385,
                    0.636941
                ],
                [
                    543.441,
                    276.365,
                    0.631024
                ],
                [
                    535.524,
                    324.304,
                    0.816135
                ],
                [
                    528.686,
                    357.58,
                    0.066133
                ],
                [
                    512.051,
                    270.505,
                    0.60774
                ],
                [
                    503.263,
                    324.261,
                    0.815208
                ],
                [
                    494.497,
                    357.58,
                    0.0597959
                ],
                [
                    0.0,
                    0.0,
                    0.0
                ],
                [
                    521.905,
                    129.615,
                    0.147207
                ],
                [
                    560.053,
                    137.472,
                    0.391004
                ],
                [
                    528.75,
                    137.466,
                    0.868186
                ],
                [
                    0.0,
                    0.0,
                    0.0
                ],
                [
                    0.0,
                    0.0,
                    0.0
                ],
                [
                    0.0,
                    0.0,
                    0.0
                ],
                [
                    0.0,
                    0.0,
                    0.0
                ],
                [
                    0.0,
                    0.0,
                    0.0
                ],
                [
                    0.0,
                    0.0,
                    0.0
                ]
            ],
            "isKeyframe": false
        }
    ],
    "isKeyframe": false
}