{
    "filename": "images/1/003079.jpg",
    "height": 360,
    "width": 640,
    "annots": [
        {
            "bbox": [
                176.8367,
                75.74372000000002,
                243.7763,
                252.92947999999998,
                0.7997087916666666
            ],
            "personID": 0,
            "keypoints": [
                [
                    206.893,
                    95.3936,
                    0.906781
                ],
                [
                    199.09,
                    109.099,
                    0.903533
                ],
                [
                    183.419,
                    113.029,
                    0.91835
                ],
                [
                    182.415,
                    141.367,
                    0.791801
                ],
                [
                    192.246,
                    154.085,
                    0.374887
                ],
                [
                    214.755,
                    106.118,
                    0.947989
                ],
                [
                    221.575,
                    129.675,
                    0.806106
                ],
                [
                    228.425,
                    152.11,
                    0.302168
                ],
                [
                    205.939,
                    160.951,
                    0.807013
                ],
                [
                    194.202,
                    162.898,
                    0.751129
                ],
                [
                    205.899,
                    199.027,
                    0.817254
                ],
                [
                    214.703,
                    225.498,
                    0.860495
                ],
                [
                    215.668,
                    159.949,
                    0.816928
                ],
                [
                    224.543,
                    187.324,
                    0.766652
                ],
                [
                    225.508,
                    206.937,
                    0.84579
                ],
                [
                    201.072,
                    91.4803,
                    0.879035
                ],
                [
                    207.869,
                    90.5092,
                    0.927495
                ],
                [
                    192.282,
                    92.4571,
                    0.864265
                ],
                [
                    0.0,
                    0.0,
                    0.0
                ],
                [
                    236.259,
                    214.734,
                    0.876408
                ],
                [
                    238.198,
                    211.799,
                    0.865985
                ],
                [
                    222.561,
                    207.885,
                    0.727456
                ],
                [
                    217.652,
                    238.164,
                    0.840958
                ],
                [
                    212.763,
                    238.156,
                    0.844338
                ],
                [
                    215.681,
                    229.38,
                    0.750195
                ]
            ],
            "isKeyframe": false
        },
        {
            "bbox": [
                48.03715000000001,
                167.08579999999998,
                146.64535,
                374.8922,
                0.5790770000000001
            ],
            "personID": 1,
            "keypoints": [
                [
                    73.82,
                    185.409,
                    0.828213
                ],
                [
                    66.0419,
                    222.58,
                    0.754603
                ],
                [
                    68.9737,
                    232.318,
                    0.720839
                ],
                [
                    106.185,
                    256.79,
                    0.820815
                ],
                [
                    100.289,
                    238.198,
                    0.650801
                ],
                [
                    63.1039,
                    209.83,
                    0.525506
                ],
                [
                    0.0,
                    0.0,
                    0.0
                ],
                [
                    0.0,
                    0.0,
                    0.0
                ],
                [
                    106.118,
                    293.005,
                    0.529702
                ],
                [
                    108.107,
                    293.938,
                    0.599245
                ],
                [
                    131.585,
                    337.992,
                    0.555269
                ],
                [
                    138.428,
                    357.572,
                    0.055207
                ],
                [
                    102.226,
                    293.95,
                    0.401627
                ],
                [
                    121.773,
                    334.064,
                    0.430649
                ],
                [
                    130.602,
                    357.575,
                    0.072197
                ],
                [
                    67.0153,
                    184.403,
                    0.895663
                ],
                [
                    0.0,
                    0.0,
                    0.0
                ],
                [
                    56.2545,
                    194.198,
                    0.845819
                ],
                [
                    0.0,
                    0.0,
                    0.0
                ],
                [
                    0.0,
                    0.0,
                    0.0
                ],
                [
                    0.0,
                    0.0,
                    0.0
                ],
                [
                    0.0,
                    0.0,
                    0.0
                ],
                [
                    0.0,
                    0.0,
                    0.0
                ],
                [
                    0.0,
                    0.0,
                    0.0
                ],
                [
                    0.0,
                    0.0,
                    0.0
                ]
            ],
            "isKeyframe": false
        },
        {
            "bbox": [
                475.4375,
                119.73689999999999,
                575.1395,
                379.2021,
                0.7048131866666668
            ],
            "personID": 2,
            "keypoints": [
                [
                    0.0,
                    0.0,
                    0.0
                ],
                [
                    527.792,
                    189.271,
                    0.847669
                ],
                [
                    560.051,
                    189.27,
                    0.782086
                ],
                [
                    566.831,
                    239.151,
                    0.819417
                ],
                [
                    559.991,
                    270.458,
                    0.877564
                ],
                [
                    496.413,
                    188.323,
                    0.773547
                ],
                [
                    483.746,
                    238.182,
                    0.829322
                ],
                [
                    486.648,
                    269.511,
                    0.772141
                ],
                [
                    519.897,
                    276.361,
                    0.633489
                ],
                [
                    536.536,
                    277.325,
                    0.614486
                ],
                [
                    529.715,
                    324.307,
                    0.799212
                ],
                [
                    527.776,
                    357.58,
                    0.0948038
                ],
                [
                    501.342,
                    275.375,
                    0.55377
                ],
                [
                    496.406,
                    327.21,
                    0.773583
                ],
                [
                    0.0,
                    0.0,
                    0.0
                ],
                [
                    0.0,
                    0.0,
                    0.0
                ],
                [
                    0.0,
                    0.0,
                    0.0
                ],
                [
                    546.34,
                    141.359,
                    0.499873
                ],
                [
                    512.14,
                    144.29,
                    0.901235
                ],
                [
                    0.0,
                    0.0,
                    0.0
                ],
                [
                    0.0,
                    0.0,
                    0.0
                ],
                [
                    0.0,
                    0.0,
                    0.0
                ],
                [
                    0.0,
                    0.0,
                    0.0
                ],
                [
                    0.0,
                    0.0,
                    0.0
                ],
                [
                    0.0,
                    0.0,
                    0.0
                ]
            ],
            "isKeyframe": false
        },
        {
            "bbox": [
                322.6354,
                102.21380000000002,
                436.4986,
                337.02019999999993,
                0.6367482695652175
            ],
            "personID": 3,
            "keypoints": [
                [
                    426.994,
                    127.646,
                    0.223388
                ],
                [
                    402.511,
                    145.26,
                    0.673932
                ],
                [
                    402.548,
                    145.302,
                    0.816958
                ],
                [
                    386.836,
                    177.54,
                    0.785767
                ],
                [
                    380.079,
                    214.694,
                    0.843257
                ],
                [
                    398.643,
                    144.265,
                    0.483917
                ],
                [
                    379.027,
                    183.449,
                    0.0560072
                ],
                [
                    0.0,
                    0.0,
                    0.0
                ],
                [
                    381.987,
                    217.672,
                    0.612195
                ],
                [
                    380.074,
                    219.608,
                    0.645759
                ],
                [
                    380.037,
                    270.515,
                    0.854068
                ],
                [
                    339.948,
                    299.805,
                    0.818005
                ],
                [
                    385.896,
                    217.658,
                    0.461235
                ],
                [
                    410.39,
                    246.029,
                    0.877486
                ],
                [
                    394.717,
                    286.168,
                    0.851734
                ],
                [
                    427.01,
                    121.801,
                    0.355114
                ],
                [
                    0.0,
                    0.0,
                    0.0
                ],
                [
                    424.045,
                    121.844,
                    0.83327
                ],
                [
                    403.55,
                    121.781,
                    0.100692
                ],
                [
                    409.377,
                    285.139,
                    0.678942
                ],
                [
                    405.488,
                    284.189,
                    0.612946
                ],
                [
                    387.887,
                    292.976,
                    0.760001
                ],
                [
                    348.75,
                    317.453,
                    0.806534
                ],
                [
                    341.913,
                    316.451,
                    0.743161
                ],
                [
                    332.124,
                    298.845,
                    0.750842
                ]
            ],
            "isKeyframe": false
        }
    ],
    "isKeyframe": false
}