{
    "filename": "images/1/003012.jpg",
    "height": 360,
    "width": 640,
    "annots": [
        {
            "bbox": [
                283.4038,
                144.5729,
                398.45020000000005,
                340.6181,
                0.8264579583333332
            ],
            "personID": 0,
            "keypoints": [
                [
                    316.423,
                    175.557,
                    0.929122
                ],
                [
                    325.304,
                    176.618,
                    0.907189
                ],
                [
                    304.735,
                    181.483,
                    0.800253
                ],
                [
                    292.991,
                    199.041,
                    0.921757
                ],
                [
                    300.789,
                    215.676,
                    0.891464
                ],
                [
                    346.784,
                    174.633,
                    0.824081
                ],
                [
                    371.279,
                    177.559,
                    0.894429
                ],
                [
                    371.279,
                    201.025,
                    0.850971
                ],
                [
                    337.982,
                    230.397,
                    0.844977
                ],
                [
                    324.308,
                    232.349,
                    0.854252
                ],
                [
                    317.407,
                    260.679,
                    0.900256
                ],
                [
                    331.103,
                    308.61,
                    0.816399
                ],
                [
                    348.793,
                    228.423,
                    0.823224
                ],
                [
                    364.361,
                    251.877,
                    0.894178
                ],
                [
                    378.1,
                    299.812,
                    0.821801
                ],
                [
                    310.574,
                    169.723,
                    0.86113
                ],
                [
                    318.409,
                    168.783,
                    0.917002
                ],
                [
                    0.0,
                    0.0,
                    0.0
                ],
                [
                    330.143,
                    160.91,
                    0.843422
                ],
                [
                    386.879,
                    308.586,
                    0.739024
                ],
                [
                    388.863,
                    303.732,
                    0.724567
                ],
                [
                    373.215,
                    303.743,
                    0.709351
                ],
                [
                    324.321,
                    324.281,
                    0.667179
                ],
                [
                    320.365,
                    321.362,
                    0.64485
                ],
                [
                    334.093,
                    310.588,
                    0.754113
                ]
            ],
            "isKeyframe": false
        },
        {
            "bbox": [
                186.6915,
                62.03481000000002,
                240.75750000000002,
                239.29029,
                0.8054368333333333
            ],
            "personID": 1,
            "keypoints": [
                [
                    212.743,
                    81.6782,
                    0.885047
                ],
                [
                    205.891,
                    97.362,
                    0.914346
                ],
                [
                    192.269,
                    100.269,
                    0.871263
                ],
                [
                    191.197,
                    126.686,
                    0.859849
                ],
                [
                    196.154,
                    145.314,
                    0.822971
                ],
                [
                    215.693,
                    94.4243,
                    0.905081
                ],
                [
                    222.527,
                    115.921,
                    0.628262
                ],
                [
                    228.408,
                    136.496,
                    0.27284
                ],
                [
                    214.69,
                    145.238,
                    0.838578
                ],
                [
                    206.905,
                    145.317,
                    0.828275
                ],
                [
                    214.763,
                    181.447,
                    0.854749
                ],
                [
                    214.747,
                    215.721,
                    0.882718
                ],
                [
                    221.575,
                    143.332,
                    0.795388
                ],
                [
                    222.548,
                    176.61,
                    0.825189
                ],
                [
                    223.499,
                    206.88,
                    0.886218
                ],
                [
                    207.871,
                    77.7953,
                    0.91308
                ],
                [
                    214.682,
                    76.8061,
                    0.871373
                ],
                [
                    200.05,
                    80.7055,
                    0.905381
                ],
                [
                    0.0,
                    0.0,
                    0.0
                ],
                [
                    236.252,
                    211.794,
                    0.779702
                ],
                [
                    236.227,
                    207.928,
                    0.763359
                ],
                [
                    222.517,
                    208.863,
                    0.695727
                ],
                [
                    223.529,
                    223.542,
                    0.808734
                ],
                [
                    217.673,
                    224.519,
                    0.754841
                ],
                [
                    213.746,
                    219.621,
                    0.767513
                ]
            ],
            "isKeyframe": false
        },
        {
            "bbox": [
                50.16091,
                163.83089999999999,
                146.43919,
                375.1881,
                0.55383385
            ],
            "personID": 2,
            "keypoints": [
                [
                    72.8867,
                    183.438,
                    0.803008
                ],
                [
                    66.0425,
                    223.554,
                    0.744418
                ],
                [
                    67.9882,
                    233.302,
                    0.729333
                ],
                [
                    106.134,
                    255.82,
                    0.857678
                ],
                [
                    97.3808,
                    235.274,
                    0.731583
                ],
                [
                    65.0613,
                    213.729,
                    0.542893
                ],
                [
                    89.5174,
                    245.061,
                    0.0560989
                ],
                [
                    0.0,
                    0.0,
                    0.0
                ],
                [
                    105.176,
                    293.979,
                    0.510291
                ],
                [
                    106.193,
                    293.983,
                    0.619615
                ],
                [
                    129.648,
                    337.968,
                    0.586188
                ],
                [
                    138.416,
                    357.573,
                    0.051099
                ],
                [
                    101.262,
                    293.985,
                    0.373212
                ],
                [
                    121.778,
                    334.077,
                    0.433696
                ],
                [
                    131.584,
                    357.575,
                    0.0535507
                ],
                [
                    67.0165,
                    181.444,
                    0.839586
                ],
                [
                    0.0,
                    0.0,
                    0.0
                ],
                [
                    58.1841,
                    191.247,
                    0.929092
                ],
                [
                    0.0,
                    0.0,
                    0.0
                ],
                [
                    0.0,
                    0.0,
                    0.0
                ],
                [
                    0.0,
                    0.0,
                    0.0
                ],
                [
                    0.0,
                    0.0,
                    0.0
                ],
                [
                    0.0,
                    0.0,
                    0.0
                ],
                [
                    0.0,
                    0.0,
                    0.0
                ],
                [
                    0.0,
                    0.0,
                    0.0
                ]
            ],
            "isKeyframe": false
        },
        {
            "bbox": [
                481.0707,
                107.88550000000001,
                583.1942999999999,
                380.2795,
                0.647469994117647
            ],
            "personID": 3,
            "keypoints": [
                [
                    0.0,
                    0.0,
                    0.0
                ],
                [
                    540.461,
                    184.395,
                    0.851587
                ],
                [
                    572.726,
                    184.416,
                    0.783296
                ],
                [
                    574.684,
                    237.192,
                    0.818327
                ],
                [
                    565.904,
                    266.58,
                    0.829329
                ],
                [
                    507.201,
                    184.361,
                    0.794174
                ],
                [
                    496.392,
                    231.356,
                    0.833248
                ],
                [
                    489.581,
                    269.495,
                    0.870513
                ],
                [
                    526.741,
                    273.415,
                    0.612846
                ],
                [
                    543.354,
                    276.343,
                    0.614549
                ],
                [
                    534.58,
                    324.291,
                    0.803632
                ],
                [
                    527.788,
                    357.58,
                    0.0819774
                ],
                [
                    508.191,
                    270.5,
                    0.579816
                ],
                [
                    501.33,
                    324.265,
                    0.810958
                ],
                [
                    494.474,
                    357.58,
                    0.0730585
                ],
                [
                    0.0,
                    0.0,
                    0.0
                ],
                [
                    519.919,
                    130.585,
                    0.103203
                ],
                [
                    559.027,
                    138.43,
                    0.685546
                ],
                [
                    525.806,
                    137.462,
                    0.86093
                ],
                [
                    0.0,
                    0.0,
                    0.0
                ],
                [
                    0.0,
                    0.0,
                    0.0
                ],
                [
                    0.0,
                    0.0,
                    0.0
                ],
                [
                    0.0,
                    0.0,
                    0.0
                ],
                [
                    0.0,
                    0.0,
                    0.0
                ],
                [
                    0.0,
                    0.0,
                    0.0
                ]
            ],
            "isKeyframe": false
        }
    ],
    "isKeyframe": false
}